num_acc;senc;catv;occutc;obs;obsm;choc;manv;num_veh
201500000001;0;33;0;0;2;1;1;A01
201500000001;0;7;0;0;2;5;20;B02
201500000002;0;30;0;12;2;3;17;A01
201500000002;0;7;0;0;2;3;23;B02
201500000003;0;30;0;0;2;1;1;B02
201500000003;0;7;0;0;2;4;1;A01
201500000004;0;7;0;0;2;1;1;A01
201500000004;0;2;0;0;2;1;13;B02
201500000005;0;7;0;0;1;0;1;A01
201500000006;0;7;0;0;2;1;1;B02
201500000006;0;7;0;7;2;5;19;A01
201500000007;0;7;0;0;2;1;11;A01
201500000007;0;7;0;0;2;1;1;B02
201500000008;0;7;0;0;2;3;13;A01
201500000008;0;7;0;0;2;3;1;B02
201500000009;0;7;0;0;2;1;1;A01
201500000009;0;7;0;0;2;8;15;B02
201500000010;0;31;0;0;2;1;0;B02
201500000010;0;10;0;0;0;3;15;A01
201500000011;0;7;0;0;2;7;19;A01
201500000011;0;33;0;0;2;1;1;B02
201500000012;0;33;0;0;2;1;1;B02
201500000012;0;10;0;0;2;3;15;A01
201500000013;0;2;0;0;2;1;1;A01
201500000013;0;7;0;0;2;3;15;B02
201500000014;0;7;0;0;2;1;19;B02
201500000014;0;7;0;0;0;2;1;A01
201500000015;0;7;0;0;2;1;9;A01
201500000015;0;31;0;0;2;7;17;B02
201500000016;0;7;0;8;0;2;1;A01
201500000017;0;7;0;0;2;2;2;B02
201500000017;0;7;0;0;2;4;2;A01
201500000018;0;33;0;0;2;1;17;A01
201500000018;0;7;0;0;2;4;15;B02
201500000019;0;33;0;0;2;2;1;B02
201500000019;0;7;0;0;2;1;10;A01
201500000020;0;7;0;0;2;1;1;B02
201500000020;0;7;0;0;2;2;1;C03
201500000020;0;7;0;0;9;0;1;D04
201500000020;0;7;0;0;2;1;0;A01
201500000021;0;7;0;0;2;3;1;A01
201500000021;0;7;0;0;2;8;19;B02
201500000022;0;7;0;13;0;1;0;A01
201500000023;0;7;0;0;0;1;0;A01
201500000023;0;30;0;0;0;7;0;B02
201500000024;0;10;0;0;2;1;1;A01
201500000024;0;31;0;0;2;7;15;B02
201500000025;0;7;0;0;1;5;1;A01
201500000026;0;7;0;0;1;3;1;A01
201500000027;0;7;0;0;2;1;1;B02
201500000027;0;7;0;0;2;1;13;A01
201500000028;0;7;0;13;0;1;1;A01
201500000029;0;30;0;0;2;8;0;A01
201500000030;0;7;0;0;2;1;1;A01
201500000030;0;7;0;0;2;2;19;B02
201500000031;0;7;0;6;0;1;1;A01
201500000032;2;7;0;0;2;3;17;A01
201500000032;0;7;0;0;2;1;2;B02
201500000033;0;21;0;0;0;9;1;A01
201500000034;0;10;0;0;2;1;19;A01
201500000034;0;7;0;0;0;8;1;B02
201500000035;0;7;0;0;2;1;13;A01
201500000035;0;7;0;0;2;1;1;B02
201500000036;0;14;0;0;2;1;1;B02
201500000036;0;7;0;0;2;1;5;A01
201500000037;0;7;0;0;2;1;1;B02
201500000037;0;7;0;0;2;8;15;A01
201500000038;0;14;0;0;1;7;16;A01
201500000039;0;7;0;0;2;8;19;A01
201500000039;0;7;0;0;2;1;1;B02
201500000040;0;7;0;0;2;1;1;B02
201500000040;0;7;0;0;2;3;19;A01
201500000041;0;7;0;8;0;7;14;A01
201500000042;0;33;0;0;0;0;17;A01
201500000043;0;7;0;13;0;1;14;A01
201500000044;0;33;0;13;0;1;1;A01
201500000045;0;7;0;0;2;1;19;A01
201500000045;0;7;0;0;0;8;1;B02
201500000046;0;7;0;13;0;9;1;A01
201500000047;0;10;0;0;2;1;1;B02
201500000047;0;7;0;0;2;3;21;C03
201500000047;0;7;0;0;2;1;13;A01
201500000048;0;33;0;0;2;1;17;A01
201500000048;0;99;0;0;2;3;15;B02
201500000049;0;35;0;0;2;3;13;A01
201500000049;0;7;0;0;2;7;1;C03
201500000049;0;7;0;0;2;3;1;B02
201500000050;0;7;0;0;2;2;17;A01
201500000050;0;7;0;0;2;7;1;C03
201500000050;0;7;0;0;2;6;2;B02
201500000051;0;7;0;0;1;3;1;A01
201500000052;0;30;0;0;2;1;5;A01
201500000052;0;7;0;0;2;2;1;B02
201500000053;0;7;0;13;0;2;14;A01
201500000054;0;10;0;8;0;1;1;A01
201500000055;0;33;0;0;2;1;21;B02
201500000055;0;7;0;0;2;3;10;A01
201500000056;0;37;0;0;1;3;1;A01
201500000057;0;7;0;0;1;3;1;A01
201500000058;0;7;0;13;0;1;1;A01
201500000059;0;14;0;0;0;3;1;B02
201500000059;0;7;0;0;0;3;13;A01
201500000060;0;7;0;6;0;1;1;A01
201500000061;0;7;0;2;0;1;19;A01
201500000062;0;7;0;0;2;7;17;A01
201500000062;0;1;0;0;2;8;1;B02
201500000063;0;7;0;0;2;3;1;B02
201500000063;0;7;0;0;2;3;13;A01
201500000064;0;7;0;0;1;2;2;A01
201500000065;0;7;0;13;0;4;1;A01
201500000066;0;7;0;6;0;2;13;A01
201500000067;0;7;0;0;2;8;15;B02
201500000067;0;36;0;0;2;1;1;A01
201500000068;0;7;0;0;2;8;2;B02
201500000068;0;7;0;8;2;8;2;A01
201500000069;0;7;0;0;2;1;1;B02
201500000069;0;7;0;0;2;7;13;A01
201500000070;0;33;0;13;0;1;1;A01
201500000071;0;7;0;0;2;2;1;B02
201500000071;0;7;0;0;2;2;13;A01
201500000072;0;7;0;0;1;6;4;A01
201500000073;0;7;0;0;2;1;1;C03
201500000073;2;7;0;0;2;1;6;A01
201500000073;0;7;0;0;2;1;1;B02
201500000074;0;10;0;0;2;3;15;A01
201500000074;0;33;0;0;2;1;1;B02
201500000075;0;2;0;0;2;7;1;B02
201500000075;0;7;0;0;2;3;16;A01
201500000076;0;33;0;0;0;1;1;A01
201500000077;0;7;0;0;0;3;0;A01
201500000077;0;33;0;0;0;3;0;B02
201500000078;0;7;0;0;2;1;5;A01
201500000078;0;7;0;0;2;1;1;B02
201500000079;0;7;0;13;0;3;1;A01
201500000080;0;7;0;13;0;1;1;A01
201500000081;0;7;0;0;2;1;15;A01
201500000081;0;10;0;0;2;1;1;B02
201500000082;0;2;0;0;4;6;1;A01
201500000082;0;39;0;0;2;3;1;B02
201500000083;0;7;0;2;0;1;1;A01
201500000084;0;7;0;13;0;1;1;A01
201500000085;0;99;0;11;0;1;1;A01
201500000086;0;30;0;12;0;1;1;A01
201500000087;0;33;0;8;0;1;1;A01
201500000088;0;7;0;0;2;1;1;A01
201500000088;0;7;0;0;2;1;1;B02
201500000089;0;7;0;6;0;1;1;A01
201500000090;0;33;0;0;2;1;17;A01
201500000090;0;10;0;0;2;3;15;B02
201500000091;0;7;0;0;1;1;15;A01
201500000092;0;7;0;0;2;2;1;A01
201500000092;0;1;0;0;2;3;13;B02
201500000093;0;32;0;0;9;3;1;A01
201500000093;0;1;0;0;2;1;0;B02
201500000094;0;7;0;8;0;1;1;A01
201500000095;0;33;0;12;0;1;1;A01
201500000096;0;7;0;0;1;3;9;A01
201500000097;0;1;0;0;2;8;1;B02
201500000097;0;14;0;0;2;3;16;A01
201500000098;0;7;0;0;2;3;15;A01
201500000098;0;33;0;0;2;1;17;B02
201500000099;0;7;0;0;2;1;0;B02
201500000099;0;7;0;0;2;3;0;C03
201500000099;0;7;0;0;2;1;5;A01
201500000100;0;7;0;13;0;1;1;A01
201500000101;0;21;0;0;2;6;15;B02
201500000101;0;7;0;0;2;1;2;A01
201500000102;0;1;0;0;2;4;2;B02
201500000102;0;7;0;0;9;2;2;A01
201500000103;0;7;0;8;0;7;0;A01
201500000104;0;7;0;1;0;1;0;A01
201500000105;0;7;0;0;2;3;1;A01
201500000105;0;7;0;0;0;3;1;B02
201500000106;0;7;0;0;0;7;10;A01
201500000106;0;7;0;0;2;1;1;B02
201500000107;0;7;0;0;0;1;1;A01
201500000107;0;15;0;0;0;1;1;B02
201500000108;0;7;0;14;0;9;1;A01
201500000109;0;30;0;0;2;1;1;A01
201500000109;0;7;0;0;2;1;13;B02
201500000110;0;1;0;0;0;8;2;B02
201500000110;0;21;0;0;2;5;17;A01
201500000111;0;7;0;0;2;1;1;B02
201500000111;0;7;0;0;2;1;1;A01
201500000112;0;7;0;13;0;1;13;A01
201500000113;0;30;0;0;2;1;1;A01
201500000114;0;7;0;0;1;3;1;A01
201500000115;0;7;0;6;0;1;15;A01
201500000116;0;7;0;0;1;2;1;A01
201500000117;0;7;0;13;0;1;1;A01
201500000118;0;7;0;13;0;3;0;A01
201500000119;0;7;0;0;2;0;15;A01
201500000119;0;7;0;0;2;8;0;B02
201500000120;1;1;0;0;1;0;0;A01
201500000121;0;33;0;0;2;7;21;B02
201500000121;0;7;0;0;2;3;19;A01
201500000122;0;36;0;0;0;7;10;A01
201500000123;0;7;0;0;2;1;13;A01
201500000123;0;10;0;0;2;3;1;B02
201500000124;0;7;0;0;2;6;1;B02
201500000124;0;7;0;0;2;2;9;A01
201500000125;0;7;0;0;2;1;1;B02
201500000125;0;7;0;0;2;2;13;A01
201500000126;0;30;0;0;2;1;1;A01
201500000126;0;7;0;0;0;6;16;B02
201500000127;0;33;0;0;2;1;1;B02
201500000127;0;10;0;0;2;3;15;A01
201500000128;0;7;0;15;1;2;1;A01
201500000129;0;7;0;15;0;2;0;A01
201500000130;0;7;0;0;9;1;1;B02
201500000130;0;33;0;16;0;0;16;A01
201500000131;0;7;0;0;2;8;2;C03
201500000131;0;7;0;0;2;1;1;B02
201500000131;0;7;0;0;2;1;5;A01
201500000132;0;7;0;0;2;7;1;A01
201500000132;0;7;0;0;2;1;1;B02
201500000133;0;7;0;0;2;1;1;B02
201500000133;0;7;0;0;2;1;1;A01
201500000134;0;7;0;0;1;2;19;A01
201500000135;0;7;0;13;0;3;1;A01
201500000136;0;7;0;0;2;3;1;A01
201500000136;0;7;0;0;2;3;1;B02
201500000137;0;30;0;6;0;1;1;A01
201500000138;0;14;0;0;2;3;1;A01
201500000138;0;7;0;0;2;1;15;B02
201500000139;0;33;0;15;0;1;1;A01
201500000140;0;7;0;1;1;2;1;A01
201500000141;0;7;0;0;0;8;1;A01
201500000142;0;30;0;0;1;1;21;A01
201500000143;0;30;0;0;0;8;0;A01
201500000144;0;7;0;0;1;3;1;A01
201500000145;0;10;0;0;1;2;1;A01
201500000146;0;7;0;1;0;3;9;A01
201500000146;0;30;0;0;2;1;1;B02
201500000147;0;7;0;0;2;1;13;B02
201500000147;0;7;0;0;2;8;1;A01
201500000148;0;10;0;0;1;7;1;A01
201500000149;0;7;0;1;1;5;4;A01
201500000150;0;31;0;6;0;1;1;A01
201500000151;0;7;0;0;1;2;16;A01
201500000152;0;7;0;0;1;2;1;A01
201500000153;0;7;0;6;0;3;1;A01
201500000154;0;2;0;0;0;8;15;A01
201500000154;0;7;0;0;2;3;1;B02
201500000155;0;7;0;0;2;8;24;C03
201500000155;0;7;0;1;0;2;1;A01
201500000155;0;10;0;0;2;6;24;B02
201500000156;0;7;0;8;2;8;19;A01
201500000156;0;17;0;0;2;1;1;B02
201500000157;0;7;0;0;2;3;1;B02
201500000157;0;7;0;0;2;3;1;A01
201500000158;0;7;0;0;2;5;1;B02
201500000158;0;7;0;13;2;3;2;A01
201500000159;0;7;0;0;2;1;13;A01
201500000159;0;7;0;0;2;1;1;B02
201500000160;0;7;0;0;2;6;16;B02
201500000160;0;7;0;0;2;1;1;A01
201500000161;0;7;0;0;2;3;1;A01
201500000161;0;7;0;0;2;3;1;B02
201500000162;0;7;0;0;2;8;13;A01
201500000162;0;21;0;0;2;8;1;B02
201500000163;0;7;0;6;0;2;1;A01
201500000164;0;7;0;0;2;3;1;B02
201500000164;0;7;0;0;2;3;5;A01
201500000165;0;7;0;0;2;1;13;A01
201500000165;0;7;0;0;2;3;1;B02
201500000166;0;99;0;0;1;1;1;A01
201500000167;0;7;0;14;1;3;0;A01
201500000168;0;7;0;13;0;1;13;A01
201500000169;0;7;0;0;2;1;13;B02
201500000169;0;7;0;0;2;1;0;A01
201500000170;0;7;0;14;0;1;1;A01
201500000171;0;32;0;0;2;1;2;A01
201500000171;0;7;0;0;2;4;2;B02
201500000172;0;10;0;0;2;4;2;B02
201500000172;0;7;0;0;0;5;2;E05
201500000172;0;15;0;0;2;3;2;A01
201500000172;0;7;0;0;0;4;2;D04
201500000172;0;7;0;0;2;4;2;C03
201500000173;0;31;0;0;2;1;1;A01
201500000173;0;7;0;0;0;8;15;B02
201500000174;0;30;0;0;2;1;1;B02
201500000174;0;7;0;0;2;8;9;A01
201500000175;0;7;0;0;1;3;1;A01
201500000176;0;7;0;0;2;3;15;B02
201500000176;0;33;0;0;2;1;17;A01
201500000177;0;7;0;0;1;1;1;A01
201500000178;0;33;0;0;0;0;0;A01
201500000179;0;31;0;0;0;0;14;A01
201500000180;0;7;0;1;0;7;1;A01
201500000181;0;33;0;0;2;7;1;A01
201500000181;0;7;0;0;0;1;15;B02
201500000182;0;10;0;0;2;3;0;B02
201500000182;0;10;0;0;2;2;1;A01
201500000183;0;10;0;0;2;3;13;A01
201500000183;0;3;0;0;2;1;1;B02
201500000184;0;7;0;8;0;8;1;A01
201500000185;0;7;0;13;0;3;13;A01
201500000186;0;7;0;0;2;3;13;A01
201500000186;0;37;0;0;2;3;1;B02
201500000187;0;7;0;0;2;1;13;A01
201500000187;0;20;0;0;2;1;1;B02
201500000188;0;31;0;13;0;1;1;A01
201500000189;0;33;0;0;2;8;1;B02
201500000189;0;7;0;0;2;8;1;A01
201500000190;0;7;0;0;2;2;2;A01
201500000190;0;1;0;0;0;4;0;B02
201500000191;0;7;0;0;2;3;0;B02
201500000191;0;10;0;0;2;2;19;A01
201500000192;0;20;0;0;2;4;1;B02
201500000192;0;7;0;0;2;4;1;A01
201500000192;0;7;0;0;2;1;1;C03
201500000193;0;7;0;0;2;7;1;A01
201500000193;0;7;0;0;2;3;15;B02
201500000194;0;7;0;2;0;3;1;A01
201500000195;0;7;0;3;2;4;1;A01
201500000195;0;7;0;5;2;1;2;B02
201500000196;0;7;0;0;5;5;20;A01
201500000196;0;7;0;0;2;3;21;B02
201500000196;0;7;0;0;2;5;21;C03
201500000197;0;7;0;0;0;1;1;A01
201500000198;0;7;0;0;2;2;17;A01
201500000198;0;7;0;0;0;6;2;B02
201500000199;0;7;0;4;0;3;13;A01
201500000199;0;7;0;14;2;3;1;B02
201500000200;0;7;0;4;0;2;1;A01
201500000201;0;7;0;0;2;3;9;A01
201500000201;0;14;0;0;2;2;1;B02
201500000202;0;7;0;3;0;3;2;A01
201500000203;0;7;0;0;2;7;13;A01
201500000203;0;7;0;0;2;2;1;B02
201500000204;0;33;0;0;0;3;1;A01
201500000205;0;7;0;2;0;1;0;A01
201500000206;0;7;0;0;2;1;1;A01
201500000206;0;7;0;0;2;3;1;B02
201500000207;0;10;0;0;0;3;1;A01
201500000207;0;21;0;0;0;2;1;B02
201500000208;0;33;0;0;0;7;1;A01
201500000209;0;7;0;0;0;2;1;A01
201500000209;0;1;0;0;2;1;1;B02
201500000210;0;33;0;2;0;1;1;A01
201500000211;0;7;0;0;2;3;13;A01
201500000211;0;7;0;0;2;3;1;B02
201500000212;0;33;0;0;2;0;17;A01
201500000212;0;7;0;0;2;0;17;B02
201500000213;0;7;0;0;2;3;13;A01
201500000213;0;7;0;0;2;8;1;B02
201500000214;0;10;0;0;2;8;19;B02
201500000214;0;7;0;0;2;1;1;A01
201500000215;0;7;0;0;2;1;1;A01
201500000215;0;3;0;0;2;4;1;B02
201500000216;0;7;0;0;2;1;5;A01
201500000216;0;7;0;0;2;1;1;B02
201500000217;0;7;0;0;2;2;1;A01
201500000217;0;14;0;0;2;7;13;B02
201500000218;0;7;0;0;2;8;15;A01
201500000218;0;1;0;0;2;1;17;B02
201500000219;0;31;0;12;0;1;1;A01
201500000220;0;7;0;0;2;3;1;A01
201500000220;0;15;0;0;2;6;1;B02
201500000221;0;7;0;0;0;4;1;A01
201500000221;0;7;0;0;2;1;17;B02
201500000222;0;7;0;0;2;8;1;B02
201500000222;0;7;0;0;2;1;1;C03
201500000222;0;7;0;0;2;2;1;A01
201500000223;0;7;0;0;2;2;10;A01
201500000223;0;33;0;0;2;1;1;B02
201500000224;0;7;0;0;2;8;1;B02
201500000224;0;7;0;0;2;1;1;A01
201500000225;0;33;0;0;2;1;1;A01
201500000225;0;10;0;0;2;5;15;B02
201500000225;0;7;0;0;2;3;1;C03
201500000226;0;7;0;0;1;2;1;A01
201500000227;0;7;0;0;0;9;17;A01
201500000228;0;7;0;0;2;1;1;A01
201500000228;0;7;0;0;2;8;15;B02
201500000229;0;10;0;0;2;3;13;A01
201500000229;0;20;0;0;2;3;13;B02
201500000230;0;7;0;0;2;1;1;A01
201500000230;0;7;0;0;2;1;1;B02
201500000230;0;7;0;0;2;3;15;C03
201500000230;0;15;0;0;2;9;1;D04
201500000231;0;7;0;0;2;7;19;B02
201500000231;0;7;0;0;2;1;1;A01
201500000232;0;10;0;0;2;8;15;A01
201500000232;0;10;0;0;2;1;17;B02
201500000233;0;33;0;0;0;1;1;A01
201500000234;0;7;0;6;0;1;1;A01
201500000235;0;7;0;0;2;1;1;A01
201500000235;0;2;0;0;2;7;19;B02
201500000236;0;30;0;9;0;2;1;A01
201500000237;0;33;0;0;0;0;17;A01
201500000238;0;33;0;0;0;2;0;A01
201500000238;0;2;0;0;0;6;0;B02
201500000239;0;7;0;0;1;1;1;A01
201500000240;0;7;0;0;4;7;0;A01
201500000240;0;39;2;0;2;1;0;B02
201500000241;0;7;0;0;2;2;2;A01
201500000241;0;30;0;0;2;8;2;B02
201500000242;0;7;0;13;0;9;1;A01
201500000243;0;7;0;0;2;6;1;A01
201500000243;0;7;0;0;2;1;19;B02
201500000244;0;7;0;0;2;3;5;A01
201500000244;0;32;0;0;2;3;13;B02
201500000245;0;7;0;13;0;9;1;A01
201500000246;0;1;0;1;0;1;1;A01
201500000247;0;7;0;0;2;2;2;A01
201500000247;0;20;0;0;2;6;1;B02
201500000248;0;7;0;0;2;1;1;A01
201500000248;0;1;0;0;2;8;17;B02
201500000249;0;7;0;0;2;1;0;B01
201500000249;0;7;0;0;2;7;19;A01
201500000250;1;7;0;0;1;0;0;A01
201500000251;0;7;0;12;0;9;2;A01
201500000252;0;2;0;0;2;3;1;A01
201500000252;0;10;0;0;2;3;2;B02
201500000253;0;7;0;0;2;1;13;A01
201500000253;0;7;0;0;2;1;0;B02
201500000254;0;33;0;0;2;1;1;A01
201500000254;0;7;0;0;2;3;15;B02
201500000255;0;31;0;2;0;2;1;A01
201500000256;0;7;0;16;0;1;1;A01
201500000257;0;17;0;0;2;2;1;A01
201500000257;0;7;0;0;2;5;1;B02
201500000258;0;10;0;2;0;3;1;A01
201500000259;1;99;0;0;2;1;1;A01
201500000259;0;1;0;0;2;4;1;B02
201500000260;0;7;0;0;2;6;15;A01
201500000260;0;33;0;0;2;1;17;B02
201500000261;0;2;0;0;0;0;0;A01
201500000262;0;7;0;2;0;1;0;A01
201500000263;0;7;0;0;9;7;1;A01
201500000263;0;1;0;0;2;1;1;B02
201500000264;0;7;0;1;1;2;21;A01
201500000265;0;33;0;0;0;1;1;A01
201500000266;0;32;0;0;2;2;1;A01
201500000266;0;7;0;0;2;3;1;B02
201500000267;0;30;0;0;2;1;1;B02
201500000267;0;7;0;0;2;2;15;A01
201500000268;0;7;0;0;1;2;1;A01
201500000269;0;7;0;2;0;3;1;A01
201500000270;0;7;0;0;2;2;1;A01
201500000270;0;30;0;0;2;4;15;B02
201500000271;0;7;0;6;0;3;1;A01
201500000272;0;3;0;0;2;2;13;A01
201500000272;0;7;0;0;2;3;15;B02
201500000273;0;33;0;0;0;0;1;A01
201500000274;0;7;0;3;2;6;17;A01
201500000274;0;7;0;3;2;6;1;B02
201500000275;0;33;0;0;2;1;3;A01
201500000275;0;7;0;0;2;2;11;B02
201500000275;0;7;0;0;2;6;1;C03
201500000276;0;7;0;2;0;2;1;A01
201500000277;0;7;0;0;2;7;15;A01
201500000277;0;7;0;0;2;1;1;B02
201500000278;0;33;0;0;2;1;2;A01
201500000278;0;7;0;0;9;8;15;B02
201500000279;0;7;0;0;0;2;1;A01
201500000279;0;7;0;0;0;3;0;B02
201500000280;0;7;0;0;2;3;1;A01
201500000280;0;14;0;0;2;3;1;B02
201500000281;0;7;0;2;0;1;1;A01
201500000282;0;7;0;13;0;3;13;A01
201500000283;0;7;0;13;0;0;1;A01
201500000284;0;33;0;0;2;2;21;A01
201500000284;0;7;0;0;2;3;10;B02
201500000285;0;7;0;0;2;7;0;A01
201500000285;0;7;0;0;2;1;0;B02
201500000286;0;7;0;1;0;3;2;A01
201500000286;0;33;0;0;0;4;0;B02
201500000287;0;2;0;8;0;1;0;A01
201500000288;0;10;0;0;1;1;1;A01
201500000289;0;15;0;0;1;4;23;A01
201500000289;0;7;0;0;2;1;1;B02
201500000290;0;36;0;1;0;3;0;A01
201500000291;0;10;0;0;1;7;1;A01
201500000292;0;7;0;0;0;0;0;A01
201500000293;0;31;0;0;0;7;16;A01
201500000293;0;31;0;0;0;1;1;B02
201500000294;0;33;0;0;9;1;1;A01
201500000295;0;2;0;0;2;1;1;A01
201500000295;0;17;0;0;2;1;1;B02
201500000296;0;7;0;0;2;7;15;A01
201500000296;0;2;0;0;2;1;1;B02
201500000297;0;7;0;2;0;1;1;A01
201500000298;0;7;0;0;1;2;17;A01
201500000299;0;7;0;0;2;3;19;A01
201500000299;0;7;0;0;2;2;1;B02
201500000300;0;99;0;0;0;5;0;A01
201500000301;0;7;0;0;2;2;1;A01
201500000301;0;31;0;0;2;8;19;B02
201500000302;0;2;0;0;2;1;5;A01
201500000302;0;7;0;0;2;3;1;B02
201500000303;0;7;0;0;9;3;1;A01
201500000303;0;1;0;0;2;1;19;B02
201500000304;0;14;0;0;2;1;15;A01
201500000304;0;30;0;0;2;7;1;B02
201500000305;0;7;0;6;0;2;0;A01
201500000306;0;7;0;0;2;3;13;A01
201500000306;0;7;0;0;2;3;0;B02
201500000307;0;7;0;0;2;3;13;A01
201500000307;0;7;0;0;2;3;1;B02
201500000308;0;36;0;1;0;1;21;A01
201500000309;0;7;0;6;0;3;13;A01
201500000310;0;7;0;12;0;1;1;A01
201500000311;0;32;0;0;2;2;2;A01
201500000311;0;7;0;0;2;6;2;B02
201500000312;0;36;0;1;0;1;1;A01
201500000313;0;7;0;0;0;3;0;A01
201500000313;0;2;0;0;0;0;0;B02
201500000314;0;7;0;2;0;9;1;A01
201500000315;0;30;0;0;2;1;1;A01
201500000315;0;14;0;0;2;1;1;B02
201500000316;0;7;0;0;2;7;13;A01
201500000316;0;15;0;0;2;1;1;B02
201500000317;0;14;0;0;0;8;1;A01
201500000318;0;7;0;0;2;1;13;A01
201500000318;0;7;0;0;2;1;1;B02
201500000319;0;7;0;6;0;1;1;A01
201500000320;0;30;0;0;2;1;13;A01
201500000320;0;7;0;0;2;3;13;B02
201500000321;0;7;0;0;9;7;1;A01
201500000321;0;1;0;0;2;1;9;B02
201500000322;0;7;0;0;2;1;13;A01
201500000322;0;7;0;0;2;1;1;B02
201500000323;0;7;0;2;0;1;1;A01
201500000324;0;7;0;2;0;1;13;A01
201500000325;0;7;0;0;2;8;19;B02
201500000325;0;15;0;0;2;1;1;A01
201500000326;0;10;0;13;0;1;1;A01
201500000327;0;33;0;15;0;1;1;A01
201500000328;0;33;0;0;2;2;1;A01
201500000328;0;7;0;0;2;2;15;B02
201500000329;0;33;0;0;2;1;17;A01
201500000329;0;7;0;0;2;3;15;B02
201500000330;0;7;0;0;2;1;1;A01
201500000330;0;7;0;0;2;4;1;B02
201500000331;0;33;0;0;2;1;2;A01
201500000331;0;7;0;0;2;4;2;B02
201500000332;0;7;0;0;2;0;0;A01
201500000332;0;7;0;0;2;1;0;B02
201500000333;0;7;0;0;1;1;1;A01
201500000334;0;7;0;0;2;7;1;A01
201500000334;0;33;0;0;2;1;1;B02
201500000335;0;21;0;0;0;0;1;A01
201500000336;0;30;0;6;0;1;1;A01
201500000337;0;10;0;0;2;1;9;A01
201500000337;0;17;0;0;0;2;1;B02
201500000338;0;7;0;0;1;1;1;A01
201500000339;0;7;0;0;2;7;15;A01
201500000339;0;7;0;0;2;1;1;B02
201500000340;0;7;0;0;2;1;9;A01
201500000340;0;1;0;0;0;7;1;B02
201500000341;0;7;0;0;1;2;1;A01
201500000342;0;31;0;0;0;7;1;A01
201500000343;0;7;0;0;1;5;4;A01
201500000344;0;7;0;0;1;2;1;A01
201500000345;0;7;0;13;0;1;13;A01
201500000346;0;7;0;0;5;1;0;A01
201500000347;0;33;0;9;0;1;0;A01
201500000348;0;7;0;0;2;3;24;A01
201500000348;0;1;0;1;0;1;1;B02
201500000349;0;10;0;0;1;4;4;A01
201500000350;0;2;0;0;0;7;1;A01
201500000350;0;7;0;0;0;1;9;B02
201500000351;0;7;0;0;2;1;13;A01
201500000351;0;10;0;0;2;1;1;B02
201500000352;0;14;0;0;2;1;1;A01
201500000352;0;7;0;0;2;8;9;B02
201500000353;0;7;0;0;2;1;1;B02
201500000353;0;7;0;0;2;1;5;A01
201500000354;0;2;0;0;0;3;10;A01
201500000354;0;7;0;0;0;2;17;B02
201500000355;0;7;0;0;2;1;9;A01
201500000355;0;7;0;0;0;4;23;B02
201500000356;0;7;0;0;2;6;1;D04
201500000356;0;10;0;0;2;6;15;C03
201500000356;0;7;0;0;2;2;17;A01
201500000356;0;7;0;0;2;1;1;E05
201500000356;0;7;0;0;2;6;1;B02
201500000357;0;15;0;0;2;2;1;B02
201500000357;0;7;0;0;2;3;15;A01
201500000358;0;7;0;8;0;2;14;A01
201500000359;0;2;0;12;0;8;14;A01
201500000360;0;7;0;0;2;3;1;C03
201500000360;0;7;0;0;2;3;1;B02
201500000360;0;7;0;0;2;1;13;A01
201500000361;0;7;0;16;0;9;14;A01
201500000362;0;7;0;0;2;3;1;B02
201500000362;0;7;0;0;2;1;13;A01
201500000363;0;7;0;0;1;4;1;B02
201500000363;0;7;0;0;2;1;2;A01
201500000364;0;7;0;0;0;3;16;A01
201500000364;0;7;0;0;2;1;1;B02
201500000365;0;7;0;13;0;9;13;A01
201500000366;0;7;0;13;0;3;13;A01
201500000367;0;31;0;16;0;0;13;A01
201500000368;0;7;0;8;0;1;13;A01
201500000369;0;7;0;0;0;5;15;B02
201500000369;0;7;0;0;2;3;2;A01
201500000370;0;7;0;2;0;8;14;A01
201500000371;0;33;0;8;0;2;14;A01
201500000372;0;30;0;0;0;8;1;A01
201500000373;0;7;0;6;0;1;13;A01
201500000374;0;7;0;0;2;8;1;B01
201500000374;0;7;0;0;2;2;9;A02
201500000375;0;7;0;0;2;1;1;B02
201500000375;0;7;0;0;2;7;13;A01
201500000376;0;17;0;0;2;3;1;A01
201500000376;0;99;0;0;0;2;9;B02
201500000377;0;33;0;13;0;1;17;A01
201500000378;0;7;0;16;0;9;13;A01
201500000379;0;10;0;8;0;1;14;A01
201500000380;0;1;0;0;2;8;1;A01
201500000380;0;7;0;0;9;1;19;B02
201500000381;0;7;0;2;0;1;14;A01
201500000382;0;2;0;0;2;1;1;B02
201500000382;0;10;0;0;2;3;17;A01
201500000383;0;7;0;0;2;1;13;A01
201500000383;0;7;0;0;2;1;1;B02
201500000384;0;33;0;13;0;1;13;A01
201500000385;0;7;0;0;2;1;1;B02
201500000385;0;21;0;0;2;0;1;A01
201500000386;0;7;0;2;0;0;14;A01
201500000387;0;7;0;0;1;1;1;A01
201500000388;0;7;0;0;2;1;13;A01
201500000388;0;7;0;0;2;1;1;B02
201500000389;0;1;0;0;2;8;1;A01
201500000389;0;7;0;0;2;0;17;B02
201500000390;0;7;0;8;0;7;14;A01