num_acc;senc;catv;occutc;obs;obsm;choc;manv;num_veh
201500000391;0;2;0;0;2;1;1;A01
201500000391;0;7;0;0;0;3;1;B02
201500000392;0;7;0;0;2;3;13;A01
201500000392;0;7;0;0;2;7;17;B02
201500000393;0;7;0;0;1;2;1;A01
201500000394;0;17;0;0;2;2;19;B02
201500000394;0;7;0;0;2;3;1;A01
201500000395;0;33;0;8;0;1;14;A01
201500000396;0;7;0;0;2;1;1;B02
201500000396;0;7;0;0;2;1;13;A01
201500000397;0;7;0;0;2;1;1;B02
201500000397;0;7;0;0;0;8;13;A01
201500000398;0;33;0;0;2;2;17;A01
201500000398;0;7;0;0;2;6;1;B02
201500000399;0;7;0;0;2;1;1;B02
201500000399;0;7;0;0;2;1;13;A01
201500000400;0;7;0;0;2;1;1;B02
201500000400;0;7;0;0;2;1;13;A01
201500000401;0;7;0;0;1;3;1;A01
201500000402;0;7;0;16;0;9;13;A01
201500000403;0;7;0;0;2;1;1;A01
201500000403;0;33;0;0;2;7;1;B02
201500000404;0;10;0;0;2;3;13;A01
201500000404;0;7;0;0;2;3;1;B02
201500000405;0;7;0;6;0;1;14;A01
201500000406;0;7;0;0;5;2;1;A01
201500000406;0;99;0;;;4;2;B02
201500000407;0;7;0;0;1;1;21;A01
201500000408;0;14;0;0;1;7;9;A01
201500000409;0;7;0;0;2;2;15;A01
201500000409;0;7;0;0;2;1;1;B02
201500000410;0;10;0;0;2;1;13;A01
201500000410;0;7;0;0;2;1;1;B02
201500000411;0;10;0;0;9;1;1;A01
201500000411;0;1;0;0;2;4;1;B02
201500000412;0;7;0;8;0;1;13;A01
201500000413;0;7;0;0;2;9;1;B02
201500000413;0;7;0;0;2;2;19;A01
201500000414;0;7;0;0;2;1;13;A01
201500000414;0;7;0;0;2;1;14;B02
201500000415;0;33;0;0;2;1;1;A01
201500000415;0;7;0;0;2;5;15;B02
201500000416;0;7;0;0;2;3;1;B02
201500000416;0;7;0;0;2;3;13;A01
201500000417;0;7;0;0;0;5;1;A01
201500000417;0;33;0;0;2;1;2;B02
201500000418;0;7;0;0;2;1;1;B02
201500000418;0;7;0;0;2;4;5;A01
201500000419;0;7;0;0;2;1;1;A01
201500000419;0;7;0;0;0;4;2;B02
201500000420;0;30;0;0;2;1;1;B02
201500000420;0;10;0;0;1;6;1;A01
201500000421;0;7;0;0;2;1;13;A01
201500000421;0;15;0;0;2;1;1;B02
201500000422;0;33;0;0;6;1;1;A01
201500000423;0;7;0;0;2;1;13;A01
201500000423;0;14;0;0;2;3;1;B02
201500000424;0;30;0;13;0;1;1;A01
201500000425;0;7;0;0;2;1;1;B02
201500000425;0;7;0;0;2;7;19;A01
201500000426;0;7;0;13;0;9;13;A01
201500000427;0;7;0;2;0;8;13;A01
201500000428;0;7;0;0;2;1;1;B02
201500000428;0;38;1;0;2;3;15;A01
201500000429;0;7;0;0;1;2;15;A01
201500000430;1;7;0;0;1;2;1;A01
201500000431;0;7;0;0;1;2;1;A01
201500000432;0;10;0;0;2;8;1;B02
201500000432;0;7;0;6;2;1;13;A01
201500000433;0;3;0;8;0;2;14;A01
201500000434;0;3;0;0;1;2;14;A01
201500000435;0;33;0;0;0;0;1;A01
201500000436;0;7;0;0;2;1;2;A01
201500000436;0;32;0;0;2;4;2;B02
201500000436;0;7;0;0;2;1;1;C03
201500000437;0;7;0;0;2;1;13;A01
201500000437;0;7;0;0;2;1;1;B02
201500000438;0;10;0;13;0;1;1;A01
201500000439;0;7;0;0;2;3;19;A01
201500000439;0;33;0;0;2;1;1;B02
201500000440;0;7;0;6;0;3;13;A01
201500000441;0;10;0;0;2;7;19;A01
201500000441;0;10;0;0;2;1;1;B02
201500000442;0;14;0;0;0;0;1;A01
201500000443;0;7;0;0;2;2;17;A01
201500000443;0;1;0;0;0;4;1;B02
201500000444;0;7;0;0;2;3;1;A01
201500000444;0;1;0;0;2;3;13;B02
201500000445;0;7;0;0;2;1;1;A01
201500000445;0;7;0;0;2;4;1;B02
201500000445;0;7;0;0;0;5;1;C03
201500000445;0;7;0;0;2;8;1;D04
201500000446;0;7;0;1;0;1;14;A01
201500000447;0;7;0;0;2;3;13;A01
201500000447;0;7;0;0;2;3;1;B02
201500000448;0;7;0;0;2;1;1;B02
201500000448;0;7;0;0;2;1;1;A01
201500000449;0;33;0;0;0;1;17;A01
201500000450;0;7;0;0;2;1;13;A01
201500000450;0;7;0;0;2;1;1;B02
201500000451;0;33;0;0;2;1;17;A01
201500000451;0;10;0;0;2;8;1;B02
201500000452;0;7;0;0;2;2;1;B02
201500000452;0;10;0;0;0;0;0;A01
201500000453;0;30;0;14;0;0;1;A01
201500000454;0;33;0;12;0;1;0;A01
201500000455;0;7;0;0;0;3;1;A01
201500000455;0;15;0;0;0;8;0;B02
201500000456;0;7;0;1;0;3;5;A01
201500000457;0;7;0;2;0;7;13;A01
201500000458;0;7;0;13;0;4;0;A01
201500000459;0;33;0;12;0;1;1;A01
201500000460;0;10;0;2;0;2;13;A01
201500000461;0;7;0;0;2;1;1;A01
201500000461;0;7;0;0;2;1;1;B02
201500000462;0;7;0;0;1;0;21;A01
201500000463;0;7;0;13;0;2;1;A01
201500000464;0;7;0;0;2;2;0;A01
201500000464;0;7;0;0;2;1;13;B02
201500000465;0;7;0;0;2;0;0;A01
201500000465;0;7;0;0;2;0;0;B02
201500000466;0;30;0;1;2;1;17;A01
201500000466;0;10;0;0;2;1;24;B02
201500000466;0;7;0;0;0;6;2;C03
201500000467;0;14;0;0;9;1;16;A01
201500000467;0;1;0;0;2;1;18;B02
201500000468;0;2;0;0;1;3;17;A01
201500000469;0;7;0;0;1;2;1;A01
201500000470;0;7;0;0;0;9;1;A01
201500000471;0;7;0;0;2;2;2;A01
201500000471;0;3;0;0;0;5;1;B02
201500000471;0;7;0;0;2;1;5;C03
201500000471;0;7;0;0;0;8;0;D04
201500000472;0;7;0;0;0;0;16;A01
201500000472;0;33;0;0;0;0;21;B02
201500000473;0;7;0;0;9;3;1;B02
201500000473;0;1;0;0;2;1;1;A01
201500000474;0;34;0;2;0;7;13;A01
201500000475;0;7;0;0;1;1;16;A01
201500000476;0;7;0;0;2;2;15;A01
201500000476;0;7;0;0;2;3;1;B02
201500000477;0;7;0;0;2;2;2;A01
201500000477;0;20;0;0;0;6;1;B02
201500000478;0;7;0;0;2;3;1;A01
201500000478;0;30;0;0;2;1;1;B02
201500000479;0;7;0;16;0;1;1;A01
201500000480;0;7;0;0;2;3;1;A01
201500000480;0;7;0;0;2;3;1;B02
201500000481;0;7;0;2;0;2;1;A01
201500000482;0;10;0;0;2;1;1;A01
201500000482;0;7;0;0;2;1;1;B02
201500000483;0;7;0;0;2;5;1;A01
201500000483;0;21;0;0;2;6;1;B02
201500000484;0;7;0;0;1;3;14;A01
201500000485;0;7;0;0;2;6;19;B02
201500000485;0;7;0;0;2;1;23;C03
201500000485;0;3;0;0;2;2;1;A01
201500000486;0;1;0;0;2;8;15;A01
201500000486;0;7;0;0;2;1;15;B02
201500000487;0;7;0;1;9;1;15;A01
201500000487;0;1;0;1;2;7;16;B02
201500000488;0;7;0;0;1;1;1;A01
201500000489;1;7;0;0;1;2;1;A01
201500000490;0;33;0;6;0;1;1;A01
201500000491;0;31;0;4;0;1;1;A01
201500000492;0;7;0;0;0;0;0;B02
201500000492;0;7;0;0;0;0;0;A01
201500000493;0;7;0;0;0;6;1;A01
201500000493;0;39;0;0;2;1;1;B02
201500000494;0;10;0;0;2;1;1;B02
201500000494;0;7;0;0;2;2;19;A01
201500000495;0;32;0;0;0;0;1;A01
201500000496;0;7;0;0;2;3;1;A01
201500000496;0;7;0;0;2;3;5;B02
201500000497;0;7;0;0;0;3;19;B02
201500000497;0;33;0;0;2;1;1;A01
201500000498;0;7;0;0;2;3;17;A01
201500000498;0;7;0;0;2;3;1;B02
201500000499;0;7;0;0;1;1;1;A01
201500000500;0;7;0;0;1;0;0;A01
201500000501;0;10;0;0;2;3;1;B02
201500000501;0;31;0;0;2;1;13;A01
201500000502;0;7;0;8;0;8;1;A01
201500000503;0;7;0;0;2;1;1;A01
201500000503;0;10;0;0;2;6;15;B02
201500000503;0;14;0;0;2;1;1;C03
201500000504;0;7;0;0;2;1;17;A01
201500000504;0;33;0;0;2;1;1;B02
201500000505;0;7;0;6;0;1;14;A01
201500000506;0;10;0;0;2;8;1;A01
201500000506;0;7;0;0;2;1;1;B02
201500000507;0;10;0;0;2;7;19;B02
201500000507;0;33;0;0;2;1;1;A01
201500000508;0;7;0;0;2;2;13;B02
201500000508;0;30;0;0;2;1;13;A01
201500000509;0;7;0;0;0;0;16;A01
201500000510;0;7;0;0;1;3;1;A01
201500000511;0;7;0;2;0;9;1;A01
201500000512;0;30;0;0;2;8;2;A01
201500000512;0;10;0;0;2;2;2;B02
201500000513;0;33;0;7;0;0;1;A01
201500000514;0;7;0;0;2;4;2;A01
201500000514;2;7;0;0;2;1;2;B02
201500000515;0;7;0;6;0;1;1;A01
201500000516;0;33;0;14;9;7;1;A01
201500000517;0;10;0;3;0;1;0;A01
201500000518;0;7;0;0;2;2;15;A01
201500000518;0;33;0;0;2;1;2;B02
201500000519;0;7;0;0;2;3;1;A01
201500000519;0;7;0;0;2;3;13;B02
201500000520;0;7;0;0;2;8;15;A01
201500000520;0;10;0;0;2;1;1;B02
201500000521;0;33;0;13;0;9;1;A01
201500000522;0;14;0;0;0;9;1;A01
201500000523;0;7;0;6;0;1;1;A01
201500000524;0;7;0;0;1;7;1;A01
201500000525;0;7;0;0;9;1;1;A01
201500000526;0;7;0;0;1;1;19;A01
201500000527;0;10;0;0;2;3;1;A01
201500000527;0;7;0;0;2;1;1;B02
201500000527;0;7;0;0;2;3;13;C03
201500000527;0;7;0;0;2;1;1;D04
201500000528;0;7;0;0;1;3;1;A01
201500000529;0;7;0;2;0;8;0;A01
201500000530;0;7;0;0;9;1;15;A01
201500000530;0;1;0;0;2;1;1;B02
201500000531;0;15;0;0;2;5;14;A01
201500000531;0;2;0;0;2;3;1;B02
201500000532;0;7;0;0;0;1;14;A01
201500000533;0;7;0;0;1;2;1;A01
201500000534;0;7;0;13;2;8;13;A01
201500000534;0;7;0;0;2;8;1;B02
201500000535;0;7;0;0;2;1;2;A01
201500000535;0;7;0;0;2;4;2;B02
201500000536;0;33;0;0;2;1;2;A01
201500000536;1;7;0;0;0;6;10;B02
201500000537;0;7;0;0;2;1;13;A01
201500000537;0;7;0;0;2;1;16;B02
201500000538;0;7;0;0;2;7;17;A01
201500000538;0;7;0;0;2;1;1;B02
201500000539;0;7;0;0;0;2;2;A01
201500000539;0;1;0;0;0;4;2;B02
201500000540;0;7;0;0;1;1;1;A01
201500000541;0;7;0;0;2;3;17;A01
201500000541;0;7;0;0;2;3;1;B02
201500000542;0;7;0;8;1;3;1;A01
201500000543;0;7;0;11;0;7;2;A01
201500000544;0;7;0;0;2;3;0;A01
201500000544;0;1;0;0;2;7;0;B02
201500000545;0;7;0;0;2;1;1;A01
201500000545;0;7;0;0;2;3;10;B02
201500000546;0;7;0;1;0;6;20;A01
201500000546;0;33;0;0;2;1;13;B02
201500000546;0;7;0;0;2;5;0;C03
201500000546;0;10;0;0;2;1;1;D04
201500000547;0;7;0;2;0;1;19;A01
201500000548;0;3;0;0;0;0;0;B02
201500000548;0;1;0;0;0;0;0;A01
201500000549;0;10;0;6;0;1;1;A01
201500000550;0;32;0;0;0;0;0;A01
201500000551;0;7;0;0;0;9;13;A01
201500000552;0;33;0;0;0;4;0;A01
201500000552;0;7;0;0;2;1;2;B02
201500000553;0;7;0;2;0;8;13;A01
201500000554;0;7;0;0;0;9;0;A01
201500000555;0;30;0;0;0;1;0;A01
201500000556;0;7;0;0;2;3;1;B02
201500000556;0;7;0;0;2;1;19;A01
201500000557;0;14;0;0;0;0;0;B02
201500000557;0;14;0;0;0;0;0;A01
201500000557;0;14;0;0;0;0;0;C03
201500000558;0;7;0;0;1;7;1;A01
201500000559;0;7;0;0;1;7;2;A01
201500000560;0;7;0;0;1;2;19;A01
201500000561;0;7;0;0;0;7;15;A01
201500000561;0;1;0;0;2;1;1;B02
201500000562;0;33;0;12;0;8;0;A01
201500000563;0;7;0;0;1;1;1;A01
201500000564;0;7;0;0;2;3;15;A01
201500000564;0;33;0;0;2;1;17;B02
201500000565;0;10;0;0;2;1;1;A01
201500000565;0;7;0;0;2;8;15;B02
201500000566;0;33;0;15;0;3;1;A01
201500000567;0;30;0;0;0;0;1;A01
201500000568;0;1;0;0;2;4;2;B02
201500000568;0;7;0;0;9;2;2;A01
201500000569;0;7;0;0;2;4;5;A01
201500000569;0;7;0;0;2;1;0;B02
201500000570;0;7;0;2;;7;13;A01
201500000571;0;7;0;6;2;1;1;A01
201500000572;0;2;0;8;0;1;19;A01
201500000573;0;7;0;13;0;3;0;A01
201500000574;0;34;0;0;2;3;0;A01
201500000574;0;10;0;0;2;3;15;B02
201500000575;0;7;0;13;0;3;1;A01
201500000576;1;7;0;0;1;2;1;A01
201500000577;0;21;0;0;2;3;1;A01
201500000577;0;33;0;0;2;1;1;B02
201500000578;0;10;0;0;2;3;1;A01
201500000578;0;7;0;0;0;8;1;B02
201500000579;0;2;0;8;0;1;13;A01
201500000580;0;7;0;12;0;2;1;A01
201500000581;0;10;0;0;2;1;1;B02
201500000581;0;33;0;0;2;1;13;A01
201500000582;0;30;0;1;2;8;13;A01
201500000582;0;7;0;0;9;6;1;B02
201500000583;0;7;0;1;0;2;1;A01
201500000584;0;7;0;0;0;7;15;A01
201500000584;0;33;0;0;2;1;1;B02
201500000585;0;7;0;1;0;8;1;A01
201500000586;0;7;0;0;2;2;21;B02
201500000586;0;2;0;0;2;1;13;A01
201500000587;0;7;0;0;2;1;24;B02
201500000587;0;7;0;1;0;1;13;A01
201500000588;0;7;0;3;0;3;17;A01
201500000589;0;36;0;2;0;3;1;A01
201500000590;0;7;0;6;1;1;1;A01
201500000591;0;7;0;13;0;1;1;A01
201500000592;0;30;0;0;2;1;1;A01
201500000592;0;7;0;0;2;2;1;B02
201500000593;0;7;0;0;9;4;1;B02
201500000593;0;1;0;1;2;1;1;A01
201500000594;0;7;0;0;2;7;1;A01
201500000594;0;30;0;0;2;1;1;B02
201500000595;0;10;0;0;2;7;15;A01
201500000595;0;33;0;0;2;1;1;B02
201500000596;0;7;0;0;2;1;13;A01
201500000596;0;7;0;0;2;3;1;B02
201500000597;0;7;0;0;1;3;17;A01
201500000598;0;33;0;0;2;1;13;B02
201500000598;0;7;0;0;2;1;1;A01
201500000599;0;7;0;0;2;8;0;C03
201500000599;0;7;0;0;2;8;17;A01
201500000599;0;7;0;0;2;3;0;B02
201500000600;0;33;0;0;2;1;1;B02
201500000600;0;7;0;0;2;2;15;A01
201500000601;0;7;0;11;0;7;1;A01
201500000602;0;1;0;0;2;7;1;A01
201500000602;0;7;0;0;2;1;1;B02
201500000603;0;30;0;0;2;1;1;A01
201500000603;0;7;0;0;2;3;0;B02
201500000604;0;7;0;8;9;6;1;A01
201500000605;0;7;0;2;0;5;1;A01
201500000606;0;7;0;0;2;3;1;A01
201500000606;0;7;0;0;2;2;15;B02
201500000607;0;7;0;0;1;3;1;A01
201500000608;0;7;0;8;0;2;1;A01
201500000609;0;7;0;0;2;2;23;A01
201500000609;0;33;0;0;2;1;21;B02
201500000610;0;7;0;0;2;1;19;A01
201500000610;0;7;0;0;2;5;1;B02
201500000610;0;7;0;0;2;1;1;C03
201500000611;0;30;0;0;2;1;15;A01
201500000611;0;10;0;0;2;3;1;B02
201500000612;0;1;0;0;0;0;13;B02
201500000612;0;21;0;0;0;6;1;A01
201500000613;0;7;0;0;0;1;2;A01
201500000613;0;7;0;0;0;4;2;C03
201500000613;0;7;0;0;0;4;2;B02
201500000614;0;33;0;0;2;7;17;B02
201500000614;0;7;0;0;2;8;15;A01
201500000615;0;7;0;0;2;7;19;B02
201500000615;0;7;0;0;2;1;1;A01
201500000616;0;7;0;0;0;6;17;B02
201500000616;0;33;0;0;2;1;17;A01
201500000617;0;7;0;0;2;7;15;A01
201500000617;0;7;0;0;2;1;1;B02
201500000618;0;7;0;0;0;7;15;A01
201500000618;0;33;0;0;2;1;1;B02
201500000619;0;7;0;0;2;8;10;A01
201500000619;0;2;0;0;2;1;1;B02
201500000620;0;7;0;0;2;2;1;A01
201500000620;0;33;0;0;2;1;5;B02
201500000621;0;7;0;0;2;2;1;A01
201500000621;0;33;0;0;0;0;0;B02
201500000622;0;15;0;0;2;3;1;B02
201500000622;0;7;0;0;2;1;13;A01
201500000623;0;7;0;0;2;3;2;A01
201500000623;0;7;0;0;2;8;19;B02
201500000624;0;7;0;0;2;3;1;B02
201500000624;0;7;0;0;2;2;19;A01
201500000625;0;33;0;0;2;1;1;B02
201500000625;0;7;0;0;2;7;1;A01
201500000626;0;7;0;2;0;1;14;A01
201500000627;0;7;0;0;2;1;1;B02
201500000627;0;7;0;0;2;7;11;A01
201500000628;0;7;0;0;2;3;1;B02
201500000628;0;99;0;0;2;1;13;A01
201500000629;0;7;0;0;2;1;13;A01
201500000629;0;7;0;0;2;1;1;B02
201500000630;0;30;0;0;2;2;15;A01
201500000630;0;7;0;0;2;2;16;B02
201500000631;0;7;0;0;2;1;2;B02
201500000631;0;7;0;0;2;3;15;A01
201500000632;0;30;0;0;0;7;1;A01
201500000633;0;7;0;0;2;3;1;B02
201500000633;0;7;0;0;2;3;1;A01
201500000634;0;7;0;0;2;1;1;B02
201500000634;0;7;0;0;2;2;1;A01
201500000635;0;15;0;0;2;3;1;B02
201500000635;0;7;0;0;2;3;13;A01
201500000636;0;7;0;0;2;1;1;A01
201500000636;0;7;0;0;2;7;19;B02
201500000637;0;7;0;0;0;1;17;A01
201500000637;0;7;0;0;0;1;1;B02
201500000638;0;7;0;0;0;7;1;B02
201500000638;0;7;0;0;2;1;1;A01
201500000639;0;7;0;0;2;1;1;B02
201500000639;0;7;0;0;2;1;13;A01
201500000640;0;2;0;0;0;0;1;A01
201500000641;0;7;0;0;0;6;10;B02
201500000641;0;33;0;0;2;1;17;A01
201500000642;0;31;0;8;0;1;1;A01
201500000643;0;7;0;0;2;2;17;B02
201500000643;0;7;0;0;0;6;15;A01
201500000644;0;7;0;0;2;1;11;A01
201500000644;0;7;0;0;2;1;1;B02
201500000645;0;31;0;1;0;1;1;A01
201500000645;0;38;0;0;2;4;24;B02
201500000646;0;7;0;0;2;2;2;A01
201500000646;0;1;0;0;0;4;0;B02
201500000647;0;7;0;0;2;5;15;B02
201500000647;0;33;0;0;2;1;1;A01
201500000648;0;7;0;16;0;1;1;A01
201500000649;0;21;0;0;2;2;1;B02
201500000649;0;21;0;6;2;8;1;A01
201500000650;0;7;0;0;0;3;1;A01
201500000651;0;7;0;0;0;2;15;A01
201500000651;0;7;0;0;2;1;1;B02
201500000652;0;7;0;0;1;1;2;A01
201500000653;0;10;0;2;0;1;1;A01
201500000654;0;2;0;0;2;1;0;B02
201500000654;0;7;0;0;2;3;1;A01
201500000655;0;7;0;8;0;3;1;A01
201500000656;0;7;0;0;2;1;1;C03
201500000656;0;21;0;0;0;6;1;A01
201500000656;0;7;0;0;2;1;21;B02
201500000657;0;7;0;0;0;3;13;A01
201500000657;0;7;0;0;0;3;0;B02
201500000658;0;7;0;0;2;6;19;B02
201500000658;0;30;0;0;2;1;1;A01
201500000659;1;7;0;0;1;0;0;A01
201500000660;0;33;0;0;0;1;1;B02
201500000660;0;2;0;0;0;8;1;A01
201500000661;0;7;0;0;1;1;1;A01
201500000662;0;7;0;8;0;1;14;A01
201500000663;0;10;0;0;2;8;15;B02
201500000663;0;2;0;0;2;7;17;A01
201500000664;0;7;0;0;2;3;13;C03
201500000664;0;17;0;0;2;0;1;A01
201500000665;0;7;0;0;2;3;15;A01
201500000665;0;15;0;0;2;1;1;B02
201500000666;0;7;0;0;1;3;1;A01
201500000667;0;7;0;13;0;3;19;A01
201500000668;0;7;0;0;2;1;1;B02
201500000668;0;7;0;0;2;8;13;A01
201500000669;0;7;0;13;0;1;1;A01
201500000670;0;7;0;0;2;2;21;A01
201500000670;0;7;0;0;2;3;0;B02
201500000671;0;10;0;2;0;1;1;A01
201500000672;0;7;0;8;0;1;1;A01
201500000673;0;7;0;0;2;1;1;A01
201500000673;0;7;0;0;2;1;1;B02
201500000674;0;7;0;0;2;1;1;B02
201500000674;0;7;0;0;2;2;1;A01
201500000675;0;7;0;0;2;1;2;C03
201500000675;0;7;0;0;2;1;1;B02
201500000675;0;7;0;0;2;1;1;A01
201500000676;0;33;0;0;1;1;0;A01
201500000677;0;7;0;0;0;3;17;A01
201500000677;0;7;0;0;2;3;1;B02
201500000677;0;7;0;0;0;6;16;C03
201500000678;0;33;0;0;2;1;1;B02
201500000678;0;10;0;0;2;3;15;A01
201500000679;0;3;0;0;2;1;1;A01
201500000679;0;10;0;0;2;8;15;B02
201500000680;0;33;0;0;2;1;21;A01
201500000680;0;7;0;0;2;8;1;B02
201500000681;0;21;0;0;0;8;16;A01
201500000681;0;7;0;0;2;2;2;B02
201500000682;0;7;0;0;2;1;1;A01
201500000682;0;7;0;0;0;8;19;B02
201500000683;0;7;0;0;2;1;1;B02
201500000683;0;33;0;0;2;1;1;A01
201500000684;0;30;0;13;0;1;1;A01
201500000685;0;33;0;0;2;8;1;B02
201500000685;0;33;0;0;2;2;17;A01
201500000686;0;31;0;0;2;1;1;B02
201500000686;0;7;0;0;2;3;16;A01
201500000687;0;7;0;0;2;7;5;A01
201500000687;0;7;0;0;2;1;1;B02
201500000688;0;10;0;0;2;3;1;B02
201500000688;0;7;0;0;2;3;13;A01
201500000689;0;7;0;16;0;9;1;A01
201500000690;0;7;0;0;1;2;1;A01
201500000691;0;7;0;0;2;4;1;B02
201500000691;0;30;0;14;0;1;2;A01
201500000692;0;7;0;0;2;1;1;B02
201500000692;0;7;0;0;2;1;15;A01
201500000693;0;1;0;0;2;1;1;A01
201500000693;0;7;0;0;9;3;15;B02
201500000694;0;30;0;0;2;8;1;B02
201500000694;0;7;0;0;2;2;1;A01
201500000695;0;7;0;4;0;1;17;A01
201500000696;0;7;0;0;2;3;1;B02
201500000696;0;17;0;0;2;5;12;A01
201500000697;0;7;0;13;0;2;1;A01
201500000698;0;7;0;0;2;7;15;A01
201500000698;0;33;0;0;2;8;1;B02
201500000699;0;33;0;6;0;1;1;A01
201500000700;0;7;0;0;2;3;21;B02
201500000700;0;7;0;0;2;3;13;A01
201500000701;0;7;0;0;2;4;2;B02
201500000701;0;7;0;0;2;1;2;A01
201500000702;0;33;0;0;0;0;1;A01
201500000703;0;7;0;16;0;3;21;A01
201500000704;0;7;0;2;0;1;0;A01
201500000705;0;7;0;0;2;3;1;B02
201500000705;0;33;0;0;2;1;1;A01
201500000706;0;33;0;0;0;1;2;A01
201500000707;0;7;0;0;2;1;1;B02
201500000707;0;14;0;0;2;2;1;A01
201500000708;0;7;0;0;2;3;1;A01
201500000708;0;7;0;0;2;3;0;B02
201500000709;0;33;0;0;0;7;0;A01
201500000710;0;7;0;0;0;9;0;A01
201500000711;0;7;0;0;2;5;1;A01
201500000711;0;7;0;0;2;1;0;B02
201500000712;0;7;0;0;2;2;19;A01
201500000712;0;7;0;0;2;3;1;B02
201500000713;0;10;0;6;0;1;14;A01
201500000714;0;7;0;0;2;1;1;B02
201500000714;0;7;0;0;2;3;15;A01
201500000715;0;7;0;0;2;3;1;A01
201500000715;0;7;0;0;2;3;1;B02
201500000716;0;2;0;0;2;1;1;A01
201500000716;0;7;0;0;2;3;1;B02
201500000717;0;7;0;14;0;9;1;A01
201500000718;0;7;0;8;2;1;1;A01
201500000719;0;7;0;0;1;2;1;A01
201500000720;0;33;0;13;2;7;13;A01
201500000720;0;7;0;0;2;1;1;B02
201500000721;0;33;0;0;6;1;1;A01
201500000722;0;7;0;13;0;2;1;A01
201500000723;0;7;0;0;2;1;1;A01
201500000723;0;2;0;0;2;1;1;B01
201500000724;0;10;0;0;2;2;19;A01
201500000724;0;33;0;0;2;1;1;B02
201500000725;0;7;0;0;2;2;13;A01
201500000725;0;7;0;0;2;3;1;B02
201500000726;0;7;0;0;2;1;1;A01
201500000726;0;1;0;0;2;3;5;B02
201500000727;0;7;0;0;2;2;1;A01
201500000727;0;2;0;0;0;5;1;B02
201500000728;0;7;0;16;0;9;1;A01
201500000729;0;7;0;0;2;4;2;E05
201500000729;0;7;0;0;2;1;2;A01
201500000729;0;7;0;0;2;4;2;B02
201500000729;0;7;0;0;2;4;2;C03
201500000729;0;7;0;0;0;4;2;F06
201500000729;0;7;0;0;2;4;2;D04
201500000730;0;7;0;2;0;1;1;A01
201500000731;0;7;0;6;0;2;1;A01
201500000732;0;7;0;2;2;3;1;A01
201500000733;0;7;0;0;2;4;15;A01
201500000733;0;37;1;0;2;1;1;B02
201500000734;0;7;0;0;0;2;1;A01
201500000735;0;7;0;2;0;1;1;A01
201500000736;0;33;0;0;2;1;1;A01
201500000736;0;7;0;0;2;8;19;B02
201500000737;0;33;0;0;0;0;1;A01
201500000738;0;7;0;0;2;1;1;B02
201500000738;0;7;0;0;2;3;15;A01
201500000739;0;7;0;0;1;1;15;A01
201500000740;0;1;0;0;2;1;1;B02
201500000740;0;7;0;0;2;1;13;A01
201500000741;0;7;0;0;2;2;1;A01
201500000741;0;31;0;0;2;1;1;B02
201500000742;0;33;0;16;0;1;1;A01
201500000743;0;7;0;8;0;6;1;A01
201500000744;0;36;0;0;2;1;13;A01
201500000744;0;7;0;0;2;3;1;B02
201500000745;0;7;0;2;0;1;0;A01
201500000746;0;7;0;0;0;8;1;B02
201500000746;0;7;0;0;0;1;15;A01
201500000747;0;7;0;0;0;1;17;A01
201500000747;0;7;0;0;0;7;1;B02
201500000748;0;7;0;0;0;5;1;A01
201500000748;0;33;0;0;0;1;1;B02
201500000749;0;7;0;0;0;3;16;A01
201500000749;0;33;0;0;2;1;1;B02
201500000750;0;7;0;2;0;9;1;A01
201500000751;0;7;0;0;2;3;13;A01
201500000751;0;7;0;0;2;3;1;B02
201500000752;0;7;0;0;1;2;0;A01
201500000753;0;7;0;0;;;15;A02
201500000753;0;33;0;0;2;1;17;B01
201500000754;0;7;0;0;0;9;17;A01
201500000755;0;10;0;0;2;3;1;A01
201500000755;0;30;0;0;2;1;1;B02
201500000756;0;33;0;0;2;8;1;A01
201500000756;0;33;0;0;2;7;1;B02
201500000757;0;7;0;0;2;2;5;A01
201500000757;0;7;0;0;2;3;1;B02
201500000758;0;7;0;0;0;4;1;A01
201500000758;0;30;0;0;2;2;1;B02
201500000759;0;21;0;0;0;4;1;B02
201500000759;0;10;0;0;2;3;1;A01
201500000760;0;7;0;0;2;1;1;A01
201500000760;0;7;0;0;0;1;1;B02
201500000761;0;7;0;0;6;5;0;B02
201500000761;0;10;0;0;2;3;14;A01
201500000762;0;30;0;0;1;2;1;A01
201500000763;0;7;0;2;0;1;1;A01
201500000764;0;7;0;0;2;3;13;A01
201500000764;0;10;0;0;2;1;1;B02
201500000765;0;7;0;0;2;3;17;A01
201500000765;0;30;0;0;2;1;2;B02
201500000766;0;2;0;0;2;8;1;B02
201500000766;0;7;0;0;2;2;19;A01
201500000767;0;7;0;0;2;3;1;B02
201500000767;0;7;0;0;2;1;19;A01
201500000768;0;7;0;2;0;8;1;A01
201500000769;0;7;0;0;2;1;15;B02
201500000769;0;30;0;0;2;1;1;A01
201500000770;0;15;0;0;0;8;1;A01
201500000771;0;7;0;0;2;2;17;A01
201500000771;0;7;0;13;0;6;1;B02
201500000772;0;7;0;0;2;7;19;A01
201500000772;0;7;0;0;2;1;1;B02
201500000773;0;7;0;0;2;3;1;C03