num_acc;senc;catv;occutc;obs;obsm;choc;manv;num_veh
201500000773;0;33;0;0;2;6;1;B02
201500000773;0;36;0;0;2;3;1;A01
201500000774;0;7;0;0;0;9;1;A01
201500000775;0;7;0;0;2;2;1;A01
201500000775;0;7;0;0;2;2;1;B02
201500000776;0;33;0;6;0;2;1;A01
201500000777;0;33;0;0;2;1;1;A01
201500000777;0;21;0;0;2;4;1;B02
201500000778;0;7;0;0;2;2;1;A01
201500000778;0;7;0;0;2;6;1;B02
201500000779;0;7;0;0;1;2;1;A01
201500000780;0;7;0;12;0;2;1;A01
201500000781;0;14;0;0;2;5;24;C03
201500000781;0;7;0;0;2;7;23;B02
201500000781;0;30;0;0;2;1;1;A01
201500000782;0;7;0;0;0;3;1;B02
201500000782;0;7;0;0;2;1;19;A01
201500000783;0;33;0;0;2;1;1;A01
201500000783;0;10;0;0;2;8;15;B02
201500000784;0;33;0;0;2;1;1;B02
201500000784;0;10;0;0;0;3;19;A01
201500000785;0;7;0;0;2;3;1;A01
201500000785;0;1;0;0;2;6;19;B02
201500000786;0;33;0;0;2;8;18;A01
201500000786;0;7;0;0;2;7;9;B02
201500000787;0;7;0;0;0;0;17;A01
201500000787;0;33;0;13;2;1;21;B02
201500000788;0;7;0;0;2;3;1;B02
201500000788;0;2;0;0;2;1;9;A01
201500000789;0;1;0;0;2;4;2;B02
201500000789;0;10;0;0;2;2;2;A01
201500000790;0;7;0;0;1;2;2;A01
201500000791;0;17;0;0;0;6;1;A01
201500000791;0;7;0;0;9;1;1;C03
201500000791;0;30;0;0;2;1;1;B02
201500000792;0;7;0;0;1;1;1;A01
201500000793;0;7;0;0;2;1;2;A01
201500000793;0;2;0;0;0;4;2;B02
201500000794;0;7;0;15;0;8;11;A01
201500000795;0;31;0;8;0;1;1;A01
201500000796;0;33;0;0;2;1;1;A01
201500000796;0;21;0;0;2;5;17;B01
201500000797;0;7;0;0;2;6;10;A01
201500000797;0;33;0;0;2;1;1;B02
201500000798;0;1;0;0;2;7;1;A01
201500000798;0;7;0;0;9;1;1;B02
201500000799;0;7;0;0;2;8;1;A01
201500000799;0;7;0;0;2;1;17;B01
201500000800;0;7;0;8;0;8;1;A01
201500000801;0;7;0;0;2;0;1;A01
201500000801;0;31;0;0;2;1;1;B02
201500000802;0;2;0;0;2;1;1;B02
201500000802;0;7;0;0;2;8;1;A01
201500000803;0;33;0;0;2;0;21;B02
201500000803;1;7;0;0;2;0;5;A01
201500000804;0;14;0;0;2;0;2;A01
201500000804;0;2;0;0;2;0;2;B02
201500000805;0;7;0;13;0;2;1;A01
201500000806;0;2;0;8;2;3;1;A01
201500000807;0;7;0;0;2;8;5;A01
201500000807;0;7;0;0;2;8;1;B02
201500000807;0;7;0;0;2;1;1;C03
201500000808;0;7;0;0;1;1;1;A01
201500000809;0;2;0;13;2;3;15;B02
201500000809;0;7;0;0;2;1;17;A01
201500000810;0;2;0;0;2;1;17;B02
201500000810;0;7;0;0;2;3;15;A01
201500000811;0;33;0;0;2;1;1;A01
201500000811;0;7;0;0;2;6;15;B02
201500000812;0;7;0;0;1;2;1;A01
201500000813;1;7;0;0;2;7;1;A02
201500000813;0;2;0;0;2;1;1;A01
201500000814;0;7;0;0;2;6;10;A01
201500000814;0;2;0;0;2;1;1;B02
201500000815;0;7;0;0;1;3;1;A01
201500000816;0;7;0;0;2;2;1;A01
201500000816;0;7;0;0;2;2;1;B02
201500000817;0;7;0;2;0;8;1;A01
201500000818;0;7;0;0;1;1;1;A01
201500000819;0;7;0;2;0;8;1;A01
201500000820;0;7;0;0;2;2;1;A01
201500000820;0;7;0;0;2;3;19;B02
201500000821;0;7;0;0;2;3;1;A01
201500000821;0;7;0;0;2;2;19;B02
201500000822;0;33;0;0;6;1;1;A01
201500000823;0;7;0;0;1;1;1;A01
201500000824;0;33;0;0;0;7;1;B02
201500000824;0;7;0;0;0;3;9;A01
201500000825;0;7;0;14;1;1;1;A01
201500000826;0;7;0;0;2;2;15;B02
201500000826;0;7;0;0;2;5;1;A01
201500000827;0;7;0;0;2;3;5;A01
201500000827;0;10;0;0;2;1;1;B02
201500000828;0;7;0;16;0;2;1;A01
201500000829;0;33;0;0;0;1;0;A01
201500000830;0;7;0;0;2;2;19;A01
201500000830;0;7;0;0;2;1;1;B02
201500000831;0;7;0;0;2;1;1;B02
201500000831;0;7;0;0;2;1;1;A01
201500000832;0;7;0;0;2;3;1;B02
201500000832;0;7;0;0;2;3;13;A01
201500000833;0;7;0;3;0;8;21;C03
201500000833;0;7;0;0;2;3;1;A01
201500000833;0;7;0;0;2;3;1;B02
201500000834;0;7;0;0;2;3;1;B02
201500000834;0;3;0;0;2;8;19;A01
201500000835;0;1;0;0;2;8;1;A01
201500000835;0;10;0;0;9;1;19;B02
201500000836;0;7;0;0;2;3;1;B02
201500000836;0;7;0;0;2;5;1;A01
201500000837;0;7;0;3;0;3;19;A01
201500000838;0;33;0;0;2;1;1;B02
201500000838;0;7;0;0;2;8;19;A01
201500000839;0;7;0;0;2;1;1;B02
201500000839;0;10;0;0;2;7;15;A01
201500000840;0;7;0;0;2;3;15;B02
201500000840;0;30;0;0;2;1;17;A01
201500000841;0;30;0;0;2;1;5;A01
201500000841;0;7;0;0;9;2;1;B02
201500000842;0;7;0;0;1;3;1;A01
201500000842;0;10;0;0;1;1;1;B02
201500000843;2;7;0;2;0;1;6;A01
201500000844;0;7;0;0;2;1;5;B02
201500000844;0;7;0;3;2;1;1;A01
201500000844;0;13;0;3;2;1;1;C03
201500000845;0;7;0;0;0;1;1;A01
201500000846;0;7;0;1;0;2;0;A01
201500000847;0;1;0;0;0;1;0;B02
201500000847;0;1;0;0;0;1;0;C03
201500000847;0;7;0;0;2;1;13;A01
201500000848;0;32;0;0;0;9;1;A01
201500000849;0;7;0;13;0;1;1;A01
201500000850;0;33;0;1;0;1;1;A01
201500000851;0;33;0;13;0;7;1;A01
201500000852;0;7;0;0;2;1;2;A01
201500000852;0;10;0;0;0;4;2;B02
201500000853;0;1;0;0;2;4;2;B02
201500000853;0;14;0;0;2;8;2;A01
201500000854;0;7;0;0;2;1;2;C03
201500000854;0;7;0;0;0;4;1;A01
201500000854;0;7;0;0;2;1;2;B02
201500000855;0;33;0;0;0;2;0;A01
201500000856;0;7;0;0;1;6;4;A01
201500000857;0;7;0;0;2;1;16;A01
201500000857;0;1;0;0;2;5;1;B02
201500000858;0;7;0;0;2;4;2;B02
201500000858;0;33;0;0;2;1;2;A01
201500000859;0;7;0;8;0;8;0;A01
201500000860;0;7;0;0;2;3;13;A01
201500000860;0;21;0;0;2;3;1;B02
201500000861;0;7;0;0;2;1;1;B02
201500000861;0;7;0;0;2;3;16;A01
201500000862;0;2;0;0;2;3;1;B02
201500000862;0;33;0;0;2;1;13;A01
201500000863;0;7;0;0;2;6;19;A01
201500000863;0;33;0;0;2;1;1;B02
201500000864;0;2;0;0;2;1;1;A01
201500000864;0;10;0;0;2;7;16;B02
201500000865;0;7;0;0;9;2;2;A01
201500000865;0;1;0;0;2;1;2;B02
201500000866;0;30;0;0;2;8;15;B02
201500000866;0;7;0;0;2;1;1;A01
201500000867;0;7;0;0;2;3;1;A01
201500000867;0;7;0;0;2;3;1;B02
201500000868;0;7;0;2;0;1;1;A01
201500000869;0;10;0;0;2;7;1;A01
201500000869;0;7;0;0;2;1;1;B02
201500000870;0;7;0;0;1;1;1;A01
201500000871;0;7;0;0;2;3;15;B02
201500000871;0;33;0;0;2;1;17;A01
201500000872;0;7;0;13;0;8;1;A01
201500000873;0;2;0;0;2;1;1;B02
201500000873;0;7;0;0;2;3;10;A01
201500000874;0;7;0;0;2;1;1;B02
201500000874;0;7;0;0;2;1;1;A01
201500000875;0;7;0;0;2;3;13;A01
201500000875;0;7;0;0;2;3;1;B02
201500000876;0;10;0;0;1;1;1;A01
201500000877;0;30;0;13;0;1;1;A01
201500000878;0;7;0;0;2;1;1;B02
201500000878;0;7;0;0;2;7;15;A01
201500000878;0;7;0;0;2;3;23;C03
201500000879;0;7;0;13;0;1;1;A01
201500000880;0;7;0;0;9;7;14;A01
201500000880;0;1;0;0;0;8;1;B02
201500000881;0;7;0;0;2;3;4;A01
201500000881;0;7;0;0;2;1;1;B02
201500000882;0;7;0;0;2;6;15;B02
201500000882;0;31;0;0;2;1;1;A01
201500000883;0;10;0;6;0;1;2;A01
201500000884;0;7;0;0;2;1;1;B02
201500000884;0;7;0;0;2;1;5;A01
201500000885;0;32;0;0;2;1;1;B02
201500000885;0;7;0;0;2;6;19;A01
201500000886;0;3;0;13;0;9;1;A01
201500000887;0;7;0;13;9;2;1;A01
201500000888;0;7;0;13;0;2;1;A01
201500000889;0;3;0;0;2;1;2;A01
201500000889;0;7;0;0;2;4;2;B02
201500000890;0;1;0;0;2;1;19;B02
201500000890;0;7;0;0;2;3;1;A01
201500000891;0;7;0;0;2;1;1;B02
201500000891;0;33;0;0;2;1;17;A01
201500000892;0;7;0;0;1;2;1;A01
201500000893;0;7;0;0;2;1;0;B02
201500000893;0;7;0;0;2;1;1;A01
201500000894;0;7;0;13;0;9;1;A01
201500000895;0;7;0;0;2;3;13;A01
201500000895;0;7;0;0;0;3;1;C03
201500000895;0;7;0;0;1;2;1;B02
201500000896;0;7;0;3;0;7;19;A01
201500000897;0;7;0;6;0;2;1;A01
201500000898;0;7;0;8;0;2;17;A01
201500000899;0;7;0;0;2;2;1;B02
201500000899;0;2;0;0;2;2;15;A01
201500000900;0;7;0;0;2;1;15;A01
201500000900;0;7;0;0;2;2;1;B02
201500000901;0;38;0;0;2;3;1;A01
201500000901;0;7;0;0;2;2;1;B02
201500000902;0;10;0;9;0;8;0;A01
201500000903;0;7;0;13;0;1;13;A01
201500000904;0;7;0;0;1;1;1;A01
201500000905;0;7;0;0;2;3;15;A01
201500000905;0;33;0;0;2;1;1;B02
201500000906;0;7;0;0;2;3;1;B02
201500000906;0;3;0;0;2;3;15;A01
201500000907;0;7;0;0;0;0;1;A01
201500000908;0;7;0;0;2;1;13;A01
201500000908;0;7;0;0;2;1;1;B02
201500000909;0;7;0;1;2;1;1;B02
201500000909;0;10;0;0;2;3;19;A01
201500000910;0;10;0;6;0;1;1;A01
201500000911;0;7;0;0;1;2;0;A01
201500000912;0;33;0;0;2;1;1;A01
201500000912;0;7;0;0;0;8;15;B02
201500000913;0;2;0;0;2;1;13;B02
201500000913;0;7;0;0;2;1;15;A01
201500000914;0;14;0;0;2;3;1;C03
201500000914;0;10;0;0;2;4;15;B02
201500000914;0;7;0;0;2;1;2;A01
201500000915;0;7;0;8;0;2;1;A01
201500000916;0;7;0;0;2;2;15;A01
201500000916;0;30;0;0;2;1;1;B02
201500000917;0;7;0;6;0;1;1;A01
201500000918;0;33;0;0;2;1;1;B02
201500000918;0;7;0;0;0;2;19;A01
201500000919;0;7;0;0;2;3;2;A01
201500000919;0;7;0;0;0;5;23;B02
201500000920;0;33;0;3;0;3;13;A01
201500000921;0;33;0;0;0;0;0;A01
201500000921;0;7;0;0;0;0;17;B02
201500000922;2;7;0;13;0;1;0;A01
201500000923;0;7;0;13;0;9;1;A01
201500000924;0;30;0;0;2;1;13;A01
201500000924;0;7;0;0;2;1;1;B02
201500000925;0;7;0;0;2;3;15;B02
201500000925;0;33;0;0;2;7;17;A01
201500000926;0;7;0;0;2;5;17;B02
201500000926;0;33;0;0;2;1;1;A01
201500000927;0;7;0;0;0;7;17;A01
201500000927;0;33;0;16;0;5;0;B02
201500000928;0;7;0;0;2;3;13;A01
201500000928;0;21;0;0;0;6;0;B02
201500000929;0;7;0;2;0;1;0;A01
201500000930;0;7;0;0;2;1;1;B02
201500000930;0;7;0;0;2;7;13;A01
201500000931;0;7;0;0;2;4;2;B02
201500000931;0;7;0;0;2;1;2;A01
201500000932;0;7;0;0;2;3;13;A01
201500000932;0;7;0;0;2;3;1;B02
201500000933;0;10;0;0;1;2;15;A01
201500000934;0;3;0;0;1;3;16;A01
201500000935;0;7;0;0;2;3;1;A01
201500000935;0;7;0;0;2;3;1;C03
201500000935;0;7;0;0;2;3;1;B02
201500000936;0;14;0;0;2;1;2;A01
201500000936;0;7;0;0;0;4;23;B02
201500000937;0;99;0;0;1;2;1;A01
201500000938;0;10;0;0;0;4;0;A01
201500000938;0;1;0;1;0;1;2;B02
201500000939;0;10;0;0;0;8;1;B02
201500000939;0;2;0;0;0;7;17;A01
201500000940;0;7;0;0;0;8;19;A01
201500000940;0;33;0;0;2;7;21;B02
201500000941;0;7;0;0;2;1;13;A01
201500000941;0;7;0;0;2;1;1;B02
201500000942;0;1;0;0;2;8;0;B02
201500000942;0;7;0;0;0;2;24;A01
201500000943;0;7;0;0;1;1;1;A01
201500000944;0;10;0;0;2;1;1;B02
201500000944;0;7;0;0;2;8;15;A01
201500000945;0;7;0;0;0;4;15;B02
201500000945;0;7;0;0;2;1;1;A01
201500000945;0;7;0;0;2;3;1;C03
201500000946;0;7;0;0;1;2;2;A01
201500000947;0;7;0;0;2;1;1;B02
201500000947;0;7;0;0;2;2;13;A01
201500000948;0;7;0;0;2;3;13;A01
201500000948;0;7;0;0;2;3;1;B02
201500000949;0;7;0;0;2;6;1;C03
201500000949;0;7;0;0;2;1;1;B02
201500000949;0;33;0;0;2;1;17;A01
201500000950;0;7;0;3;0;2;13;A01
201500000951;0;7;0;0;2;7;15;A01
201500000951;0;7;0;0;2;1;1;B02
201500000952;0;33;0;0;2;1;1;A01
201500000952;0;7;0;0;2;3;15;B02
201500000953;0;31;0;16;0;0;1;A01
201500000954;0;33;0;0;2;1;1;B02
201500000954;0;7;0;0;2;3;10;A01
201500000955;0;7;0;0;2;2;1;B02
201500000955;0;10;0;0;2;2;5;A01
201500000956;0;10;0;0;1;2;4;A01
201500000957;0;7;0;0;2;2;19;A01
201500000957;0;2;0;0;2;3;1;B02
201500000958;0;1;0;13;0;1;1;A01
201500000959;0;30;0;16;0;7;1;A01
201500000960;0;7;0;0;2;3;1;B02
201500000960;0;14;0;0;2;2;19;A01
201500000961;0;7;0;0;0;7;1;B02
201500000961;0;2;0;0;0;8;19;A01
201500000962;0;7;0;0;2;8;1;C03
201500000962;0;10;0;0;0;4;1;B02
201500000962;0;2;0;0;2;4;15;A01
201500000963;0;7;0;0;2;3;13;A01
201500000963;0;38;0;0;2;2;1;B02
201500000964;0;7;0;0;2;2;1;A01
201500000964;0;1;0;0;2;4;1;B02
201500000965;0;7;0;2;0;7;15;A01
201500000966;0;30;0;0;9;1;1;A01
201500000966;0;30;0;0;9;1;1;B02
201500000967;0;7;0;13;0;9;1;A01
201500000968;0;7;0;0;1;1;1;A01
201500000969;0;7;0;0;2;3;19;B02
201500000969;0;7;0;0;2;2;1;A01
201500000970;0;7;0;0;2;1;1;B02
201500000970;0;1;0;0;2;2;15;A01
201500000971;0;7;0;0;2;3;21;C03
201500000971;0;7;0;1;0;1;1;A01
201500000972;1;99;0;0;1;0;0;B02
201500000973;0;7;0;0;2;2;1;B02
201500000973;0;7;0;8;2;5;1;A01
201500000974;0;7;0;0;2;1;0;B02
201500000974;0;7;0;0;2;7;15;A01
201500000975;0;7;0;0;2;6;2;A01
201500000975;1;7;0;;;;;A02
201500000976;0;7;0;13;0;1;0;A01
201500000977;0;7;0;14;0;1;1;A01
201500000977;0;7;0;0;2;4;23;B02
201500000978;0;31;0;12;0;1;0;A01
201500000979;0;7;0;0;2;1;13;A01
201500000979;0;7;0;0;2;1;1;B02
201500000980;0;7;0;0;0;3;1;B02
201500000980;0;7;0;0;2;1;19;A01
201500000981;0;33;0;0;2;1;13;A01
201500000981;0;7;0;0;2;1;1;B02
201500000982;0;7;0;0;2;8;9;A01
201500000982;0;1;0;0;2;1;1;B02
201500000983;0;7;0;0;1;3;0;A01
201500000984;0;30;0;0;1;1;1;A01
201500000985;0;7;0;0;2;3;10;A01
201500000985;0;31;0;0;2;1;17;B02
201500000986;0;7;0;0;2;1;1;A01
201500000986;0;7;0;0;0;4;1;B02
201500000987;0;30;0;0;0;0;13;A01
201500000987;0;15;0;0;0;0;13;B02
201500000988;0;30;0;0;0;7;1;B02
201500000988;0;7;0;0;2;3;15;A01
201500000989;0;7;0;2;0;3;1;A01
201500000990;0;7;0;0;1;3;1;A01
201500000991;0;7;0;0;2;7;15;A01
201500000991;0;7;0;0;2;1;1;B02
201500000992;0;7;0;0;2;2;15;A01
201500000992;0;7;0;0;2;2;1;B02
201500000993;0;7;0;0;2;4;15;A01
201500000993;0;33;0;0;2;1;1;B02
201500000994;0;3;0;0;2;5;19;A01
201500000994;0;15;0;0;2;5;1;B02
201500000994;0;10;0;0;2;3;23;C03
201500000995;0;7;0;0;2;3;19;A01
201500000995;0;31;0;0;2;1;1;B02
201500000996;0;7;0;0;1;2;1;A01
201500000997;0;7;0;0;2;1;13;A01
201500000997;0;7;0;0;2;1;1;B02
201500000998;0;31;0;0;2;1;19;A01
201500000998;0;10;0;0;2;8;1;B02
201500000999;0;21;0;0;0;6;2;A01
201500000999;0;7;0;0;2;2;2;B02
201500001000;0;10;0;0;2;7;15;A01
201500001000;0;30;0;0;2;1;1;B02
201500001001;0;7;0;0;1;4;4;A01
201500001002;0;7;0;6;0;1;1;A01
201500001003;0;33;0;0;2;1;1;A01
201500001003;0;7;0;0;2;7;15;B02
201500001004;0;7;0;8;0;1;1;A01
201500001005;0;10;0;2;0;1;1;A01
201500001006;0;7;0;0;2;2;13;A01
201500001006;0;7;0;0;2;1;1;B02
201500001007;0;7;0;1;2;3;13;A01
201500001007;0;21;0;0;2;3;1;B02
201500001008;0;7;0;0;2;2;6;A01
201500001008;0;30;0;0;2;1;1;B02
201500001009;0;7;0;0;2;1;14;A01
201500001009;0;7;0;0;2;3;23;B02
201500001010;0;7;0;0;2;3;13;A01
201500001010;0;7;0;0;2;3;21;B02
201500001010;0;7;0;0;2;3;21;C03
201500001010;0;7;0;0;2;8;21;D04
201500001011;0;7;0;13;0;5;1;A01
201500001012;0;30;0;9;0;3;13;A01
201500001013;0;1;0;0;2;1;1;B02
201500001013;0;7;0;0;2;8;1;A01
201500001014;0;7;0;0;1;3;1;A01
201500001015;0;7;0;0;2;1;13;A01
201500001015;0;7;0;0;2;1;1;B02
201500001016;0;7;0;0;9;1;15;A01
201500001016;0;1;0;0;2;8;16;B02
201500001017;0;7;0;0;2;1;0;B02
201500001017;0;37;5;0;2;7;19;A01
201500001018;0;10;0;8;0;3;13;A01
201500001019;0;10;0;0;2;1;13;A01
201500001019;0;7;0;0;2;1;1;B02
201500001019;0;7;0;0;2;1;1;C03
201500001020;0;7;0;0;2;1;13;A01
201500001020;0;10;0;0;2;1;1;B02
201500001021;0;2;0;0;2;3;1;A01
201500001021;0;7;0;0;2;3;15;B02
201500001022;0;7;0;0;1;3;13;A01
201500001023;0;14;0;0;1;1;15;A01
201500001024;0;2;0;0;2;1;1;B02
201500001024;0;7;0;0;2;6;15;A01
201500001025;0;7;0;0;0;1;1;A01
201500001026;0;7;0;0;2;1;2;A01
201500001026;0;7;0;0;2;4;2;B02
201500001027;0;7;0;0;2;1;1;A01
201500001027;0;7;0;0;2;1;1;B02
201500001028;0;7;0;0;1;1;16;A01
201500001029;0;7;0;0;2;1;13;A01
201500001029;0;7;0;0;2;1;1;B02
201500001030;0;7;0;0;2;2;1;B02
201500001030;0;7;0;0;2;3;9;A01
201500001031;0;7;0;2;0;1;17;A01
201500001032;0;7;0;0;0;2;1;A01
201500001033;0;7;0;0;2;3;15;A01
201500001033;0;30;0;0;2;2;23;B02
201500001034;0;7;0;6;0;2;1;A01
201500001035;0;2;0;0;2;8;18;A01
201500001036;0;33;0;13;0;1;6;A01
201500001037;0;7;0;0;1;2;1;A01
201500001038;0;30;0;0;2;1;13;A01
201500001038;0;7;0;0;2;3;1;B02
201500001039;0;7;0;14;1;2;13;C01
201500001040;0;14;0;13;0;2;1;A01
201500001041;0;7;0;0;2;1;19;C03
201500001041;0;33;0;0;2;7;1;A01
201500001041;0;33;0;16;0;7;0;B02
201500001042;0;7;0;0;2;2;20;A01
201500001042;0;2;0;0;2;1;1;B02
201500001043;0;7;0;0;1;2;1;A01
201500001044;0;7;0;0;2;2;9;A01
201500001044;0;7;0;0;2;3;1;B02
201500001045;0;30;0;0;0;4;15;A01
201500001045;0;10;0;0;0;1;0;B02
201500001046;0;7;0;0;2;1;1;B02
201500001046;0;7;0;0;2;8;19;A01
201500001047;0;31;0;0;0;7;1;A01
201500001048;0;33;0;0;2;1;17;A01
201500001048;0;7;0;0;2;6;1;B02
201500001048;0;7;0;0;2;4;24;C03
201500001049;0;31;0;6;0;7;1;A01
201500001050;0;7;0;0;0;0;0;A01
201500001051;0;7;0;0;2;7;9;A01
201500001051;0;7;0;0;2;0;0;B02
201500001052;0;7;0;0;2;3;1;A01
201500001052;0;7;0;0;2;3;1;B02
201500001053;0;10;0;0;1;2;1;A01
201500001054;0;7;0;2;0;1;1;A01
201500001055;0;7;0;0;2;3;19;A01
201500001055;0;33;0;0;2;1;1;B02
201500001056;0;31;0;0;2;1;1;A01
201500001056;0;7;0;0;2;3;1;B02
201500001057;0;7;0;0;2;3;13;A01
201500001057;0;7;0;0;2;3;1;B02
201500001058;0;10;0;0;2;1;1;A01
201500001058;0;14;0;0;2;1;1;B02
201500001059;0;7;0;0;2;1;13;A01
201500001059;0;7;0;0;2;1;1;B02
201500001060;0;7;0;0;2;3;13;A01
201500001060;0;7;0;0;2;3;1;B02
201500001061;0;7;0;0;1;0;1;A01
201500001062;0;7;0;0;1;2;1;A01
201500001063;0;10;0;0;9;2;2;A01
201500001063;0;1;0;0;0;4;2;B02
201500001064;0;7;0;0;2;1;15;A01
201500001064;0;7;0;0;2;1;1;B02
201500001065;0;7;0;0;2;2;1;A01
201500001065;0;2;0;0;2;8;1;B02
201500001066;0;7;0;0;2;2;15;A01
201500001066;0;33;0;0;2;1;1;B02
201500001067;0;7;0;13;0;3;13;A01
201500001068;0;7;0;0;1;2;1;A01
201500001069;0;7;0;0;2;1;9;A01
201500001069;0;30;0;0;2;7;1;B02
201500001070;0;10;0;0;1;2;1;A01
201500001071;0;7;0;0;0;0;13;A01
201500001071;0;7;0;2;2;9;1;B02
201500001072;0;7;0;6;0;1;1;A01
201500001073;0;7;0;0;1;6;20;A01
201500001074;0;10;0;0;2;8;22;A01
201500001074;0;13;0;1;0;7;1;B02
201500001075;0;30;0;12;0;8;0;A01
201500001076;0;10;0;0;2;2;1;A01
201500001076;0;1;0;0;2;0;15;B02
201500001077;0;33;0;0;0;8;1;A01
201500001078;0;30;0;0;2;8;2;A01
201500001078;0;7;0;0;2;7;12;B02
201500001079;0;31;0;12;0;1;21;A01
201500001079;0;7;0;0;0;0;19;B02
201500001080;0;7;0;0;2;3;17;A01
201500001080;0;10;0;0;2;3;1;B02
201500001080;0;7;0;0;2;6;1;C03
201500001080;0;7;0;0;2;2;2;D04
201500001081;0;7;0;0;1;2;13;A01
201500001082;0;7;0;9;0;3;1;A01
201500001083;0;7;0;0;2;2;1;A01
201500001083;0;1;0;0;2;4;1;B02
201500001084;0;7;0;0;2;1;15;A01
201500001084;0;7;0;0;0;3;0;B02
201500001085;0;7;0;0;1;8;1;A01
201500001086;0;33;0;0;2;2;17;A01
201500001086;0;7;0;0;2;6;11;B02
201500001087;0;33;0;14;0;1;1;A01
201500001088;0;7;0;0;1;2;1;A01
201500001089;0;10;0;0;2;7;15;A01
201500001089;0;7;0;0;0;0;0;B02
201500001089;0;7;0;0;2;3;23;C03
201500001089;0;7;0;0;2;1;1;D04
201500001090;0;33;0;0;2;2;17;A01
201500001090;0;7;0;0;2;3;15;B02
201500001091;0;7;0;0;1;3;1;A01
201500001092;0;7;0;0;0;1;1;A01
201500001092;0;1;0;0;0;8;19;B02
201500001093;0;7;0;0;0;6;1;A01
201500001093;0;7;0;0;2;1;1;B02
201500001094;0;7;0;0;2;7;9;A01
201500001094;0;7;0;0;2;8;1;B02
201500001095;0;7;0;16;0;1;1;A01
201500001096;0;7;0;0;2;3;15;A01
201500001096;0;30;0;0;2;2;1;B02
201500001097;0;7;0;0;2;1;1;A01
201500001097;0;7;0;0;2;1;1;B02
201500001098;0;7;0;0;0;7;21;A01
201500001099;0;7;0;0;2;2;1;A01
201500001099;0;7;0;0;2;3;1;B02
201500001100;0;7;0;13;0;1;1;A01
201500001101;0;7;0;6;0;1;0;A01
201500001102;0;7;0;0;0;9;0;A01
201500001103;0;7;0;0;2;1;15;A01
201500001103;0;7;0;0;2;1;1;B02
201500001104;0;7;0;9;0;1;1;A01
201500001105;0;3;0;0;1;2;1;A01
201500001106;0;3;0;0;2;7;15;A01
201500001106;0;7;0;0;2;3;1;B02
201500001107;0;7;0;0;2;2;1;A01
201500001107;0;1;0;0;2;1;15;B02
201500001108;0;7;0;0;0;5;15;A01
201500001108;0;33;0;0;2;1;1;B02
201500001109;0;7;0;0;0;0;0;A01
201500001109;0;7;0;0;0;0;0;B02
201500001110;0;7;0;0;2;7;1;A01
201500001110;0;7;0;0;2;1;1;B02
201500001111;0;7;0;0;2;1;13;A01
201500001111;0;7;0;0;2;1;1;B02
201500001111;0;7;0;0;2;1;1;C03
201500001112;0;7;0;0;1;2;0;A01
201500001113;0;7;0;0;0;0;1;A01
201500001114;0;7;0;0;2;6;13;A01
201500001114;0;7;0;0;2;1;2;B02
201500001115;0;7;0;0;1;1;1;A01
201500001116;0;10;0;0;0;8;15;A01
201500001116;0;33;0;0;2;1;1;B02
201500001117;0;10;0;0;2;3;15;A01
201500001117;0;33;0;0;2;7;1;B02
201500001118;0;7;0;13;9;9;19;A01
201500001118;0;1;0;0;2;4;1;B02
201500001119;0;7;0;0;2;1;13;A01
201500001119;0;10;0;0;2;1;1;B02
201500001120;0;7;0;0;1;3;0;A01
201500001121;0;1;0;0;2;1;1;A01
201500001121;0;7;0;0;2;2;1;B02
201500001122;0;7;0;0;2;1;1;A01
201500001122;0;1;0;0;2;2;15;B02
201500001123;0;33;0;8;0;2;1;A01
201500001124;0;13;0;0;1;8;1;A01
201500001125;0;30;0;0;2;7;1;B02
201500001125;0;7;0;0;2;1;15;A01
201500001126;0;7;0;0;1;1;1;A01
201500001127;0;10;0;0;2;3;13;A01
201500001127;0;10;0;0;2;3;1;B02
201500001128;0;7;0;0;2;3;9;A01
201500001128;0;7;0;0;2;1;1;B02
201500001129;0;7;0;13;0;1;1;A01
201500001130;0;7;0;0;1;5;4;A01
201500001131;0;7;0;13;0;1;15;A01
201500001132;0;7;0;0;2;1;13;A01
201500001132;0;33;0;0;2;1;1;B02
201500001133;0;33;0;6;0;1;17;A01
201500001134;0;7;0;3;0;1;13;A01
201500001135;0;10;0;0;2;1;1;A01
201500001135;0;7;0;0;2;2;13;B02
201500001136;0;7;0;0;2;2;15;A01
201500001136;0;33;0;0;2;1;5;B02
201500001137;0;7;0;13;0;2;1;A01
201500001138;0;7;0;0;1;1;1;A01
201500001139;0;7;0;0;2;1;1;A01
201500001139;0;1;0;0;2;7;1;B02
201500001140;0;7;0;0;2;3;9;A01
201500001140;0;2;0;0;2;1;1;B02
201500001141;0;7;0;0;2;8;19;B02
201500001141;0;33;0;0;2;1;1;A01
201500001142;0;7;0;0;1;0;19;A01
201500001143;0;7;0;0;2;2;15;A01
201500001143;0;2;0;0;2;1;1;B02
201500001144;0;33;0;14;0;1;1;A01
201500001145;0;14;0;0;1;2;1;A01
201500001146;0;7;0;0;1;2;1;A01
201500001147;0;7;0;0;2;3;1;A01
201500001147;0;21;0;0;2;3;1;B02
201500001148;0;7;0;0;9;6;9;A01
201500001148;0;1;0;0;2;1;1;B02