num_acc;senc;catv;occutc;obs;obsm;choc;manv;num_veh
201500001149;0;10;0;0;2;8;18;A01
201500001149;0;1;0;0;0;7;1;B02
201500001150;0;31;0;0;0;8;1;A01
201500001151;0;10;0;8;0;1;1;A01
201500001152;0;7;0;6;0;1;14;A01
201500001153;0;7;0;0;2;1;6;A01
201500001153;0;7;0;0;2;1;1;B02
201500001154;0;7;0;2;0;1;1;A01
201500001155;0;30;0;6;0;2;1;A01
201500001156;0;1;0;0;2;1;18;A01
201500001156;0;7;0;0;2;5;16;B02
201500001157;0;30;0;0;0;2;1;A01
201500001158;0;7;0;0;0;4;15;A01
201500001158;0;33;0;0;0;1;2;B02
201500001159;0;7;0;0;2;2;15;A01
201500001159;0;3;0;0;2;1;1;B02
201500001160;0;33;0;0;2;3;0;A01
201500001160;0;7;0;0;2;3;1;B02
201500001161;0;7;0;0;2;1;1;A01
201500001161;0;1;0;0;2;7;1;B02
201500001162;0;7;0;2;0;1;1;A01
201500001163;0;7;0;6;0;1;13;A01
201500001164;0;7;0;2;0;0;13;A01
201500001165;0;33;0;11;0;1;1;A01
201500001166;0;7;0;0;0;0;1;A01
201500001167;0;7;0;13;0;1;1;A01
201500001168;0;10;0;0;2;1;5;A01
201500001168;0;7;0;0;2;1;1;B02
201500001169;0;21;0;0;9;6;1;A01
201500001169;0;99;0;0;2;0;19;B02
201500001170;0;7;0;2;0;3;1;A01
201500001171;0;7;0;0;0;2;1;A01
201500001172;0;7;0;0;2;1;13;A01
201500001172;0;7;0;0;2;1;21;B02
201500001172;0;7;0;0;2;1;21;C03
201500001173;0;33;0;13;0;7;1;A01
201500001174;0;1;0;0;2;1;1;A01
201500001174;0;7;0;0;2;3;0;B02
201500001175;0;33;0;0;2;2;1;A01
201500001175;0;7;0;0;2;3;19;B02
201500001176;0;7;0;0;2;2;1;A01
201500001176;0;7;0;0;2;1;1;B02
201500001177;0;7;0;0;2;1;0;A01
201500001177;0;2;0;0;2;7;0;B02
201500001178;0;33;0;0;2;1;13;A01
201500001178;0;7;0;0;2;2;21;B02
201500001179;0;33;0;0;2;1;1;B02
201500001179;0;7;0;0;2;6;19;A01
201500001180;0;33;0;13;0;7;14;A01
201500001181;0;31;0;13;0;7;1;A01
201500001182;0;7;0;0;2;3;19;A01
201500001182;0;31;0;0;2;7;13;B02
201500001183;0;21;0;0;2;2;1;A01
201500001183;0;30;0;0;2;1;13;B02
201500001184;0;7;0;13;0;1;0;A01
201500001185;0;30;0;0;2;1;13;A01
201500001185;0;7;0;0;2;3;1;B02
201500001186;0;7;0;0;1;1;1;A01
201500001187;0;32;0;3;0;8;17;A01
201500001188;0;10;0;0;2;6;1;A01
201500001188;0;7;0;0;2;1;1;B02
201500001188;0;7;0;0;2;3;19;C03
201500001189;0;7;0;0;9;1;1;A01
201500001189;0;1;0;0;2;8;19;B02
201500001190;0;7;0;0;0;2;0;A01
201500001191;0;7;0;0;2;1;1;A01
201500001191;0;10;0;0;2;1;1;B02
201500001192;0;10;0;0;2;3;15;A01
201500001192;0;33;0;0;2;1;1;B02
201500001193;0;34;0;0;2;1;2;B02
201500001193;0;10;0;0;2;6;15;A01
201500001194;0;7;0;2;0;2;2;A01
201500001195;0;10;0;0;2;5;15;B02
201500001195;0;33;0;0;2;1;1;A01
201500001195;0;7;0;0;2;3;1;C03
201500001196;0;7;0;0;2;2;15;A01
201500001196;0;7;0;0;2;1;1;B02
201500001197;0;7;0;2;0;1;1;A01
201500001198;0;7;0;0;2;1;16;B02
201500001198;0;37;0;0;2;8;1;C03
201500001198;0;1;0;0;2;8;19;A01
201500001199;0;7;0;13;0;1;1;A01
201500001200;1;2;0;0;2;1;17;B02
201500001200;0;2;0;0;2;1;1;A01
201500001201;0;7;0;0;2;8;15;B02
201500001201;0;7;0;2;2;2;17;A01
201500001202;0;7;0;0;2;3;1;A01
201500001202;0;1;0;0;2;8;1;B02
201500001203;0;2;0;0;2;1;1;A01
201500001203;0;7;0;0;2;8;15;B02
201500001204;0;7;0;0;2;3;13;A01
201500001204;0;7;0;0;2;3;1;B02
201500001205;0;7;0;0;2;3;1;B02
201500001205;0;7;0;0;2;3;13;A01
201500001206;0;7;0;0;1;7;1;A01
201500001207;0;7;0;0;2;1;1;B02
201500001207;0;7;0;0;2;1;1;A01
201500001208;0;1;0;0;2;2;0;B02
201500001208;0;7;0;0;9;2;13;A01
201500001209;0;7;0;0;2;1;1;A01
201500001209;0;7;0;0;0;6;19;B02
201500001210;0;7;0;2;0;1;1;A01
201500001211;0;10;0;13;0;1;1;A01
201500001212;0;7;0;0;2;1;9;A01
201500001212;0;33;0;0;2;2;1;B02
201500001213;0;7;0;16;0;1;13;A01
201500001214;0;7;0;0;2;3;13;A01
201500001214;0;7;0;0;2;3;1;B02
201500001215;0;7;0;15;2;8;19;A01
201500001215;0;7;0;8;2;1;1;B02
201500001216;0;7;0;0;0;9;2;A01
201500001217;0;1;0;0;2;1;1;B02
201500001217;0;7;0;0;9;3;1;A01
201500001218;0;30;0;0;2;1;1;A01
201500001218;0;7;0;0;2;3;17;B02
201500001219;0;7;0;0;0;1;13;A01
201500001220;0;7;0;0;2;3;13;A01
201500001220;0;7;0;0;2;3;1;B02
201500001221;0;7;0;0;1;2;1;A01
201500001222;0;7;0;13;0;3;1;A01
201500001223;0;7;0;0;0;9;12;A01
201500001224;0;7;0;0;1;2;1;A01
201500001225;0;7;0;0;2;3;9;A01
201500001225;0;31;0;0;2;7;1;B02
201500001226;0;7;0;0;0;5;2;B02
201500001226;0;33;0;0;0;5;2;A01
201500001227;0;7;0;0;2;1;17;A01
201500001227;0;21;0;0;2;8;15;B02
201500001228;0;7;0;0;0;6;0;A01
201500001228;0;33;0;0;2;1;0;B02
201500001229;0;7;0;0;1;2;1;A01
201500001230;0;7;0;0;9;8;9;A01
201500001230;0;1;0;0;2;7;1;B02
201500001231;0;10;0;4;0;0;1;A01
201500001232;0;7;0;0;1;2;11;A01
201500001233;0;7;0;0;2;2;17;A01
201500001233;0;7;0;0;2;5;1;B02
201500001234;0;2;0;0;2;1;13;B02
201500001234;0;10;0;0;2;3;1;A01
201500001235;0;15;0;0;2;4;2;B02
201500001235;0;10;0;0;2;1;2;A01
201500001236;0;7;0;0;2;4;15;B02
201500001236;0;33;0;0;2;1;17;A01
201500001237;0;7;0;0;0;2;15;A01
201500001237;0;1;0;0;0;1;0;B02
201500001238;0;7;0;0;1;7;1;A01
201500001239;0;31;0;15;0;0;21;A01
201500001240;0;7;0;7;0;1;1;A01
201500001241;0;2;0;0;2;3;15;B02
201500001241;0;7;0;0;2;2;1;A01
201500001242;0;7;0;0;2;7;15;A01
201500001242;0;30;0;0;2;1;1;B02
201500001243;0;7;0;8;0;2;1;A01
201500001244;0;10;0;0;9;3;1;B02
201500001244;0;1;0;0;2;2;19;A01
201500001245;0;7;0;11;0;1;1;A01
201500001246;0;7;0;0;2;3;9;A01
201500001246;0;2;0;0;2;4;15;B02
201500001247;0;7;0;0;1;2;1;A01
201500001248;0;1;0;0;2;7;1;B02
201500001248;0;7;0;0;9;1;9;A01
201500001249;0;7;0;2;0;1;1;A01
201500001250;0;7;0;3;0;9;1;A01
201500001251;0;7;0;13;0;1;14;A01
201500001252;0;7;0;0;2;8;9;A01
201500001252;0;30;0;0;2;1;1;B02
201500001253;0;7;0;0;2;4;1;A01
201500001253;0;7;0;0;2;1;1;B02
201500001254;0;7;0;0;1;3;1;A01
201500001255;0;7;0;0;2;1;15;A01
201500001255;0;33;0;0;2;1;1;B02
201500001256;0;7;0;0;2;4;15;B02
201500001256;0;33;0;0;2;1;11;A01
201500001257;0;7;0;0;2;3;15;A01
201500001257;0;7;0;0;2;1;1;B02
201500001258;0;7;0;13;0;1;14;A01
201500001259;0;7;0;13;0;3;13;A01
201500001260;0;7;0;2;0;1;1;A01
201500001261;0;10;0;0;2;1;15;A01
201500001261;0;7;0;0;2;1;1;B02
201500001262;0;7;0;2;0;7;1;A01
201500001263;0;7;0;0;2;2;1;B02
201500001263;0;10;0;13;2;6;1;A01
201500001264;0;10;0;0;2;1;1;A01
201500001264;0;7;0;0;2;3;15;B02
201500001265;0;7;0;0;1;2;1;A01
201500001266;0;7;0;0;2;3;1;A01
201500001266;0;30;0;0;2;6;15;B02
201500001267;0;7;0;0;2;2;13;A01
201500001267;0;7;0;0;2;1;1;B02
201500001268;0;7;0;0;2;1;13;A01
201500001268;0;10;0;0;2;1;1;B02
201500001269;0;7;0;7;0;6;12;A01
201500001270;0;33;0;8;0;1;0;A01
201500001271;0;33;0;0;2;8;1;B02
201500001271;0;7;0;0;2;3;1;A01
201500001272;0;33;0;8;0;9;13;A01
201500001273;0;7;0;0;2;1;1;B02
201500001273;0;7;0;0;2;8;19;A01
201500001274;0;33;0;0;9;0;0;A01
201500001275;0;7;0;0;0;3;1;A01
201500001276;0;7;0;0;1;1;15;A01
201500001277;0;7;0;0;0;9;1;A01
201500001278;0;10;0;0;2;1;1;B02
201500001278;0;7;0;0;2;8;13;A01
201500001279;0;7;0;13;0;8;21;A01
201500001280;0;10;0;0;2;3;13;A01
201500001280;0;15;0;0;2;3;1;B02
201500001281;0;7;0;13;0;1;1;A01
201500001282;0;36;0;13;0;2;1;A01
201500001283;0;7;0;0;2;2;5;A01
201500001283;0;7;0;0;2;2;1;B02
201500001284;0;10;0;0;1;3;1;A01
201500001285;0;10;0;0;2;3;15;A01
201500001285;0;7;0;0;2;2;1;B02
201500001286;0;7;0;2;0;1;1;A01
201500001287;0;7;0;0;1;8;1;A01
201500001288;0;7;0;0;2;1;1;B02
201500001288;0;7;0;0;2;1;19;A01
201500001289;0;7;0;0;2;3;1;B02
201500001289;0;7;0;0;2;3;5;A01
201500001290;0;7;0;16;0;9;1;A01
201500001291;0;7;0;13;0;3;13;A01
201500001292;0;7;0;0;2;2;17;A01
201500001292;0;2;0;0;2;1;0;B02
201500001293;0;1;0;0;2;7;1;B02
201500001293;0;7;0;0;2;1;19;A01
201500001294;0;7;0;16;0;9;1;A01
201500001295;0;33;0;0;2;2;17;B02
201500001295;0;21;0;0;2;3;15;A01
201500001296;0;7;0;2;0;8;1;A01
201500001297;0;10;0;3;0;2;1;A01
201500001298;0;7;0;0;1;1;1;A01
201500001299;0;7;0;0;2;5;19;A01
201500001299;0;7;0;0;2;1;1;B02
201500001300;0;2;0;0;2;1;13;A01
201500001300;0;2;0;0;2;1;1;B02
201500001301;0;1;0;14;0;4;15;A01
201500001301;0;7;0;0;0;2;1;B02
201500001302;0;7;0;0;2;3;0;A01
201500001302;0;7;0;0;2;3;0;B02
201500001303;0;33;0;13;0;1;1;A01
201500001304;0;7;0;16;0;7;1;A01
201500001305;0;7;0;0;2;1;1;A01
201500001305;0;7;0;0;2;1;15;B02
201500001306;0;7;0;13;0;1;14;A01
201500001307;0;14;0;13;0;3;13;A01
201500001308;0;10;0;13;2;3;13;A01
201500001308;0;17;0;0;2;8;1;B01
201500001309;0;33;0;13;0;1;13;A01
201500001310;0;7;0;0;1;2;1;A01
201500001311;0;7;0;13;0;8;13;A01
201500001312;0;10;0;0;2;3;10;A01
201500001312;0;10;0;0;2;2;1;B02
201500001313;0;7;0;0;2;8;19;B02
201500001313;0;7;0;0;2;1;1;A01
201500001314;0;10;0;0;2;3;1;A01
201500001314;0;1;0;0;2;1;19;B02
201500001315;0;7;0;0;2;3;13;A01
201500001315;0;7;0;0;2;8;1;B02
201500001316;0;7;0;6;0;1;15;A01
201500001317;0;32;0;0;0;0;1;A01
201500001318;0;7;0;2;0;2;1;A01
201500001319;0;7;0;0;1;1;1;A01
201500001320;0;7;0;0;2;3;13;A01
201500001320;0;7;0;0;2;3;1;B02
201500001321;0;7;0;0;2;3;13;A01
201500001321;0;7;0;0;2;3;1;B02
201500001322;0;33;0;13;0;9;13;A01
201500001323;0;7;0;13;0;9;1;A01
201500001324;0;30;0;0;2;3;19;A01
201500001324;0;7;0;0;2;2;1;B02
201500001325;0;31;0;0;2;1;1;B02
201500001325;0;7;0;0;2;2;15;A01
201500001326;0;33;0;0;0;0;1;A01
201500001327;0;10;0;0;2;1;1;B02
201500001327;0;7;0;0;2;8;19;A01
201500001328;0;33;0;14;6;1;13;A01
201500001329;0;33;0;0;2;2;17;A01
201500001329;0;7;0;0;2;5;1;B02
201500001330;0;7;0;0;1;1;15;B01
201500001331;0;33;0;0;2;1;1;A01
201500001331;0;10;0;0;2;7;19;B02
201500001332;0;33;0;3;0;1;14;A01
201500001333;0;33;0;0;0;1;14;A01
201500001334;0;36;0;12;0;8;13;A01
201500001335;0;7;0;0;1;1;1;A01
201500001336;0;1;0;0;2;7;15;A01
201500001336;0;10;0;0;2;3;21;B01
201500001337;0;2;0;0;2;1;1;A01
201500001337;0;7;0;0;2;8;1;B02
201500001338;0;2;0;0;2;1;17;A01
201500001338;0;7;0;0;2;8;15;B02
201500001339;0;7;0;0;0;3;13;A01
201500001339;0;33;0;0;0;8;1;B02
201500001340;0;7;0;2;0;3;21;A01
201500001341;0;33;0;0;2;1;13;A01
201500001341;0;10;0;0;2;3;1;B02
201500001342;0;7;0;0;2;2;2;A01
201500001342;0;30;0;0;2;4;2;B02
201500001343;0;7;0;15;0;2;14;A01
201500001344;0;7;0;0;2;7;13;A01
201500001344;0;7;0;0;2;1;1;B02
201500001345;0;30;0;13;0;1;13;A01
201500001346;0;30;0;13;2;1;1;A01
201500001346;0;7;0;0;2;5;15;B02
201500001347;0;1;0;0;2;8;1;B02
201500001347;0;7;0;0;2;3;13;A01
201500001348;0;7;0;0;2;2;2;B02
201500001348;0;30;0;0;2;4;2;A01
201500001349;1;7;0;0;1;1;1;A01
201500001350;0;33;0;0;2;1;17;A01
201500001350;0;7;0;0;2;3;15;B02
201500001351;0;3;0;1;1;4;20;A01
201500001352;0;33;0;12;0;2;14;A01
201500001353;0;7;0;0;2;8;19;B02
201500001353;0;33;0;0;2;1;1;A01
201500001354;0;7;0;13;0;2;1;A01
201500001355;0;7;0;13;0;2;14;A01
201500001356;0;31;0;0;2;2;2;B02
201500001356;0;7;0;0;2;6;2;A01
201500001357;0;7;0;0;1;3;15;A01
201500001358;0;17;0;0;2;3;1;A01
201500001358;0;7;0;15;2;1;13;B02
201500001359;0;7;0;13;0;3;1;A01
201500001360;0;7;0;0;1;1;16;A01
201500001361;0;14;0;0;1;4;4;A01
201500001362;0;30;0;13;2;8;1;B02
201500001362;0;7;0;0;2;3;1;A01
201500001363;0;3;0;0;1;2;1;A01
201500001364;0;10;0;0;2;2;19;B02
201500001364;0;10;0;6;2;3;1;A01
201500001365;0;7;0;13;0;1;14;A01
201500001366;0;7;0;8;0;9;14;A01
201500001367;0;7;0;0;2;1;1;B02
201500001367;0;7;0;0;2;1;15;A01
201500001368;0;7;0;0;2;1;1;A01
201500001368;0;7;0;0;2;6;1;B02
201500001369;0;33;0;0;5;1;1;A01
201500001370;0;30;0;13;0;9;14;A01
201500001371;0;7;0;0;2;3;15;B02
201500001371;0;7;0;0;2;1;1;A01
201500001372;0;7;0;16;0;9;1;A01
201500001373;0;7;0;0;0;9;14;A01
201500001374;0;7;0;13;2;7;13;A01
201500001374;0;7;0;0;2;1;1;B02
201500001375;0;31;0;0;2;1;1;A01
201500001375;0;7;0;1;0;6;24;C03
201500001375;0;7;0;0;2;1;1;B02
201500001375;0;7;0;1;0;8;24;D04
201500001376;0;38;170;0;1;2;1;A01
201500001377;0;7;0;2;0;9;14;A01
201500001378;0;7;0;0;2;3;23;C03
201500001378;0;7;0;0;2;1;13;A01
201500001378;0;7;0;0;2;3;21;B02
201500001379;0;7;0;8;0;1;13;A01
201500001380;0;7;0;0;1;2;21;A01
201500001381;0;7;0;0;1;7;21;A01
201500001382;0;1;0;1;0;7;1;A01
201500001383;0;10;0;0;2;1;1;B02
201500001383;0;7;0;0;2;8;15;A01
201500001384;0;2;0;0;2;1;13;A01
201500001384;0;10;0;0;2;3;1;B02
201500001385;0;7;0;2;0;6;13;A01
201500001386;0;7;0;16;0;9;21;A01
201500001387;0;7;0;3;0;7;14;A01
201500001388;0;7;0;13;0;2;14;A01
201500001389;0;33;0;0;2;1;1;A01
201500001389;0;7;0;0;2;8;19;B02
201500001390;0;7;0;16;0;9;21;A01
201500001391;0;7;0;2;0;3;21;A01
201500001392;0;10;0;0;0;0;1;A01
201500001393;0;7;0;0;2;3;1;A01
201500001393;1;15;0;0;2;7;17;B02
201500001394;0;7;0;2;0;1;13;A01
201500001395;0;33;0;0;2;1;13;A01
201500001395;0;7;0;0;2;2;1;B02
201500001396;0;7;0;0;2;3;13;A01
201500001396;0;7;0;0;2;3;1;B02
201500001397;0;33;0;0;2;1;17;A01
201500001397;0;7;0;0;2;3;15;B02
201500001398;0;7;0;13;0;1;13;A01
201500001399;0;7;0;0;2;3;15;B02
201500001399;0;32;0;0;2;1;1;A01
201500001400;0;33;0;13;0;1;13;A01
201500001401;0;7;0;0;2;3;13;A01
201500001401;0;7;0;0;2;3;1;B02
201500001402;0;7;0;0;2;3;21;B02
201500001402;0;7;0;0;2;3;13;A01
201500001403;0;7;0;0;2;3;13;A01
201500001403;0;7;0;13;2;3;1;B02
201500001404;0;7;0;0;2;1;14;A01
201500001404;0;7;0;0;2;3;23;B02
201500001405;0;30;0;8;0;1;14;A01
201500001406;0;7;0;0;2;3;13;A01
201500001406;0;7;0;0;2;3;1;B02
201500001407;0;7;0;0;2;2;19;A01
201500001407;0;1;0;0;2;1;1;B02
201500001408;0;10;0;0;2;1;1;B02
201500001408;0;7;0;0;2;3;15;A01
201500001409;0;7;0;6;2;8;1;B02
201500001409;0;7;0;0;2;1;19;A01
201500001410;0;30;0;0;2;8;1;A01
201500001410;1;7;0;0;2;7;17;B02
201500001411;0;7;0;0;2;3;1;B02
201500001411;0;10;0;0;2;3;13;A01
201500001412;0;7;0;0;2;2;9;A01
201500001412;0;33;0;0;2;1;1;B02
201500001413;0;7;0;0;2;2;1;A01
201500001413;0;7;0;0;2;3;15;B02
201500001414;0;10;0;0;2;3;13;A01
201500001414;0;7;0;0;2;3;1;B02
201500001414;0;7;0;0;2;3;1;C03
201500001415;0;7;0;0;2;3;13;A01
201500001415;0;17;0;0;2;3;21;B02
201500001416;0;10;0;13;0;1;14;A01
201500001417;0;7;0;13;0;2;14;A01
201500001418;0;7;0;0;2;2;21;A01
201500001418;0;21;0;0;2;2;0;B02
201500001419;0;33;0;13;0;1;21;A01
201500001420;0;2;0;0;2;1;21;A01
201500001420;0;7;0;0;2;2;15;B02
201500001421;0;7;0;8;0;7;13;A01
201500001422;0;30;0;0;2;1;1;B02
201500001422;0;7;0;0;2;8;19;A01
201500001423;0;7;0;13;0;1;14;A01
201500001424;0;7;0;0;2;1;1;A01
201500001424;0;7;0;0;2;4;15;B02
201500001425;0;33;0;0;2;1;21;A01
201500001425;0;7;0;0;2;3;19;B02
201500001426;0;7;0;15;5;2;1;A01
201500001426;0;99;0;0;2;5;21;B02
201500001427;0;7;0;0;2;6;21;B02
201500001427;0;7;0;13;2;3;13;A01
201500001428;0;7;0;0;2;1;1;A01
201500001428;0;7;0;0;2;7;13;B02
201500001429;0;7;0;0;2;1;1;A01
201500001429;0;7;0;0;2;8;15;B02
201500001429;0;15;0;0;2;5;1;C03
201500001430;0;10;0;0;2;1;21;A01
201500001430;0;3;0;0;2;3;15;B02
201500001431;0;10;0;0;1;3;15;A01
201500001432;0;7;0;0;2;1;13;A01
201500001432;0;7;0;0;2;1;1;B02
201500001432;0;10;0;1;0;1;21;C03
201500001433;0;7;0;0;1;1;1;A01
201500001434;0;33;0;0;2;9;19;A01
201500001434;0;7;0;0;2;3;21;B02
201500001435;0;7;0;6;0;1;1;A01
201500001436;0;33;0;0;2;1;17;A01
201500001436;0;10;0;0;0;6;15;B01
201500001437;0;7;0;0;2;7;13;A01
201500001437;0;7;0;0;2;1;1;B01
201500001438;0;1;0;0;1;1;1;A01
201500001439;0;31;0;0;2;3;13;A01
201500001439;0;7;0;0;2;3;1;B01
201500001440;0;33;0;13;0;1;1;A01
201500001441;0;7;0;0;2;3;1;A01
201500001441;0;10;0;0;2;2;16;B01
201500001442;0;7;0;6;0;8;1;A01
201500001443;0;7;0;13;0;1;1;A01
201500001444;0;7;0;6;0;1;1;A01
201500001445;0;21;0;0;0;2;15;B01
201500001445;0;33;0;0;0;1;17;C01
201500001446;0;7;0;14;0;1;2;A01
201500001446;0;33;0;0;2;4;15;B01
201500001447;0;7;0;0;2;3;13;A01
201500001447;0;33;0;0;2;8;1;B01
201500001448;0;33;0;0;2;1;13;A01
201500001448;0;10;0;0;2;8;1;B01
201500001449;0;7;0;0;2;1;6;A01
201500001449;0;31;0;0;2;2;1;B01
201500001450;0;7;0;0;2;1;2;A01
201500001450;0;7;0;0;2;9;2;B01
201500001450;0;7;0;0;2;4;1;C01
201500001451;0;7;0;0;2;5;4;A01
201500001451;0;33;0;0;2;1;1;B02
201500001452;1;7;0;0;2;4;23;Z03
201500001452;0;7;0;0;2;9;23;B02
201500001452;0;7;0;0;2;3;2;A01
201500001453;0;7;0;0;2;4;1;C03
201500001453;0;7;0;0;2;9;2;B02
201500001453;0;7;0;0;2;1;2;A01
201500001454;0;7;0;12;0;2;1;A01
201500001455;0;7;0;0;2;8;19;A01
201500001455;0;7;0;0;2;1;1;B01
201500001456;0;7;0;1;2;4;24;C02
201500001456;0;7;0;1;2;3;1;A01
201500001457;0;7;0;0;2;1;2;A01
201500001457;0;7;0;0;2;4;23;B02
201500001458;0;7;0;0;2;4;1;B02
201500001458;0;7;0;0;2;1;2;A01
201500001459;0;7;0;0;1;3;1;A01
201500001460;0;33;0;0;0;0;1;A01
201500001461;0;7;0;0;2;3;10;A01
201500001461;0;33;0;0;2;1;17;B01
201500001462;0;7;0;0;2;2;12;B01
201500001462;0;7;0;0;2;9;1;A01
201500001462;0;7;0;0;2;3;1;C01
201500001463;0;7;0;0;2;1;2;A01
201500001463;0;7;0;0;2;9;2;B01
201500001463;0;7;0;0;2;4;1;C01
201500001464;0;7;0;0;2;3;1;B01
201500001464;0;7;0;0;2;3;15;A01
201500001465;0;7;0;0;2;1;1;A02
201500001465;0;34;0;0;2;7;1;A01
201500001466;0;33;0;0;6;2;19;A01
201500001467;0;7;0;0;2;2;15;A01
201500001467;0;33;0;0;2;1;1;B01
201500001468;0;7;0;0;2;1;1;B01
201500001468;0;7;0;0;2;7;9;A01
201500001469;0;33;0;0;2;1;2;A01
201500001469;0;7;0;0;2;9;2;B02
201500001469;0;7;0;0;2;4;1;C02
201500001470;0;7;0;13;0;1;1;A01
201500001471;1;33;0;0;1;2;1;A01
201500001472;0;7;0;0;2;3;9;A01
201500001472;0;33;0;0;2;1;1;B01
201500001473;0;7;0;13;0;1;13;A01
201500001474;0;30;0;0;1;4;1;A01
201500001475;0;30;0;1;0;1;1;A01
201500001476;0;30;0;0;0;0;1;A01
201500001477;0;7;0;2;0;0;14;A01
201500001478;0;7;0;6;0;1;13;A01
201500001479;0;7;0;0;2;4;15;B01
201500001479;0;7;0;0;2;1;2;A01
201500001480;0;7;0;13;0;3;14;A01
201500001481;0;7;0;2;0;1;13;A01
201500001482;0;33;0;0;2;1;1;B01
201500001482;0;7;0;0;2;8;10;A01
201500001483;0;33;0;0;2;1;1;B01
201500001483;0;7;0;0;2;3;9;A01
201500001484;0;7;0;0;2;2;1;A01
201500001484;0;30;0;0;2;1;13;B01
201500001485;0;7;0;8;0;2;14;A01
201500001486;0;7;0;0;2;1;1;B01
201500001486;0;10;0;0;2;8;13;A01
201500001487;0;7;0;0;2;2;2;A01
201500001487;0;1;0;0;2;4;1;B01
201500001488;0;7;0;8;0;1;1;A01
201500001489;0;30;0;0;0;0;1;A01
201500001490;0;7;0;0;2;1;2;E01
201500001490;0;7;0;0;2;1;2;B01
201500001490;0;31;0;0;2;1;2;D01
201500001490;0;7;0;0;2;1;2;C01
201500001490;0;7;0;0;2;4;1;A01
201500001491;0;7;0;0;2;8;19;A01
201500001491;0;7;0;0;2;1;1;B01
201500001492;0;7;0;0;1;1;1;A01
201500001493;0;7;0;0;2;1;13;A01
201500001493;0;21;0;0;2;3;1;B01
201500001494;0;7;0;0;0;1;13;A01
201500001495;0;7;0;0;2;2;2;A01
201500001495;0;30;0;0;0;8;15;B01
201500001496;0;7;0;0;2;1;1;B01
201500001496;0;7;0;0;2;1;13;A01
201500001497;0;7;0;0;9;3;13;A01
201500001497;0;1;0;0;2;1;1;B01
201500001498;0;31;0;0;2;1;2;A01
201500001498;0;7;0;0;2;5;23;B01
201500001499;0;33;0;0;2;7;1;B01
201500001499;0;7;0;0;2;2;15;A01
201500001500;0;7;0;0;1;1;1;A01
201500001501;0;7;0;0;2;1;1;B01
201500001501;0;7;0;0;2;1;17;A01
201500001502;0;7;0;0;2;3;19;A01
201500001502;0;7;0;0;2;1;1;B01
201500001503;0;10;0;0;2;1;1;B01
201500001503;0;7;0;0;2;7;19;A01
201500001504;0;1;0;0;2;4;2;C01
201500001504;0;1;0;0;2;4;2;B01
201500001504;0;7;0;0;2;5;2;A01
201500001505;0;33;0;6;2;1;17;A01
201500001505;0;37;10;0;2;8;15;B01
201500001506;0;7;0;0;2;1;1;B01
201500001506;0;7;0;0;2;1;13;A01
201500001507;0;2;0;0;2;1;15;A01
201500001507;0;7;0;0;2;8;1;B01
201500001508;0;7;0;0;2;2;17;A01
201500001508;0;7;0;0;2;8;1;B01
201500001509;0;14;0;0;1;1;1;A01
201500001510;0;7;0;0;1;2;1;A01
201500001511;0;7;0;0;2;2;15;A01
201500001511;0;33;0;0;2;1;1;B01
201500001512;0;7;0;0;1;1;1;A01
201500001513;0;2;0;1;0;1;1;A01
201500001514;0;7;0;0;0;0;1;A01
201500001515;0;7;0;8;0;1;1;A01
201500001516;0;7;0;13;0;1;1;A01
201500001517;0;7;0;0;2;3;1;B01
201500001517;0;33;0;0;2;8;1;A01
201500001518;0;7;0;0;1;2;1;A01
201500001519;0;7;0;0;2;2;2;B01
201500001519;0;33;0;0;2;1;2;A01
201500001519;0;1;0;0;2;4;2;C01
201500001520;0;10;0;13;0;3;1;A01
201500001521;0;7;0;0;2;3;13;A01
201500001521;0;10;0;0;2;3;1;B01
201500001522;0;21;0;0;0;5;2;B01
201500001522;0;7;0;0;2;3;2;A01
201500001523;0;10;0;0;0;3;1;A01
201500001524;0;7;0;13;0;1;1;A01
201500001525;0;33;0;16;0;9;1;A01
201500001526;0;2;0;0;0;0;1;A01
201500001527;0;7;0;13;0;1;14;A01
201500001528;0;7;0;0;2;1;15;A01
201500001528;0;30;0;0;2;1;1;B01
201500001529;0;7;0;6;0;1;19;A01
201500001530;0;7;0;0;2;2;1;B01
201500001530;0;7;0;0;2;3;9;A01
201500001531;0;7;0;0;2;8;1;A01
201500001531;0;21;0;0;2;1;9;B01
201500001532;0;7;0;0;2;3;15;A01
201500001532;0;33;0;0;2;1;1;B01
201500001533;0;3;0;0;0;0;19;B01
201500001533;0;30;0;0;2;0;1;A01
201500001534;0;7;0;8;0;9;13;A01
201500001535;0;7;0;0;2;3;13;A01
201500001535;0;7;0;0;2;0;1;B01
201500001536;0;7;0;0;1;7;1;A01
201500001537;0;7;0;0;0;8;9;B01
201500001537;0;7;0;0;2;1;1;A01
201500001538;0;33;0;0;2;8;13;A01
201500001538;0;7;0;0;2;8;1;B01
201500001538;0;7;0;0;2;3;1;C01
201500001539;0;7;0;0;2;8;16;A01
201500001539;0;10;0;0;2;1;1;B01
201500001540;0;7;0;6;0;1;1;A01