num_acc;senc;catv;occutc;obs;obsm;choc;manv;num_veh
201500001541;0;7;0;0;1;2;1;A01
201500001542;0;7;0;0;2;3;13;A01
201500001542;0;7;0;0;2;3;1;B01
201500001543;0;7;0;0;2;3;21;B01
201500001543;0;14;0;0;2;8;1;C01
201500001543;0;7;0;0;2;3;17;A01
201500001543;0;7;0;0;2;3;1;D01
201500001544;0;7;0;0;2;1;1;A01
201500001544;0;7;0;0;0;2;9;B01
201500001545;0;10;0;0;1;2;16;A01
201500001546;0;31;0;0;2;5;19;A01
201500001547;0;7;0;13;0;3;13;A01
201500001548;0;7;0;0;2;1;19;A01
201500001548;0;33;0;0;2;8;1;B01
201500001549;0;7;0;0;2;1;1;A01
201500001549;0;7;0;0;2;8;1;B01
201500001550;0;30;0;13;0;1;1;A01
201500001551;0;7;0;13;0;1;14;A01
201500001552;0;7;0;13;0;1;1;A01
201500001553;0;7;0;2;0;1;1;A01
201500001554;0;30;0;0;2;3;1;B01
201500001554;0;21;0;0;2;3;15;A01
201500001555;0;21;0;0;2;2;1;B01
201500001555;0;7;0;0;2;1;19;A01
201500001556;0;7;0;13;0;9;1;A01
201500001557;0;7;0;1;0;3;13;A01
201500001558;0;33;0;13;0;1;1;A01
201500001559;0;33;0;0;5;1;1;A01
201500001560;0;33;0;10;0;1;1;A01
201500001561;0;7;0;0;0;4;2;D01
201500001561;0;7;0;0;2;4;23;A01
201500001561;0;7;0;0;0;4;2;C01
201500001561;0;7;0;0;2;4;2;B01
201500001561;0;7;0;0;2;1;2;E01
201500001562;0;7;0;0;2;1;1;B01
201500001562;0;7;0;0;2;2;1;A01
201500001563;0;7;0;0;1;2;1;A01
201500001564;0;7;0;1;2;2;5;A01
201500001564;0;15;0;0;2;2;0;B01
201500001565;0;7;0;0;1;3;16;A01
201500001566;0;7;0;0;1;3;0;A01
201500001567;0;7;0;0;2;1;5;A01
201500001567;0;7;0;0;2;3;1;B02
201500001568;0;7;0;0;1;1;15;A01
201500001569;0;7;0;0;2;5;19;A01
201500001569;0;33;0;0;2;4;1;B01
201500001570;0;10;0;0;1;1;0;A01
201500001571;0;10;0;0;1;1;1;A01
201500001572;0;7;0;0;1;2;0;A01
201500001573;0;7;0;0;1;3;1;A01
201500001574;0;7;0;0;1;1;1;A01
201500001575;0;15;0;0;2;3;1;B01
201500001575;0;7;0;0;2;3;9;A01
201500001576;0;7;0;0;2;8;15;B01
201500001576;0;7;0;0;2;1;1;A01
201500001577;0;10;0;1;0;1;14;A01
201500001578;0;7;0;0;1;3;1;A01
201500001579;0;7;0;0;2;3;10;A01
201500001579;0;7;0;0;2;2;1;B01
201500001580;0;7;0;0;1;1;1;A01
201500001581;0;31;0;1;0;1;21;A01
201500001582;0;7;0;0;1;1;15;A01
201500001583;0;7;0;0;1;0;0;A01
201500001584;0;7;0;0;2;1;1;B01
201500001584;0;7;0;0;2;2;15;A01
201500001585;0;15;0;0;2;6;1;B01
201500001585;0;7;0;0;2;1;19;A01
201500001586;0;37;10;0;2;8;13;A01
201500001586;0;7;0;0;2;2;1;B01
201500001587;0;7;0;0;2;1;13;A01
201500001587;0;14;0;13;2;1;1;B02
201500001588;1;7;0;0;1;4;24;Z01
201500001589;0;7;0;0;1;4;20;A01
201500001590;0;7;0;0;2;7;15;A01
201500001590;0;33;0;0;2;1;1;B01
201500001591;0;10;0;0;2;1;2;A01
201500001591;0;7;0;0;2;4;2;B01
201500001591;0;7;0;0;2;4;2;C01
201500001592;0;7;0;0;9;3;0;A01
201500001592;0;3;0;0;2;2;1;B01
201500001593;0;7;0;0;2;2;15;A01
201500001593;0;33;0;0;2;1;1;B01
201500001594;0;7;0;0;2;2;15;A01
201500001594;0;30;0;0;2;1;0;B02
201500001595;2;7;0;0;2;1;19;A01
201500001595;0;7;0;0;2;8;19;B01
201500001596;0;7;0;0;2;1;1;A01
201500001596;0;7;0;0;2;3;1;B01
201500001597;0;7;0;0;1;3;0;A01
201500001598;0;7;0;0;2;2;9;A01
201500001598;0;7;0;0;2;1;1;B02
201500001598;0;7;0;0;2;1;5;C03
201500001599;0;1;0;0;2;3;1;B01
201500001599;0;7;0;0;2;2;16;A01
201500001600;0;17;0;0;2;3;1;B01
201500001600;0;7;0;0;2;2;1;A02
201500001601;0;7;0;1;0;4;1;B01
201500001601;0;7;0;6;2;1;1;A01
201500001602;0;10;0;0;2;3;1;B02
201500001602;0;14;0;0;2;3;1;A01
201500001603;0;7;0;15;0;1;14;A01
201500001604;0;7;0;0;1;1;11;A01
201500001605;0;31;0;0;2;1;2;A01
201500001605;0;7;0;0;2;5;1;B01
201500001606;0;7;0;0;2;3;19;B01
201500001606;0;7;0;0;2;2;15;A01
201500001607;0;7;0;0;2;3;17;A01
201500001607;0;7;0;0;2;7;2;C01
201500001607;0;10;0;0;2;3;1;B01
201500001608;0;7;0;0;2;8;1;B01
201500001608;0;7;0;0;2;1;19;A01
201500001609;0;10;0;0;2;2;1;B01
201500001609;0;1;0;0;2;1;19;A01
201500001610;0;2;0;0;2;2;17;B01
201500001610;0;7;0;0;2;3;15;A01
201500001611;0;7;0;0;1;3;15;A01
201500001612;0;7;0;0;2;3;0;B01
201500001612;0;7;0;0;2;1;17;A01
201500001613;0;7;0;0;1;2;1;A01
201500001614;0;7;0;0;2;2;15;A01
201500001614;0;33;0;0;2;1;1;B01
201500001615;0;7;0;0;2;8;1;A01
201500001615;0;7;0;0;2;1;1;B01
201500001616;0;7;0;15;0;1;13;A01
201500001617;0;7;0;15;2;7;0;B01
201500001617;0;7;0;15;2;1;1;A01
201500001618;0;7;0;0;1;2;1;A01
201500001619;0;32;0;0;2;4;2;A01
201500001619;0;7;0;0;2;4;16;B01
201500001620;0;33;0;0;2;7;0;B01
201500001620;0;10;0;0;2;3;19;A01
201500001621;0;7;0;16;0;9;1;A01
201500001622;0;30;0;0;2;1;17;A01
201500001622;0;7;0;0;2;3;15;B01
201500001623;0;7;0;0;2;1;1;A01
201500001623;0;30;0;12;2;7;1;B01
201500001624;0;7;0;16;0;9;1;A01
201500001625;0;14;0;0;2;8;1;A01
201500001625;0;32;0;0;2;8;18;B01
201500001626;0;38;12;0;1;2;16;A01
201500001627;0;7;0;1;0;4;4;A01
201500001627;0;7;0;0;2;3;24;B01
201500001628;0;7;0;0;2;1;1;B01
201500001628;0;7;0;0;2;3;1;C01
201500001628;0;7;0;0;2;7;1;A01
201500001629;0;7;0;0;2;4;23;B01
201500001629;0;7;0;0;2;1;2;A01
201500001630;0;7;0;0;9;7;16;B01
201500001630;0;30;0;0;2;8;1;A01
201500001631;0;7;0;1;0;2;2;A01
201500001631;0;7;0;0;2;6;2;B01
201500001632;0;7;0;0;1;1;15;A01
201500001633;0;7;0;0;2;1;2;A01
201500001633;0;7;0;0;2;4;2;B01
201500001634;0;15;0;0;2;7;16;A01
201500001634;0;1;0;0;2;7;16;B01
201500001635;0;7;0;0;2;8;15;B01
201500001635;0;33;0;0;2;1;17;A01
201500001636;0;7;0;0;2;5;15;A01
201500001636;0;7;0;0;2;1;1;B01
201500001637;0;1;0;0;2;1;1;B01
201500001637;0;7;0;0;2;2;19;A01
201500001638;0;33;0;0;2;4;23;B01
201500001638;0;7;0;0;2;1;2;A01
201500001639;0;2;0;0;2;2;1;B01
201500001639;0;7;0;0;2;3;9;A01
201500001640;0;7;0;0;1;1;0;A01
201500001641;1;7;0;0;2;2;15;Z01
201500001641;0;2;0;0;2;3;1;B01
201500001642;0;7;0;0;1;1;1;A01
201500001643;0;10;0;0;2;3;15;B01
201500001643;0;1;0;0;2;7;1;A01
201500001644;0;30;0;14;0;1;1;A01
201500001645;0;7;0;0;2;1;13;A01
201500001645;0;38;56;0;2;3;21;B02
201500001646;0;7;0;0;2;5;13;A01
201500001646;0;17;0;0;2;1;1;B02
201500001647;0;7;0;0;2;3;13;A01
201500001647;0;7;0;0;2;3;1;B02
201500001648;0;7;0;0;2;3;13;A01
201500001648;0;17;0;0;2;3;1;B02
201500001649;0;7;0;8;0;2;1;A01
201500001650;0;7;0;0;2;3;21;B02
201500001650;0;7;0;0;2;3;1;A01
201500001651;0;7;0;6;0;1;1;A01
201500001652;0;7;0;0;2;4;1;C03
201500001652;0;7;0;0;2;4;1;B02
201500001652;0;7;0;0;2;1;1;A01
201500001653;0;7;0;0;2;7;17;A01
201500001653;0;1;0;0;2;8;11;B02
201500001654;0;7;0;3;0;4;1;A01
201500001655;0;7;0;0;2;1;19;B02
201500001655;0;7;0;0;2;7;1;A01
201500001656;0;7;0;0;0;2;15;B02
201500001656;0;7;0;0;0;2;1;A01
201500001657;0;7;0;13;0;7;1;A01
201500001658;0;7;0;0;2;3;1;B02
201500001658;0;7;0;0;2;3;17;A01
201500001659;0;7;0;2;0;1;1;A01
201500001660;0;10;0;0;0;6;16;B02
201500001660;0;7;0;0;2;2;1;A01
201500001661;0;7;0;15;0;3;1;A01
201500001662;0;7;0;0;2;7;1;A01
201500001662;0;15;0;0;2;2;1;B02
201500001663;0;20;0;0;2;8;19;B02
201500001663;0;33;0;0;2;1;1;A01
201500001664;0;7;0;13;0;2;14;A01
201500001665;0;7;0;6;0;3;1;A01
201500001666;0;7;0;0;2;1;1;A01
201500001666;0;7;0;0;2;8;19;B02
201500001667;0;7;0;13;0;7;14;A01
201500001668;0;10;0;16;0;9;1;A01
201500001669;0;7;0;0;2;1;1;A01
201500001669;0;7;0;0;2;1;13;B02
201500001670;0;10;0;0;2;3;13;A01
201500001670;0;7;0;0;2;3;1;B02
201500001671;0;7;0;0;2;4;15;B02
201500001671;0;7;0;0;2;1;2;A01
201500001672;0;7;0;2;0;3;1;A01
201500001673;0;7;0;0;2;2;1;A01
201500001673;0;7;0;0;2;7;13;B02
201500001674;0;7;0;13;0;3;1;A01
201500001675;0;7;0;0;2;8;1;B02
201500001675;0;7;0;0;2;3;15;A01
201500001676;0;7;0;0;2;3;1;B02
201500001676;0;7;0;0;2;6;13;A01
201500001677;0;10;0;0;1;2;1;A01
201500001678;0;7;0;0;2;3;2;B02
201500001678;0;7;0;0;2;7;21;C03
201500001678;0;7;0;0;2;5;15;A01
201500001679;0;17;0;0;2;1;1;B02
201500001679;0;7;0;0;2;3;20;A01
201500001680;0;10;0;0;2;3;15;A01
201500001680;0;7;0;0;2;3;1;B02
201500001681;0;33;0;0;2;1;17;A01
201500001681;0;7;0;0;2;1;1;B02
201500001681;0;14;0;0;2;2;1;C03
201500001682;0;30;0;0;2;1;1;A01
201500001682;0;7;0;0;2;2;15;B02
201500001683;0;7;0;8;0;1;1;A01
201500001684;0;31;0;0;2;7;1;B02
201500001684;0;7;0;0;2;1;19;A01
201500001685;0;10;0;0;2;1;1;A01
201500001685;0;1;0;0;2;7;19;B02
201500001686;0;7;0;0;2;3;13;A01
201500001686;0;30;0;0;2;1;1;B02
201500001687;0;7;0;0;1;3;1;A01
201500001688;0;7;0;0;2;2;1;B02
201500001688;0;7;0;0;2;2;13;A01
201500001689;0;7;0;1;0;2;1;A01
201500001690;0;7;0;0;2;8;1;B02
201500001690;0;7;0;0;2;1;19;A01
201500001691;0;7;0;0;2;7;15;A01
201500001691;0;7;0;0;2;1;1;B02
201500001692;0;2;0;0;2;7;1;B02
201500001692;0;31;0;0;2;1;10;A01
201500001693;0;7;0;0;0;9;14;A01
201500001694;0;7;0;13;0;1;1;A01
201500001695;0;7;0;0;2;2;1;A01
201500001695;0;33;0;0;2;1;13;B02
201500001696;0;7;0;8;0;7;1;A01
201500001697;0;7;0;0;2;3;1;B02
201500001697;0;30;0;0;2;2;1;A01
201500001698;0;7;0;0;2;3;6;A01
201500001698;0;7;0;0;2;3;1;B02
201500001699;0;7;0;0;2;3;1;B02
201500001699;0;7;0;0;2;3;13;A01
201500001700;0;33;0;15;0;1;1;A01
201500001701;0;30;0;8;0;1;16;A01
201500001702;0;30;0;0;1;1;1;A01
201500001703;0;7;0;0;2;1;13;A01
201500001703;0;7;0;0;2;1;13;B02
201500001704;0;7;0;0;1;6;4;A01
201500001705;0;7;0;0;1;2;1;A01
201500001706;0;7;0;0;2;1;2;A01
201500001706;0;7;0;0;2;4;1;B02
201500001707;0;7;0;0;2;3;1;B02
201500001707;0;7;0;0;2;3;13;A01
201500001708;0;7;0;2;0;2;1;A01
201500001709;0;21;0;0;2;6;1;B02
201500001709;0;30;0;0;2;3;13;A01
201500001710;0;7;0;2;0;1;1;A01
201500001711;0;7;0;7;0;1;1;A01
201500001712;0;7;0;0;2;3;13;A01
201500001712;0;14;0;0;2;3;1;B02
201500001713;0;7;0;13;0;3;1;A01
201500001714;0;7;0;0;2;1;15;A01
201500001714;0;7;0;0;2;1;1;B02
201500001715;0;7;0;0;1;7;16;A01
201500001716;0;30;0;16;0;8;1;A01
201500001717;0;2;0;16;0;0;1;A01
201500001718;0;36;0;2;0;1;1;A01
201500001719;0;7;0;3;0;9;6;A01
201500001720;0;7;0;0;2;5;16;A01
201500001720;0;1;0;0;2;8;1;B02
201500001721;0;33;0;16;0;7;1;A01
201500001722;0;10;0;0;2;8;9;A01
201500001722;0;33;0;0;2;1;1;B02
201500001723;0;7;0;15;0;1;1;A01
201500001724;0;7;0;0;2;1;1;B02
201500001724;0;7;0;0;2;1;5;A01
201500001725;0;7;0;6;0;1;13;A01
201500001726;0;39;2;0;2;1;1;B02
201500001726;0;7;0;0;4;8;23;A01
201500001727;0;36;0;16;0;3;16;A01
201500001728;0;7;0;13;0;2;1;A01
201500001729;0;7;0;0;2;3;1;B02
201500001729;0;7;0;0;2;3;13;A01
201500001730;0;7;0;15;0;2;1;A01
201500001731;0;2;0;0;1;4;1;A01
201500001732;0;7;0;0;2;3;15;A01
201500001732;0;32;0;0;2;5;17;B02
201500001733;0;34;0;0;2;7;17;B02
201500001733;0;7;0;0;0;3;11;A01
201500001734;0;7;0;0;1;7;1;A01
201500001735;0;7;0;0;2;3;1;B02
201500001735;0;7;0;0;2;3;1;A01
201500001736;0;13;0;0;2;1;1;B02
201500001736;0;7;0;0;2;7;19;A01
201500001737;0;7;0;0;2;1;1;A01
201500001737;0;7;0;0;2;1;15;B02
201500001738;0;7;0;0;2;1;1;A01
201500001738;0;7;0;0;0;8;1;B02
201500001739;0;30;0;12;0;7;1;A01
201500001740;0;7;0;0;2;3;1;B02
201500001740;0;33;0;0;2;1;1;A01
201500001741;0;7;0;2;0;9;1;A01
201500001742;0;7;0;0;2;1;21;B02
201500001742;0;7;0;0;2;1;21;A01
201500001743;0;7;0;0;2;3;15;A01
201500001743;0;30;0;0;2;1;1;B02
201500001744;0;30;0;0;0;7;1;A01
201500001745;0;33;0;0;2;1;5;A01
201500001745;0;7;0;0;2;1;15;B02
201500001746;0;7;0;13;0;0;1;A01
201500001747;0;21;0;0;2;8;1;B02
201500001747;0;7;0;0;2;3;1;A01
201500001748;0;30;0;0;0;4;2;A01
201500001748;2;33;0;0;2;1;2;B02
201500001749;0;7;0;0;1;3;1;A01
201500001750;0;7;0;0;2;3;1;B02
201500001750;0;31;0;0;2;1;13;A01
201500001751;0;7;0;0;1;1;21;A01
201500001752;0;7;0;0;2;2;14;A01
201500001752;0;3;0;0;2;3;1;B02
201500001753;0;7;0;16;0;2;1;A01
201500001754;0;7;0;8;0;1;1;A01
201500001755;0;33;0;0;2;1;1;B02
201500001755;0;7;0;0;0;2;19;A01
201500001756;0;10;0;0;2;1;1;A01
201500001756;0;30;0;0;0;4;15;B02
201500001757;2;7;0;0;2;3;13;A01
201500001757;0;7;0;0;2;1;1;B02
201500001758;0;10;0;0;2;3;15;A01
201500001758;0;10;0;0;2;3;1;B02
201500001759;0;1;0;0;0;6;0;B02
201500001759;0;7;0;0;9;3;15;A01
201500001760;0;7;0;1;0;1;2;A01
201500001761;0;7;0;10;0;2;0;A01
201500001762;0;7;0;0;0;2;13;A01
201500001762;0;7;0;0;0;3;1;B02
201500001763;0;33;0;0;2;1;1;A01
201500001763;0;33;0;0;0;3;15;B02
201500001764;0;7;0;0;1;3;1;A01
201500001765;0;7;0;0;2;1;15;A01
201500001765;0;31;0;0;2;1;1;B02
201500001766;0;7;0;0;2;3;19;A01
201500001766;0;33;0;0;2;1;1;B02
201500001767;0;7;0;0;2;5;1;A01
201500001767;0;2;0;0;2;1;18;B02
201500001768;0;30;0;7;0;1;1;A01
201500001769;0;33;0;0;2;1;14;A01
201500001769;0;33;0;14;0;4;0;B02
201500001770;0;7;0;0;2;2;15;A01
201500001770;0;30;0;0;2;8;1;B02
201500001771;0;7;0;0;2;2;15;A01
201500001771;0;2;0;0;2;1;1;B02
201500001772;0;7;0;0;2;2;1;B02
201500001772;0;7;0;0;2;1;1;C03
201500001772;0;33;0;0;2;3;17;A01
201500001773;0;30;0;0;2;1;0;B02
201500001773;0;7;0;0;2;3;1;A01
201500001774;0;7;0;0;0;3;1;B02
201500001774;0;7;0;0;0;3;5;A01
201500001775;0;7;0;0;2;1;1;B02
201500001775;0;3;0;0;2;1;5;A01
201500001776;0;7;0;0;2;1;1;A01
201500001776;0;7;0;0;2;3;1;C03
201500001776;0;10;0;0;2;7;1;B02
201500001777;0;7;0;0;0;2;21;B02
201500001777;0;2;0;0;0;1;13;A01
201500001778;0;7;0;0;2;1;1;B02
201500001778;0;7;0;0;2;4;1;E05
201500001778;0;13;0;0;2;2;1;D04
201500001778;0;10;0;0;2;1;1;F06
201500001778;0;7;0;0;2;1;1;C03
201500001778;0;7;0;0;2;9;15;A01
201500001779;0;7;0;0;5;3;1;A01
201500001780;0;7;0;8;0;8;1;A01
201500001781;0;7;0;0;2;3;13;A01
201500001781;0;7;0;0;2;3;1;B02
201500001782;0;34;0;13;0;1;14;A01
201500001783;0;7;0;0;2;3;13;A01
201500001783;0;7;0;0;2;3;1;B02
201500001784;0;33;0;0;2;1;1;B02
201500001784;0;7;0;0;2;8;9;A01
201500001785;0;7;0;0;1;3;1;A01
201500001786;0;7;0;0;2;1;13;A01
201500001786;0;7;0;0;2;1;1;B02
201500001787;0;33;0;16;0;1;1;A01
201500001788;0;7;0;2;0;1;19;A01
201500001789;0;7;0;13;0;2;0;A01
201500001790;0;7;0;0;2;1;19;A01
201500001790;0;7;0;0;2;7;1;B02
201500001791;0;30;0;0;1;1;1;A01
201500001792;0;33;0;0;2;7;1;B02
201500001792;0;7;0;0;2;1;9;A01
201500001793;0;7;0;2;0;7;1;A01
201500001794;0;7;0;2;0;1;1;A01
201500001795;0;7;0;0;2;8;13;A01
201500001795;0;7;0;0;2;7;1;B02
201500001796;1;7;0;0;2;3;2;B02
201500001796;0;1;0;0;2;4;2;A01
201500001797;0;7;0;0;0;3;15;A01
201500001797;0;30;0;0;2;2;1;B02
201500001798;0;7;0;0;2;3;13;A01
201500001798;0;30;0;0;2;4;23;B02
201500001799;0;10;0;8;0;2;1;A01
201500001800;0;10;0;8;0;8;1;A01
201500001801;0;33;0;0;2;1;1;B02
201500001801;0;7;0;0;2;6;4;A01
201500001802;0;7;0;0;2;3;13;B02
201500001802;0;7;0;0;2;3;2;A01
201500001803;0;7;0;0;2;1;1;B02
201500001803;0;10;0;0;2;7;19;A01
201500001804;0;31;0;0;2;5;1;A01
201500001804;0;31;0;0;2;3;18;B02
201500001805;1;7;0;0;1;2;1;A01
201500001806;0;10;0;0;9;2;1;A01
201500001806;0;1;0;0;2;4;1;B02
201500001807;0;10;0;13;0;5;1;A01
201500001808;0;7;0;0;2;3;1;B02
201500001808;0;7;0;0;2;3;13;A01
201500001809;0;7;0;16;0;9;1;A01
201500001810;0;33;0;0;2;7;1;A01
201500001810;0;7;0;0;2;2;15;B02
201500001811;0;10;0;2;0;9;13;A01
201500001812;0;33;0;0;2;1;1;B02
201500001812;0;10;0;0;2;7;15;A01
201500001813;0;7;0;0;9;1;1;C03
201500001813;0;15;0;0;0;0;13;A01
201500001814;0;7;0;0;2;1;17;A01
201500001814;0;7;0;0;2;6;1;C03
201500001814;0;7;0;0;2;1;1;B02
201500001815;0;16;0;0;2;2;15;A01
201500001815;0;30;0;0;0;0;5;B02
201500001816;0;30;0;7;0;1;1;A01
201500001817;0;7;0;0;0;0;1;A01
201500001818;0;7;0;13;0;0;5;A01
201500001819;0;7;0;0;1;2;1;A01
201500001820;0;7;0;8;0;7;1;A01
201500001821;0;21;0;0;2;2;15;B02
201500001821;0;33;0;0;2;1;1;A01
201500001822;0;7;0;0;1;1;1;A01
201500001823;0;7;0;0;0;1;13;A01
201500001823;0;7;0;0;0;1;1;B02
201500001824;0;33;0;0;2;1;1;A01
201500001824;0;7;0;0;0;3;19;B02
201500001825;0;7;0;6;0;1;1;A01
201500001826;0;7;0;0;2;3;1;A01
201500001826;0;33;0;0;2;8;0;B02
201500001827;0;30;0;0;2;1;17;A01
201500001827;0;7;0;0;2;8;15;B02
201500001828;0;7;0;0;0;6;23;A01
201500001828;0;30;0;1;0;1;1;B02
201500001829;0;7;0;3;0;9;1;A01
201500001830;0;7;0;0;2;1;1;A01
201500001830;0;7;0;0;2;3;15;B02
201500001831;0;7;0;0;1;2;1;A01
201500001832;0;2;0;0;2;3;19;B02
201500001832;0;7;0;0;2;2;1;A01
201500001833;0;14;0;2;0;8;19;A01
201500001834;0;7;0;2;0;3;1;A01
201500001835;0;10;0;0;1;2;16;A01
201500001836;0;7;0;0;2;8;13;A01
201500001836;0;7;0;0;2;1;1;B02
201500001837;0;33;0;13;0;1;1;A01
201500001838;0;7;0;0;2;4;1;A01
201500001838;0;33;0;0;2;1;1;B02
201500001839;0;10;0;0;2;3;1;B02
201500001839;0;30;0;0;2;2;1;A01
201500001840;0;33;0;13;0;0;17;A01
201500001841;0;7;0;0;2;8;16;B02
201500001841;0;30;0;0;2;7;16;A01
201500001842;0;7;0;2;0;1;1;A01
201500001843;0;7;0;0;2;8;10;A01
201500001843;0;32;0;0;2;1;2;B02
201500001844;0;7;0;6;0;7;1;A01
201500001845;0;7;0;0;1;1;1;A01
201500001846;0;30;0;9;0;7;13;A01
201500001847;0;7;0;0;2;7;15;A01
201500001847;0;30;0;0;2;2;1;B02
201500001848;0;7;0;13;0;1;1;A01
201500001849;0;1;0;0;2;3;9;B02
201500001849;0;7;0;0;2;2;1;A01
201500001850;0;1;0;0;2;4;1;B02
201500001850;0;7;0;0;2;2;1;A01
201500001851;0;33;0;0;2;8;0;B02
201500001851;0;7;0;0;2;3;1;A01
201500001852;0;10;0;0;2;1;0;B02
201500001852;0;7;0;0;2;1;13;A01
201500001853;0;7;0;0;2;1;1;B02
201500001853;0;7;0;0;2;1;15;A01
201500001854;0;7;0;0;2;1;17;A01
201500001854;0;2;0;0;2;1;1;B02
201500001855;0;7;0;0;2;2;13;B02
201500001855;0;7;0;0;2;2;21;A01
201500001856;0;10;0;0;2;6;15;A01
201500001856;0;30;0;0;0;1;1;B02
201500001857;0;21;0;0;2;1;1;B02
201500001857;0;31;0;0;2;1;5;A01
201500001858;0;7;0;0;0;4;1;B02
201500001858;0;7;0;0;2;1;2;A01
201500001859;0;10;0;0;2;3;15;A01
201500001859;0;33;0;0;2;1;17;B02
201500001860;0;7;0;0;1;1;1;A01
201500001861;0;7;0;0;2;1;5;A01
201500001861;0;7;0;0;2;3;1;C03
201500001861;0;33;0;0;2;1;1;B02
201500001862;0;7;0;0;2;3;16;B02
201500001862;0;1;0;0;2;7;1;A01
201500001863;0;7;0;0;2;1;1;B02
201500001863;0;7;0;0;2;4;15;A01
201500001863;0;7;0;0;2;1;1;C03
201500001864;0;32;0;0;2;1;1;A01
201500001864;0;7;0;0;2;8;19;B02
201500001865;0;7;0;2;0;8;0;A01
201500001866;0;10;0;13;0;1;1;A01
201500001867;0;7;0;0;2;1;5;A01
201500001867;0;7;0;0;2;1;1;B02
201500001867;0;7;0;0;2;1;1;C03
201500001868;0;7;0;0;1;2;1;A01
201500001869;0;1;0;0;0;6;15;B02
201500001869;0;7;0;0;0;3;1;A01
201500001870;0;7;0;13;0;2;1;A01
201500001871;0;10;0;13;0;1;1;A01
201500001872;0;10;0;0;1;2;1;A01
201500001873;0;7;0;0;2;3;15;A01
201500001873;0;1;0;0;2;0;1;B02
201500001874;0;2;0;0;2;1;1;B02
201500001874;0;7;0;0;2;1;13;A01
201500001875;0;7;0;0;2;3;19;A01
201500001875;0;7;0;0;2;2;1;B02
201500001876;0;7;0;0;2;1;1;B02
201500001876;0;7;0;0;2;1;13;A01
201500001877;0;7;0;0;2;3;13;A01
201500001877;0;7;0;0;2;3;1;B02
201500001878;0;7;0;0;2;3;1;A01
201500001878;0;32;0;0;2;8;17;B02
201500001879;0;7;0;0;2;1;1;A01
201500001879;0;7;0;0;0;8;9;B02
201500001880;0;7;0;8;2;1;1;A01
201500001880;0;7;0;0;2;2;1;B02
201500001881;0;10;0;0;1;7;1;A01
201500001882;0;7;0;0;0;8;9;A01
201500001882;0;1;0;0;0;7;1;B02
201500001883;0;10;0;0;2;3;13;A01
201500001883;0;10;0;0;2;3;13;B02
201500001884;0;1;0;0;2;5;1;B02
201500001884;0;7;0;0;9;1;1;A01
201500001885;0;30;0;0;0;0;1;A01
201500001885;0;30;0;8;0;1;1;B02
201500001886;0;7;0;0;1;2;1;A01
201500001887;0;10;0;0;1;2;1;A01
201500001888;0;7;0;0;1;1;1;A01
201500001889;0;30;0;0;2;2;15;A01
201500001889;0;10;0;0;2;3;1;B02
201500001890;0;2;0;0;2;7;15;A01
201500001890;0;2;0;0;2;8;15;B02
201500001891;0;34;0;0;2;8;13;A01
201500001891;0;7;0;0;2;7;0;B02
201500001892;0;31;0;16;0;1;1;A01
201500001893;0;7;0;0;2;8;15;A01
201500001893;0;33;0;0;2;1;1;B02
201500001894;0;30;0;0;2;1;1;A01
201500001894;0;7;0;0;2;3;15;B02
201500001895;0;7;0;0;2;3;15;B02
201500001895;0;33;0;0;2;1;17;A01
201500001896;0;2;0;0;2;3;2;A01
201500001896;0;7;0;0;2;5;2;B02
201500001897;0;7;0;0;1;1;1;A01
201500001898;0;33;0;0;2;1;1;B02
201500001898;0;7;0;0;2;2;17;A01
201500001899;0;33;0;0;2;1;0;B02
201500001899;0;7;0;0;2;3;16;A01
201500001900;0;7;0;0;2;7;15;A01
201500001900;0;33;0;0;2;1;1;B02
201500001901;0;7;0;0;1;1;1;A01
201500001902;0;33;0;16;0;9;1;A01
201500001902;0;33;0;16;0;9;1;B02
201500001903;0;7;0;2;0;8;1;A01
201500001904;0;7;0;0;2;2;1;A01
201500001904;0;1;0;0;2;4;1;B02
201500001905;0;7;0;0;1;2;1;A01
201500001906;0;99;0;0;2;3;15;B02
201500001906;0;7;0;0;2;2;1;A01
201500001907;0;7;0;0;2;3;1;B02
201500001907;0;10;0;0;2;3;1;D04
201500001907;0;7;0;0;2;3;1;E05
201500001907;0;7;0;0;2;8;1;C03
201500001907;0;7;0;0;2;1;6;A01
201500001908;0;7;0;13;0;5;1;A01
201500001909;0;7;0;0;1;3;0;A01
201500001910;0;7;0;13;0;3;1;A01
201500001911;0;10;0;0;1;3;17;A01
201500001912;0;33;0;0;2;1;2;A01
201500001912;0;7;0;0;0;3;15;B02
201500001913;0;30;0;0;0;1;5;A01
201500001913;0;7;0;0;0;3;1;B02
201500001914;0;7;0;0;2;2;2;A01
201500001914;0;30;0;0;2;4;11;B02
201500001915;0;30;0;0;0;0;1;A01
201500001916;0;33;0;0;2;2;17;A01
201500001916;0;7;0;0;2;1;1;C03
201500001916;0;7;0;0;2;3;0;D04
201500001916;0;7;0;0;2;3;1;B02
201500001917;0;7;0;0;2;2;17;B02
201500001917;0;7;0;0;2;2;5;A01
201500001918;0;7;0;0;2;5;1;B02