num_acc;senc;catv;occutc;obs;obsm;choc;manv;num_veh
201500001918;0;2;0;0;2;1;2;A01
201500001919;0;7;0;2;0;1;13;A01
201500001920;0;7;0;0;2;6;10;B02
201500001920;0;31;0;0;2;1;1;A01
201500001921;0;30;0;0;2;1;1;A01
201500001921;0;14;0;0;2;5;15;B02
201500001922;0;10;0;8;0;1;0;A01
201500001923;0;7;0;0;2;3;1;A01
201500001923;0;7;0;0;2;1;9;B02
201500001924;0;33;0;0;2;1;1;B02
201500001924;0;14;0;0;2;8;1;A01
201500001925;0;7;0;0;2;1;1;A01
201500001925;0;7;0;0;;;3;C03
201500001925;0;7;0;0;2;7;13;B02
201500001926;0;2;0;0;2;1;1;A01
201500001926;0;10;0;0;2;3;9;B02
201500001927;0;7;0;13;0;2;14;A01
201500001928;0;38;0;0;2;7;13;B02
201500001928;0;7;0;6;2;3;5;A01
201500001929;0;31;0;0;2;1;1;B02
201500001929;0;7;0;0;2;2;15;A01
201500001930;0;7;0;6;2;3;1;A01
201500001930;0;7;0;0;2;3;10;B02
201500001931;0;7;0;0;2;3;1;C03
201500001931;0;7;0;0;2;3;13;A01
201500001931;0;7;0;0;2;3;1;B02
201500001932;0;7;0;0;1;2;1;A01
201500001933;0;7;0;0;1;1;1;A01
201500001934;0;7;0;0;2;3;1;B02
201500001934;0;7;0;0;2;2;13;A01
201500001935;0;33;0;0;2;7;1;A01
201500001935;0;7;0;0;2;1;23;B02
201500001936;0;7;0;0;1;1;1;A01
201500001937;0;33;0;0;2;2;21;A01
201500001937;0;7;0;0;2;1;15;B02
201500001938;0;7;0;0;2;1;2;A01
201500001938;0;2;0;0;2;7;1;B02
201500001939;0;7;0;0;2;8;13;A01
201500001939;0;10;0;0;2;6;1;B02
201500001939;0;7;0;0;2;1;17;C03
201500001940;0;7;0;6;0;1;16;A01
201500001941;0;7;0;10;0;3;1;A01
201500001942;0;7;0;0;2;8;13;A01
201500001942;0;7;0;0;2;8;1;B02
201500001942;0;7;0;0;2;1;1;C03
201500001942;0;7;0;0;2;1;1;D04
201500001943;0;7;0;0;0;1;1;A01
201500001943;0;7;0;0;0;1;1;B02
201500001944;0;7;0;0;1;2;1;A01
201500001945;0;2;0;0;0;0;0;A01
201500001946;0;7;0;0;2;2;13;A01
201500001946;0;7;0;0;2;3;1;B02
201500001947;0;33;0;0;0;8;1;A01
201500001948;0;7;0;0;9;3;13;A01
201500001948;0;30;0;0;2;1;1;B02
201500001949;0;30;0;0;2;1;13;A01
201500001949;0;7;0;13;2;1;1;B02
201500001950;0;7;0;0;2;1;1;A01
201500001950;0;10;0;0;2;1;1;B02
201500001951;0;2;0;0;2;1;15;A01
201500001951;0;7;0;0;2;7;1;B02
201500001952;0;33;0;0;2;1;1;B02
201500001952;0;7;0;0;2;8;19;A01
201500001953;0;7;0;0;2;1;17;A01
201500001953;0;7;0;0;2;1;1;B02
201500001954;0;30;0;2;0;1;14;A01
201500001955;0;7;0;0;2;1;15;A01
201500001955;0;33;0;7;2;8;1;B02
201500001956;0;32;0;0;0;0;1;A01
201500001957;0;10;0;0;2;1;5;A01
201500001957;0;7;0;0;2;1;1;B02
201500001957;0;7;0;0;2;1;1;C03
201500001958;0;7;0;0;2;1;1;B02
201500001958;0;10;0;0;2;2;15;A01
201500001959;0;33;0;7;0;1;16;A01
201500001960;0;7;0;0;2;8;1;A01
201500001960;0;30;0;0;2;1;1;B02
201500001961;0;33;0;0;2;1;17;A01
201500001961;0;7;0;0;2;6;15;B02
201500001962;0;7;0;13;0;1;1;A01
201500001963;0;7;0;0;1;1;1;A01
201500001964;0;7;0;13;0;2;13;A01
201500001965;0;36;0;0;2;3;1;A01
201500001965;0;7;0;0;2;3;1;B02
201500001966;0;7;0;15;2;2;19;A01
201500001966;0;1;0;15;2;1;1;B02
201500001967;0;7;0;0;2;1;15;A01
201500001967;0;7;0;0;2;1;1;B02
201500001968;0;7;0;14;0;1;1;B02
201500001968;0;7;0;14;2;3;19;A01
201500001969;0;7;0;0;2;7;13;A01
201500001969;0;10;0;0;2;1;1;B02
201500001970;0;33;0;13;0;3;14;A01
201500001971;0;7;0;13;0;3;1;A01
201500001972;0;30;0;0;2;1;5;A01
201500001972;0;7;0;0;2;3;1;B02
201500001973;0;7;0;0;0;1;1;B02
201500001973;0;7;0;16;2;4;16;A01
201500001974;0;7;0;0;2;3;15;A01
201500001974;0;2;0;0;2;3;1;B02
201500001975;0;7;0;0;2;1;17;A01
201500001975;0;7;0;0;0;6;15;B02
201500001976;0;2;0;13;0;7;14;A01
201500001977;0;7;0;0;2;3;15;A01
201500001977;0;33;0;0;2;1;1;B02
201500001978;0;2;0;0;0;0;1;A01
201500001979;0;7;0;0;2;2;1;A01
201500001979;0;7;0;0;2;6;19;B02
201500001980;0;10;0;0;2;5;2;A01
201500001980;0;33;0;0;2;1;2;B02
201500001981;0;7;0;0;2;1;13;A01
201500001981;0;7;0;0;2;1;1;B02
201500001982;0;7;0;0;2;1;2;A01
201500001982;0;1;0;0;2;4;2;B02
201500001983;0;7;0;0;2;1;13;A01
201500001983;0;7;0;0;2;3;1;B02
201500001984;0;7;0;13;0;1;14;A01
201500001985;0;7;0;0;1;2;15;A01
201500001986;0;7;0;0;1;2;1;A01
201500001987;0;2;0;0;2;6;15;A01
201500001987;0;2;0;0;2;2;1;B02
201500001988;0;30;0;13;0;1;1;A01
201500001989;0;7;0;13;0;2;13;A01
201500001990;0;7;0;2;0;7;1;A01
201500001991;0;7;0;13;0;0;1;A01
201500001992;0;7;0;6;0;3;1;A01
201500001993;0;7;0;0;1;8;1;A01
201500001994;0;7;0;8;0;2;13;A01
201500001995;0;33;0;13;0;2;1;A01
201500001996;0;7;0;0;1;2;17;A01
201500001997;0;30;0;0;1;1;1;A01
201500001998;0;7;0;8;0;2;1;A01
201500001999;0;10;0;13;0;3;17;A01
201500002000;0;7;0;0;2;2;1;A01
201500002000;0;10;0;0;2;1;1;B02
201500002001;0;7;0;0;2;1;1;C03
201500002001;0;10;0;0;2;3;1;A01
201500002001;0;10;0;0;2;7;1;B02
201500002002;0;7;0;8;0;8;1;A01
201500002003;0;33;0;0;0;7;1;A01
201500002004;0;7;0;13;0;8;1;A01
201500002005;0;7;0;0;2;1;15;A01
201500002005;0;33;0;0;2;1;1;B02
201500002006;0;7;0;11;2;1;6;A01
201500002006;0;7;0;0;2;1;1;B02
201500002007;0;7;0;0;0;8;19;A01
201500002007;0;7;0;0;2;1;1;B02
201500002008;1;7;0;13;0;1;1;A01
201500002009;0;2;0;0;2;2;21;A01
201500002009;0;7;0;0;0;2;9;B02
201500002010;0;7;0;8;0;9;13;A01
201500002011;0;30;0;14;0;8;15;A01
201500002012;0;7;0;0;1;7;1;A01
201500002013;0;7;0;0;2;2;15;A01
201500002013;0;2;0;0;2;1;1;B02
201500002014;0;7;0;0;2;1;1;C03
201500002014;0;7;0;0;2;3;1;B02
201500002014;0;7;0;0;2;3;13;A01
201500002015;0;30;0;0;2;1;17;A01
201500002015;0;7;0;0;2;3;15;B02
201500002016;0;31;0;0;2;1;1;B02
201500002016;0;7;0;0;2;3;9;A01
201500002017;0;7;0;6;0;1;2;A01
201500002018;0;7;0;0;2;2;17;A01
201500002018;0;1;0;0;2;8;13;B02
201500002018;0;7;0;0;2;2;1;C03
201500002019;0;7;0;0;2;2;1;A01
201500002019;0;1;0;0;2;1;1;B02
201500002019;0;1;0;0;2;7;0;C03
201500002020;0;7;0;0;2;2;17;A01
201500002020;0;30;0;0;2;8;15;B02
201500002021;0;7;0;13;0;8;1;A01
201500002022;0;7;0;0;2;3;13;A01
201500002022;0;7;0;0;2;3;1;B02
201500002023;0;7;0;2;0;1;13;A01
201500002024;0;7;0;0;2;3;17;A01
201500002024;0;30;0;0;2;1;1;B02
201500002025;0;31;0;2;0;3;1;A01
201500002026;0;7;0;0;0;2;1;A01
201500002027;0;7;0;0;2;2;1;A01
201500002027;0;1;0;0;2;1;5;B02
201500002028;0;7;0;2;0;2;0;A01
201500002029;0;7;0;0;1;2;2;A01
201500002030;0;7;0;0;2;1;2;A01
201500002030;0;21;0;13;0;6;2;B02
201500002031;0;7;0;0;2;7;19;A01
201500002031;0;2;0;0;2;1;1;B02
201500002032;0;7;0;8;0;2;1;A01
201500002033;0;33;0;13;0;1;1;A01
201500002034;0;7;0;0;2;7;1;A01
201500002034;0;7;0;0;2;1;19;B02
201500002035;0;10;0;16;0;1;2;A01
201500002036;0;7;0;0;0;3;0;A01
201500002036;0;7;0;0;0;2;0;B02
201500002037;0;7;0;0;2;1;17;A01
201500002037;0;7;0;0;0;8;15;B02
201500002038;0;2;0;0;2;7;1;B02
201500002038;0;7;0;0;2;1;1;A01
201500002039;0;7;0;0;2;1;1;A01
201500002039;0;33;0;0;2;4;1;B02
201500002039;0;7;0;0;2;4;1;C03
201500002040;0;7;0;0;2;3;5;A01
201500002040;0;7;0;0;2;3;1;B02
201500002041;0;7;0;6;0;9;1;A01
201500002042;0;10;0;13;0;1;1;A01
201500002043;0;10;0;0;2;1;1;B02
201500002043;0;10;0;0;2;2;1;A01
201500002044;0;7;0;15;0;3;1;A01
201500002045;0;7;0;0;2;3;15;A01
201500002045;0;30;0;0;2;1;1;B02
201500002046;0;7;0;0;0;9;1;A01
201500002047;0;31;0;0;2;1;1;A01
201500002047;0;7;0;0;0;4;19;B02
201500002048;0;33;0;13;0;1;1;A01
201500002049;0;7;0;0;2;1;1;A01
201500002049;0;10;0;0;2;1;1;B02
201500002049;0;10;0;0;2;6;1;C03
201500002050;0;7;0;2;0;9;13;A01
201500002051;0;2;0;0;0;8;1;A01
201500002052;0;10;0;13;0;9;1;A01
201500002053;0;7;0;0;0;6;15;A01
201500002053;0;33;0;0;2;1;2;B02
201500002054;0;7;0;13;0;3;1;A01
201500002055;0;7;0;5;0;1;1;A01
201500002056;0;7;0;0;0;1;5;A01
201500002056;0;7;0;0;0;1;1;B02
201500002057;1;7;0;0;1;1;0;A01
201500002058;0;2;0;12;0;1;1;A01
201500002059;0;7;0;13;0;1;1;A01
201500002060;0;7;0;2;0;1;1;A01
201500002061;0;7;0;0;2;1;1;B02
201500002061;0;7;0;0;2;8;19;A01
201500002062;0;30;0;0;0;0;1;A01
201500002063;0;7;0;8;0;2;1;A01
201500002064;0;7;0;0;2;3;5;A01
201500002064;0;7;0;0;2;3;1;B02
201500002065;0;2;0;0;2;1;9;A01
201500002065;0;7;0;0;2;5;15;B02
201500002066;0;7;0;0;2;2;19;A01
201500002066;0;7;0;0;2;1;1;B02
201500002067;0;7;0;10;0;8;1;A01
201500002068;0;33;0;0;0;1;1;A01
201500002069;0;7;0;0;2;3;0;A01
201500002069;0;7;0;0;2;3;1;B02
201500002070;0;33;0;0;0;8;1;A01
201500002071;0;30;0;14;0;1;0;A01
201500002072;0;33;0;0;2;1;17;A01
201500002072;0;21;0;0;2;3;15;B02
201500002073;0;33;0;13;0;1;0;A01
201500002074;0;7;0;0;2;1;15;A01
201500002074;0;7;0;0;2;1;1;B02
201500002075;0;7;0;13;0;2;1;A01
201500002076;0;7;0;2;0;2;1;A01
201500002077;0;7;0;0;2;2;1;A01
201500002077;0;7;0;0;2;1;15;B02
201500002078;0;7;0;13;0;0;1;A01
201500002079;0;7;0;13;0;0;1;A01
201500002080;0;7;0;0;2;1;13;A01
201500002080;0;7;0;0;2;1;1;B02
201500002081;0;33;0;0;2;1;13;A01
201500002081;0;7;0;0;2;3;1;B02
201500002082;0;7;0;0;2;3;15;A01
201500002082;0;33;0;0;2;8;1;B02
201500002083;0;7;0;8;0;2;1;A01
201500002084;0;10;0;0;2;3;1;A01
201500002084;0;1;0;0;2;1;1;B02
201500002085;0;2;0;0;2;1;17;A01
201500002085;0;7;0;0;2;1;1;B02
201500002086;0;7;0;0;1;8;1;A01
201500002087;0;7;0;13;0;3;13;A01
201500002088;0;7;0;13;0;1;1;A01
201500002089;0;7;0;0;1;7;1;A01
201500002090;0;33;0;2;0;1;1;A01
201500002091;0;14;0;0;2;2;15;A01
201500002091;0;33;0;0;2;8;1;B02
201500002092;0;7;0;6;0;9;19;A01
201500002093;0;33;0;0;2;0;1;B02
201500002093;0;7;0;0;0;8;10;A01
201500002094;0;7;0;0;0;3;1;A01
201500002094;0;7;0;0;0;3;1;B02
201500002095;0;7;0;0;2;1;1;A01
201500002095;0;21;0;0;2;4;15;B02
201500002096;0;7;0;6;0;1;15;A01
201500002097;0;2;0;2;0;1;13;A01
201500002098;0;7;0;10;0;1;13;A01
201500002099;0;10;0;0;2;1;15;A01
201500002099;0;30;0;0;2;8;1;B02
201500002100;0;3;0;0;1;3;1;A01
201500002101;0;7;0;2;0;8;1;A01
201500002102;0;7;0;0;1;1;1;A01
201500002103;0;7;0;8;0;2;1;A01
201500002104;0;7;0;13;0;9;1;A01
201500002105;0;7;0;0;2;3;1;A01
201500002105;0;7;0;0;2;1;1;B02
201500002106;0;7;0;0;2;2;1;A01
201500002106;0;7;0;0;2;3;9;B02
201500002107;0;7;0;13;0;9;1;A01
201500002108;0;33;0;0;2;8;1;A01
201500002108;0;10;0;0;2;6;15;B02
201500002109;0;7;0;0;2;3;9;B02
201500002109;0;30;0;0;2;1;1;A01
201500002110;0;7;0;0;1;3;1;A01
201500002111;0;7;0;0;0;3;0;A01
201500002111;0;7;0;0;0;3;0;B02
201500002112;0;7;0;13;0;2;1;A01
201500002113;0;7;0;0;0;0;0;A01
201500002114;0;7;0;0;2;1;11;A01
201500002114;0;7;0;0;0;1;1;B02
201500002115;0;7;0;0;1;2;1;A01
201500002116;0;7;0;0;0;1;13;A01
201500002116;0;7;0;0;0;1;0;B02
201500002117;0;7;0;13;0;7;1;A01
201500002118;0;7;0;0;0;1;1;A01
201500002119;0;7;0;0;0;9;1;A01
201500002120;0;7;0;0;2;2;15;A01
201500002120;0;7;0;3;2;1;1;B02
201500002121;0;7;0;0;2;1;19;A01
201500002121;0;7;0;0;2;3;1;B02
201500002122;0;7;0;0;1;2;1;A01
201500002123;0;7;0;0;2;2;15;A01
201500002123;0;1;0;0;2;1;1;B02
201500002124;0;7;0;0;2;8;1;A01
201500002124;0;33;0;0;2;8;1;B02
201500002125;0;3;0;3;0;8;1;A01
201500002126;0;7;0;0;2;3;13;A01
201500002126;0;10;0;0;2;3;1;B02
201500002126;0;10;0;0;2;8;1;C03
201500002127;0;7;0;1;1;1;13;A01
201500002128;0;7;0;13;0;9;13;A01
201500002129;0;10;0;0;2;8;17;A01
201500002129;0;33;0;0;2;2;17;B02
201500002130;0;31;0;0;2;1;1;A01
201500002130;0;7;0;0;2;3;15;B02
201500002131;0;7;0;0;1;1;1;A01
201500002132;0;7;0;0;2;3;1;A01
201500002132;0;7;0;0;2;3;1;B02
201500002133;0;7;0;0;2;1;1;A01
201500002133;0;7;0;0;2;2;1;B01
201500002134;0;30;0;0;0;1;1;A01
201500002135;0;7;0;0;1;7;1;A01
201500002136;0;7;0;0;2;1;19;A01
201500002136;0;7;0;0;2;8;15;B01
201500002137;0;2;0;0;2;1;1;B01
201500002137;0;7;0;0;2;2;15;A01
201500002138;0;7;0;0;2;1;16;A01
201500002138;0;7;0;0;2;7;0;B01
201500002139;0;7;0;0;1;2;15;A01
201500002140;0;7;0;0;2;3;1;B02
201500002140;0;7;0;0;2;3;13;A01
201500002141;0;7;0;5;0;9;1;A01
201500002142;0;7;0;0;2;1;17;A01
201500002142;0;7;0;0;2;1;1;B02
201500002143;0;7;0;8;0;1;1;A01
201500002144;0;7;0;0;0;3;1;B02
201500002144;0;7;0;0;0;8;1;A01
201500002145;2;7;0;0;2;2;14;B02
201500002145;0;1;0;0;2;4;1;A01
201500002146;0;7;0;13;0;2;1;A01
201500002147;0;14;0;0;1;3;1;A01
201500002148;0;7;0;4;0;1;1;A01
201500002149;0;7;0;0;0;2;0;A01
201500002149;0;1;0;0;0;3;0;B02
201500002150;0;7;0;0;0;1;0;B02
201500002150;0;33;0;0;2;2;13;A01
201500002151;0;31;0;0;2;1;1;B02
201500002151;0;7;0;0;9;1;17;A01
201500002152;0;10;0;8;0;3;1;A01
201500002153;0;33;0;0;2;1;1;B02
201500002153;0;15;0;0;2;8;15;A01
201500002154;0;7;0;0;1;1;1;A01
201500002155;0;33;0;1;0;8;13;A01
201500002155;0;7;0;0;0;3;24;B02
201500002156;0;7;0;0;2;1;1;B02
201500002156;0;7;0;0;2;7;6;A01
201500002157;0;2;0;0;2;3;1;A01
201500002157;0;21;0;0;0;3;23;B02
201500002158;0;7;0;0;2;2;1;B02
201500002158;0;7;0;0;2;3;9;A01
201500002159;0;7;0;0;2;1;19;C03
201500002159;0;7;0;0;2;8;2;A01
201500002159;0;7;0;0;2;1;2;B02
201500002160;0;2;0;0;0;2;21;A01
201500002161;0;7;0;0;2;2;15;A01
201500002161;0;7;0;0;2;1;1;B02
201500002162;0;10;0;0;2;3;21;A01
201500002162;0;7;0;0;2;0;11;B02
201500002163;0;1;0;0;9;1;1;B02
201500002163;0;1;0;0;0;4;1;A01
201500002164;0;1;0;0;2;8;1;B02
201500002164;0;7;0;0;2;7;17;A01
201500002165;0;33;0;0;2;1;1;B02
201500002165;0;3;0;0;2;8;13;A01
201500002166;0;33;0;0;0;1;1;A01
201500002167;0;33;0;13;0;1;1;A01
201500002168;0;7;0;0;2;1;13;A01
201500002168;0;7;0;0;2;1;1;B02
201500002169;0;7;0;0;0;2;1;A01
201500002170;0;7;0;0;2;1;17;B02
201500002170;0;7;0;0;2;3;1;A01
201500002171;0;7;0;0;2;1;1;B02
201500002171;0;7;0;0;2;1;13;A01
201500002172;0;7;0;0;2;1;1;A01
201500002172;0;7;0;0;2;1;13;B02
201500002173;0;7;0;0;2;2;1;A01
201500002173;0;7;0;0;2;1;0;B02
201500002174;0;7;0;2;0;1;13;A01
201500002175;0;7;0;0;1;3;19;A01
201500002176;0;7;0;2;0;3;0;A01
201500002177;0;7;0;0;2;2;0;A01
201500002177;0;7;0;0;2;6;0;B02
201500002178;0;7;0;0;2;1;2;A01
201500002178;0;1;0;0;2;8;15;B02
201500002179;0;7;0;13;0;3;13;A01
201500002180;0;30;0;0;2;1;1;B02
201500002180;0;7;0;0;0;3;15;A01
201500002181;0;7;0;0;2;3;1;A01
201500002181;0;10;0;0;2;3;13;B02
201500002182;0;7;0;1;0;3;1;A01
201500002183;0;33;0;0;2;1;17;A01
201500002183;0;7;0;0;2;8;15;B02
201500002184;0;2;0;0;2;1;1;A01
201500002184;0;7;0;0;2;3;15;B02
201500002185;0;10;0;13;0;8;13;A01
201500002186;0;7;0;0;0;0;0;A01
201500002187;0;7;0;6;0;8;1;A01
201500002188;0;7;0;13;0;3;1;A01
201500002189;0;7;0;13;2;1;1;A01
201500002189;0;14;0;0;2;1;1;B02
201500002190;0;7;0;13;0;0;1;A01
201500002191;0;7;0;13;0;3;1;A01
201500002192;0;7;0;0;2;3;1;A01
201500002192;0;99;0;0;2;2;5;B02
201500002193;0;7;0;0;2;3;1;C03
201500002193;0;7;0;0;2;3;13;A01
201500002193;0;7;0;0;9;3;1;E05
201500002193;0;7;0;0;2;3;1;D04
201500002193;0;7;0;0;2;3;1;B02
201500002194;0;2;0;0;2;3;1;B02
201500002194;1;7;0;0;2;3;1;A01
201500002195;0;7;0;13;0;1;14;A01
201500002196;0;7;0;13;0;0;1;A01
201500002197;0;7;0;0;2;1;13;A01
201500002197;0;7;0;0;2;1;1;B02
201500002198;0;7;0;0;2;2;9;A01
201500002198;0;30;0;0;2;3;9;B02
201500002199;0;7;0;0;0;7;19;A01
201500002199;0;10;0;0;2;1;0;B02
201500002200;0;7;0;13;0;9;13;A01
201500002201;0;10;0;13;0;2;1;A01
201500002202;0;2;0;0;2;1;1;A01
201500002202;0;38;0;0;0;8;1;B02
201500002203;0;7;0;0;2;1;13;A01
201500002203;0;7;0;0;2;3;1;B02
201500002204;0;33;0;0;2;1;1;A01
201500002204;0;7;0;0;2;2;19;B02
201500002205;0;7;0;13;0;1;1;A01
201500002206;0;7;0;2;0;2;1;A01
201500002207;0;7;0;0;2;2;1;C03
201500002207;0;7;0;0;2;2;13;A01
201500002207;0;7;0;0;2;6;1;B02
201500002207;0;7;0;0;2;1;1;D04
201500002208;0;7;0;0;2;4;2;B02
201500002208;0;7;0;0;2;1;2;A01
201500002208;0;21;0;0;2;4;2;C03
201500002209;0;7;0;13;0;3;1;A01
201500002210;0;7;0;6;0;1;1;A01
201500002211;0;3;0;0;2;2;1;A01
201500002211;0;33;0;0;2;2;1;B02
201500002212;0;7;0;0;2;3;15;A01
201500002212;0;7;0;0;2;3;1;B02
201500002213;0;33;0;0;2;1;1;B02
201500002213;0;7;0;0;2;7;19;A01
201500002214;0;7;0;0;2;7;1;A01
201500002214;0;7;0;0;2;1;19;B02
201500002215;0;7;0;0;1;1;1;A01
201500002216;0;7;0;0;1;1;1;A01
201500002217;0;33;0;16;5;8;21;A01
201500002218;0;7;0;13;0;3;1;A01
201500002219;0;7;0;0;2;0;1;A01
201500002219;0;7;0;0;2;7;0;B02
201500002220;0;33;0;0;0;0;1;A01
201500002221;0;7;0;0;2;8;1;B02
201500002221;0;30;0;0;2;7;1;A01
201500002222;0;7;0;0;9;0;0;C03
201500002222;0;7;0;0;2;0;0;B02
201500002222;0;7;0;0;2;3;0;A01
201500002223;0;7;0;0;0;0;13;A01
201500002224;0;10;0;0;2;2;17;A01
201500002224;0;1;0;0;2;3;1;B02
201500002225;0;7;0;0;2;1;1;B02
201500002225;0;7;0;0;2;1;13;A01
201500002226;0;33;0;0;2;1;1;B02
201500002226;0;7;0;0;2;1;15;A01
201500002227;0;7;0;0;2;1;1;A01
201500002227;0;7;0;0;2;1;23;C03
201500002227;0;7;0;0;2;7;15;B02
201500002228;0;21;0;0;1;3;2;A01
201500002229;0;7;0;0;2;3;1;B02
201500002229;0;7;0;0;2;3;1;A01
201500002230;0;33;0;0;2;2;17;A01
201500002230;0;21;0;0;2;3;15;B02
201500002231;0;99;0;0;0;3;1;A01
201500002232;0;7;0;0;2;6;4;A01
201500002232;0;2;0;0;2;1;1;B02
201500002233;0;7;0;0;2;2;1;A01
201500002233;0;7;0;0;2;3;1;B02
201500002234;0;7;0;0;2;1;13;B02
201500002234;0;21;0;0;0;6;15;A01
201500002235;0;7;0;8;0;1;14;A01
201500002236;0;7;0;0;1;1;9;A01
201500002237;0;7;0;0;2;1;13;A01
201500002237;0;7;0;0;2;1;1;B02
201500002238;0;1;0;0;2;4;2;B02
201500002238;0;7;0;0;9;3;2;A01
201500002239;0;7;0;0;1;0;1;A01
201500002240;0;14;0;0;2;3;1;A01
201500002240;0;33;0;0;2;1;13;B02
201500002241;0;7;0;6;0;4;16;B02
201500002241;0;7;0;0;2;1;1;A01
201500002242;0;31;0;0;2;7;17;A01
201500002242;0;10;0;0;2;3;13;B02
201500002243;0;7;0;0;2;3;1;B02
201500002243;0;7;0;0;2;1;1;A01
201500002244;0;33;0;13;0;1;1;A01
201500002245;0;1;0;0;2;1;1;A01
201500002245;0;7;0;0;9;2;1;B02
201500002246;0;7;0;0;2;1;2;A01
201500002246;0;7;0;0;2;1;13;B02
201500002247;0;10;0;2;0;1;13;A01
201500002248;0;1;0;0;2;4;2;B02
201500002248;0;10;0;0;2;2;2;A01
201500002249;0;7;0;0;2;3;15;A01
201500002249;0;7;0;0;2;3;1;B02
201500002250;0;7;0;0;2;3;1;B02
201500002250;0;7;0;0;2;1;15;A01
201500002250;0;7;0;0;2;3;1;C03
201500002251;0;7;0;0;2;3;13;A01
201500002251;0;10;0;0;2;3;1;B02
201500002252;0;33;0;3;0;1;1;A01
201500002253;0;7;0;0;2;3;13;A01
201500002253;0;7;0;0;2;3;1;B02
201500002254;0;33;0;0;2;1;1;B02
201500002254;0;7;0;0;2;8;17;A01
201500002255;0;30;0;0;2;1;1;A01
201500002255;0;7;0;0;2;2;1;B02
201500002256;0;7;0;0;2;1;13;A01
201500002256;0;7;0;0;2;1;1;B02
201500002257;0;7;0;0;2;3;13;A01
201500002257;0;7;0;0;2;3;1;B02
201500002258;0;7;0;2;0;8;14;A01
201500002259;0;2;0;0;2;1;1;A01
201500002259;0;7;0;0;2;1;15;B02
201500002260;0;7;0;2;0;1;1;A01
201500002261;0;7;0;6;1;6;13;A01
201500002262;0;7;0;0;2;1;1;A01
201500002262;0;7;0;0;2;4;1;B02
201500002262;0;7;0;0;2;4;1;C03
201500002263;0;7;0;0;2;7;1;B02
201500002263;0;7;0;0;2;1;16;A01
201500002264;0;7;0;2;0;3;1;A01
201500002265;0;7;0;0;2;8;19;A01
201500002265;0;7;0;0;2;1;1;B02
201500002266;0;31;0;0;2;1;5;A01
201500002266;0;7;0;0;2;3;0;B02
201500002267;0;21;0;0;2;6;1;B02
201500002267;0;7;0;0;2;2;1;A01
201500002268;0;7;0;13;0;1;1;A01
201500002269;0;7;0;0;1;2;1;A01
201500002270;0;30;0;0;2;1;0;A01
201500002270;0;7;0;1;0;1;2;B02
201500002271;0;7;0;0;1;2;1;A01
201500002272;0;7;0;0;0;0;0;A01
201500002273;0;10;0;0;2;3;1;B02
201500002273;0;7;0;0;2;1;13;A01
201500002274;0;31;0;0;2;1;13;A01
201500002274;0;7;0;0;9;3;1;B02
201500002275;0;7;0;13;0;1;1;A01
201500002276;0;7;0;0;1;1;1;A01
201500002277;0;2;0;0;2;1;1;B02
201500002277;0;7;0;9;2;7;17;A01
201500002278;0;7;0;0;2;3;17;A01
201500002278;0;7;0;0;2;3;9;B02
201500002279;0;7;0;0;2;1;1;B02
201500002279;0;7;0;0;2;7;1;A01
201500002280;0;33;0;0;2;8;2;D04
201500002280;0;33;0;0;2;4;2;A01
201500002280;0;33;0;0;2;1;2;B02
201500002280;0;33;0;0;2;7;2;C03
201500002281;0;7;0;0;1;3;1;A01
201500002282;1;7;0;0;1;2;2;A01
201500002283;0;2;0;0;2;7;19;B02
201500002283;0;7;0;0;2;1;1;A01
201500002284;0;7;0;0;2;2;1;C03
201500002284;0;7;0;0;2;2;13;A01
201500002284;0;7;0;0;2;2;1;B02
201500002285;0;7;0;0;2;2;1;A01
201500002285;0;7;0;0;2;3;1;B02
201500002286;0;7;0;3;2;1;1;B02
201500002286;0;10;0;3;2;1;1;D04
201500002286;0;7;0;3;0;1;1;A01
201500002286;1;14;0;0;0;0;0;E05
201500002286;0;7;0;3;0;1;1;C03
201500002287;0;7;0;0;0;1;1;A01
201500002288;0;7;0;0;2;1;1;B02
201500002288;0;7;0;0;2;8;0;A01
201500002289;0;30;0;8;0;1;1;A01
201500002290;0;7;0;0;2;2;13;A01
201500002290;0;7;0;0;2;1;2;C03
201500002290;0;7;0;0;2;1;1;B02
201500002291;0;7;0;0;2;1;1;A01
201500002291;0;7;0;0;0;4;23;C03
201500002291;0;7;0;0;0;4;23;B02
201500002292;0;7;0;0;2;2;1;A01
201500002292;0;1;0;0;2;3;15;B02
201500002293;0;7;0;8;0;1;14;A01
201500002294;0;14;0;0;2;1;1;B02
201500002294;0;14;0;0;2;1;13;A01
201500002295;0;7;0;9;0;7;1;A01
201500002296;0;10;0;0;2;2;1;B02
201500002296;0;7;0;0;2;5;19;A01
201500002297;0;7;0;0;2;1;1;A01
201500002297;0;7;0;0;2;3;5;C03
201500002297;0;7;0;0;2;4;15;B02
201500002298;0;7;0;13;0;9;1;A01
201500002298;0;7;0;14;0;3;1;B02
201500002299;0;1;0;0;0;8;15;B02
201500002299;0;7;0;0;0;7;17;A01
201500002300;0;30;0;0;2;1;1;B02
201500002300;0;10;0;0;2;3;19;A01
201500002301;0;7;0;0;2;1;1;B02