num_acc;senc;catv;occutc;obs;obsm;choc;manv;num_veh
201500002301;0;7;0;0;2;2;13;A01
201500002302;0;10;0;2;0;1;13;A01
201500002303;0;7;0;0;2;1;9;A01
201500002303;0;30;0;0;2;7;1;B02
201500002304;0;1;0;0;2;0;11;B02
201500002304;0;7;0;0;2;2;1;A01
201500002305;0;7;0;0;2;3;1;A01
201500002305;0;33;0;0;2;3;1;B02
201500002306;0;30;0;0;0;8;1;A01
201500002307;0;7;0;0;1;2;19;A01
201500002308;0;7;0;0;1;1;1;A01
201500002309;0;7;0;2;0;1;1;A01
201500002310;0;7;0;0;2;0;1;B02
201500002310;0;7;0;0;0;1;13;A01
201500002310;0;7;0;0;2;1;2;C03
201500002311;0;10;0;2;0;1;5;A01
201500002312;0;21;0;0;2;1;1;C03
201500002312;0;21;0;0;2;6;1;B02
201500002312;0;7;0;0;2;1;1;A01
201500002313;0;7;0;0;2;1;19;A01
201500002313;0;1;0;0;2;8;1;B02
201500002314;0;7;0;0;2;3;1;B02
201500002314;0;7;0;0;2;3;5;A01
201500002315;0;7;0;16;0;1;1;A01
201500002316;0;7;0;0;0;0;24;D02
201500002316;0;7;0;1;0;1;1;A01
201500002317;0;7;0;6;0;1;1;A01
201500002318;0;7;0;0;2;1;13;A01
201500002318;0;7;0;0;2;1;1;B02
201500002319;0;7;0;0;1;3;1;A01
201500002320;0;7;0;0;2;3;17;A01
201500002320;0;7;0;0;2;3;1;B02
201500002321;0;7;0;0;2;8;9;A01
201500002321;0;2;0;0;2;1;0;B02
201500002322;0;7;0;2;0;8;1;A01
201500002323;0;7;0;0;2;1;1;A01
201500002323;0;17;0;0;2;8;1;B02
201500002324;0;7;0;16;0;8;1;A01
201500002325;0;7;0;2;0;7;1;A01
201500002326;0;33;0;2;0;1;14;A01
201500002327;0;7;0;0;2;1;1;A01
201500002327;0;7;0;0;0;4;15;B02
201500002328;0;30;0;0;2;1;5;A01
201500002328;0;7;0;0;2;3;1;B02
201500002329;0;30;0;0;2;2;19;B02
201500002329;0;7;0;0;2;1;1;A01
201500002330;0;7;0;0;2;1;13;A01
201500002330;0;7;0;0;2;1;1;B02
201500002331;0;7;0;0;2;3;15;B02
201500002331;0;33;0;0;2;1;17;A01
201500002332;0;7;0;0;9;2;17;A01
201500002332;0;1;0;0;2;9;15;B02
201500002333;0;7;0;0;0;3;1;B02
201500002333;0;7;0;0;2;3;13;A01
201500002334;0;7;0;0;2;8;15;B02
201500002334;0;30;0;0;2;7;17;A01
201500002335;0;7;0;0;2;3;15;B02
201500002335;0;33;0;0;2;1;17;A01
201500002336;0;2;0;0;2;1;1;B02
201500002336;0;7;0;0;2;3;17;A01
201500002337;0;33;0;0;2;1;13;A01
201500002337;0;7;0;0;2;1;1;B02
201500002338;0;7;0;2;0;3;13;A01
201500002339;0;21;0;0;0;4;1;B02
201500002339;0;2;0;0;2;1;1;A01
201500002340;0;7;0;0;2;8;1;B02
201500002340;0;10;0;0;2;2;1;A01
201500002341;0;7;0;0;2;1;0;B02
201500002341;0;7;0;0;2;1;17;A01
201500002342;0;7;0;0;2;1;1;A01
201500002342;0;7;0;0;0;8;9;B02
201500002343;0;7;0;0;2;2;15;A01
201500002343;0;7;0;0;2;1;1;B02
201500002344;0;14;0;0;2;3;1;B02
201500002344;0;7;0;0;2;3;1;A01
201500002345;0;1;0;0;2;4;1;B02
201500002345;0;7;0;0;2;2;17;A01
201500002346;0;10;0;0;1;3;1;A01
201500002347;0;7;0;0;2;8;15;A01
201500002347;0;30;0;0;2;3;1;B02
201500002348;0;7;0;0;2;3;1;B02
201500002348;0;7;0;0;2;3;13;A01
201500002349;0;7;0;0;2;3;1;B02
201500002349;0;30;0;0;2;3;13;A01
201500002350;0;7;0;6;0;1;1;A01
201500002351;0;10;0;12;0;0;1;A01
201500002352;0;1;0;0;2;4;1;A01
201500002353;0;7;0;8;0;1;14;A01
201500002354;0;7;0;3;0;1;14;A01
201500002355;0;7;0;0;2;2;15;A01
201500002355;0;3;0;0;2;1;1;B02
201500002356;0;32;0;13;0;1;1;A01
201500002357;0;2;0;0;2;8;1;B02
201500002357;0;7;0;0;2;2;15;A01
201500002358;0;7;0;0;1;7;1;A01
201500002359;0;1;0;0;2;1;15;B02
201500002359;0;33;0;0;2;5;16;A01
201500002360;0;7;0;0;1;1;1;A01
201500002361;0;7;0;0;2;1;1;B02
201500002361;0;21;0;0;2;5;15;A01
201500002362;0;7;0;2;0;2;0;A01
201500002363;0;36;0;0;0;0;1;A01
201500002363;0;36;0;0;0;0;0;B02
201500002363;0;36;0;0;0;0;1;C03
201500002364;0;7;0;0;2;1;19;A01
201500002364;0;7;0;0;0;7;1;B02
201500002365;0;33;0;0;2;3;1;A01
201500002365;0;7;0;0;2;8;19;B02
201500002366;0;30;0;0;1;1;1;A01
201500002367;0;7;0;0;2;3;13;A01
201500002367;0;7;0;0;2;1;1;B02
201500002368;0;7;0;0;0;1;1;B02
201500002368;0;7;0;16;0;1;1;A01
201500002369;0;10;0;0;2;2;1;A01
201500002369;0;20;0;0;2;1;19;B02
201500002370;0;7;0;0;1;2;1;A01
201500002371;0;7;0;8;0;6;0;A01
201500002372;0;1;0;0;2;3;2;B02
201500002372;0;7;0;0;2;2;2;A01
201500002373;0;30;0;0;2;1;21;B02
201500002373;0;30;0;2;0;2;14;A01
201500002374;0;7;0;0;2;1;1;B02
201500002374;0;7;0;0;2;1;1;A01
201500002374;0;7;0;0;9;1;1;C03
201500002375;0;7;0;2;0;1;1;A01
201500002376;0;33;0;0;2;8;1;B02
201500002376;0;7;0;0;2;3;1;A01
201500002377;0;7;0;0;2;1;15;A01
201500002377;0;7;0;0;2;1;1;B02
201500002378;0;7;0;0;0;1;13;A01
201500002378;0;10;0;0;2;3;1;C03
201500002378;0;7;0;0;2;1;1;B02
201500002379;0;7;0;0;9;4;24;B02
201500002379;0;1;0;1;0;1;1;A01
201500002380;0;7;0;2;0;3;14;A01
201500002381;0;7;0;10;0;1;1;A01
201500002382;0;3;0;0;2;1;1;B02
201500002382;0;7;0;0;2;8;19;A01
201500002383;0;7;0;6;0;1;1;A01
201500002384;0;7;0;0;2;3;1;B02
201500002384;0;7;0;0;2;3;13;A01
201500002385;0;7;0;0;2;7;13;A01
201500002385;0;7;0;0;2;1;1;B02
201500002386;0;7;0;0;2;1;1;B02
201500002386;0;3;0;0;2;7;19;A01
201500002387;0;7;0;0;2;1;19;A01
201500002387;0;7;0;0;2;2;1;B02
201500002388;0;7;0;0;2;3;1;B02
201500002388;0;2;0;0;2;1;13;A01
201500002389;0;2;0;0;2;1;1;A01
201500002389;0;7;0;0;2;4;1;B02
201500002390;0;7;0;0;2;1;1;C03
201500002390;0;7;0;0;2;3;1;B02
201500002390;0;7;0;0;2;1;13;A01
201500002391;0;7;0;0;1;3;1;A01
201500002392;0;7;0;0;1;2;2;A01
201500002393;0;7;0;13;0;1;1;A01
201500002394;0;7;0;0;0;1;0;B02
201500002394;0;7;0;0;0;8;19;A01
201500002395;0;7;0;13;0;1;13;A01
201500002396;0;33;0;0;2;1;1;B02
201500002396;0;14;0;0;2;7;15;A01
201500002397;0;14;0;0;2;3;1;C03
201500002397;0;7;0;0;2;2;14;A01
201500002397;0;7;0;0;9;1;1;D04
201500002397;0;20;0;0;2;6;1;B02
201500002398;0;33;0;0;6;1;1;A01
201500002398;0;33;0;0;0;6;21;B02
201500002399;0;1;0;0;0;4;0;B02
201500002399;0;10;0;0;2;1;1;A01
201500002400;0;10;0;1;0;1;1;A01
201500002400;0;7;0;0;2;1;1;C03
201500002400;0;7;0;0;2;4;23;B02
201500002400;0;7;0;0;2;6;23;D04
201500002401;0;7;0;0;2;8;15;A01
201500002401;0;7;0;0;2;1;1;B02
201500002402;0;7;0;0;0;0;1;A01
201500002403;0;10;0;0;0;3;15;A01
201500002403;0;33;0;0;2;1;2;B02
201500002404;0;7;0;0;2;0;9;B01
201500002404;0;32;0;0;2;1;1;A01
201500002405;0;33;0;13;0;1;1;A01
201500002406;0;7;0;0;2;8;1;A01
201500002406;0;32;0;0;2;1;9;B02
201500002407;0;7;0;0;0;1;16;A01
201500002407;0;33;0;0;0;8;23;B02
201500002408;0;33;0;0;0;0;16;A01
201500002409;0;10;0;0;0;1;9;A01
201500002409;0;33;0;0;0;5;16;B02
201500002410;0;7;0;0;2;2;15;A01
201500002410;0;31;0;0;2;1;1;B02
201500002411;0;31;0;0;0;0;0;A01
201500002412;0;2;0;0;2;1;1;B02
201500002412;0;7;0;0;2;3;15;A01
201500002413;0;7;0;0;2;3;1;A01
201500002413;0;7;0;0;2;2;13;B02
201500002414;0;7;0;2;0;3;1;A01
201500002415;0;7;0;0;2;3;13;A01
201500002415;0;7;0;0;2;3;1;B02
201500002416;0;7;0;0;1;3;1;A01
201500002417;0;7;0;0;0;4;0;B02
201500002417;0;7;0;0;0;1;0;A01
201500002418;0;33;0;0;2;2;1;A01
201500002418;0;7;0;0;2;1;0;B01
201500002419;0;7;0;0;2;5;1;A01
201500002419;0;30;0;0;2;1;1;B02
201500002420;0;33;0;0;2;1;1;B02
201500002420;0;10;0;0;0;2;9;A01
201500002421;0;7;0;0;0;8;9;A01
201500002421;0;30;0;0;2;1;1;B02
201500002422;0;7;0;0;2;4;2;B02
201500002422;0;7;0;0;2;4;2;C03
201500002422;0;7;0;0;2;1;2;A01
201500002423;0;7;0;0;2;4;15;B02
201500002423;0;30;0;0;2;1;17;A01
201500002424;0;33;0;0;2;0;2;A01
201500002424;0;7;0;0;0;5;2;B02
201500002425;0;33;0;0;2;8;1;B02
201500002425;0;7;0;0;2;6;15;A01
201500002426;0;33;0;0;2;7;17;B02
201500002426;0;7;0;0;2;8;17;A01
201500002427;0;33;0;13;0;1;13;A01
201500002428;0;7;0;0;2;7;1;B02
201500002428;0;7;0;0;2;1;1;A01
201500002429;0;7;0;0;2;8;1;A01
201500002429;0;7;0;0;2;2;0;B02
201500002430;0;31;0;14;0;0;1;A01
201500002431;0;31;0;0;2;7;0;A01
201500002431;0;10;0;0;2;1;0;B02
201500002432;0;30;0;0;2;1;1;B02
201500002432;0;7;0;0;2;2;19;A01
201500002433;0;7;0;0;1;2;1;A01
201500002434;0;7;0;0;2;3;1;B01
201500002434;0;7;0;0;2;2;19;A01
201500002435;0;7;0;8;0;8;1;A01
201500002436;0;2;0;0;2;1;1;A01
201500002436;0;7;0;0;0;7;19;B02
201500002437;0;30;0;6;0;1;0;A01
201500002438;0;30;0;0;6;0;19;A01
201500002439;0;7;0;0;2;2;19;A01
201500002439;0;2;0;0;2;1;1;B02
201500002440;0;33;0;0;2;1;17;A01
201500002440;0;7;0;0;2;3;1;B02
201500002441;0;33;0;2;0;1;0;A01
201500002442;0;10;0;0;2;2;17;A01
201500002442;0;2;0;0;2;3;15;B02
201500002443;0;30;0;0;2;1;17;A01
201500002443;0;7;0;0;2;3;1;B02
201500002444;0;7;0;0;0;3;23;B02
201500002444;0;10;0;0;0;2;1;A01
201500002445;0;32;0;3;0;0;1;A01
201500002446;0;7;0;0;0;3;17;A01
201500002446;0;31;0;0;2;8;0;B02
201500002447;0;7;0;0;2;3;2;B02
201500002447;0;15;0;0;0;5;1;A01
201500002448;0;7;0;0;2;1;1;B02
201500002448;0;7;0;0;2;3;15;A01
201500002449;0;13;0;0;2;3;1;A01
201500002449;0;7;0;0;2;3;1;B02
201500002450;0;7;0;2;0;1;1;A01
201500002451;0;7;0;0;0;8;1;A01
201500002452;0;30;0;16;0;0;1;A01
201500002453;0;33;0;6;0;1;1;A01
201500002454;0;7;0;0;1;3;1;A01
201500002455;0;31;0;0;6;8;19;A01
201500002456;0;7;0;3;0;1;0;A01
201500002457;0;7;0;0;2;1;0;B02
201500002457;2;7;0;0;2;1;1;A01
201500002458;0;7;0;0;0;2;15;A01
201500002458;0;33;0;0;0;1;1;B02
201500002459;0;10;0;3;2;6;1;A01
201500002459;0;7;0;0;2;1;2;B02
201500002460;0;7;0;0;0;5;12;A01
201500002460;0;33;0;0;2;1;1;B02
201500002461;0;33;0;2;0;1;0;A01
201500002462;0;2;0;0;2;1;1;A01
201500002462;0;7;0;0;2;7;19;B02
201500002463;0;30;0;0;1;1;1;A01
201500002464;0;7;0;0;2;1;1;B02
201500002464;0;14;0;0;2;3;1;A01
201500002465;0;7;0;0;1;2;2;A01
201500002466;0;7;0;0;2;3;13;A01
201500002466;0;7;0;0;2;8;1;B02
201500002467;0;7;0;0;9;2;1;A01
201500002467;0;1;0;0;2;4;1;C03
201500002467;0;1;0;0;2;4;1;B02
201500002468;0;7;0;0;2;8;10;A01
201500002468;0;33;0;0;2;1;1;B02
201500002469;0;7;0;2;0;1;13;A01
201500002470;0;7;0;0;2;1;1;B02
201500002470;0;7;0;0;2;1;1;A01
201500002471;0;32;0;0;2;1;1;A01
201500002471;0;7;0;0;2;6;4;B02
201500002472;0;33;0;0;2;1;21;A01
201500002472;0;7;0;0;2;6;15;B02
201500002473;0;30;0;0;2;1;1;A01
201500002473;0;10;0;0;2;3;1;B02
201500002474;0;30;0;0;2;4;1;A01
201500002474;0;7;0;0;2;1;1;B02
201500002475;0;7;0;0;2;1;1;C03
201500002475;0;7;0;0;2;4;23;B02
201500002475;0;33;0;0;2;1;1;A01
201500002476;0;7;0;0;2;3;1;B02
201500002476;0;7;0;0;2;3;1;A01
201500002477;0;1;0;0;2;2;13;A01
201500002477;0;7;0;0;2;1;1;B02
201500002478;0;7;0;0;0;1;13;A01
201500002478;0;7;0;0;2;1;1;B02
201500002479;0;33;0;0;2;1;1;A01
201500002479;0;7;0;0;2;6;19;B02
201500002480;0;7;0;0;1;1;1;A01
201500002481;0;33;0;0;2;1;1;B02
201500002481;0;10;0;0;2;2;19;A01
201500002482;0;7;0;0;1;1;1;A01
201500002483;0;7;0;0;0;3;16;A01
201500002483;0;33;0;0;0;1;1;B02
201500002484;0;10;0;13;0;3;1;A01
201500002485;0;7;0;0;2;2;19;A01
201500002485;0;1;0;0;2;1;15;B02
201500002486;0;7;0;0;2;3;1;B02
201500002486;0;7;0;0;2;2;1;A01
201500002487;0;7;0;0;2;1;13;A01
201500002487;0;1;0;0;2;1;17;B02
201500002488;0;7;0;13;0;3;1;A01
201500002489;0;7;0;3;0;8;13;A01
201500002490;0;7;0;0;2;1;17;A01
201500002490;0;7;0;0;2;1;1;B02
201500002491;0;7;0;0;2;1;1;A01
201500002491;0;7;0;0;2;2;1;C03
201500002491;0;7;0;0;2;3;1;B02
201500002491;0;7;0;0;2;4;1;D04
201500002492;0;30;0;0;2;1;19;A01
201500002492;0;7;0;0;2;8;21;B02
201500002493;0;33;0;0;2;8;13;A01
201500002493;0;7;0;0;2;8;2;B02
201500002494;0;7;0;13;0;3;13;A01
201500002495;0;14;0;0;0;8;20;A01
201500002495;0;10;0;0;0;1;1;B02
201500002496;0;7;0;0;2;7;19;A01
201500002496;0;33;0;0;2;1;1;B02
201500002497;0;33;0;0;2;1;1;B02
201500002497;0;7;0;0;2;5;15;A01
201500002498;0;7;0;0;2;1;0;C03
201500002498;0;7;0;0;2;4;1;B02
201500002498;0;7;0;0;2;2;1;A01
201500002499;0;7;0;0;2;3;15;A01
201500002499;0;31;0;0;2;1;1;B02
201500002500;0;33;0;0;2;1;1;B02
201500002500;0;7;0;0;2;3;9;A02
201500002501;0;7;0;0;0;6;1;B02
201500002501;0;30;0;0;2;1;6;A01
201500002502;0;7;0;0;0;3;19;A01
201500002503;0;33;0;0;2;1;21;A01
201500002503;0;7;0;0;2;8;9;B02
201500002504;0;7;0;13;0;7;0;A01
201500002505;0;7;0;0;1;1;0;A01
201500002506;0;7;0;3;0;8;21;A01
201500002507;0;31;0;13;0;0;1;A01
201500002508;0;7;0;0;2;2;1;A01
201500002508;0;14;0;0;2;2;1;B02
201500002509;0;7;0;0;2;3;1;B02
201500002509;0;1;0;0;2;4;13;A01
201500002510;0;7;0;13;0;1;1;A01
201500002511;0;14;0;0;2;3;1;A01
201500002511;0;7;0;0;2;3;13;B02
201500002512;0;7;0;0;1;6;4;A01
201500002513;0;33;0;16;0;1;1;A01
201500002514;0;33;0;0;2;1;13;A01
201500002514;0;7;0;0;2;3;1;B02
201500002515;0;10;0;0;2;1;0;B02
201500002515;0;15;0;0;2;1;1;A01
201500002516;0;7;0;8;0;1;1;A01
201500002517;0;7;0;2;0;2;1;A01
201500002518;0;7;0;0;2;8;19;B02
201500002518;0;14;0;0;2;1;1;A01
201500002519;0;7;0;2;0;1;17;A01
201500002520;0;7;0;6;0;1;1;A01
201500002521;0;33;0;0;0;3;14;A01
201500002522;0;7;0;0;2;2;9;A01
201500002522;0;33;0;0;2;1;17;B02
201500002523;0;2;0;12;0;7;1;A01
201500002524;0;7;0;0;2;3;1;B02
201500002524;0;2;0;0;2;1;1;A01
201500002525;0;7;0;0;2;3;1;B02
201500002525;0;7;0;0;2;3;1;A01
201500002525;0;30;0;0;0;0;1;D04
201500002525;0;14;0;0;2;8;1;C03
201500002526;0;7;0;0;2;2;1;B02
201500002526;0;1;0;0;2;5;6;A01
201500002527;0;33;0;0;2;1;17;B02
201500002527;0;10;0;0;0;6;15;A01
201500002528;0;10;0;2;0;1;1;A01
201500002529;0;7;0;0;2;1;13;A01
201500002529;0;10;0;0;2;1;1;B02
201500002530;0;7;0;0;2;1;13;A01
201500002530;0;10;0;0;2;1;1;B02
201500002531;0;7;0;0;2;3;1;B02
201500002531;0;7;0;0;2;2;15;A01
201500002532;0;7;0;0;0;7;20;A01
201500002532;0;99;0;0;2;1;1;B02
201500002533;0;10;0;0;2;7;21;B02
201500002533;0;1;0;0;2;2;14;A01
201500002534;0;7;0;0;2;1;1;B01
201500002534;0;7;0;0;2;2;15;A01
201500002535;0;7;0;0;2;2;15;A01
201500002535;0;33;0;0;2;1;1;B02
201500002536;0;7;0;0;0;3;13;B02
201500002536;0;7;0;0;0;3;1;A01
201500002537;0;30;0;0;2;3;13;A01
201500002537;0;7;0;0;2;8;1;B02
201500002538;0;30;0;0;2;8;16;A01
201500002538;0;37;1;0;2;8;23;B02
201500002539;0;31;0;0;2;1;21;A01
201500002539;0;10;0;0;2;8;19;B02
201500002540;0;7;0;0;2;2;1;C01
201500002540;0;10;0;0;2;3;1;B01
201500002540;0;7;0;0;2;3;13;A01
201500002541;0;7;0;8;0;3;13;A01
201500002542;0;7;0;0;2;3;1;A01
201500002542;0;7;0;0;2;3;1;B02
201500002543;0;7;0;0;2;4;0;B02
201500002543;0;7;0;0;2;1;0;A01
201500002544;0;7;0;0;2;7;1;A01
201500002544;0;7;0;0;2;1;15;B01
201500002545;0;7;0;0;2;3;1;B02
201500002545;0;7;0;0;2;3;1;A01
201500002546;0;7;0;0;2;3;1;B02
201500002546;0;30;0;0;0;1;13;A01
201500002547;0;7;0;0;2;1;1;C03
201500002547;0;7;0;0;2;1;13;A01
201500002547;0;7;0;0;2;1;1;B02
201500002548;0;7;0;2;0;1;0;A01
201500002549;0;10;0;0;2;3;15;B02
201500002549;0;10;0;0;2;3;1;A01
201500002550;0;7;0;0;2;3;1;A01
201500002550;0;30;0;0;2;1;15;B02
201500002551;0;1;0;0;2;9;1;B02
201500002551;0;7;0;0;2;2;11;A01
201500002552;0;7;0;7;0;9;2;A01
201500002553;0;7;0;0;2;3;21;A01
201500002553;0;7;0;0;2;3;1;B02
201500002554;0;7;0;0;2;3;1;B02
201500002554;0;7;0;0;2;3;17;A01
201500002554;0;7;0;0;2;5;1;C03
201500002555;0;31;0;0;2;1;1;A01
201500002555;0;1;0;0;2;8;13;B02
201500002556;0;7;0;0;2;1;1;A01
201500002556;0;7;0;0;2;8;19;B02
201500002557;0;10;0;0;1;2;1;A01
201500002558;0;30;0;0;2;8;1;B02
201500002558;0;7;0;0;2;7;20;A01
201500002559;0;7;0;13;0;9;1;A01
201500002560;0;33;0;0;2;1;1;A01
201500002560;0;33;0;0;2;1;9;B02
201500002561;0;31;0;0;2;1;1;B02
201500002561;0;7;0;0;2;3;15;A01
201500002562;0;7;0;0;2;8;15;A01
201500002562;0;31;0;0;2;1;17;B02
201500002563;0;7;0;0;2;3;15;A01
201500002563;0;30;0;0;2;1;1;B02
201500002564;0;30;0;0;0;7;1;A01
201500002565;0;7;0;0;2;1;1;A01
201500002565;0;10;0;0;2;4;1;B02
201500002566;0;7;0;0;1;1;1;A01
201500002567;0;7;0;0;2;1;1;B02
201500002567;0;7;0;0;2;2;1;A01
201500002568;0;10;0;0;2;3;13;A01
201500002568;0;7;0;0;2;3;1;B02
201500002569;0;33;0;6;0;1;1;A01
201500002570;0;7;0;0;1;3;1;A01
201500002571;0;33;0;13;0;1;1;A01
201500002572;0;7;0;0;2;1;1;B02
201500002572;0;7;0;0;2;1;1;A01
201500002573;0;7;0;0;2;4;15;A01
201500002573;0;33;0;0;2;1;1;B02
201500002574;0;7;0;0;2;2;19;B02
201500002574;0;33;0;0;2;8;1;A01
201500002575;0;7;0;0;2;2;13;A01
201500002575;0;7;0;0;2;1;1;B02
201500002576;0;1;0;0;0;0;1;A01
201500002577;0;10;0;0;2;1;1;B02
201500002577;0;7;0;0;2;7;19;A01
201500002578;0;7;0;0;2;2;2;A01
201500002578;0;1;0;0;0;4;2;B02
201500002579;0;7;0;0;2;1;1;A01
201500002579;0;7;0;0;2;1;1;B02
201500002579;0;7;0;0;2;1;1;C03
201500002580;0;7;0;0;2;1;1;B02
201500002580;0;7;0;0;2;2;1;A01
201500002580;0;7;0;0;2;1;19;C03
201500002581;0;30;0;0;2;1;13;B02
201500002581;0;7;0;0;2;2;21;A01
201500002582;0;14;0;0;2;1;1;B02
201500002582;0;14;0;0;2;4;1;A01
201500002583;0;33;0;0;2;1;1;B02
201500002583;0;1;0;0;2;2;19;A01
201500002584;0;7;0;13;0;1;13;A01
201500002585;0;7;0;15;0;8;1;A01
201500002586;0;7;0;1;0;1;1;B02
201500002586;0;7;0;13;6;2;1;A01
201500002587;0;7;0;13;0;2;14;A01
201500002588;0;7;0;0;1;6;4;A01
201500002589;0;33;0;0;2;1;17;A01
201500002589;0;7;0;0;2;8;15;B02
201500002590;0;7;0;13;0;9;1;A01
201500002591;0;31;0;0;2;8;1;B02
201500002591;0;7;0;0;2;8;13;A01
201500002592;0;33;0;9;0;1;1;A01
201500002593;0;7;0;0;2;1;17;B02
201500002593;0;7;0;0;2;1;1;A01
201500002594;0;7;0;0;2;3;1;A01
201500002594;0;30;0;0;2;1;5;B02
201500002595;0;7;0;0;1;2;1;A01
201500002596;0;7;0;0;0;0;1;B02
201500002596;0;7;0;0;0;2;1;A01
201500002597;1;10;0;0;1;3;0;A01
201500002598;0;33;0;0;0;0;1;A01
201500002598;0;7;0;0;2;1;1;B02
201500002599;0;7;0;0;2;6;15;A01
201500002599;0;33;0;0;2;1;17;B02
201500002600;0;3;0;13;0;1;0;A01
201500002601;0;7;0;0;0;6;24;B02
201500002601;0;10;0;0;0;2;1;A01
201500002602;0;7;0;0;1;1;1;A01
201500002603;0;1;0;0;2;3;6;A01
201500002603;0;7;0;0;2;3;1;B02
201500002604;0;7;0;13;0;3;1;A01
201500002605;0;7;0;13;0;9;1;A01
201500002606;0;33;0;13;0;7;1;A01
201500002607;0;7;0;16;0;9;19;A01
201500002608;0;7;0;0;2;1;1;A01
201500002608;0;7;0;0;2;1;1;B02
201500002609;0;7;0;13;0;1;0;A01
201500002610;0;7;0;0;2;1;5;B02
201500002610;0;7;0;0;2;1;1;A01
201500002611;0;7;0;0;2;1;5;B02
201500002611;0;7;0;0;2;1;1;A01
201500002612;0;14;0;0;2;3;13;A01
201500002612;0;10;0;0;2;8;1;B02
201500002612;0;7;0;0;2;3;1;C03
201500002613;0;7;0;0;2;2;13;A01
201500002613;0;10;0;0;2;2;21;B02
201500002614;0;7;0;0;2;0;21;B02
201500002614;0;7;0;0;2;1;13;A01
201500002615;0;7;0;13;0;1;13;A01
201500002616;0;2;0;0;2;1;13;A01
201500002616;0;7;0;0;2;3;1;B02
201500002617;0;7;0;2;0;3;14;A01
201500002618;0;7;0;0;0;5;15;A01
201500002618;0;33;0;0;2;1;1;B02
201500002619;0;10;0;0;2;5;10;A01
201500002619;0;7;0;0;2;2;1;B02
201500002620;0;7;0;0;2;3;9;A01
201500002620;0;30;0;0;2;1;1;B02
201500002621;0;33;0;0;2;3;1;A01
201500002621;0;7;0;0;2;8;1;B02
201500002621;0;7;0;0;2;1;1;C03
201500002622;0;7;0;13;0;1;14;A01
201500002623;0;7;0;8;0;1;19;A01
201500002624;0;33;0;0;6;1;1;A01
201500002625;0;7;0;2;0;1;14;A01
201500002626;0;7;0;1;0;1;1;A01
201500002627;0;33;0;8;0;1;0;A01
201500002628;0;33;0;0;2;1;13;A01
201500002628;0;7;0;0;2;3;1;B02
201500002629;0;7;0;2;0;3;14;A01
201500002630;0;7;0;0;2;1;1;A01
201500002630;0;7;0;0;2;8;9;B02
201500002631;0;7;0;0;2;1;1;C03
201500002631;0;7;0;0;2;1;6;A01
201500002631;0;7;0;0;2;6;1;B02
201500002632;0;7;0;6;0;1;17;A01
201500002633;0;33;0;0;2;1;1;B02
201500002633;0;7;0;0;2;5;15;A01
201500002634;0;31;0;0;1;1;1;A01
201500002635;0;1;0;0;0;8;1;B02
201500002635;0;7;0;0;0;7;17;A01
201500002636;0;7;0;0;2;0;15;A01
201500002636;0;1;0;0;0;1;1;B02
201500002637;0;7;0;0;2;3;13;A01
201500002637;0;7;0;0;2;3;1;B02
201500002638;0;7;0;0;2;3;1;A01
201500002638;0;7;0;0;2;3;1;B02
201500002639;0;31;0;0;9;7;23;D04
201500002639;0;33;0;0;2;1;1;B02
201500002639;0;7;0;0;2;3;13;A01
201500002639;0;33;0;0;9;3;1;C03
201500002639;0;7;0;0;2;1;1;E05
201500002640;0;33;0;0;0;0;1;A01
201500002641;0;7;0;2;0;1;0;A01
201500002642;0;2;0;0;0;0;17;A01
201500002643;0;10;0;0;2;1;16;A01
201500002643;0;1;0;0;2;4;1;B02
201500002644;0;15;0;0;2;1;1;A01
201500002644;0;7;0;0;2;1;13;B02
201500002645;0;7;0;0;2;1;1;B02
201500002645;0;7;0;0;2;7;1;A01
201500002646;0;7;0;6;0;2;14;A01
201500002647;0;7;0;0;2;3;1;A01
201500002647;0;7;0;0;2;3;11;B02
201500002648;0;7;0;0;2;2;15;A01
201500002648;0;7;0;0;2;2;1;B02
201500002649;0;7;0;0;2;2;1;A01
201500002649;0;1;0;0;0;4;1;B02
201500002650;0;7;0;12;0;3;17;B02
201500002650;0;21;0;12;0;5;15;A01
201500002651;0;7;0;0;0;1;15;A01
201500002651;0;33;0;0;2;1;1;B02
201500002652;0;7;0;0;2;1;9;A01
201500002652;0;30;0;0;2;8;1;B02
201500002653;0;7;0;2;0;1;1;A01
201500002654;0;7;0;6;0;3;14;A01
201500002655;0;7;0;8;0;1;13;A01
201500002656;0;7;0;0;2;3;13;A01
201500002656;0;7;0;0;2;3;1;B02
201500002657;0;33;0;2;0;0;1;A01
201500002658;0;7;0;8;0;8;1;A01
201500002659;0;7;0;0;2;2;13;B02
201500002659;0;7;0;0;2;2;13;A01
201500002660;0;7;0;6;0;1;1;A01
201500002661;0;33;0;0;0;0;1;A01
201500002662;0;7;0;0;2;5;19;B02
201500002662;0;7;0;0;2;1;1;A01
201500002663;0;33;0;16;0;1;1;A01
201500002664;0;30;0;0;2;1;5;A01
201500002664;0;7;0;0;2;1;1;B02
201500002665;0;7;0;10;0;1;14;A01
201500002666;0;7;0;0;2;2;13;A01
201500002666;0;7;0;0;2;2;1;B02
201500002667;0;10;0;0;9;3;1;B02