num_acc;senc;catv;occutc;obs;obsm;choc;manv;num_veh
201500002667;0;1;0;0;2;7;1;A01
201500002668;0;10;0;0;2;1;2;A01
201500002668;0;10;0;0;2;3;2;B02
201500002669;0;7;0;0;2;1;1;B02
201500002669;0;7;0;0;2;6;1;A01
201500002670;0;10;0;6;0;3;0;A01
201500002671;0;31;0;8;0;1;5;A01
201500002672;0;33;0;0;2;2;1;A01
201500002672;0;7;0;0;2;2;1;B02
201500002673;0;7;0;0;1;1;1;A01
201500002674;0;10;0;15;0;3;1;A01
201500002675;0;7;0;13;0;3;1;A01
201500002676;0;30;0;0;2;8;16;B02
201500002676;0;7;0;0;2;1;1;A01
201500002677;0;1;0;0;2;8;1;B02
201500002677;0;7;0;0;2;7;17;A01
201500002678;0;7;0;15;0;2;1;A01
201500002679;0;30;0;0;6;1;1;A01
201500002680;0;33;0;0;2;3;1;B02
201500002680;0;10;0;0;2;3;1;A01
201500002681;0;32;0;0;5;7;1;A01
201500002682;0;7;0;2;0;1;1;A01
201500002683;0;7;0;0;2;2;13;A01
201500002683;0;7;0;0;2;2;21;B02
201500002684;0;7;0;2;0;1;1;A01
201500002685;0;1;0;0;0;7;15;A01
201500002685;0;7;0;0;0;2;1;B02
201500002686;0;30;0;0;0;0;1;A01
201500002686;0;10;0;0;0;0;1;B02
201500002687;0;33;0;0;2;1;15;A01
201500002687;0;7;0;0;2;8;2;B02
201500002688;0;7;0;0;2;3;15;A01
201500002688;0;32;0;0;2;1;1;B02
201500002689;0;10;0;0;1;2;1;A01
201500002690;0;7;0;0;2;3;16;A01
201500002690;0;10;0;0;2;3;1;B02
201500002691;0;7;0;13;0;1;1;A01
201500002692;0;7;0;0;0;5;15;B02
201500002692;0;33;0;0;2;1;1;A01
201500002693;0;31;0;16;0;1;0;A01
201500002694;0;7;0;0;2;1;1;B02
201500002694;0;7;0;0;2;7;9;A01
201500002695;0;31;0;0;2;1;1;A01
201500002695;0;7;0;0;2;8;15;B02
201500002696;0;7;0;2;0;3;1;A01
201500002697;0;7;0;8;0;2;0;A01
201500002698;0;32;0;0;0;0;0;A01
201500002699;0;7;0;0;0;4;23;B02
201500002699;0;30;0;0;2;1;1;A01
201500002700;0;7;0;0;2;3;13;A01
201500002700;0;15;0;0;2;3;1;B02
201500002701;0;33;0;7;2;1;1;A01
201500002701;0;7;0;0;2;1;1;B02
201500002701;0;10;0;0;0;5;23;C03
201500002702;0;10;0;2;0;0;1;A01
201500002703;0;7;0;8;0;3;13;A01
201500002704;0;10;0;13;0;1;1;A01
201500002705;0;7;0;8;0;9;1;A01
201500002706;0;30;0;0;2;2;17;A01
201500002706;0;7;0;0;2;8;1;B02
201500002707;0;7;0;0;2;1;13;A01
201500002707;0;7;0;0;2;1;1;B02
201500002708;0;7;0;13;0;1;1;A01
201500002709;0;14;0;13;0;0;14;A01
201500002709;0;14;0;13;0;1;21;B02
201500002710;0;7;0;2;0;1;13;A01
201500002711;0;10;0;2;0;3;13;A01
201500002712;0;7;0;13;0;2;0;A01
201500002713;0;7;0;7;0;0;0;A01
201500002714;0;7;0;0;2;3;1;A01
201500002714;0;7;0;0;2;3;1;B02
201500002715;0;30;0;1;0;1;0;A01
201500002715;0;10;0;0;0;4;0;B02
201500002716;0;17;0;13;0;8;1;A01
201500002717;0;7;0;0;1;3;1;B02
201500002717;0;10;0;0;0;7;1;C03
201500002718;0;7;0;0;2;2;14;A01
201500002718;0;7;0;0;2;6;1;B02
201500002719;0;7;0;0;0;4;23;A01
201500002719;0;2;0;1;0;1;1;B02
201500002720;0;7;0;0;6;1;0;A01
201500002720;0;7;0;0;6;1;0;B02
201500002721;0;7;0;2;0;3;1;A01
201500002722;0;10;0;16;0;9;1;A01
201500002723;0;7;0;0;1;1;1;A01
201500002724;0;7;0;0;2;7;1;A01
201500002724;0;30;0;0;2;8;1;B02
201500002725;0;7;0;0;2;2;15;A01
201500002725;0;30;0;0;2;1;1;B02
201500002726;0;7;0;0;2;3;5;A01
201500002726;0;7;0;0;2;3;1;B02
201500002727;0;33;0;0;2;1;1;B02
201500002727;0;7;0;0;2;3;15;A01
201500002728;0;7;0;0;1;2;1;A01
201500002729;0;7;0;2;0;1;1;A01
201500002730;0;33;0;0;9;8;1;A01
201500002731;0;7;0;0;0;3;5;A01
201500002731;0;31;0;0;2;1;1;B02
201500002732;0;33;0;0;2;1;13;A01
201500002732;0;7;0;0;2;3;19;B02
201500002733;0;10;0;0;2;6;17;A01
201500002733;0;7;0;0;2;2;17;B02
201500002733;0;1;0;0;2;1;0;C03
201500002734;0;7;0;13;0;3;1;A01
201500002735;0;7;0;0;0;1;13;A01
201500002736;0;30;0;0;2;3;13;A01
201500002736;0;7;0;0;2;8;14;B02
201500002737;0;33;0;15;0;1;14;A01
201500002738;0;7;0;0;2;2;1;B01
201500002738;0;7;0;0;2;3;1;C02
201500002738;0;7;0;0;2;1;0;A03
201500002739;0;7;0;2;0;1;1;A01
201500002740;0;7;0;0;2;3;13;A01
201500002740;0;7;0;0;2;3;1;B02
201500002741;0;7;0;13;0;7;0;A01
201500002742;0;7;0;8;0;1;1;A01
201500002743;0;7;0;2;0;1;14;A01
201500002744;0;7;0;0;2;1;13;A01
201500002744;0;7;0;0;2;1;1;B02
201500002745;0;17;0;2;0;2;1;A01
201500002746;0;7;0;0;2;5;15;A01
201500002746;0;30;0;0;2;1;1;B02
201500002747;0;7;0;0;2;1;1;A01
201500002747;0;7;0;0;2;1;1;B02
201500002748;0;10;0;0;1;3;1;A01
201500002749;0;30;0;0;2;1;17;A01
201500002749;0;7;0;0;2;3;15;B02
201500002750;0;33;0;0;0;0;1;A01
201500002751;0;7;0;0;2;1;9;A01
201500002751;0;30;0;0;2;7;1;B02
201500002752;0;14;0;0;0;0;1;A01
201500002753;0;33;0;0;2;1;2;A01
201500002753;0;7;0;0;2;6;15;B02
201500002754;0;7;0;14;0;1;1;A01
201500002755;0;7;0;2;0;0;1;A01
201500002756;0;33;0;13;0;1;1;A01
201500002757;0;33;0;0;2;1;1;B02
201500002757;0;7;0;0;2;7;19;A01
201500002758;0;7;0;0;0;6;0;A01
201500002758;0;33;0;0;2;1;17;B02
201500002759;0;33;0;0;0;0;0;A01
201500002760;0;7;0;0;2;3;15;A01
201500002760;0;2;0;0;2;1;1;B02
201500002761;1;15;0;0;1;0;2;B02
201500002762;0;7;0;0;2;1;13;A01
201500002762;0;14;0;0;2;3;1;B02
201500002763;0;30;0;8;0;1;13;A01
201500002764;0;7;0;0;2;8;19;A01
201500002764;0;31;0;0;2;1;1;B02
201500002765;0;7;0;0;2;1;1;A01
201500002765;0;30;0;0;2;1;17;B02
201500002766;0;7;0;0;1;3;1;A01
201500002767;0;7;0;0;2;5;19;A01
201500002767;0;7;0;0;2;1;1;B02
201500002768;0;7;0;6;0;7;19;A01
201500002769;0;14;0;0;2;6;13;A01
201500002769;0;10;0;0;2;3;1;B02
201500002769;0;7;0;0;2;3;1;C03
201500002770;0;7;0;6;0;8;1;A01
201500002771;0;7;0;2;0;1;1;A01
201500002772;0;10;0;2;0;3;13;A01
201500002773;0;15;0;13;0;2;14;A01
201500002774;0;7;0;6;0;9;1;A01
201500002775;0;7;0;8;0;1;1;A01
201500002776;0;7;0;13;0;2;1;A01
201500002777;0;33;0;0;0;8;1;A01
201500002778;0;7;0;0;1;4;4;A01
201500002779;0;7;0;15;0;1;1;A01
201500002780;0;10;0;6;0;1;1;A01
201500002781;0;7;0;0;2;3;13;A01
201500002781;0;7;0;0;2;3;1;B02
201500002782;0;7;0;2;0;1;1;A01
201500002783;0;33;0;13;0;1;1;A01
201500002784;0;33;0;0;0;3;1;A01
201500002785;0;7;0;13;0;9;1;A01
201500002786;0;7;0;2;0;7;1;A01
201500002787;0;7;0;13;6;3;1;A01
201500002788;0;7;0;0;1;2;1;A01
201500002789;0;2;0;0;0;8;10;A01
201500002789;0;30;0;0;2;1;2;B02
201500002790;0;7;0;0;2;3;13;A01
201500002790;0;13;0;0;2;3;1;B02
201500002791;0;7;0;0;2;7;19;A01
201500002791;0;7;0;0;2;2;1;B02
201500002792;0;7;0;13;0;2;14;A01
201500002793;0;7;0;0;1;3;1;A01
201500002794;0;7;0;15;0;1;13;A01
201500002795;0;7;0;2;0;8;13;A01
201500002796;0;33;0;16;0;0;15;A01
201500002797;0;14;0;0;2;2;13;A01
201500002797;0;10;0;0;0;1;1;B02
201500002798;0;7;0;13;0;1;1;A01
201500002799;1;7;0;;2;;17;B02
201500002799;0;2;0;0;2;4;1;A01
201500002800;0;7;0;6;0;1;1;A01
201500002801;0;7;0;2;2;8;15;A01
201500002801;0;33;0;0;2;2;13;B02
201500002802;0;7;0;0;2;3;1;B02
201500002802;0;7;0;0;2;8;15;A01
201500002803;0;33;0;0;2;1;1;A01
201500002803;0;7;0;0;2;5;19;B02
201500002804;0;7;0;0;1;7;1;A01
201500002805;0;10;0;0;2;3;1;A01
201500002805;0;15;0;0;2;2;19;B02
201500002805;0;7;0;0;2;1;23;C03
201500002806;0;7;0;0;2;8;12;A01
201500002806;0;2;0;0;2;1;1;B02
201500002807;0;7;0;0;2;1;1;A01
201500002807;0;7;0;0;2;8;19;B02
201500002808;0;7;0;0;2;3;1;A01
201500002808;0;7;0;0;2;3;1;B02
201500002809;0;31;0;0;2;1;18;A01
201500002809;0;7;0;0;9;2;16;B02
201500002810;0;7;0;0;2;3;13;A01
201500002810;0;7;0;0;2;3;1;B02
201500002811;0;1;0;0;2;3;13;A01
201500002811;0;7;0;0;2;2;1;B02
201500002812;0;7;0;0;2;3;16;A01
201500002812;0;7;0;0;1;7;1;B02
201500002813;0;7;0;8;0;2;13;A01
201500002814;0;7;0;0;9;2;1;A01
201500002814;0;1;0;0;2;1;19;B02
201500002815;0;7;0;0;2;3;13;A01
201500002815;0;7;0;0;2;3;13;B02
201500002816;0;7;0;0;0;2;0;A01
201500002817;0;10;0;0;0;1;0;A01
201500002818;0;7;0;0;1;1;1;A01
201500002819;0;15;0;1;2;1;21;A01
201500002819;0;7;0;0;1;8;19;E02
201500002820;0;7;0;3;2;3;13;A01
201500002820;0;7;0;0;2;3;23;B02
201500002820;0;21;0;0;2;3;1;C03
201500002821;0;7;0;13;0;3;0;A01
201500002822;0;7;0;0;2;3;13;A01
201500002822;0;14;0;0;2;3;1;B02
201500002823;0;7;0;0;1;7;1;A01
201500002824;0;7;0;0;2;3;13;A01
201500002824;0;10;0;0;2;3;0;B02
201500002825;0;1;0;0;2;0;2;B02
201500002825;0;10;0;0;9;3;17;A01
201500002826;0;30;0;13;0;8;1;A01
201500002827;0;10;0;0;0;1;17;A01
201500002827;0;7;0;0;0;0;1;B02
201500002828;0;7;0;0;2;8;18;A01
201500002828;0;30;0;0;2;7;14;B02
201500002829;0;7;0;8;0;9;1;A01
201500002830;0;31;0;8;0;8;14;A01
201500002831;0;7;0;0;2;1;1;B02
201500002831;0;7;0;0;2;1;13;A01
201500002832;0;7;0;0;2;3;15;A01
201500002832;0;7;0;0;2;3;1;B02
201500002833;0;1;0;2;0;3;13;A01
201500002834;0;7;0;1;0;1;1;A01
201500002835;0;2;0;13;0;0;0;A01
201500002836;0;7;0;0;2;3;13;A01
201500002836;0;7;0;0;2;3;1;B02
201500002837;0;7;0;0;2;1;1;B02
201500002837;0;7;0;3;2;2;13;A01
201500002838;0;7;0;6;0;2;1;A01
201500002839;0;7;0;2;0;9;1;A01
201500002840;0;7;0;6;0;1;2;A01
201500002841;0;7;0;0;1;1;1;A01
201500002842;0;7;0;0;2;2;1;B02
201500002842;0;7;0;0;2;8;19;A01
201500002843;0;30;0;12;0;1;12;A01
201500002844;0;10;0;0;2;1;1;B02
201500002844;0;7;0;0;2;3;1;A01
201500002845;0;7;0;0;2;1;13;A01
201500002845;0;14;0;0;2;1;1;B02
201500002846;0;10;0;0;4;8;1;A01
201500002846;0;39;1;0;2;1;1;B01
201500002847;0;7;0;0;2;3;15;A01
201500002847;0;17;0;0;2;2;1;B02
201500002848;0;7;0;0;2;2;1;A01
201500002848;0;7;0;0;2;3;19;B02
201500002849;0;7;0;0;2;2;15;A01
201500002849;0;7;0;0;2;7;1;B02
201500002850;0;7;0;13;0;2;1;A01
201500002851;0;7;0;0;2;8;19;A01
201500002851;0;7;0;0;2;1;1;B02
201500002852;0;7;0;0;2;5;15;A01
201500002852;0;30;0;0;2;1;1;B02
201500002853;0;7;0;0;2;3;1;B02
201500002853;0;7;0;0;2;1;15;A01
201500002854;0;7;0;0;0;7;1;A01
201500002855;0;7;0;10;0;8;1;A01
201500002856;0;31;0;0;2;1;1;B02
201500002856;0;21;0;0;2;6;1;A01
201500002857;0;7;0;8;0;1;1;A01
201500002858;0;7;0;0;2;8;15;A01
201500002858;0;7;0;0;2;1;1;B02
201500002859;0;7;0;0;2;2;1;A01
201500002859;0;7;0;0;2;3;19;B02
201500002860;0;7;0;13;0;1;1;A01
201500002861;0;7;0;2;0;3;1;A01
201500002862;0;7;0;8;0;3;13;A01
201500002863;0;7;0;0;1;2;1;A01
201500002864;0;7;0;0;2;1;15;A01
201500002864;0;7;0;0;2;1;1;B02
201500002865;0;10;0;13;0;1;1;A01
201500002866;0;7;0;13;0;1;0;A01
201500002867;0;15;0;0;1;2;9;A01
201500002868;0;7;0;0;1;1;1;A01
201500002869;0;7;0;0;0;8;19;A01
201500002869;0;10;0;0;0;1;1;B02
201500002870;0;14;0;0;2;7;19;A01
201500002870;0;7;0;0;2;1;1;B02
201500002871;0;7;0;0;2;3;15;A01
201500002871;0;1;0;0;2;1;1;B02
201500002872;0;33;0;0;6;1;1;A01
201500002873;0;7;0;0;0;3;1;B02
201500002873;0;7;0;0;0;8;1;A01
201500002874;0;7;0;0;2;3;19;A01
201500002874;0;7;0;0;0;1;1;B02
201500002875;0;33;0;14;0;2;1;A01
201500002876;0;33;0;0;0;0;1;A01
201500002877;0;7;0;2;0;1;19;A01
201500002878;0;7;0;2;0;1;1;A01
201500002879;0;7;0;0;1;2;1;A01
201500002880;0;10;0;0;2;2;1;B02
201500002880;0;7;0;0;2;3;19;A01
201500002881;0;7;0;0;1;4;4;A01
201500002882;0;7;0;13;0;2;1;A01
201500002883;0;7;0;13;0;8;17;A01
201500002884;0;7;0;2;0;2;1;A01
201500002885;0;7;0;0;2;1;1;B02
201500002885;0;7;0;0;2;8;19;A01
201500002886;0;7;0;6;0;1;1;A01
201500002887;0;33;0;7;0;1;1;A01
201500002888;0;10;0;0;0;2;0;A01
201500002889;0;14;0;13;0;2;1;A01
201500002890;0;7;0;0;2;8;19;A01
201500002890;0;10;0;0;2;1;1;B02
201500002891;0;7;0;0;2;3;13;A01
201500002891;0;7;0;0;2;3;1;B02
201500002892;0;10;0;0;2;1;1;B02
201500002892;0;7;0;0;2;1;13;A01
201500002893;0;7;0;0;0;0;1;A01
201500002894;0;7;0;0;2;2;15;A01
201500002894;0;7;0;0;2;3;1;B02
201500002895;0;33;0;0;2;4;13;A01
201500002895;0;7;0;0;0;3;1;B02
201500002896;0;1;0;0;2;7;0;B02
201500002896;0;7;0;0;9;3;0;A01
201500002897;0;7;0;0;2;7;1;A01
201500002897;0;7;0;0;2;3;1;B02
201500002898;0;7;0;3;2;7;13;A01
201500002898;0;7;0;0;2;1;1;B02
201500002899;0;7;0;0;2;2;13;B02
201500002899;0;7;0;0;2;1;1;A01
201500002900;0;7;0;0;2;8;1;B02
201500002900;0;7;0;0;2;1;1;C03
201500002900;0;7;0;0;2;1;13;A01
201500002901;0;31;0;8;0;1;1;A01
201500002902;0;33;0;0;2;1;13;B02
201500002902;0;7;0;0;2;3;21;A01
201500002903;0;7;0;0;0;9;1;A01
201500002904;0;7;0;0;2;2;1;B02
201500002904;0;1;0;0;2;1;5;A01
201500002905;0;7;0;0;0;2;1;B02
201500002905;0;15;0;0;0;3;1;A01
201500002906;0;1;0;0;0;5;1;B02
201500002906;0;7;0;0;2;2;9;A01
201500002907;0;7;0;0;0;1;1;A01
201500002907;0;7;0;0;0;2;19;B02
201500002908;0;7;0;0;1;1;1;A01
201500002909;0;10;0;0;2;3;0;B02
201500002909;0;7;0;0;1;7;0;A01
201500002910;0;20;0;0;2;2;1;A01
201500002910;0;7;0;0;2;2;15;B02
201500002911;0;7;0;0;2;2;1;A01
201500002911;0;2;0;0;2;8;19;B02
201500002912;0;7;0;13;0;1;1;A01
201500002913;0;7;0;0;2;1;19;A01
201500002913;0;7;0;0;0;2;1;B02
201500002914;0;30;0;8;0;1;0;A01
201500002915;0;1;0;0;0;8;0;B02
201500002915;0;7;0;0;9;7;0;A01
201500002916;0;10;0;0;2;1;1;B02
201500002916;0;7;0;0;2;1;1;A01
201500002917;0;31;0;0;2;8;1;B02
201500002917;0;7;0;0;2;8;17;A01
201500002918;0;35;0;1;0;1;1;A01
201500002919;0;2;0;0;0;1;0;A01
201500002919;0;7;0;0;0;1;0;B02
201500002920;0;30;0;0;2;1;1;B02
201500002920;0;7;0;0;2;3;1;A01
201500002921;0;7;0;5;0;2;19;A01
201500002922;0;7;0;0;2;3;1;A01
201500002922;0;7;0;0;0;5;1;B02
201500002923;0;2;0;0;0;0;1;A01
201500002924;0;1;0;0;0;0;14;A01
201500002925;0;7;0;0;2;3;1;B02
201500002925;0;7;0;0;2;3;1;A01
201500002926;0;31;0;7;0;1;0;A01
201500002927;0;7;0;0;2;7;17;A01
201500002927;0;2;0;0;2;8;15;B02
201500002928;0;7;0;0;1;4;4;A01
201500002929;0;7;0;6;0;1;1;A01
201500002930;0;7;0;2;0;2;2;A01
201500002931;0;7;0;0;1;1;1;A01
201500002932;0;10;0;0;2;1;0;B02
201500002932;0;10;0;0;2;5;19;A01
201500002933;0;7;0;13;0;1;1;A01
201500002934;0;33;0;0;5;1;1;A01
201500002935;0;10;0;0;2;3;1;B02
201500002935;0;7;0;0;2;3;13;A01
201500002936;0;7;0;0;2;0;13;A01
201500002936;0;7;0;0;2;0;1;B02
201500002936;0;7;0;0;2;0;1;C03
201500002937;0;7;0;13;0;1;1;A01
201500002938;0;7;0;6;0;9;1;A01
201500002939;0;10;0;4;0;8;16;A01
201500002939;0;13;0;0;2;2;18;B02
201500002940;0;33;0;0;1;8;1;A01
201500002941;0;33;0;0;2;1;1;B02
201500002941;0;7;0;0;2;3;15;A01
201500002942;0;10;0;0;2;8;19;A01
201500002942;0;7;0;0;2;1;1;B02
201500002943;0;33;0;0;2;1;1;B02
201500002943;0;30;0;0;0;4;1;A01
201500002944;0;7;0;0;0;1;15;A01
201500002944;0;1;0;0;0;0;0;B02
201500002945;0;7;0;0;0;1;0;B02
201500002945;0;10;0;0;0;3;15;A01
201500002946;0;30;0;0;5;1;1;A01
201500002947;1;33;0;0;2;7;2;B02
201500002947;0;1;0;0;2;8;13;A01
201500002948;0;7;0;0;0;2;16;A01
201500002948;0;1;0;0;0;8;1;B02
201500002949;0;30;0;0;0;0;1;A01
201500002950;0;7;0;0;1;3;1;A01
201500002951;0;10;0;0;5;2;1;A01
201500002952;0;33;0;13;0;3;1;A01
201500002953;0;7;0;0;2;3;1;B02
201500002953;0;7;0;0;2;1;13;A01
201500002954;0;7;0;8;1;0;13;A01
201500002955;0;10;0;0;2;8;1;C03
201500002955;0;7;0;0;2;3;13;A01
201500002955;0;7;0;0;2;3;1;B02
201500002956;0;7;0;0;2;2;13;A01
201500002956;0;10;0;0;2;1;1;B02
201500002957;0;7;0;0;2;1;13;A01
201500002957;0;7;0;0;2;1;1;B02
201500002958;0;2;0;0;0;8;15;A01
201500002959;0;7;0;13;0;1;1;A01
201500002960;0;10;0;0;2;1;13;A01
201500002960;0;7;0;0;2;1;1;B02
201500002961;0;1;0;0;2;3;1;B02
201500002961;0;7;0;0;9;5;17;A01
201500002962;0;7;0;0;2;8;1;B02
201500002962;0;7;0;0;2;3;13;A01
201500002962;0;7;0;0;2;3;1;C03
201500002963;0;7;0;0;2;1;16;A01
201500002963;0;7;0;0;2;2;1;B02
201500002964;0;7;0;13;0;9;1;A01
201500002965;0;7;0;0;2;2;15;A01
201500002965;0;33;0;0;2;1;1;B02
201500002966;0;33;0;0;2;1;1;B02
201500002966;0;33;0;0;2;1;1;C03
201500002966;0;33;0;0;2;1;1;A01
201500002966;0;33;0;0;2;3;1;D04
201500002967;0;1;0;0;2;1;5;B02
201500002967;0;7;0;0;9;1;1;A01
201500002968;0;7;0;0;2;3;17;A01
201500002968;0;14;0;0;2;3;1;B02
201500002969;0;7;0;0;2;1;1;B02
201500002969;0;7;0;0;2;3;19;A01
201500002970;0;7;0;6;0;3;9;A01
201500002971;0;1;0;0;2;1;1;B02
201500002971;0;7;0;0;2;2;15;A01
201500002972;0;31;0;15;0;7;13;A01
201500002973;0;7;0;0;2;3;15;B02
201500002973;0;7;0;0;2;2;17;A01
201500002974;0;7;0;16;0;2;1;A01
201500002975;0;33;0;0;0;1;1;A01
201500002976;0;7;0;0;2;2;1;A01
201500002976;0;21;0;0;2;5;15;B02
201500002977;0;2;0;0;2;1;18;A01
201500002977;0;7;0;0;2;2;20;B02
201500002978;0;7;0;2;0;3;13;A01
201500002979;0;7;0;0;2;3;1;B02
201500002979;0;7;0;0;2;3;13;A01
201500002980;0;7;0;0;2;3;15;B02
201500002980;0;34;0;0;2;7;17;A01
201500002981;0;7;0;2;0;1;1;A01
201500002982;0;7;0;0;1;3;4;A01
201500002983;0;7;0;13;0;9;1;A01
201500002984;0;14;0;0;2;2;15;A01
201500002984;0;17;0;0;2;2;1;B02
201500002985;0;7;0;0;2;7;15;A01
201500002985;0;1;0;0;2;1;1;B02
201500002986;0;7;0;0;2;1;1;B02
201500002986;0;7;0;0;2;1;1;A01
201500002987;0;21;0;16;0;8;1;A01
201500002988;0;7;0;0;0;9;1;A01
201500002989;0;33;0;11;0;9;1;A01
201500002990;0;31;0;0;2;1;1;A01
201500002990;0;7;0;0;2;2;15;B02
201500002991;0;10;0;8;0;3;2;A01
201500002992;0;1;0;0;2;1;1;B02
201500002992;0;7;0;0;9;5;20;A01
201500002993;0;33;0;0;2;1;1;A01
201500002993;0;7;0;0;2;3;15;B02
201500002994;0;7;0;0;2;1;5;A01
201500002994;0;7;0;0;2;4;1;B02
201500002995;0;7;0;0;2;1;17;A01
201500002995;0;7;0;0;2;1;21;B02
201500002996;0;30;0;0;2;3;18;A01
201500002996;0;7;0;0;2;2;16;B02
201500002997;0;14;0;0;1;2;16;A01
201500002998;0;2;0;0;2;1;1;A01
201500002998;0;10;0;0;2;5;15;B02
201500002999;0;10;0;0;0;0;17;C03
201500002999;0;14;0;0;2;3;21;A01
201500002999;0;7;0;0;2;8;1;B02
201500003000;0;1;0;0;2;7;1;B02
201500003000;0;7;0;0;2;3;9;A01
201500003001;0;36;0;13;0;2;14;A01
201500003002;0;1;0;0;2;4;15;B02
201500003002;0;7;0;0;2;3;17;A01
201500003003;0;33;0;4;0;1;0;A01
201500003004;0;36;0;13;0;1;19;A01
201500003005;0;33;0;4;0;0;14;A01
201500003006;0;7;0;16;0;9;1;A01
201500003007;0;7;0;0;2;2;0;B02
201500003007;0;7;0;0;2;2;0;A01
201500003008;0;31;0;0;2;9;13;A01
201500003008;0;15;0;0;2;1;1;B02
201500003009;0;7;0;3;0;1;1;A01
201500003010;0;7;0;0;2;6;1;C03
201500003010;0;7;0;0;2;3;17;A01
201500003010;0;7;0;0;2;3;1;B02
201500003011;0;7;0;2;0;3;0;A01
201500003012;0;7;0;2;0;0;1;A01
201500003013;0;14;0;0;2;6;1;B02
201500003013;0;7;0;0;2;1;13;A01
201500003013;0;7;0;0;2;2;21;C03
201500003014;0;10;0;2;0;3;1;A01
201500003015;0;7;0;8;0;7;1;A01
201500003016;0;7;0;0;2;1;15;B02
201500003016;0;7;0;0;2;1;1;A01
201500003017;0;7;0;0;0;4;23;B02
201500003017;0;7;0;0;2;1;1;A01
201500003018;0;3;0;2;0;1;1;A01
201500003019;0;7;0;0;1;2;1;A01
201500003020;0;7;0;0;2;1;13;A01
201500003020;0;7;0;0;2;1;1;B02
201500003021;0;33;0;12;0;1;13;A01
201500003022;0;7;0;2;0;2;13;A01
201500003023;0;7;0;0;2;5;13;A01
201500003023;0;10;0;0;2;1;1;B02
201500003024;0;7;0;0;2;1;19;A01
201500003024;0;7;0;0;2;8;1;B02
201500003025;0;7;0;0;2;7;19;A01
201500003025;0;7;0;0;2;1;1;B02
201500003026;0;7;0;13;0;1;0;A01
201500003027;0;2;0;0;2;1;15;A01
201500003027;0;10;0;0;2;2;1;B02
201500003028;0;7;0;0;2;2;17;A01
201500003028;0;7;0;3;2;8;1;B02
201500003029;0;7;0;2;0;3;1;A01
201500003030;0;36;0;0;0;9;1;A01
201500003031;0;7;0;8;0;1;24;A01
201500003032;0;7;0;0;2;1;1;B02
201500003032;0;7;0;0;2;2;13;A01
201500003033;0;7;0;6;0;3;1;A01
201500003034;0;7;0;0;2;2;19;A01
201500003034;0;2;0;0;2;1;1;B02
201500003035;0;7;0;0;1;1;1;A01
201500003036;0;7;0;0;2;7;19;A01
201500003036;0;7;0;0;2;1;1;B02
201500003037;0;7;0;13;0;9;13;A01
201500003038;0;7;0;0;1;7;1;A01
201500003039;0;33;0;0;0;1;0;A01
201500003040;0;33;0;0;0;1;0;A01
201500003041;0;7;0;0;2;1;5;A01
201500003041;0;7;0;0;2;1;1;B02
201500003042;0;7;0;0;0;3;1;A01
201500003042;0;7;0;0;0;3;1;B02
201500003043;0;7;0;13;0;9;1;A01
201500003044;0;10;0;0;1;1;1;A01
201500003045;0;33;0;0;2;0;17;A01
201500003045;0;10;0;0;0;0;17;B02
201500003045;0;10;0;0;0;4;2;C03
201500003046;0;7;0;0;1;2;16;A01
201500003047;0;7;0;0;2;7;14;A01
201500003047;0;7;0;0;2;1;1;B02
201500003048;0;7;0;6;0;7;1;A01
201500003049;0;7;0;0;0;2;1;A01
201500003050;0;7;0;0;2;2;1;A01
201500003050;0;36;0;0;2;0;15;B02
201500003051;0;30;0;8;0;2;0;A01
201500003052;0;10;0;0;2;3;17;A01
201500003052;0;7;0;0;2;3;1;B02
201500003052;0;33;0;0;2;4;17;C03
201500003052;0;33;0;0;2;4;17;D04
201500003053;0;2;0;6;0;1;1;A01
201500003054;0;7;0;2;0;2;1;A01
201500003055;0;7;0;13;0;1;1;A01
201500003056;0;10;0;16;2;3;19;A01
201500003056;0;10;0;16;2;1;5;B02
201500003057;0;33;0;13;0;9;0;A01
201500003058;0;33;0;6;0;1;2;A01
201500003059;0;30;0;0;2;1;5;A01
201500003059;0;7;0;0;2;6;1;B02
201500003060;0;7;0;13;0;1;1;A01
201500003061;0;10;0;0;0;7;1;A01
201500003061;0;7;0;0;2;1;1;B02
201500003062;0;33;0;0;0;8;1;A01
201500003063;0;7;0;0;9;2;15;A01
201500003063;0;1;0;0;2;1;1;B02
201500003064;0;7;0;1;0;2;1;A01
201500003064;0;7;0;0;0;3;23;B02
201500003065;0;10;0;2;0;7;1;A01
201500003066;0;10;0;2;0;7;1;A01
201500003067;0;7;0;10;0;1;1;A01
201500003068;0;10;0;0;2;3;1;A01
201500003068;0;7;0;0;0;5;15;B02
201500003068;0;7;0;0;2;3;1;C03
201500003069;0;7;0;0;0;0;13;A01
201500003069;0;7;0;13;0;2;17;B02
201500003070;0;36;0;8;0;2;1;A01
201500003071;0;7;0;0;9;1;0;A01
201500003071;0;21;0;0;0;0;0;B02
201500003072;0;7;0;13;0;1;13;A01
201500003073;0;7;0;0;0;5;19;A01
201500003073;0;33;0;0;2;1;1;B02