num_acc;senc;catv;occutc;obs;obsm;choc;manv;num_veh
201500003074;0;30;0;0;0;1;1;A01
201500003075;0;30;0;0;2;2;1;A01
201500003075;0;7;0;0;2;2;1;B02
201500003076;0;33;0;0;0;1;1;A01
201500003077;0;7;0;0;2;3;17;A01
201500003077;0;7;0;0;2;3;1;C03
201500003077;0;7;0;2;2;8;1;B02
201500003078;0;7;0;0;2;1;1;A01
201500003078;0;7;0;0;2;3;1;B02
201500003079;0;7;0;0;2;6;1;A01
201500003079;0;7;0;0;2;1;1;B02
201500003080;0;7;0;0;2;7;15;A01
201500003080;0;7;0;0;2;1;1;B02
201500003081;0;7;0;0;0;1;1;A01
201500003082;0;33;0;0;0;2;1;A01
201500003083;0;7;0;2;0;1;1;A01
201500003084;0;7;0;0;9;2;1;A01
201500003085;0;7;0;0;2;3;1;A01
201500003085;0;10;0;0;2;2;15;B02
201500003086;0;21;0;0;0;8;19;A01
201500003086;0;7;0;0;2;1;1;B02
201500003087;0;7;0;0;1;8;15;A01
201500003088;0;7;0;7;0;3;0;A01
201500003089;0;7;0;13;0;2;1;A01
201500003090;0;7;0;0;2;3;13;A01
201500003090;0;7;0;0;2;3;1;B02
201500003091;0;7;0;0;1;2;1;A01
201500003092;0;1;0;0;2;1;1;B02
201500003092;0;7;0;0;9;2;15;A01
201500003093;0;7;0;3;0;1;1;A01
201500003094;0;33;0;8;0;1;14;A01
201500003095;0;7;0;0;2;9;17;A01
201500003095;0;7;0;0;2;9;1;B02
201500003095;0;7;0;0;2;9;21;C03
201500003096;0;20;0;0;2;1;13;A01
201500003096;0;7;0;0;2;1;1;B02
201500003097;0;31;0;0;2;1;1;B02
201500003097;0;10;0;0;2;8;19;A01
201500003098;0;7;0;0;2;1;13;A01
201500003098;0;7;0;0;2;3;1;B02
201500003099;0;7;0;8;0;1;1;A01
201500003100;0;10;0;0;2;1;1;A01
201500003100;0;7;0;0;2;1;1;B02
201500003101;0;7;0;0;2;1;0;A01
201500003101;0;7;0;0;2;4;0;B02
201500003102;0;7;0;13;0;2;1;A01
201500003103;0;7;0;0;2;3;13;A01
201500003103;0;17;0;0;2;3;1;B02
201500003104;0;7;0;2;0;9;1;A01
201500003105;0;33;0;0;2;1;17;B02
201500003105;0;30;0;0;2;8;10;A01
201500003106;0;7;0;0;1;3;1;A01
201500003107;0;7;0;13;0;1;1;A01
201500003108;0;7;0;0;4;7;9;A01
201500003108;0;39;40;0;2;2;1;B02
201500003109;0;31;0;0;2;1;2;A01
201500003109;0;14;0;0;2;6;2;B02
201500003110;0;7;0;0;2;3;15;B02
201500003110;0;33;0;0;2;1;17;A01
201500003111;0;10;0;0;2;8;13;A01
201500003111;0;17;0;0;2;8;21;B02
201500003112;0;7;0;0;2;7;15;A01
201500003112;0;33;0;0;2;7;1;B02
201500003113;0;7;0;13;0;1;1;A01
201500003114;0;7;0;0;2;1;1;A01
201500003114;0;21;0;0;2;4;1;B02
201500003115;0;7;0;2;0;0;1;A01
201500003116;0;7;0;0;2;3;9;B02
201500003116;0;7;0;0;2;2;1;A01
201500003117;0;10;0;16;0;9;1;A01
201500003118;0;7;0;6;0;1;1;A01
201500003119;0;7;0;0;2;1;1;B02
201500003119;0;14;0;0;2;7;1;A01
201500003120;0;7;0;0;2;3;1;B02
201500003120;0;7;0;0;2;2;5;A01
201500003121;0;7;0;2;0;2;1;A01
201500003122;0;7;0;0;1;2;2;A01
201500003123;0;7;0;0;2;3;13;A01
201500003123;0;14;0;0;2;3;1;B02
201500003124;0;7;0;0;2;6;1;A01
201500003124;0;7;0;0;2;1;0;B02
201500003125;0;7;0;0;2;1;2;A01
201500003125;0;7;0;0;2;6;2;B02
201500003126;0;7;0;0;2;8;1;A01
201500003126;0;33;0;0;2;1;0;B02
201500003127;0;7;0;13;0;1;1;A01
201500003128;0;7;0;0;2;2;15;A01
201500003128;0;30;0;0;2;1;1;B02
201500003129;0;10;0;16;0;9;1;A01
201500003130;0;7;0;0;2;1;1;A01
201500003130;0;7;0;0;2;1;15;B02
201500003131;0;21;0;0;2;0;1;A01
201500003131;0;30;0;0;2;1;1;B02
201500003132;0;10;0;0;2;3;13;A01
201500003132;0;37;40;0;2;3;1;B02
201500003133;0;7;0;13;0;9;1;A01
201500003134;0;7;0;0;2;1;1;B02
201500003134;0;7;0;0;2;8;10;A01
201500003135;0;7;0;0;1;3;1;A01
201500003136;0;7;0;2;0;8;17;A01
201500003137;0;7;0;0;2;6;9;A01
201500003137;0;7;0;0;2;1;1;B02
201500003138;0;33;0;0;2;1;17;A01
201500003138;0;20;0;0;2;5;17;B02
201500003138;0;21;0;0;0;8;1;C03
201500003139;0;10;0;0;2;4;1;A01
201500003139;0;2;0;0;2;1;1;B02
201500003140;0;7;0;8;0;1;14;A01
201500003141;0;14;0;0;2;1;1;B02
201500003141;0;35;0;0;2;7;19;A01
201500003142;0;2;0;0;2;3;21;A01
201500003142;0;7;0;0;2;3;13;B02
201500003143;0;7;0;13;0;1;1;A01
201500003144;0;7;0;0;1;1;14;A01
201500003145;0;7;0;2;0;7;1;A01
201500003146;0;7;0;13;0;3;1;A01
201500003147;0;36;0;16;0;9;1;A01
201500003148;0;7;0;2;0;1;19;A01
201500003149;1;7;0;0;1;3;13;A01
201500003150;0;7;0;2;0;2;1;A01
201500003151;0;33;0;0;2;2;17;B02
201500003151;0;7;0;0;2;6;11;A01
201500003152;0;7;0;0;6;1;6;A01
201500003153;0;7;0;0;2;4;9;B02
201500003153;0;7;0;0;2;4;1;D04
201500003153;0;7;0;0;2;5;9;C03
201500003153;0;10;0;0;2;1;1;A01
201500003153;0;10;0;0;2;8;1;E05
201500003154;0;7;0;0;2;1;11;B02
201500003154;0;7;0;0;2;8;15;A01
201500003155;0;7;0;2;0;1;1;A01
201500003156;0;1;0;0;2;1;13;A01
201500003156;0;7;0;0;2;3;1;B02
201500003157;0;33;0;8;0;1;1;A01
201500003158;0;7;0;0;2;2;2;A01
201500003158;0;1;0;0;0;4;2;B02
201500003159;0;7;0;0;2;2;1;A01
201500003159;0;1;0;0;0;5;19;B02
201500003160;0;7;0;0;2;1;13;A01
201500003160;0;7;0;0;2;1;1;B02
201500003160;0;7;0;0;2;8;1;C03
201500003160;0;10;0;0;2;1;1;D04
201500003161;0;7;0;0;0;0;1;A01
201500003162;0;7;0;0;2;2;9;A01
201500003162;0;10;0;0;0;3;1;B02
201500003163;0;7;0;0;0;9;1;A01
201500003164;0;7;0;0;2;3;13;A01
201500003164;0;7;0;0;2;3;1;B02
201500003165;0;7;0;1;1;1;1;A01
201500003165;0;21;0;0;2;8;24;B02
201500003166;0;1;0;0;2;7;1;A01
201500003166;0;10;0;0;9;5;4;B02
201500003167;0;7;0;0;2;7;13;A01
201500003167;0;7;0;0;2;1;1;B02
201500003168;0;7;0;0;2;1;17;A01
201500003168;0;7;0;0;2;3;1;B02
201500003169;0;7;0;0;1;2;1;A01
201500003170;0;7;0;0;2;3;15;A01
201500003170;0;33;0;0;2;1;1;B02
201500003171;0;7;0;0;2;1;1;A01
201500003171;0;7;0;0;2;1;1;B02
201500003172;0;7;0;8;0;9;13;A01
201500003173;0;7;0;0;2;2;1;B02
201500003173;0;7;0;0;2;2;15;A01
201500003174;0;33;0;16;0;8;1;A01
201500003175;0;7;0;0;2;8;1;B02
201500003175;0;7;0;0;2;2;19;A01
201500003176;0;7;0;0;2;7;22;A01
201500003176;0;1;0;1;2;7;1;B02
201500003177;0;7;0;0;2;2;1;B02
201500003177;0;7;0;0;2;2;19;A01
201500003178;0;10;0;16;0;1;1;A01
201500003179;0;7;0;0;1;1;13;A01
201500003180;0;7;0;0;2;3;1;A01
201500003180;0;7;0;0;2;1;13;B02
201500003181;0;33;0;0;0;0;1;A01
201500003182;0;7;0;2;0;1;13;A01
201500003183;0;7;0;0;1;3;1;A01
201500003184;0;7;0;0;2;2;13;A01
201500003184;0;33;0;0;2;6;15;B02
201500003185;0;7;0;0;1;1;1;A01
201500003186;0;7;0;3;0;0;1;A01
201500003187;0;7;0;13;0;8;1;A01
201500003188;0;7;0;0;0;2;14;A01
201500003189;0;7;0;8;0;2;14;A01
201500003190;0;7;0;0;1;2;1;A01
201500003191;0;7;0;0;2;1;1;B02
201500003191;0;7;0;0;2;3;16;A01
201500003192;0;1;0;0;0;1;9;B02
201500003192;0;7;0;0;0;2;1;A01
201500003193;0;30;0;0;0;4;2;B02
201500003193;0;7;0;0;2;1;2;A01
201500003194;0;7;0;0;2;8;19;A01
201500003194;0;33;0;0;2;1;1;B02
201500003195;0;33;0;6;0;1;1;A01
201500003196;0;7;0;2;0;2;1;A01
201500003197;0;7;0;0;1;8;1;A01
201500003198;0;2;0;0;2;1;1;B02
201500003198;0;7;0;0;2;7;19;A01
201500003199;0;7;0;0;2;2;1;A01
201500003199;0;10;0;0;2;3;1;B02
201500003200;0;1;0;0;2;1;17;B02
201500003200;0;7;0;0;9;3;15;A01
201500003201;0;33;0;0;2;1;17;A01
201500003201;0;7;0;0;0;6;19;B02
201500003202;0;7;0;0;2;8;19;A01
201500003202;0;33;0;0;2;1;17;B02
201500003203;0;7;0;0;2;3;13;A01
201500003203;0;7;0;0;2;3;13;B02
201500003204;0;7;0;0;2;7;1;B02
201500003204;0;30;0;0;2;1;9;A01
201500003205;0;7;0;16;0;2;1;A01
201500003206;0;10;0;0;2;1;1;B02
201500003206;0;7;0;0;2;1;13;A01
201500003207;0;10;0;0;2;8;1;A01
201500003207;0;7;0;0;2;1;19;B02
201500003208;0;7;0;13;0;1;1;A01
201500003209;0;7;0;0;2;3;15;A01
201500003209;0;33;0;0;2;3;1;B02
201500003210;0;33;0;13;0;1;1;A01
201500003211;0;7;0;14;1;1;2;A01
201500003211;0;7;0;0;2;9;23;B01
201500003212;0;33;0;0;2;2;1;B02
201500003212;0;10;0;0;2;2;19;A01
201500003213;0;7;0;0;0;3;15;A01
201500003213;0;33;0;0;2;2;17;B02
201500003214;0;7;0;1;0;1;13;A01
201500003215;0;33;0;0;1;1;1;A01
201500003216;0;31;0;0;2;8;1;A01
201500003216;0;7;0;0;2;7;9;B02
201500003217;0;7;0;0;2;2;2;A01
201500003217;0;1;0;0;2;4;2;B02
201500003218;0;7;0;0;1;2;1;A01
201500003219;0;1;0;0;2;4;15;A01
201500003219;0;7;0;0;2;1;19;B02
201500003220;0;7;0;13;0;7;1;A01
201500003221;0;7;0;2;0;1;1;A01
201500003222;0;10;0;10;0;8;1;A01
201500003223;0;30;0;0;2;1;13;A01
201500003223;0;7;0;0;2;3;1;B02
201500003224;0;30;0;0;0;8;1;A01
201500003225;0;30;0;1;0;2;1;A01
201500003226;0;7;0;0;2;8;4;A01
201500003226;0;33;0;0;2;1;1;B02
201500003227;0;7;0;0;2;2;1;A01
201500003227;0;1;0;0;2;8;1;B02
201500003228;0;7;0;13;0;2;13;A01
201500003229;0;7;0;8;2;1;1;A01
201500003229;0;1;0;0;9;1;5;B02
201500003229;0;1;0;0;9;1;1;C03
201500003230;0;7;0;0;2;2;1;B02
201500003230;0;30;0;0;2;7;16;A01
201500003231;0;7;0;0;1;2;2;A01
201500003232;0;7;0;2;0;8;1;A01
201500003233;0;1;0;0;2;1;0;B02
201500003233;0;1;0;0;9;1;0;A01
201500003234;0;10;0;0;2;1;1;B02
201500003234;0;7;0;0;2;4;15;A01
201500003235;0;33;0;0;0;8;1;A01
201500003236;0;33;0;6;0;2;1;A01
201500003237;0;17;0;0;0;6;15;A01
201500003237;0;33;0;0;2;2;17;B02
201500003238;0;7;0;6;0;1;1;A01
201500003239;0;7;0;6;0;1;14;A01
201500003240;0;7;0;3;2;1;13;A01
201500003240;0;7;0;0;2;6;1;B02
201500003241;0;7;0;0;2;2;15;A01
201500003241;0;7;0;0;2;1;1;B02
201500003241;0;7;0;0;2;5;15;C03
201500003242;0;31;0;6;0;1;1;A01
201500003243;0;7;0;2;0;3;13;A01
201500003244;0;7;0;0;2;2;13;A01
201500003244;0;7;0;0;2;3;1;B02
201500003245;0;7;0;2;0;3;2;A01
201500003246;0;7;0;0;2;7;1;A01
201500003246;0;7;0;0;2;1;9;B02
201500003247;0;7;0;2;0;8;1;A01
201500003248;0;17;0;13;0;8;21;A01
201500003249;0;7;0;2;0;3;1;A01
201500003250;0;10;0;0;0;2;13;A01
201500003251;0;33;0;0;2;2;2;A01
201500003251;0;7;0;0;2;3;15;B02
201500003252;0;30;0;9;0;1;1;A01
201500003253;0;31;0;0;0;0;0;A01
201500003254;0;7;0;0;2;3;1;A01
201500003254;0;7;0;0;2;1;9;B02
201500003255;0;7;0;0;2;1;13;A01
201500003255;0;7;0;0;2;2;1;B02
201500003256;0;7;0;0;2;1;1;B02
201500003256;0;30;0;0;2;8;9;A01
201500003257;0;33;0;0;2;1;17;A01
201500003257;0;2;0;0;2;8;1;B02
201500003257;0;7;0;0;2;1;1;C03
201500003258;0;7;0;0;2;2;1;A01
201500003258;0;7;0;0;2;3;6;B02
201500003259;0;7;0;13;0;7;1;A01
201500003260;0;7;0;0;2;8;1;B02
201500003260;0;7;0;0;2;3;13;A01
201500003260;0;7;0;0;2;3;1;C03
201500003261;0;7;0;0;2;1;1;B02
201500003261;0;7;0;0;2;1;13;A01
201500003262;0;7;0;13;0;2;1;A01
201500003263;0;7;0;0;2;2;15;A01
201500003263;0;7;0;0;2;1;1;B02
201500003264;0;33;0;0;2;7;1;B02
201500003264;0;7;0;0;2;3;9;A01
201500003265;0;7;0;0;2;2;17;A01
201500003265;0;7;0;0;2;3;15;B02
201500003266;0;7;0;2;0;3;13;A01
201500003267;0;7;0;0;2;2;13;A01
201500003267;0;7;0;0;2;2;1;B02
201500003268;0;7;0;13;0;2;1;A01
201500003269;0;7;0;0;1;3;2;A01
201500003270;0;30;0;0;2;1;1;A01
201500003270;0;7;0;0;2;3;15;B02
201500003271;0;7;0;15;0;7;1;A01
201500003272;0;7;0;6;0;1;15;A01
201500003273;0;33;0;0;0;0;14;A01
201500003274;0;7;0;0;2;8;1;B02
201500003274;0;33;0;0;2;1;1;A01
201500003275;0;7;0;0;2;3;1;A01
201500003275;0;2;0;0;2;1;1;B02
201500003276;0;33;0;0;2;1;1;B02
201500003276;0;7;0;0;2;3;15;A01
201500003277;0;7;0;0;1;4;4;A01
201500003278;0;30;0;14;0;1;13;A01
201500003279;0;7;0;0;0;9;1;A01
201500003280;0;7;0;1;1;5;4;A01
201500003281;0;7;0;0;2;5;16;A01
201500003281;0;2;0;0;2;3;1;B02
201500003282;0;7;0;0;0;1;1;A01
201500003283;0;7;0;0;2;1;13;A01
201500003283;0;10;0;0;2;1;1;B02
201500003283;0;7;0;0;2;8;1;C03
201500003284;0;7;0;0;2;9;1;A01
201500003284;1;7;0;0;2;3;9;B02
201500003285;0;7;0;13;0;3;13;A01
201500003286;0;7;0;0;2;1;0;C03
201500003286;0;7;0;0;2;1;2;B02
201500003286;0;7;0;0;0;4;15;A01
201500003287;0;10;0;0;2;4;23;B02
201500003287;0;1;0;1;0;1;2;A01
201500003288;0;1;0;0;2;6;1;C03
201500003288;0;7;0;0;2;3;1;A01
201500003288;0;1;0;0;2;6;1;B02
201500003289;0;7;0;0;2;1;1;A01
201500003289;0;7;0;0;2;8;19;B02
201500003290;0;7;0;0;2;6;15;B02
201500003290;0;33;0;0;2;1;2;A01
201500003291;0;7;0;0;2;3;13;A01
201500003291;0;10;0;0;2;1;1;C03
201500003291;0;7;0;0;2;3;1;B02
201500003292;0;2;0;0;2;1;1;B02
201500003292;0;7;0;0;2;3;15;A01
201500003293;0;7;0;0;2;1;13;A01
201500003293;0;7;0;0;2;1;1;B02
201500003294;0;7;0;0;2;1;1;A01
201500003294;0;10;0;0;0;7;19;B02
201500003295;0;7;0;0;2;1;1;B02
201500003295;0;3;0;0;0;4;1;A01
201500003296;0;7;0;0;2;4;23;B02
201500003296;0;33;0;0;2;1;1;A01
201500003297;0;10;0;0;2;2;17;A01
201500003297;0;30;0;0;2;8;15;B02
201500003298;0;7;0;0;2;7;15;A01
201500003298;0;7;0;0;2;3;1;B02
201500003299;0;7;0;15;0;3;1;A01
201500003300;0;7;0;1;0;1;13;A01
201500003301;0;7;0;8;0;3;13;A01
201500003302;0;7;0;0;2;3;13;A01
201500003302;0;7;0;0;2;3;1;B02
201500003303;0;33;0;0;2;1;1;B02
201500003303;0;7;0;0;2;3;19;A01
201500003304;0;2;0;0;0;7;1;B02
201500003304;0;7;0;0;2;1;19;A01
201500003305;0;10;0;0;2;7;19;B02
201500003305;0;7;0;0;2;1;1;A01
201500003306;0;31;0;0;2;1;1;B02
201500003306;0;10;0;0;2;2;15;A01
201500003307;0;1;0;0;5;1;1;A01
201500003308;0;10;0;0;2;1;19;A01
201500003308;0;3;0;0;2;7;19;B02
201500003309;0;7;0;0;2;3;1;A01
201500003309;0;7;0;0;2;1;1;B02
201500003310;0;7;0;0;1;1;1;A01
201500003311;0;7;0;8;2;1;1;A01
201500003311;0;10;0;0;2;5;17;B02
201500003312;0;2;0;0;2;2;15;A01
201500003312;0;10;0;0;2;1;1;B02
201500003313;0;31;0;0;2;1;1;A01
201500003313;0;7;0;0;9;5;1;B02
201500003314;0;7;0;2;0;3;13;A01
201500003315;0;7;0;0;2;3;1;A01
201500003315;0;2;0;0;2;1;1;B02
201500003316;0;33;0;6;0;8;13;A01
201500003317;0;7;0;0;2;8;1;A01
201500003317;0;7;0;0;2;1;19;B02
201500003318;0;10;0;0;2;3;1;B02
201500003318;0;7;0;0;2;3;13;A01
201500003319;0;7;0;2;0;3;1;A01
201500003320;0;30;0;0;2;1;1;A01
201500003320;0;10;0;0;2;2;1;B02
201500003321;0;7;0;13;0;9;1;A01
201500003322;0;7;0;0;2;8;19;A01
201500003322;0;7;0;0;2;1;1;B02
201500003323;0;7;0;15;0;8;1;A01
201500003324;0;7;0;0;2;2;1;B02
201500003324;0;21;0;0;2;3;1;A01
201500003325;0;7;0;0;2;1;1;B02
201500003325;0;7;0;8;0;7;1;A01
201500003326;0;7;0;0;2;3;1;A01
201500003326;0;7;0;0;2;2;0;B02
201500003327;0;7;0;0;2;1;1;B02
201500003327;0;7;0;0;2;7;21;A01
201500003328;0;7;0;13;0;0;1;A01
201500003329;0;7;0;2;0;3;1;A01
201500003330;0;7;0;0;2;2;1;A01
201500003330;0;10;0;0;2;2;1;B02
201500003331;0;30;0;0;2;1;13;A01
201500003331;0;7;0;0;2;1;1;B02
201500003332;0;7;0;0;2;3;13;A01
201500003332;0;7;0;0;2;3;1;B02
201500003333;0;7;0;0;2;8;19;A02
201500003333;0;7;0;0;2;1;1;B02
201500003334;0;7;0;2;0;8;13;A01
201500003335;0;7;0;13;0;1;15;A01
201500003336;0;7;0;0;1;3;1;A01
201500003337;0;30;0;0;2;1;1;A01
201500003337;0;7;0;0;2;3;1;B02
201500003338;0;7;0;0;2;6;2;B02
201500003338;0;30;0;0;2;1;2;A01
201500003339;0;7;0;2;0;8;1;A01
201500003340;0;7;0;0;0;2;15;A01
201500003340;0;33;0;0;0;1;0;B01
201500003341;0;7;0;0;2;3;13;A01
201500003341;0;14;0;0;2;8;1;B01
201500003342;0;7;0;0;2;3;1;B01
201500003342;0;7;0;0;2;3;15;A01
201500003343;0;1;0;0;2;1;1;B01
201500003343;0;7;0;0;2;2;15;A01
201500003344;0;15;0;0;2;1;1;D01
201500003344;0;7;0;0;2;3;13;A01
201500003344;0;14;0;0;2;3;1;B01
201500003345;0;7;0;0;2;1;1;B02
201500003345;0;36;0;0;2;1;13;A01
201500003346;0;7;0;0;2;3;17;A01
201500003346;0;7;0;0;2;3;1;B01
201500003347;0;7;0;8;0;3;1;A01
201500003348;0;7;0;0;2;8;15;A01
201500003348;0;7;0;0;2;1;1;B01
201500003349;0;7;0;0;2;1;17;A01
201500003349;0;7;0;0;2;1;1;B01
201500003350;0;3;0;13;0;1;1;A01
201500003351;0;7;0;0;2;2;13;A01
201500003351;0;10;0;0;2;1;1;B01
201500003352;0;7;0;6;0;3;1;A01
201500003353;0;7;0;0;2;3;1;B02
201500003353;0;7;0;0;2;1;1;C03
201500003353;0;7;0;0;2;1;13;A01
201500003354;0;1;0;0;2;1;1;B02
201500003354;0;7;0;0;2;2;15;A01
201500003355;0;7;0;0;2;6;19;A01
201500003355;0;33;0;0;2;1;21;B02
201500003356;0;10;0;2;0;3;1;A01
201500003357;0;7;0;0;2;7;13;A01
201500003357;0;10;0;0;2;1;1;B01
201500003358;0;30;0;5;0;5;0;A01
201500003359;0;10;0;2;0;3;1;A01
201500003360;0;7;0;0;2;7;19;B02
201500003360;0;7;0;0;2;1;1;A01
201500003361;0;7;0;0;2;2;1;B01
201500003361;0;7;0;0;2;3;5;A01
201500003362;0;14;0;0;2;3;1;B01
201500003362;0;7;0;0;2;3;13;A01
201500003363;0;7;0;13;0;1;1;A01
201500003364;0;7;0;0;2;1;1;A01
201500003364;0;7;0;0;2;1;1;B02
201500003365;0;7;0;0;2;1;13;A01
201500003365;0;10;0;0;2;2;1;B01
201500003366;0;7;0;0;1;2;1;A01
201500003367;0;7;0;14;0;2;1;A01
201500003368;0;33;0;0;2;8;21;A01
201500003368;0;10;0;0;2;8;1;B01
201500003369;0;7;0;0;2;2;1;C01
201500003369;0;7;0;0;2;2;13;A01
201500003369;0;7;0;0;2;8;1;B01
201500003370;0;17;0;1;0;1;1;A01
201500003370;0;10;0;1;0;4;24;C03
201500003370;0;17;0;1;0;4;24;B02
201500003370;0;17;0;0;2;4;24;D04
201500003371;0;7;0;0;2;1;5;A01
201500003371;0;7;0;0;2;1;1;B02
201500003372;0;7;0;0;2;8;10;A01
201500003372;0;7;0;0;2;1;1;B02
201500003373;0;7;0;0;2;1;1;B01
201500003373;0;7;0;0;2;1;13;A01
201500003374;0;33;0;2;0;1;1;A01
201500003375;0;10;0;2;0;1;1;A01
201500003376;0;7;0;0;2;2;15;A01
201500003376;0;33;0;0;2;1;1;B01
201500003377;0;7;0;0;2;3;1;A01
201500003377;0;14;0;0;2;3;1;B01
201500003378;0;7;0;2;0;1;1;A01
201500003379;0;7;0;0;2;5;24;A01
201500003379;0;2;0;1;0;2;14;B01
201500003380;0;7;0;13;0;1;14;A01
201500003381;0;7;0;0;2;3;17;A01
201500003381;0;7;0;0;0;3;1;B01
201500003382;0;7;0;0;2;1;5;A01
201500003382;0;15;0;0;2;1;0;B02
201500003383;0;10;0;3;0;2;1;A01
201500003384;0;7;0;0;9;1;1;A01
201500003384;0;1;0;0;2;7;1;B01
201500003385;0;30;0;0;2;1;0;B01
201500003385;0;7;0;0;2;1;5;A01
201500003386;0;7;0;8;0;3;1;A01
201500003387;0;7;0;0;1;1;1;A01
201500003388;0;7;0;0;2;3;15;B02
201500003388;0;31;0;0;2;2;17;A01
201500003389;0;7;0;0;1;1;1;A01
201500003390;0;7;0;13;0;1;1;A01
201500003391;0;33;0;0;6;3;1;A01
201500003392;0;7;0;0;2;7;15;A01
201500003392;0;33;0;0;2;1;1;B02
201500003393;0;33;0;0;0;8;14;A01
201500003394;0;7;0;0;0;9;1;A01
201500003395;0;7;0;0;9;1;19;B01
201500003395;0;1;0;0;0;8;1;A01
201500003396;0;31;0;0;2;3;1;B01
201500003396;0;7;0;0;2;3;15;A01
201500003397;0;10;0;0;2;1;1;B01
201500003397;0;7;0;0;2;1;5;A01
201500003398;0;7;0;0;0;1;13;A01
201500003398;0;10;0;0;0;1;1;B02
201500003399;0;31;0;0;2;5;1;B01
201500003399;0;10;0;0;2;3;1;A01
201500003400;0;7;0;0;1;2;1;A01
201500003401;0;33;0;0;0;1;1;B02
201500003401;0;33;0;0;0;1;1;C03
201500003401;0;33;0;0;0;1;1;D04
201500003401;0;33;0;0;0;1;1;A01
201500003402;0;33;0;0;2;1;1;B01
201500003402;0;7;0;0;2;8;15;A01
201500003403;0;7;0;0;2;5;15;A01
201500003403;0;33;0;0;2;1;1;B02
201500003403;0;10;0;0;2;1;1;C03
201500003404;0;30;0;0;2;1;1;A01
201500003404;0;31;0;0;2;4;10;B02
201500003405;0;7;0;2;0;1;1;A01
201500003406;0;7;0;2;0;8;1;A01
201500003407;0;7;0;0;2;3;13;A01
201500003407;0;7;0;0;2;3;1;B02
201500003408;0;33;0;0;0;7;1;A01
201500003409;0;30;0;0;2;3;1;A01
201500003409;0;7;0;0;2;3;1;B02
201500003410;0;7;0;0;2;1;1;A01
201500003410;0;7;0;0;2;1;1;B01
201500003411;0;7;0;0;2;3;23;A01
201500003411;0;31;0;1;0;7;1;B02
201500003412;0;7;0;0;2;1;15;A01
201500003412;0;7;0;0;2;3;1;B02
201500003413;0;33;0;16;0;7;1;A01
201500003414;0;7;0;0;2;1;1;A01
201500003414;0;7;0;0;2;1;1;B01
201500003415;0;2;0;0;2;1;1;B02
201500003415;0;10;0;0;2;2;1;A01
201500003416;0;7;0;0;2;1;1;C03
201500003416;0;7;0;0;2;7;15;A01
201500003416;0;2;0;0;2;1;1;B02
201500003417;0;7;0;0;2;3;13;A01
201500003417;0;7;0;0;2;3;1;B02
201500003418;0;33;0;0;2;4;1;B02
201500003418;0;33;0;0;2;1;1;A01
201500003419;0;10;0;0;2;3;13;A01
201500003419;0;33;0;0;2;1;1;B02
201500003420;0;1;0;0;2;1;15;A01
201500003420;0;7;0;0;9;1;1;B02
201500003421;0;7;0;0;1;1;0;A01
201500003422;0;7;0;13;0;1;6;A01
201500003423;0;7;0;0;2;1;1;C01
201500003423;0;7;0;0;2;8;1;B01
201500003423;0;7;0;0;2;1;13;A01
201500003424;0;33;0;0;1;1;1;A01
201500003425;0;7;0;0;2;7;13;A01
201500003425;0;7;0;0;2;2;1;B01
201500003426;0;7;0;0;1;1;1;A01
201500003427;0;33;0;0;0;7;1;A01
201500003428;0;10;0;0;2;2;1;A01
201500003428;0;10;0;0;2;3;15;B01
201500003429;0;7;0;0;2;2;1;B01
201500003429;0;7;0;0;2;1;13;A01
201500003430;0;7;0;12;0;1;1;A01
201500003431;0;7;0;0;2;2;1;B02
201500003431;0;2;0;0;2;7;15;A01
201500003432;0;7;0;0;2;1;1;A01
201500003432;0;7;0;0;2;2;1;B02
201500003433;0;7;0;0;2;2;13;A01
201500003433;0;7;0;0;2;1;1;B02
201500003434;0;34;0;0;0;7;1;A01
201500003435;0;7;0;0;2;3;1;B01
201500003435;0;7;0;0;2;3;17;A01
201500003436;0;33;0;0;2;1;13;A01
201500003436;0;7;0;0;2;1;1;B01
201500003437;0;7;0;0;1;8;1;A01
201500003438;0;7;0;2;0;1;1;A01
201500003439;0;7;0;0;2;2;1;A01
201500003439;0;1;0;0;2;1;19;B01
201500003440;0;7;0;0;2;1;13;A01
201500003440;0;7;0;0;2;1;1;B02
201500003441;0;7;0;0;1;2;1;A01
201500003442;0;7;0;6;0;1;13;A01
201500003443;0;7;0;2;0;3;13;A01
201500003444;0;31;0;6;0;7;14;A01
201500003445;0;7;0;2;0;1;1;A01
201500003446;0;7;0;2;0;1;1;A01
201500003447;0;7;0;8;2;1;17;A01
201500003448;0;7;0;0;2;1;1;A01
201500003448;0;30;0;0;0;6;1;B02
201500003449;0;7;0;0;1;3;1;A01
201500003450;0;7;0;0;2;2;1;A01
201500003450;0;7;0;0;2;3;15;B02
201500003451;0;10;0;0;1;2;1;A01
201500003452;0;30;0;0;0;8;1;A01
201500003453;0;33;0;13;0;1;1;A01
201500003454;0;7;0;8;0;8;14;A01
201500003455;0;7;0;8;0;3;1;A01
201500003456;0;7;0;0;0;1;15;A01
201500003457;0;7;0;13;0;7;1;A01
201500003458;0;31;0;12;0;0;1;A01
201500003459;0;7;0;0;2;1;1;B02