num_acc;senc;catv;occutc;obs;obsm;choc;manv;num_veh
201500003459;0;7;0;0;0;6;9;A01
201500003460;0;7;0;0;1;2;1;A01
201500003461;0;7;0;0;2;5;15;A01
201500003461;0;33;0;0;2;1;1;B02
201500003462;0;7;0;13;0;1;1;A01
201500003463;0;7;0;0;0;3;1;B02
201500003463;0;7;0;0;0;1;13;A01
201500003464;0;30;0;0;1;1;1;A01
201500003465;0;33;0;0;2;1;21;A01
201500003465;0;10;0;0;2;3;15;B02
201500003466;0;33;0;0;2;1;1;B02
201500003466;0;10;0;0;0;3;17;A01
201500003467;0;7;0;0;2;3;1;A01
201500003467;0;7;0;0;2;3;1;B02
201500003468;0;7;0;13;0;1;19;A01
201500003469;0;7;0;0;2;3;19;A01
201500003469;0;33;0;2;2;1;1;B02
201500003470;0;7;0;0;1;3;1;A01
201500003471;0;7;0;0;0;8;17;A01
201500003471;0;33;0;13;2;9;17;B02
201500003472;0;33;0;0;9;1;1;A01
201500003472;0;1;0;0;2;4;13;B02
201500003473;0;7;0;2;0;3;1;A01
201500003474;0;7;0;0;2;3;5;A01
201500003474;0;30;0;0;2;2;16;B02
201500003475;0;30;0;0;0;0;2;A01
201500003476;0;7;0;0;2;1;1;A01
201500003476;0;7;0;0;2;3;15;B02
201500003477;0;7;0;0;2;1;1;B02
201500003477;0;7;0;0;2;8;19;A01
201500003478;0;7;0;2;0;1;2;A01
201500003479;0;7;0;13;0;1;14;A01
201500003480;0;30;0;0;2;1;1;A01
201500003480;0;7;0;0;2;2;15;B02
201500003481;0;7;0;8;0;3;1;A01
201500003482;0;7;0;2;0;2;13;A01
201500003483;0;30;0;0;2;1;1;B02
201500003483;0;7;0;0;2;7;15;A01
201500003484;0;7;0;0;1;2;16;A01
201500003485;0;7;0;0;2;1;1;C03
201500003485;0;7;0;0;2;1;17;A01
201500003485;0;7;0;0;2;8;1;B02
201500003486;0;7;0;0;0;6;15;A01
201500003486;0;33;0;0;2;1;17;B02
201500003487;0;7;0;2;0;1;1;A01
201500003488;0;7;0;0;1;3;1;A01
201500003489;0;7;0;0;1;1;1;A01
201500003490;0;33;0;13;0;1;1;A01
201500003491;0;7;0;14;0;1;1;A01
201500003492;0;7;0;0;2;1;1;A01
201500003492;0;1;0;0;2;1;1;B02
201500003493;0;10;0;0;2;1;13;A01
201500003493;0;7;0;0;2;8;1;B02
201500003493;0;7;0;0;2;8;1;C03
201500003494;0;34;0;0;2;1;13;A01
201500003494;0;7;0;0;2;3;1;B02
201500003495;0;7;0;3;0;4;1;B02
201500003495;0;7;0;0;1;1;1;A01
201500003495;0;7;0;0;2;4;23;C03
201500003496;0;7;0;0;2;3;1;B02
201500003496;0;7;0;0;2;3;13;A01
201500003497;0;33;0;0;0;7;1;A01
201500003498;0;7;0;0;2;3;1;A01
201500003498;0;7;0;0;0;3;13;B02
201500003499;0;7;0;0;2;3;15;A01
201500003499;0;2;0;0;2;1;1;B02
201500003500;0;7;0;8;0;2;1;A01
201500003501;0;7;0;0;1;3;1;A01
201500003502;0;38;1;0;1;2;1;A01
201500003503;0;34;0;0;2;7;1;B02
201500003503;0;7;0;0;2;8;1;A01
201500003504;0;31;0;0;2;1;1;B02
201500003504;0;10;0;0;2;3;15;A01
201500003505;0;7;0;6;0;1;0;A01
201500003506;0;30;0;8;0;1;1;A01
201500003507;0;7;0;0;2;1;1;B02
201500003507;0;7;0;0;2;3;17;A01
201500003508;0;7;0;13;0;1;1;A01
201500003509;0;7;0;0;1;1;1;A01
201500003510;0;2;0;0;2;1;1;A01
201500003510;0;7;0;0;2;2;1;B02
201500003510;0;7;0;0;2;1;13;C03
201500003511;0;7;0;0;2;3;11;B02
201500003511;0;33;0;0;2;1;3;A01
201500003512;0;7;0;0;2;1;1;A01
201500003512;0;7;0;0;2;1;1;B02
201500003513;0;33;0;0;2;1;1;B02
201500003513;0;7;0;0;2;8;10;A01
201500003514;0;2;0;0;2;1;1;B02
201500003514;0;7;0;0;2;6;15;A01
201500003515;0;31;0;0;0;0;0;A01
201500003516;0;10;0;0;2;3;0;B02
201500003516;0;31;0;0;2;1;5;A01
201500003517;0;7;0;8;0;1;1;A01
201500003518;0;7;0;0;2;1;13;B02
201500003518;0;7;0;0;2;3;1;A01
201500003519;0;7;0;2;0;2;1;A01
201500003520;0;7;0;0;2;3;1;B02
201500003520;0;2;0;0;2;3;20;A01
201500003521;0;33;0;0;2;1;1;A01
201500003521;0;7;0;0;2;3;15;B02
201500003522;0;30;0;0;0;7;1;A01
201500003523;0;31;0;0;2;7;1;B02
201500003523;0;7;0;0;2;1;19;A01
201500003524;0;7;0;0;1;1;1;A01
201500003525;0;33;0;0;2;1;1;A01
201500003525;0;7;0;0;2;2;15;B02
201500003526;0;33;0;12;0;8;13;A01
201500003527;0;7;0;0;2;1;2;A01
201500003527;0;2;0;0;2;7;2;B02
201500003528;0;7;0;0;2;3;1;B02
201500003528;0;7;0;0;2;1;13;A01
201500003529;0;7;0;0;0;1;0;B02
201500003529;0;7;0;0;0;1;0;C03
201500003529;0;7;0;0;2;3;13;A01
201500003530;0;33;0;13;0;2;1;A01
201500003531;0;7;0;0;1;2;1;A01
201500003532;0;34;0;0;2;1;1;B02
201500003532;0;10;0;0;2;2;15;A01
201500003533;0;7;0;0;2;5;16;A01
201500003533;0;2;0;0;2;3;2;B02
201500003534;0;7;0;0;1;1;1;A01
201500003535;0;7;0;0;2;1;1;B02
201500003535;0;7;0;0;2;1;1;A01
201500003536;0;7;0;0;2;1;1;A01
201500003536;0;7;0;0;2;3;1;B02
201500003537;0;7;0;13;0;9;1;A01
201500003538;0;33;0;0;2;1;17;A01
201500003538;0;7;0;0;2;8;1;B02
201500003539;0;7;0;16;0;1;1;A01
201500003540;0;7;0;0;0;1;6;A01
201500003541;0;7;0;0;2;1;13;A01
201500003541;0;7;0;0;2;1;0;B02
201500003542;0;7;0;0;2;1;1;B02
201500003542;0;7;0;0;2;4;15;A01
201500003543;0;30;0;0;2;1;13;A01
201500003543;0;7;0;0;2;2;1;B02
201500003544;0;33;0;0;2;1;1;B02
201500003544;0;7;0;0;2;1;15;A01
201500003545;0;3;0;6;0;1;0;A01
201500003546;0;7;0;0;0;6;1;A01
201500003546;0;10;0;0;9;8;1;B02
201500003546;0;1;0;0;2;2;21;C03
201500003547;0;7;0;2;0;7;13;A01
201500003548;0;7;0;0;2;3;13;A01
201500003548;0;7;0;0;2;3;1;B02
201500003549;0;33;0;0;6;1;21;A01
201500003550;0;7;0;13;0;1;1;A01
201500003551;0;2;0;0;1;3;21;A01
201500003552;0;7;0;0;2;2;0;B02
201500003552;0;99;0;0;2;8;1;A01
201500003553;0;30;0;0;0;2;1;A01
201500003554;0;32;0;0;2;1;1;B02
201500003554;0;7;0;0;0;4;23;A01
201500003555;0;33;0;0;2;1;1;B02
201500003555;0;7;0;0;0;6;1;A01
201500003556;0;3;0;13;0;1;0;A01
201500003557;0;7;0;2;0;9;1;A01
201500003558;0;10;0;0;2;5;1;A01
201500003558;0;7;0;0;2;1;19;B02
201500003559;0;7;0;13;0;2;1;A01
201500003560;0;7;0;0;2;3;1;B02
201500003560;0;7;0;0;2;3;1;A01
201500003561;0;7;0;2;0;3;14;A01
201500003562;0;10;0;2;0;1;14;A01
201500003563;0;7;0;13;0;1;1;A01
201500003564;0;7;0;13;0;2;1;A01
201500003565;0;30;0;0;2;3;15;B02
201500003565;0;30;0;0;2;2;1;A01
201500003566;0;33;0;0;2;1;1;B02
201500003566;0;10;0;0;2;3;1;A01
201500003567;0;7;0;2;0;1;13;A01
201500003568;0;7;0;0;0;1;1;B02
201500003568;0;38;1;0;0;1;1;A01
201500003569;0;10;0;2;0;2;2;A01
201500003570;0;7;0;2;0;2;13;A01
201500003571;0;7;0;2;0;1;1;A01
201500003572;0;2;0;0;2;1;1;B02
201500003572;0;10;0;0;2;2;15;A01
201500003573;0;7;0;0;2;3;13;A01
201500003573;0;7;0;0;2;3;1;B02
201500003574;0;31;0;2;0;7;16;A01
201500003575;0;10;0;8;0;1;13;A01
201500003576;0;7;0;0;1;3;1;A01
201500003577;0;7;0;0;2;1;11;A01
201500003577;0;30;0;0;2;3;1;B02
201500003578;0;33;0;0;0;1;1;B02
201500003578;0;14;0;0;0;5;1;A01
201500003579;0;30;0;0;2;1;1;B02
201500003579;0;7;0;0;2;7;15;A01
201500003580;0;7;0;0;2;7;13;A01
201500003580;0;7;0;0;2;1;1;B02
201500003581;0;1;0;0;0;4;0;A01
201500003581;0;7;0;0;9;2;1;B02
201500003582;0;1;0;0;2;1;1;B02
201500003582;0;7;0;0;9;5;15;A01
201500003583;0;33;0;0;2;1;0;B02
201500003583;0;7;0;0;2;3;15;A01
201500003584;0;7;0;6;0;1;13;A01
201500003585;0;7;0;6;0;4;1;A01
201500003586;0;7;0;6;0;1;0;A01
201500003587;0;7;0;0;2;3;1;B02
201500003587;0;32;0;0;2;1;1;A01
201500003588;0;7;0;2;0;2;1;A01
201500003589;0;7;0;8;1;5;1;A01
201500003589;0;7;0;0;2;3;16;B02
201500003590;0;7;0;0;1;1;15;A01
201500003591;0;7;0;0;1;3;1;A01
201500003592;0;7;0;0;2;1;1;B02
201500003592;0;7;0;0;2;7;13;A01
201500003593;0;10;0;2;0;3;13;A01
201500003594;0;7;0;0;1;7;1;A01
201500003595;0;7;0;2;0;1;15;A01
201500003596;0;7;0;13;0;2;1;A01
201500003597;0;7;0;2;0;2;1;A01
201500003598;0;1;0;0;2;4;1;A01
201500003598;0;17;0;0;2;6;1;B02
201500003599;0;7;0;0;2;8;1;B02
201500003599;0;7;0;0;2;1;19;A01
201500003600;1;7;0;1;1;2;1;A01
201500003600;0;7;0;0;2;8;24;B02
201500003601;0;33;0;5;0;1;2;A01
201500003602;0;30;0;16;0;9;14;A01
201500003603;0;34;0;0;2;1;1;B02
201500003603;0;7;0;0;2;3;19;A01
201500003604;0;7;0;8;0;1;14;A01
201500003605;0;33;0;0;0;7;1;A01
201500003606;0;7;0;8;0;9;6;A01
201500003607;0;7;0;2;0;1;1;A01
201500003608;0;7;0;2;0;5;1;A01
201500003609;0;7;0;10;0;2;0;A01
201500003610;0;7;0;0;2;8;19;B02
201500003610;0;30;0;0;2;8;1;A01
201500003611;0;7;0;2;0;1;1;A01
201500003612;0;7;0;6;0;3;1;A01
201500003613;0;30;0;0;0;1;1;A01
201500003614;0;33;0;16;0;1;1;A01
201500003615;0;7;0;2;5;9;13;A01
201500003616;0;10;0;13;0;1;1;A01
201500003617;0;7;0;0;1;6;4;A01
201500003618;0;1;0;14;0;0;1;A01
201500003619;0;7;0;0;2;1;1;A01
201500003619;0;10;0;0;0;3;1;B02
201500003620;0;10;0;13;0;7;14;A01
201500003621;0;1;0;0;2;8;1;B02
201500003621;0;1;0;0;2;8;1;C03
201500003621;0;7;0;0;2;7;17;A01
201500003622;0;7;0;0;2;1;19;A01
201500003622;0;7;0;2;2;9;1;B02
201500003623;0;7;0;0;2;8;19;A01
201500003623;0;7;0;0;2;1;1;B02
201500003624;0;7;0;2;0;1;1;A01
201500003625;0;33;0;0;2;8;1;B02
201500003625;0;7;0;0;2;1;15;A01
201500003626;2;10;0;0;2;1;1;A01
201500003626;0;1;0;0;2;5;1;B02
201500003627;0;7;0;0;9;1;1;A01
201500003628;0;20;0;0;2;2;19;B02
201500003628;0;14;0;0;2;1;1;A01
201500003629;0;7;0;8;0;1;1;A01
201500003630;0;33;0;2;0;0;13;A01
201500003631;0;7;0;0;9;5;17;A01
201500003631;0;1;0;0;2;8;2;B02
201500003632;0;10;0;8;0;1;1;A01
201500003633;0;7;0;13;0;2;1;A01
201500003634;0;31;0;0;0;1;1;B02
201500003634;0;7;0;0;2;3;19;A01
201500003635;0;33;0;0;0;1;1;B02
201500003635;0;10;0;0;0;7;15;A01
201500003636;0;7;0;0;1;2;1;A01
201500003637;0;7;0;0;9;2;1;A01
201500003637;0;1;0;0;2;4;1;B02
201500003638;0;30;0;2;0;1;13;A01
201500003639;0;7;0;0;2;3;1;B02
201500003639;0;7;0;0;2;2;15;A01
201500003640;0;7;0;2;0;1;1;A01
201500003641;0;7;0;0;2;1;1;B02
201500003641;0;7;0;0;2;1;1;A01
201500003642;0;7;0;0;2;3;1;B02
201500003642;0;7;0;0;2;3;15;A01
201500003643;0;33;0;0;0;7;15;A01
201500003644;0;7;0;2;0;1;1;A01
201500003645;0;7;0;0;1;2;1;A01
201500003646;0;33;0;12;0;0;1;A01
201500003647;0;7;0;15;0;1;0;A01
201500003648;0;30;0;0;2;2;17;A01
201500003648;0;7;0;0;2;3;20;B02
201500003649;0;30;0;6;0;1;0;A01
201500003650;0;7;0;16;0;0;16;A01
201500003651;0;2;0;0;0;2;1;A01
201500003652;0;31;0;0;0;8;14;A01
201500003653;0;7;0;2;0;6;1;A01
201500003654;0;7;0;0;2;3;19;A01
201500003654;0;7;0;0;2;1;1;B02
201500003655;0;31;0;0;2;1;1;B02
201500003655;0;7;0;0;2;1;13;A01
201500003656;0;7;0;0;2;1;1;B02
201500003656;0;7;0;0;2;8;19;A01
201500003657;0;33;0;0;2;1;2;B02
201500003657;0;10;0;0;2;4;2;A01
201500003658;0;7;0;1;0;1;1;A01
201500003659;0;7;0;0;2;1;17;B02
201500003659;0;1;0;0;2;8;15;A01
201500003660;0;7;0;0;2;3;15;A01
201500003660;0;2;0;0;2;8;1;B02
201500003661;0;7;0;0;2;1;5;A01
201500003661;0;7;0;0;2;1;1;B02
201500003662;0;1;0;0;2;0;15;B02
201500003662;0;31;0;0;9;1;1;A01
201500003663;0;7;0;2;0;1;13;A01
201500003664;0;33;0;16;0;9;1;A01
201500003665;0;7;0;0;9;2;1;A01
201500003665;0;1;0;0;2;1;9;B02
201500003666;0;33;0;0;2;8;1;A01
201500003666;0;7;0;0;2;8;15;B02
201500003667;0;32;0;0;2;2;17;A01
201500003667;0;3;0;0;2;8;15;B02
201500003668;0;32;0;0;0;2;1;A01
201500003669;0;33;0;13;0;1;0;A01
201500003670;0;33;0;16;0;1;1;A01
201500003671;0;7;0;2;0;2;1;A01
201500003672;0;7;0;0;2;3;1;B02
201500003672;0;7;0;0;2;3;13;A01
201500003673;0;7;0;13;0;1;13;A01
201500003674;0;33;0;0;2;3;13;A01
201500003674;0;33;0;0;2;3;1;B02
201500003675;0;2;0;0;2;1;1;B02
201500003675;0;7;0;0;2;5;19;A01
201500003676;0;7;0;0;0;7;1;A01
201500003677;0;1;0;0;0;4;1;B02
201500003677;0;1;0;0;2;0;1;A01
201500003678;0;7;0;0;0;1;6;A01
201500003679;0;7;0;0;1;1;1;A01
201500003680;0;7;0;8;0;1;14;A01
201500003680;0;10;0;0;9;3;2;B02
201500003681;0;7;0;0;2;2;15;A01
201500003681;0;33;0;0;2;1;1;B02
201500003682;0;10;0;0;1;2;1;A01
201500003683;0;7;0;0;2;1;0;B02
201500003683;0;33;0;0;2;1;13;A01
201500003684;0;7;0;0;2;3;1;B02
201500003684;0;7;0;0;2;1;13;A01
201500003685;0;2;0;0;2;1;17;A01
201500003685;0;7;0;0;2;3;1;B02
201500003686;0;7;0;0;1;3;1;A01
201500003687;0;7;0;0;2;1;17;B02
201500003687;0;7;0;0;2;4;13;A01
201500003688;0;20;0;0;0;0;14;A01
201500003689;0;1;0;1;0;1;1;A01
201500003689;0;10;0;0;9;6;24;B02
201500003690;0;1;0;0;2;8;19;A01
201500003690;0;7;0;0;9;1;1;B01
201500003691;0;7;0;0;1;1;15;A01
201500003692;0;7;0;0;1;1;1;A01
201500003693;0;7;0;0;2;8;9;A01
201500003693;0;33;0;0;2;1;1;B01
201500003694;0;7;0;0;2;2;2;A01
201500003694;0;2;0;0;0;4;2;B01
201500003695;0;36;0;8;0;3;14;A01
201500003696;0;15;0;0;2;1;2;A01
201500003696;0;7;0;0;0;4;23;B01
201500003697;0;7;0;0;2;2;13;A01
201500003697;0;15;0;0;2;3;1;B02
201500003698;0;15;0;0;2;3;2;A01
201500003698;0;7;0;0;2;5;15;B02
201500003699;0;7;0;0;2;1;13;A01
201500003699;0;7;0;0;2;1;1;B02
201500003700;0;15;0;3;2;3;1;B02
201500003700;0;7;0;0;2;1;13;A01
201500003700;0;7;0;0;2;1;2;D04
201500003700;0;7;0;0;2;3;2;C03
201500003701;0;33;0;0;0;0;1;A01
201500003702;0;7;0;0;2;1;13;A01
201500003702;0;7;0;0;2;1;1;B02
201500003703;0;7;0;0;2;1;13;A01
201500003703;0;7;0;0;2;1;1;C03
201500003703;0;7;0;0;2;8;1;B02
201500003704;0;1;0;0;0;0;0;A01
201500003705;0;7;0;0;2;3;1;A01
201500003705;0;32;0;0;2;1;1;B02
201500003706;0;33;0;0;0;8;1;A01
201500003707;0;7;0;13;0;1;21;A01
201500003707;0;7;0;0;0;0;13;B02
201500003708;0;7;0;0;2;4;23;B02
201500003708;0;13;0;0;2;4;23;C03
201500003708;0;10;0;0;2;1;2;A01
201500003709;0;7;0;0;0;9;1;A01
201500003710;0;7;0;0;2;9;2;B02
201500003710;0;7;0;0;2;1;2;C03
201500003710;0;7;0;0;2;1;2;D04
201500003710;0;7;0;0;2;2;17;A01
201500003710;0;17;0;0;2;1;1;E05
201500003711;0;7;0;13;0;3;1;A01
201500003712;0;7;0;0;2;1;13;A01
201500003712;0;14;0;0;2;1;1;B02
201500003713;0;7;0;0;2;3;15;A01
201500003713;0;33;0;0;2;1;1;B02
201500003714;0;7;0;0;2;3;1;B02
201500003714;0;10;0;0;2;2;19;A01
201500003715;0;31;0;0;2;1;1;A01
201500003715;0;33;0;0;2;1;0;B01
201500003716;0;7;0;0;0;3;19;A01
201500003716;0;30;0;0;2;2;1;B02
201500003717;0;7;0;13;0;1;13;A01
201500003718;0;7;0;13;0;1;1;A01
201500003719;0;7;0;0;2;8;1;B02
201500003719;0;36;0;0;2;3;1;A01
201500003720;0;7;0;0;1;4;4;A01
201500003721;0;7;0;6;0;1;1;A01
201500003722;0;10;0;0;2;1;1;B02
201500003722;0;7;0;0;2;7;1;A01
201500003723;0;7;0;0;0;3;1;B02
201500003723;0;7;0;0;0;3;13;A01
201500003724;0;7;0;6;0;1;1;A01
201500003725;0;1;0;0;0;0;1;A01
201500003726;0;33;0;0;2;1;1;B02
201500003726;0;7;0;0;2;3;9;A01
201500003727;0;7;0;0;2;1;1;B02
201500003727;0;7;0;0;2;3;13;A01
201500003728;0;7;0;0;2;1;1;B02
201500003728;0;7;0;0;2;1;13;A01
201500003729;0;7;0;0;2;3;1;B02
201500003729;0;7;0;0;2;3;13;A01
201500003730;0;31;0;0;2;3;13;A01
201500003730;0;7;0;0;2;3;1;B02
201500003731;0;7;0;0;2;3;15;B02
201500003731;0;10;0;0;2;2;1;A01
201500003732;0;33;0;16;0;1;1;A01
201500003733;0;10;0;2;0;3;1;A01
201500003734;0;7;0;13;0;8;1;A01
201500003735;0;7;0;0;1;1;1;A01
201500003736;0;33;0;0;0;1;1;A01
201500003737;0;2;0;0;2;1;13;A01
201500003737;0;10;0;0;2;3;1;B02
201500003738;0;2;0;0;2;1;15;A01
201500003738;0;7;0;0;2;2;1;B02
201500003739;0;7;0;2;0;1;1;A01
201500003740;0;31;0;0;2;1;1;A01
201500003740;0;31;0;0;2;4;16;B02
201500003741;0;7;0;0;1;2;1;A01
201500003742;0;33;0;0;2;1;1;B02
201500003742;0;7;0;0;2;3;15;A01
201500003743;0;7;0;2;0;2;1;A01
201500003744;0;30;0;12;0;8;13;A01
201500003745;0;7;0;2;0;1;1;A01
201500003746;0;33;0;0;2;8;1;A01
201500003746;0;7;0;0;2;7;17;B02
201500003747;0;33;0;6;0;3;1;A01
201500003748;0;7;0;2;0;2;1;A01
201500003749;0;7;0;13;1;8;1;A01
201500003750;0;3;0;16;0;9;1;A01
201500003751;0;7;0;0;2;7;14;B02
201500003751;0;7;0;0;2;0;12;A01
201500003752;0;7;0;0;2;7;0;C03
201500003752;0;7;0;0;2;3;0;B02
201500003752;0;10;0;0;0;3;0;A01
201500003753;0;7;0;13;0;0;1;A01
201500003754;0;21;0;0;2;1;9;A01
201500003754;0;33;0;0;2;1;1;B02
201500003755;0;7;0;0;2;2;1;A01
201500003755;0;1;0;0;2;4;1;B02
201500003756;0;38;6;7;0;2;14;A01
201500003757;0;7;0;0;1;2;1;A01
201500003758;0;7;0;0;2;8;23;C03
201500003758;0;7;0;0;2;2;15;A01
201500003758;0;7;0;0;2;1;1;B02
201500003758;0;7;0;0;2;1;1;D04
201500003759;0;7;0;13;0;3;1;A01
201500003760;0;7;0;7;0;7;1;A01
201500003761;0;7;0;0;0;4;1;C03
201500003761;0;31;0;0;2;1;2;A01
201500003761;0;7;0;0;0;4;1;B02
201500003762;0;7;0;0;2;3;13;A01
201500003762;0;7;0;0;2;3;1;B02
201500003763;0;7;0;0;2;7;15;A01
201500003763;0;33;0;0;2;7;1;B02
201500003764;0;7;0;0;2;2;1;A01
201500003764;0;7;0;0;2;2;1;B02
201500003765;0;7;0;0;0;0;1;A01
201500003766;0;7;0;0;2;8;10;A01
201500003766;0;15;0;0;2;2;1;B02
201500003767;0;7;0;12;1;8;23;A01
201500003768;0;7;0;2;0;9;1;A01
201500003769;0;31;0;0;0;1;1;A01
201500003770;0;33;0;0;2;1;1;B02
201500003770;0;7;0;0;2;1;13;A01
201500003771;0;7;0;0;2;1;2;A01
201500003771;0;1;0;0;2;4;2;B02
201500003772;0;7;0;0;2;1;9;A01
201500003772;0;1;0;0;2;8;15;B02
201500003773;0;7;0;0;2;1;1;B02
201500003773;0;7;0;0;2;3;19;A01
201500003774;0;7;0;0;2;8;15;A01
201500003774;0;7;0;0;2;2;17;B02
201500003775;0;7;0;0;2;3;15;A01
201500003775;0;2;0;0;2;3;1;B02
201500003776;0;31;0;0;2;8;1;B02
201500003776;0;7;0;0;2;7;14;A01
201500003777;0;7;0;0;2;1;13;A01
201500003777;0;7;0;0;2;1;1;B02
201500003778;0;2;0;3;0;1;1;A01
201500003779;0;7;0;0;2;1;15;A01
201500003779;0;30;0;0;2;1;1;B02
201500003780;0;2;0;0;2;1;1;A01
201500003780;0;7;0;0;2;7;16;B02
201500003781;0;33;0;0;0;0;1;A01
201500003782;0;7;0;0;2;1;1;A01
201500003782;0;10;0;0;2;4;1;B02
201500003783;0;7;0;16;0;9;14;A01
201500003784;0;7;0;0;2;3;13;A01
201500003784;0;10;0;0;2;3;1;B02
201500003785;0;7;0;0;1;1;1;A01
201500003786;0;33;0;16;0;0;14;A01
201500003787;0;7;0;2;0;7;14;A01
201500003788;0;7;0;0;1;3;19;A01
201500003789;0;7;0;0;2;7;19;A01
201500003789;0;17;0;0;2;1;1;B02
201500003790;0;2;0;0;2;8;15;B02
201500003790;0;7;0;0;2;1;17;A01
201500003791;0;7;0;0;2;1;1;B02
201500003791;0;7;0;0;2;1;13;A01
201500003792;0;10;0;13;0;9;17;A01
201500003793;0;7;0;13;0;3;13;A01
201500003794;0;7;0;13;0;3;13;A01
201500003795;0;7;0;2;0;1;14;A01
201500003796;0;2;0;0;2;8;13;A02
201500003796;0;7;0;0;2;2;1;B01
201500003797;0;7;0;0;2;4;2;B02
201500003797;0;10;0;0;2;1;2;A03
201500003797;0;7;0;0;2;4;2;C01
201500003798;0;10;0;16;0;9;14;A01
201500003799;0;14;0;10;2;3;21;B02
201500003799;0;7;0;10;2;3;1;A01
201500003800;0;7;0;0;2;3;1;A01
201500003800;0;33;0;0;2;8;1;B02
201500003801;0;7;0;0;2;1;1;C03
201500003801;0;7;0;0;2;2;13;A01
201500003801;0;7;0;0;2;3;1;B02
201500003802;0;33;0;0;2;1;17;A01
201500003802;0;7;0;0;2;8;15;B02
201500003803;0;7;0;0;0;9;14;A01
201500003804;0;7;0;0;1;2;1;A01
201500003805;0;33;0;13;0;1;14;A01
201500003806;0;7;0;13;0;3;13;A01
201500003807;0;7;0;8;0;8;13;A01
201500003808;0;7;0;13;0;9;13;A01
201500003809;0;7;0;13;0;9;14;A01
201500003810;0;7;0;0;2;8;13;A01
201500003810;0;10;0;0;2;1;1;B02
201500003811;0;7;0;0;2;6;15;A01
201500003811;0;33;0;0;2;1;1;B02
201500003812;0;7;0;2;0;3;13;A01
201500003813;0;7;0;0;2;3;13;A01
201500003813;0;7;0;0;2;1;1;B02
201500003814;0;10;0;0;2;1;21;A01
201500003814;0;7;0;0;2;6;15;B02
201500003815;0;7;0;0;2;2;13;A01
201500003815;0;7;0;0;2;2;21;B02
201500003816;0;7;0;2;0;9;14;A01
201500003817;0;7;0;0;0;3;19;B02
201500003817;0;7;0;0;2;7;19;A01
201500003818;0;10;0;0;2;2;1;B02
201500003818;0;10;0;0;2;3;16;A01
201500003819;0;7;0;2;0;1;13;A01
201500003820;0;30;0;0;0;1;1;A01
201500003820;0;7;0;0;0;7;11;B02
201500003821;0;7;0;0;0;3;15;A01
201500003821;0;33;0;0;2;1;1;B02
201500003822;0;33;0;0;2;1;1;B02
201500003822;0;7;0;0;2;7;15;A01
201500003823;0;7;0;6;0;3;13;A01
201500003824;0;2;0;0;1;1;1;A01
201500003825;0;7;0;2;0;8;13;A01
201500003826;0;7;0;13;0;3;13;A01
201500003827;1;7;0;0;2;8;2;B01
201500003827;0;30;0;0;2;7;17;A01
201500003828;0;7;0;0;0;6;17;A01
201500003828;0;7;0;0;2;2;17;B02
201500003829;0;7;0;13;0;1;14;A01
201500003830;0;7;0;0;0;8;13;A01
201500003831;0;7;0;2;0;1;13;A01
201500003832;0;7;0;0;2;1;13;A01
201500003832;0;17;0;0;2;3;1;B02
201500003833;0;7;0;16;0;8;13;A01
201500003834;0;7;0;0;2;6;19;A01
201500003834;0;7;0;0;2;1;1;B02
201500003835;0;7;0;0;2;1;1;B02
201500003835;2;7;0;0;2;7;1;A01
201500003836;0;10;0;0;2;1;17;A01
201500003836;0;7;0;0;2;1;1;B02
201500003837;0;10;0;0;1;2;1;A01
201500003838;0;7;0;16;0;9;13;A01
201500003839;0;7;0;2;0;1;13;A01
201500003840;0;7;0;0;2;3;13;A01
201500003840;0;7;0;0;2;3;1;B02
201500003841;0;31;0;0;0;8;1;A01
201500003842;0;7;0;13;0;3;13;A01
201500003843;0;7;0;0;2;8;17;A01
201500003843;0;33;0;0;2;7;17;B02
201500003844;0;7;0;0;2;1;1;B02
201500003844;0;7;0;0;2;8;15;A01
201500003845;0;7;0;8;0;1;15;A01
201500003846;0;7;0;13;0;1;21;B01
201500003846;0;14;0;0;0;0;19;A02
201500003847;0;7;0;0;1;3;1;A01
201500003848;0;31;0;0;2;1;1;B02
201500003848;0;99;0;0;2;3;19;A01
201500003849;0;1;0;11;0;1;14;A01
201500003850;0;7;0;0;1;2;1;A01
201500003851;0;21;0;0;2;5;15;A01
201500003851;0;7;0;0;2;1;1;B02
201500003852;0;33;0;0;6;1;0;A01
201500003853;0;7;0;0;2;3;17;A01
201500003853;0;7;0;0;2;3;1;B02
201500003854;0;10;0;0;2;1;19;A01
201500003854;0;10;0;0;2;1;1;B02
201500003855;0;15;0;0;1;1;0;A01
201500003856;0;7;0;2;6;1;1;A01
201500003857;0;7;0;0;2;1;1;A01
201500003857;0;1;0;0;2;4;1;B02
201500003858;0;7;0;16;0;9;14;A01
201500003859;0;7;0;0;1;3;1;A01
201500003860;0;7;0;0;2;1;13;A01
201500003860;0;7;0;0;2;1;1;B02
201500003861;0;33;0;7;0;7;14;A01
201500003862;0;21;0;6;0;3;16;A01
201500003863;0;30;0;0;0;2;16;A01
201500003864;0;10;0;2;0;1;17;A01