num_acc;senc;catv;occutc;obs;obsm;choc;manv;num_veh
201500003865;0;7;0;0;2;1;15;A01
201500003865;0;7;0;0;2;1;1;B02
201500003865;0;7;0;0;2;1;23;C03
201500003866;0;7;0;0;2;1;19;A01
201500003866;0;10;0;0;2;8;1;B02
201500003867;0;7;0;0;1;1;1;A01
201500003868;0;7;0;0;2;1;13;A01
201500003868;0;17;0;0;2;1;1;B02
201500003869;0;7;0;3;0;3;13;A01
201500003870;0;14;0;0;0;6;24;B02
201500003870;0;15;0;1;0;2;14;A01
201500003871;0;7;0;14;0;2;1;B02
201500003871;0;7;0;0;2;3;1;D04
201500003871;0;7;0;0;2;5;1;C03
201500003871;0;7;0;0;0;2;23;A01
201500003872;0;7;0;13;0;1;1;A01
201500003873;0;7;0;6;0;9;2;A01
201500003874;0;7;0;0;2;2;13;B02
201500003874;0;7;0;0;2;1;1;A01
201500003875;0;7;0;0;2;3;1;B02
201500003875;0;10;0;0;2;3;13;A01
201500003876;0;7;0;0;2;1;1;A01
201500003876;0;30;0;0;0;4;1;B02
201500003877;0;7;0;0;2;1;1;A01
201500003877;0;7;0;0;2;2;1;B02
201500003878;0;30;0;0;2;8;15;B02
201500003878;0;7;0;0;2;1;17;A01
201500003879;0;17;0;0;2;3;0;A01
201500003879;0;7;0;0;2;3;1;B02
201500003880;0;7;0;0;1;1;1;A01
201500003881;0;7;0;0;0;3;1;B02
201500003881;0;7;0;0;0;3;13;A01
201500003882;0;33;0;0;0;0;1;B02
201500003882;0;7;0;0;2;1;1;A01
201500003883;0;7;0;0;2;3;1;B02
201500003883;0;31;0;0;2;1;13;A01
201500003884;0;33;0;0;5;1;1;A01
201500003885;0;1;0;0;2;1;1;B02
201500003885;0;10;0;0;9;1;1;A01
201500003886;0;7;0;6;0;8;13;A01
201500003887;0;1;0;0;2;1;13;A01
201500003887;0;7;0;0;2;1;1;B02
201500003888;0;7;0;8;0;3;1;A01
201500003889;0;7;0;2;0;8;1;A01
201500003890;0;7;0;13;0;1;1;A01
201500003891;0;7;0;0;0;1;1;A01
201500003892;0;7;0;0;1;0;1;A01
201500003893;0;7;0;2;0;1;0;A01
201500003894;0;7;0;0;2;8;1;A01
201500003894;0;30;0;0;2;1;19;B02
201500003895;0;30;0;0;2;2;2;A01
201500003895;0;7;0;0;2;4;23;B02
201500003896;0;7;0;0;2;2;17;A01
201500003896;0;1;0;0;2;1;1;B02
201500003897;0;33;0;0;0;0;1;A01
201500003898;0;7;0;0;2;7;1;B02
201500003898;0;30;0;0;2;7;19;A01
201500003899;0;33;0;0;0;8;1;A01
201500003900;0;7;0;2;0;1;14;A01
201500003901;0;33;0;0;2;7;1;B02
201500003901;0;7;0;0;2;1;9;A01
201500003902;0;33;0;0;2;1;1;A01
201500003902;0;7;0;0;2;3;1;B02
201500003903;0;1;0;0;2;1;21;B02
201500003903;0;7;0;0;2;8;1;A01
201500003904;0;7;0;0;2;1;13;A01
201500003904;0;21;0;0;0;0;1;B02
201500003905;0;7;0;0;2;3;0;A01
201500003905;0;7;0;0;2;2;0;B02
201500003906;0;7;0;0;2;3;13;A01
201500003906;0;7;0;0;2;3;1;B02
201500003907;0;7;0;0;2;2;15;B02
201500003907;0;1;0;0;2;1;13;A01
201500003908;0;7;0;0;2;1;15;A01
201500003908;0;1;0;0;2;1;1;B02
201500003909;0;7;0;0;2;8;9;A01
201500003909;0;33;0;0;2;1;1;B02
201500003910;0;7;0;0;0;1;1;A01
201500003910;0;7;0;0;2;1;1;B02
201500003910;0;7;0;0;2;1;1;C03
201500003911;0;1;0;0;2;8;2;B02
201500003911;1;7;0;0;2;7;17;A01
201500003911;0;1;0;0;2;8;2;C03
201500003912;0;1;0;0;4;2;19;A01
201500003912;0;39;0;0;9;3;1;B02
201500003913;0;7;0;8;0;1;1;A01
201500003914;0;7;0;0;2;4;23;B02
201500003914;0;7;0;1;0;1;1;A01
201500003915;1;30;0;0;1;1;1;A01
201500003916;0;7;0;0;2;3;1;B02
201500003916;0;33;0;0;2;1;1;A01
201500003917;0;21;0;0;2;3;15;B02
201500003917;0;33;0;0;2;1;17;A01
201500003918;0;7;0;2;0;1;13;A01
201500003919;0;10;0;0;2;1;1;B02
201500003919;0;7;0;0;2;1;13;A01
201500003920;0;7;0;10;0;1;1;A01
201500003921;0;33;0;3;0;1;1;A01
201500003922;0;7;0;0;2;1;23;C03
201500003922;0;7;0;0;2;1;1;B02
201500003922;0;7;0;0;2;1;15;A01
201500003923;0;7;0;2;0;1;1;A01
201500003924;0;7;0;6;0;2;1;A01
201500003925;0;10;0;0;2;3;1;B02
201500003925;0;7;0;0;2;2;1;A01
201500003926;0;7;0;2;0;1;1;A01
201500003927;0;7;0;0;2;1;17;B02
201500003927;0;7;0;0;2;1;1;A01
201500003928;0;7;0;2;0;1;1;A01
201500003929;0;10;0;0;2;3;18;A01
201500003929;0;1;0;0;2;7;1;B02
201500003930;0;7;0;2;0;1;1;A01
201500003931;0;31;0;0;5;1;1;A01
201500003932;0;10;0;0;2;6;2;B02
201500003932;0;7;0;0;2;2;2;A01
201500003932;0;17;0;0;2;2;1;C03
201500003933;0;1;0;0;0;0;0;A01
201500003934;0;10;0;13;2;1;1;A01
201500003934;0;7;0;0;2;5;1;B02
201500003935;0;7;0;6;0;1;1;A01
201500003936;0;7;0;0;2;1;1;B02
201500003936;0;10;0;0;2;2;15;A01
201500003937;0;10;0;0;2;1;1;B02
201500003937;0;10;0;0;2;1;17;A01
201500003938;0;7;0;6;0;1;13;A01
201500003939;0;1;0;0;2;1;13;B02
201500003939;0;7;0;0;2;8;1;A01
201500003940;0;7;0;16;9;9;1;A01
201500003941;0;32;0;0;2;1;9;B02
201500003941;0;14;0;0;0;1;1;A01
201500003942;0;1;0;14;0;0;1;A01
201500003943;0;1;0;0;2;1;17;A01
201500003943;0;7;0;0;0;8;15;B02
201500003944;0;7;0;0;2;2;1;B02
201500003944;0;33;0;0;2;1;13;A01
201500003945;0;7;0;8;0;1;14;A01
201500003946;0;7;0;0;0;3;24;B02
201500003946;0;7;0;1;1;3;5;A01
201500003947;0;7;0;0;2;3;13;A01
201500003947;0;33;0;6;2;3;1;B02
201500003948;0;1;0;0;1;2;1;A01
201500003949;0;21;0;13;0;2;17;A01
201500003950;0;7;0;2;2;2;1;A01
201500003951;0;1;0;0;2;4;2;A01
201500003951;0;7;0;0;2;5;1;B02
201500003952;0;33;0;13;0;1;1;A01
201500003953;0;7;0;0;1;2;1;A01
201500003954;0;36;0;13;0;9;1;A01
201500003955;0;7;0;6;0;2;16;A01
201500003956;0;7;0;0;0;0;0;A01
201500003957;0;31;0;13;0;1;13;A01
201500003958;0;7;0;0;2;1;1;B02
201500003958;0;7;0;0;2;2;15;A01
201500003959;0;7;0;0;2;2;1;A01
201500003959;0;7;0;0;2;3;9;B02
201500003960;0;7;0;6;0;3;17;A01
201500003961;0;7;0;0;2;7;13;A01
201500003961;0;14;0;0;2;1;1;B02
201500003962;0;15;0;0;2;0;10;A01
201500003962;0;7;0;0;2;1;1;B02
201500003963;0;21;0;0;2;6;1;A01
201500003963;0;33;0;0;2;8;1;B02
201500003964;0;39;0;0;1;3;1;A01
201500003965;0;7;0;0;2;1;1;B02
201500003965;0;7;0;0;2;1;13;A01
201500003966;0;33;0;0;0;0;1;A01
201500003966;0;33;0;0;0;0;1;B02
201500003967;0;36;0;2;0;1;1;A01
201500003968;0;7;0;0;1;1;1;A01
201500003969;0;33;0;0;2;1;1;B02
201500003969;0;14;0;0;2;1;15;A01
201500003970;0;7;0;16;0;9;1;A01
201500003971;0;14;0;0;1;4;4;A01
201500003972;0;7;0;13;9;1;15;A01
201500003973;0;36;0;3;0;7;16;A01
201500003974;0;7;0;13;0;9;1;A01
201500003975;0;33;0;0;0;1;1;A01
201500003976;0;10;0;0;0;9;1;A01
201500003977;0;7;0;2;0;7;1;A01
201500003978;0;7;0;0;2;1;1;A01
201500003978;0;15;0;0;0;0;1;B02
201500003979;0;7;0;0;2;1;1;A01
201500003979;0;2;0;0;2;1;1;B02
201500003980;0;7;0;13;0;1;1;A01
201500003981;0;7;0;0;2;7;13;A01
201500003981;0;7;0;0;2;1;1;B02
201500003982;0;7;0;0;2;3;13;A01
201500003982;0;7;0;0;2;3;1;B02
201500003983;0;99;0;0;0;1;1;A01
201500003984;0;33;0;3;0;8;15;A01
201500003985;0;33;0;0;6;8;1;A01
201500003985;0;7;0;0;2;3;1;B02
201500003986;0;2;0;0;0;0;14;A01
201500003987;0;7;0;0;2;8;9;A01
201500003987;0;32;0;0;2;1;1;B02
201500003988;0;33;0;0;0;7;1;A01
201500003989;0;7;0;0;2;1;1;A01
201500003989;0;7;0;0;0;4;23;B02
201500003990;0;2;0;14;0;7;1;A01
201500003991;0;30;0;9;0;1;1;A01
201500003992;0;7;0;2;0;1;1;A01
201500003993;0;7;0;2;0;3;1;A01
201500003994;0;33;0;0;2;1;17;B02
201500003994;0;10;0;0;0;6;15;A01
201500003995;0;7;0;2;0;1;1;A01
201500003996;0;7;0;2;0;1;0;A01
201500003997;0;2;0;0;2;8;1;B02
201500003997;0;10;0;0;2;1;19;A01
201500003998;0;7;0;2;0;1;1;A01
201500003999;0;33;0;0;2;7;16;B02
201500003999;0;7;0;0;2;1;9;A01
201500004000;0;7;0;8;0;2;1;A01
201500004001;0;7;0;0;2;8;19;B02
201500004001;0;7;0;0;2;3;1;A01
201500004002;0;7;0;0;2;1;13;A01
201500004002;0;7;0;0;2;1;1;B02
201500004003;0;10;0;0;2;1;19;A01
201500004003;0;7;0;0;2;8;1;B02
201500004004;0;7;0;0;2;3;15;A01
201500004004;0;7;0;0;2;3;1;B02
201500004004;0;10;0;0;2;3;23;C03
201500004005;0;7;0;2;0;3;13;A01
201500004006;0;7;0;0;1;2;1;A01
201500004007;0;10;0;0;2;3;1;A01
201500004007;0;10;0;0;2;2;15;B02
201500004008;0;7;0;0;2;1;1;A01
201500004008;0;7;0;0;2;8;10;B02
201500004009;0;7;0;8;0;6;1;A01
201500004010;0;10;0;0;2;1;5;A01
201500004010;0;7;0;0;2;1;1;B02
201500004011;0;7;0;0;1;2;1;A01
201500004012;0;7;0;16;0;9;13;A01
201500004013;0;7;0;10;0;1;1;A01
201500004014;0;7;0;0;1;2;1;A01
201500004015;0;7;0;0;1;1;19;A01
201500004016;0;2;0;0;2;6;0;B02
201500004016;0;7;0;0;2;3;19;A01
201500004017;0;7;0;0;2;7;15;A01
201500004017;0;2;0;0;2;1;1;B02
201500004018;0;33;0;14;0;1;1;B02
201500004018;0;7;0;0;0;6;1;A01
201500004019;0;33;0;0;2;1;1;A01
201500004019;0;7;0;0;2;3;15;B02
201500004020;0;7;0;;2;7;1;A01
201500004020;0;1;0;0;2;4;;A02
201500004021;0;7;0;0;2;8;11;A01
201500004021;0;30;0;0;2;1;1;B02
201500004022;0;2;0;0;2;1;1;B01
201500004022;0;7;0;0;2;5;15;A01
201500004023;0;7;0;0;1;3;1;A01
201500004024;0;7;0;0;2;1;13;A01
201500004024;0;10;0;3;2;1;1;B01
201500004024;0;7;0;0;2;7;1;C01
201500004025;0;7;0;0;2;1;21;A01
201500004025;0;7;0;0;2;7;15;C01
201500004025;0;7;0;0;2;3;23;B01
201500004026;0;7;0;15;0;2;15;A01
201500004027;0;7;0;0;1;3;1;A01
201500004028;0;7;0;0;1;2;1;A01
201500004029;0;7;0;0;1;4;4;A01
201500004030;0;30;0;0;2;1;16;A01
201500004030;0;7;0;0;2;1;1;B01
201500004031;0;7;0;0;2;2;1;A01
201500004031;0;7;0;0;2;3;1;B01
201500004032;0;15;0;0;2;3;1;B01
201500004032;0;7;0;0;2;1;13;A01
201500004033;0;7;0;8;2;5;19;B01
201500004033;0;7;0;0;2;1;1;A01
201500004034;0;7;0;0;1;3;1;A01
201500004035;0;10;0;0;2;1;2;B01
201500004035;0;7;0;0;0;4;2;A01
201500004036;0;2;0;;2;1;17;A02
201500004036;0;7;0;;2;3;15;A01
201500004037;0;7;0;0;2;1;1;A01
201500004037;0;10;0;0;2;7;19;B02
201500004038;0;7;0;2;0;1;13;A01
201500004039;0;30;0;0;2;1;2;A01
201500004039;0;10;0;0;2;4;2;B02
201500004040;0;10;0;0;2;8;1;B02
201500004040;0;10;0;0;2;1;1;A01
201500004041;0;7;0;0;2;7;19;B02
201500004041;0;33;0;0;2;1;1;A01
201500004042;0;30;0;2;0;1;1;A01
201500004043;0;1;0;0;2;1;1;B02
201500004043;0;7;0;0;9;7;15;A01
201500004044;0;10;0;0;1;3;1;A01
201500004045;0;33;0;0;0;0;17;A01
201500004046;0;10;0;0;2;1;1;B02
201500004046;0;7;0;0;2;7;1;A01
201500004047;0;7;0;13;0;3;1;A01
201500004048;0;7;0;4;0;6;1;A01
201500004049;0;30;0;0;0;0;0;B02
201500004049;0;30;0;0;0;0;0;A01
201500004050;0;7;0;2;0;2;1;A01
201500004051;0;7;0;0;2;3;13;A01
201500004051;0;14;0;0;2;3;1;B02
201500004052;0;7;0;0;2;2;10;A01
201500004052;0;33;0;0;2;1;1;B02
201500004053;0;7;0;0;2;1;2;A01
201500004053;0;30;0;0;2;4;2;B02
201500004054;0;7;0;0;2;2;2;C03
201500004054;0;7;0;0;2;1;13;A01
201500004054;0;7;0;0;2;1;0;B02
201500004055;0;7;0;0;2;1;2;A01
201500004055;0;7;0;0;0;8;15;B02
201500004056;0;7;0;2;0;1;1;A01
201500004057;0;10;0;2;0;1;1;A01
201500004058;0;7;0;0;2;1;1;A01
201500004058;0;7;0;0;2;1;1;B02
201500004059;0;7;0;0;2;3;13;A01
201500004059;0;17;0;0;2;6;21;B02
201500004059;0;7;0;0;2;8;23;C03
201500004060;0;33;0;0;2;3;1;A01
201500004060;0;7;0;0;2;3;1;B02
201500004061;0;7;0;0;2;3;17;A01
201500004061;0;7;0;0;0;3;1;B02
201500004062;0;7;0;2;0;1;1;A01
201500004063;0;30;0;0;2;1;19;A01
201500004063;0;7;0;0;2;3;1;B02
201500004064;0;7;0;0;2;7;1;A01
201500004064;0;7;0;0;2;1;16;B02
201500004065;0;7;0;0;1;3;1;A01
201500004066;0;7;0;13;0;1;13;A01
201500004067;0;10;0;0;2;2;1;A01
201500004067;0;1;0;0;0;4;1;B02
201500004068;0;7;0;13;0;3;0;A01
201500004069;0;7;0;0;0;0;0;A01
201500004070;0;7;0;2;0;2;14;A01
201500004071;0;7;0;0;2;3;15;A01
201500004071;0;34;0;0;2;3;1;B02
201500004072;0;7;0;0;2;7;15;A01
201500004072;0;33;0;0;2;1;1;B02
201500004073;0;7;0;2;0;8;1;A01
201500004074;0;7;0;6;0;3;13;A01
201500004075;0;7;0;0;2;8;15;A01
201500004075;0;31;0;0;2;7;17;B02
201500004076;0;10;0;0;2;2;13;A01
201500004076;0;10;0;0;2;1;1;B02
201500004077;0;7;0;0;2;3;1;A01
201500004077;0;7;0;0;2;3;1;B02
201500004078;0;33;0;8;0;1;13;A01
201500004079;0;30;0;13;0;0;1;A01
201500004080;0;7;0;8;0;1;14;A01
201500004081;0;7;0;6;0;1;14;A01
201500004082;0;7;0;0;2;3;1;A01
201500004082;0;7;0;0;2;3;1;B02
201500004083;0;7;0;0;2;3;19;A01
201500004083;0;33;0;0;2;1;1;B02
201500004084;0;33;0;3;0;1;1;A01
201500004085;0;7;0;2;0;9;13;A01
201500004086;0;7;0;2;0;2;14;A01
201500004087;0;99;0;0;0;7;1;A01
201500004088;0;10;0;0;9;2;15;A01
201500004088;0;1;0;0;2;1;1;B02
201500004089;0;7;0;0;2;3;1;A01
201500004089;0;7;0;0;2;3;1;B02
201500004090;0;21;0;0;2;3;0;A01
201500004090;0;31;0;0;2;3;0;B02
201500004091;0;31;0;13;0;1;1;A01
201500004092;0;7;0;2;0;1;1;A01
201500004093;0;10;0;0;1;0;1;B02
201500004094;0;33;0;0;2;1;1;A01
201500004094;0;7;0;0;2;2;17;B02
201500004095;0;7;0;16;0;3;1;A01
201500004096;0;7;0;0;2;2;1;A01
201500004096;0;2;0;0;2;1;1;B02
201500004097;0;7;0;0;2;2;1;A01
201500004097;0;7;0;0;2;3;16;B02
201500004098;0;1;0;0;0;0;1;A01
201500004099;0;7;0;0;2;3;1;A01
201500004099;0;7;0;13;2;3;1;B02
201500004100;0;7;0;6;0;1;0;A01
201500004101;0;7;0;0;2;1;1;A01
201500004101;0;7;0;0;2;1;17;B02
201500004102;0;7;0;13;0;1;1;A01
201500004103;0;7;0;0;2;1;13;A01
201500004103;0;7;0;0;2;8;1;B02
201500004103;0;7;0;0;2;1;1;C03
201500004104;0;36;0;6;0;1;1;A01
201500004105;0;1;0;0;2;1;2;A01
201500004105;0;1;0;0;2;4;2;B02
201500004106;0;33;0;0;2;1;1;A01
201500004106;0;7;0;0;9;8;1;B02
201500004106;0;7;0;0;2;3;15;C03
201500004107;0;7;0;0;0;6;13;A01
201500004108;0;7;0;6;0;1;1;A01
201500004109;0;7;0;2;0;2;1;A01
201500004110;0;7;0;2;0;2;13;A01
201500004111;0;7;0;2;0;1;13;A01
201500004112;0;7;0;0;2;3;19;A01
201500004112;0;33;0;0;2;1;1;B02
201500004113;0;7;0;0;2;1;1;A01
201500004113;0;7;0;0;0;4;16;B02
201500004114;0;7;0;0;0;9;1;A01
201500004115;0;7;0;0;2;1;5;A01
201500004115;0;2;0;0;2;1;0;B02
201500004116;0;7;0;2;0;3;14;A01
201500004117;0;7;0;3;2;0;5;A01
201500004117;0;7;0;3;2;1;1;B02
201500004117;0;7;0;3;2;3;1;C03
201500004118;0;7;0;0;2;2;16;A01
201500004118;0;7;0;0;2;3;1;B02
201500004119;0;2;0;0;2;1;2;A01
201500004119;0;7;0;0;2;5;15;B02
201500004120;0;10;0;0;2;1;1;B02
201500004120;0;7;0;0;2;7;19;A01
201500004121;0;1;0;0;2;8;2;A01
201500004121;0;1;0;0;2;7;2;B02
201500004122;0;7;0;6;0;7;1;A01
201500004123;0;7;0;0;2;7;1;A01
201500004123;0;7;0;0;2;1;19;B02
201500004124;0;7;0;13;0;1;0;A01
201500004125;0;7;0;0;2;1;19;A01
201500004125;0;1;0;0;2;6;1;B02
201500004126;0;7;0;0;0;6;23;A01
201500004127;0;7;0;0;9;9;1;A01
201500004128;0;7;0;6;0;1;1;A01
201500004129;0;7;0;0;2;3;15;A01
201500004129;0;30;0;0;2;1;1;B02
201500004130;0;7;0;0;2;2;13;A01
201500004130;0;7;0;0;2;1;1;B02
201500004131;0;31;0;3;0;1;1;A01
201500004132;0;7;0;13;0;1;19;A01
201500004133;0;7;0;13;0;1;1;A01
201500004134;0;7;0;2;0;1;1;A01
201500004135;0;7;0;2;0;3;1;A01
201500004136;0;7;0;0;1;2;1;A01
201500004137;0;7;0;0;2;2;1;B02
201500004137;0;7;0;0;2;3;1;A01
201500004138;0;10;0;0;2;7;1;A01
201500004138;0;30;0;0;2;1;1;B02
201500004139;0;7;0;0;2;6;10;A01
201500004139;0;7;0;0;2;3;1;B02
201500004140;0;7;0;13;0;0;1;A01
201500004141;0;7;0;0;2;1;17;A01
201500004141;0;7;0;0;2;3;15;B02
201500004142;0;30;0;3;0;8;1;A01
201500004143;0;32;0;0;0;7;1;A01
201500004144;0;33;0;2;0;2;1;A01
201500004145;0;33;0;0;2;8;3;B02
201500004145;0;10;0;0;2;2;12;A01
201500004146;0;31;0;0;0;7;1;B02
201500004146;1;7;0;0;2;2;5;A01
201500004147;0;7;0;0;1;1;2;A01
201500004148;0;7;0;0;1;7;1;A01
201500004149;0;7;0;0;2;1;1;B02
201500004149;0;33;0;0;2;1;1;A01
201500004150;0;7;0;0;1;3;1;A01
201500004151;2;10;0;;1;;;A01
201500004152;0;33;0;0;2;7;1;B02
201500004152;0;7;0;0;2;1;15;A01
201500004153;0;33;0;4;0;7;1;A01
201500004154;0;7;0;14;0;1;1;A01
201500004155;0;33;0;0;2;1;1;A01
201500004155;0;7;0;0;2;6;2;B02
201500004156;0;7;0;0;1;1;17;A01
201500004157;0;33;0;0;0;0;0;A01
201500004158;0;33;0;0;2;1;13;A01
201500004158;0;33;0;0;2;8;1;B02
201500004159;0;33;0;0;0;0;0;A01
201500004160;0;31;0;0;2;1;1;B02
201500004160;0;31;0;0;2;1;1;A01
201500004161;0;33;0;0;2;1;0;B02
201500004161;0;7;0;0;2;8;10;A01
201500004162;0;33;0;0;0;1;1;A01
201500004163;0;2;0;0;0;7;17;B02
201500004163;0;7;0;0;0;3;15;A01
201500004164;0;7;0;0;1;3;1;A01
201500004165;0;7;0;0;0;8;15;A01
201500004165;0;7;0;1;0;9;0;B02
201500004165;0;7;0;0;0;9;17;C03
201500004166;0;33;0;12;0;7;1;A01
201500004167;0;7;0;0;2;1;1;B02
201500004167;0;7;0;0;2;2;13;A01
201500004168;0;33;0;4;0;1;1;A01
201500004169;0;7;0;0;2;3;1;A01
201500004169;0;7;0;0;2;3;1;B02
201500004170;0;7;0;0;1;3;1;A01
201500004171;0;33;0;0;2;1;19;A01
201500004171;0;7;0;0;2;8;19;B02
201500004172;0;7;0;8;0;1;1;A01
201500004173;0;33;0;0;0;0;1;A01
201500004174;0;7;0;0;2;1;9;A01
201500004174;0;7;0;0;2;7;15;B02
201500004175;0;7;0;0;1;7;1;B01
201500004176;0;7;0;0;1;3;1;A01
201500004177;0;1;0;0;2;1;1;B02
201500004177;0;7;0;0;2;2;15;A01
201500004178;0;31;0;0;2;1;1;B02
201500004178;0;7;0;0;2;2;15;A01
201500004179;0;7;0;4;2;9;17;A01
201500004179;0;7;0;0;2;1;1;B02
201500004180;0;30;0;0;2;7;1;A01
201500004180;0;7;0;0;2;3;9;B02
201500004181;0;30;0;0;1;1;1;A01
201500004182;0;7;0;0;1;1;15;A01
201500004183;0;7;0;0;2;2;10;A01
201500004183;0;33;0;1;2;8;1;B02
201500004184;0;17;0;0;2;3;21;B02
201500004184;0;7;0;0;2;3;5;A01
201500004185;0;7;0;13;0;1;1;A01
201500004186;0;14;0;0;0;0;15;A01
201500004186;0;31;0;0;0;0;21;B02
201500004187;0;7;0;0;2;1;13;A01
201500004187;0;14;0;0;2;6;1;B02
201500004188;0;7;0;0;2;3;5;A01
201500004188;0;2;0;0;2;3;1;B02
201500004189;0;7;0;12;0;7;1;A01
201500004190;0;30;0;0;2;1;1;A01
201500004190;0;7;0;0;2;2;1;B02
201500004191;0;1;0;0;2;4;1;B02
201500004191;0;7;0;0;9;1;1;A01
201500004192;0;33;0;0;0;6;9;B02
201500004192;0;7;0;0;0;2;2;A01
201500004193;0;7;0;0;0;4;1;A01
201500004194;0;2;0;0;2;1;18;A01
201500004194;0;14;0;0;2;2;15;B02
201500004195;0;30;0;0;0;1;0;B02
201500004195;0;7;0;0;2;7;15;A01
201500004196;0;7;0;0;2;0;15;A01
201500004196;0;7;0;0;2;1;1;B02
201500004197;0;31;0;0;2;7;17;A01
201500004197;0;7;0;0;2;8;1;B02
201500004198;0;7;0;6;0;8;1;A01
201500004199;0;2;0;0;1;1;1;A01
201500004200;0;7;0;0;2;5;1;A01
201500004200;0;10;0;0;2;3;1;B02
201500004201;0;7;0;0;2;5;15;A01
201500004201;0;7;0;0;2;1;1;B02
201500004202;0;7;0;13;0;2;1;A01
201500004203;0;14;0;0;2;1;1;B02
201500004203;0;14;0;0;2;1;0;A01
201500004204;0;7;0;2;0;1;1;A01
201500004205;0;33;0;12;0;1;1;A01
201500004206;0;7;0;0;2;3;13;A01
201500004206;0;7;0;0;2;3;1;B02
201500004207;0;7;0;0;2;3;23;B02
201500004207;0;7;0;0;2;3;13;C03
201500004207;0;7;0;0;2;1;1;A01
201500004208;0;7;0;0;2;3;1;B02
201500004208;0;7;0;0;2;3;1;A01
201500004209;0;7;0;;2;1;;A01
201500004209;0;7;0;;2;1;;A02
201500004210;0;10;0;0;2;1;13;A01
201500004210;0;10;0;0;2;3;1;C03
201500004210;0;10;0;0;2;2;1;B02
201500004211;0;7;0;2;0;1;1;A01
201500004212;0;10;0;0;2;6;15;A01
201500004212;0;33;0;0;2;3;1;B02
201500004213;0;2;0;0;2;3;1;B02
201500004213;0;7;0;3;2;3;13;A01
201500004214;0;2;0;0;2;1;1;A01
201500004214;0;7;0;0;2;1;9;B02
201500004215;0;30;0;0;2;7;1;B02
201500004215;0;7;0;0;2;1;1;A01
201500004216;0;7;0;0;2;1;1;B02
201500004216;0;10;0;0;2;1;1;C03
201500004216;0;7;0;0;2;1;1;A01
201500004217;0;7;0;0;2;3;13;B02
201500004217;0;7;0;0;2;3;1;A01
201500004218;0;7;0;0;2;1;5;A01
201500004218;0;7;0;0;2;1;0;B02
201500004219;0;31;0;8;0;1;1;A01
201500004220;0;7;0;0;2;1;1;B02
201500004220;0;33;0;0;2;1;19;A01
201500004221;0;7;0;6;0;1;0;A01
201500004222;0;10;0;2;0;1;1;A01
201500004223;0;10;0;6;0;7;1;A01
201500004224;0;7;0;0;0;2;15;A01
201500004224;0;7;0;0;0;1;23;B02
201500004225;0;7;0;0;2;1;9;A01
201500004225;0;7;0;0;2;5;1;B02
201500004226;0;1;0;0;0;1;1;B02
201500004226;0;7;0;0;0;3;15;A01
201500004227;0;7;0;3;0;0;1;A01
201500004228;0;10;0;0;1;3;15;A01
201500004229;0;10;0;0;2;1;15;B02
201500004229;0;31;0;0;2;2;1;A01
201500004230;0;7;0;2;0;3;0;A01
201500004231;0;7;0;0;2;2;13;A01
201500004231;0;7;0;0;2;2;21;B02
201500004232;0;10;0;0;2;1;1;A01
201500004232;0;7;0;0;2;8;1;B02
201500004233;0;7;0;0;2;1;1;A01
201500004233;0;7;0;0;2;1;13;B02
201500004234;0;7;0;0;2;3;1;B02
201500004234;0;7;0;0;2;3;13;A01
201500004235;0;7;0;0;1;2;14;A01
201500004236;0;7;0;13;0;4;4;A01
201500004237;0;7;0;0;2;1;13;A01
201500004237;0;15;0;0;2;1;1;B02
201500004238;0;10;0;0;1;0;1;A01
201500004239;0;7;0;2;0;1;14;A01
201500004240;0;7;0;0;1;8;1;A01
201500004241;0;7;0;0;1;5;13;A01
201500004242;0;10;0;0;0;2;15;A01
201500004242;0;7;0;0;0;1;1;B02
201500004243;0;31;0;8;0;1;0;A01
201500004244;0;31;0;0;2;1;1;A01
201500004244;0;7;0;0;2;1;15;B02
201500004245;0;30;0;12;0;2;21;A01
201500004246;0;7;0;0;1;1;1;A01
201500004247;0;33;0;0;2;1;1;B02
201500004247;0;7;0;0;2;8;15;A01
201500004248;0;33;0;12;2;0;1;B02
201500004248;0;33;0;12;2;0;1;A01
201500004248;0;7;0;0;0;0;15;C03
201500004249;0;33;0;6;0;1;14;A01
201500004250;0;33;0;0;2;1;1;B02
201500004250;0;7;0;0;2;2;15;A01
201500004251;0;33;0;0;2;1;1;B02
201500004251;0;10;0;0;2;7;15;A01
201500004252;0;7;0;2;0;2;0;A01
201500004253;0;1;0;;1;1;1;A01
201500004254;0;7;0;8;0;7;1;A01
201500004255;0;33;0;0;2;3;5;B02
201500004255;1;7;0;0;2;3;5;A01
201500004256;0;7;0;0;2;1;13;A01
201500004256;0;10;0;0;2;3;1;B02
201500004257;0;31;0;2;6;3;13;A01
201500004258;0;10;0;0;2;3;1;A01
201500004258;0;7;0;0;2;3;1;B02
201500004259;0;33;0;0;0;7;1;A01
201500004260;0;33;0;8;0;1;0;A01
201500004261;0;7;0;0;1;2;1;A01
201500004262;0;3;0;0;2;2;13;A01
201500004262;0;7;0;0;2;1;1;B02
201500004263;0;7;0;0;2;1;1;B02
201500004263;0;7;0;0;2;2;6;A01
201500004264;0;14;0;0;2;1;21;B02