num_acc;senc;catv;occutc;obs;obsm;choc;manv;num_veh
201500004264;0;7;0;0;2;1;13;A01
201500004265;0;7;0;0;2;3;1;A01
201500004265;0;7;0;0;2;1;1;B02
201500004266;0;7;0;8;0;7;19;A01
201500004267;0;7;0;13;0;8;1;A01
201500004268;0;33;0;1;0;8;1;A01
201500004269;0;30;0;0;2;1;17;A01
201500004269;0;7;0;0;2;3;1;B02
201500004270;0;7;0;0;2;7;1;A01
201500004270;0;7;0;0;2;1;1;B02
201500004271;0;33;0;14;0;1;1;A01
201500004272;0;30;0;0;2;5;17;A01
201500004272;0;10;0;0;2;3;15;B02
201500004273;0;7;0;0;2;1;10;A01
201500004273;0;33;0;0;2;8;1;B02
201500004274;0;10;0;0;1;2;1;A01
201500004275;0;7;0;0;2;3;21;B02
201500004275;0;7;0;0;2;3;5;A01
201500004276;0;2;0;0;2;1;1;B02
201500004276;0;10;0;0;2;2;19;A01
201500004277;0;7;0;0;2;3;19;A01
201500004277;0;33;0;0;2;2;1;B02
201500004278;0;7;0;6;0;2;1;A01
201500004279;0;7;0;2;0;8;2;A01
201500004280;0;33;0;0;0;0;1;A01
201500004281;0;2;0;0;2;2;1;A01
201500004281;0;7;0;0;2;0;1;B02
201500004282;0;1;0;0;2;1;1;B02
201500004282;0;7;0;0;2;1;15;A01
201500004283;0;30;0;0;0;1;1;A01
201500004283;0;7;0;0;0;5;23;B02
201500004284;0;7;0;13;0;1;1;A01
201500004285;0;7;0;0;1;3;16;A01
201500004286;0;7;0;1;0;3;1;A01
201500004287;0;7;0;0;9;2;2;A01
201500004287;0;1;0;0;2;0;2;B02
201500004288;0;7;0;0;2;3;1;B02
201500004288;0;7;0;0;2;1;5;A01
201500004289;0;7;0;0;2;1;13;A01
201500004289;0;7;0;0;2;3;1;B02
201500004290;0;1;0;0;0;0;0;B02
201500004290;0;7;0;0;9;5;0;A01
201500004291;0;1;0;0;2;1;1;B02
201500004291;0;7;0;0;9;2;19;A01
201500004292;0;7;0;0;0;6;2;B02
201500004292;0;7;0;0;2;3;2;A01
201500004293;0;7;0;2;0;2;1;A01
201500004294;0;7;0;0;2;3;1;B02
201500004294;0;7;0;0;2;2;19;A01
201500004295;0;7;0;0;2;1;13;A01
201500004295;0;14;0;0;2;1;1;B02
201500004296;0;17;0;0;9;7;16;A01
201500004296;0;1;0;0;2;1;18;B02
201500004297;0;2;0;0;2;1;1;A01
201500004297;0;7;0;0;2;3;15;B02
201500004298;0;7;0;0;2;2;1;A01
201500004298;0;1;0;0;2;4;1;B02
201500004299;0;7;0;0;2;6;19;A01
201500004299;0;33;0;0;2;1;6;B02
201500004300;0;7;0;0;0;1;1;A01
201500004301;0;7;0;13;0;3;1;A01
201500004302;0;7;0;0;0;6;1;A01
201500004302;0;31;0;0;2;1;1;B02
201500004303;0;7;0;0;2;1;0;B02
201500004303;0;7;0;0;2;8;1;A01
201500004304;0;7;0;0;2;1;0;A01
201500004304;0;7;0;0;2;1;0;B02
201500004305;0;33;0;0;2;1;1;B02
201500004305;0;7;0;0;2;1;15;A01
201500004306;0;33;0;0;2;1;1;B02
201500004306;0;7;0;0;2;8;10;A01
201500004307;0;7;0;0;2;2;15;A01
201500004307;0;1;0;0;2;1;1;B02
201500004308;0;7;0;0;2;2;1;B02
201500004308;0;7;0;0;2;2;1;A01
201500004309;0;2;0;0;0;2;1;A01
201500004310;0;33;0;0;2;1;1;B02
201500004310;0;7;0;0;2;2;15;A01
201500004311;0;10;0;0;2;1;1;B02
201500004311;0;10;0;0;2;1;13;A01
201500004312;0;10;0;0;2;5;6;A01
201500004312;0;10;0;0;2;0;1;B02
201500004313;0;1;0;0;2;8;13;B02
201500004313;0;7;0;0;2;3;21;A01
201500004314;0;7;0;0;9;3;17;A01
201500004314;0;1;0;0;2;0;5;B02
201500004315;0;7;0;0;2;3;1;B02
201500004315;0;7;0;0;2;6;12;A01
201500004316;0;1;0;0;2;8;1;B02
201500004316;0;7;0;0;2;7;17;A01
201500004317;0;31;0;6;0;7;1;A01
201500004318;0;7;0;0;9;6;16;A01
201500004318;0;1;0;0;2;1;1;B02
201500004319;0;7;0;0;2;1;1;B02
201500004319;0;33;0;0;2;1;1;A01
201500004320;0;7;0;0;2;1;13;B02
201500004320;0;7;0;0;2;1;1;A01
201500004321;0;7;0;0;0;3;1;A01
201500004321;0;7;0;0;0;3;0;B02
201500004322;0;7;0;2;0;8;0;A01
201500004323;0;7;0;0;2;7;13;A01
201500004323;0;37;45;0;2;1;1;B02
201500004324;0;7;0;0;2;2;15;B02
201500004324;0;33;0;0;2;1;1;A01
201500004325;0;7;0;2;0;3;13;A01
201500004326;0;7;0;0;0;3;9;A01
201500004326;0;1;0;0;2;1;0;B02
201500004327;0;36;0;13;0;1;13;A01
201500004328;0;7;0;15;0;2;13;A01
201500004329;0;7;0;2;0;7;17;A01
201500004330;0;7;0;2;0;1;1;A02
201500004331;0;2;0;16;0;2;16;A01
201500004332;0;10;0;0;2;0;23;C03
201500004332;0;31;0;0;2;0;1;A01
201500004332;0;7;0;0;2;0;15;B02
201500004333;0;31;0;16;0;7;1;A01
201500004334;0;7;0;2;0;2;1;A01
201500004335;0;7;0;2;0;8;1;A01
201500004336;0;7;0;0;1;7;1;A01
201500004337;0;33;0;0;2;1;1;A01
201500004337;0;7;0;0;2;8;13;B02
201500004338;0;31;0;0;2;0;1;A01
201500004339;0;7;0;2;0;3;13;A01
201500004340;0;7;0;6;0;1;1;A01
201500004341;0;14;0;0;2;7;15;B02
201500004341;0;33;0;0;2;1;1;A01
201500004342;0;7;0;0;2;3;15;A01
201500004342;0;31;0;0;2;1;17;B02
201500004343;0;7;0;0;0;4;15;B02
201500004343;0;33;0;0;2;1;2;A01
201500004344;0;7;0;0;1;1;1;A01
201500004345;0;7;0;14;0;4;21;A01
201500004345;0;7;0;0;2;3;21;B02
201500004345;0;7;0;1;0;9;2;C03
201500004345;0;7;0;0;2;1;1;D04
201500004346;0;10;0;0;2;2;1;B02
201500004346;0;7;0;0;2;1;13;A01
201500004347;0;31;0;0;2;1;1;A01
201500004347;0;7;0;0;2;7;20;B02
201500004348;0;7;0;0;2;7;13;A01
201500004348;0;7;0;0;2;1;1;B02
201500004349;0;7;0;3;0;2;0;A01
201500004350;0;3;0;0;1;3;15;A01
201500004351;0;7;0;2;0;0;1;A01
201500004352;0;32;0;0;2;1;2;A01
201500004352;0;7;0;0;0;5;2;B02
201500004353;0;7;0;0;2;5;17;B02
201500004353;0;7;0;0;2;3;17;A01
201500004354;0;30;0;4;0;2;0;A01
201500004355;0;7;0;0;2;8;1;C03
201500004355;0;7;0;0;2;2;3;A01
201500004355;0;7;0;0;2;3;1;B02
201500004356;0;7;0;2;0;1;13;A01
201500004357;0;33;0;0;2;1;17;A01
201500004357;0;7;0;0;2;8;15;B02
201500004358;0;7;0;2;0;1;1;A01
201500004359;0;30;0;0;0;0;1;A01
201500004360;0;33;0;0;0;0;17;A01
201500004361;0;33;0;0;2;1;1;B02
201500004361;0;7;0;0;2;2;15;A01
201500004362;0;33;0;0;0;0;1;A01
201500004363;0;7;0;0;2;3;16;B02
201500004363;0;1;0;0;2;1;1;A01
201500004364;0;7;0;13;0;1;21;A01
201500004365;0;1;0;0;2;1;9;B02
201500004365;0;17;0;0;2;6;1;A01
201500004366;0;7;0;2;0;3;1;A01
201500004367;0;33;0;13;0;7;1;A01
201500004368;0;33;0;12;0;2;14;A01
201500004369;0;7;0;0;2;4;23;A01
201500004369;0;7;0;0;2;1;2;C03
201500004369;0;7;0;0;2;4;23;B02
201500004369;0;7;0;0;2;3;1;D04
201500004370;0;7;0;0;2;3;21;B02
201500004370;0;7;0;0;2;3;13;A01
201500004371;0;7;0;0;2;3;13;A01
201500004371;0;15;0;0;2;3;1;B02
201500004372;0;16;0;0;2;3;18;A01
201500004372;0;7;0;0;2;5;15;B02
201500004372;0;7;0;0;2;1;1;C03
201500004373;0;33;0;0;2;1;21;A01
201500004373;0;14;0;0;2;8;19;B02
201500004374;0;7;0;0;2;5;23;A01
201500004374;0;7;0;0;2;1;1;B02
201500004375;0;7;0;6;0;3;14;A01
201500004376;0;7;0;13;0;2;1;A01
201500004377;0;10;0;2;0;1;1;A01
201500004378;0;30;0;0;2;1;1;A01
201500004378;0;7;0;0;2;2;19;B02
201500004379;0;7;0;2;0;8;1;A01
201500004380;0;33;0;0;2;2;0;B02
201500004380;0;7;0;0;2;2;9;A01
201500004381;0;7;0;10;0;2;1;A01
201500004382;0;7;0;0;9;3;15;A01
201500004382;0;1;0;0;2;1;1;B02
201500004382;0;1;0;0;2;4;1;C03
201500004383;0;33;0;0;2;8;1;A01
201500004383;0;7;0;0;2;8;0;B02
201500004384;0;14;0;0;2;2;10;A01
201500004384;0;33;0;0;2;1;1;B02
201500004385;0;7;0;9;0;3;1;A01
201500004386;0;7;0;0;2;2;1;B02
201500004386;0;31;0;0;2;8;16;A01
201500004387;0;33;0;0;2;4;23;B02
201500004387;0;33;0;0;2;1;1;A01
201500004388;0;7;0;0;0;4;15;A01
201500004388;0;33;0;0;2;1;1;B02
201500004389;0;7;0;0;2;1;19;A01
201500004389;0;7;0;0;2;7;1;B02
201500004390;0;31;0;0;2;1;17;A01
201500004390;0;7;0;0;2;8;15;B02
201500004391;0;7;0;0;2;3;1;B02
201500004391;0;7;0;0;2;3;17;A01
201500004392;0;7;0;0;1;2;1;A01
201500004393;0;31;0;0;2;1;1;B02
201500004393;0;7;0;0;2;2;15;A01
201500004394;0;7;0;0;1;2;16;A01
201500004395;0;7;0;0;2;1;1;A01
201500004395;0;1;0;0;2;8;15;B02
201500004396;0;7;0;16;0;9;13;A01
201500004397;0;7;0;0;2;3;1;B02
201500004397;0;7;0;0;2;3;3;A01
201500004398;0;7;0;9;1;2;2;A01
201500004399;0;7;0;14;0;1;2;A01
201500004399;0;7;0;0;2;4;23;B02
201500004399;0;7;0;0;2;3;1;C03
201500004399;0;7;0;0;2;4;23;D04
201500004399;0;7;0;0;2;4;23;E05
201500004399;0;7;0;0;2;4;23;F06
201500004399;0;7;0;0;2;4;23;G07
201500004400;0;7;0;0;2;1;2;C03
201500004400;0;7;0;0;2;2;13;A01
201500004400;0;7;0;0;2;2;1;B02
201500004401;0;7;0;0;2;3;13;A01
201500004401;0;33;0;0;2;8;1;B02
201500004402;0;7;0;0;2;1;2;B02
201500004402;0;37;10;0;2;3;21;D04
201500004402;0;7;0;0;2;3;1;C03
201500004402;0;7;0;0;2;4;1;A01
201500004403;0;7;0;6;0;1;1;A01
201500004404;0;7;0;13;0;1;1;A01
201500004405;0;7;0;0;0;9;17;A01
201500004406;0;30;0;15;0;1;1;A01
201500004407;0;7;0;0;0;1;13;A01
201500004407;0;10;0;0;0;1;1;B02
201500004408;0;15;0;0;2;1;21;A01
201500004408;0;7;0;0;2;1;13;B02
201500004409;0;7;0;0;2;3;1;B02
201500004409;0;7;0;5;2;3;1;A01
201500004410;0;7;0;0;2;1;13;A01
201500004410;0;7;0;0;2;1;1;B02
201500004411;0;31;0;0;5;1;1;A01
201500004412;0;10;0;0;0;3;19;A01
201500004413;0;7;0;0;2;1;13;A01
201500004413;0;7;0;0;2;1;1;B02
201500004414;0;7;0;13;0;9;1;A01
201500004415;0;14;0;6;0;2;1;A01
201500004416;0;7;0;0;2;3;15;A01
201500004416;0;7;0;0;2;1;1;B02
201500004417;0;31;0;3;0;2;1;A01
201500004418;0;7;0;2;0;1;13;A01
201500004419;0;2;0;0;2;3;1;A01
201500004420;0;7;0;1;0;2;21;C03
201500004420;0;7;0;0;0;6;24;A01
201500004420;0;7;0;0;0;8;1;B02
201500004421;0;7;0;14;0;1;15;A01
201500004422;0;7;0;13;0;2;1;A01
201500004423;0;7;0;0;0;1;9;A01
201500004423;0;10;0;0;0;1;17;B02
201500004424;0;7;0;2;0;3;13;A01
201500004425;0;10;0;13;0;5;1;A01
201500004426;0;1;0;0;2;6;2;B02
201500004426;0;10;0;0;9;2;2;A01
201500004427;0;7;0;0;0;8;10;A01
201500004427;0;10;0;0;2;1;1;B02
201500004428;0;7;0;0;2;2;21;A01
201500004428;0;7;0;0;2;1;1;B02
201500004429;0;7;0;0;2;9;1;B02
201500004429;0;7;0;0;2;2;9;A01
201500004429;0;7;0;0;2;9;1;C03
201500004430;0;7;0;0;1;1;1;A01
201500004431;0;10;0;0;2;1;1;A01
201500004431;0;10;0;0;2;3;1;B02
201500004432;0;7;0;0;2;3;5;A01
201500004432;0;7;0;0;2;1;5;C03
201500004432;0;7;0;0;2;3;5;B02
201500004433;0;30;0;0;0;8;0;B02
201500004433;0;7;0;0;0;3;15;A01
201500004434;0;7;0;0;2;1;1;A01
201500004434;0;10;0;0;2;3;19;B02
201500004435;0;7;0;0;2;1;1;A01
201500004435;0;7;0;0;2;1;13;B02
201500004436;0;30;0;0;0;1;0;A01
201500004437;0;7;0;0;2;4;15;A01
201500004437;2;7;0;;2;1;2;B02
201500004438;0;7;0;0;1;1;1;A01
201500004439;0;7;0;13;0;9;1;A01
201500004440;0;7;0;0;2;8;15;A01
201500004440;0;33;0;0;2;1;1;B02
201500004441;0;7;0;0;2;8;1;B02
201500004441;0;33;0;0;2;3;5;A01
201500004442;0;7;0;0;2;3;1;A01
201500004442;0;7;0;0;2;3;1;B02
201500004443;0;7;0;0;2;2;17;A01
201500004443;0;1;0;0;2;9;15;B02
201500004444;0;3;0;1;0;1;13;A01
201500004444;0;7;0;0;2;3;24;B02
201500004445;0;7;0;0;1;3;2;A01
201500004446;0;33;0;0;2;1;5;A01
201500004446;0;7;0;0;2;8;19;B02
201500004447;0;7;0;16;0;9;14;A01
201500004448;0;7;0;0;0;5;1;B02
201500004448;0;1;0;0;2;1;5;A01
201500004449;0;7;0;8;2;6;17;A01
201500004449;0;7;0;13;2;5;1;B02
201500004449;0;7;0;0;2;8;5;C03
201500004450;0;7;0;0;1;7;9;A01
201500004451;0;7;0;0;2;1;1;A01
201500004451;0;14;0;0;2;4;15;B02
201500004452;0;7;0;0;2;3;15;B02
201500004452;0;32;0;0;2;1;17;A01
201500004453;0;7;0;0;2;1;5;A01
201500004453;0;7;0;0;2;1;1;B02
201500004454;0;33;0;13;0;1;1;A01
201500004455;0;1;0;13;0;1;1;A01
201500004456;0;7;0;2;0;1;1;A01
201500004457;0;7;0;0;1;1;1;A01
201500004458;0;30;0;1;0;1;1;B02
201500004459;0;7;0;0;1;1;1;A01
201500004460;0;7;0;0;0;5;23;A01
201500004460;0;10;0;0;2;3;1;B02
201500004460;0;7;0;0;0;3;1;C03
201500004461;0;7;0;0;2;3;19;A01
201500004461;0;7;0;0;2;1;1;B02
201500004462;0;7;0;0;1;3;1;A01
201500004463;0;33;0;0;2;3;1;A01
201500004463;0;7;0;0;2;1;15;B02
201500004464;0;34;0;0;2;2;1;A01
201500004464;0;7;0;0;0;3;10;B02
201500004465;0;7;0;0;2;3;9;A01
201500004465;0;33;0;0;2;1;1;B02
201500004466;0;33;0;0;1;1;0;A01
201500004467;0;7;0;6;0;1;1;A01
201500004468;0;17;0;0;1;3;1;A01
201500004469;0;30;0;15;0;1;1;A01
201500004470;0;7;0;0;1;1;1;A01
201500004471;0;7;0;0;1;4;4;A01
201500004472;0;33;0;0;2;1;5;A01
201500004472;0;15;0;0;2;1;21;B02
201500004473;0;7;0;0;2;3;13;A01
201500004473;0;7;0;0;2;3;1;B02
201500004474;0;7;0;0;2;5;15;B02
201500004474;0;7;0;0;2;2;1;A01
201500004475;0;30;0;0;2;1;1;B02
201500004475;0;10;0;0;2;3;9;A01
201500004476;0;7;0;0;0;9;1;A01
201500004477;0;7;0;2;0;2;14;A01
201500004478;0;7;0;0;2;3;13;A01
201500004478;0;33;0;0;2;1;1;B02
201500004479;0;7;0;8;2;3;1;A01
201500004479;0;7;0;0;2;1;1;B02
201500004480;0;30;0;0;2;1;1;A01
201500004480;0;1;0;0;2;7;1;B02
201500004481;0;30;0;0;2;0;21;A01
201500004481;0;7;0;0;2;0;9;B02
201500004482;0;7;0;0;1;2;1;A01
201500004483;0;7;0;0;2;3;15;A01
201500004483;0;7;0;0;2;1;1;B02
201500004484;0;33;0;16;0;8;14;A01
201500004485;0;7;0;2;0;3;1;A01
201500004486;0;21;0;0;0;7;5;A01
201500004486;0;14;0;0;0;1;1;B02
201500004487;0;7;0;0;2;2;15;A01
201500004487;0;2;0;0;2;1;1;B02
201500004488;0;7;0;0;1;1;1;A01
201500004489;0;7;0;0;2;8;1;B02
201500004489;0;7;0;0;2;8;13;A01
201500004490;0;30;0;16;0;7;1;A01
201500004491;0;7;0;0;0;1;1;B02
201500004491;0;7;0;0;6;1;0;A01
201500004492;0;7;0;9;0;9;0;A01
201500004493;0;7;0;13;0;3;13;A01
201500004494;0;7;0;0;1;1;15;A01
201500004495;0;7;0;0;2;1;1;A01
201500004495;0;7;0;0;2;0;1;B02
201500004495;0;7;0;0;2;7;0;C03
201500004496;0;7;0;0;2;3;1;A01
201500004496;0;10;0;0;2;2;19;B02
201500004497;0;7;0;0;2;3;1;A01
201500004497;0;7;0;0;2;5;15;B02
201500004498;0;7;0;0;2;4;2;C03
201500004498;0;31;0;0;2;1;5;D04
201500004498;0;7;0;0;2;1;2;A01
201500004498;0;7;0;0;2;4;2;B02
201500004499;0;7;0;0;2;1;17;A01
201500004499;0;7;0;0;2;6;1;B02
201500004500;0;7;0;0;2;1;13;A01
201500004500;0;7;0;0;2;1;1;B02
201500004501;0;7;0;0;2;3;13;B02
201500004501;0;7;0;0;2;3;1;A01
201500004502;0;31;0;0;2;1;17;A01
201500004502;0;7;0;0;2;3;15;B02
201500004503;0;7;0;0;2;1;2;A01
201500004503;0;7;0;0;2;4;16;B02
201500004504;0;7;0;0;2;2;15;A01
201500004504;0;30;0;0;2;5;1;B02
201500004505;0;7;0;0;2;3;4;A01
201500004505;0;31;0;0;2;1;1;B02
201500004506;0;7;0;0;2;1;11;A01
201500004506;0;1;0;0;0;0;1;B02
201500004507;0;30;0;8;0;1;1;A01
201500004508;0;7;0;0;2;1;13;A01
201500004508;0;7;0;0;2;3;1;B02
201500004509;0;33;0;0;0;6;1;A01
201500004510;0;7;0;0;1;4;4;A01
201500004511;0;1;0;0;1;1;2;A01
201500004512;0;7;0;0;2;3;5;A01
201500004512;0;7;0;0;2;2;9;B02
201500004513;0;7;0;0;2;7;19;A01
201500004513;0;7;0;0;2;1;1;B02
201500004514;0;7;0;0;2;1;5;C03
201500004514;0;7;0;0;2;1;2;A01
201500004514;0;7;0;0;0;9;1;B02
201500004515;0;2;0;0;1;1;1;A01
201500004516;0;33;0;0;2;1;17;B02
201500004516;0;99;0;0;2;8;15;A01
201500004517;0;7;0;0;9;2;1;A01
201500004517;0;1;0;0;2;1;1;B02
201500004518;0;7;0;8;0;1;1;A01
201500004519;0;33;0;0;2;1;2;A01
201500004519;0;7;0;0;0;4;15;B02
201500004520;0;7;0;8;0;8;2;A01
201500004521;0;7;0;8;0;1;1;A01
201500004522;0;14;0;2;0;1;13;A01
201500004523;0;7;0;0;2;3;13;A01
201500004523;0;7;0;0;2;3;1;B02
201500004524;0;7;0;2;0;7;14;A01
201500004525;0;7;0;0;2;8;19;B02
201500004525;0;33;0;13;2;1;1;A01
201500004526;0;33;0;0;0;1;1;A01
201500004526;0;7;0;0;0;6;9;B02
201500004527;0;7;0;0;2;3;13;A01
201500004527;0;7;0;0;2;8;1;B02
201500004527;0;7;0;0;2;1;1;C03
201500004528;0;7;0;2;0;1;1;A01
201500004529;0;7;0;0;2;7;17;A01
201500004529;0;1;0;0;2;8;2;B02
201500004530;0;7;0;6;0;1;1;A01
201500004531;0;2;0;0;2;1;1;B02
201500004531;0;7;0;0;2;7;15;A01
201500004532;0;10;0;2;0;2;1;A01
201500004533;0;33;0;0;2;1;1;A01
201500004533;0;7;0;0;2;3;15;B02
201500004534;0;7;0;0;2;3;13;A01
201500004534;0;7;0;0;2;3;1;B02
201500004535;0;7;0;0;0;1;13;A01
201500004535;0;7;0;0;0;8;1;B02
201500004536;0;7;0;0;0;0;1;A01
201500004537;0;7;0;0;2;8;1;B02
201500004537;0;7;0;0;2;1;1;A01
201500004538;0;33;0;0;2;1;13;A01
201500004538;0;10;0;0;2;1;1;B02
201500004539;0;20;0;0;6;1;1;A01
201500004540;0;7;0;0;0;5;15;B02
201500004540;0;7;0;13;2;3;13;A01
201500004541;0;7;0;0;2;8;1;C03
201500004541;2;7;0;0;2;3;17;A01
201500004541;0;7;0;0;2;3;1;B02
201500004542;0;33;0;0;0;1;0;B02
201500004542;0;7;0;0;0;0;0;A01
201500004543;0;7;0;0;2;1;1;B02
201500004543;0;7;0;0;2;3;15;A01
201500004544;0;7;0;0;2;4;15;A01
201500004544;0;33;0;0;2;1;17;B02
201500004545;0;10;0;0;2;6;13;A01
201500004545;0;33;0;0;2;1;17;B02
201500004546;0;7;0;13;0;1;1;A01
201500004547;0;7;0;0;2;3;23;A01
201500004547;0;1;0;0;2;1;1;B02
201500004548;0;33;0;0;0;8;1;A01
201500004549;0;30;0;16;0;8;1;A01
201500004550;0;2;0;6;0;1;1;A01
201500004551;0;7;0;2;5;1;19;A01
201500004552;0;21;0;0;2;6;1;B02
201500004552;0;31;0;0;2;3;1;A01
201500004553;0;7;0;2;0;1;13;A01
201500004554;0;7;0;0;2;1;13;A01
201500004554;0;7;0;0;2;1;1;B02
201500004555;0;7;0;0;2;3;1;B02
201500004555;0;7;0;0;2;1;13;A01
201500004556;0;7;0;4;0;2;14;A01
201500004557;0;33;0;0;2;3;1;A01
201500004557;0;7;0;0;2;3;9;B02
201500004558;0;7;0;0;2;3;13;A01
201500004558;0;10;0;0;2;2;21;B02
201500004559;0;7;0;0;2;1;5;A01
201500004559;0;7;0;0;2;1;1;B02
201500004560;0;7;0;0;2;2;1;B02
201500004560;0;7;0;0;2;2;17;A01
201500004560;0;7;0;0;2;2;2;C03
201500004561;0;33;0;0;2;1;1;A01
201500004561;0;7;0;0;2;3;9;B02
201500004562;0;33;0;16;0;1;1;A01
201500004563;0;7;0;0;1;2;1;A01
201500004564;0;7;0;0;1;1;1;A01
201500004565;0;7;0;2;0;5;13;A01
201500004566;0;7;0;0;1;2;1;A01
201500004567;0;7;0;0;1;2;1;A01
201500004568;0;7;0;0;2;7;13;A01
201500004568;0;7;0;0;2;1;1;B02
201500004569;0;7;0;0;2;3;17;A01
201500004569;0;1;0;0;2;1;1;B02
201500004570;0;7;0;2;0;0;19;A01
201500004571;0;10;0;0;2;1;1;B02
201500004571;0;7;0;0;2;1;13;A01
201500004572;0;33;0;0;2;3;1;B02
201500004572;0;7;0;0;2;1;15;A01
201500004573;0;33;0;12;0;7;1;A01
201500004574;0;7;0;0;1;2;1;A01
201500004575;0;7;0;0;1;2;1;A01
201500004576;0;7;0;6;0;2;1;A01
201500004577;0;7;0;13;0;1;13;A01
201500004578;0;7;0;13;0;8;13;A01
201500004579;0;33;0;0;2;1;1;B02
201500004579;0;15;0;0;2;2;15;A01
201500004580;0;33;0;0;0;2;17;A01
201500004580;0;7;0;0;0;3;15;B02
201500004581;0;33;0;0;0;0;0;A01
201500004582;0;7;0;2;0;8;1;A01
201500004583;0;7;0;0;2;3;23;A01
201500004583;0;33;0;1;0;1;13;B02
201500004584;0;7;0;0;2;6;1;B02
201500004584;0;30;0;0;2;1;1;A01
201500004585;0;7;0;13;0;1;13;A01
201500004586;0;33;0;0;2;1;1;A01
201500004586;0;7;0;0;0;6;20;B02
201500004587;0;30;0;0;0;0;2;A01
201500004588;0;7;0;6;1;1;13;A01
201500004589;0;33;0;0;2;1;1;D04
201500004589;0;33;0;0;2;1;13;A01
201500004589;0;33;0;0;2;1;1;C03
201500004589;0;7;0;0;2;3;1;B02
201500004590;0;33;0;0;0;9;1;A01
201500004591;0;7;0;0;2;3;1;A01
201500004591;0;31;0;0;2;1;13;B02
201500004592;0;33;0;2;0;1;13;A01
201500004593;0;7;0;0;2;6;24;A01
201500004593;0;33;0;1;2;2;1;C03
201500004593;0;7;0;0;2;5;20;B02
201500004594;0;32;0;0;2;1;1;A01
201500004594;0;7;0;0;2;2;15;B02
201500004595;0;14;0;4;0;3;6;A01
201500004596;0;7;0;0;1;2;1;A01
201500004597;0;7;0;6;0;3;1;A01
201500004598;0;7;0;0;2;1;1;A01
201500004598;0;2;0;0;2;4;1;B02
201500004599;0;7;0;2;0;7;1;A01
201500004600;0;10;0;0;2;8;1;B02
201500004600;0;33;0;0;2;8;13;A01
201500004601;0;33;0;0;0;0;1;A01
201500004602;0;7;0;13;0;9;1;A01
201500004603;0;7;0;2;0;1;2;A01
201500004604;0;7;0;0;2;2;1;B02
201500004604;0;7;0;0;2;7;15;A01
201500004605;0;7;0;0;1;2;0;A01
201500004606;0;7;0;0;2;3;5;A01
201500004606;0;17;0;0;2;3;1;B02
201500004607;0;7;0;0;1;2;1;A01
201500004608;0;7;0;0;1;1;1;A01
201500004609;0;1;0;0;2;7;1;A01
201500004609;0;7;0;0;2;3;16;B02
201500004610;1;7;0;0;1;0;16;A01
201500004610;0;33;0;0;2;0;1;B02
201500004611;0;7;0;6;0;1;2;A01
201500004612;0;2;0;0;2;2;17;A01
201500004612;0;7;0;0;2;3;15;B02
201500004613;0;32;0;0;2;1;1;A01
201500004613;0;7;0;0;2;2;1;B02
201500004614;0;7;0;0;2;3;13;A01
201500004614;0;7;0;0;2;8;1;B02
201500004615;0;33;0;0;2;1;5;A01
201500004615;0;10;0;0;2;1;1;B02
201500004616;0;7;0;0;2;2;17;A01
201500004616;0;7;0;0;0;8;15;B02
201500004617;0;7;0;0;2;1;2;A01
201500004617;0;14;0;0;2;4;2;B02
201500004618;0;7;0;13;0;3;1;A01
201500004619;0;33;0;8;0;1;1;A01
201500004620;0;33;0;0;0;7;1;A01
201500004621;0;7;0;6;0;1;1;A01
201500004622;0;7;0;3;0;2;1;A01
201500004623;0;7;0;0;1;3;1;A01
201500004624;0;2;0;0;2;1;1;B01
201500004624;0;13;0;0;2;4;4;A01
201500004625;0;7;0;0;1;1;1;A01
201500004626;0;7;0;1;0;8;1;A01
201500004626;0;15;0;0;2;6;24;B01
201500004627;0;7;0;0;1;1;1;A01
201500004628;0;7;0;0;2;7;15;A01
201500004628;0;36;0;0;2;1;1;B01
201500004629;0;7;0;0;1;1;15;A01
201500004630;0;7;0;0;1;2;1;A01
201500004631;0;7;0;0;2;3;23;B01
201500004631;0;7;0;0;2;1;1;A01
201500004632;0;7;0;2;0;2;14;A01
201500004633;0;17;0;0;1;3;1;A01
201500004634;0;7;0;0;1;4;4;A01
201500004635;0;7;0;0;1;1;1;A01
201500004636;0;7;0;0;2;3;1;B02
201500004636;0;2;0;0;2;8;13;A01
201500004637;0;33;0;0;2;1;1;A01
201500004637;0;7;0;0;2;8;15;B02
201500004638;0;7;0;13;0;3;13;A01
201500004639;0;33;0;0;2;1;1;A01
201500004639;0;7;0;0;2;7;15;B02
201500004640;0;7;0;1;0;3;1;A01
201500004640;0;15;0;0;2;7;0;B02
201500004641;0;33;0;10;0;3;1;A01
201500004642;0;7;0;0;0;0;1;A01
201500004643;0;38;1;0;1;5;2;A01
201500004644;0;10;0;0;2;6;1;C03
201500004644;0;7;0;0;2;1;13;B02
201500004644;0;14;0;0;2;1;1;A01
201500004645;0;33;0;0;9;3;2;A01
201500004645;0;15;0;0;0;7;2;B02
201500004646;0;7;0;13;0;9;13;A01
201500004647;0;33;0;0;2;1;1;B01
201500004647;0;37;0;0;2;6;15;A01
201500004648;0;7;0;0;2;3;19;A01
201500004648;0;7;0;0;2;2;1;B01