num_acc;senc;catv;occutc;obs;obsm;choc;manv;num_veh
201500004649;0;7;0;1;2;3;1;B01
201500004649;2;7;0;1;2;9;13;A01
201500004649;0;10;0;0;2;6;1;C01
201500004650;0;7;0;0;2;1;1;B01
201500004650;0;7;0;0;2;3;1;A01
201500004651;0;7;0;0;2;7;9;A01
201500004651;0;2;0;0;2;1;1;B01
201500004652;0;7;0;0;2;9;13;A01
201500004652;0;7;0;0;2;0;1;B01
201500004652;0;7;0;0;2;6;1;C01
201500004653;0;2;0;6;0;2;1;A01
201500004654;0;2;0;0;2;1;17;B01
201500004654;0;7;0;0;2;3;15;A01
201500004654;0;7;0;0;2;3;1;C01
201500004655;0;7;0;0;2;1;1;A01
201500004655;0;2;0;0;2;8;9;B01
201500004656;0;7;0;8;0;1;14;A01
201500004657;0;7;0;0;2;1;2;B01
201500004657;0;7;0;0;2;3;10;A01
201500004658;0;33;0;0;2;1;1;B01
201500004658;0;7;0;0;2;2;13;A01
201500004659;0;7;0;0;1;1;1;A01
201500004660;0;7;0;0;1;2;2;A01
201500004661;0;7;0;0;1;3;1;A01
201500004662;0;7;0;0;2;2;19;A01
201500004662;0;7;0;0;2;3;1;C01
201500004662;0;7;0;0;2;5;1;B01
201500004663;0;7;0;0;2;3;1;A01
201500004663;0;7;0;0;2;3;6;B02
201500004664;0;10;0;0;1;2;1;A01
201500004665;0;7;0;0;2;3;15;B02
201500004665;0;2;0;0;2;2;17;A01
201500004666;0;10;0;0;2;2;15;A01
201500004666;0;31;0;0;2;1;1;B02
201500004667;0;7;0;0;2;2;15;A01
201500004667;0;1;0;0;2;8;1;B02
201500004668;0;7;0;9;0;3;1;A01
201500004669;0;33;0;0;0;0;10;A01
201500004670;0;7;0;0;2;1;9;A01
201500004670;0;1;0;0;2;5;15;B02
201500004671;0;7;0;0;2;7;10;A01
201500004671;0;33;0;0;2;1;1;B02
201500004672;2;7;0;0;0;0;0;B02
201500004672;0;32;0;0;2;3;1;A01
201500004673;0;7;0;0;1;7;4;A01
201500004674;0;30;0;0;0;1;1;A01
201500004675;1;7;0;0;1;0;0;A01
201500004676;0;7;0;4;0;1;1;A01
201500004677;0;7;0;0;1;3;1;A01
201500004678;0;7;0;0;2;6;1;B02
201500004678;0;7;0;0;2;3;13;A01
201500004679;0;7;0;0;0;1;13;A01
201500004679;0;10;0;0;2;1;1;B02
201500004680;0;7;0;16;0;1;14;A01
201500004681;0;7;0;1;0;3;21;A01
201500004681;0;7;0;0;2;4;23;B02
201500004681;0;7;0;1;0;3;1;C03
201500004682;0;7;0;0;2;3;1;A01
201500004682;0;7;0;0;2;2;19;B02
201500004683;0;7;0;0;2;2;15;A01
201500004683;0;1;0;0;2;1;1;B02
201500004684;0;7;0;0;1;3;1;A01
201500004685;0;31;0;0;0;0;1;A01
201500004686;0;7;0;0;0;3;19;A01
201500004686;0;1;0;0;2;8;1;B02
201500004687;0;7;0;2;0;5;13;A01
201500004688;0;7;0;0;2;1;1;B02
201500004688;0;7;0;0;2;2;13;A01
201500004689;0;33;0;11;0;1;13;A01
201500004690;0;7;0;0;2;3;5;A01
201500004690;0;15;0;0;2;1;2;B02
201500004690;0;7;0;0;2;1;2;C03
201500004691;0;33;0;3;0;8;1;A01
201500004692;0;1;0;0;2;1;13;A01
201500004692;0;7;0;0;2;8;1;B02
201500004693;0;33;0;0;0;4;23;A01
201500004693;0;7;0;0;0;1;2;B02
201500004694;0;33;0;0;2;1;17;A01
201500004694;0;7;0;0;2;3;15;B02
201500004695;0;14;0;0;2;1;1;A01
201500004695;0;7;0;0;2;4;1;B02
201500004696;0;1;0;0;1;1;1;A01
201500004697;0;7;0;0;0;0;19;A01
201500004698;0;7;0;0;2;7;15;A01
201500004698;0;31;0;0;2;1;1;B02
201500004699;0;7;0;13;0;3;1;A01
201500004700;0;33;0;5;0;1;1;A01
201500004701;0;7;0;0;1;1;15;A01
201500004702;0;7;0;0;2;3;1;B02
201500004702;0;7;0;0;2;1;19;A01
201500004703;0;7;0;2;0;9;19;A01
201500004704;0;7;0;0;0;5;15;A01
201500004704;0;33;0;0;2;1;1;B02
201500004705;0;10;0;0;9;3;19;A01
201500004705;0;1;0;0;2;7;1;B02
201500004706;0;7;0;2;0;1;1;A01
201500004707;0;7;0;0;2;1;1;B02
201500004707;0;7;0;0;2;1;5;A01
201500004708;0;33;0;0;2;4;2;C03
201500004708;0;33;0;0;2;1;2;D04
201500004708;0;10;0;0;2;4;13;A01
201500004708;0;33;0;0;2;1;23;B02
201500004709;0;7;0;0;2;4;2;C03
201500004709;0;7;0;0;2;1;2;A01
201500004709;0;7;0;0;2;4;2;B02
201500004710;0;33;0;0;0;8;1;A01
201500004711;0;33;0;0;2;1;1;A01
201500004711;0;7;0;0;2;3;1;B02
201500004712;0;1;0;0;9;1;9;B02
201500004712;0;1;0;0;9;7;1;A01
201500004713;0;7;0;0;2;2;15;A01
201500004713;0;32;0;0;2;1;1;B02
201500004714;0;7;0;6;0;1;11;A01
201500004715;0;33;0;8;0;1;1;A01
201500004716;0;7;0;2;0;9;2;A01
201500004717;0;33;0;0;2;1;0;B02
201500004717;0;7;0;0;2;1;0;A01
201500004718;0;1;0;0;2;4;1;A01
201500004718;0;37;0;0;2;6;1;B02
201500004719;0;7;0;13;0;1;0;A01
201500004720;0;1;0;0;2;7;1;B01
201500004720;0;7;0;0;2;3;9;A01
201500004721;0;7;0;0;2;1;13;A01
201500004721;0;15;0;0;2;6;1;B01
201500004722;0;7;0;0;1;2;1;A01
201500004723;0;1;0;8;0;0;1;A01
201500004724;0;33;0;0;0;0;1;A01
201500004725;0;7;0;0;1;2;1;A01
201500004726;0;10;0;0;1;2;1;A01
201500004727;0;7;0;0;2;8;1;C01
201500004727;0;7;0;0;2;6;23;B01
201500004727;0;33;0;0;2;1;2;A01
201500004727;0;7;0;0;2;1;1;D01
201500004728;0;3;0;0;2;4;2;B01
201500004728;0;7;0;0;2;1;2;A01
201500004729;0;7;0;0;1;3;15;A01
201500004730;0;7;0;0;2;2;2;B01
201500004730;0;7;0;0;2;3;16;A01
201500004731;0;7;0;0;2;4;2;B01
201500004731;0;7;0;0;0;4;1;C01
201500004731;0;7;0;0;2;1;2;A01
201500004732;1;7;0;1;1;0;1;A01
201500004732;0;7;0;0;0;6;24;B01
201500004733;0;33;0;0;0;1;1;B01
201500004733;0;7;0;0;2;3;19;A01
201500004734;0;30;0;0;0;0;16;A01
201500004735;0;7;0;0;1;1;1;A01
201500004736;0;33;0;0;2;7;2;C01
201500004736;0;33;0;0;2;7;2;B01
201500004736;0;33;0;0;2;7;2;A01
201500004737;0;7;0;0;1;6;4;A01
201500004738;0;30;0;0;2;1;1;A01
201500004738;1;7;0;0;2;8;19;B02
201500004739;0;1;0;0;2;1;1;A01
201500004739;0;10;0;0;9;2;1;B02
201500004740;0;33;0;0;2;2;12;A01
201500004740;0;7;0;0;2;3;1;B02
201500004741;0;7;0;0;2;1;1;B02
201500004741;0;7;0;0;2;1;13;A01
201500004742;0;1;0;1;0;1;1;A01
201500004742;0;10;0;0;0;0;24;B02
201500004743;0;7;0;0;2;4;1;C03
201500004743;0;7;0;0;2;4;1;B02
201500004743;0;14;0;0;2;1;1;A01
201500004743;0;7;0;0;2;4;1;D04
201500004744;0;1;0;0;0;1;1;A01
201500004745;0;33;0;0;0;8;1;A01
201500004746;0;10;0;0;1;7;1;A01
201500004747;0;14;0;0;0;0;1;A01
201500004748;0;33;0;0;2;4;2;B02
201500004748;0;7;0;0;2;1;2;A01
201500004749;0;7;0;0;2;1;1;B02
201500004749;0;7;0;0;2;5;15;A01
201500004750;0;7;0;0;2;1;13;A01
201500004750;0;7;0;0;2;3;1;B02
201500004751;0;7;0;8;0;6;0;A01
201500004752;0;7;0;0;0;3;19;A01
201500004752;0;33;0;0;2;1;1;B02
201500004753;0;33;0;0;2;1;0;A01
201500004753;0;10;0;0;2;8;1;B02
201500004754;0;7;0;13;0;9;18;A01
201500004755;0;7;0;0;2;1;1;B02
201500004755;0;7;0;0;2;1;5;A01
201500004756;0;7;0;0;2;3;11;A01
201500004756;0;7;0;0;2;3;1;B02
201500004757;0;33;0;0;2;1;1;B02
201500004757;0;10;0;0;2;6;19;A01
201500004758;0;7;0;0;2;2;15;A01
201500004758;0;33;0;0;2;1;1;B02
201500004759;0;7;0;0;2;3;13;A01
201500004759;0;32;0;0;2;2;17;B02
201500004760;0;33;0;1;0;7;1;A01
201500004761;0;7;0;0;2;2;13;A01
201500004761;0;7;0;0;2;3;1;B02
201500004762;0;10;0;2;0;1;14;A01
201500004763;0;1;0;0;2;1;1;A01
201500004763;0;7;0;0;9;2;15;B02
201500004764;0;33;0;0;2;2;17;B02
201500004764;0;7;0;0;2;8;15;A01
201500004765;0;7;0;0;2;1;17;A01
201500004765;0;7;0;0;2;3;15;B02
201500004766;0;7;0;0;2;1;13;A01
201500004766;0;15;0;0;2;3;0;B02
201500004767;0;10;0;0;0;3;1;B02
201500004767;0;7;0;0;2;3;13;A01
201500004768;0;7;0;0;2;4;1;A01
201500004768;0;7;0;0;2;1;1;B02
201500004769;0;33;0;0;2;1;17;A01
201500004769;0;21;0;0;0;3;15;B02
201500004770;0;1;0;0;0;4;0;A01
201500004771;0;33;0;7;0;1;1;A01
201500004772;0;33;0;0;2;1;1;A01
201500004772;0;7;0;0;2;3;15;B02
201500004773;0;33;0;0;0;0;1;A01
201500004774;0;1;0;0;2;1;1;A01
201500004774;0;30;0;0;2;1;1;B02
201500004775;0;7;0;0;1;2;1;A01
201500004776;0;7;0;0;2;3;13;A01
201500004776;0;7;0;0;2;3;1;B02
201500004777;0;10;0;0;2;3;1;A01
201500004777;0;1;0;0;2;3;1;B02
201500004778;0;7;0;0;1;1;1;A01
201500004779;0;32;0;2;0;1;1;A01
201500004780;0;7;0;10;0;1;14;A01
201500004781;0;1;0;0;2;1;19;A01
201500004781;0;7;0;0;2;2;1;B02
201500004782;0;7;0;0;2;1;17;A01
201500004782;0;7;0;0;2;8;15;B02
201500004783;0;10;0;3;0;9;1;A01
201500004784;0;7;0;0;2;3;1;D04
201500004784;0;7;0;0;2;8;1;B02
201500004784;0;7;0;0;0;3;13;A01
201500004784;0;7;0;0;2;6;1;C03
201500004785;0;7;0;0;2;1;15;A01
201500004785;0;33;0;0;2;1;21;B02
201500004786;0;7;0;0;2;1;1;B02
201500004786;0;31;0;0;2;1;17;A01
201500004787;0;15;0;0;1;0;1;A01
201500004788;0;7;0;13;0;9;1;A01
201500004789;0;10;0;2;0;7;1;A01
201500004790;0;7;0;0;2;8;15;A01
201500004790;0;33;0;0;2;7;17;B02
201500004791;0;30;0;0;2;1;1;B02
201500004791;0;7;0;0;2;3;13;A01
201500004792;0;7;0;0;2;1;1;A01
201500004792;0;7;0;0;2;1;1;B02
201500004793;0;7;0;6;0;1;1;A01
201500004794;0;7;0;0;2;2;15;A01
201500004794;0;33;0;0;2;1;1;B02
201500004795;0;34;0;0;0;0;1;A01
201500004796;0;7;0;0;0;1;0;B02
201500004796;0;7;0;0;0;2;0;A01
201500004797;0;33;0;0;2;1;13;A01
201500004797;0;7;0;0;2;3;1;B02
201500004798;0;7;0;8;0;1;13;A01
201500004799;0;7;0;1;0;2;14;A01
201500004800;0;33;0;8;0;7;1;A01
201500004801;0;7;0;0;1;3;1;A01
201500004802;0;2;0;0;2;1;5;A01
201500004802;0;7;0;0;2;3;15;B02
201500004803;0;33;0;13;0;3;1;A01
201500004804;0;7;0;0;1;3;1;A01
201500004805;0;7;0;0;2;2;17;A01
201500004805;0;7;0;0;2;8;15;B02
201500004806;0;7;0;0;2;3;13;A01
201500004806;0;7;0;0;2;3;1;B02
201500004807;0;7;0;0;9;5;19;A01
201500004807;0;1;0;0;0;1;1;B02
201500004807;0;1;0;0;0;1;1;C03
201500004808;0;7;0;13;0;8;1;A01
201500004809;0;7;0;0;2;3;1;B02
201500004809;0;7;0;0;2;1;1;C03
201500004809;0;10;0;0;2;0;13;A01
201500004810;0;7;0;0;0;6;1;B02
201500004810;0;10;0;0;0;1;1;A01
201500004811;0;10;0;0;2;1;15;A01
201500004811;0;33;0;0;2;1;1;B02
201500004812;0;7;0;0;2;1;1;A01
201500004812;0;2;0;0;2;1;1;B02
201500004813;0;7;0;0;0;1;0;A01
201500004814;0;7;0;5;0;2;1;A01
201500004815;0;10;0;2;0;1;0;A01
201500004816;0;1;0;0;0;0;1;A01
201500004816;0;7;0;0;9;2;0;B02
201500004817;0;7;0;0;2;1;1;C03
201500004817;0;7;0;0;2;1;1;B02
201500004817;0;7;0;0;2;1;15;A01
201500004818;0;7;0;0;2;3;1;B02
201500004818;0;7;0;0;2;2;19;A01
201500004819;0;33;0;0;2;8;15;A01
201500004819;0;33;0;0;2;1;1;B02
201500004820;0;33;0;0;2;1;1;A01
201500004820;0;7;0;0;2;3;13;B02
201500004821;0;33;0;0;2;2;17;B02
201500004821;0;7;0;0;2;3;15;A01
201500004822;0;30;0;0;2;1;1;B02
201500004822;0;7;0;0;2;2;15;A01
201500004823;0;7;0;0;2;3;1;B02
201500004823;0;3;0;0;2;1;15;A01
201500004824;0;7;0;2;0;3;1;A01
201500004825;0;33;0;16;0;1;1;A01
201500004826;0;7;0;0;2;2;17;A01
201500004826;0;7;0;0;2;8;15;B02
201500004827;0;33;0;3;0;4;0;A01
201500004828;0;7;0;0;2;8;15;B02
201500004828;0;33;0;0;2;1;17;A01
201500004829;0;7;0;0;2;3;19;A01
201500004829;0;14;0;0;2;2;21;B02
201500004830;0;7;0;0;2;4;16;B02
201500004830;0;7;0;0;2;1;1;A01
201500004831;0;7;0;0;2;3;5;A01
201500004831;0;7;0;0;2;8;1;B02
201500004831;0;7;0;0;2;8;1;C03
201500004832;0;7;0;0;1;2;16;A01
201500004833;0;7;0;0;1;2;1;A01
201500004834;0;7;0;0;2;3;17;A01
201500004834;0;33;0;0;2;2;17;B02
201500004835;0;30;0;0;2;3;1;A01
201500004835;0;7;0;0;2;2;15;B02
201500004836;0;7;0;13;0;3;0;A01
201500004837;0;10;0;0;2;1;1;C03
201500004837;0;7;0;0;2;1;13;A01
201500004837;0;7;0;0;2;8;1;B02
201500004838;0;7;0;0;2;5;15;A01
201500004838;0;2;0;0;2;1;1;B02
201500004839;0;33;0;0;0;7;1;A01
201500004840;0;10;0;0;1;3;1;A01
201500004841;0;2;0;0;0;1;13;A01
201500004841;0;7;0;0;0;1;1;B02
201500004842;0;7;0;0;2;1;1;A01
201500004842;0;1;0;0;2;4;2;B02
201500004843;0;7;0;0;2;7;13;A01
201500004843;0;7;0;0;2;1;1;B02
201500004844;0;33;0;13;0;1;0;A01
201500004845;0;7;0;2;0;1;0;A01
201500004846;0;10;0;0;2;6;15;B02
201500004846;0;33;0;0;2;3;1;A01
201500004847;0;30;0;0;2;1;19;A01
201500004847;0;7;0;0;2;2;1;B02
201500004848;0;7;0;0;9;3;1;A01
201500004848;0;1;0;0;2;1;1;B02
201500004849;0;7;0;0;2;3;9;A01
201500004849;0;1;0;0;2;8;1;B02
201500004850;0;7;0;0;2;1;15;A01
201500004850;0;33;0;0;2;7;21;B02
201500004851;0;7;0;0;2;1;5;A01
201500004851;0;7;0;0;2;1;1;B02
201500004852;0;7;0;13;0;3;1;A01
201500004853;0;10;0;0;2;2;17;A01
201500004853;0;7;0;0;2;3;1;B02
201500004854;0;7;0;3;0;1;1;A01
201500004855;0;7;0;13;2;1;13;A01
201500004855;0;14;0;0;2;1;1;B02
201500004856;0;7;0;0;2;3;19;B02
201500004856;0;33;0;0;2;1;2;A01
201500004857;0;7;0;0;2;2;1;A01
201500004857;0;33;0;0;2;3;1;B02
201500004858;0;7;0;13;0;1;0;A01
201500004859;0;31;0;12;0;1;1;A01
201500004860;0;21;0;0;2;7;19;A01
201500004860;0;33;0;0;2;1;1;B02
201500004861;0;7;0;0;0;1;14;A01
201500004862;0;14;0;0;0;1;0;A01
201500004862;0;7;0;0;0;3;9;B02
201500004863;0;7;0;0;1;1;1;A01
201500004864;0;33;0;0;0;2;17;A01
201500004864;0;7;0;0;0;6;15;B02
201500004865;0;7;0;0;9;1;1;A01
201500004865;0;1;0;0;2;3;1;B02
201500004866;0;7;0;0;1;1;1;A01
201500004867;0;7;0;0;0;0;0;A01
201500004868;0;33;0;13;0;1;1;A01
201500004869;0;7;0;0;2;1;15;A01
201500004869;0;31;0;0;2;1;1;B02
201500004870;0;7;0;0;0;8;10;A01
201500004870;0;33;0;0;2;1;1;B02
201500004871;0;7;0;0;2;3;1;A01
201500004871;0;7;0;0;2;3;23;C03
201500004871;0;7;0;0;2;2;19;B02
201500004872;0;7;0;0;2;2;15;A01
201500004872;0;34;0;0;0;8;1;B02
201500004872;0;10;0;0;9;1;23;C03
201500004873;0;7;0;6;0;1;0;A01
201500004874;0;7;0;0;2;8;1;A01
201500004874;0;7;0;0;2;1;15;B02
201500004875;0;7;0;0;0;3;19;B02
201500004875;0;7;0;0;0;2;1;A01
201500004876;0;7;0;0;2;3;5;A01
201500004876;0;33;0;0;2;1;0;B02
201500004877;1;7;0;0;0;0;17;A01
201500004877;0;7;0;0;2;1;2;C03
201500004877;0;7;0;0;2;4;1;B02
201500004878;0;7;0;0;1;3;1;A01
201500004879;0;7;0;0;0;0;13;A01
201500004879;0;7;0;0;0;0;1;B02
201500004880;0;7;0;0;2;3;1;B02
201500004880;0;7;0;0;2;3;13;A01
201500004881;0;7;0;8;2;7;19;A01
201500004881;0;7;0;0;2;1;1;B02
201500004882;0;14;0;0;2;1;1;A01
201500004882;0;7;0;0;0;7;1;B02
201500004883;0;14;0;0;0;0;13;B02
201500004883;0;33;0;0;2;0;1;A01
201500004884;0;7;0;0;2;6;23;B02
201500004884;2;7;0;1;0;2;1;A01
201500004885;0;7;0;0;2;1;1;A01
201500004885;0;7;0;0;0;4;1;B02
201500004886;0;7;0;3;0;1;1;A01
201500004887;0;7;0;0;2;1;1;A01
201500004887;0;7;0;0;2;2;19;B02
201500004888;0;7;0;6;0;3;1;A01
201500004889;0;7;0;0;2;3;1;B02
201500004889;0;7;0;0;2;3;13;A01
201500004890;0;2;0;0;2;1;2;A01
201500004890;0;7;0;0;2;4;15;B02
201500004891;0;7;0;2;0;9;1;A01
201500004892;0;7;0;0;2;1;13;A01
201500004892;0;7;0;0;2;1;1;B02
201500004893;0;33;0;0;2;1;1;B02
201500004893;0;7;0;0;2;1;15;A01
201500004894;0;10;0;0;2;2;13;A01
201500004894;0;10;0;0;2;5;21;B02
201500004895;0;7;0;0;2;1;15;B02
201500004895;0;7;0;0;2;3;13;A01
201500004896;0;7;0;0;2;1;1;B02
201500004896;0;7;0;0;0;8;1;A01
201500004897;0;7;0;0;0;1;1;A01
201500004897;0;7;0;0;0;2;0;B02
201500004898;0;7;0;0;2;2;1;A01
201500004898;0;10;0;0;2;3;1;B02
201500004899;0;7;0;0;0;0;15;A01
201500004899;0;30;0;0;2;1;17;B02
201500004900;0;7;0;0;2;1;1;B02
201500004900;0;7;0;0;2;1;13;A01
201500004901;0;30;0;0;2;1;1;A01
201500004901;0;10;0;0;2;3;1;B02
201500004902;0;7;0;0;2;1;1;B02
201500004902;0;7;0;15;0;4;6;A01
201500004903;0;7;0;13;0;2;1;A01
201500004904;0;7;0;2;0;7;1;A01
201500004905;0;32;0;0;2;1;1;A01
201500004905;0;7;0;0;0;8;19;B02
201500004906;0;7;0;0;2;1;16;B02
201500004906;0;15;0;0;2;7;1;A01
201500004907;0;7;0;0;0;3;0;A01
201500004907;0;7;0;0;0;3;0;B02
201500004908;0;33;0;0;2;1;1;A01
201500004908;0;10;0;0;2;3;19;B02
201500004909;0;7;0;0;2;3;1;B02
201500004909;0;10;0;0;2;3;13;A01
201500004910;0;7;0;0;2;8;0;C03
201500004910;0;7;0;0;2;7;5;A01
201500004910;0;7;0;6;2;9;2;B02
201500004911;0;7;0;0;0;3;1;A01
201500004911;0;1;0;0;0;2;16;B02
201500004912;0;7;0;0;2;8;15;B02
201500004912;0;33;0;0;2;7;13;A01
201500004913;0;7;0;0;2;8;0;A01
201500004913;0;30;0;0;2;1;9;B02
201500004914;0;33;0;0;2;2;11;B02
201500004914;0;7;0;0;2;3;11;A01
201500004915;0;7;0;0;1;3;1;A01
201500004916;0;7;0;10;0;2;14;A01
201500004917;0;33;0;0;2;7;17;A01
201500004917;0;7;0;0;2;1;17;B02
201500004918;0;7;0;10;0;1;14;A01
201500004919;0;7;0;0;1;3;21;A01
201500004920;0;7;0;6;0;3;13;A01
201500004921;0;7;0;0;2;6;4;A01
201500004921;0;2;0;0;2;1;1;B02
201500004922;0;7;0;0;1;3;15;A01
201500004923;0;7;0;0;1;2;1;A01
201500004924;0;7;0;13;2;8;19;B02
201500004924;0;7;0;0;2;2;19;A01
201500004925;0;7;0;0;2;3;1;A01
201500004925;0;7;0;0;2;1;1;B02
201500004926;0;31;0;13;0;9;21;A01
201500004927;0;14;0;0;2;3;21;B02
201500004927;0;7;0;0;2;3;13;A01
201500004928;0;10;0;0;2;8;2;B02
201500004928;0;32;0;0;2;7;2;A01
201500004929;0;7;0;0;2;3;17;A01
201500004929;0;17;0;0;2;3;1;B02
201500004929;0;17;0;0;2;3;1;C03
201500004930;0;7;0;0;9;2;2;A01
201500004930;0;1;0;0;2;6;2;B02
201500004931;0;7;0;0;1;1;15;A01
201500004932;0;7;0;0;0;4;2;A01
201500004932;0;7;0;0;0;1;2;B02
201500004933;0;7;0;0;1;3;1;A01
201500004934;0;7;0;0;2;1;1;B02
201500004934;0;7;0;0;2;3;19;A01
201500004935;0;7;0;12;2;3;9;A01
201500004935;0;38;0;0;2;2;1;B02
201500004936;0;33;0;13;0;7;1;A01
201500004937;0;38;0;0;2;3;1;B02
201500004937;0;10;0;0;2;3;15;A01
201500004938;0;17;0;0;2;3;1;B02
201500004938;0;10;0;0;2;8;9;A01
201500004938;0;17;0;0;0;0;2;C03
201500004939;0;7;0;0;2;1;1;B02
201500004939;0;7;0;0;2;1;17;A01
201500004940;0;7;0;0;2;1;13;A01
201500004940;0;7;0;0;2;1;1;B02
201500004941;0;7;0;0;2;4;1;A01
201500004941;0;7;0;0;2;1;1;B02
201500004942;0;7;0;6;0;1;13;A01
201500004943;0;33;0;0;0;8;1;A01
201500004944;0;33;0;0;0;8;1;A01
201500004945;0;33;0;14;0;1;2;A01
201500004946;0;7;0;8;0;1;1;A01
201500004947;0;20;0;0;0;5;23;B02
201500004947;0;7;0;1;0;3;1;A01
201500004948;0;7;0;9;0;1;2;A01
201500004949;0;31;0;0;0;8;1;A01
201500004950;0;1;0;0;2;1;1;B02
201500004950;0;7;0;0;2;3;1;A01
201500004951;0;33;0;3;0;0;13;A01
201500004952;0;1;0;0;2;1;1;B02
201500004952;0;7;0;0;9;1;1;A01
201500004953;0;7;0;0;0;0;0;B02
201500004953;0;10;0;0;0;0;0;A01
201500004954;0;7;0;0;2;1;1;B02
201500004954;0;33;0;0;2;8;15;A01
201500004955;0;7;0;0;2;3;1;B02
201500004955;0;33;0;0;2;3;13;A01
201500004956;0;33;0;0;0;8;1;A01
201500004957;0;33;0;0;2;7;17;B02
201500004957;0;7;0;0;2;3;17;A01
201500004958;0;7;0;0;0;0;1;A01
201500004958;0;33;0;13;0;0;0;B02
201500004959;0;33;0;11;0;1;13;A01
201500004960;0;10;0;0;2;3;15;A01
201500004960;0;31;0;0;2;1;1;B02
201500004961;0;7;0;0;2;1;1;A01
201500004961;0;1;0;0;2;7;1;B02
201500004962;0;33;0;0;0;8;0;A01
201500004963;0;7;0;0;1;6;1;A01
201500004964;0;30;0;13;0;1;14;A01
201500004965;0;7;0;0;2;2;1;A01
201500004965;0;1;0;0;2;4;1;B02
201500004966;0;2;0;0;2;1;1;A01
201500004966;0;7;0;0;2;2;1;B02
201500004967;0;33;0;0;2;8;17;A01
201500004967;0;7;0;0;2;8;1;B02
201500004968;0;15;0;0;1;2;16;A01
201500004969;0;1;0;0;2;1;1;B02
201500004969;0;7;0;0;2;3;9;A01
201500004970;0;1;0;0;2;1;1;B02
201500004970;0;14;0;0;9;3;1;A01
201500004971;1;7;0;0;1;4;4;A01
201500004972;0;2;0;0;5;1;1;A01
201500004973;0;7;0;0;2;7;17;B02
201500004973;0;1;0;0;2;8;15;A01
201500004974;0;7;0;0;0;0;0;A01
201500004975;0;7;0;0;1;1;1;A01
201500004976;0;10;0;0;0;4;0;B02
201500004976;0;7;0;0;0;1;1;A01
201500004977;0;2;0;0;2;1;1;A01
201500004977;0;7;0;0;2;4;1;B02
201500004978;0;7;0;0;2;2;1;A01
201500004978;0;7;0;0;2;3;1;B02
201500004979;0;7;0;8;0;1;1;A01
201500004980;0;7;0;0;2;3;13;A01
201500004980;0;7;0;0;2;3;1;B02
201500004981;0;7;0;0;0;4;2;A01
201500004981;0;7;0;0;0;1;2;B02
201500004982;0;7;0;6;0;1;1;A01
201500004983;0;7;0;0;1;2;1;A01
201500004984;0;7;0;13;0;1;1;A01
201500004985;0;30;0;0;2;8;1;A01
201500004985;0;7;0;0;2;7;1;B02
201500004986;0;7;0;0;2;2;1;A01
201500004986;0;7;0;0;2;3;1;B02
201500004987;0;2;0;0;2;1;0;B02
201500004987;0;7;0;0;2;7;15;A01
201500004988;0;2;0;6;0;1;1;A01
201500004989;0;7;0;0;2;8;15;B02
201500004989;0;7;0;0;2;2;1;A01
201500004990;0;7;0;0;2;3;15;B02
201500004990;0;33;0;0;2;2;17;A01
201500004991;0;7;0;0;1;1;0;A01
201500004992;0;7;0;0;9;2;15;A01
201500004992;0;1;0;0;2;3;1;B02
201500004993;0;1;0;0;2;4;1;B02
201500004993;0;7;0;0;9;2;1;A01
201500004994;0;33;0;0;2;1;17;A01
201500004994;0;7;0;0;2;6;13;B02
201500004995;0;7;0;11;2;1;13;A01
201500004995;0;7;0;11;2;1;1;B02
201500004996;0;30;0;14;0;1;17;A01
201500004997;0;7;0;0;2;1;1;A01
201500004997;0;10;0;0;2;1;1;B02
201500004998;0;7;0;0;2;3;1;B02
201500004998;0;2;0;0;2;1;13;A01
201500004999;0;7;0;0;1;2;1;A01
201500005000;0;10;0;0;0;1;1;B02
201500005000;0;7;0;0;2;8;15;A01
201500005001;0;30;0;0;0;2;1;A01
201500005002;0;7;0;0;1;0;1;A01
201500005003;0;7;0;2;0;2;14;A01
201500005004;0;7;0;0;2;2;13;A01
201500005004;0;1;0;0;0;1;17;B02
201500005005;0;2;0;0;2;1;1;B02
201500005005;0;7;0;0;2;1;1;A01
201500005006;0;2;0;0;2;1;1;A01
201500005006;0;7;0;0;2;3;1;B02
201500005007;0;7;0;0;2;1;21;B02
201500005007;0;7;0;0;2;1;13;A01
201500005008;0;7;0;0;2;3;1;B02
201500005008;0;21;0;0;2;6;1;A01
201500005009;0;7;0;0;2;3;1;C03
201500005009;0;10;0;0;2;5;15;A01
201500005009;0;7;0;0;2;3;1;B02
201500005010;0;7;0;0;0;9;1;A01
201500005011;0;7;0;0;1;3;1;A01
201500005012;0;7;0;0;2;2;19;B02
201500005012;0;7;0;0;2;3;1;A01
201500005013;0;7;0;13;0;9;1;A01
201500005014;0;7;0;0;2;3;1;A01
201500005014;0;7;0;0;2;3;13;B02
201500005015;0;30;0;0;2;1;1;A01
201500005015;0;7;0;0;0;4;23;B02
201500005016;0;1;0;0;2;4;2;B02
201500005016;0;1;0;0;2;1;2;A01
201500005017;0;7;0;0;2;1;1;B02
201500005017;0;7;0;0;0;3;15;A01
201500005018;0;7;0;13;0;9;1;A01
201500005019;0;36;0;13;0;3;1;A01
201500005020;0;33;0;0;2;1;1;B02