num_acc;senc;catv;occutc;obs;obsm;choc;manv;num_veh
201500005020;0;7;0;0;2;1;16;A01
201500005021;0;10;0;0;2;1;1;B02
201500005021;0;7;0;0;2;3;15;A01
201500005022;0;7;0;0;1;1;1;A01
201500005023;0;7;0;0;2;6;0;A01
201500005023;0;14;0;0;2;1;0;B02
201500005024;0;7;0;13;0;9;1;A01
201500005025;0;7;0;0;2;5;15;A01
201500005025;0;10;0;8;2;1;1;C03
201500005025;0;7;0;0;2;3;1;D04
201500005025;0;10;0;0;2;3;1;E05
201500005025;0;7;0;0;2;3;1;B02
201500005026;0;3;0;0;2;1;1;A01
201500005026;0;10;0;0;2;1;1;B02
201500005027;0;7;0;0;6;9;1;A01
201500005028;0;1;0;0;2;1;15;B02
201500005028;0;7;0;0;2;2;13;A01
201500005029;0;7;0;0;2;3;0;B02
201500005029;0;7;0;0;2;3;1;A01
201500005030;0;31;0;0;2;1;1;B02
201500005030;0;10;0;0;2;3;1;A01
201500005031;0;7;0;6;0;8;1;A01
201500005032;0;10;0;0;2;1;19;A01
201500005032;0;7;0;0;2;8;19;B02
201500005033;0;10;0;0;0;1;0;C03
201500005033;0;10;0;0;0;0;0;A01
201500005033;0;10;0;0;9;1;0;B02
201500005034;0;7;0;6;0;1;0;A01
201500005035;0;33;0;0;2;7;17;A01
201500005035;0;7;0;0;2;8;15;B02
201500005036;0;7;0;0;2;1;2;B02
201500005036;0;7;0;0;2;8;13;A01
201500005036;0;7;0;0;2;7;17;C03
201500005037;0;33;0;13;0;7;1;A01
201500005038;0;7;0;13;0;1;1;A01
201500005039;0;2;0;0;2;1;1;A01
201500005039;0;10;0;0;2;3;16;B02
201500005040;0;10;0;0;1;1;1;A01
201500005041;0;7;0;0;1;8;1;A01
201500005042;0;7;0;0;2;2;19;B02
201500005042;0;7;0;0;2;2;1;A01
201500005043;0;33;0;0;0;0;0;A01
201500005044;0;1;0;0;0;0;1;A01
201500005045;0;7;0;8;0;1;1;A01
201500005046;0;36;0;15;0;1;1;A01
201500005047;0;7;0;13;0;1;0;A01
201500005048;0;7;0;0;2;8;1;B02
201500005048;0;33;0;0;2;1;1;A01
201500005049;0;7;0;0;0;0;1;A01
201500005050;0;21;0;0;1;5;22;A01
201500005051;0;33;0;0;0;8;1;A01
201500005052;0;32;0;0;2;1;1;B02
201500005052;0;7;0;0;2;1;13;A01
201500005053;0;1;0;0;2;8;1;B02
201500005053;0;10;0;0;2;3;15;A01
201500005054;0;7;0;0;2;1;17;B02
201500005054;0;7;0;0;2;3;10;A01
201500005055;0;33;0;0;2;1;17;A01
201500005055;0;7;0;0;2;8;15;B02
201500005056;0;33;0;0;2;7;1;A01
201500005056;0;7;0;0;2;1;19;B02
201500005057;0;7;0;0;2;0;13;A01
201500005057;0;7;0;0;2;1;1;B02
201500005058;0;30;0;13;0;1;13;A01
201500005059;0;7;0;0;2;3;2;A01
201500005059;0;7;0;0;2;1;1;C03
201500005059;0;30;0;0;2;4;23;B02
201500005060;0;7;0;0;2;5;9;A01
201500005060;0;1;0;0;2;4;1;B02
201500005061;0;33;0;0;2;1;1;B02
201500005061;0;7;0;0;2;7;15;A01
201500005062;0;7;0;0;1;1;1;A01
201500005063;0;7;0;0;2;8;15;B02
201500005063;0;30;0;0;2;1;17;A01
201500005064;0;33;0;0;2;1;1;B02
201500005064;0;7;0;0;2;3;15;A01
201500005065;0;33;0;0;6;1;21;A01
201500005066;0;14;0;0;1;3;1;A01
201500005067;0;31;0;14;0;7;17;A01
201500005068;0;7;0;0;1;2;1;A01
201500005069;0;33;0;0;0;3;1;A01
201500005070;0;2;0;0;2;1;5;A01
201500005070;0;10;0;0;2;1;6;B02
201500005071;0;7;0;0;0;3;5;A01
201500005071;0;30;0;0;0;1;1;B02
201500005072;0;7;0;0;2;5;15;A01
201500005072;0;31;0;0;2;1;1;B02
201500005073;0;7;0;0;2;3;1;B02
201500005073;0;7;0;0;2;1;15;A01
201500005074;0;7;0;0;2;3;9;A01
201500005074;0;1;0;0;2;1;1;B02
201500005074;0;1;0;0;2;1;1;C03
201500005075;0;33;0;0;2;8;13;A01
201500005075;0;33;0;0;2;7;17;B02
201500005076;0;7;0;0;2;3;1;A01
201500005076;0;7;0;0;2;1;1;B02
201500005077;0;7;0;0;2;1;6;A01
201500005077;0;7;0;0;0;1;1;B02
201500005078;0;33;0;0;2;3;1;A01
201500005078;1;7;0;0;2;8;13;B02
201500005079;0;7;0;0;0;1;1;A01
201500005079;0;7;0;0;0;3;1;B02
201500005080;0;7;0;9;0;1;15;A01
201500005081;0;7;0;0;2;3;15;A01
201500005081;0;7;0;0;2;1;1;B02
201500005082;0;7;0;0;2;1;2;A01
201500005082;0;7;0;0;2;4;2;B02
201500005083;0;7;0;13;0;1;1;A01
201500005084;0;7;0;2;0;1;1;A01
201500005085;0;7;0;0;2;1;1;A01
201500005085;0;7;0;0;2;8;19;B02
201500005086;0;33;0;0;0;1;1;A01
201500005087;0;7;0;0;2;1;19;A01
201500005087;0;7;0;0;2;8;1;B02
201500005088;0;7;0;13;0;1;1;A01
201500005089;0;7;0;14;0;1;1;A01
201500005090;0;7;0;0;2;3;10;A01
201500005090;0;33;0;0;2;1;1;B02
201500005091;0;7;0;13;0;1;1;A01
201500005092;0;7;0;0;2;1;1;A01
201500005092;0;7;0;0;0;1;1;B02
201500005093;0;7;0;2;0;2;1;A01
201500005094;0;7;0;0;1;2;1;A01
201500005095;0;1;0;0;2;7;19;B02
201500005095;0;7;0;0;2;2;9;A01
201500005096;0;33;0;13;0;0;14;A01
201500005097;0;7;0;7;0;3;1;A01
201500005098;0;7;0;8;0;1;14;A01
201500005099;0;7;0;13;0;3;13;A01
201500005100;0;33;0;13;0;7;14;A01
201500005101;0;7;0;0;2;2;15;A01
201500005101;0;30;0;0;2;1;1;B02
201500005102;0;21;0;0;0;1;13;A01
201500005102;0;7;0;1;0;1;1;B02
201500005103;0;7;0;6;0;1;1;A01
201500005104;0;7;0;2;0;3;1;A01
201500005105;0;7;0;0;2;1;19;B02
201500005105;0;7;0;0;2;3;1;A01
201500005106;0;30;0;0;2;7;1;A01
201500005106;0;7;0;0;2;1;19;B02
201500005107;0;7;0;13;0;2;14;A01
201500005108;0;7;0;13;0;2;1;A01
201500005109;0;7;0;0;1;2;1;A01
201500005110;0;7;0;2;0;7;1;A01
201500005111;0;10;0;0;2;6;1;B02
201500005111;0;99;0;0;2;2;17;A01
201500005112;0;33;0;13;0;1;1;A01
201500005113;0;1;0;0;2;2;15;A01
201500005113;0;7;0;0;0;0;0;B02
201500005114;0;7;0;3;0;7;1;A01
201500005115;0;7;0;2;0;1;1;A01
201500005116;0;7;0;0;0;1;5;A01
201500005116;0;7;0;0;0;1;1;B02
201500005117;0;7;0;0;1;1;1;A01
201500005118;0;7;0;0;9;5;2;A01
201500005118;0;1;0;0;2;1;2;B02
201500005119;0;7;0;0;2;1;1;A01
201500005119;0;21;0;0;2;4;1;B02
201500005119;0;7;0;0;2;3;1;C03
201500005120;0;7;0;0;2;7;15;A01
201500005120;0;33;0;0;2;1;1;B02
201500005121;0;7;0;2;0;3;1;A01
201500005122;0;33;0;16;0;9;1;A01
201500005123;0;7;0;0;0;4;23;B02
201500005123;0;7;0;0;1;1;1;A01
201500005124;0;30;0;2;0;1;1;A01
201500005125;0;7;0;2;0;9;1;A01
201500005126;0;7;0;2;0;1;14;A01
201500005127;0;36;0;16;0;2;13;A01
201500005128;0;7;0;0;2;1;1;B02
201500005128;0;7;0;0;2;1;1;C03
201500005128;0;7;0;0;2;2;15;A01
201500005129;0;7;0;0;2;1;5;A01
201500005129;0;7;0;0;2;1;1;B02
201500005130;0;7;0;0;2;1;15;A01
201500005130;0;7;0;0;2;8;1;B02
201500005131;1;7;0;0;1;2;1;A01
201500005132;0;7;0;0;1;3;0;A01
201500005133;0;7;0;0;1;3;1;A01
201500005134;0;7;0;0;2;1;23;B02
201500005134;0;33;0;0;2;1;15;A01
201500005134;0;10;0;0;2;1;1;C03
201500005135;0;7;0;6;0;1;1;A01
201500005136;0;10;0;0;2;2;15;B02
201500005136;0;30;0;0;2;1;1;A01
201500005137;0;7;0;8;1;3;1;A01
201500005138;0;7;0;0;1;2;1;A01
201500005139;0;7;0;0;2;3;15;C03
201500005139;0;7;0;0;2;1;1;A01
201500005139;0;7;0;0;2;1;2;B02
201500005140;0;30;0;0;2;8;19;A01
201500005140;0;33;0;0;2;1;1;B02
201500005141;0;1;0;0;0;1;0;A01
201500005142;0;7;0;0;2;8;10;A01
201500005142;0;33;0;0;2;1;2;B02
201500005142;0;33;0;0;2;1;2;C03
201500005143;0;7;0;0;2;7;15;A01
201500005143;0;33;0;0;2;1;1;B02
201500005144;0;1;0;0;2;1;1;B02
201500005144;0;10;0;0;2;3;1;A01
201500005145;0;7;0;0;2;3;13;A01
201500005145;0;7;0;0;2;3;1;B02
201500005146;0;7;0;0;2;7;13;A01
201500005146;0;38;1;0;2;1;0;B02
201500005147;0;7;0;0;2;3;1;A01
201500005147;0;7;0;0;2;3;1;B02
201500005148;0;10;0;0;0;3;1;B02
201500005148;0;7;0;0;0;3;1;A01
201500005149;0;7;0;0;2;1;13;A01
201500005149;0;7;0;0;2;1;1;B02
201500005150;0;10;0;0;0;6;19;A01
201500005150;0;33;0;0;2;1;1;B02
201500005151;0;10;0;0;1;2;1;A01
201500005152;0;7;0;0;2;3;1;B02
201500005152;0;7;0;0;2;1;17;A01
201500005153;0;7;0;0;2;3;1;B02
201500005153;0;31;0;0;2;1;1;A01
201500005154;0;1;0;0;0;1;0;B02
201500005154;0;7;0;0;0;3;15;A01
201500005155;0;7;0;2;0;7;1;A01
201500005156;0;7;0;0;2;1;20;B02
201500005156;0;36;0;1;0;7;1;A01
201500005157;0;1;0;0;0;0;1;A01
201500005158;0;33;0;16;0;1;1;A01
201500005159;0;7;0;13;0;9;4;A01
201500005160;0;10;0;0;2;1;9;A01
201500005160;0;2;0;0;2;1;1;B02
201500005161;0;3;0;0;2;7;15;A01
201500005161;0;10;0;0;2;1;1;B02
201500005162;0;7;0;2;0;9;1;A01
201500005163;0;7;0;0;2;7;13;A01
201500005163;0;7;0;0;2;1;1;B02
201500005164;0;7;0;0;1;2;1;A01
201500005165;0;33;0;16;0;9;17;A01
201500005166;0;10;0;16;0;9;1;A01
201500005167;0;7;0;0;2;1;17;B02
201500005167;0;7;0;0;2;1;1;A01
201500005168;0;36;0;0;0;2;1;A01
201500005169;0;7;0;0;1;1;1;A01
201500005170;0;7;0;0;2;1;17;B02
201500005170;0;7;0;0;2;8;15;A01
201500005171;0;7;0;0;2;2;2;A01
201500005171;0;1;0;0;2;4;2;B02
201500005172;0;7;0;0;1;2;13;A01
201500005173;0;7;0;0;1;4;20;A01
201500005174;0;10;0;0;1;4;4;A01
201500005175;0;10;0;2;0;1;1;A01
201500005176;0;31;0;4;0;3;1;A01
201500005177;0;7;0;0;2;1;1;B02
201500005177;0;7;0;0;2;1;5;A01
201500005178;0;7;0;0;2;3;13;B02
201500005178;0;7;0;0;2;3;1;A01
201500005179;0;7;0;2;0;3;1;A01
201500005180;0;7;0;4;0;1;1;A01
201500005181;0;7;0;2;0;2;1;A01
201500005182;0;7;0;0;2;2;9;A01
201500005182;0;32;0;0;2;6;15;B02
201500005183;0;33;0;0;0;0;0;A01
201500005183;0;1;0;0;0;0;0;B02
201500005184;0;1;0;0;0;0;2;A01
201500005185;0;33;0;0;9;1;2;A01
201500005185;0;1;0;0;0;4;0;B02
201500005186;0;7;0;0;0;1;2;A01
201500005186;0;7;0;0;0;4;2;B02
201500005187;0;7;0;0;2;1;1;B02
201500005187;0;7;0;0;2;3;13;A01
201500005188;0;1;0;0;2;1;1;B02
201500005188;0;7;0;0;9;2;15;A01
201500005189;0;7;0;0;2;1;15;A01
201500005189;0;1;0;0;2;1;1;B02
201500005190;0;7;0;0;2;8;1;B02
201500005190;0;33;0;0;2;3;1;A01
201500005191;0;33;0;0;2;1;1;B02
201500005191;0;33;0;0;2;4;1;A01
201500005191;0;33;0;0;2;1;1;C03
201500005192;0;7;0;13;0;3;1;A01
201500005193;0;7;0;0;1;2;16;A01
201500005194;0;7;0;0;1;2;1;A01
201500005195;0;7;0;0;2;1;1;B02
201500005195;0;7;0;0;2;1;15;A01
201500005196;0;33;0;0;2;1;13;B02
201500005196;0;33;0;0;2;1;1;A01
201500005196;0;7;0;0;2;1;1;C03
201500005197;0;7;0;0;0;8;10;A01
201500005197;0;31;0;0;2;1;1;B02
201500005198;0;33;0;0;2;1;1;B02
201500005198;0;7;0;0;2;5;15;A01
201500005199;0;7;0;0;2;1;13;A01
201500005199;0;14;0;0;2;3;1;B02
201500005200;0;33;0;0;2;1;1;A01
201500005200;0;7;0;0;0;6;10;B02
201500005201;0;7;0;0;2;8;1;D04
201500005201;0;7;0;0;2;1;1;B02
201500005201;0;7;0;0;2;1;1;C03
201500005201;0;7;0;0;2;1;13;A01
201500005202;0;33;0;16;2;7;14;A01
201500005203;0;7;0;0;2;1;1;B02
201500005203;0;30;0;0;2;1;13;A01
201500005204;0;33;0;0;0;1;1;A01
201500005205;0;33;0;11;0;1;1;A01
201500005206;0;7;0;6;0;1;1;A01
201500005207;0;33;0;0;0;7;1;B02
201500005207;0;7;0;0;0;8;16;A01
201500005208;0;7;0;0;2;1;15;A01
201500005208;0;33;0;0;2;1;1;B02
201500005209;0;7;0;0;2;3;1;B02
201500005209;0;7;0;0;2;2;19;A01
201500005210;0;33;0;0;2;1;17;B02
201500005210;0;7;0;0;0;3;15;A01
201500005211;0;34;0;4;0;7;1;A01
201500005212;0;7;0;6;0;1;1;A01
201500005213;0;33;0;0;2;1;1;A01
201500005213;0;7;0;0;0;4;15;B02
201500005214;0;7;0;0;2;3;1;B02
201500005214;0;7;0;0;2;3;13;A01
201500005215;0;1;0;0;2;3;0;A01
201500005215;0;7;0;0;9;3;0;B02
201500005216;0;7;0;0;2;1;0;B02
201500005216;0;7;0;0;2;1;17;A01
201500005217;0;7;0;3;0;9;1;A01
201500005218;0;7;0;0;1;1;1;B02
201500005218;0;7;0;0;1;1;1;A01
201500005219;0;38;0;0;2;1;1;B02
201500005219;0;30;0;0;2;1;1;A01
201500005220;0;7;0;0;2;2;15;A01
201500005220;0;32;0;0;2;1;1;B02
201500005221;0;7;0;2;0;9;1;A01
201500005222;0;7;0;0;1;2;1;A01
201500005223;0;7;0;0;2;1;1;B02
201500005223;0;7;0;0;2;1;5;A01
201500005224;0;7;0;0;1;3;1;A01
201500005225;0;33;0;0;2;1;1;B02
201500005225;0;7;0;0;2;5;15;A01
201500005226;0;31;0;9;0;1;1;A01
201500005227;0;7;0;13;0;1;1;A01
201500005228;0;33;0;3;0;8;1;A01
201500005229;0;7;0;0;2;6;15;A01
201500005229;0;7;0;0;2;2;21;B02
201500005229;0;33;0;0;2;1;1;C03
201500005230;0;33;0;0;2;1;1;A01
201500005230;0;7;0;0;2;8;0;B02
201500005231;0;7;0;0;2;3;5;A01
201500005231;0;7;0;0;0;1;1;B02
201500005231;0;7;0;0;0;6;1;C03
201500005232;0;7;0;0;1;2;1;A01
201500005233;0;7;0;13;0;2;1;A01
201500005234;0;33;0;3;0;0;1;A01
201500005235;0;10;0;2;0;2;1;A01
201500005236;0;7;0;0;1;1;1;A01
201500005237;0;7;0;0;2;2;15;A01
201500005237;0;99;0;0;2;1;1;B02
201500005238;0;7;0;0;2;6;1;B02
201500005238;0;7;0;0;2;3;19;A01
201500005239;0;7;0;6;0;8;1;A01
201500005240;0;33;0;13;0;3;21;A01
201500005241;0;7;0;0;2;2;15;A01
201500005241;0;33;0;0;0;1;1;B02
201500005242;0;7;0;0;1;2;1;A01
201500005243;0;2;0;0;2;3;1;B02
201500005243;0;7;0;0;2;3;5;A01
201500005244;0;7;0;0;2;1;0;B02
201500005244;0;33;0;0;2;1;13;A01
201500005245;0;33;0;0;2;1;1;B02
201500005245;0;7;0;0;2;3;15;A01
201500005246;0;7;0;0;2;8;1;B02
201500005246;0;30;0;0;2;1;19;A01
201500005247;0;7;0;0;1;1;9;A01
201500005248;0;7;0;0;1;2;1;A01
201500005249;0;33;0;8;0;2;13;A01
201500005250;0;7;0;0;9;5;15;A01
201500005250;0;1;0;0;2;1;1;B02
201500005251;0;7;0;2;0;2;6;A01
201500005252;0;7;0;0;1;3;13;A01
201500005253;0;31;0;6;0;7;0;A01
201500005254;0;7;0;13;0;9;1;A01
201500005255;0;7;0;0;2;1;2;A01
201500005255;0;37;0;0;0;4;23;B02
201500005256;0;37;0;0;1;1;17;A01
201500005257;0;1;0;0;2;6;1;A01
201500005257;0;7;0;0;2;6;1;B02
201500005258;0;7;0;0;1;6;20;A01
201500005259;0;7;0;8;0;7;1;A01
201500005260;0;33;0;16;0;8;1;A01
201500005261;0;36;0;12;0;0;1;A01
201500005262;0;36;0;6;0;2;1;A01
201500005263;0;7;0;0;1;3;1;A01
201500005264;0;7;0;0;1;7;1;A01
201500005265;0;17;0;0;0;6;1;A01
201500005265;0;33;0;0;2;1;17;B02
201500005266;0;7;0;0;2;2;1;A01
201500005266;0;33;0;0;2;3;15;B02
201500005267;0;7;0;13;0;7;1;A01
201500005268;0;33;0;0;0;8;1;A01
201500005269;0;7;0;0;2;2;2;A01
201500005269;0;1;0;0;0;4;2;B02
201500005270;0;2;0;0;2;1;21;A01
201500005270;0;7;0;0;2;8;15;B02
201500005271;0;7;0;0;2;1;17;A01
201500005271;0;7;0;0;2;1;1;B02
201500005271;0;7;0;0;2;6;1;C03
201500005272;0;7;0;0;2;3;13;A01
201500005272;0;10;0;0;2;3;1;B02
201500005273;0;7;0;0;2;2;1;B02
201500005273;0;1;0;0;2;1;9;A01
201500005274;0;33;0;13;0;1;1;A01
201500005275;0;1;0;0;6;1;1;A01
201500005276;0;1;0;0;2;1;1;A01
201500005276;0;7;0;0;9;3;19;B02
201500005277;0;14;0;0;2;3;1;B02
201500005277;0;1;0;0;2;1;1;A01
201500005278;0;33;0;0;2;1;1;A01
201500005278;0;7;0;0;2;3;13;B02
201500005278;0;10;0;0;2;1;1;C03
201500005279;0;7;0;0;1;2;1;A01
201500005280;0;7;0;2;0;1;1;A01
201500005281;0;1;0;0;0;7;15;B02
201500005281;0;7;0;0;0;3;9;A01
201500005282;0;33;0;0;0;1;17;B02
201500005282;0;7;0;0;0;3;10;A01
201500005283;0;7;0;0;2;1;1;B02
201500005283;0;7;0;0;2;1;1;A01
201500005284;0;10;0;0;9;3;15;A01
201500005284;0;1;0;0;2;2;17;B02
201500005285;0;32;0;0;2;1;17;B02
201500005285;0;7;0;0;2;8;10;A01
201500005286;0;7;0;0;2;8;13;A01
201500005286;0;14;0;0;2;2;1;B02
201500005287;0;7;0;6;0;1;13;A01
201500005288;0;7;0;2;0;1;13;A01
201500005289;0;7;0;0;0;3;10;A01
201500005289;0;7;0;0;2;2;1;B02
201500005290;0;7;0;0;0;8;10;A01
201500005290;0;33;0;0;2;1;1;B02
201500005291;0;33;0;0;2;1;2;A01
201500005291;0;30;0;0;2;4;1;B02
201500005292;0;7;0;0;2;1;15;B02
201500005292;0;1;0;0;2;1;1;A01
201500005293;0;7;0;0;1;2;1;A01
201500005294;0;7;0;0;2;3;13;B02
201500005294;0;7;0;0;2;3;1;A01
201500005295;0;7;0;0;2;1;1;B02
201500005295;0;7;0;0;0;1;6;A01
201500005296;0;7;0;6;0;1;0;A01
201500005297;0;7;0;0;2;3;1;B02
201500005297;0;7;0;0;2;2;15;A01
201500005298;0;7;0;13;0;1;2;A01
201500005299;0;36;0;0;2;1;13;A01
201500005299;0;7;0;0;2;1;1;B02
201500005300;0;30;0;0;2;3;13;A01
201500005300;0;7;0;0;2;3;1;B02
201500005301;0;33;0;13;0;2;1;A01
201500005302;0;7;0;0;2;1;1;B02
201500005302;0;7;0;0;2;3;13;A01
201500005303;0;7;0;3;0;9;14;A01
201500005304;0;32;0;0;2;1;13;A01
201500005304;0;38;0;0;2;3;1;B02
201500005305;0;33;0;0;2;1;13;A01
201500005305;0;7;0;0;2;6;1;B02
201500005306;0;1;0;0;2;1;5;B02
201500005306;0;7;0;0;9;1;5;A01
201500005307;0;1;0;14;0;0;1;A01
201500005308;0;7;0;2;0;3;13;A01
201500005309;0;7;0;0;2;1;17;B02
201500005309;0;7;0;0;2;4;17;A01
201500005310;0;7;0;0;2;7;15;A01
201500005310;0;33;0;0;2;1;0;B02
201500005311;0;7;0;0;2;1;13;B02
201500005311;0;7;0;0;2;1;13;A01
201500005312;0;7;0;0;2;7;1;A01
201500005312;0;7;0;0;2;1;1;B02
201500005313;0;33;0;13;0;8;1;A01
201500005314;0;33;0;0;2;1;13;A01
201500005314;0;7;0;0;2;3;1;B02
201500005315;0;7;0;0;9;3;1;A01
201500005315;0;1;0;0;2;8;13;B02
201500005316;0;7;0;0;2;1;1;B02
201500005316;0;7;0;0;2;1;13;A01
201500005317;0;7;0;2;0;2;0;A01
201500005318;0;7;0;0;2;1;16;B02
201500005318;0;33;0;0;2;2;1;A01
201500005319;0;14;0;3;0;2;1;A01
201500005320;0;7;0;6;0;2;1;A01
201500005321;0;33;0;6;0;1;1;A01
201500005322;0;16;0;0;0;2;5;A01
201500005322;0;33;0;0;0;7;21;B02
201500005323;0;10;0;0;2;1;21;B02
201500005323;0;7;0;0;2;2;1;A01
201500005324;0;7;0;6;0;1;1;A01
201500005325;0;10;0;0;2;1;0;B02
201500005325;0;7;0;0;2;1;0;A01
201500005326;0;7;0;0;2;3;1;B02
201500005326;0;7;0;0;2;3;1;A01
201500005327;0;7;0;16;0;0;1;A01
201500005328;0;7;0;0;2;1;1;A01
201500005328;0;7;0;0;2;7;19;B02
201500005329;0;7;0;0;2;1;1;B02
201500005329;0;7;0;0;2;1;13;A01
201500005330;0;7;0;1;1;1;14;A01
201500005331;0;7;0;0;2;1;1;B02
201500005331;0;7;0;0;2;1;1;A01
201500005332;0;7;0;16;0;9;13;A01
201500005333;0;33;0;0;2;1;1;A01
201500005333;0;7;0;0;2;6;1;B02
201500005333;0;7;0;0;2;1;1;C03
201500005334;0;7;0;2;0;5;1;A01
201500005335;0;7;0;0;9;3;13;A01
201500005335;0;1;0;0;2;1;0;B02
201500005336;0;33;0;0;2;1;2;A01
201500005336;0;14;0;0;2;4;2;B02
201500005337;0;7;0;13;0;3;1;A01
201500005338;0;33;0;0;0;9;1;A01
201500005339;0;7;0;0;2;1;2;A01
201500005339;0;7;0;0;2;4;2;B02
201500005340;0;7;0;8;0;1;0;A01
201500005341;0;15;0;0;2;2;0;A01
201500005341;0;1;0;0;0;4;0;B02
201500005342;0;7;0;0;0;4;1;B02
201500005342;0;31;0;0;2;1;2;A01
201500005343;0;33;0;0;0;8;1;A01
201500005344;0;7;0;13;0;3;17;A01
201500005345;0;14;0;0;9;0;1;A01
201500005345;0;1;0;0;0;0;1;B02
201500005346;0;1;0;0;2;8;15;B02
201500005346;0;7;0;0;2;7;17;A01
201500005347;0;2;0;0;2;0;21;A01
201500005348;0;7;0;0;2;3;13;A01
201500005348;0;14;0;0;2;6;1;B02
201500005349;0;7;0;0;2;3;6;B02
201500005349;0;33;0;0;2;2;1;A01
201500005350;0;33;0;11;0;1;17;A01
201500005351;0;7;0;0;2;1;1;A01
201500005351;0;7;0;0;0;4;1;B02
201500005352;0;7;0;0;2;2;1;B02
201500005352;0;7;0;0;2;8;19;A01
201500005353;0;7;0;0;2;6;10;B02
201500005353;0;30;0;0;2;1;1;A01
201500005354;0;7;0;15;0;2;1;A01
201500005355;0;33;0;16;0;7;1;A01
201500005356;0;7;0;16;0;9;2;A01
201500005357;0;7;0;0;2;1;2;A01
201500005357;0;7;0;0;0;4;23;B02
201500005358;0;10;0;0;2;1;1;B02
201500005358;0;7;0;0;2;7;19;A01
201500005359;0;7;0;0;2;3;1;B02
201500005359;0;33;0;0;2;1;17;A01
201500005360;0;7;0;13;0;1;1;A01
201500005361;0;3;0;0;2;8;19;A01
201500005361;0;7;0;0;2;1;1;B02
201500005362;0;7;0;0;2;6;1;A01
201500005362;0;2;0;0;2;1;1;B02
201500005363;0;7;0;0;2;4;1;A01
201500005363;0;7;0;0;2;2;1;B02
201500005364;0;1;0;0;2;4;1;B02
201500005364;0;7;0;0;2;2;1;A01
201500005365;0;7;0;12;0;1;1;A01
201500005366;0;7;0;0;2;2;15;A01
201500005366;0;7;0;0;2;1;1;B02
201500005367;0;7;0;0;2;7;1;A01
201500005367;0;10;0;0;2;1;1;B02
201500005368;0;7;0;0;2;2;1;B02
201500005368;0;10;0;0;2;3;19;A01
201500005369;0;7;0;0;0;9;1;A01
201500005370;0;33;0;0;0;8;1;A01
201500005371;0;10;0;2;0;3;13;A01
201500005372;0;7;0;2;0;7;1;A01
201500005373;0;7;0;2;0;2;13;A01
201500005374;0;7;0;2;0;7;1;A01
201500005375;0;7;0;0;2;1;13;A01
201500005375;0;7;0;0;2;1;1;B02
201500005376;0;1;0;0;2;1;1;B02
201500005376;0;7;0;0;2;3;15;A01
201500005377;0;7;0;0;2;2;15;B02
201500005377;0;30;0;0;2;1;1;A01
201500005378;0;30;0;0;2;7;16;B02
201500005378;0;7;0;0;2;3;1;A01
201500005379;0;7;0;0;2;3;19;A01
201500005379;0;31;0;0;2;1;1;B02
201500005380;0;33;0;0;2;1;1;B02
201500005380;0;7;0;0;2;2;15;A01
201500005381;0;7;0;0;1;3;1;A01
201500005382;0;7;0;13;0;1;1;A01
201500005383;0;7;0;0;2;8;17;A01
201500005383;0;2;0;0;2;8;0;B02
201500005384;0;7;0;6;0;7;1;A01
201500005385;0;33;0;0;2;3;5;A01
201500005385;0;7;0;0;2;3;1;B02
201500005386;0;7;0;2;0;8;1;A01
201500005387;0;7;0;13;2;3;17;A01
201500005387;0;7;0;13;2;3;1;B02
201500005387;0;15;0;0;2;8;2;C03
201500005388;0;7;0;0;2;1;1;B02
201500005388;0;7;0;0;2;4;23;A01
201500005389;0;1;0;0;0;2;1;A01
201500005390;0;2;0;0;2;1;13;A01
201500005390;0;7;0;0;2;3;1;B02
201500005391;0;10;0;0;2;1;1;A01
201500005391;0;7;0;0;2;1;1;B02
201500005392;0;3;0;0;0;9;1;A01
201500005393;0;7;0;13;0;1;1;A01
201500005394;0;31;0;0;0;7;1;A01
201500005395;0;33;0;0;2;1;1;B02
201500005395;0;7;0;0;2;3;13;A01
201500005395;0;33;0;0;0;8;21;C03
201500005396;0;33;0;0;2;8;1;A01
201500005396;0;7;0;0;2;7;15;B02
201500005397;0;7;0;0;2;3;1;B02
201500005397;0;7;0;0;2;3;13;A01
201500005398;0;7;0;1;0;1;2;A01
201500005398;0;15;0;0;2;4;24;B02
201500005399;0;7;0;0;2;5;15;A01
201500005399;0;33;0;0;2;1;1;B02
201500005400;0;38;17;6;0;2;0;A01
201500005401;0;30;0;0;0;2;1;A01
201500005402;0;1;0;0;0;8;1;A01
201500005403;0;1;0;0;2;1;13;A01
201500005403;0;7;0;0;2;3;1;B02
201500005404;0;7;0;0;0;6;15;A01
201500005404;0;33;0;0;2;1;17;B02
201500005405;0;2;0;0;2;1;13;A01
201500005405;0;7;0;0;2;3;13;B02
201500005406;0;7;0;0;2;6;17;B02
201500005406;0;33;0;0;2;1;17;A01
201500005407;0;7;0;2;0;9;14;A01
201500005408;0;10;0;0;1;4;4;A01
201500005409;0;7;0;0;1;2;1;A01
201500005410;0;7;0;0;2;3;1;A01
201500005410;0;7;0;5;2;3;1;B02
201500005411;0;7;0;0;0;0;1;A01
201500005412;0;30;0;0;5;1;0;A01