num_acc;senc;catv;occutc;obs;obsm;choc;manv;num_veh
201500005413;0;15;0;0;2;3;5;B02
201500005413;0;7;0;0;2;3;13;A01
201500005414;0;7;0;0;2;3;15;A01
201500005414;0;33;0;0;2;1;1;B02
201500005415;0;33;0;0;2;7;9;B02
201500005415;0;7;0;0;2;8;9;A01
201500005416;0;7;0;0;2;1;1;B02
201500005416;0;31;0;0;2;1;13;A01
201500005417;0;7;0;0;5;7;1;A01
201500005417;0;99;0;0;2;8;19;B02
201500005418;1;14;0;0;1;0;0;A01
201500005419;0;7;0;8;0;9;13;A01
201500005420;0;33;0;13;0;9;1;A01
201500005421;0;7;0;0;2;8;1;A01
201500005421;0;7;0;0;0;1;19;B02
201500005422;0;1;0;0;0;0;1;A01
201500005423;0;33;0;12;0;1;1;A01
201500005424;0;7;0;0;2;3;21;B02
201500005424;0;7;0;0;2;8;13;A01
201500005425;0;7;0;0;2;2;15;A01
201500005425;0;1;0;0;2;1;1;B02
201500005426;0;7;0;0;0;0;13;A01
201500005427;0;10;0;0;2;1;13;A01
201500005427;0;7;0;0;2;7;1;C03
201500005427;0;10;0;0;2;1;1;B02
201500005428;0;7;0;13;0;2;1;A01
201500005429;0;7;0;6;0;9;1;A01
201500005430;0;1;0;0;2;8;1;B02
201500005430;0;10;0;0;2;2;1;A01
201500005431;0;33;0;0;2;8;1;A01
201500005431;0;7;0;0;2;8;13;B02
201500005432;0;7;0;0;2;1;6;A01
201500005432;0;7;0;0;2;1;1;B02
201500005432;0;7;0;0;9;1;1;C03
201500005433;0;10;0;13;0;1;0;A01
201500005434;0;33;0;0;0;3;1;A01
201500005435;0;7;0;2;0;1;19;A01
201500005436;0;7;0;0;2;2;1;B02
201500005436;0;30;0;0;2;1;15;A01
201500005437;0;33;0;13;2;1;21;A01
201500005437;0;21;0;0;2;6;19;B02
201500005438;0;7;0;0;2;1;17;A01
201500005438;0;99;0;0;2;1;1;B02
201500005439;0;31;0;6;0;2;1;A01
201500005440;0;7;0;13;0;9;1;A01
201500005441;0;10;0;0;2;1;13;A01
201500005441;0;10;0;0;2;1;1;B02
201500005442;0;10;0;0;2;4;1;B02
201500005442;0;10;0;0;2;1;1;A01
201500005442;0;10;0;0;1;1;1;C03
201500005443;0;33;0;6;0;1;1;A01
201500005444;0;7;0;0;0;8;1;B02
201500005444;0;10;0;0;0;3;1;A01
201500005445;0;7;0;6;0;2;14;A01
201500005446;0;7;0;0;2;1;1;B02
201500005446;0;7;0;0;2;2;1;A01
201500005447;0;7;0;0;2;2;1;B02
201500005447;0;7;0;0;2;3;17;A01
201500005448;0;7;0;8;0;1;1;A01
201500005449;0;33;0;2;0;1;17;A01
201500005450;0;7;0;0;0;3;13;A01
201500005450;0;7;0;0;2;6;1;B02
201500005451;0;7;0;0;2;1;19;B02
201500005451;0;33;0;0;2;1;1;A01
201500005452;0;2;0;2;0;1;1;A01
201500005453;0;7;0;0;2;9;1;B02
201500005453;0;7;0;0;2;0;1;C03
201500005453;0;10;0;0;2;9;1;A01
201500005454;0;7;0;0;0;9;1;A01
201500005455;0;33;0;0;2;1;2;B02
201500005455;0;7;0;0;2;6;2;A01
201500005456;0;7;0;0;2;2;1;A01
201500005456;0;7;0;0;2;3;1;B02
201500005457;0;7;0;0;0;3;1;A01
201500005458;0;14;0;0;1;4;20;A01
201500005459;0;7;0;0;0;9;1;A01
201500005460;0;7;0;0;2;3;13;A01
201500005460;0;7;0;0;2;3;1;B02
201500005461;0;10;0;0;2;8;12;A01
201500005461;0;33;0;0;2;1;1;B02
201500005462;0;14;0;1;0;1;14;A01
201500005462;0;15;0;1;0;4;23;C03
201500005463;0;7;0;13;0;1;1;A01
201500005464;0;7;0;0;2;3;1;A01
201500005464;0;7;0;0;2;8;1;B02
201500005464;0;7;0;0;2;1;1;C03
201500005465;0;7;0;0;9;7;1;A01
201500005465;0;1;0;0;2;1;15;B02
201500005466;0;7;0;0;2;1;2;A01
201500005466;0;21;0;0;0;4;2;B02
201500005467;0;14;0;1;1;2;1;A01
201500005468;0;7;0;0;2;1;15;B02
201500005468;0;2;0;0;2;7;15;A01
201500005469;0;30;0;0;2;1;6;A01
201500005469;0;7;0;0;0;3;1;B02
201500005470;0;7;0;13;0;3;2;A01
201500005471;0;7;0;0;2;3;1;A01
201500005471;0;7;0;0;2;3;0;B02
201500005472;0;21;0;13;0;3;21;A01
201500005473;0;33;0;0;6;1;1;A01
201500005474;0;7;0;0;2;1;1;A01
201500005474;0;7;0;0;2;4;23;B02
201500005475;0;7;0;13;0;3;1;A01
201500005476;0;7;0;0;2;7;13;A01
201500005476;0;7;0;0;2;1;1;B02
201500005477;0;7;0;0;2;8;1;A01
201500005477;0;7;0;0;2;3;1;B02
201500005478;0;10;0;13;0;1;14;A01
201500005479;0;7;0;0;2;8;13;A01
201500005479;0;15;0;0;2;8;1;B02
201500005480;0;7;0;0;0;9;17;A01
201500005481;0;7;0;13;0;1;1;A01
201500005482;0;7;0;0;2;1;1;A01
201500005482;0;7;0;0;2;1;21;B02
201500005483;0;7;0;13;0;3;13;A01
201500005484;0;7;0;0;2;3;13;A01
201500005484;0;7;0;0;2;1;1;B02
201500005484;0;10;0;0;2;3;1;C03
201500005484;0;7;0;0;2;1;1;D04
201500005485;0;7;0;0;2;3;13;A01
201500005485;0;7;0;0;2;3;1;B02
201500005486;0;33;0;13;2;9;17;A01
201500005486;0;15;0;0;0;6;1;B02
201500005486;0;7;0;0;0;3;1;C03
201500005487;0;7;0;13;0;2;1;A01
201500005488;0;14;0;0;2;2;13;A01
201500005488;0;7;0;0;2;3;1;B02
201500005488;0;7;0;0;2;8;0;C03
201500005489;0;7;0;0;2;3;13;A01
201500005489;0;7;0;0;2;3;1;B02
201500005490;0;7;0;3;0;9;14;A01
201500005491;0;14;0;0;2;2;15;A01
201500005491;0;33;0;0;2;1;2;B02
201500005492;0;7;0;8;0;1;13;A01
201500005493;0;33;0;2;0;1;1;A01
201500005493;0;7;0;0;0;0;9;B02
201500005494;0;2;0;0;2;1;1;A01
201500005494;0;7;0;0;2;2;19;B02
201500005495;0;7;0;13;0;9;13;A01
201500005496;0;7;0;3;0;1;0;A01
201500005497;0;7;0;6;0;1;1;A01
201500005498;0;7;0;2;0;1;14;A01
201500005499;0;7;0;2;0;1;1;A01
201500005500;0;33;0;13;0;1;1;A01
201500005501;0;10;0;0;2;3;13;A01
201500005501;0;17;0;0;2;3;1;B02
201500005502;0;1;0;0;2;1;19;A01
201500005502;0;31;0;0;2;1;1;B02
201500005503;0;7;0;0;1;4;4;A01
201500005504;0;7;0;2;0;8;1;A01
201500005505;0;14;0;7;0;7;13;A01
201500005506;0;30;0;0;0;0;1;A01
201500005507;0;36;0;2;0;2;1;A01
201500005508;0;7;0;0;2;1;0;B02
201500005508;0;7;0;0;0;8;1;A01
201500005509;0;17;0;2;0;1;1;A01
201500005510;0;31;0;13;0;8;1;A01
201500005511;0;2;0;0;2;1;1;A01
201500005511;0;7;0;0;2;3;1;B02
201500005512;0;7;0;13;0;2;1;A01
201500005513;0;7;0;0;2;8;9;A01
201500005513;0;30;0;0;2;1;1;B02
201500005514;0;7;0;0;1;2;1;A01
201500005515;0;7;0;0;2;3;15;A01
201500005515;0;2;0;0;2;1;1;B02
201500005516;0;33;0;4;0;3;0;A01
201500005517;0;7;0;0;2;3;13;A01
201500005517;0;15;0;0;0;8;1;B02
201500005518;0;15;0;0;1;2;1;A01
201500005519;0;7;0;0;1;7;1;A01
201500005520;0;30;0;0;2;1;0;A01
201500005520;0;7;0;0;2;1;0;B02
201500005521;0;7;0;13;0;7;0;A01
201500005522;0;33;0;0;0;8;1;A01
201500005523;0;7;0;0;2;3;1;A01
201500005523;0;7;0;0;2;3;1;B02
201500005524;0;33;0;0;2;1;5;A01
201500005524;0;14;0;0;2;1;1;B02
201500005525;0;1;0;0;2;4;2;B02
201500005525;0;7;0;0;2;2;2;A01
201500005526;0;7;0;0;2;3;9;A01
201500005526;0;7;0;0;2;2;1;B02
201500005527;0;7;0;0;1;2;1;A01
201500005528;0;7;0;0;2;2;15;A01
201500005528;0;7;0;0;2;3;0;B02
201500005529;0;2;0;0;0;9;1;A01
201500005530;0;7;0;3;0;1;1;A01
201500005531;0;33;0;0;0;1;1;A01
201500005532;0;1;0;0;0;1;1;A01
201500005533;0;10;0;0;2;3;5;A01
201500005533;0;7;0;0;2;3;1;B02
201500005534;0;33;0;0;0;9;15;A01
201500005535;0;7;0;0;2;0;15;A01
201500005535;0;33;0;0;2;1;1;B02
201500005536;0;7;0;0;2;3;15;A01
201500005536;0;31;0;0;2;1;1;B02
201500005537;0;7;0;0;2;1;13;A01
201500005537;0;7;0;0;2;1;1;B02
201500005538;0;7;0;6;0;7;2;A01
201500005539;0;7;0;0;1;3;1;A01
201500005540;0;7;0;0;2;1;1;B02
201500005540;0;7;0;0;2;7;19;A01
201500005541;0;7;0;0;2;1;1;A01
201500005541;0;7;0;0;2;4;15;B02
201500005541;0;7;0;0;2;1;1;C03
201500005542;0;21;0;6;0;3;13;A01
201500005543;0;7;0;0;2;1;13;A01
201500005543;0;10;0;0;2;1;1;B02
201500005544;0;7;0;6;0;2;1;A01
201500005545;0;7;0;0;0;3;1;A01
201500005545;0;2;0;0;0;3;1;B02
201500005546;0;7;0;0;2;1;1;A01
201500005546;0;31;0;0;2;1;1;B02
201500005547;0;7;0;0;2;3;15;B02
201500005547;0;7;0;0;2;3;1;A01
201500005548;0;7;0;16;0;0;1;A01
201500005549;0;1;0;0;2;1;1;B02
201500005549;0;7;0;0;9;5;15;A01
201500005550;0;33;0;0;2;1;2;B02
201500005550;0;33;0;0;2;6;2;A01
201500005551;0;7;0;2;0;1;13;A01
201500005552;0;10;0;0;2;1;13;A01
201500005552;0;7;0;0;2;1;1;B02
201500005552;0;7;0;0;2;1;1;C03
201500005553;0;7;0;3;2;3;19;A01
201500005553;0;7;0;3;2;8;1;B02
201500005554;0;7;0;0;2;3;1;B02
201500005554;0;7;0;0;2;1;13;A01
201500005555;0;7;0;13;0;1;1;A01
201500005556;0;7;0;0;1;3;4;A01
201500005557;0;33;0;0;2;1;13;A01
201500005557;0;7;0;0;2;2;1;B02
201500005558;0;33;0;0;0;8;1;A01
201500005559;0;1;0;0;2;3;13;B02
201500005559;0;7;0;0;2;3;1;A01
201500005560;0;33;0;0;0;8;1;A01
201500005561;0;7;0;0;2;3;0;B02
201500005561;0;33;0;0;2;3;1;A01
201500005562;0;7;0;13;0;9;13;A01
201500005563;0;33;0;0;0;0;15;A01
201500005564;0;21;0;0;2;6;0;A01
201500005564;0;30;0;1;0;1;1;B02
201500005565;0;33;0;8;0;0;0;A01
201500005566;0;7;0;0;2;1;0;B02
201500005566;0;7;0;0;2;1;1;A01
201500005567;0;7;0;6;0;1;1;A01
201500005568;0;7;0;2;0;1;1;A01
201500005569;0;7;0;0;1;1;1;A01
201500005570;0;7;0;0;2;1;1;A01
201500005570;0;7;0;0;2;7;15;B02
201500005571;0;7;0;0;2;1;19;A01
201500005571;0;7;0;0;2;5;13;B02
201500005572;0;7;0;0;2;1;13;A01
201500005572;0;10;0;13;2;3;21;B02
201500005573;0;7;0;0;9;2;2;A01
201500005573;0;1;0;0;2;4;2;B02
201500005574;0;2;0;12;0;2;1;A01
201500005575;0;7;0;0;1;3;1;A01
201500005576;0;10;0;0;2;6;15;B02
201500005576;0;17;0;0;2;2;17;A01
201500005577;0;20;0;13;0;9;13;A01
201500005578;0;10;0;0;2;8;15;B02
201500005578;0;33;0;0;2;1;17;A01
201500005579;0;33;0;6;0;8;1;A01
201500005580;0;7;0;0;2;1;11;A01
201500005580;0;7;0;0;2;1;1;B02
201500005581;0;7;0;16;6;9;21;A01
201500005582;0;7;0;0;2;3;1;A01
201500005582;0;7;0;0;2;0;0;B02
201500005583;0;99;0;0;2;2;13;A01
201500005583;0;7;0;0;2;1;1;B02
201500005584;0;33;0;0;2;1;17;A01
201500005584;0;7;0;0;2;6;17;B02
201500005585;0;7;0;0;1;1;1;A01
201500005586;0;14;0;0;1;7;1;A01
201500005587;0;7;0;6;0;1;1;A01
201500005588;0;36;0;16;0;1;1;A01
201500005589;0;7;0;0;2;2;1;B02
201500005589;0;31;0;6;2;7;1;A01
201500005590;0;14;0;13;0;3;1;A01
201500005591;0;1;0;0;2;1;1;B02
201500005591;0;7;0;0;2;1;15;A01
201500005592;0;7;0;16;0;9;17;A01
201500005593;0;1;0;13;0;1;1;A01
201500005594;0;7;0;0;0;1;1;A01
201500005595;0;7;0;2;0;7;1;A01
201500005596;0;1;0;0;0;1;1;A01
201500005597;0;10;0;0;2;3;15;A01
201500005597;0;33;0;0;2;7;17;B02
201500005598;0;33;0;3;0;9;1;A01
201500005599;0;7;0;16;0;9;14;A01
201500005600;0;2;0;0;5;0;1;A01
201500005601;0;7;0;2;0;8;1;A01
201500005602;0;7;0;0;2;7;13;A01
201500005602;0;7;0;0;2;1;1;B02
201500005603;0;10;0;2;0;1;1;A01
201500005604;0;33;0;0;0;1;15;A01
201500005605;0;7;0;2;0;1;1;A01
201500005606;0;7;0;0;2;3;1;B02
201500005606;0;7;0;0;2;3;13;A01
201500005607;0;10;0;0;1;2;1;A01
201500005608;0;7;0;2;0;1;1;A01
201500005609;0;7;0;6;0;7;14;A01
201500005610;0;7;0;0;2;1;13;A01
201500005610;0;17;0;0;2;3;1;B02
201500005611;0;7;0;0;2;2;15;A01
201500005611;0;30;0;0;2;1;1;B02
201500005612;0;7;0;0;2;7;15;A01
201500005612;0;1;0;0;2;1;1;B02
201500005613;0;7;0;0;2;1;13;A01
201500005613;0;7;0;0;2;1;1;B02
201500005614;0;7;0;16;0;1;1;A01
201500005615;0;7;0;0;2;8;15;A01
201500005615;0;7;0;0;2;3;1;B02
201500005616;0;3;0;0;2;2;15;A01
201500005616;0;7;0;0;2;3;1;B02
201500005617;0;7;0;0;2;5;19;A01
201500005617;0;33;0;0;2;1;1;B02
201500005618;0;7;0;1;0;2;1;A01
201500005619;0;7;0;3;0;9;1;A01
201500005620;0;10;0;0;2;3;9;A01
201500005620;0;7;0;0;2;2;1;B02
201500005621;0;7;0;0;0;3;13;A01
201500005622;0;7;0;0;2;1;2;A01
201500005622;0;30;0;0;2;8;15;B02
201500005623;0;7;0;1;1;1;14;A01
201500005624;0;2;0;0;2;7;1;B02
201500005624;0;7;0;0;2;1;15;A01
201500005625;0;2;0;0;2;3;1;B01
201500005625;0;7;0;0;2;1;15;A02
201500005626;0;7;0;8;0;7;1;A01
201500005627;0;33;0;3;0;1;1;A01
201500005628;0;7;0;0;2;3;13;A01
201500005628;0;7;0;0;2;3;1;B02
201500005629;0;7;0;0;2;1;1;B01
201500005629;0;7;0;0;2;7;19;A01
201500005630;0;33;0;0;2;1;17;A01
201500005630;0;7;0;0;2;8;15;B02
201500005631;0;34;0;4;0;7;1;A01
201500005632;0;31;0;0;2;3;1;B01
201500005632;0;21;0;0;2;3;19;A02
201500005633;0;7;0;0;1;1;1;A01
201500005634;0;7;0;0;2;1;1;B02
201500005634;0;7;0;6;2;7;13;A01
201500005635;0;7;0;0;2;3;13;A01
201500005635;0;7;0;0;2;8;1;B03
201500005635;0;7;0;0;2;1;2;C02
201500005636;0;36;0;0;2;8;13;A01
201500005636;0;10;0;0;2;8;1;B02
201500005637;0;33;0;0;2;4;13;A01
201500005637;0;7;0;0;2;1;1;B02
201500005638;0;7;0;0;2;1;15;A01
201500005638;0;7;0;0;2;1;1;B02
201500005639;0;7;0;16;0;1;1;A01
201500005640;0;10;0;0;2;7;13;A01
201500005640;0;7;0;0;2;1;1;B02
201500005641;0;36;0;12;0;1;1;A01
201500005642;0;7;0;0;2;1;1;B02
201500005642;0;7;0;0;2;3;19;A01
201500005643;0;7;0;13;0;1;17;A01
201500005644;0;7;0;0;2;3;15;A01
201500005644;0;33;0;0;2;1;1;B02
201500005645;0;15;0;0;2;1;1;B02
201500005645;0;3;0;0;2;1;13;A01
201500005646;0;7;0;16;0;1;1;A01
201500005647;0;7;0;0;1;1;16;A01
201500005648;0;7;0;0;2;1;15;A01
201500005648;0;33;0;0;2;1;1;B01
201500005649;0;7;0;0;1;1;15;A01
201500005650;0;7;0;0;9;8;10;A01
201500005650;0;2;0;0;2;1;2;B01
201500005651;0;7;0;0;2;3;2;A01
201500005651;0;7;0;0;2;8;1;C01
201500005651;0;1;0;0;0;1;19;B01
201500005652;0;10;0;0;1;1;15;A01
201500005653;0;7;0;0;2;1;1;A01
201500005653;0;7;0;0;2;2;1;B01
201500005654;0;7;0;0;2;2;15;A01
201500005654;0;33;0;0;2;1;1;B01
201500005655;0;7;0;0;5;1;1;A01
201500005655;0;7;0;0;5;1;1;B01
201500005656;0;7;0;0;1;0;1;A01
201500005657;0;31;0;0;2;0;17;A01
201500005657;0;17;0;0;2;1;15;B01
201500005658;0;30;0;0;2;1;2;A01
201500005658;0;10;0;0;0;4;23;B01
201500005659;0;7;0;0;1;1;1;A01
201500005660;1;7;0;0;1;1;1;A01
201500005661;0;7;0;0;1;1;16;A01
201500005662;0;7;0;0;2;1;1;A01
201500005662;0;7;0;0;2;1;1;B01
201500005663;0;7;0;12;0;3;14;A01
201500005664;0;7;0;6;2;1;13;A01
201500005664;0;7;0;0;2;3;15;B01
201500005665;0;7;0;0;1;1;1;A01
201500005666;0;7;0;0;9;3;15;B01
201500005666;0;34;0;0;2;2;17;A01
201500005667;0;7;0;0;9;3;1;B01
201500005667;0;31;0;0;2;1;2;A01
201500005668;0;7;0;0;1;2;23;A01
201500005669;0;7;0;0;2;1;2;A01
201500005669;0;7;0;0;2;4;2;B01
201500005669;0;7;0;0;2;1;5;C01
201500005670;0;7;0;0;2;3;1;A01
201500005670;0;1;0;0;2;1;19;B01
201500005671;0;7;0;6;0;1;13;A01
201500005672;0;7;0;0;1;3;2;A01
201500005673;0;2;0;0;2;1;13;B01
201500005673;0;7;0;0;2;3;2;A01
201500005674;2;7;0;15;0;2;0;A01
201500005675;0;7;0;0;0;0;0;A01
201500005675;0;33;0;0;2;1;1;B01
201500005675;0;10;0;0;2;1;1;C01
201500005676;1;7;0;0;1;0;0;A01
201500005677;0;7;0;0;9;1;0;A01
201500005677;0;2;0;0;2;2;15;B01
201500005678;0;7;0;0;2;8;0;A01
201500005678;0;33;0;0;2;1;1;B01
201500005679;0;7;0;0;1;3;16;A01
201500005680;0;7;0;0;1;3;1;A01
201500005681;0;7;0;13;0;2;1;A01
201500005682;0;7;0;0;2;4;2;A01
201500005682;0;7;0;0;2;1;1;C03
201500005682;0;7;0;0;2;1;2;B02
201500005682;0;7;0;0;2;1;2;D04
201500005683;0;7;0;0;2;8;1;A01
201500005684;0;2;0;0;0;0;1;A01
201500005685;0;33;0;0;0;7;1;B02
201500005685;0;10;0;0;0;3;9;A01
201500005686;0;33;0;0;2;1;1;A01
201500005686;0;7;0;0;2;1;1;B02
201500005687;0;1;0;0;2;8;1;B02
201500005687;0;7;0;9;0;7;14;A01
201500005688;0;33;0;0;2;1;1;B02
201500005688;0;7;0;0;2;3;9;A01
201500005689;0;99;0;0;0;4;23;B02
201500005689;0;7;0;1;0;1;14;A01
201500005690;0;7;0;0;2;8;15;A01
201500005690;0;33;0;0;2;7;17;B02
201500005691;0;33;0;0;0;1;1;A01
201500005692;0;30;0;0;2;1;17;B02
201500005692;0;7;0;0;2;3;10;A01
201500005693;0;7;0;0;2;1;17;A01
201500005693;0;33;0;0;2;4;15;B02
201500005694;0;10;0;2;0;3;13;A01
201500005695;2;7;0;0;9;5;17;A01
201500005695;0;1;0;0;0;1;1;B02
201500005696;0;7;0;0;2;1;1;B02
201500005696;0;7;0;0;2;6;19;A01
201500005697;0;7;0;0;0;9;1;A01
201500005698;0;7;0;0;1;3;1;A01
201500005699;0;7;0;0;0;5;2;B02
201500005699;0;15;0;0;2;3;2;A01
201500005700;0;7;0;0;2;1;2;A01
201500005700;0;7;0;0;0;4;23;B02
201500005701;0;7;0;0;2;2;19;A01
201500005701;0;7;0;0;2;3;1;B02
201500005702;0;33;0;0;0;1;15;A01
201500005702;0;7;0;0;0;3;15;B02
201500005703;0;7;0;0;2;3;1;B02
201500005703;0;7;0;0;2;3;5;A01
201500005704;0;7;0;0;9;4;1;A01
201500005704;0;33;0;0;2;1;1;B02
201500005705;0;7;0;0;1;3;1;A01
201500005706;0;2;0;0;2;1;1;B02
201500005706;0;7;0;0;2;8;10;A01
201500005707;0;7;0;0;2;1;1;A01
201500005707;0;7;0;0;2;8;15;B02
201500005708;0;7;0;2;0;1;0;A01
201500005709;0;7;0;0;2;1;15;A01
201500005709;0;33;0;0;2;3;1;B02
201500005710;0;7;0;0;1;2;1;A01
201500005711;0;7;0;1;0;5;0;A01
201500005711;0;33;0;1;2;1;1;C03
201500005711;0;7;0;0;2;5;4;B02
201500005712;0;7;0;6;0;1;1;A01
201500005713;0;1;0;0;2;3;0;B02
201500005713;0;7;0;0;9;2;19;A01
201500005714;0;30;0;0;2;1;2;B02
201500005714;0;7;0;0;2;7;2;A01
201500005715;0;7;0;0;2;1;1;C03
201500005715;0;7;0;0;2;8;21;B02
201500005715;0;7;0;0;2;8;1;D04
201500005715;0;7;0;0;2;1;13;A01
201500005716;0;17;0;0;2;1;1;B02
201500005716;0;7;0;0;2;1;11;A01
201500005717;0;7;0;0;2;1;13;A01
201500005717;0;7;0;0;2;1;1;B02
201500005718;0;7;0;0;2;3;1;A01
201500005718;0;7;0;0;2;3;13;B02
201500005719;0;7;0;0;2;1;1;A01
201500005719;0;7;0;0;2;3;1;B02
201500005720;0;7;0;0;2;1;1;A01
201500005720;0;7;0;0;2;2;10;B02
201500005721;0;7;0;0;0;4;1;B02
201500005721;0;33;0;0;2;1;1;A01
201500005722;0;31;0;0;2;1;13;A01
201500005722;0;7;0;0;2;3;1;B02
201500005723;0;10;0;0;2;1;1;A01
201500005723;0;7;0;0;2;8;19;B02
201500005724;0;7;0;0;2;3;1;B02
201500005724;0;7;0;0;2;3;17;A01
201500005724;0;15;0;0;0;0;1;C03
201500005725;0;7;0;13;0;1;1;A01
201500005726;0;31;0;0;6;1;1;A01
201500005727;0;10;0;0;2;1;1;B02
201500005727;0;7;0;0;2;7;1;A01
201500005728;0;14;0;0;2;3;21;B02
201500005728;0;7;0;0;2;3;13;A01
201500005729;0;14;0;0;2;2;1;B02
201500005729;0;3;0;0;2;1;13;A01
201500005730;0;1;0;0;2;6;2;B02
201500005730;0;10;0;0;2;2;2;A01
201500005731;0;7;0;0;1;3;1;A01
201500005732;0;17;0;0;0;8;1;A01
201500005733;0;33;0;12;0;1;1;A01
201500005734;0;7;0;2;0;3;1;A01
201500005735;0;33;0;2;0;0;1;A01
201500005736;0;7;0;0;1;2;1;A01
201500005737;0;10;0;0;2;1;0;B02
201500005737;0;7;0;0;2;3;0;A01
201500005738;0;33;0;0;2;1;1;A01
201500005738;0;7;0;0;2;2;10;B02
201500005739;0;7;0;0;2;1;13;A01
201500005739;0;7;0;0;2;1;1;B02
201500005740;0;7;0;0;1;5;0;A01
201500005741;0;7;0;0;2;7;20;A01
201500005741;0;2;0;0;2;2;1;B02
201500005742;0;7;0;0;2;7;13;A01
201500005742;0;7;0;0;2;1;1;B02
201500005743;0;14;0;0;2;3;1;B02
201500005743;0;7;0;0;2;3;13;A01
201500005744;0;33;0;0;6;8;1;A01
201500005745;0;10;0;0;0;1;11;A01
201500005746;0;17;0;0;0;7;14;A01
201500005747;0;1;0;0;2;4;2;B02
201500005747;1;7;0;0;9;2;2;A01
201500005748;0;33;0;16;0;0;1;A01
201500005749;0;7;0;13;0;1;1;A01
201500005750;0;7;0;13;0;1;1;A01
201500005751;0;7;0;0;2;1;1;B02
201500005751;0;7;0;0;2;2;17;A01
201500005752;0;31;0;6;0;1;13;A01
201500005753;0;15;0;0;0;0;2;A01
201500005753;0;20;0;1;0;0;23;B02
201500005754;0;7;0;13;0;2;1;A01
201500005755;0;7;0;0;0;5;23;D04
201500005755;0;7;0;0;2;1;18;A01
201500005755;0;7;0;0;0;5;23;B02
201500005755;0;7;0;0;0;7;23;C03
201500005756;0;13;0;0;1;3;1;A01
201500005757;0;7;0;13;0;1;1;A01
201500005758;0;7;0;0;2;1;1;B02
201500005758;0;7;0;0;2;2;13;A01
201500005759;0;7;0;0;2;1;15;A01
201500005759;0;7;0;0;2;1;1;B02
201500005760;0;7;0;0;1;2;0;A01
201500005761;0;7;0;0;1;2;1;A01
201500005762;0;7;0;13;0;1;1;A01
201500005763;0;7;0;13;0;3;1;A01
201500005764;0;10;0;0;2;5;15;B02
201500005764;0;7;0;0;2;3;1;A01
201500005765;0;33;0;8;0;7;1;A01
201500005766;0;7;0;0;2;1;1;B02
201500005766;0;7;0;0;2;1;11;A01
201500005767;0;33;0;0;2;1;1;B02
201500005767;0;7;0;0;2;3;9;A01
201500005768;0;7;0;0;1;2;1;A01
201500005769;0;33;0;0;2;7;1;A01
201500005769;0;14;0;0;0;0;20;B02
201500005770;0;7;0;0;0;2;1;A01
201500005771;0;37;0;0;2;3;1;B02
201500005771;0;7;0;0;2;3;13;A01
201500005772;0;7;0;0;2;2;14;B02
201500005772;0;33;0;0;2;3;18;A01
201500005773;0;7;0;0;1;2;2;A01
201500005774;0;7;0;0;0;0;1;A01
201500005775;0;7;0;0;2;0;0;B02
201500005775;0;7;0;0;2;0;0;A01
201500005776;0;7;0;6;0;3;13;A01
201500005777;0;7;0;0;0;9;1;A01
201500005778;0;7;0;12;0;1;1;A01
201500005779;0;7;0;0;1;2;1;A01
201500005780;0;7;0;0;2;1;1;B02
201500005780;0;7;0;0;0;3;13;A01
201500005781;0;7;0;0;0;3;1;B02
201500005781;0;31;0;0;2;2;17;A01
201500005781;0;10;0;0;0;6;1;C03
201500005782;0;14;0;0;0;1;2;B02
201500005782;0;7;0;0;0;4;2;A01
201500005783;0;7;0;0;2;3;1;A01
201500005783;0;7;0;0;2;3;19;B02
201500005784;0;33;0;0;0;8;1;A01
201500005784;0;33;0;0;0;7;15;B02
201500005785;0;33;0;0;2;1;1;B02
201500005785;0;10;0;0;2;3;19;A01
201500005786;0;7;0;2;0;2;14;A01
201500005787;0;7;0;0;0;3;23;A01
201500005787;0;13;0;0;0;2;6;B02
201500005788;0;7;0;0;2;1;1;A01
201500005788;0;14;0;0;2;8;1;B02
201500005789;0;7;0;3;0;2;1;A01
201500005790;0;7;0;0;2;1;1;B02
201500005790;0;7;0;0;2;1;1;A01
201500005791;0;7;0;13;0;3;19;A01
201500005792;0;33;0;0;2;1;1;B02
201500005792;0;17;0;0;2;3;1;A01
201500005793;0;7;0;2;0;3;21;B02
201500005793;0;7;0;2;0;9;21;A01
201500005794;0;33;0;5;0;1;1;A01
201500005795;0;33;0;0;0;8;1;A01
201500005796;0;10;0;0;0;4;2;B02
201500005796;0;2;0;0;2;1;2;A01
201500005797;0;7;0;0;0;4;2;A01
201500005797;0;1;0;1;0;1;2;B02
201500005798;0;33;0;0;0;8;1;A01
201500005799;0;7;0;0;2;1;5;A01
201500005799;0;7;0;0;2;2;21;B02
201500005800;0;7;0;0;1;3;1;A01
201500005801;0;7;0;0;2;3;9;B02
201500005801;0;33;0;0;2;1;1;A01
201500005802;0;7;0;6;0;2;1;A01
201500005803;0;7;0;0;1;3;1;A01
201500005804;0;7;0;0;1;1;1;A01
201500005805;0;7;0;0;0;9;1;A01
201500005806;0;7;0;0;0;9;1;A01
201500005807;0;31;0;0;0;8;15;A01
201500005808;0;10;0;0;2;3;13;A01
201500005808;0;10;0;0;2;3;1;B02