num_acc;senc;catv;occutc;obs;obsm;choc;manv;num_veh
201500005809;0;10;0;0;2;8;1;B02
201500005809;0;7;0;0;2;3;13;A01
201500005810;0;36;0;13;0;0;1;A01
201500005811;0;1;0;0;2;0;19;A01
201500005811;0;1;0;0;2;1;1;B02
201500005812;0;1;0;0;2;8;1;B02
201500005812;0;7;0;0;2;7;2;A01
201500005813;0;7;0;13;0;2;1;A01
201500005814;0;33;0;13;0;1;1;A01
201500005815;0;10;0;2;0;1;13;A01
201500005816;0;7;0;2;0;1;1;A01
201500005817;0;7;0;13;0;9;1;A01
201500005818;0;7;0;0;1;1;1;A01
201500005819;0;7;0;0;2;8;20;B02
201500005819;0;33;0;9;2;9;1;A01
201500005820;0;30;0;0;2;1;0;B02
201500005820;0;7;0;0;2;8;20;A01
201500005821;0;7;0;13;0;1;1;A01
201500005822;0;33;0;6;0;6;2;A01
201500005822;0;33;0;0;2;1;1;B02
201500005823;0;1;0;0;2;1;1;B02
201500005823;0;7;0;0;2;3;1;A01
201500005824;0;7;0;0;0;3;19;A01
201500005824;0;2;0;0;2;1;1;B02
201500005825;0;30;0;0;2;1;1;A01
201500005825;0;7;0;0;2;3;15;B02
201500005826;0;2;0;0;0;8;1;A01
201500005827;0;7;0;0;2;8;15;B02
201500005827;0;15;0;0;2;3;1;A01
201500005828;0;7;0;0;2;3;2;B02
201500005828;0;7;0;0;2;2;15;A01
201500005829;0;7;0;0;2;7;15;A01
201500005829;0;31;0;0;2;1;1;B02
201500005830;0;1;0;0;1;1;1;A01
201500005831;0;30;0;0;2;8;1;A01
201500005831;0;7;0;0;2;3;1;B02
201500005832;0;7;0;1;2;6;1;A01
201500005832;0;7;0;0;2;2;15;B02
201500005833;0;33;0;0;0;8;1;A01
201500005833;0;7;0;0;2;2;15;B02
201500005834;0;7;0;6;0;1;14;A01
201500005835;0;7;0;0;2;1;1;A01
201500005835;0;7;0;0;2;2;1;B02
201500005836;0;7;0;0;2;4;1;C03
201500005836;0;33;0;0;2;1;17;A01
201500005836;0;7;0;0;2;1;1;B02
201500005837;0;7;0;0;2;2;15;A01
201500005837;0;31;0;0;2;1;1;B02
201500005838;0;33;0;0;2;2;17;B02
201500005838;0;7;0;0;0;8;13;A01
201500005839;0;30;0;0;2;1;17;A01
201500005839;0;7;0;0;0;3;15;B02
201500005840;0;7;0;0;2;6;11;B02
201500005840;0;7;0;0;2;6;21;A01
201500005841;0;7;0;0;2;5;19;A01
201500005841;0;2;0;0;2;2;21;B02
201500005842;0;33;0;6;0;1;13;A01
201500005843;0;7;0;0;2;3;1;B02
201500005843;0;7;0;0;2;3;9;A01
201500005844;0;7;0;0;2;3;9;B02
201500005844;0;7;0;0;2;2;1;A01
201500005845;0;33;0;0;2;1;17;A01
201500005845;0;7;0;0;2;3;15;B02
201500005846;1;37;1;0;1;7;1;Z01
201500005847;0;7;0;0;2;2;10;A01
201500005847;0;1;0;1;2;1;1;B01
201500005848;0;7;0;0;2;2;15;A01
201500005848;0;33;0;0;2;1;1;B01
201500005849;0;7;0;3;0;1;13;A01
201500005850;0;7;0;0;2;1;1;B01
201500005850;0;7;0;0;2;2;6;A01
201500005851;0;7;0;0;2;3;15;B01
201500005851;0;30;0;0;2;3;1;A01
201500005852;0;7;0;0;1;5;4;A01
201500005853;0;33;0;0;2;1;1;B01
201500005853;0;7;0;0;2;3;9;A01
201500005854;0;7;0;0;2;7;15;A01
201500005854;0;30;0;0;2;1;1;B01
201500005855;0;30;0;0;2;1;1;B01
201500005855;0;7;0;0;2;2;15;A01
201500005856;0;10;0;14;0;1;2;A01
201500005856;0;7;0;0;0;4;23;B01
201500005857;0;1;0;12;0;0;21;A01
201500005857;1;7;0;0;0;0;9;Z01
201500005858;0;7;0;1;0;1;14;A01
201500005859;0;33;0;8;0;1;13;A01
201500005860;0;7;0;13;0;1;13;A01
201500005861;0;7;0;8;0;9;14;A01
201500005862;0;7;0;6;0;1;15;A01
201500005863;1;7;0;0;1;3;1;Z01
201500005864;0;2;0;0;2;2;2;A01
201500005864;0;7;0;0;0;6;2;B01
201500005865;0;7;0;0;2;2;1;A01
201500005865;0;7;0;0;0;4;1;B01
201500005865;1;10;0;0;0;0;9;Z01
201500005866;0;7;0;0;1;1;1;A01
201500005867;0;7;0;0;1;1;1;A01
201500005868;0;7;0;0;2;2;1;A01
201500005868;0;7;0;0;2;3;15;B01
201500005869;0;7;0;0;1;2;1;A01
201500005870;0;7;0;0;2;5;15;A01
201500005870;0;7;0;0;2;3;2;B01
201500005871;0;10;0;0;1;2;15;A01
201500005872;0;7;0;0;2;1;2;A01
201500005872;0;7;0;0;1;4;0;B01
201500005873;1;7;0;0;2;1;9;Z01
201500005873;0;7;0;0;2;2;1;A01
201500005874;0;1;0;0;2;6;1;A01
201500005874;1;7;0;0;2;1;2;Z01
201500005875;0;7;0;0;1;0;0;A01
201500005876;0;7;0;0;2;8;15;A01
201500005876;0;1;0;0;2;1;1;B01
201500005877;0;30;0;0;2;6;9;A01
201500005877;0;7;0;0;2;2;1;B01
201500005878;0;7;0;1;1;1;1;A01
201500005879;0;7;0;0;1;1;15;A01
201500005880;0;2;0;14;0;1;2;A01
201500005880;0;7;0;0;0;6;23;B01
201500005881;1;7;0;0;1;3;1;Z01
201500005882;0;7;0;0;9;6;15;A01
201500005882;0;1;0;0;2;1;1;B01
201500005883;0;7;0;0;2;1;9;A01
201500005883;0;2;0;0;2;8;1;B01
201500005884;0;7;0;0;2;3;13;A01
201500005884;0;7;0;0;2;3;1;B01
201500005885;0;1;0;0;2;2;1;A01
201500005885;0;7;0;0;9;3;1;B01
201500005886;1;7;0;0;1;1;1;Z01
201500005887;0;7;0;0;2;3;20;A01
201500005887;0;2;0;0;2;1;1;B01
201500005888;0;7;0;0;2;3;9;A01
201500005888;0;2;0;0;2;1;1;B01
201500005889;1;7;0;0;1;1;15;Z01
201500005890;0;2;0;6;2;2;17;A01
201500005890;0;7;0;0;2;3;15;B01
201500005891;1;7;0;0;1;4;4;Z01
201500005892;0;30;0;14;0;1;2;A01
201500005892;0;7;0;0;0;4;23;B01
201500005893;0;7;0;0;1;2;1;A01
201500005894;0;2;0;0;2;1;1;A01
201500005894;0;2;0;0;2;1;1;B01
201500005895;0;7;0;0;1;1;1;A01
201500005896;0;10;0;0;2;2;11;A01
201500005896;0;30;0;0;2;1;1;B01
201500005897;0;7;0;8;0;1;14;A01
201500005898;0;7;0;0;2;1;20;A01
201500005898;0;2;0;0;2;1;21;B01
201500005899;0;10;0;1;1;7;1;A01
201500005900;1;7;0;0;2;1;9;Z01
201500005900;0;7;0;8;1;5;1;A01
201500005901;2;7;0;6;0;1;14;A01
201500005902;0;7;0;0;1;2;1;A01
201500005903;0;7;0;0;2;1;13;A01
201500005903;0;7;0;8;2;1;1;B01
201500005903;0;7;0;0;2;0;0;C01
201500005904;0;7;0;0;0;9;1;A01
201500005905;0;7;0;0;2;1;5;A01
201500005905;0;10;0;0;2;1;1;B02
201500005906;0;7;0;2;0;7;1;A01
201500005907;0;7;0;0;2;2;19;A01
201500005907;0;33;0;0;2;2;1;B02
201500005908;0;33;0;0;0;0;1;A01
201500005909;0;2;0;0;0;7;1;A01
201500005910;0;7;0;0;2;1;1;A01
201500005910;0;7;0;0;2;8;19;B02
201500005911;0;33;0;0;2;1;1;B02
201500005911;0;10;0;0;2;2;15;A01
201500005912;0;7;0;0;0;0;0;A01
201500005913;0;7;0;2;0;8;1;A01
201500005914;0;7;0;2;0;1;1;A01
201500005915;0;7;0;0;2;8;15;B02
201500005915;0;33;0;6;2;1;17;A01
201500005916;0;7;0;0;2;3;19;B02
201500005916;0;7;0;0;2;3;1;A01
201500005917;0;7;0;0;2;3;17;B02
201500005917;0;33;0;0;2;7;17;A01
201500005918;0;7;0;0;1;3;1;A01
201500005919;0;10;0;0;2;2;23;B02
201500005919;0;30;0;0;2;1;1;A01
201500005920;0;30;0;0;4;2;1;A01
201500005920;0;39;0;0;2;3;0;B02
201500005921;0;7;0;13;0;2;1;A01
201500005922;0;7;0;13;0;1;1;A01
201500005923;0;33;0;0;0;0;16;A01
201500005924;0;7;0;2;0;1;14;A01
201500005925;0;31;0;6;0;1;0;A01
201500005926;0;7;0;0;2;1;0;B02
201500005926;0;7;0;0;2;1;13;A01
201500005927;0;7;0;0;2;2;9;A01
201500005927;0;1;0;0;0;8;1;B02
201500005928;0;7;0;15;0;2;0;A01
201500005929;0;7;0;0;1;1;1;A01
201500005930;0;21;0;13;0;9;1;A01
201500005931;0;14;0;0;0;5;23;A01
201500005931;0;7;0;14;0;1;1;B02
201500005932;0;7;0;0;1;1;15;A01
201500005933;0;31;0;0;6;1;0;A01
201500005934;0;21;0;3;0;5;14;A01
201500005935;0;7;0;0;1;0;0;A01
201500005936;0;7;0;0;0;9;14;A01
201500005937;0;10;0;2;0;1;13;A01
201500005938;0;7;0;2;0;1;1;A01
201500005939;0;7;0;0;2;1;1;A01
201500005939;0;33;0;0;2;8;0;B02
201500005940;0;7;0;0;2;1;1;B02
201500005940;0;7;0;0;2;8;15;A01
201500005941;0;7;0;8;0;2;14;A01
201500005942;0;31;0;2;0;7;1;A01
201500005943;0;7;0;6;0;2;14;A01
201500005944;0;7;0;13;0;5;1;A01
201500005945;0;99;0;8;0;8;1;A01
201500005946;0;7;0;0;2;2;1;A01
201500005946;0;7;0;0;2;2;5;B02
201500005947;0;7;0;6;0;2;13;A01
201500005948;0;7;0;0;2;3;1;B02
201500005948;0;7;0;0;2;6;2;C03
201500005948;0;7;0;0;2;6;1;D04
201500005948;0;7;0;0;2;1;21;A01
201500005949;0;7;0;0;0;9;21;A01
201500005950;0;7;0;8;0;0;1;A01
201500005951;0;10;0;0;2;1;1;A01
201500005951;0;10;0;0;2;3;1;B02
201500005952;0;7;0;0;2;1;2;A01
201500005952;0;7;0;0;2;4;2;B02
201500005953;0;7;0;0;2;8;15;B02
201500005953;0;10;0;0;2;1;17;A01
201500005954;0;33;0;0;2;8;1;B02
201500005954;0;2;0;0;2;8;5;A01
201500005955;0;7;0;2;0;2;1;A01
201500005956;0;31;0;8;0;1;1;A01
201500005957;0;7;0;0;0;1;5;A01
201500005957;0;7;0;0;0;4;1;C03
201500005957;0;7;0;0;0;1;1;B02
201500005957;0;7;0;0;0;1;1;D04
201500005957;0;7;0;0;0;1;1;E05
201500005958;0;32;0;0;2;3;1;B02
201500005958;0;7;0;0;2;1;15;A01
201500005959;0;10;0;2;0;1;14;A01
201500005960;0;7;0;13;0;2;1;A01
201500005961;0;15;0;0;2;3;1;A01
201500005961;0;10;0;0;2;2;1;B02
201500005962;0;7;0;0;0;1;1;A01
201500005963;0;33;0;13;0;9;1;A01
201500005964;0;7;0;0;2;2;13;A01
201500005964;0;10;0;0;2;3;1;B02
201500005965;0;7;0;9;0;1;2;A01
201500005966;0;7;0;0;0;4;2;A01
201500005967;0;7;0;2;0;2;0;A01
201500005968;0;7;0;0;2;1;1;B02
201500005968;0;7;0;0;2;1;15;A01
201500005969;0;33;0;0;0;0;1;A01
201500005970;0;7;0;0;2;7;15;B02
201500005970;0;2;0;0;2;1;1;A01
201500005971;0;33;0;2;0;1;15;A01
201500005972;0;31;0;0;2;1;1;A01
201500005972;0;7;0;0;2;3;15;B02
201500005973;0;7;0;0;2;1;1;B02
201500005973;0;7;0;0;2;3;5;A01
201500005974;0;7;0;16;0;1;1;A01
201500005975;0;1;0;0;1;1;1;A01
201500005976;0;7;0;2;0;3;14;A01
201500005977;0;31;0;12;0;1;1;A01
201500005978;0;7;0;0;1;6;4;A01
201500005979;0;7;0;0;0;9;1;A01
201500005980;0;15;0;0;1;5;1;A01
201500005981;0;7;0;0;1;3;1;A01
201500005982;0;7;0;0;2;1;13;A01
201500005982;0;7;0;0;2;1;1;B02
201500005983;0;34;0;14;0;2;1;A01
201500005984;0;7;0;13;0;1;14;A01
201500005985;0;15;0;16;0;8;1;A01
201500005986;0;7;0;2;0;1;1;A01
201500005987;0;17;0;0;2;2;15;A01
201500005987;0;7;0;0;2;1;1;B02
201500005988;0;15;0;0;2;3;13;A01
201500005988;0;7;0;0;2;8;1;B02
201500005989;0;7;0;0;2;8;1;B02
201500005989;0;7;0;0;2;1;1;A01
201500005990;0;7;0;0;2;7;1;A01
201500005990;0;10;0;3;2;1;1;B02
201500005991;0;7;0;0;1;1;2;A01
201500005992;0;33;0;0;2;3;17;A01
201500005992;0;7;0;0;2;3;1;B02
201500005992;0;7;0;0;2;3;1;C03
201500005992;0;7;0;0;2;1;1;D04
201500005993;0;10;0;0;2;2;17;A01
201500005993;0;7;0;0;2;2;1;B02
201500005994;0;7;0;0;2;2;1;A01
201500005994;0;7;0;0;0;7;19;B02
201500005995;0;7;0;0;1;2;1;A01
201500005996;0;7;0;6;0;1;1;A01
201500005997;0;7;0;2;0;1;1;A01
201500005998;0;7;0;0;1;3;1;A01
201500005999;0;7;0;0;1;2;1;A01
201500006000;0;30;0;0;0;8;1;A01
201500006001;0;7;0;13;0;2;1;A01
201500006002;0;7;0;0;1;3;1;A01
201500006003;0;7;0;0;2;3;1;C03
201500006003;0;7;0;0;2;1;1;A01
201500006003;0;7;0;0;2;6;2;B02
201500006004;0;7;0;2;0;1;1;A01
201500006005;0;7;0;0;2;5;1;A01
201500006005;0;37;1;0;0;2;1;B02
201500006006;0;7;0;2;0;1;1;A01
201500006007;0;7;0;0;2;2;13;A01
201500006007;0;7;0;0;2;3;1;B02
201500006008;0;30;0;15;0;1;1;A01
201500006009;0;7;0;0;2;1;13;A01
201500006009;0;7;0;0;2;1;1;B02
201500006009;0;10;0;0;2;9;1;C03
201500006010;0;7;0;0;1;2;1;A01
201500006011;0;7;0;2;0;8;15;A01
201500006012;0;30;0;0;2;1;1;B02
201500006012;0;7;0;0;0;5;15;A01
201500006013;0;7;0;0;0;3;1;A01
201500006013;0;7;0;0;0;3;19;B02
201500006014;0;7;0;13;0;1;1;A01
201500006015;0;7;0;0;2;1;1;A01
201500006015;0;1;0;0;2;8;15;B02
201500006016;0;7;0;0;2;2;15;A01
201500006016;0;7;0;0;2;1;1;B02
201500006017;0;7;0;0;0;2;2;A01
201500006018;0;7;0;0;0;7;1;A01
201500006018;0;30;0;0;0;8;1;B02
201500006019;0;7;0;0;0;1;1;A01
201500006019;0;30;0;0;0;8;1;B02
201500006020;0;7;0;0;2;4;2;A01
201500006020;0;7;0;2;2;1;2;B02
201500006021;0;7;0;0;1;1;1;A01
201500006022;0;7;0;13;0;3;13;A01
201500006023;0;7;0;13;0;2;14;A01
201500006024;0;7;0;0;0;7;19;A01
201500006024;0;1;0;0;0;1;15;B02
201500006025;0;2;0;8;0;7;1;A01
201500006026;0;7;0;0;0;2;13;A01
201500006027;0;7;0;2;0;9;1;A01
201500006028;0;7;0;2;0;9;1;A01
201500006029;0;7;0;0;0;5;1;A01
201500006029;0;33;0;0;2;1;1;B02
201500006030;0;7;0;0;2;3;1;A01
201500006030;0;10;0;0;2;3;13;B02
201500006031;0;1;0;0;2;8;1;A01
201500006031;0;7;0;0;9;7;14;B02
201500006032;0;17;0;0;2;3;21;A01
201500006032;0;7;0;0;2;3;13;B02
201500006033;0;7;0;0;1;7;1;A01
201500006034;0;14;0;0;2;1;1;A01
201500006034;0;14;0;0;2;1;1;B02
201500006035;0;7;0;0;9;0;0;A01
201500006036;0;7;0;0;2;3;1;A01
201500006036;0;7;0;0;2;3;1;B02
201500006037;0;33;0;0;0;8;10;A01
201500006038;0;7;0;3;0;1;0;A01
201500006039;0;7;0;0;0;9;0;A01
201500006040;0;7;0;13;0;2;1;A01
201500006041;0;7;0;0;2;2;15;A01
201500006041;0;7;0;0;2;2;1;B02
201500006042;0;30;0;0;0;0;16;A01
201500006043;0;2;0;6;0;1;1;A01
201500006044;0;7;0;0;2;6;15;A01
201500006044;0;33;0;0;2;2;1;B02
201500006045;0;7;0;13;0;9;1;A01
201500006046;0;7;0;0;2;7;1;A01
201500006046;0;7;0;0;2;1;1;B02
201500006047;0;7;0;13;0;1;1;A01
201500006048;0;7;0;0;2;1;13;A01
201500006048;0;7;0;0;2;1;1;B02
201500006049;0;7;0;0;2;1;13;A01
201500006049;0;7;0;0;2;1;1;B02
201500006050;0;7;0;2;0;3;0;A01
201500006051;0;7;0;2;0;1;1;A01
201500006052;0;7;0;2;0;7;1;A01
201500006053;0;7;0;6;0;1;0;A01
201500006054;0;7;0;0;1;1;1;A01
201500006055;0;7;0;0;2;7;19;A01
201500006055;0;2;0;0;2;1;1;B02
201500006056;0;7;0;2;0;1;1;A01
201500006057;0;1;0;0;2;1;13;A01
201500006057;0;30;0;0;2;0;1;B02
201500006058;0;7;0;0;2;1;1;A01
201500006058;0;7;0;0;2;9;1;B02
201500006058;0;7;0;0;2;4;1;C03
201500006059;0;7;0;0;1;2;1;A01
201500006060;0;1;0;0;0;1;1;A01
201500006061;0;7;0;0;1;1;1;A01
201500006062;0;7;0;0;2;2;1;A01
201500006062;0;7;0;0;2;1;1;B02
201500006063;0;7;0;3;2;1;5;A01
201500006063;0;7;0;0;2;1;1;B02
201500006064;0;7;0;0;2;1;5;A01
201500006064;0;7;0;0;2;1;1;B02
201500006065;0;7;0;0;9;1;1;A01
201500006065;0;1;0;0;2;8;6;B02
201500006066;0;33;0;16;0;3;1;A01
201500006067;0;7;0;0;1;1;1;A01
201500006068;0;30;0;0;0;4;15;A01
201500006068;0;30;0;0;2;1;1;B02
201500006069;0;7;0;13;0;3;1;A01
201500006070;0;7;0;0;2;1;1;B02
201500006070;0;15;0;0;2;3;4;A01
201500006071;0;7;0;0;2;2;17;A01
201500006071;0;7;0;0;2;6;13;B02
201500006072;0;7;0;0;2;1;13;A01
201500006072;0;7;0;0;2;3;1;B02
201500006073;0;7;0;0;2;1;17;A01
201500006073;0;10;0;0;2;6;1;B02
201500006073;0;7;0;0;2;1;1;C03
201500006074;0;7;0;0;2;7;17;A01
201500006074;0;2;0;0;2;8;2;B02
201500006075;0;7;0;0;0;6;19;A01
201500006075;0;33;0;0;0;1;1;B02
201500006076;0;7;0;2;0;2;1;A01
201500006077;0;37;0;0;1;0;11;A01
201500006078;0;7;0;0;1;4;20;A01
201500006079;0;30;0;12;0;3;1;A01
201500006080;0;7;0;0;1;1;1;A01
201500006081;0;7;0;0;2;3;3;A01
201500006081;0;7;0;0;2;3;1;B02
201500006081;0;7;0;0;2;3;1;C03
201500006082;0;7;0;0;2;3;10;A01
201500006082;0;33;0;0;2;7;17;B02
201500006083;0;7;0;8;0;3;1;A01
201500006084;0;7;0;0;2;3;15;A01
201500006084;0;33;0;0;2;1;1;B02
201500006085;0;31;0;0;1;1;21;A01
201500006086;0;7;0;13;0;9;6;A01
201500006087;0;31;0;0;0;1;1;A01
201500006088;0;7;0;16;0;9;2;A01
201500006089;0;7;0;13;2;1;14;A01
201500006089;0;7;0;0;2;1;1;B02
201500006090;0;7;0;6;0;1;14;A01
201500006091;0;7;0;0;2;1;5;A01
201500006091;0;7;0;0;2;1;1;B02
201500006092;0;33;0;0;2;8;21;A01
201500006092;0;10;0;0;2;8;1;B02
201500006093;0;33;0;16;0;0;1;A01
201500006094;2;7;0;0;9;1;2;B02
201500006094;0;1;0;0;0;4;1;A01
201500006095;0;7;0;0;2;3;2;A01
201500006095;0;33;0;0;2;1;17;B02
201500006096;0;10;0;1;0;3;19;A01
201500006096;0;7;0;0;2;1;24;D02
201500006097;0;7;0;6;0;1;1;A01
201500006098;0;31;0;0;2;1;1;A01
201500006098;0;10;0;0;0;2;1;B02
201500006099;0;7;0;0;2;1;5;A01
201500006099;0;7;0;0;2;1;1;B02
201500006100;0;7;0;0;1;1;1;A01
201500006101;0;7;0;13;0;1;1;A01
201500006102;0;7;0;0;1;1;1;A01
201500006103;0;7;0;0;2;3;15;A01
201500006103;0;33;0;0;2;7;1;B02
201500006104;0;7;0;2;0;3;0;A01
201500006105;0;7;0;0;1;2;1;A01
201500006106;0;7;0;0;2;3;0;A01
201500006106;0;7;0;0;2;2;1;B02
201500006107;0;33;0;0;0;7;1;A01
201500006108;0;1;0;0;1;1;1;A01
201500006109;0;7;0;0;2;1;1;A01
201500006109;0;1;0;0;2;3;15;B02
201500006110;0;30;0;0;0;7;1;A01
201500006111;0;7;0;6;0;1;14;A01
201500006112;0;7;0;0;2;0;1;A01
201500006113;0;2;0;0;2;1;1;A01
201500006113;0;7;0;0;2;6;1;B02
201500006114;0;7;0;0;2;3;13;A01
201500006114;0;32;0;0;2;1;13;B02
201500006115;0;7;0;2;0;9;2;A01
201500006116;0;32;0;0;2;2;19;A01
201500006116;0;7;0;0;2;1;1;B02
201500006117;0;7;0;2;0;1;1;A01
201500006118;0;10;0;0;1;1;1;A01
201500006119;0;33;0;0;2;1;1;A01
201500006119;0;7;0;0;0;3;15;B02
201500006120;0;7;0;2;0;9;1;A01
201500006121;0;32;0;0;2;1;17;A01
201500006121;0;7;0;0;2;3;15;B02
201500006122;0;7;0;0;1;7;1;A01
201500006123;0;7;0;0;2;2;15;A01
201500006123;0;30;0;0;2;7;13;B02
201500006124;0;7;0;0;2;0;17;B02
201500006124;0;7;0;0;2;0;13;A01
201500006125;0;7;0;0;0;0;2;A01
201500006126;0;7;0;0;2;3;9;A01
201500006126;0;1;0;0;2;2;21;B02
201500006127;0;7;0;0;2;8;15;B02
201500006127;0;2;0;0;2;1;1;A01
201500006128;0;7;0;0;1;2;1;A01
201500006129;0;33;0;0;2;1;2;A01
201500006130;0;1;0;0;2;8;15;B02
201500006130;0;7;0;0;2;3;1;A01
201500006131;0;1;0;0;0;7;1;A01
201500006131;0;7;0;0;0;8;22;B02
201500006132;0;7;0;0;2;5;1;A01
201500006132;0;7;0;0;2;3;13;B02
201500006133;0;1;0;0;1;1;13;A01
201500006134;0;7;0;0;2;2;1;A01
201500006134;0;30;0;0;2;1;15;B02
201500006135;0;7;0;0;2;1;20;A01
201500006135;0;1;0;0;0;8;1;B02
201500006136;0;7;0;0;1;7;17;A01
201500006137;0;30;0;0;2;1;1;B02
201500006137;0;7;0;0;2;7;15;A01
201500006138;0;1;0;0;2;8;19;B02
201500006138;0;7;0;0;9;1;1;A01
201500006139;0;7;0;2;0;7;1;A01
201500006140;0;7;0;0;1;2;1;A01
201500006141;0;2;0;0;2;2;2;A01
201500006141;0;10;0;0;2;3;2;B02
201500006142;0;21;0;0;2;6;1;B02
201500006142;0;31;0;0;2;3;13;A01
201500006143;0;7;0;0;2;1;13;B02
201500006143;0;7;0;0;2;3;1;A01
201500006144;0;7;0;13;0;1;13;A01
201500006145;0;10;0;0;1;2;1;A01
201500006146;0;15;0;0;2;3;1;B02
201500006146;0;7;0;0;2;3;1;A01
201500006147;0;7;0;0;2;1;13;A01
201500006147;0;7;0;0;2;6;1;B02
201500006148;0;7;0;13;0;0;13;A01
201500006149;0;7;0;0;0;5;15;A01
201500006149;0;33;0;0;0;2;21;B02
201500006150;0;7;0;0;0;3;1;A01
201500006150;0;7;0;0;2;3;1;B02
201500006151;0;99;0;16;0;9;15;A01
201500006152;0;7;0;13;0;9;1;B02
201500006152;0;7;0;0;2;1;19;A01
201500006153;0;7;0;0;2;3;0;A01
201500006153;0;7;0;0;2;6;0;B02
201500006154;0;7;0;0;2;4;23;B02
201500006154;0;7;0;0;0;1;2;A01
201500006155;0;7;0;0;2;8;13;A01
201500006155;0;7;0;0;2;3;1;B02
201500006156;0;7;0;0;1;3;19;A01
201500006157;0;33;0;0;2;5;1;A01
201500006157;0;7;0;0;2;2;1;B02
201500006158;0;10;0;0;1;2;0;A01
201500006159;0;2;0;0;2;1;1;B02
201500006159;0;7;0;0;2;2;15;A01
201500006160;0;7;0;2;0;1;2;A01
201500006161;0;7;0;0;0;6;17;A01
201500006161;0;33;0;2;2;2;17;B02
201500006162;0;7;0;2;0;1;16;A01
201500006163;0;34;0;0;0;0;2;A01
201500006164;0;7;0;1;1;1;21;B01
201500006165;0;7;0;0;2;3;1;B02
201500006165;0;33;0;0;2;1;17;A01
201500006166;0;7;0;1;2;7;1;A01
201500006167;0;33;0;9;0;2;1;A01
201500006168;0;7;0;0;2;3;15;B02
201500006168;0;33;0;0;2;8;1;A01
201500006169;0;7;0;0;2;3;1;A01
201500006169;0;2;0;0;2;1;13;B02
201500006170;0;7;0;2;0;2;1;A01
201500006171;0;7;0;0;2;1;1;A01
201500006171;0;7;0;0;2;1;1;B02
201500006172;0;7;0;0;2;7;17;A01
201500006172;0;2;0;0;2;8;15;B02
201500006173;0;31;0;0;6;1;1;A01
201500006174;0;30;0;0;0;7;1;A01
201500006175;0;7;0;8;0;1;1;A01
201500006176;0;30;0;0;6;1;1;A01
201500006177;0;7;0;0;2;3;1;A01
201500006177;0;33;0;0;2;3;1;B02
201500006178;0;33;0;0;0;3;16;B02
201500006178;0;33;0;0;0;3;15;A01
201500006179;0;7;0;0;0;1;1;A01
201500006179;0;1;0;0;0;8;21;B02
201500006180;0;33;0;0;2;7;1;A01
201500006180;0;7;0;0;2;8;9;B02
201500006181;0;33;0;2;0;1;1;A01
201500006182;0;21;0;0;2;3;1;B02
201500006182;0;21;0;0;2;1;1;A01
201500006183;0;7;0;16;0;0;1;A01
201500006184;0;31;0;9;0;0;15;A01
201500006185;0;21;0;0;0;6;0;A01
201500006186;0;7;0;0;0;4;17;A01
201500006186;0;7;0;0;0;1;15;B02
201500006187;0;7;0;2;0;1;1;A01
201500006188;0;7;0;2;0;1;0;A01
201500006189;0;7;0;0;0;5;13;A01
201500006189;0;30;0;0;0;1;1;B02
201500006190;0;7;0;2;0;1;13;A01
201500006191;0;7;0;7;2;8;19;A01
201500006191;0;7;0;0;2;1;1;B02
201500006192;0;7;0;2;0;1;1;A01
201500006193;0;7;0;0;2;2;1;B02
201500006193;0;31;0;0;2;1;13;A01
201500006194;0;7;0;0;2;3;1;B02
201500006194;0;7;0;0;2;3;13;A01
201500006195;0;1;0;0;2;1;1;A01
201500006195;0;10;0;0;2;1;19;B02
201500006196;0;33;0;0;2;1;0;A01
201500006196;0;7;0;0;2;3;15;B02
201500006197;0;7;0;0;2;3;13;A01
201500006197;0;7;0;0;2;3;1;B02
201500006198;0;7;0;0;2;1;15;A01
201500006198;0;2;0;0;2;9;1;B02
201500006199;0;7;0;2;0;1;1;A01
201500006200;0;7;0;0;1;1;1;A01
201500006201;0;7;0;0;1;8;1;A01
201500006202;0;7;0;0;1;1;1;A01
201500006203;0;7;0;8;0;6;1;A01
201500006204;0;30;0;0;2;1;1;B02
201500006204;0;7;0;0;2;3;1;A01
201500006205;0;7;0;0;2;1;5;A01
201500006205;0;7;0;0;2;1;1;B02
201500006206;0;21;0;0;2;4;1;A01
201500006206;0;7;0;0;2;1;1;B02
201500006207;0;7;0;0;1;1;19;A01
201500006208;0;7;0;0;2;1;13;A01
201500006208;0;7;0;16;2;3;1;B02
201500006208;0;7;0;0;9;1;1;C03
201500006209;0;7;0;2;0;7;14;A01
201500006210;0;7;0;2;0;7;0;A01
201500006211;0;7;0;1;1;1;1;A01
201500006212;0;33;0;12;0;2;1;A01
201500006213;0;7;0;0;1;2;1;A01
201500006214;0;7;0;0;1;1;20;A01
201500006215;0;14;0;0;2;1;1;A01
201500006215;0;7;0;0;2;1;5;B02
201500006216;0;7;0;0;2;2;1;B02
201500006216;0;7;0;0;2;3;1;A01
201500006217;0;10;0;0;0;1;0;A01
201500006217;0;10;0;0;0;1;0;B02
201500006218;0;7;0;0;2;2;15;A01
201500006218;0;7;0;0;2;1;1;B02
201500006219;0;31;0;0;0;2;0;B02
201500006219;0;7;0;0;2;3;9;A01
201500006220;0;10;0;0;2;2;1;A01
201500006221;0;7;0;0;2;1;0;B02