num_acc;senc;catv;occutc;obs;obsm;choc;manv;num_veh
201500006221;0;7;0;0;2;7;13;A01
201500006222;0;7;0;0;1;3;2;A01
201500006223;0;7;0;0;2;3;13;A01
201500006223;0;15;0;0;2;2;1;B02
201500006224;0;7;0;0;1;1;1;A01
201500006225;0;10;0;0;2;1;1;B02
201500006225;0;10;0;0;2;1;13;A01
201500006226;0;31;0;0;0;1;1;A01
201500006226;0;1;0;0;0;4;15;B02
201500006227;0;7;0;13;0;1;13;A01
201500006228;0;7;0;2;0;5;13;A01
201500006229;0;10;0;0;2;2;17;B02
201500006229;0;10;0;0;2;1;1;A01
201500006230;0;7;0;0;2;3;13;A01
201500006230;0;7;0;0;2;3;1;B02
201500006231;0;7;0;0;1;5;20;A01
201500006232;0;7;0;0;0;2;15;A01
201500006232;0;7;0;0;0;3;1;B02
201500006233;0;7;0;0;2;2;1;B02
201500006233;0;30;0;0;2;2;15;A01
201500006234;0;33;0;0;2;1;1;A01
201500006234;0;7;0;0;2;8;19;B02
201500006235;0;7;0;2;0;3;14;A01
201500006236;0;33;0;0;2;0;0;A01
201500006236;0;7;0;0;2;2;1;B02
201500006237;0;7;0;0;2;2;19;A01
201500006237;0;7;0;0;2;1;1;B02
201500006238;0;7;0;0;0;9;1;A01
201500006239;0;10;0;15;2;1;9;B02
201500006239;0;1;0;0;2;1;15;A01
201500006240;0;7;0;0;0;9;21;A01
201500006241;0;1;0;0;0;0;0;A01
201500006242;0;7;0;2;0;1;14;A01
201500006243;0;7;0;0;1;1;1;A01
201500006244;0;33;0;0;2;9;1;B02
201500006244;0;7;0;0;2;2;15;A01
201500006245;0;31;0;0;2;1;1;A01
201500006245;0;7;0;0;2;1;17;B02
201500006246;0;33;0;0;2;1;21;B02
201500006246;0;7;0;0;2;2;15;A01
201500006247;0;7;0;0;2;1;1;B02
201500006247;0;7;0;0;2;8;19;A01
201500006248;0;7;0;0;0;4;15;B02
201500006248;0;7;0;0;2;1;2;A01
201500006249;0;7;0;0;2;1;21;B02
201500006249;0;7;0;0;2;2;15;A01
201500006250;0;7;0;0;0;2;19;A01
201500006250;0;31;0;0;0;5;21;B02
201500006251;0;7;0;2;0;2;1;A01
201500006252;0;33;0;0;2;7;2;A01
201500006252;0;7;0;0;2;1;15;B02
201500006253;0;7;0;0;2;1;1;B02
201500006253;0;7;0;0;2;3;19;A01
201500006254;0;7;0;0;2;7;19;A01
201500006254;0;33;0;0;2;1;1;B02
201500006255;0;7;0;2;0;1;5;A01
201500006256;0;2;0;0;2;1;11;A01
201500006256;0;7;0;0;2;3;1;B02
201500006257;0;33;0;0;0;0;17;A01
201500006258;0;7;0;0;2;2;17;A01
201500006258;0;1;0;0;2;6;1;B02
201500006259;0;7;0;0;0;1;1;A01
201500006260;0;7;0;0;0;6;1;A01
201500006260;0;7;0;0;0;2;1;B02
201500006261;0;7;0;2;0;7;1;A01
201500006262;0;7;0;0;2;1;1;A01
201500006262;0;7;0;0;2;1;1;B02
201500006263;0;1;0;0;2;5;1;B02
201500006263;0;7;0;0;2;1;19;A01
201500006264;0;1;0;0;2;7;1;B02
201500006264;0;7;0;0;2;1;9;A01
201500006265;0;7;0;0;2;8;10;A01
201500006265;0;7;0;0;2;2;1;B02
201500006266;0;7;0;0;2;1;1;B01
201500006266;0;7;0;0;2;1;19;A01
201500006267;0;7;0;0;2;2;9;A01
201500006267;0;2;0;0;2;7;1;B02
201500006268;0;7;0;0;2;8;16;A01
201500006268;0;7;0;0;2;1;1;B02
201500006269;0;7;0;2;0;3;1;A01
201500006270;0;10;0;0;1;2;1;A01
201500006271;0;7;0;2;0;3;1;A01
201500006272;0;7;0;2;0;3;19;A01
201500006273;0;1;0;0;2;1;1;B02
201500006273;0;7;0;0;2;3;1;A01
201500006274;0;3;0;0;2;7;13;A01
201500006274;0;7;0;0;2;1;1;B02
201500006275;0;7;0;0;2;2;10;A01
201500006275;0;33;0;0;2;1;17;B02
201500006276;0;7;0;0;0;6;1;A01
201500006276;0;7;0;0;2;1;21;B02
201500006276;0;7;0;0;2;1;1;C03
201500006277;0;32;0;0;2;8;13;A01
201500006277;0;7;0;0;2;3;1;B02
201500006278;0;7;0;0;0;0;15;A01
201500006278;0;1;0;0;1;4;1;B01
201500006279;0;7;0;0;2;1;1;A01
201500006279;0;7;0;0;2;7;15;B02
201500006280;0;7;0;0;1;7;21;A01
201500006281;0;15;0;0;2;3;1;A01
201500006281;0;7;0;0;2;1;13;B02
201500006282;0;7;0;2;0;1;13;A01
201500006283;0;10;0;0;2;1;1;A01
201500006283;0;7;0;0;2;8;15;B02
201500006284;0;7;0;0;2;8;15;A01
201500006284;0;2;0;0;2;1;17;B02
201500006285;0;33;0;0;2;7;13;A01
201500006285;0;10;0;0;2;3;1;B02
201500006286;0;33;0;0;0;8;23;A01
201500006287;0;33;0;0;2;1;13;A01
201500006287;0;7;0;0;2;1;1;B02
201500006288;0;33;0;0;2;3;17;A01
201500006288;0;7;0;0;2;3;1;B02
201500006288;0;7;0;0;2;1;2;C03
201500006289;0;31;0;0;2;1;1;A01
201500006289;0;10;0;0;2;1;1;B02
201500006290;0;7;0;0;2;2;15;A01
201500006290;0;2;0;0;2;1;1;B02
201500006291;0;10;0;0;1;2;1;A01
201500006292;0;7;0;0;2;4;21;B02
201500006292;0;7;0;0;2;5;1;A01
201500006292;0;7;0;0;2;4;2;C03
201500006293;0;30;0;9;0;2;13;A01
201500006294;0;7;0;2;0;1;14;A01
201500006295;0;33;0;2;0;9;1;A01
201500006296;0;7;0;0;2;2;13;A01
201500006296;0;16;0;0;2;3;1;B02
201500006297;0;33;0;13;0;1;1;A01
201500006298;0;7;0;0;2;3;9;A01
201500006298;0;33;0;0;2;1;1;B02
201500006299;0;7;0;8;0;8;1;A01
201500006300;0;7;0;0;0;0;17;A01
201500006300;0;1;0;12;0;0;1;B02
201500006301;0;7;0;0;0;1;1;A01
201500006302;0;33;0;0;2;3;13;A01
201500006302;0;10;0;0;2;3;1;B02
201500006303;0;7;0;6;0;1;0;A01
201500006304;0;7;0;0;2;1;1;A01
201500006304;0;7;0;0;2;1;1;B02
201500006305;0;7;0;0;0;7;13;A01
201500006306;0;7;0;0;1;2;1;A01
201500006307;0;7;0;0;2;2;15;A01
201500006307;0;1;0;0;2;1;1;B02
201500006308;0;7;0;0;2;7;13;A01
201500006308;0;7;0;0;2;1;1;B02
201500006309;0;7;0;0;2;6;13;A01
201500006309;0;7;0;0;2;1;1;B02
201500006309;0;7;0;0;2;3;1;C03
201500006310;0;32;0;0;0;1;1;B02
201500006310;0;7;0;0;0;2;15;A01
201500006311;0;1;0;0;2;3;19;A01
201500006311;0;7;0;0;2;3;1;B02
201500006312;0;7;0;6;0;1;1;A01
201500006312;0;7;0;0;2;8;1;B02
201500006313;0;7;0;0;2;3;10;A01
201500006313;0;30;0;0;2;1;21;B02
201500006314;0;2;0;0;2;1;1;A01
201500006314;0;7;0;0;2;8;16;B02
201500006315;0;7;0;0;2;1;13;A01
201500006315;0;7;0;0;2;1;1;B02
201500006316;0;1;0;1;0;1;1;A01
201500006316;0;7;0;0;0;6;24;A02
201500006317;0;7;0;0;0;7;13;A01
201500006318;0;7;0;0;2;8;10;A01
201500006318;0;33;0;0;2;1;1;B02
201500006319;0;7;0;0;2;8;10;A01
201500006319;0;7;0;0;2;2;1;B02
201500006320;0;33;0;0;2;7;17;A01
201500006320;0;7;0;0;2;6;11;B02
201500006321;0;7;0;0;2;1;1;A01
201500006321;0;7;0;0;2;5;15;B02
201500006322;0;7;0;0;6;1;21;A01
201500006322;0;7;0;0;2;3;1;B02
201500006323;0;7;0;2;0;2;17;A01
201500006324;0;2;0;0;2;1;1;B02
201500006324;0;7;0;0;2;1;17;A01
201500006325;0;30;0;1;0;1;1;A01
201500006326;0;7;0;2;0;1;1;A01
201500006327;0;33;0;0;0;0;1;A01
201500006328;0;7;0;2;0;8;1;A01
201500006329;0;33;0;0;2;8;13;A01
201500006329;0;33;0;0;2;8;1;B02
201500006330;0;7;0;0;2;2;15;A01
201500006330;0;33;0;0;2;1;1;B02
201500006331;0;7;0;2;0;1;1;A01
201500006332;0;30;0;0;2;1;13;A01
201500006332;0;7;0;0;2;3;1;B02
201500006333;0;33;0;0;2;1;1;A01
201500006333;0;7;0;0;2;3;1;B02
201500006334;0;7;0;6;0;7;14;A01
201500006335;0;33;0;0;2;1;13;A01
201500006335;0;7;0;0;2;1;1;B02
201500006336;0;10;0;0;1;2;1;A01
201500006337;0;7;0;2;0;8;21;A01
201500006338;0;7;0;0;2;2;15;A01
201500006338;0;7;0;0;2;3;1;B02
201500006339;0;1;0;0;2;8;9;B02
201500006339;0;7;0;0;2;2;1;A01
201500006340;0;33;0;7;0;1;15;A01
201500006341;0;2;0;0;2;1;2;A01
201500006341;0;30;0;0;2;4;23;B02
201500006342;0;7;0;2;0;1;1;A01
201500006343;0;1;0;0;0;1;1;A01
201500006344;0;7;0;2;0;1;13;A01
201500006345;0;7;0;2;0;1;1;A01
201500006346;0;7;0;0;2;2;1;A01
201500006346;0;1;0;0;2;1;5;B02
201500006347;0;7;0;0;2;1;15;A01
201500006347;0;7;0;0;2;8;1;B02
201500006348;0;7;0;0;2;1;1;A01
201500006348;0;10;0;0;2;1;5;B02
201500006349;0;33;0;0;2;1;17;A01
201500006349;0;14;0;0;2;3;1;B02
201500006350;0;7;0;2;0;8;1;A01
201500006351;0;7;0;2;0;2;1;A01
201500006352;0;1;0;0;2;1;1;A01
201500006352;0;14;0;0;2;7;1;B02
201500006353;0;7;0;2;0;2;14;A01
201500006354;0;7;0;0;2;3;15;A01
201500006354;0;31;0;0;2;1;1;B02
201500006355;0;2;0;9;0;9;15;A01
201500006356;0;7;0;0;2;3;5;A01
201500006356;0;1;0;0;2;1;1;B02
201500006357;0;10;0;0;2;3;15;A01
201500006357;0;2;0;0;2;1;1;B02
201500006358;0;30;0;0;2;7;1;A01
201500006358;0;7;0;0;2;1;15;B02
201500006359;0;7;0;0;2;5;13;A01
201500006359;0;33;0;0;2;1;1;B02
201500006360;0;7;0;0;2;6;9;B02
201500006360;0;7;0;0;2;9;13;A01
201500006361;0;1;0;0;0;9;1;A01
201500006362;0;33;0;0;2;1;1;A01
201500006362;0;1;0;0;2;1;13;B02
201500006363;0;1;0;0;0;4;2;A02
201500006363;0;7;0;0;2;2;2;A01
201500006364;0;7;0;0;1;1;15;A01
201500006365;0;10;0;0;2;5;4;A01
201500006365;0;33;0;0;2;1;1;B02
201500006366;0;7;0;0;1;3;1;A01
201500006367;0;7;0;0;1;2;1;A01
201500006368;0;7;0;6;0;3;13;A01
201500006369;0;30;0;0;2;1;1;A01
201500006369;0;7;0;0;2;3;9;B02
201500006370;0;7;0;1;0;2;14;A01
201500006371;0;14;0;0;1;2;1;A01
201500006372;0;7;0;0;2;1;17;A01
201500006372;0;7;0;0;2;3;1;B02
201500006372;0;7;0;0;2;3;1;C03
201500006373;0;7;0;0;1;6;1;A01
201500006374;0;7;0;6;0;1;1;A01
201500006375;0;2;0;0;2;1;13;A01
201500006375;0;7;0;0;2;2;1;B02
201500006376;0;7;0;0;2;1;15;A01
201500006376;0;33;0;0;2;1;1;B02
201500006377;0;2;0;15;0;1;1;A01
201500006378;0;7;0;0;2;3;9;A01
201500006378;0;33;0;0;2;2;1;B02
201500006379;0;33;0;13;0;1;1;A01
201500006380;0;7;0;0;2;3;2;A01
201500006380;0;33;0;0;0;4;15;B02
201500006381;0;1;0;0;2;8;15;A01
201500006381;0;7;0;0;2;1;1;B02
201500006382;0;7;0;0;2;1;1;B02
201500006382;0;7;0;0;2;1;1;A01
201500006383;0;7;0;0;2;7;1;A01
201500006383;0;7;0;0;2;1;1;B02
201500006384;0;7;0;0;1;2;1;A01
201500006385;0;7;0;0;2;3;15;A01
201500006385;0;7;0;0;2;1;1;B02
201500006386;0;7;0;11;2;1;13;A01
201500006386;0;7;0;0;2;1;1;B02
201500006387;0;10;0;0;2;3;15;A01
201500006387;0;31;0;0;2;1;1;B02
201500006388;0;32;0;0;2;1;1;A02
201500006388;0;7;0;0;2;1;15;A01
201500006389;0;7;0;0;2;2;2;A01
201500006389;0;33;0;0;0;4;2;B02
201500006390;0;7;0;0;2;2;13;A01
201500006390;0;7;0;0;2;3;1;B02
201500006391;0;30;0;0;2;1;1;A01
201500006391;0;7;0;0;2;6;1;B02
201500006392;0;7;0;0;1;1;1;A01
201500006393;0;10;0;0;2;1;2;A01
201500006393;0;1;0;0;2;4;9;B02
201500006394;0;7;0;0;1;3;1;A01
201500006395;0;7;0;0;2;1;1;A01
201500006395;0;2;0;0;2;7;19;B02
201500006396;0;7;0;2;0;1;1;A01
201500006397;0;7;0;0;2;2;1;B02
201500006397;0;7;0;0;0;8;19;A01
201500006398;0;7;0;0;2;2;1;A01
201500006398;0;1;0;0;2;8;19;B02
201500006399;0;7;0;0;2;3;20;A01
201500006399;0;2;0;0;2;1;13;B02
201500006400;0;34;0;0;2;7;1;A01
201500006400;0;7;0;0;2;1;9;B01
201500006401;0;33;0;0;0;0;1;A01
201500006402;0;2;0;0;2;8;15;A01
201500006402;0;7;0;0;2;2;17;B02
201500006403;0;7;0;0;1;1;1;A01
201500006404;0;7;0;0;2;3;5;A01
201500006404;0;7;0;0;2;3;13;B02
201500006405;0;7;0;0;1;3;1;A01
201500006406;0;33;0;0;6;1;1;A01
201500006407;0;2;0;0;0;0;21;A01
201500006408;0;7;0;2;0;1;14;A01
201500006409;0;7;0;2;0;7;14;A01
201500006410;0;33;0;11;0;3;1;A01
201500006411;0;33;0;0;2;1;1;A01
201500006411;0;1;0;0;2;8;10;B02
201500006412;0;1;0;0;0;3;0;A01
201500006412;0;7;0;0;0;2;0;B02
201500006413;0;33;0;0;0;3;0;A01
201500006413;0;7;0;0;0;3;0;B02
201500006414;0;2;0;0;2;1;1;B02
201500006414;0;7;0;0;2;8;9;A01
201500006415;0;7;0;2;0;3;13;A01
201500006416;0;7;0;13;0;8;16;A01
201500006417;0;33;0;3;0;8;17;A01
201500006418;0;7;0;2;0;3;1;A01
201500006419;0;7;0;0;2;2;1;A01
201500006419;0;7;0;0;2;2;6;B02
201500006420;0;7;0;8;0;3;14;A01
201500006421;0;7;0;0;2;1;13;A01
201500006421;0;10;0;0;2;1;1;B02
201500006422;0;7;0;2;0;6;13;A01
201500006423;0;7;0;6;0;1;13;A01
201500006424;0;7;0;0;0;1;1;A01
201500006425;0;7;0;0;2;2;1;B02
201500006425;0;33;0;2;2;2;1;A01
201500006426;0;7;0;2;0;5;14;A01
201500006427;0;7;0;0;2;1;1;B02
201500006427;0;7;0;0;2;1;1;A01
201500006428;0;7;0;2;0;1;19;A01
201500006429;0;7;0;13;0;7;1;A01
201500006430;0;15;0;0;2;3;1;B02
201500006430;0;7;0;0;2;3;13;A01
201500006431;0;33;0;0;1;0;1;A01
201500006432;0;7;0;0;1;3;1;A01
201500006433;0;7;0;0;2;1;15;A01
201500006433;0;31;0;0;2;8;1;B02
201500006434;0;33;0;1;0;8;1;A01
201500006435;0;10;0;0;2;5;17;A01
201500006435;0;1;0;0;2;8;1;B02
201500006436;0;7;0;0;0;1;21;A01
201500006437;0;7;0;2;0;1;1;A01
201500006438;0;7;0;0;0;9;1;A01
201500006439;0;7;0;0;2;1;1;C02
201500006439;0;10;0;0;2;1;13;A01
201500006439;0;7;0;0;2;5;1;B03
201500006440;0;7;0;0;1;1;16;A01
201500006441;0;7;0;0;2;1;1;B01
201500006441;0;7;0;0;2;7;19;A02
201500006442;0;7;0;13;0;1;1;A01
201500006443;0;7;0;0;1;3;1;A01
201500006444;0;2;0;0;2;4;11;A01
201500006444;0;2;0;0;2;1;11;B02
201500006445;0;7;0;0;0;3;1;A01
201500006446;0;7;0;0;2;3;1;B02
201500006446;0;7;0;0;2;3;3;A01
201500006447;0;10;0;0;2;3;0;B02
201500006447;0;7;0;0;2;3;13;A01
201500006448;0;7;0;0;2;5;13;B02
201500006448;0;7;0;0;2;1;1;A01
201500006449;0;10;0;0;2;2;0;A01
201500006449;0;10;0;0;2;3;0;B02
201500006450;0;7;0;0;1;7;1;A01
201500006451;0;7;0;0;1;4;4;A01
201500006452;0;33;0;12;0;2;1;A01
201500006453;0;7;0;13;0;9;1;A01
201500006454;0;7;0;0;1;1;1;A01
201500006455;0;7;0;3;0;9;13;A01
201500006456;0;7;0;2;0;1;0;A01
201500006457;0;7;0;15;0;1;13;A01
201500006458;0;33;0;16;0;1;1;A01
201500006459;0;7;0;0;2;3;1;A01
201500006459;0;21;0;0;2;6;15;B02
201500006460;0;7;0;0;1;1;1;A01
201500006461;0;7;0;13;0;1;1;A01
201500006462;0;7;0;0;2;1;1;B02
201500006462;0;33;0;0;2;1;17;A01
201500006463;0;7;0;3;0;9;1;A01
201500006464;0;15;0;2;0;2;1;A01
201500006465;0;7;0;1;1;3;13;A01
201500006465;0;7;0;0;2;7;24;B02
201500006466;0;7;0;0;2;3;13;A01
201500006466;0;30;0;0;2;1;21;B02
201500006467;0;7;0;0;0;1;19;A01
201500006468;0;7;0;0;6;2;1;A01
201500006469;0;7;0;0;1;2;1;A01
201500006470;0;7;0;0;2;1;13;A01
201500006470;0;7;0;0;2;3;0;B02
201500006471;0;7;0;0;2;1;13;A01
201500006471;0;7;0;0;2;1;1;B02
201500006472;0;7;0;13;0;9;14;A01
201500006473;0;7;0;0;2;2;19;A01
201500006473;0;7;0;0;2;3;1;B02
201500006474;0;1;0;0;2;3;1;B02
201500006474;0;21;0;0;2;8;1;A01
201500006475;0;7;0;3;1;2;14;A01
201500006476;0;7;0;6;0;1;1;A01
201500006477;0;33;0;0;2;1;1;B02
201500006477;0;7;0;0;2;3;19;A01
201500006478;0;7;0;14;0;1;1;A01
201500006479;0;38;0;0;0;3;21;B02
201500006479;0;10;0;0;2;3;13;A01
201500006480;0;7;0;0;2;1;0;A01
201500006480;0;10;0;0;0;8;9;B02
201500006481;0;7;0;0;2;3;1;B02
201500006481;0;7;0;0;2;3;13;A01
201500006482;0;7;0;0;2;3;9;A01
201500006482;0;31;0;0;2;7;1;B02
201500006483;0;33;0;0;0;1;2;A01
201500006484;0;7;0;13;0;2;0;A01
201500006485;0;10;0;0;2;3;1;A01
201500006485;0;10;0;0;2;3;1;B02
201500006486;0;10;0;0;2;5;1;B02
201500006486;0;7;0;0;2;1;1;A01
201500006487;0;33;0;0;2;7;19;A01
201500006487;0;7;0;0;2;3;1;B02
201500006488;0;7;0;6;0;0;0;A01
201500006489;0;7;0;6;2;1;13;A01
201500006489;0;10;0;0;2;8;1;B02
201500006490;0;33;0;0;2;2;1;B02
201500006490;0;7;0;0;2;3;9;A01
201500006491;0;7;0;2;0;2;0;A01
201500006492;0;33;0;0;2;1;17;A01
201500006492;0;7;0;0;2;3;1;B02
201500006493;0;7;0;2;0;1;1;A01
201500006494;0;7;0;3;0;1;1;A01
201500006495;0;10;0;0;1;3;15;A01
201500006496;0;33;0;0;2;1;2;B02
201500006496;0;7;0;0;2;4;0;A01
201500006497;0;7;0;7;0;1;14;A01
201500006498;0;7;0;0;1;1;1;A01
201500006499;0;17;0;0;2;5;15;A01
201500006499;0;33;0;0;2;1;1;B02
201500006500;0;7;0;2;0;3;1;A01
201500006501;0;7;0;0;2;3;13;A01
201500006501;0;7;0;0;2;3;1;B02
201500006502;0;10;0;0;2;2;1;B02
201500006502;0;7;0;0;2;3;11;A01
201500006503;0;7;0;0;1;7;1;A01
201500006504;0;7;0;0;2;3;2;A01
201500006504;0;7;0;0;0;5;15;B02
201500006505;0;7;0;0;2;3;13;B02
201500006505;0;7;0;0;2;2;21;A01
201500006506;0;1;0;0;2;1;1;B02
201500006506;0;7;0;0;2;3;15;A01
201500006507;0;7;0;0;2;1;1;B01
201500006507;0;7;0;0;2;1;1;A02
201500006508;0;7;0;0;1;2;1;A01
201500006509;0;7;0;13;0;1;21;A01
201500006510;0;7;0;13;0;1;13;A01
201500006511;0;7;0;0;2;1;1;B02
201500006511;0;31;0;0;2;0;13;A01
201500006512;0;99;0;15;0;8;1;A01
201500006513;0;10;0;0;2;1;2;A01
201500006513;0;38;0;0;2;8;23;B02
201500006513;0;7;0;0;2;4;16;C03
201500006514;0;7;0;0;2;7;1;B02
201500006514;0;33;0;0;2;8;13;A01
201500006515;0;7;0;13;0;1;0;A01
201500006516;0;7;0;2;0;1;14;A01
201500006517;0;7;0;0;2;1;1;B02
201500006517;0;7;0;0;2;1;13;A01
201500006518;0;10;0;13;0;1;14;A01
201500006519;0;7;0;0;2;8;19;A01
201500006519;0;7;0;0;2;1;1;B02
201500006520;0;7;0;0;1;1;1;A01
201500006521;0;7;0;2;0;1;0;A01
201500006522;0;7;0;13;0;1;1;A01
201500006523;0;33;0;2;0;7;1;A01
201500006524;0;33;0;1;0;1;0;A01
201500006525;0;7;0;0;1;2;0;A01
201500006526;0;33;0;1;0;3;0;A01
201500006527;0;14;0;0;2;8;1;B02
201500006527;0;14;0;0;2;1;19;A01
201500006528;0;7;0;13;0;1;14;A01
201500006529;0;7;0;0;0;1;1;A01
201500006530;0;7;0;0;1;1;0;A01
201500006531;1;10;0;0;0;0;17;B02
201500006531;1;1;0;0;2;8;1;A01
201500006532;0;33;0;0;0;7;1;A01
201500006533;0;10;0;14;0;1;2;A01
201500006533;0;7;0;0;0;4;23;B02
201500006533;0;7;0;0;0;4;23;C03
201500006533;0;15;0;0;0;0;1;D04
201500006534;0;7;0;0;2;2;13;A01
201500006534;0;7;0;0;2;3;1;B02
201500006535;0;33;0;0;2;3;17;A01
201500006535;0;7;0;0;2;6;0;B02
201500006536;0;7;0;0;2;3;10;A01
201500006536;0;7;0;1;2;2;1;B02
201500006537;0;7;0;15;0;3;1;A01
201500006538;0;14;0;0;0;1;1;B01
201500006538;0;7;0;0;0;1;13;A02
201500006539;0;10;0;0;2;7;17;A01
201500006539;0;1;0;0;2;8;13;B02
201500006540;0;7;0;0;2;8;13;A01
201500006540;0;7;0;0;2;8;1;B02
201500006540;0;7;0;0;9;1;1;C03
201500006541;0;1;0;0;2;2;1;A01
201500006541;1;7;0;0;2;3;1;B02
201500006542;0;33;0;0;0;7;0;A01
201500006543;0;33;0;0;1;1;1;A01
201500006544;0;7;0;0;0;9;0;A01
201500006545;0;1;0;0;0;1;1;A01
201500006546;0;7;0;0;2;1;21;A01
201500006546;0;7;0;0;2;3;1;B02
201500006547;0;1;0;0;5;0;1;A01
201500006548;0;7;0;0;0;7;15;A01
201500006548;0;7;0;0;2;1;1;B02
201500006548;0;7;0;0;2;1;1;C03
201500006549;0;7;0;0;2;7;1;A01
201500006549;0;30;0;0;2;1;1;B02
201500006550;0;7;0;13;0;1;1;A01
201500006551;0;30;0;0;0;7;0;A01
201500006552;0;7;0;13;0;1;2;A01
201500006553;0;7;0;0;2;3;13;A01
201500006553;0;7;0;0;2;3;1;B02
201500006554;0;7;0;6;0;1;1;A01
201500006555;0;30;0;0;0;8;1;A01
201500006556;0;10;0;0;0;8;13;A01
201500006557;0;7;0;4;0;1;0;A01
201500006558;0;7;0;0;2;1;13;A01
201500006558;0;14;0;0;2;3;21;B02
201500006559;0;33;0;0;0;7;1;A01
201500006560;0;33;0;0;2;1;2;A01
201500006560;0;7;0;0;2;3;2;B02
201500006560;0;7;0;0;2;4;2;C03
201500006561;0;16;0;0;2;1;1;A01
201500006561;0;21;0;0;0;4;1;B02
201500006562;0;7;0;0;2;2;1;B02
201500006562;0;32;0;0;0;7;1;A01
201500006563;0;33;0;15;0;0;1;A01
201500006564;0;7;0;0;2;3;13;A01
201500006564;0;7;0;0;2;2;1;B02
201500006565;0;30;0;0;2;1;1;B02
201500006565;0;7;0;0;2;7;1;A01
201500006566;0;31;0;0;2;1;13;A01
201500006566;0;14;0;0;2;8;1;B02
201500006567;0;7;0;13;0;2;1;A01
201500006568;0;7;0;0;1;4;4;A01
201500006569;0;10;0;0;2;1;17;A01
201500006569;0;7;0;0;2;5;15;B02
201500006570;0;7;0;6;0;2;14;A01
201500006571;0;7;0;13;0;2;1;A01
201500006572;0;10;0;0;2;7;19;A01
201500006572;0;33;0;0;2;1;1;B02
201500006573;0;7;0;0;2;1;1;A01
201500006573;0;33;0;0;2;4;1;B02
201500006574;0;33;0;0;0;0;1;A01
201500006575;0;7;0;0;0;4;2;A01
201500006575;0;7;0;0;2;1;2;B02
201500006575;0;7;0;0;2;1;2;C03
201500006576;0;7;0;0;1;2;1;A01
201500006577;0;3;0;13;0;0;1;A01
201500006578;0;7;0;0;9;7;1;A01
201500006578;0;1;0;0;2;8;1;B02
201500006579;0;7;0;13;0;1;1;A01
201500006580;0;7;0;2;0;8;1;A01
201500006581;0;7;0;0;2;3;17;A01
201500006581;0;7;0;0;2;3;1;B02
201500006582;0;31;0;0;0;7;1;A01
201500006583;0;7;0;0;2;6;15;B01
201500006583;0;30;0;0;2;1;17;A02
201500006584;0;7;0;2;0;3;1;A01
201500006585;0;7;0;13;0;1;1;A01
201500006586;0;7;0;2;0;7;13;A01
201500006587;0;7;0;0;0;3;1;A01
201500006588;0;7;0;0;2;3;13;A01
201500006588;0;7;0;0;2;3;0;B02
201500006589;0;7;0;0;2;1;0;A01
201500006589;0;17;0;0;2;3;2;B02
201500006590;0;7;0;0;2;3;1;A01
201500006590;0;7;0;0;2;3;1;B02
201500006590;0;7;0;0;9;1;1;C03
201500006591;0;21;0;0;2;3;15;A01
201500006591;0;7;0;0;2;5;1;B02
201500006592;0;17;0;0;0;0;1;A01
201500006592;0;10;0;0;2;1;2;C03
201500006593;0;10;0;0;2;1;11;A01
201500006593;0;33;0;0;2;1;1;B02
201500006594;0;36;0;0;0;9;1;A01
201500006595;0;7;0;0;2;3;5;A01
201500006595;0;7;0;0;2;3;1;B02
201500006596;0;36;0;2;0;1;1;A01
201500006597;0;33;0;0;0;0;1;A01
201500006598;0;10;0;0;2;3;13;A01
201500006598;0;17;0;0;2;3;1;B02
201500006599;0;7;0;0;2;1;13;A01
201500006599;0;7;0;0;2;1;1;B02
201500006600;0;7;0;2;0;1;1;A01
201500006601;0;33;0;0;2;7;21;A01
201500006601;0;7;0;0;2;8;23;B02
201500006602;0;7;0;2;0;2;1;A01
201500006603;0;2;0;0;2;1;1;A01
201500006603;0;7;0;0;2;8;15;B02
201500006604;0;7;0;0;2;1;1;B02
201500006604;0;7;0;0;2;7;1;A01
201500006605;0;7;0;2;0;2;0;A01
201500006606;0;10;0;0;9;1;0;A01
201500006607;0;7;0;0;0;1;1;A01
201500006607;0;7;0;0;0;1;0;B02
201500006608;0;7;0;8;0;8;0;A01
201500006609;0;33;0;0;5;1;1;A01
201500006610;0;30;0;1;0;3;13;A01
201500006611;0;10;0;0;1;5;4;A01
201500006612;0;7;0;13;0;2;1;A01
201500006613;0;33;0;0;0;0;1;A01
201500006614;0;36;0;2;0;2;14;A01
201500006615;0;7;0;6;0;3;19;A01
201500006616;0;7;0;0;2;7;19;B02
201500006616;0;7;0;0;2;1;1;A01
201500006617;0;7;0;0;2;2;1;A01
201500006617;0;15;0;0;2;2;1;B02
201500006618;0;7;0;0;2;1;1;B02
201500006618;0;2;0;0;2;1;1;A01
201500006619;0;7;0;0;2;2;1;B02
201500006619;0;7;0;0;2;3;1;A01
201500006620;0;7;0;2;0;2;1;A01
201500006621;0;33;0;0;2;3;1;B02
201500006621;0;10;0;0;2;3;1;A01
201500006622;0;10;0;0;2;8;19;A01
201500006622;0;2;0;0;2;1;1;B02
201500006623;0;30;0;13;0;3;1;A01
201500006624;0;10;0;0;1;1;1;A01
201500006625;0;7;0;0;2;3;1;A01