num_acc;senc;catv;occutc;obs;obsm;choc;manv;num_veh
201500006625;0;7;0;0;2;1;15;B02
201500006626;0;7;0;0;2;1;13;A01
201500006626;0;10;0;0;2;1;1;B02
201500006627;0;7;0;0;2;9;1;A01
201500006628;0;7;0;0;0;0;1;A01
201500006629;0;30;0;0;0;0;21;A01
201500006629;0;10;0;0;0;0;1;B02
201500006630;0;7;0;8;0;7;14;A01
201500006631;0;33;0;0;6;1;1;A01
201500006632;0;33;0;16;0;8;15;A01
201500006633;0;7;0;0;2;3;5;A01
201500006633;0;38;0;0;2;3;5;B02
201500006634;0;7;0;0;9;1;15;A01
201500006634;0;1;0;0;2;1;23;B02
201500006635;0;7;0;0;1;6;4;A01
201500006636;0;36;0;0;0;0;1;A01
201500006637;0;2;0;13;0;1;1;A01
201500006638;0;33;0;0;2;7;1;C03
201500006638;2;7;0;3;2;1;13;A01
201500006638;0;33;0;0;2;1;1;B02
201500006639;0;33;0;0;0;8;1;A01
201500006640;0;33;0;0;0;1;14;A01
201500006641;0;7;0;0;2;2;15;A01
201500006641;0;7;0;0;2;1;1;B02
201500006642;0;7;0;2;0;8;13;A01
201500006643;0;7;0;13;0;9;1;A01
201500006644;0;7;0;0;0;2;19;B02
201500006644;0;33;0;0;2;1;1;A01
201500006645;0;7;0;2;0;3;13;A01
201500006646;0;10;0;0;2;2;1;B02
201500006646;0;7;0;0;2;8;10;A01
201500006647;0;7;0;0;2;1;1;B02
201500006647;0;7;0;0;2;5;1;A01
201500006648;0;7;0;6;0;3;16;A01
201500006649;0;7;0;0;2;4;23;C03
201500006649;0;7;0;0;2;3;1;B02
201500006649;0;7;0;0;2;2;21;A01
201500006650;0;39;0;14;0;1;1;A01
201500006650;0;1;0;14;0;1;1;B02
201500006651;0;7;0;0;2;2;1;A01
201500006651;0;7;0;0;2;3;1;B02
201500006652;0;7;0;0;2;3;1;A01
201500006652;0;7;0;0;2;8;1;B02
201500006653;0;7;0;2;0;1;13;A01
201500006654;0;1;0;0;2;1;13;A01
201500006654;0;7;0;0;9;3;1;B02
201500006655;0;10;0;3;0;1;1;A01
201500006656;0;3;0;8;0;1;14;A01
201500006657;0;31;0;13;0;0;1;A01
201500006658;0;17;0;0;2;5;1;A01
201500006658;0;7;0;0;2;3;19;B02
201500006659;0;7;0;0;0;2;1;A01
201500006660;0;7;0;0;1;2;1;A01
201500006661;0;7;0;0;0;3;1;A01
201500006662;0;7;0;0;2;3;1;A01
201500006662;0;7;0;0;2;3;1;B02
201500006663;0;33;0;0;2;6;17;B02
201500006663;0;7;0;0;2;3;1;A01
201500006664;0;36;0;6;0;1;1;A01
201500006665;0;7;0;0;2;8;19;A01
201500006665;0;33;0;0;2;1;21;B02
201500006666;0;7;0;0;2;1;13;A01
201500006666;0;7;0;0;2;1;21;B02
201500006667;0;7;0;0;2;3;1;A01
201500006667;0;7;0;0;2;3;21;B02
201500006668;0;7;0;0;0;3;1;B02
201500006668;0;7;0;0;0;1;3;A01
201500006669;0;7;0;1;0;6;0;B02
201500006669;0;31;0;1;0;1;21;A01
201500006670;0;33;0;0;0;1;1;A01
201500006671;0;31;0;6;0;2;1;A01
201500006672;0;38;0;2;0;3;13;A01
201500006673;0;7;0;2;0;3;13;A01
201500006674;0;7;0;0;0;9;13;A01
201500006675;0;7;0;0;2;1;17;A01
201500006675;0;7;0;0;2;1;21;B02
201500006675;0;7;0;0;2;1;21;C03
201500006676;0;33;0;0;0;9;1;A01
201500006677;0;1;0;0;0;8;1;A01
201500006677;0;7;0;0;2;1;19;B02
201500006678;0;33;0;13;0;3;1;A01
201500006679;0;7;0;0;0;1;13;A01
201500006679;0;7;0;0;0;1;1;B02
201500006680;0;7;0;0;2;3;13;A01
201500006680;0;7;0;0;2;3;1;B02
201500006681;0;7;0;0;0;3;0;A01
201500006682;0;7;0;13;0;1;1;A01
201500006683;0;7;0;0;2;8;1;A01
201500006683;0;7;0;0;2;1;1;B02
201500006684;0;30;0;0;0;1;1;A01
201500006685;0;7;0;0;2;3;1;A01
201500006685;0;31;0;0;2;1;1;B02
201500006686;0;7;0;0;9;8;1;A01
201500006686;0;1;0;0;2;1;1;B02
201500006687;0;33;0;0;2;1;1;A01
201500006687;0;17;0;0;2;6;1;B02
201500006688;0;7;0;0;1;2;1;A01
201500006689;0;7;0;0;2;7;15;A01
201500006689;0;33;0;0;2;1;1;B02
201500006690;0;7;0;0;2;1;13;A01
201500006690;0;30;0;0;2;4;15;B02
201500006691;0;30;0;0;2;1;16;A01
201500006691;0;7;0;0;2;7;19;B02
201500006692;0;30;0;0;2;8;9;A01
201500006693;0;33;0;15;0;1;1;A01
201500006694;0;2;0;0;0;0;13;A01
201500006695;0;7;0;0;2;5;1;A01
201500006695;0;34;0;0;2;1;1;B02
201500006696;0;7;0;0;2;1;1;A01
201500006696;0;1;0;0;2;4;1;B02
201500006697;0;7;0;0;2;2;17;A01
201500006697;0;21;0;0;2;8;15;B02
201500006698;0;10;0;0;0;1;1;A01
201500006698;0;2;0;0;0;4;1;B02
201500006699;0;7;0;0;2;3;13;A01
201500006699;0;7;0;0;2;3;1;B02
201500006700;0;7;0;2;0;8;1;A01
201500006701;0;7;0;0;2;7;16;A01
201500006701;0;1;0;0;2;8;16;B02
201500006702;0;7;0;0;0;5;15;A01
201500006702;0;33;0;0;0;1;1;B02
201500006703;0;7;0;0;1;5;4;A01
201500006704;0;2;0;1;0;7;0;B02
201500006705;0;7;0;0;1;2;1;A01
201500006706;0;17;0;16;0;0;0;A01
201500006707;0;7;0;2;0;8;1;A01
201500006708;0;7;0;0;9;2;17;A01
201500006708;0;1;0;0;2;3;15;B02
201500006709;0;33;0;0;2;3;17;A01
201500006709;0;7;0;0;2;0;17;B02
201500006709;0;7;0;0;2;3;1;C03
201500006710;0;10;0;0;2;1;1;A01
201500006710;0;7;0;0;2;9;5;B02
201500006711;0;10;0;0;2;1;15;A01
201500006711;0;10;0;0;2;1;1;B02
201500006712;0;7;0;13;0;9;1;A01
201500006713;0;7;0;16;0;9;1;A01
201500006714;0;30;0;0;2;1;1;A01
201500006714;0;7;0;0;2;3;19;B02
201500006715;0;7;0;6;0;9;1;A01
201500006716;0;33;0;13;0;2;14;A01
201500006717;0;7;0;0;2;1;5;A01
201500006717;0;7;0;0;2;1;1;B02
201500006718;0;7;0;0;2;7;1;A01
201500006718;0;7;0;0;2;1;0;B02
201500006719;0;2;0;0;2;8;1;A01
201500006719;0;15;0;0;2;6;1;B02
201500006720;0;7;0;0;2;1;19;A01
201500006720;0;7;0;0;0;1;1;B02
201500006721;0;7;0;13;0;0;1;A01
201500006722;0;7;0;0;2;1;5;A01
201500006722;0;21;0;0;2;1;1;B02
201500006723;0;10;0;0;2;3;13;A01
201500006723;0;14;0;0;2;3;0;B02
201500006724;0;38;0;13;0;8;13;A01
201500006725;0;2;0;0;0;0;6;A01
201500006726;0;7;0;0;2;7;13;A01
201500006726;0;7;0;0;2;1;1;B02
201500006727;0;7;0;0;2;3;19;B02
201500006727;0;7;0;0;2;2;1;A01
201500006728;0;7;0;0;2;1;13;A01
201500006728;0;7;0;0;2;1;1;B02
201500006729;0;7;0;3;0;1;15;A01
201500006730;0;33;0;0;2;8;13;A01
201500006730;0;7;0;0;2;1;1;B02
201500006731;0;7;0;0;1;2;11;A01
201500006732;0;7;0;0;2;1;1;A01
201500006732;0;10;0;0;2;6;9;B02
201500006733;0;7;0;8;0;3;1;A01
201500006733;0;7;0;8;0;1;1;B02
201500006734;0;7;0;0;1;1;0;A01
201500006735;0;7;0;2;0;3;13;A01
201500006736;0;10;0;0;2;4;6;A01
201500006736;0;7;0;0;2;1;1;B02
201500006737;0;7;0;2;2;1;1;A01
201500006737;0;7;0;0;2;1;1;B02
201500006738;0;17;0;0;1;5;15;A01
201500006739;0;7;0;2;0;3;1;A01
201500006740;0;33;0;0;2;3;5;A01
201500006740;0;7;0;0;2;3;5;B02
201500006741;0;7;0;2;0;1;13;A01
201500006742;0;7;0;0;2;2;15;A01
201500006742;0;7;0;0;2;1;1;B02
201500006743;0;7;0;2;0;3;5;A01
201500006744;0;31;0;0;2;7;1;B02
201500006744;0;14;0;0;2;1;19;A01
201500006745;0;7;0;1;1;1;2;A01
201500006746;0;7;0;2;0;3;1;A01
201500006747;0;7;0;0;2;2;13;A01
201500006747;0;7;0;0;2;2;1;B02
201500006748;0;7;0;0;2;1;13;A01
201500006748;0;7;0;0;2;1;1;B02
201500006749;0;7;0;0;2;3;13;A01
201500006749;0;21;0;0;2;3;1;B02
201500006750;0;10;0;0;1;4;4;A01
201500006751;0;7;0;0;1;4;4;A01
201500006752;0;7;0;15;0;1;1;A01
201500006753;0;7;0;2;0;1;19;A01
201500006754;0;7;0;0;2;2;15;A01
201500006754;0;33;0;0;2;1;18;B02
201500006755;0;7;0;2;0;3;1;A01
201500006756;0;7;0;0;0;8;17;A01
201500006756;0;7;0;0;2;7;17;B02
201500006756;0;7;0;0;0;7;1;C03
201500006757;0;7;0;0;2;7;19;A01
201500006757;0;7;0;0;2;1;1;B02
201500006758;0;7;0;2;0;3;1;A01
201500006759;0;7;0;13;0;2;1;A01
201500006760;0;36;0;15;0;1;0;A01
201500006761;0;7;0;0;2;1;13;A01
201500006761;0;7;0;0;2;1;1;B02
201500006762;0;2;0;0;2;8;13;B02
201500006762;0;10;0;0;2;8;1;A01
201500006763;0;7;0;0;2;2;21;A01
201500006763;0;21;0;0;2;6;2;B02
201500006764;0;21;0;0;1;2;2;A01
201500006765;0;7;0;2;0;3;1;A01
201500006766;0;7;0;0;2;1;1;A01
201500006766;0;7;0;0;2;3;1;B02
201500006767;0;7;0;0;0;9;1;A01
201500006768;0;7;0;13;0;1;1;A01
201500006769;0;7;0;6;0;1;1;A01
201500006770;0;7;0;6;0;1;5;A01
201500006771;0;2;0;0;2;1;1;B02
201500006771;0;7;0;0;2;7;16;A01
201500006772;0;31;0;3;0;1;1;A01
201500006773;0;7;0;1;0;2;20;B02
201500006773;0;7;0;0;1;3;1;A01
201500006774;0;7;0;0;1;3;1;A01
201500006775;0;7;0;0;1;2;15;A01
201500006776;0;7;0;2;0;7;1;A01
201500006777;0;7;0;8;0;2;1;A01
201500006778;0;7;0;16;0;1;1;A01
201500006779;0;7;0;0;2;2;15;A01
201500006779;0;33;0;0;2;1;1;B02
201500006780;0;7;0;0;1;7;1;A01
201500006781;0;7;0;0;0;3;19;A01
201500006781;0;33;0;0;0;1;17;B02
201500006782;1;7;0;0;1;3;1;A01
201500006783;0;7;0;0;2;1;1;A01
201500006783;0;7;0;0;2;2;1;B02
201500006784;0;1;0;0;2;1;13;A01
201500006785;0;33;0;13;0;8;1;A01
201500006786;0;33;0;2;0;2;1;A01
201500006787;0;31;0;1;0;1;1;A01
201500006788;0;7;0;0;2;1;1;B02
201500006788;0;33;0;0;2;1;13;A01
201500006789;0;33;0;3;0;3;1;A01
201500006790;0;7;0;13;0;3;1;A01
201500006791;0;33;0;0;2;8;1;A01
201500006791;0;7;0;0;2;1;19;B02
201500006792;0;7;0;0;2;1;2;B02
201500006792;0;7;0;0;0;1;6;A01
201500006793;0;7;0;13;0;1;1;A01
201500006794;0;7;0;2;0;2;1;A01
201500006795;0;7;0;0;0;0;0;A01
201500006795;0;30;0;0;2;0;21;B02
201500006796;0;7;0;6;0;4;4;A01
201500006797;0;7;0;0;1;1;23;A01
201500006798;0;10;0;0;0;8;1;A01
201500006799;0;7;0;0;1;1;2;A01
201500006800;0;30;0;1;0;1;1;A01
201500006801;0;36;0;2;0;1;1;A01
201500006802;0;7;0;15;0;1;1;A01
201500006803;0;7;0;0;1;1;19;A01
201500006804;0;7;0;0;0;3;15;B02
201500006804;0;33;0;0;2;1;17;A01
201500006805;0;7;0;0;1;8;1;A01
201500006806;0;36;0;13;0;9;1;A01
201500006807;0;7;0;0;2;2;15;A01
201500006807;0;1;0;0;2;1;1;B02
201500006808;0;30;0;0;2;3;15;A01
201500006808;0;31;0;0;2;1;1;B02
201500006809;0;7;0;8;0;1;1;A01
201500006810;0;7;0;2;0;1;1;A01
201500006811;0;3;0;2;0;9;15;A01
201500006812;0;7;0;0;0;6;15;A01
201500006812;0;7;0;0;2;3;1;B02
201500006813;0;7;0;6;0;1;1;A01
201500006814;0;7;0;13;0;3;1;A01
201500006815;0;33;0;15;0;9;1;A01
201500006816;0;7;0;13;0;7;1;A01
201500006817;0;7;0;0;2;5;19;A01
201500006817;0;7;0;0;0;1;1;B02
201500006818;0;7;0;0;2;1;1;A01
201500006818;0;7;0;0;2;8;19;B02
201500006819;0;7;0;0;2;3;1;A01
201500006819;0;7;0;0;2;3;1;B02
201500006820;0;7;0;0;2;1;1;B02
201500006820;0;7;0;0;2;5;1;A01
201500006821;0;31;0;2;0;1;6;A01
201500006822;0;7;0;0;0;1;1;A01
201500006823;0;7;0;0;0;6;15;A01
201500006823;0;33;0;0;2;1;17;B02
201500006824;0;7;0;0;2;2;19;A01
201500006824;0;2;0;0;2;1;1;B02
201500006825;0;7;0;14;0;1;1;A01
201500006825;0;7;0;14;0;1;23;B02
201500006825;0;7;0;0;2;4;23;C03
201500006826;0;1;0;0;2;1;19;A01
201500006826;0;7;0;0;9;1;1;B02
201500006826;0;7;0;0;2;1;1;C03
201500006827;0;7;0;0;9;7;2;A01
201500006827;0;1;0;0;2;8;13;B02
201500006828;0;7;0;0;0;4;0;A01
201500006828;0;1;0;1;0;1;2;B02
201500006829;0;10;0;0;0;3;1;A01
201500006829;0;10;0;0;0;2;11;B02
201500006830;0;10;0;0;0;4;23;A01
201500006830;0;13;0;1;0;1;14;B02
201500006831;0;14;0;0;2;1;1;A01
201500006831;0;7;0;0;0;4;1;B02
201500006831;0;7;0;0;0;4;0;C03
201500006831;0;7;0;0;0;0;0;D04
201500006832;0;7;0;0;2;1;19;A01
201500006832;0;7;0;0;2;5;1;B02
201500006833;0;7;0;0;0;4;23;A01
201500006833;0;10;0;0;2;1;0;B02
201500006834;0;7;0;0;1;4;4;A01
201500006835;0;7;0;0;2;8;19;A01
201500006835;0;33;0;0;2;1;1;B02
201500006836;0;14;0;0;2;1;1;A01
201500006836;0;2;0;0;0;8;19;B02
201500006837;0;7;0;6;0;1;16;A01
201500006838;0;7;0;0;2;1;1;A01
201500006838;0;7;0;0;0;8;19;B02
201500006839;0;7;0;1;0;3;13;A01
201500006840;0;7;0;0;2;2;2;A01
201500006840;0;2;0;0;0;4;2;B02
201500006841;0;7;0;0;2;3;1;A01
201500006841;0;7;0;0;0;6;19;B02
201500006842;0;7;0;2;0;1;6;A01
201500006843;0;3;0;1;0;1;14;A01
201500006844;0;7;0;2;0;1;1;A01
201500006845;0;7;0;0;2;3;15;A01
201500006845;0;7;0;0;2;2;1;B02
201500006846;0;1;0;0;0;0;1;A01
201500006847;0;10;0;2;0;1;1;A01
201500006848;0;30;0;0;0;2;19;A01
201500006848;0;7;0;0;0;3;1;B02
201500006849;0;7;0;6;0;2;1;A01
201500006850;0;33;0;0;0;0;2;A01
201500006851;0;7;0;16;0;3;1;A01
201500006852;0;7;0;0;1;1;15;A01
201500006853;0;7;0;0;0;3;15;A01
201500006853;0;31;0;0;2;1;17;B02
201500006854;0;7;0;0;1;1;1;A01
201500006855;0;33;0;12;0;7;1;A01
201500006856;0;7;0;0;9;2;15;B02
201500006856;0;1;0;0;2;1;1;A01
201500006857;0;7;0;8;0;1;1;A01
201500006858;0;7;0;13;0;2;1;A01
201500006859;0;33;0;0;0;7;16;A01
201500006860;0;7;0;16;0;2;15;A01
201500006861;0;7;0;13;0;2;15;A01
201500006862;0;7;0;0;2;3;20;A01
201500006862;0;2;0;0;2;2;1;B02
201500006863;0;7;0;0;0;1;0;A01
201500006863;0;7;0;0;2;8;1;B02
201500006864;0;7;0;6;0;1;13;A01
201500006865;0;7;0;0;0;8;19;A01
201500006865;0;7;0;0;2;1;1;B02
201500006866;0;33;0;13;0;1;1;A01
201500006867;0;7;0;0;0;0;1;A01
201500006868;0;7;0;0;2;1;1;A01
201500006868;0;1;0;0;2;7;1;B02
201500006869;0;2;0;0;2;1;13;A01
201500006869;0;7;0;0;2;2;1;B02
201500006870;0;33;0;0;2;1;13;A01
201500006870;0;7;0;0;2;3;1;B02
201500006871;0;10;0;0;2;8;15;A01
201500006871;0;33;0;0;2;2;1;B02
201500006872;0;33;0;3;0;1;1;A01
201500006873;0;1;0;0;2;1;1;A01
201500006873;0;7;0;0;2;6;16;B02
201500006874;0;14;0;1;1;1;14;A01
201500006875;0;7;0;0;2;3;13;A01
201500006875;0;17;0;0;2;3;21;B02
201500006876;0;33;0;0;2;7;15;A01
201500006876;0;7;0;0;2;6;15;B02
201500006877;0;33;0;0;2;1;17;A01
201500006877;0;7;0;0;2;6;15;B02
201500006878;0;36;0;13;0;0;1;A01
201500006879;0;7;0;0;0;4;15;A01
201500006879;0;7;0;0;2;1;1;B02
201500006880;0;7;0;13;0;1;1;A01
201500006881;0;7;0;0;0;2;1;A01
201500006882;0;7;0;0;0;7;19;A01
201500006882;0;7;0;0;2;1;1;B02
201500006883;0;7;0;6;0;2;14;A01
201500006884;0;7;0;6;0;1;1;A01
201500006885;0;7;0;0;2;1;16;A01
201500006885;0;30;0;0;2;8;1;B02
201500006886;0;10;0;0;2;8;1;A01
201500006886;0;1;0;0;2;1;13;B02
201500006887;0;7;0;6;0;2;14;A01
201500006888;0;10;0;0;2;3;13;A01
201500006888;0;7;0;0;2;3;17;B02
201500006889;0;30;0;0;2;1;2;A01
201500006889;0;7;0;0;2;4;2;B02
201500006890;0;7;0;0;0;8;16;A01
201500006890;0;7;0;0;0;2;1;B02
201500006891;0;7;0;0;1;3;1;A01
201500006892;0;7;0;0;2;2;15;A01
201500006892;0;7;0;0;2;5;1;B02
201500006892;0;10;0;0;2;2;1;C03
201500006893;0;1;0;0;0;0;0;A01
201500006894;0;7;0;0;2;1;1;A01
201500006894;0;7;0;0;2;3;1;B02
201500006895;0;10;0;8;0;8;1;A01
201500006896;0;33;0;0;2;1;21;B02
201500006896;0;7;0;0;2;8;1;A01
201500006897;0;30;0;1;0;1;1;A01
201500006898;0;7;0;0;9;3;1;A01
201500006898;0;1;0;0;0;4;1;B02
201500006899;0;7;0;0;1;1;1;A01
201500006900;0;7;0;2;1;8;1;A01
201500006901;0;10;0;0;1;4;4;A01
201500006902;0;7;0;6;0;1;1;A01
201500006903;0;7;0;13;0;2;1;A01
201500006904;0;30;0;12;0;1;1;A01
201500006905;0;7;0;0;2;2;15;A01
201500006905;0;30;0;0;2;1;1;B02
201500006906;0;33;0;12;5;1;19;A01
201500006907;0;7;0;0;2;3;13;A01
201500006907;0;7;0;0;2;3;1;B02
201500006908;0;10;0;0;2;3;19;A01
201500006908;0;31;0;0;2;1;1;B02
201500006909;0;2;0;0;2;1;19;A01
201500006909;0;7;0;0;2;2;1;B02
201500006910;0;7;0;6;0;1;1;A01
201500006911;0;7;0;13;0;3;1;A01
201500006912;0;7;0;8;0;2;1;A01
201500006913;0;33;0;0;0;0;0;A01
201500006914;0;7;0;0;1;4;4;A01
201500006915;0;7;0;0;2;8;15;A01
201500006915;0;2;0;0;2;1;1;B02
201500006916;0;7;0;0;2;2;15;A01
201500006916;0;2;0;0;2;1;5;B02
201500006917;0;7;0;0;2;1;17;A01
201500006917;0;7;0;0;2;3;15;B02
201500006918;0;7;0;0;2;3;1;A01
201500006918;0;7;0;0;2;3;1;B02
201500006919;0;7;0;0;0;7;1;A01
201500006919;0;14;0;0;0;3;1;B02
201500006920;0;7;0;2;0;7;0;A01
201500006921;0;7;0;0;2;1;1;A01
201500006921;0;7;0;0;2;1;1;B02
201500006922;0;7;0;0;2;1;1;A01
201500006922;0;7;0;0;2;1;1;B02
201500006923;0;20;0;0;2;3;0;A01
201500006923;0;7;0;1;0;3;1;B02
201500006924;0;7;0;0;2;2;19;A01
201500006924;0;7;0;0;2;1;1;B02
201500006925;0;7;0;0;2;7;1;A01
201500006925;0;10;0;0;2;1;1;B02
201500006926;0;7;0;0;2;3;15;A01
201500006926;0;7;0;0;2;1;17;B02
201500006927;0;7;0;0;2;3;17;A01
201500006927;0;7;0;0;2;3;1;B02
201500006927;0;7;0;0;2;8;1;C03
201500006928;0;7;0;0;2;3;1;A01
201500006928;0;7;0;0;2;8;19;B02
201500006929;0;7;0;0;2;3;23;A01
201500006929;0;2;0;1;0;3;1;B02
201500006930;0;7;0;0;2;1;13;A01
201500006930;0;7;0;0;2;8;1;B02
201500006930;0;10;0;0;2;1;1;C03
201500006931;0;7;0;13;0;2;1;A01
201500006932;0;1;0;0;2;8;19;A01
201500006932;0;10;0;0;2;3;1;B02
201500006933;0;7;0;13;0;2;1;A01
201500006934;0;7;0;6;0;1;1;A01
201500006935;0;7;0;0;2;1;17;A01
201500006935;0;7;0;6;0;4;15;B02
201500006936;0;7;0;13;0;1;1;A01
201500006937;0;7;0;13;0;1;1;A01
201500006938;0;7;0;0;0;2;1;A01
201500006938;0;31;0;0;0;1;5;B02
201500006939;0;7;0;0;2;3;13;A01
201500006939;0;7;0;0;2;6;1;B02
201500006939;0;17;0;0;2;3;1;C03
201500006940;0;7;0;0;1;3;1;A01
201500006941;0;7;0;2;0;3;0;A01
201500006942;0;1;0;3;0;7;1;A01
201500006943;0;7;0;0;2;2;13;A01
201500006943;0;7;0;0;2;1;1;B02
201500006944;0;7;0;0;1;1;1;A01
201500006945;0;7;0;0;2;1;2;A01
201500006945;0;7;0;0;2;1;2;B02
201500006945;0;7;0;0;2;1;2;C03
201500006945;0;7;0;0;2;4;23;D04
201500006945;0;7;0;0;0;4;23;E05
201500006946;0;7;0;0;2;1;1;A01
201500006946;0;10;0;0;0;4;1;B02
201500006947;0;7;0;0;2;1;2;A01
201500006947;0;7;0;0;0;4;2;B02
201500006948;0;17;0;0;2;1;1;A01
201500006948;0;17;0;0;2;4;1;B02
201500006949;0;7;0;0;0;2;1;A01
201500006949;0;14;0;0;0;6;1;B02
201500006950;0;10;0;0;2;2;3;A01
201500006950;0;15;0;0;0;6;1;B02
201500006951;0;7;0;4;0;1;1;A01
201500006952;0;7;0;0;2;1;0;A01
201500006952;0;10;0;0;0;4;0;B02
201500006953;0;7;0;6;1;1;1;A01
201500006954;0;17;0;0;2;2;2;A01
201500006954;0;17;0;3;0;6;2;C03
201500006954;0;7;0;0;2;1;1;E05
201500006955;0;7;0;0;0;2;1;A01
201500006956;0;17;0;3;0;1;1;A01
201500006957;0;7;0;3;0;3;1;A01
201500006958;0;7;0;0;5;9;21;A01
201500006958;0;7;0;0;5;1;21;B02
201500006959;0;7;0;3;2;3;19;A01
201500006959;0;7;0;0;2;1;1;B02
201500006959;0;7;0;0;9;3;1;C03
201500006960;0;17;0;1;0;2;1;A01
201500006960;0;14;0;0;0;6;23;B02
201500006961;0;7;0;0;2;1;2;A01
201500006961;0;7;0;0;0;4;2;B02
201500006962;0;7;0;3;0;3;0;A01
201500006963;0;10;0;3;0;3;1;A01
201500006964;0;17;0;0;0;6;1;A01
201500006964;0;10;0;0;2;1;2;B02
201500006965;0;7;0;4;0;2;14;A01
201500006966;0;7;0;2;0;7;17;A01
201500006967;0;7;0;0;0;2;1;A01
201500006967;0;1;0;0;0;4;1;B02
201500006968;0;30;0;0;2;1;5;A01
201500006968;0;7;0;0;2;3;1;B02
201500006969;0;7;0;0;2;1;15;A01
201500006969;0;7;0;0;2;1;1;B02
201500006970;0;7;0;0;2;8;15;B02
201500006970;0;7;0;0;2;1;1;A01
201500006971;0;7;0;0;0;9;1;A01
201500006972;0;7;0;2;0;8;1;A01
201500006973;0;10;0;0;2;1;1;A01
201500006973;0;7;0;0;2;3;1;B02
201500006974;0;7;0;0;2;2;1;A01
201500006974;0;7;0;0;2;3;15;B02
201500006975;0;36;0;6;0;1;19;A01
201500006976;0;7;0;0;1;5;20;A01
201500006977;0;7;0;0;2;1;13;A01
201500006977;0;10;0;0;2;1;1;B02
201500006978;0;10;0;0;2;3;23;A01
201500006978;0;31;0;0;2;1;1;B02
201500006978;0;10;0;0;2;1;15;C03
201500006979;0;7;0;6;0;2;2;A01
201500006980;0;31;0;0;2;3;17;A01
201500006980;0;7;0;0;2;8;14;B02
201500006981;0;33;0;3;0;1;0;A01
201500006982;0;7;0;0;2;1;2;A01
201500006982;0;7;0;0;0;4;15;B02
201500006983;0;7;0;6;0;2;14;A01
201500006984;0;7;0;2;0;6;19;A01
201500006985;0;1;0;0;2;3;18;A01
201500006985;0;10;0;0;9;7;2;B02
201500006986;0;7;0;13;0;3;1;A01
201500006987;0;7;0;0;2;5;1;A01
201500006987;0;7;0;0;2;2;2;B02
201500006988;0;33;0;9;2;1;6;A01
201500006988;0;15;0;0;2;3;1;B02
201500006989;0;7;0;2;0;1;13;A01
201500006990;0;14;0;13;0;8;0;A01
201500006991;1;7;0;0;2;0;0;Z01
201500006991;0;30;0;0;2;1;1;B02
201500006992;0;7;0;0;2;1;17;A01
201500006992;0;7;0;0;2;1;1;B02
201500006992;0;7;0;0;2;1;1;C03
201500006993;0;7;0;0;1;2;1;A01
201500006994;0;7;0;13;0;1;1;A01
201500006995;0;31;0;0;2;1;13;A01
201500006995;0;7;0;0;2;3;1;B02
201500006996;0;7;0;0;2;3;1;A01
201500006996;0;1;0;0;2;4;15;B02
201500006997;0;7;0;0;2;3;13;A01
201500006997;0;30;0;0;2;1;1;B02
201500006998;0;7;0;0;2;2;1;A01
201500006998;0;2;0;0;2;5;15;B02
201500006999;0;7;0;0;2;9;13;A01
201500006999;0;2;0;0;2;8;1;B02
201500006999;0;7;0;0;2;1;1;C03
201500007000;0;7;0;13;0;2;14;A01
201500007001;0;7;0;6;0;1;0;A01
201500007002;0;10;0;13;0;9;1;A01
201500007003;0;10;0;13;0;9;1;A01
201500007004;0;7;0;0;2;1;13;A01
201500007004;0;7;0;0;2;1;2;B02
201500007005;0;7;0;0;2;1;1;A01
201500007005;0;7;0;0;2;3;19;B02
201500007006;0;10;0;0;2;7;13;A01
201500007006;0;7;0;0;2;1;1;B02
201500007007;0;10;0;0;2;2;23;A01
201500007007;0;10;0;0;2;3;1;B02
201500007008;0;30;0;0;2;1;1;A01
201500007008;0;21;0;0;2;8;1;B02
201500007009;0;7;0;0;2;1;13;A01
201500007009;0;7;0;0;2;1;0;B02
201500007010;0;7;0;0;2;5;1;A01
201500007010;0;33;0;0;2;1;1;B02
201500007011;0;7;0;0;2;1;17;A01
201500007011;0;7;0;0;2;1;1;B02
201500007012;0;7;0;13;0;3;13;A01
201500007013;0;7;0;0;2;1;5;A01
201500007013;0;7;0;0;2;1;1;B02
201500007014;0;15;0;0;2;8;13;A01
201500007014;0;7;0;0;2;1;1;B02
201500007015;0;10;0;0;0;1;9;A01
201500007015;0;7;0;0;0;7;1;B02
201500007016;0;7;0;0;2;3;19;A01
201500007016;0;2;0;0;0;8;1;B02
201500007017;0;7;0;0;2;1;2;A01
201500007017;0;7;0;0;2;4;23;B02
201500007017;0;7;0;0;0;4;23;C03
201500007018;0;36;0;0;0;0;0;A01
201500007019;0;7;0;0;1;1;15;A01
201500007020;0;7;0;0;2;1;1;B02
201500007020;0;7;0;0;2;1;1;A01
201500007021;0;7;0;0;2;3;0;A01
201500007021;0;7;0;0;2;1;0;B02
201500007022;0;2;0;0;1;8;1;A01
201500007023;0;7;0;0;1;7;20;A01
201500007024;0;7;0;0;2;3;1;A01
201500007024;0;99;0;0;2;3;23;B02
201500007025;0;7;0;0;2;3;13;A01
201500007025;0;7;0;0;2;3;1;B02
201500007026;0;7;0;0;2;1;13;A01
201500007026;0;33;0;0;2;1;1;B02