num_acc;senc;catv;occutc;obs;obsm;choc;manv;num_veh
201500007027;0;7;0;0;2;3;15;A01
201500007027;0;7;0;0;2;8;1;B02
201500007028;0;7;0;8;0;1;13;A01
201500007029;0;7;0;2;0;8;13;A01
201500007030;0;7;0;0;2;3;9;A01
201500007030;0;30;0;0;2;1;1;B02
201500007031;0;30;0;0;1;1;1;A01
201500007032;0;31;0;13;0;0;1;A01
201500007032;0;31;0;0;2;1;2;B02
201500007033;0;15;0;0;2;3;1;A01
201500007033;0;7;0;0;2;5;9;B02
201500007034;0;7;0;0;0;9;1;A01
201500007035;0;31;0;0;2;1;13;A01
201500007035;0;7;0;0;2;2;1;B02
201500007036;0;21;0;0;2;8;1;A01
201500007036;0;30;0;0;2;3;1;B02
201500007037;0;7;0;6;0;1;1;A01
201500007038;0;1;0;1;0;7;1;A01
201500007038;1;7;0;0;2;8;24;B02
201500007039;0;7;0;0;2;1;13;A01
201500007039;0;10;0;0;2;1;1;B02
201500007039;0;7;0;0;2;1;1;C03
201500007040;0;32;0;0;2;1;15;A01
201500007040;0;7;0;0;2;3;1;B02
201500007041;0;7;0;13;0;3;1;A01
201500007042;0;7;0;0;2;1;1;B02
201500007042;0;7;0;0;2;5;19;A01
201500007043;0;7;0;0;0;9;1;A01
201500007044;0;7;0;13;0;1;1;A01
201500007045;0;7;0;3;0;1;1;A01
201500007046;0;7;0;8;0;3;1;A01
201500007047;2;7;0;0;2;1;1;A01
201500007047;0;7;0;0;2;3;1;B02
201500007048;0;10;0;0;0;5;0;A01
201500007048;0;7;0;0;0;1;0;B02
201500007049;0;7;0;0;2;2;6;A01
201500007049;0;7;0;0;2;7;1;B02
201500007050;0;7;0;0;2;1;1;A01
201500007050;0;7;0;0;2;1;1;B02
201500007051;0;7;0;0;0;9;1;A01
201500007052;0;21;0;0;2;4;1;A01
201500007052;0;10;0;0;2;1;2;B02
201500007053;0;7;0;0;1;1;1;A01
201500007054;0;7;0;0;2;3;13;A01
201500007054;0;7;0;0;2;1;1;B02
201500007054;0;7;0;0;2;9;1;C03
201500007054;0;7;0;3;0;9;1;D04
201500007055;0;7;0;0;0;1;15;A01
201500007056;0;1;0;0;2;3;2;A01
201500007056;0;2;0;0;2;1;1;B02
201500007057;0;7;0;13;0;1;14;A01
201500007058;0;7;0;6;0;3;0;A01
201500007059;0;7;0;0;1;2;1;A01
201500007060;0;7;0;0;1;7;1;A01
201500007061;0;7;0;6;0;1;15;A01
201500007062;0;38;1;0;2;2;15;A01
201500007062;0;31;0;0;2;5;1;B02
201500007063;0;10;0;0;2;2;15;A01
201500007063;0;7;0;0;2;3;1;B02
201500007064;0;7;0;2;0;8;1;A01
201500007065;0;7;0;0;2;3;1;A01
201500007065;0;7;0;0;2;3;1;B02
201500007066;0;10;0;0;2;3;15;A01
201500007066;0;7;0;0;2;7;1;B02
201500007067;0;31;0;5;0;0;13;A01
201500007068;0;36;0;0;2;3;9;A01
201500007068;0;7;0;0;2;2;1;B02
201500007069;0;10;0;0;2;3;1;A01
201500007069;0;33;0;0;2;1;13;B02
201500007070;0;10;0;0;9;2;17;A01
201500007070;0;1;0;0;2;4;1;B02
201500007071;0;7;0;0;1;7;1;A01
201500007072;0;7;0;0;2;8;15;A01
201500007072;0;7;0;0;2;1;1;B02
201500007073;0;7;0;0;2;2;13;A01
201500007073;0;7;0;0;2;1;1;B02
201500007074;0;7;0;13;0;1;1;A01
201500007075;0;7;0;0;2;3;1;A01
201500007075;0;7;0;0;2;8;1;B02
201500007075;0;7;0;0;2;3;1;C03
201500007076;0;7;0;16;0;9;19;A01
201500007077;0;7;0;6;0;7;1;A01
201500007078;0;33;0;6;0;8;13;A01
201500007079;0;31;0;0;2;4;15;A01
201500007079;0;31;0;0;2;1;1;B02
201500007080;0;7;0;0;2;3;13;A01
201500007080;0;33;0;0;2;1;1;B02
201500007081;0;7;0;13;0;0;14;A01
201500007082;0;7;0;13;0;0;1;A01
201500007083;0;7;0;7;0;2;1;A01
201500007084;0;7;0;0;2;1;1;A01
201500007084;0;7;0;0;2;3;15;B02
201500007085;0;7;0;0;2;3;1;A01
201500007085;0;7;0;0;2;7;13;B02
201500007086;0;30;0;0;2;8;19;A01
201500007086;0;7;0;0;2;1;1;B02
201500007087;0;30;0;0;2;1;5;A01
201500007087;0;7;0;0;2;3;1;B02
201500007088;0;33;0;12;0;1;1;A01
201500007089;0;10;0;0;0;3;1;A01
201500007090;0;30;0;0;2;1;1;A01
201500007090;0;7;0;0;2;3;5;B02
201500007090;0;7;0;0;2;8;1;C03
201500007091;0;7;0;0;2;3;13;A01
201500007091;0;7;0;0;2;3;14;B02
201500007092;0;17;0;0;0;5;23;A01
201500007092;0;30;0;0;2;1;1;B02
201500007093;0;30;0;0;2;1;1;B02
201500007093;0;3;0;0;2;3;16;A01
201500007094;0;33;0;0;2;1;13;A01
201500007094;0;7;0;0;2;3;1;B02
201500007095;0;7;0;2;0;3;0;A01
201500007096;0;7;0;2;0;3;1;A01
201500007097;0;7;0;0;2;3;1;A01
201500007097;0;7;0;0;2;3;1;B02
201500007098;0;30;0;0;2;1;1;A01
201500007098;0;7;0;0;2;3;1;B02
201500007099;0;30;0;0;2;1;1;A01
201500007099;0;7;0;0;2;3;1;B02
201500007100;0;33;0;0;0;9;1;A01
201500007101;0;33;0;0;0;1;0;A01
201500007102;0;33;0;0;2;1;1;A01
201500007102;0;7;0;0;2;3;1;B02
201500007103;0;7;0;0;1;3;1;A01
201500007104;0;31;0;0;5;0;1;A01
201500007105;0;7;0;0;2;3;1;B02
201500007105;0;33;0;0;2;1;13;A01
201500007106;0;7;0;0;0;0;1;A01
201500007107;0;33;0;0;2;7;1;A01
201500007107;0;7;0;0;2;2;13;B02
201500007108;0;7;0;0;1;2;1;A01
201500007109;0;7;0;0;2;1;13;A01
201500007109;0;7;0;0;2;1;1;B02
201500007110;0;33;0;0;0;9;0;A01
201500007111;0;7;0;0;1;1;1;A01
201500007112;0;33;0;0;9;1;1;A01
201500007113;0;7;0;2;0;8;1;A01
201500007114;0;33;0;0;2;3;13;A01
201500007114;0;7;0;0;2;6;1;B02
201500007114;0;7;0;0;2;1;24;C03
201500007115;0;7;0;0;2;8;10;A01
201500007115;0;33;0;0;2;1;1;B02
201500007116;0;7;0;0;2;3;13;A01
201500007116;0;7;0;0;2;6;1;C03
201500007116;0;7;0;0;2;1;1;B02
201500007116;0;7;0;0;2;8;1;E05
201500007116;0;7;0;0;2;8;1;D04
201500007117;0;10;0;0;1;3;1;A01
201500007118;0;7;0;13;2;5;9;A01
201500007118;0;7;0;0;2;1;1;B02
201500007119;0;7;0;0;0;4;2;A01
201500007119;0;33;0;0;2;1;1;B02
201500007120;0;7;0;13;0;1;1;A01
201500007121;0;2;0;0;2;3;13;A01
201500007121;0;7;0;0;2;3;1;B02
201500007122;0;7;0;0;2;1;17;A01
201500007122;0;7;0;0;2;1;1;B02
201500007123;0;7;0;0;2;3;0;A01
201500007123;0;33;0;0;2;3;0;B02
201500007124;0;10;0;13;0;5;0;A01
201500007125;0;7;0;8;0;1;1;A01
201500007126;0;7;0;2;0;9;0;A01
201500007127;0;7;0;0;2;2;13;A01
201500007127;0;10;0;0;0;8;1;B02
201500007128;0;7;0;0;2;2;13;A01
201500007128;0;7;0;0;2;2;13;B02
201500007129;0;7;0;0;2;3;9;A01
201500007129;0;30;0;0;2;1;1;B02
201500007130;0;10;0;0;2;3;21;A01
201500007130;0;10;0;0;2;3;0;B02
201500007131;0;33;0;3;0;7;1;A01
201500007132;0;7;0;0;0;9;0;A01
201500007133;0;7;0;13;0;1;13;A01
201500007134;0;30;0;0;9;0;1;A01
201500007135;0;7;0;0;2;3;1;A01
201500007135;0;2;0;0;2;1;9;B02
201500007136;0;7;0;0;2;1;1;B02
201500007136;0;7;0;0;2;1;17;A01
201500007137;0;7;0;0;2;1;19;A01
201500007137;0;2;0;0;2;8;1;B02
201500007138;0;7;0;0;2;2;0;A01
201500007138;0;7;0;0;2;1;1;B02
201500007138;0;7;0;0;2;3;1;C03
201500007139;0;7;0;2;0;7;1;A01
201500007140;0;3;0;0;2;8;19;A01
201500007140;0;7;0;0;2;2;1;B02
201500007141;0;7;0;0;1;3;1;A01
201500007142;0;7;0;13;0;9;13;A01
201500007143;0;7;0;0;2;2;13;A01
201500007143;0;7;0;0;2;1;1;B02
201500007144;0;7;0;0;2;1;1;A01
201500007144;0;7;0;0;2;1;1;B02
201500007145;0;7;0;0;2;1;9;A01
201500007145;0;99;0;0;2;3;1;B02
201500007145;0;10;0;0;2;3;1;C03
201500007146;0;1;0;0;2;1;18;A01
201500007146;0;7;0;0;9;2;16;B02
201500007147;0;7;0;0;2;1;13;A01
201500007147;0;7;0;0;2;1;1;B02
201500007148;0;7;0;2;0;1;1;A01
201500007149;0;7;0;0;0;4;23;A01
201500007149;0;7;0;0;2;1;1;B02
201500007150;0;7;0;0;2;2;1;A01
201500007150;0;7;0;0;2;1;1;B02
201500007151;0;7;0;2;0;9;1;A01
201500007152;0;10;0;0;0;8;1;A01
201500007152;0;1;0;0;2;1;19;B02
201500007153;0;7;0;0;1;4;4;A01
201500007154;0;1;0;0;2;0;1;A01
201500007154;0;7;0;0;2;0;1;B02
201500007155;0;33;0;0;0;0;0;A01
201500007156;0;7;0;0;2;8;1;A01
201500007156;0;33;0;0;2;4;1;B02
201500007157;0;1;0;0;2;1;1;B02
201500007157;0;7;0;0;2;2;15;A01
201500007158;0;7;0;0;9;2;0;A01
201500007158;0;1;0;0;2;3;0;B02
201500007159;0;7;0;0;1;1;1;A01
201500007160;0;14;0;0;0;0;15;A01
201500007160;0;2;0;0;2;0;21;B02
201500007161;0;7;0;0;2;8;10;A01
201500007161;0;33;0;0;2;1;17;B02
201500007162;0;17;0;0;2;6;15;A01
201500007162;0;33;0;0;2;1;1;B02
201500007163;0;2;0;0;2;1;1;B02
201500007163;0;7;0;0;0;8;20;A01
201500007164;0;32;0;0;0;0;16;A01
201500007165;0;10;0;0;0;6;11;A01
201500007165;0;33;0;0;2;1;17;B02
201500007166;0;7;0;0;2;2;1;A01
201500007166;0;10;0;0;2;3;1;B02
201500007167;0;10;0;2;0;1;1;A01
201500007168;0;31;0;0;2;3;15;A01
201500007168;0;7;0;0;2;3;1;B02
201500007169;0;7;0;0;2;1;1;B02
201500007169;0;7;0;0;2;1;13;A01
201500007170;0;7;0;0;2;3;19;A01
201500007170;0;2;0;0;2;1;1;B02
201500007171;0;7;0;2;0;6;1;A01
201500007172;0;7;0;6;0;1;0;A01
201500007173;0;14;0;0;1;2;1;A01
201500007174;0;7;0;0;1;1;1;A01
201500007175;0;7;0;0;1;7;1;A01
201500007176;0;7;0;0;1;2;1;A01
201500007177;0;7;0;0;2;3;1;B01
201500007177;0;30;0;0;2;3;9;A01
201500007178;0;10;0;;;;;B02
201500007178;0;7;0;;2;1;1;A01
201500007179;0;7;0;0;2;6;15;A01
201500007179;0;2;0;0;2;7;17;B01
201500007180;0;7;0;0;1;7;1;A01
201500007181;0;7;0;0;1;3;1;A01
201500007182;0;7;0;0;1;3;0;A01
201500007183;0;7;0;0;2;1;1;A01
201500007183;0;7;0;0;2;4;1;B01
201500007184;0;7;0;0;1;1;1;A01
201500007185;0;7;0;0;1;1;1;A01
201500007186;0;7;0;0;2;3;1;A01
201500007186;0;7;0;0;2;3;1;B02
201500007186;0;10;0;0;0;8;1;C03
201500007187;0;7;0;0;0;0;1;A01
201500007188;0;1;0;0;0;1;15;A01
201500007188;0;7;0;0;0;2;1;B02
201500007189;0;10;0;2;0;1;14;A01
201500007190;0;10;0;0;1;1;1;A01
201500007191;0;7;0;2;0;2;14;A01
201500007192;0;7;0;6;0;1;1;A01
201500007193;0;10;0;0;0;3;15;A01
201500007193;0;1;0;0;2;1;1;B02
201500007194;0;7;0;0;1;4;20;A01
201500007195;0;7;0;2;0;2;1;A01
201500007196;0;7;0;8;0;1;11;A01
201500007197;0;7;0;0;2;7;2;A01
201500007197;0;1;0;0;2;8;2;B02
201500007198;0;7;0;0;2;2;1;B02
201500007198;0;21;0;0;2;1;1;A01
201500007199;0;33;0;0;2;1;0;B02
201500007199;0;7;0;0;2;3;13;A01
201500007200;0;7;0;2;0;8;1;A01
201500007201;0;33;0;0;2;1;1;B02
201500007201;0;7;0;0;2;3;15;A01
201500007202;0;7;0;0;2;3;16;B02
201500007202;0;1;0;0;2;1;15;A01
201500007203;0;2;0;0;2;4;2;A01
201500007203;0;10;0;0;2;1;2;B02
201500007204;0;7;0;0;2;2;1;A01
201500007204;0;1;0;0;2;4;1;B02
201500007205;0;7;0;0;2;1;13;A01
201500007205;0;7;0;0;2;1;1;B02
201500007206;0;7;0;11;0;3;13;A01
201500007207;0;7;0;13;0;2;1;A01
201500007208;0;21;0;13;0;2;1;A01
201500007209;0;7;0;0;0;1;1;B02
201500007209;0;7;0;0;0;1;13;A01
201500007210;0;7;0;13;0;0;1;A01
201500007211;0;7;0;0;2;1;1;B02
201500007211;0;7;0;0;2;1;5;A01
201500007212;0;33;0;1;0;1;1;A01
201500007213;0;7;0;0;2;1;1;A01
201500007213;0;7;0;0;2;1;1;B02
201500007214;0;7;0;0;2;3;13;A01
201500007214;0;7;0;0;2;3;1;B02
201500007215;1;99;0;0;1;1;1;A01
201500007216;0;7;0;13;0;2;14;A01
201500007217;0;33;0;8;0;1;1;A01
201500007218;0;7;0;0;2;1;1;B02
201500007218;0;31;0;0;2;8;15;A01
201500007219;0;7;0;0;2;3;1;A01
201500007219;0;30;0;0;2;1;1;B02
201500007220;0;30;0;0;0;7;2;A01
201500007221;0;7;0;0;0;2;1;B02
201500007221;0;7;0;0;0;6;9;A01
201500007222;0;7;0;6;0;2;1;A01
201500007223;0;33;0;0;2;1;17;A01
201500007223;0;7;0;0;2;3;1;B02
201500007223;0;7;0;0;2;3;2;C03
201500007224;0;7;0;0;0;6;1;A01
201500007224;0;1;0;0;2;0;17;B02
201500007225;0;10;0;0;0;2;19;A01
201500007225;0;33;0;0;2;1;1;B02
201500007226;0;33;0;0;1;1;21;A01
201500007227;0;7;0;0;6;0;2;A01
201500007228;0;30;0;0;0;8;1;A01
201500007228;0;7;0;0;2;2;19;B02
201500007229;0;7;0;0;2;3;1;B02
201500007229;0;7;0;0;2;3;13;A01
201500007229;0;7;0;0;2;8;1;C03
201500007230;0;30;0;0;1;1;1;A01
201500007231;1;17;0;0;2;2;2;A01
201500007231;0;1;0;0;0;6;2;B02
201500007232;0;21;0;0;2;0;19;A01
201500007232;0;7;0;0;2;1;0;B02
201500007233;0;7;0;0;2;7;15;A01
201500007233;0;36;0;0;2;1;1;B02
201500007234;0;7;0;0;2;1;13;A01
201500007234;0;7;0;0;2;1;1;B02
201500007235;0;7;0;0;2;5;4;A01
201500007235;0;2;0;0;2;3;21;B02
201500007236;0;10;0;0;2;8;19;A01
201500007236;0;7;0;0;2;2;1;B02
201500007237;0;33;0;16;0;8;1;A01
201500007238;0;33;0;0;0;8;1;A01
201500007239;0;7;0;0;2;1;5;A01
201500007239;0;7;0;0;2;1;1;B02
201500007240;0;7;0;0;2;4;13;A01
201500007240;0;7;0;0;2;1;1;B02
201500007241;0;30;0;6;0;7;1;A01
201500007242;0;7;0;0;9;2;13;A01
201500007242;0;1;0;0;0;5;19;B02
201500007243;0;33;0;0;2;8;1;B02
201500007243;0;7;0;0;0;3;15;A01
201500007244;0;7;0;13;0;1;13;A01
201500007245;0;10;0;0;2;1;0;A01
201500007245;0;7;0;0;2;1;0;B02
201500007246;0;31;0;0;0;0;1;A01
201500007247;0;7;0;7;0;9;1;A01
201500007248;0;7;0;0;1;7;1;A01
201500007249;0;7;0;2;0;8;13;A01
201500007250;0;2;0;16;0;1;1;A01
201500007251;0;7;0;0;2;3;13;A01
201500007251;0;7;0;0;2;3;1;B02
201500007252;0;7;0;2;0;3;0;A01
201500007253;0;7;0;0;2;5;0;A01
201500007253;0;31;0;0;2;1;1;B02
201500007254;0;2;0;0;2;1;0;B02
201500007254;0;7;0;0;2;8;15;A01
201500007255;0;99;0;0;2;1;1;A01
201500007255;0;99;0;0;0;4;1;B02
201500007255;0;99;0;0;2;9;1;C03
201500007256;0;7;0;0;2;2;2;A01
201500007256;0;7;0;0;2;6;1;B02
201500007256;0;7;0;0;0;0;0;C03
201500007257;0;7;0;0;2;5;13;A01
201500007257;0;7;0;0;2;3;2;B02
201500007258;0;7;0;;1;1;1;A01
201500007259;0;31;0;0;2;1;1;A01
201500007259;0;7;0;;2;1;17;A02
201500007260;0;33;0;;1;1;17;A01
201500007261;0;33;0;0;2;8;0;A01
201500007261;0;7;0;0;2;8;13;B01
201500007262;0;7;0;0;2;0;11;A01
201500007262;0;33;0;0;2;2;1;B01
201500007263;0;7;0;0;2;8;10;A01
201500007263;0;33;0;0;2;1;1;B02
201500007264;0;7;0;0;2;3;0;B01
201500007264;0;3;0;0;2;3;13;A01
201500007265;0;7;0;0;2;8;0;B01
201500007265;0;33;0;0;2;1;5;A01
201500007266;0;7;0;;2;2;15;A01
201500007266;0;33;0;;2;1;;B01
201500007267;0;7;0;;1;0;24;A01
201500007268;0;7;0;0;2;7;21;B02
201500007268;0;7;0;0;2;2;13;A01
201500007269;0;7;0;12;0;1;1;A01
201500007270;0;7;0;4;0;9;14;A01
201500007271;0;7;0;0;2;3;13;A01
201500007271;0;15;0;0;2;3;0;B02
201500007272;0;7;0;0;2;7;13;A01
201500007272;0;7;0;0;2;1;1;B02
201500007273;0;7;0;13;0;0;1;A01
201500007274;0;33;0;0;2;1;1;A01
201500007274;0;7;0;0;2;2;9;B02
201500007275;0;7;0;0;2;3;13;A01
201500007275;0;7;0;0;2;3;1;B02
201500007276;0;7;0;4;0;7;13;A01
201500007277;0;7;0;13;0;9;1;A01
201500007278;0;2;0;10;0;3;13;A01
201500007279;0;7;0;0;2;3;9;A01
201500007279;0;33;0;0;2;1;1;B02
201500007280;0;7;0;10;0;3;13;A01
201500007281;0;31;0;0;1;1;1;A01
201500007282;0;7;0;16;0;1;1;A01
201500007283;0;7;0;15;0;9;14;A01
201500007284;0;10;0;10;0;1;1;A01
201500007285;0;7;0;0;2;1;1;B02
201500007285;0;7;0;0;2;8;19;A01
201500007286;0;10;0;0;1;4;4;A01
201500007287;0;7;0;0;0;9;19;A01
201500007288;0;7;0;0;1;7;1;A01
201500007289;0;7;0;0;2;3;19;A01
201500007289;0;14;0;0;2;2;1;B02
201500007290;0;38;2;0;0;0;1;A01
201500007291;0;7;0;0;2;1;1;A01
201500007291;0;7;0;0;2;1;1;B02
201500007292;0;7;0;0;9;7;15;A01
201500007292;0;1;0;0;2;1;1;B02
201500007293;0;33;0;6;0;1;1;A01
201500007294;0;7;0;0;2;3;13;A01
201500007294;0;15;0;0;2;3;1;B02
201500007294;0;7;0;0;2;2;1;C03
201500007295;0;7;0;0;1;3;1;A01
201500007296;0;33;0;15;0;1;2;A01
201500007297;0;7;0;0;0;1;17;A01
201500007298;0;7;0;1;0;8;22;A01
201500007298;0;1;0;1;2;8;0;B02
201500007299;0;33;0;0;0;0;1;A01
201500007300;0;7;0;2;0;1;1;A01
201500007301;0;10;0;0;2;1;17;A01
201500007301;0;7;0;0;2;1;1;B02
201500007302;0;10;0;0;0;8;15;A01
201500007302;0;33;0;0;0;1;17;B02
201500007303;0;7;0;0;1;2;1;A01
201500007304;0;7;0;0;0;8;16;A01
201500007304;0;7;0;0;0;7;1;B02
201500007305;0;7;0;0;0;2;1;B02
201500007305;0;30;0;0;0;4;2;A01
201500007306;0;7;0;0;2;7;1;A01
201500007306;0;7;0;0;2;1;1;B02
201500007307;0;7;0;0;0;3;9;A01
201500007307;0;37;1;0;0;1;1;B02
201500007308;0;7;0;0;1;1;1;A01
201500007309;0;7;0;0;2;1;1;A01
201500007309;0;7;0;0;2;1;17;B02
201500007310;0;33;0;0;2;3;1;B02
201500007310;0;7;0;0;2;1;19;A01
201500007311;0;7;0;0;2;2;17;A01
201500007311;0;1;0;0;2;4;1;B02
201500007312;0;7;0;1;1;7;1;A01
201500007313;0;7;0;0;2;8;15;A01
201500007313;0;33;0;0;2;1;17;B02
201500007314;0;33;0;0;0;0;1;A01
201500007315;0;7;0;0;2;5;15;A01
201500007315;0;33;0;0;2;7;1;B02
201500007316;0;7;0;0;2;1;9;A01
201500007316;0;7;0;0;2;1;1;B02
201500007317;0;7;0;0;2;1;5;A01
201500007317;0;10;0;0;2;8;1;B02
201500007317;0;7;0;0;2;2;1;D04
201500007317;0;7;0;0;2;1;1;C03
201500007318;0;7;0;13;0;3;1;A01
201500007319;0;7;0;0;2;2;17;A01
201500007319;0;7;0;0;2;6;0;B02
201500007320;0;33;0;0;2;8;5;A01
201500007320;0;7;0;0;2;3;1;B02
201500007321;0;7;0;0;2;1;2;A01
201500007321;0;33;0;0;2;4;2;B02
201500007322;0;33;0;0;0;1;1;A01
201500007323;0;10;0;0;9;2;2;A01
201500007323;0;1;0;0;2;4;2;B02
201500007324;0;33;0;0;0;6;15;A01
201500007324;0;33;0;0;2;2;2;B02
201500007325;0;21;0;0;2;1;0;A01
201500007325;0;7;0;0;2;1;13;B02
201500007326;0;15;0;0;2;5;20;A01
201500007326;0;7;0;0;2;2;20;B02
201500007327;0;33;0;0;2;8;13;A01
201500007327;0;7;0;0;2;8;21;B02
201500007328;0;1;0;0;0;1;1;A01
201500007329;0;33;0;3;0;1;1;A01
201500007330;0;99;0;13;0;5;1;A01
201500007331;0;7;0;0;2;3;13;A01
201500007331;0;7;0;0;2;3;0;B02
201500007332;0;30;0;13;0;1;1;A01
201500007333;0;7;0;0;2;2;17;A01
201500007333;0;21;0;0;2;6;15;B02
201500007334;0;10;0;0;2;3;1;A01
201500007334;0;7;0;0;2;2;13;B02
201500007335;0;33;0;0;2;1;1;A01
201500007335;0;7;0;0;2;3;13;B02
201500007336;0;15;0;0;2;8;20;C03
201500007336;0;7;0;0;2;1;1;B02
201500007336;0;7;0;0;2;1;1;A01
201500007337;0;36;0;0;0;1;1;A01
201500007338;0;7;0;0;2;1;13;A01
201500007338;0;7;0;0;2;3;1;B02
201500007339;0;33;0;0;2;1;13;A01
201500007339;0;7;0;0;2;3;1;B02
201500007340;0;7;0;0;2;3;15;A01
201500007340;0;7;0;0;2;3;1;B02
201500007341;0;7;0;0;2;8;10;A01
201500007341;0;15;0;0;2;1;1;B02
201500007342;0;7;0;0;2;2;1;B02
201500007342;0;7;0;0;2;3;15;A01
201500007343;0;7;0;13;0;3;1;A01
201500007344;0;14;0;0;1;1;1;A01
201500007345;0;33;0;1;0;7;0;A01
201500007345;0;7;0;0;0;6;0;B02
201500007346;0;31;0;12;0;1;1;A01
201500007347;0;34;0;0;2;1;17;A01
201500007347;0;7;0;0;2;3;15;B02
201500007348;0;7;0;0;2;1;1;A01
201500007348;0;30;0;0;2;3;15;B02
201500007349;0;7;0;0;2;3;1;A01
201500007349;0;10;0;0;2;3;1;B02
201500007350;0;7;0;0;2;3;1;A01
201500007350;0;7;0;0;2;3;1;B02
201500007351;0;7;0;13;0;1;1;A01
201500007352;0;7;0;0;2;3;5;A01
201500007352;0;10;0;0;2;6;1;B02
201500007352;0;7;0;0;2;3;1;C03
201500007353;0;7;0;8;0;2;1;A01
201500007354;0;7;0;13;0;9;1;A01
201500007354;0;7;0;0;0;2;21;B02
201500007355;0;10;0;13;0;1;1;A01
201500007356;0;7;0;13;0;1;1;A01
201500007357;0;14;0;0;2;3;0;A01
201500007357;0;7;0;0;2;3;13;B02
201500007358;0;7;0;0;0;9;19;A01
201500007359;0;7;0;0;2;2;5;A01
201500007359;0;7;0;0;2;1;1;B02
201500007360;0;17;0;6;0;1;13;A01
201500007361;0;33;0;0;2;1;2;B02
201500007361;0;7;0;0;0;5;2;A01
201500007362;0;7;0;0;2;3;9;A01
201500007362;0;32;0;0;2;7;1;B02
201500007363;0;33;0;13;0;0;1;A01
201500007364;0;7;0;2;0;3;1;A01
201500007365;0;7;0;0;6;1;1;B02
201500007365;0;33;0;0;6;1;1;A01
201500007366;0;30;0;0;2;1;1;A01
201500007366;0;7;0;0;2;3;15;B02
201500007367;0;10;0;0;2;1;13;A01
201500007367;0;7;0;0;2;1;1;B02
201500007368;0;7;0;0;1;2;1;A01
201500007369;0;7;0;13;0;1;1;A01
201500007370;0;7;0;0;2;3;17;A01
201500007370;0;33;0;0;2;2;17;B02
201500007371;0;7;0;0;0;4;2;B02
201500007371;0;7;0;0;0;1;2;A01
201500007372;0;7;0;0;2;3;13;B02
201500007372;0;7;0;0;2;1;13;A01
201500007373;0;1;0;0;6;1;1;A01
201500007374;0;21;0;0;0;0;15;B02
201500007374;0;33;0;0;2;0;17;A01
201500007375;0;33;0;13;0;8;16;A01
201500007376;0;7;0;0;2;2;13;A01
201500007376;0;7;0;0;2;1;1;B02
201500007377;0;7;0;2;0;8;1;A01
201500007378;0;33;0;0;0;8;0;A01
201500007379;0;33;0;0;6;1;1;A01
201500007380;0;7;0;0;2;1;1;A01
201500007380;0;7;0;0;2;3;19;B02
201500007381;0;7;0;0;2;2;1;B02
201500007381;0;7;0;0;2;8;9;A01
201500007382;0;10;0;0;9;2;17;A01
201500007382;0;1;0;0;0;0;1;B02
201500007383;0;30;0;12;0;8;1;A01
201500007384;0;7;0;0;2;2;1;A01
201500007384;0;7;0;0;2;2;1;B02
201500007385;0;1;0;0;2;7;1;A01
201500007386;0;30;0;12;0;1;15;A01
201500007387;0;7;0;0;1;2;1;A01
201500007388;0;7;0;1;0;1;16;A01
201500007389;0;33;0;16;0;7;14;A01
201500007390;0;14;0;0;0;7;14;A01
201500007391;0;15;0;4;2;1;19;D04
201500007391;0;7;0;14;0;0;21;C03
201500007391;0;7;0;14;0;0;21;B02
201500007391;0;7;0;0;2;8;21;A01
201500007392;0;7;0;11;0;1;1;A01
201500007393;0;7;0;3;0;2;1;A01
201500007394;0;7;0;0;1;3;1;A01
201500007395;0;7;0;3;0;1;1;A01
201500007396;0;7;0;0;2;1;2;B02
201500007396;0;15;0;4;0;1;6;A01
201500007397;0;10;0;4;2;7;13;B02
201500007397;0;10;0;0;2;2;1;C03
201500007397;0;10;0;0;2;3;13;A01
201500007398;0;7;0;4;0;3;13;A01
201500007399;0;15;0;6;0;2;14;A01
201500007400;0;15;0;0;2;1;1;A01
201500007400;0;10;0;3;0;4;1;B02
201500007401;0;7;0;3;0;1;14;A01
201500007402;0;7;0;4;2;7;14;A01
201500007402;0;15;0;0;2;8;1;B02
201500007403;0;17;0;6;0;5;21;A01
201500007403;0;17;0;0;9;1;1;B02
201500007403;0;7;0;0;9;1;0;C03
201500007403;0;7;0;0;9;1;1;D04
201500007403;0;7;0;0;9;1;0;E05
201500007403;0;7;0;0;9;1;1;F06
201500007403;0;7;0;0;9;1;1;G07
201500007404;0;7;0;0;2;1;19;A01
201500007404;0;7;0;8;2;3;1;B02
201500007405;1;7;0;0;2;1;1;Z02
201500007405;0;7;0;0;2;8;1;A01
201500007406;0;17;0;0;2;2;14;A01
201500007406;0;17;0;0;2;6;23;B02
201500007407;0;2;0;0;2;1;5;A01
201500007407;0;7;0;0;2;1;1;B02
201500007408;0;7;0;0;2;1;2;A01
201500007408;0;7;0;0;2;4;2;B02
201500007409;0;10;0;0;2;7;15;A01
201500007409;0;30;0;0;2;1;1;B02
201500007410;0;7;0;0;2;2;15;A01
201500007410;0;7;0;0;2;3;1;B02
201500007411;0;7;0;2;0;7;13;A01
201500007412;0;7;0;0;2;8;11;A01
201500007412;0;7;0;0;2;1;1;B02
201500007413;0;7;0;6;0;2;1;A01