num_acc;senc;catv;occutc;obs;obsm;choc;manv;num_veh
201500007414;0;7;0;3;0;3;13;A01
201500007415;0;33;0;0;2;1;21;A01
201500007415;0;7;0;0;2;3;10;B02
201500007416;0;7;0;0;2;2;1;A01
201500007416;0;15;0;0;2;6;1;B02
201500007417;0;38;1;0;2;2;1;B02
201500007417;0;7;0;0;0;4;1;A01
201500007418;0;33;0;0;2;1;1;A01
201500007418;0;7;0;0;2;4;1;B02
201500007419;0;7;0;0;2;1;13;A01
201500007419;0;14;0;0;2;1;1;B02
201500007420;0;7;0;0;2;2;21;A01
201500007420;0;7;0;0;2;2;15;B02
201500007421;0;7;0;4;2;3;1;A01
201500007421;0;14;0;0;2;4;1;B02
201500007422;0;33;0;7;0;1;16;A01
201500007423;0;7;0;4;0;1;21;A01
201500007424;0;7;0;2;6;3;1;A01
201500007425;0;7;0;0;1;1;1;A01
201500007426;0;17;0;0;0;5;2;C03
201500007426;0;7;0;0;2;4;2;B02
201500007426;0;7;0;0;2;1;2;A01
201500007427;0;7;0;4;0;7;1;A01
201500007428;0;7;0;6;0;2;14;A01
201500007429;0;7;0;0;2;2;1;A01
201500007429;0;14;0;0;0;6;1;B02
201500007430;0;7;0;13;2;8;19;A01
201500007430;0;7;0;13;2;1;1;B02
201500007431;0;14;0;0;2;2;17;A01
201500007431;0;1;0;0;2;3;15;B02
201500007432;0;7;0;2;0;1;1;A01
201500007433;0;7;0;13;0;1;1;A01
201500007434;0;1;0;0;0;0;16;A01
201500007435;0;31;0;0;2;1;1;A01
201500007435;0;7;0;0;0;4;1;B02
201500007436;0;7;0;0;2;2;1;A01
201500007436;0;7;0;0;2;3;1;B02
201500007437;0;7;0;0;2;2;15;A01
201500007437;0;2;0;0;2;1;1;B02
201500007438;0;10;0;0;2;1;15;A01
201500007438;0;33;0;0;2;1;1;B02
201500007439;0;7;0;0;2;7;14;A01
201500007439;0;15;0;0;2;6;1;B02
201500007440;0;7;0;0;2;2;1;B02
201500007440;0;30;0;0;2;1;5;A01
201500007441;0;10;0;2;0;1;5;A01
201500007442;0;7;0;0;2;7;5;B02
201500007442;0;33;0;0;2;7;5;A01
201500007443;0;7;0;6;0;1;13;A01
201500007444;0;7;0;0;2;3;13;A01
201500007444;0;7;0;0;2;3;1;B02
201500007445;0;10;0;0;0;0;18;A01
201500007446;0;10;0;0;2;1;2;A01
201500007446;0;17;0;0;2;0;2;B02
201500007447;0;7;0;0;2;1;1;B02
201500007447;0;1;0;0;2;7;1;A01
201500007448;0;7;0;0;2;3;1;A01
201500007448;0;7;0;0;2;3;1;B02
201500007449;0;7;0;8;0;1;1;A01
201500007450;0;17;0;0;2;2;1;A01
201500007450;0;99;0;3;0;6;1;B02
201500007450;0;7;0;0;2;6;1;C03
201500007450;0;14;0;0;0;8;1;D04
201500007451;0;7;0;0;2;8;19;A01
201500007451;0;7;0;0;2;1;1;B02
201500007452;0;7;0;0;2;2;19;A01
201500007452;0;7;0;0;2;3;23;B02
201500007452;0;31;0;0;2;1;1;C03
201500007453;0;33;0;13;0;1;16;A01
201500007454;0;7;0;0;0;1;1;B02
201500007454;0;31;0;0;2;1;13;A01
201500007455;0;10;0;0;0;6;1;B02
201500007455;0;7;0;14;0;2;14;A01
201500007456;0;10;0;2;0;1;13;A01
201500007457;0;33;0;12;0;1;1;A01
201500007458;0;7;0;0;1;2;1;A01
201500007459;0;15;0;0;2;3;1;B02
201500007459;0;7;0;3;2;1;1;A01
201500007460;0;10;0;2;0;8;1;A01
201500007461;0;7;0;0;0;9;0;A01
201500007462;0;7;0;0;2;3;15;B02
201500007462;0;33;0;0;2;1;17;A01
201500007463;0;7;0;0;2;1;1;A01
201500007463;0;7;0;0;2;8;19;B02
201500007464;0;7;0;2;0;1;1;A01
201500007465;2;7;0;0;1;2;1;A01
201500007466;0;7;0;0;2;3;1;B02
201500007466;0;7;0;2;2;3;13;A01
201500007467;0;7;0;0;2;1;1;B02
201500007467;0;7;0;0;2;7;1;A01
201500007468;0;33;0;13;0;1;0;A01
201500007469;0;7;0;8;0;2;13;A01
201500007470;0;33;0;0;2;1;1;A01
201500007470;0;7;0;0;2;3;1;B02
201500007471;0;7;0;0;0;3;0;B02
201500007471;0;7;0;0;0;7;0;A01
201500007472;1;10;0;1;0;3;1;A01
201500007472;0;7;0;0;2;3;23;B02
201500007473;0;17;0;13;0;2;1;A01
201500007474;0;7;0;0;2;3;21;A01
201500007474;0;7;0;0;2;3;5;B02
201500007475;0;7;0;0;2;2;15;A01
201500007475;0;7;0;0;2;8;1;B02
201500007476;0;7;0;0;0;4;2;B02
201500007476;0;33;0;0;2;1;2;A01
201500007477;0;7;0;0;2;1;2;C03
201500007477;0;7;0;0;2;3;1;B02
201500007477;0;7;0;0;2;3;5;A01
201500007478;0;7;0;0;2;1;9;B02
201500007478;0;32;0;0;2;8;1;A01
201500007479;0;7;0;0;1;1;0;A01
201500007480;0;7;0;0;0;3;1;C03
201500007480;0;10;0;0;0;7;1;B02
201500007480;0;7;0;0;2;1;1;A01
201500007481;0;7;0;0;2;5;13;A01
201500007481;0;7;0;0;2;1;1;B02
201500007482;0;7;0;0;2;2;13;A01
201500007482;0;7;0;0;2;1;1;B02
201500007483;0;7;0;0;2;1;13;A01
201500007483;0;7;0;0;2;1;1;B02
201500007484;0;33;0;0;2;8;17;A01
201500007484;0;7;0;0;2;3;1;B02
201500007485;0;7;0;0;2;2;2;A01
201500007485;0;7;0;0;2;6;2;B02
201500007486;0;33;0;0;2;1;1;B02
201500007486;0;7;0;0;0;8;15;A01
201500007487;0;7;0;0;2;8;21;C03
201500007487;0;7;0;0;2;8;21;D04
201500007487;0;7;0;0;2;7;13;B02
201500007487;0;7;0;0;2;7;23;A01
201500007488;0;7;0;0;2;1;1;B02
201500007488;0;7;0;0;2;2;13;A01
201500007489;0;7;0;0;2;1;17;A01
201500007489;0;7;0;0;2;1;1;B02
201500007490;0;7;0;10;0;2;1;A01
201500007491;0;7;0;0;1;1;1;A01
201500007492;0;10;0;0;1;7;1;A01
201500007493;0;7;0;0;2;1;1;A01
201500007493;0;2;0;0;2;1;13;B02
201500007494;0;14;0;0;2;8;15;B02
201500007494;0;33;0;0;2;1;1;A01
201500007495;0;10;0;0;2;6;15;B02
201500007495;0;33;0;0;2;1;17;A01
201500007496;0;37;0;0;0;3;1;B02
201500007496;0;7;0;0;0;3;1;A01
201500007497;0;7;0;0;0;2;16;B02
201500007497;0;33;0;0;0;1;18;A01
201500007498;0;7;0;1;0;1;14;A01
201500007498;0;7;0;0;2;1;24;B02
201500007498;0;7;0;0;2;3;23;C03
201500007499;0;7;0;0;0;5;1;C03
201500007499;0;7;0;0;0;4;1;B02
201500007499;0;7;0;0;2;1;9;A01
201500007500;0;7;0;0;0;2;15;A01
201500007500;0;34;0;0;2;1;1;B02
201500007501;0;33;0;0;0;1;17;A01
201500007501;0;7;0;0;0;6;15;B02
201500007502;0;7;0;6;0;1;17;A01
201500007503;0;7;0;13;0;1;17;A01
201500007504;0;7;0;13;0;2;1;A01
201500007505;0;14;0;0;0;4;15;B02
201500007505;0;7;0;0;2;1;17;A01
201500007506;0;7;0;13;0;7;1;A01
201500007507;0;7;0;0;2;3;1;B02
201500007507;0;7;0;0;2;3;13;A01
201500007507;0;7;0;0;2;8;1;C03
201500007508;0;10;0;0;2;5;1;B02
201500007508;0;33;0;0;2;1;1;A01
201500007509;0;7;0;0;0;1;1;A01
201500007510;0;99;0;0;2;3;0;B02
201500007510;0;7;0;0;2;3;13;A01
201500007511;0;7;0;13;0;2;1;A01
201500007512;0;7;0;0;2;8;13;A01
201500007512;0;7;0;0;2;7;17;B02
201500007513;0;34;0;2;0;1;1;A01
201500007514;0;7;0;4;0;9;1;A01
201500007515;0;7;0;2;0;1;1;A01
201500007516;0;7;0;0;2;7;15;A01
201500007516;0;33;0;0;2;1;1;B02
201500007517;0;10;0;0;2;3;23;A01
201500007517;0;7;0;6;2;3;1;B02
201500007518;0;10;0;0;0;7;20;A01
201500007518;0;32;0;0;0;1;1;B02
201500007519;0;10;0;0;2;1;1;B02
201500007519;0;7;0;0;2;2;15;A01
201500007520;0;7;0;0;1;1;1;A01
201500007521;0;7;0;0;2;1;1;B02
201500007521;0;7;0;0;0;7;19;A01
201500007522;0;7;0;13;0;1;0;A01
201500007523;0;31;0;0;2;3;1;B02
201500007523;0;7;0;0;2;1;19;A01
201500007524;0;10;0;0;2;3;13;A01
201500007524;0;33;0;0;2;1;1;B02
201500007525;0;7;0;0;2;6;15;B02
201500007525;0;34;0;0;2;1;17;A01
201500007526;0;7;0;13;0;1;13;A01
201500007527;0;7;0;0;0;2;1;A01
201500007528;0;7;0;0;0;3;1;A01
201500007529;0;33;0;0;0;1;17;A01
201500007530;0;3;0;0;2;1;1;B02
201500007530;0;10;0;0;2;1;1;A01
201500007531;0;31;0;0;0;8;1;A01
201500007532;0;7;0;0;9;2;1;A01
201500007532;0;1;0;0;2;7;1;B02
201500007533;0;7;0;0;2;3;15;B02
201500007533;0;32;0;0;0;3;1;A01
201500007534;0;33;0;0;0;0;1;A01
201500007535;0;7;0;13;0;1;1;A01
201500007536;0;1;0;0;0;6;2;B02
201500007536;0;7;0;0;2;2;2;A01
201500007537;0;33;0;0;2;1;1;B02
201500007537;0;14;0;0;2;3;15;A01
201500007538;0;7;0;13;0;9;1;A01
201500007539;0;7;0;0;0;1;1;B02
201500007539;0;7;0;0;0;8;15;A01
201500007540;0;7;0;0;0;1;1;B02
201500007540;0;7;0;0;0;1;13;A01
201500007541;0;10;0;2;0;3;1;A01
201500007542;0;14;0;0;2;3;1;A01
201500007542;0;10;0;0;2;3;13;B02
201500007543;0;7;0;2;2;3;13;A01
201500007543;0;10;0;0;2;6;1;B02
201500007544;0;7;0;0;0;9;0;A01
201500007545;0;10;0;16;0;9;14;A01
201500007546;0;7;0;0;2;1;1;A01
201500007546;0;10;0;0;2;8;19;B02
201500007547;0;7;0;0;9;5;15;A01
201500007547;0;1;0;0;2;1;1;B02
201500007548;0;10;0;0;2;1;1;A01
201500007548;0;1;0;0;2;4;1;B02
201500007549;0;7;0;0;2;4;15;B02
201500007549;0;17;0;0;2;1;21;A01
201500007550;0;10;0;0;2;3;19;B02
201500007550;0;17;0;0;2;3;1;A01
201500007551;0;7;0;2;0;1;14;A01
201500007552;0;33;0;0;2;8;1;A01
201500007552;0;1;0;0;0;4;1;B02
201500007553;0;31;0;4;2;1;1;A01
201500007553;0;7;0;0;2;1;1;B02
201500007554;0;7;0;0;2;1;13;A01
201500007554;0;7;0;0;2;1;1;B02
201500007555;0;33;0;3;0;1;13;A01
201500007556;0;33;0;13;0;2;1;A01
201500007557;0;7;0;0;2;8;15;A01
201500007557;0;33;0;0;2;1;17;B02
201500007558;0;2;0;3;0;7;1;A01
201500007559;0;33;0;0;2;1;1;B02
201500007559;0;7;0;13;2;1;1;A01
201500007560;0;33;0;0;2;1;2;A01
201500007560;0;7;0;0;2;6;15;B02
201500007561;0;33;0;4;0;1;1;A01
201500007562;0;1;0;0;2;8;1;C03
201500007562;0;7;0;0;2;1;1;B02
201500007562;0;1;0;0;2;8;1;D04
201500007562;0;33;0;0;2;1;1;A01
201500007563;0;7;0;0;0;2;13;A01
201500007563;0;33;0;0;0;8;1;B02
201500007564;0;7;0;0;2;2;17;A01
201500007564;0;7;0;0;2;3;15;B02
201500007565;0;33;0;13;0;7;1;B02
201500007565;0;33;0;13;0;7;1;A01
201500007566;0;31;0;0;2;1;1;A01
201500007566;0;3;0;0;2;2;1;B02
201500007567;0;7;0;0;2;2;1;C03
201500007567;0;7;0;3;2;1;1;A01
201500007567;0;10;0;0;2;1;1;D04
201500007567;0;3;0;3;2;8;1;B02
201500007568;0;33;0;7;0;1;1;A01
201500007569;0;7;0;0;2;1;19;A01
201500007569;0;7;0;0;2;6;1;B02
201500007570;0;10;0;0;0;0;1;A01
201500007571;0;33;0;0;2;1;1;B02
201500007571;0;7;0;0;2;2;15;A01
201500007572;0;7;0;0;2;3;1;B02
201500007572;0;33;0;0;2;8;13;A01
201500007573;0;7;0;0;1;4;4;A01
201500007574;0;7;0;13;0;1;1;A01
201500007575;0;7;0;0;2;1;1;B02
201500007575;0;33;0;0;2;3;1;A01
201500007576;0;2;0;0;2;1;1;A01
201500007576;0;38;0;0;2;4;1;B02
201500007577;0;7;0;16;0;9;16;A01
201500007578;1;7;0;0;2;3;13;A01
201500007578;0;31;0;0;2;8;1;B02
201500007579;0;7;0;0;2;3;16;A01
201500007579;0;33;0;0;2;3;15;B02
201500007580;0;2;0;13;0;9;1;A01
201500007581;0;7;0;0;1;3;1;A01
201500007582;0;33;0;0;2;7;1;A01
201500007582;0;7;0;0;2;8;19;B02
201500007583;0;7;0;2;0;7;1;A01
201500007584;0;2;0;0;2;3;1;A01
201500007584;0;7;0;0;2;3;1;B02
201500007585;0;7;0;0;2;1;1;A01
201500007585;0;10;0;0;2;3;1;B02
201500007586;0;7;0;0;2;3;1;B02
201500007586;0;33;0;0;2;1;13;A01
201500007587;0;2;0;16;0;1;1;A01
201500007588;0;7;0;0;2;5;1;B02
201500007588;0;33;0;0;2;1;17;A01
201500007589;0;7;0;9;0;1;14;A01
201500007590;0;7;0;0;2;8;9;B02
201500007590;0;7;0;0;2;3;1;C03
201500007590;0;34;0;0;2;1;1;A01
201500007591;0;33;0;0;2;1;1;B02
201500007591;0;7;0;0;2;2;19;A01
201500007592;0;7;0;0;2;3;1;B02
201500007592;0;2;0;0;2;1;13;A01
201500007593;0;7;0;0;2;3;19;A01
201500007593;0;33;0;0;2;1;17;B02
201500007594;0;7;0;0;0;0;1;A01
201500007595;0;33;0;0;2;1;17;A01
201500007595;0;7;0;0;2;1;1;C03
201500007595;0;10;0;0;2;3;1;B02
201500007596;0;33;0;0;2;1;1;B02
201500007596;0;7;0;0;2;3;19;A01
201500007597;0;7;0;0;2;3;1;B02
201500007597;0;7;0;0;2;8;1;C03
201500007597;0;10;0;0;2;3;17;A01
201500007598;0;10;0;0;2;5;15;B02
201500007598;0;7;0;0;2;1;1;C03
201500007598;0;15;0;0;2;3;1;A01
201500007598;0;7;0;0;2;1;1;D04
201500007599;0;33;0;0;2;1;17;B02
201500007599;0;15;0;0;2;8;15;A01
201500007600;0;7;0;0;1;1;1;A01
201500007601;0;7;0;0;9;1;1;A01
201500007602;0;14;0;0;2;2;1;B02
201500007602;0;7;0;10;2;8;15;A01
201500007603;0;7;0;0;2;1;0;A01
201500007603;0;7;0;0;2;8;0;B02
201500007604;0;7;0;2;0;2;1;A01
201500007605;0;15;0;0;2;2;1;A01
201500007605;0;7;0;0;0;8;16;B02
201500007606;0;10;0;0;2;4;21;B02
201500007606;0;7;0;0;2;1;19;A01
201500007606;0;7;0;0;2;1;19;C03
201500007607;0;7;0;0;2;2;15;A01
201500007607;0;33;0;0;2;1;1;B02
201500007608;0;33;0;0;2;1;1;B02
201500007608;0;7;0;0;2;7;15;A01
201500007609;0;10;0;0;2;6;1;C03
201500007609;0;7;0;0;2;1;1;B02
201500007609;0;10;0;0;2;1;1;A01
201500007610;0;10;0;0;1;1;19;A01
201500007611;0;7;0;0;2;1;19;A01
201500007611;0;33;0;0;2;1;17;B02
201500007612;0;10;0;0;0;0;11;B02
201500007612;0;10;0;0;0;0;1;A01
201500007613;0;7;0;0;0;3;9;B02
201500007613;0;30;0;0;2;2;1;A01
201500007614;0;31;0;0;2;1;1;A01
201500007614;0;7;0;0;2;2;23;B02
201500007615;0;17;0;0;0;6;1;B02
201500007615;0;10;0;0;2;2;2;A01
201500007616;0;2;0;0;2;1;1;A01
201500007616;0;7;0;0;2;2;11;B02
201500007617;0;7;0;3;2;1;13;A01
201500007617;0;7;0;0;2;1;1;B02
201500007618;0;33;0;0;0;0;1;A01
201500007619;0;33;0;13;0;1;14;A01
201500007620;0;31;0;0;0;3;1;A01
201500007621;0;7;0;0;2;1;13;A01
201500007621;0;7;0;0;2;7;1;B02
201500007621;0;7;0;0;2;1;1;C03
201500007621;0;7;0;0;2;6;1;D04
201500007622;0;7;0;0;2;9;17;A01
201500007622;0;7;0;0;2;8;13;B02
201500007623;0;7;0;0;2;8;9;A01
201500007623;0;33;0;0;2;1;1;B02
201500007624;0;7;0;0;2;1;0;C03
201500007624;0;7;0;0;0;3;1;A01
201500007624;0;7;0;0;2;8;0;B02
201500007625;0;33;0;0;0;8;1;A01
201500007626;0;7;0;0;2;1;1;A01
201500007626;0;7;0;0;2;1;1;B02
201500007627;0;7;0;13;0;9;1;A01
201500007628;0;7;0;0;2;1;1;B02
201500007628;0;33;0;0;2;1;1;A01
201500007629;0;7;0;0;2;3;11;A01
201500007629;0;38;0;0;2;3;1;B02
201500007629;0;7;0;0;2;1;1;C03
201500007630;0;7;0;0;0;0;1;A01
201500007631;0;15;0;0;2;3;21;B02
201500007631;0;7;0;0;2;7;13;A01
201500007632;0;7;0;2;0;2;14;A01
201500007633;0;7;0;0;2;1;1;B02
201500007633;0;7;0;0;2;8;13;A01
201500007633;0;7;0;0;2;1;24;C03
201500007634;0;7;0;0;2;1;15;A01
201500007634;0;33;0;0;2;1;1;B02
201500007635;0;7;0;0;2;3;13;A01
201500007635;0;10;0;0;2;3;0;B02
201500007636;0;1;0;0;2;3;1;B02
201500007636;0;10;0;0;2;7;1;A01
201500007637;0;7;0;0;2;1;1;B02
201500007637;0;7;0;0;2;9;15;A01
201500007637;0;7;0;0;2;1;1;C03
201500007638;0;33;0;0;2;1;17;A01
201500007638;0;7;0;0;2;1;13;B02
201500007639;0;33;0;0;2;1;13;A01
201500007639;0;7;0;0;2;1;1;B02
201500007640;0;1;0;0;0;8;13;A01
201500007640;0;7;0;0;2;6;1;B02
201500007641;0;7;0;0;2;3;17;A01
201500007641;0;33;0;0;2;1;1;B02
201500007641;0;7;0;0;9;3;1;C03
201500007642;0;33;0;0;2;4;2;C03
201500007642;0;7;0;0;2;4;2;B02
201500007642;0;33;0;0;2;1;2;A01
201500007642;0;33;0;0;2;4;2;D04
201500007643;0;1;0;0;0;0;13;A01
201500007643;0;7;0;0;9;0;0;B02
201500007644;0;7;0;0;0;2;1;A01
201500007645;0;7;0;0;2;2;13;A01
201500007645;0;33;0;0;2;1;9;B02
201500007646;0;7;0;8;0;1;13;A01
201500007647;0;7;0;2;0;1;1;A01
201500007648;0;7;0;0;2;1;1;B02
201500007648;0;7;0;0;2;1;13;A01
201500007649;0;33;0;0;0;8;2;A01
201500007650;0;7;0;0;2;8;13;A01
201500007650;0;7;0;0;2;8;1;B02
201500007651;0;10;0;0;1;4;4;A01
201500007652;0;7;0;0;2;3;1;A01
201500007652;0;7;0;0;2;3;1;B02
201500007653;0;33;0;0;0;1;0;A01
201500007654;0;33;0;13;0;8;1;A01
201500007655;0;10;0;2;0;1;1;A01
201500007656;0;33;0;15;0;8;14;A01
201500007657;0;33;0;0;0;7;1;A01
201500007658;0;7;0;0;2;4;23;A01
201500007658;0;7;0;0;2;1;2;B02
201500007659;0;33;0;0;0;1;13;A01
201500007659;0;7;0;0;0;3;1;B02
201500007660;0;33;0;0;2;1;2;A01
201500007660;0;7;0;0;2;6;1;B02
201500007661;0;33;0;0;0;0;19;A01
201500007662;0;33;0;3;0;7;1;A01
201500007663;0;33;0;2;0;7;1;A01
201500007664;0;7;0;2;0;9;1;A01
201500007665;0;33;0;3;0;1;2;A01
201500007666;0;7;0;16;0;9;19;A01
201500007667;0;10;0;6;0;3;1;A01
201500007668;0;10;0;13;0;1;17;A01
201500007669;0;7;0;16;0;2;1;A01
201500007670;0;7;0;0;2;8;1;A01
201500007670;0;33;0;0;2;3;1;B02
201500007671;0;33;0;0;0;7;1;A01
201500007672;0;30;0;2;0;1;1;A01
201500007673;0;33;0;4;0;1;1;A01
201500007674;0;7;0;0;0;5;0;B02
201500007674;0;33;0;0;2;1;2;A01
201500007675;0;33;0;16;0;0;1;A01
201500007676;0;33;0;0;0;3;1;A01
201500007677;0;10;0;1;1;3;1;A01
201500007678;0;7;0;0;2;2;13;A01
201500007678;0;33;0;0;2;6;0;B02
201500007679;0;10;0;13;0;1;1;A01
201500007680;0;7;0;1;0;1;1;A01
201500007681;0;7;0;0;0;9;1;A01
201500007682;0;1;0;0;0;4;1;B02
201500007682;0;7;0;0;2;2;2;A01
201500007683;0;7;0;0;2;1;1;A01
201500007683;0;7;0;0;2;2;15;B02
201500007684;0;7;0;13;0;1;1;A01
201500007685;0;7;0;0;2;1;1;B02
201500007685;0;7;0;0;2;1;1;A01
201500007686;0;7;0;2;0;1;1;A01
201500007687;0;7;0;2;0;8;0;A01
201500007688;0;33;0;0;2;1;2;A01
201500007688;0;10;0;0;0;6;23;B02
201500007689;0;33;0;0;2;1;1;A01
201500007689;0;7;0;0;2;3;1;B02
201500007690;0;34;0;0;2;1;2;A01
201500007690;0;7;0;0;2;6;2;B02
201500007691;0;33;0;0;0;0;1;A01
201500007692;0;33;0;0;2;1;1;B02
201500007692;0;7;0;0;2;6;19;A01
201500007693;0;33;0;0;0;3;1;A01
201500007694;0;7;0;2;0;1;13;A01
201500007695;0;7;0;0;2;3;2;B02
201500007695;0;10;0;0;2;1;2;C03
201500007695;0;7;0;0;2;3;13;A01
201500007696;0;7;0;0;2;6;2;B02
201500007696;0;7;0;0;2;1;2;A01
201500007697;0;7;0;2;0;1;14;A01
201500007698;0;7;0;13;9;1;13;A01
201500007699;0;33;0;;2;0;1;B02
201500007699;0;10;0;0;2;1;1;A01
201500007700;0;7;0;0;2;3;13;A01
201500007700;0;7;0;0;2;3;1;B02
201500007700;0;7;0;0;2;3;1;C03
201500007701;0;33;0;2;0;1;1;A01
201500007702;0;7;0;0;2;2;19;A01
201500007702;0;7;0;0;2;3;1;B02
201500007703;0;1;0;0;2;3;1;B02
201500007703;0;7;0;0;2;3;1;A01
201500007704;0;33;0;0;0;0;2;A01
201500007705;0;33;0;0;2;4;2;A01
201500007705;0;33;0;0;2;4;2;B02
201500007706;0;7;0;0;0;8;10;A01
201500007706;0;33;0;0;0;1;2;B02
201500007707;0;7;0;0;2;3;13;A01
201500007707;0;7;0;0;2;3;1;B02
201500007708;0;30;0;0;2;1;5;A01
201500007708;0;10;0;0;2;1;1;B02
201500007709;0;7;0;0;1;3;1;A01
201500007710;0;7;0;0;1;1;1;A01
201500007711;0;33;0;8;0;1;1;A01
201500007712;0;7;0;0;2;7;16;A01
201500007712;0;30;0;0;2;8;0;B02
201500007713;0;7;0;0;2;1;1;A01
201500007713;0;7;0;0;2;3;15;B02
201500007713;0;7;0;0;2;8;2;C03
201500007713;0;7;0;0;2;6;2;D04
201500007714;0;7;0;0;0;8;15;B02
201500007714;0;33;0;13;2;1;17;A01
201500007715;0;7;0;0;2;3;13;A01
201500007715;0;7;0;0;2;3;1;B02
201500007716;0;7;0;0;1;2;1;A01
201500007717;0;7;0;13;0;1;13;A01
201500007718;0;33;0;14;0;0;1;A01
201500007719;0;7;0;0;2;3;1;A01
201500007719;0;7;0;0;2;3;13;B02
201500007720;0;7;0;0;2;1;6;A01
201500007720;0;7;0;8;;1;1;B02
201500007721;0;7;0;0;;1;1;B02
201500007721;0;7;0;0;2;2;15;A01
201500007722;0;1;0;0;2;8;2;B02
201500007722;0;7;0;0;2;7;17;A01
201500007723;0;7;0;0;1;1;1;A01
201500007724;0;7;0;0;1;1;1;A01
201500007725;0;7;0;0;0;1;0;A01
201500007726;0;33;0;7;0;8;1;A01
201500007727;0;33;0;0;2;1;1;A01
201500007727;0;7;0;0;;3;9;B02
201500007728;0;7;0;6;0;1;13;A01
201500007729;0;10;0;0;1;1;1;A01
201500007730;0;33;0;0;0;1;2;A01
201500007731;0;33;0;0;6;1;1;A01
201500007732;0;7;0;13;2;2;14;A01
201500007732;0;7;0;0;;7;21;B02
201500007733;0;31;0;0;1;1;2;A01
201500007734;0;33;0;0;;4;1;A01
201500007734;0;10;0;0;2;1;1;B02
201500007735;0;34;0;0;2;2;17;A01
201500007735;0;7;0;0;2;3;15;B02
201500007736;0;7;0;0;2;1;13;A01
201500007736;0;7;0;0;;3;1;B02
201500007737;0;7;0;13;0;1;1;A01
201500007738;0;7;0;13;0;1;1;A01
201500007739;0;33;0;16;0;1;13;A01
201500007740;0;7;0;0;;8;15;B02
201500007740;0;31;0;0;2;2;17;A01
201500007741;0;7;0;0;;3;1;B02
201500007741;0;7;0;0;2;1;13;A01
201500007742;0;7;0;0;6;1;1;A01
201500007743;0;7;0;0;2;8;13;A01
201500007743;0;7;0;0;;7;1;D04
201500007743;0;10;0;0;;7;1;C03
201500007743;0;7;0;0;;8;1;B02
201500007744;0;7;0;0;2;5;13;A01
201500007744;0;7;0;0;;1;1;B02
201500007745;0;7;0;0;0;2;15;A01
201500007745;0;31;0;0;0;8;1;B02
201500007746;0;2;0;0;2;1;1;B02
201500007746;0;7;0;0;2;3;17;A01
201500007747;0;7;0;0;2;1;6;A01
201500007747;0;15;0;0;;3;1;B02
201500007748;0;7;0;0;2;3;13;A01
201500007748;0;7;0;0;;1;1;B02
201500007749;0;7;0;0;2;1;1;B02
201500007749;0;35;0;0;2;6;13;A01
201500007750;0;7;0;6;0;1;0;A01
201500007751;0;7;0;0;;3;2;B02
201500007751;0;7;0;0;2;3;13;A01
201500007752;2;7;0;2;0;1;1;A01
201500007753;0;33;0;0;2;3;17;A01
201500007753;0;10;0;0;;5;15;B02
201500007754;0;33;0;0;2;1;17;A01
201500007754;0;7;0;0;;3;1;B02
201500007755;0;7;0;0;;6;2;B01
201500007755;0;7;0;0;2;2;2;A02
201500007756;0;36;0;0;0;7;15;A01
201500007757;0;33;0;0;2;1;1;A01
201500007757;0;33;0;0;;4;1;B02
201500007758;0;36;0;0;0;1;1;A01
201500007759;0;7;0;2;0;7;13;A01
201500007760;0;7;0;16;0;1;1;A01
201500007761;0;33;0;0;2;1;13;A01
201500007761;0;7;0;0;2;2;1;B02
201500007762;2;3;0;0;1;2;1;A01
201500007763;0;10;0;0;1;1;1;A01
201500007764;0;7;0;0;2;3;1;B02
201500007764;0;33;0;0;2;1;13;A01
201500007765;0;33;0;13;0;1;1;A01
201500007766;0;1;0;0;0;0;1;A01
201500007767;0;30;0;0;0;7;1;A01
201500007768;0;7;0;0;2;3;13;A01
201500007768;0;7;0;0;;3;1;B02
201500007769;0;7;0;3;0;2;1;A01
201500007770;0;7;0;0;0;1;19;A01
201500007771;0;33;0;13;0;2;1;A01
201500007772;0;7;0;0;2;2;17;A01
201500007772;0;1;0;0;;8;1;B02
201500007773;0;33;0;0;2;1;17;A01
201500007773;0;21;0;0;2;8;15;B02
201500007774;0;7;0;13;0;1;1;A01
201500007775;0;7;0;13;0;9;14;A01
201500007776;0;14;0;0;;1;1;A01
201500007776;0;7;0;0;2;1;13;B02
201500007777;0;7;0;0;2;8;0;B02
201500007777;0;30;0;0;2;1;1;A01
201500007778;0;7;0;0;2;3;1;C03
201500007778;0;7;0;0;2;1;2;B02
201500007778;0;7;0;0;0;4;1;A01
201500007779;0;7;0;0;0;6;15;B02
201500007779;0;32;0;0;0;1;17;A01
201500007780;0;1;0;0;2;1;5;A01
201500007780;0;7;0;0;2;3;1;B02
201500007781;0;7;0;13;0;7;19;A01
201500007782;0;7;0;2;0;1;1;A01
201500007783;0;10;0;2;0;1;1;A01
201500007784;0;7;0;0;2;7;16;B02
201500007784;0;33;0;0;2;1;1;A01
201500007785;0;33;0;0;2;1;13;A01
201500007785;0;7;0;0;2;1;1;B02