num_acc;senc;catv;occutc;obs;obsm;choc;manv;num_veh
201500007786;0;7;0;8;0;1;1;A01
201500007787;0;7;0;1;0;1;19;A01
201500007788;0;14;0;0;0;2;1;A01
201500007789;0;33;0;0;2;1;13;B02
201500007789;0;7;0;0;2;1;1;A01
201500007790;0;33;0;0;0;0;1;A01
201500007791;0;30;0;0;2;2;13;A01
201500007791;0;7;0;0;2;1;1;B02
201500007792;0;7;0;13;2;9;13;A01
201500007792;0;7;0;0;2;1;1;B02
201500007793;0;7;0;0;2;3;1;A01
201500007793;0;7;0;0;2;3;1;B02
201500007794;0;7;0;0;2;1;1;B02
201500007794;0;7;0;0;2;1;5;A01
201500007795;0;1;0;0;2;8;13;A01
201500007795;0;15;0;0;2;8;1;B02
201500007796;0;7;0;0;2;3;1;C03
201500007796;0;7;0;0;2;3;1;B02
201500007796;0;7;0;0;2;3;13;A01
201500007797;0;30;0;0;2;3;18;A01
201500007797;0;7;0;0;2;2;16;B02
201500007798;0;33;0;0;2;7;21;B02
201500007798;0;14;0;0;2;8;1;A01
201500007799;0;7;0;10;0;1;1;A01
201500007800;0;33;0;13;0;2;1;A01
201500007801;0;7;0;0;2;0;11;A01
201500007801;0;30;0;0;2;1;1;B02
201500007802;0;14;0;0;9;2;2;A01
201500007802;0;1;0;0;2;3;2;B02
201500007803;0;31;0;0;0;7;1;A01
201500007804;0;7;0;0;0;3;19;A01
201500007804;0;34;0;0;2;1;1;B02
201500007805;0;99;0;12;0;7;1;A01
201500007806;0;10;0;0;2;1;1;B02
201500007806;0;15;0;0;2;3;1;A01
201500007807;0;7;0;0;2;3;1;B02
201500007807;0;33;0;0;2;1;2;A01
201500007808;0;32;0;0;2;1;17;A01
201500007808;0;10;0;0;2;1;15;B02
201500007809;0;7;0;0;9;3;15;B02
201500007809;0;33;0;0;2;2;17;A01
201500007810;0;33;0;0;1;1;1;A01
201500007811;0;32;0;0;2;1;1;B02
201500007811;0;10;0;0;2;7;19;A01
201500007812;0;7;0;0;9;7;2;A01
201500007812;0;1;0;0;2;8;2;B02
201500007813;0;33;0;0;2;1;2;B02
201500007813;0;33;0;0;2;1;17;A01
201500007814;0;7;0;0;2;3;9;A01
201500007814;0;1;0;0;2;1;1;B02
201500007815;0;7;0;0;2;0;1;A01
201500007815;0;1;0;0;2;1;1;B02
201500007816;0;7;0;0;2;8;15;B02
201500007816;0;31;0;0;2;7;13;A01
201500007817;0;7;0;0;1;3;15;A01
201500007818;0;7;0;0;2;3;15;B02
201500007818;0;33;0;0;2;1;1;A01
201500007819;0;7;0;10;0;1;14;A01
201500007820;0;33;0;12;0;2;15;A01
201500007821;0;30;0;0;2;1;1;B02
201500007821;0;7;0;0;2;3;15;A01
201500007822;0;7;0;6;0;1;1;A01
201500007823;0;7;0;0;2;4;2;B02
201500007823;0;31;0;0;2;1;2;A01
201500007824;0;30;0;0;0;0;6;A01
201500007825;0;33;0;4;0;8;1;A01
201500007826;1;7;0;0;2;1;2;A01
201500007826;0;7;0;0;2;4;2;B02
201500007826;0;7;0;0;2;4;2;C03
201500007827;0;7;0;13;0;1;1;A01
201500007828;0;33;0;0;2;8;11;A01
201500007828;0;33;0;0;2;8;1;B02
201500007829;0;1;0;0;2;8;1;A01
201500007829;0;33;0;0;0;0;1;B02
201500007830;0;7;0;6;0;9;1;A01
201500007831;0;7;0;13;0;9;1;A01
201500007832;2;7;0;0;2;3;13;A01
201500007832;0;7;0;0;2;9;1;B02
201500007833;0;7;0;13;0;2;1;A01
201500007834;0;7;0;6;0;2;1;A01
201500007835;0;7;0;0;2;3;13;B02
201500007835;0;7;0;0;2;3;1;A01
201500007836;0;7;0;0;0;9;0;A01
201500007837;0;14;0;0;1;2;1;A01
201500007838;0;7;0;0;2;3;13;A01
201500007838;0;10;0;0;2;8;1;B02
201500007839;0;1;0;0;2;1;15;B02
201500007839;0;7;0;0;2;1;1;A01
201500007840;0;7;0;0;2;1;1;B02
201500007840;0;7;0;0;2;3;1;A01
201500007841;0;7;0;0;2;8;10;A01
201500007841;0;30;0;0;2;1;17;B02
201500007842;0;7;0;0;0;1;0;B02
201500007842;0;10;0;0;0;1;0;A01
201500007843;0;10;0;0;2;8;9;A01
201500007843;0;1;0;0;2;1;1;B02
201500007844;0;14;0;3;0;2;1;A01
201500007845;0;7;0;0;0;1;15;B02
201500007845;0;33;0;0;0;1;1;A01
201500007846;0;32;0;0;2;1;1;A01
201500007846;0;10;0;0;2;5;15;B02
201500007847;0;7;0;0;2;1;13;A01
201500007847;0;7;0;0;2;1;1;B02
201500007848;0;33;0;6;0;7;1;A01
201500007849;0;33;0;0;2;0;5;A01
201500007850;0;31;0;0;2;0;1;A01
201500007850;0;7;0;0;0;0;15;B02
201500007851;0;7;0;0;2;6;20;B02
201500007851;0;34;0;0;2;2;2;A01
201500007852;0;10;0;0;0;0;1;A01
201500007852;0;7;0;0;1;8;1;B02
201500007853;0;34;0;0;1;2;0;A01
201500007854;0;7;0;0;2;1;1;B02
201500007854;0;7;0;0;2;3;9;A01
201500007855;0;33;0;0;2;1;1;A01
201500007855;0;7;0;0;2;3;1;B02
201500007856;0;7;0;9;0;2;1;A01
201500007857;0;7;0;0;2;6;23;B02
201500007857;0;10;0;0;2;3;1;C03
201500007857;0;33;0;14;0;1;3;A01
201500007858;0;33;0;0;2;1;17;A01
201500007858;0;7;0;0;2;3;5;B02
201500007859;0;7;0;5;0;9;14;A01
201500007860;0;7;0;13;0;1;1;A01
201500007861;0;7;0;0;2;3;23;B02
201500007861;0;33;0;0;0;1;13;A01
201500007862;0;33;0;12;0;1;2;A01
201500007863;0;33;0;0;0;7;2;A01
201500007864;0;10;0;13;0;1;14;A01
201500007865;0;7;0;0;9;1;13;A01
201500007865;0;1;0;0;2;1;0;B02
201500007866;0;7;0;5;0;3;0;A01
201500007867;0;33;0;0;2;2;21;A01
201500007867;0;14;0;0;0;2;13;B02
201500007868;0;7;0;0;0;1;0;A01
201500007868;0;1;0;0;0;0;0;B02
201500007869;0;7;0;0;2;2;1;A01
201500007869;0;1;0;0;2;8;13;B02
201500007870;0;7;0;0;2;1;1;F06
201500007870;0;7;0;0;2;6;1;D04
201500007870;0;7;0;0;2;2;13;B02
201500007870;0;7;0;0;2;1;1;A01
201500007870;0;7;0;0;2;4;1;E05
201500007870;0;7;0;0;0;0;1;G07
201500007870;0;7;0;3;0;7;21;C03
201500007871;0;7;0;0;1;7;0;A01
201500007872;0;7;0;0;2;3;5;A01
201500007872;0;34;0;0;2;1;1;B02
201500007873;0;7;0;0;1;2;1;A01
201500007874;0;10;0;2;0;8;14;A01
201500007875;0;31;0;0;0;1;9;A01
201500007875;0;33;0;0;0;1;9;B02
201500007876;0;7;0;0;2;7;13;A01
201500007876;0;7;0;0;2;1;1;B02
201500007877;0;2;0;0;2;3;1;B02
201500007877;0;31;0;0;2;3;13;A01
201500007878;0;7;0;0;0;1;0;A01
201500007879;0;7;0;3;0;2;1;A01
201500007880;0;33;0;0;0;0;0;A01
201500007881;0;10;0;0;2;3;1;B02
201500007881;0;10;0;0;2;3;13;A01
201500007882;0;7;0;13;0;3;13;A01
201500007883;0;7;0;0;1;2;1;A01
201500007884;0;10;0;0;2;1;1;B02
201500007884;0;7;0;0;2;1;13;A01
201500007885;0;7;0;13;0;9;19;A01
201500007886;0;7;0;0;2;7;15;A01
201500007886;0;7;0;0;2;3;1;B02
201500007887;0;7;0;8;0;1;1;A01
201500007888;0;33;0;0;2;1;17;B02
201500007888;0;7;0;0;2;3;15;A01
201500007889;0;7;0;0;2;1;1;B02
201500007889;0;7;0;0;2;2;13;A01
201500007890;0;33;0;0;1;1;1;A01
201500007891;0;1;0;0;2;1;13;B02
201500007891;0;7;0;0;9;3;1;A01
201500007892;0;34;0;0;2;0;18;A01
201500007892;0;7;0;0;2;5;15;B02
201500007893;0;7;0;0;2;5;10;A01
201500007893;0;33;0;0;2;1;1;B02
201500007894;0;2;0;0;2;3;1;B02
201500007894;0;7;0;0;2;3;13;A01
201500007895;0;10;0;8;0;7;1;A01
201500007896;0;7;0;0;2;3;13;A01
201500007896;0;7;0;0;2;1;1;B02
201500007897;0;14;0;0;2;4;4;A01
201500007897;0;30;0;0;2;1;2;B02
201500007898;0;33;0;0;2;1;1;B02
201500007898;0;7;0;0;2;8;10;A01
201500007899;0;33;0;0;6;1;1;A01
201500007900;0;10;0;0;1;4;4;A01
201500007901;0;30;0;0;2;1;14;A01
201500007901;0;7;0;0;2;5;23;B02
201500007902;0;33;0;0;2;1;1;B02
201500007902;0;7;0;0;2;3;13;A01
201500007903;0;7;0;2;0;2;0;A01
201500007904;0;7;0;0;0;3;15;A01
201500007904;0;7;0;0;0;3;1;B02
201500007905;0;7;0;0;0;0;14;A01
201500007906;0;7;0;0;0;7;1;A01
201500007907;0;7;0;0;2;8;9;A01
201500007907;0;7;0;0;2;2;1;B02
201500007908;0;7;0;0;2;8;19;B02
201500007908;0;7;0;0;2;1;1;A01
201500007909;0;2;0;9;2;8;18;B02
201500007909;0;7;0;0;2;2;16;A01
201500007910;0;7;0;0;2;3;11;B02
201500007910;0;14;0;0;2;6;19;A01
201500007911;0;33;0;16;0;1;1;A01
201500007912;0;7;0;0;2;5;13;A01
201500007912;0;7;0;0;2;3;1;B02
201500007913;0;34;0;0;0;7;1;A01
201500007914;0;7;0;0;2;1;1;A01
201500007914;0;10;0;0;2;4;1;B02
201500007914;0;10;0;0;0;4;0;C03
201500007915;0;31;0;12;1;1;1;A01
201500007916;0;33;0;0;0;1;1;A01
201500007917;0;7;0;14;0;1;13;A01
201500007918;0;7;0;0;9;1;1;A01
201500007918;0;1;0;0;2;1;1;B02
201500007919;0;1;0;0;2;1;18;B02
201500007919;0;10;0;0;2;7;16;A01
201500007920;0;7;0;6;0;1;13;A01
201500007921;0;7;0;0;2;1;13;A01
201500007921;0;7;0;0;2;1;1;B02
201500007922;0;10;0;0;1;1;1;A01
201500007923;0;7;0;0;0;4;2;B02
201500007923;0;10;0;0;2;1;2;A01
201500007924;0;15;0;0;9;7;2;A01
201500007924;0;1;0;0;2;8;2;B02
201500007925;0;7;0;8;0;1;1;A01
201500007926;0;7;0;0;2;1;5;A01
201500007926;0;14;0;0;2;1;1;B02
201500007927;0;35;0;0;2;1;5;B02
201500007927;0;7;0;0;2;1;13;A01
201500007928;0;7;0;0;2;8;15;A01
201500007928;0;34;0;0;2;1;17;B02
201500007929;0;33;0;0;2;7;1;A01
201500007929;0;7;0;0;2;1;19;B02
201500007930;0;7;0;0;2;3;13;A01
201500007930;0;31;0;0;2;1;1;B02
201500007931;0;7;0;0;2;6;15;B02
201500007931;0;7;0;0;2;1;1;A01
201500007932;0;7;0;0;1;1;1;A01
201500007933;0;7;0;0;2;2;1;A01
201500007933;0;7;0;0;2;3;1;B02
201500007934;0;32;0;0;2;1;2;A01
201500007934;0;7;0;0;0;6;15;B02
201500007935;0;7;0;0;2;1;2;A01
201500007935;0;7;0;0;0;4;15;B02
201500007936;0;33;0;0;2;3;0;B02
201500007936;0;7;0;0;2;3;5;A01
201500007937;0;10;0;0;2;8;1;B02
201500007937;0;7;0;0;2;3;13;A01
201500007938;0;7;0;0;6;1;21;A01
201500007939;0;7;0;0;0;1;0;B02
201500007939;0;7;0;1;0;1;1;A01
201500007940;0;30;0;0;0;4;1;A01
201500007941;0;33;0;16;0;1;1;A01
201500007942;0;7;0;0;2;3;5;A01
201500007942;0;7;0;0;2;8;1;B02
201500007943;0;31;0;3;0;2;2;A01
201500007944;0;33;0;0;2;1;1;A01
201500007944;0;7;0;0;2;2;0;B02
201500007945;0;10;0;2;0;7;0;A01
201500007946;0;13;0;13;0;2;0;A01
201500007947;0;7;0;0;1;2;1;A01
201500007948;0;10;0;0;2;1;11;A01
201500007948;0;7;0;0;2;1;1;B02
201500007949;0;7;0;0;2;1;5;A01
201500007949;0;7;0;0;2;1;5;B02
201500007949;0;7;0;0;2;1;5;C03
201500007950;0;33;0;0;5;1;19;A01
201500007951;0;7;0;16;0;0;2;A01
201500007952;0;14;0;2;0;1;19;A01
201500007953;0;7;0;2;0;1;0;A01
201500007954;0;7;0;0;2;2;1;A01
201500007954;0;7;0;0;2;1;1;B02
201500007955;0;7;0;0;2;7;6;A01
201500007955;0;17;0;0;2;3;1;B02
201500007956;0;7;0;0;0;4;2;B02
201500007956;0;7;0;0;0;1;2;A01
201500007957;0;14;0;0;2;3;24;C03
201500007957;0;14;0;0;2;1;1;A01
201500007957;0;7;0;1;2;4;16;B02
201500007958;0;10;0;13;0;2;1;A01
201500007959;0;33;0;0;2;3;15;A01
201500007959;0;33;0;8;0;1;16;B02
201500007959;0;7;0;0;2;3;1;C03
201500007960;0;14;0;0;1;1;1;A01
201500007961;0;7;0;0;0;1;6;A01
201500007961;0;7;0;0;0;1;1;B02
201500007962;0;33;0;0;0;7;1;A01
201500007963;0;7;0;0;1;6;20;A01
201500007964;0;1;0;0;0;4;1;B02
201500007964;0;7;0;0;0;2;1;A01
201500007965;0;7;0;2;0;1;1;A01
201500007966;0;33;0;0;2;1;13;A01
201500007966;0;7;0;0;2;2;1;B02
201500007967;0;2;0;0;2;1;1;B02
201500007967;0;10;0;0;0;8;9;A01
201500007968;0;7;0;0;1;3;9;A01
201500007969;0;10;0;0;2;3;1;A01
201500007969;0;7;0;0;2;1;13;B02
201500007970;0;7;0;0;2;1;2;B02
201500007970;0;10;0;0;2;4;14;A01
201500007971;0;1;0;0;0;0;0;A01
201500007972;0;7;0;2;0;3;1;A01
201500007973;0;1;0;0;2;1;1;A01
201500007973;0;10;0;0;2;3;1;B02
201500007974;0;7;0;0;2;1;1;B02
201500007974;0;7;0;0;2;2;5;A01
201500007975;0;7;0;0;2;1;1;B02
201500007975;0;7;0;0;2;7;1;A01
201500007976;0;30;0;12;0;1;1;A01
201500007977;0;33;0;0;0;7;1;A01
201500007978;0;7;0;2;0;1;1;A01
201500007979;0;99;0;0;2;1;1;C03
201500007979;0;99;0;0;2;8;1;B02
201500007979;0;99;0;0;2;2;1;A01
201500007980;0;7;0;0;2;3;13;A01
201500007980;0;7;0;0;2;3;1;B02
201500007981;0;7;0;0;1;2;2;A01
201500007982;0;1;0;0;2;3;1;B02
201500007982;0;7;0;0;2;7;17;A01
201500007983;0;7;0;13;0;9;1;A01
201500007984;0;7;0;0;2;5;1;B02
201500007984;0;33;0;0;2;2;19;A01
201500007985;0;7;0;0;1;2;1;A01
201500007986;0;13;0;0;0;3;0;A01
201500007986;0;7;0;0;0;0;13;B02
201500007987;0;7;0;0;2;3;1;A01
201500007987;0;7;0;0;2;9;23;B02
201500007987;0;2;0;0;2;1;1;C03
201500007988;0;7;0;0;2;1;13;A01
201500007988;0;7;0;0;2;1;1;B02
201500007989;0;7;0;0;2;1;17;A01
201500007989;0;7;0;0;2;1;1;B02
201500007990;0;31;0;0;0;7;1;A01
201500007991;0;7;0;5;0;1;1;A01
201500007992;0;99;0;0;1;0;4;A01
201500007993;0;31;0;0;2;1;1;B02
201500007993;0;7;0;0;0;1;23;C03
201500007993;0;7;0;0;2;4;10;A01
201500007994;0;33;0;0;2;4;2;B02
201500007994;0;7;0;0;2;4;2;C03
201500007994;0;7;0;0;2;1;2;A01
201500007995;0;32;0;0;1;1;1;A01
201500007996;0;7;0;0;1;3;1;A01
201500007997;0;99;0;0;2;0;21;B02
201500007997;0;7;0;0;2;8;1;A01
201500007998;0;33;0;15;0;1;1;A01
201500007999;0;30;0;0;2;3;2;A01
201500007999;0;15;0;0;2;5;17;B02
201500008000;0;7;0;0;2;3;13;A01
201500008000;0;30;0;0;2;1;1;B02
201500008001;0;30;0;8;0;1;1;A01
201500008002;0;7;0;0;2;7;17;A01
201500008002;0;33;0;0;2;8;17;B02
201500008003;0;33;0;0;2;8;1;B02
201500008003;0;7;0;0;2;3;13;A01
201500008004;0;10;0;0;2;3;15;B02
201500008004;0;31;0;0;2;1;6;A01
201500008005;0;10;0;0;2;1;1;B02
201500008005;0;33;0;0;2;1;13;A01
201500008006;0;2;0;0;0;1;1;A01
201500008007;0;30;0;0;1;1;17;A01
201500008008;0;7;0;0;2;1;21;B02
201500008008;0;33;0;0;1;1;1;A01
201500008009;0;7;0;0;2;1;1;B02
201500008009;0;1;0;0;2;1;5;A01
201500008010;0;32;0;0;2;1;3;A01
201500008010;0;7;0;0;2;8;9;B02
201500008011;0;7;0;0;2;1;13;A01
201500008011;0;33;0;0;2;1;1;B02
201500008012;0;7;0;0;2;1;2;C03
201500008012;0;7;0;0;2;8;21;B02
201500008012;0;7;0;0;2;3;13;A01
201500008013;0;7;0;0;1;2;1;A01
201500008014;0;30;0;0;2;1;1;A01
201500008014;0;7;0;0;2;3;1;B02
201500008015;0;10;0;0;2;6;1;B02
201500008015;0;2;0;0;2;1;1;A01
201500008016;0;33;0;14;2;1;13;A01
201500008016;0;7;0;0;2;3;1;B02
201500008017;0;32;0;12;0;0;14;A01
201500008018;0;7;0;0;1;7;1;A01
201500008019;0;31;0;0;2;2;16;B02
201500008019;0;7;0;0;2;3;15;A01
201500008020;0;7;0;0;1;3;1;A01
201500008021;0;31;0;0;2;1;1;B02
201500008021;0;7;0;0;2;2;15;A01
201500008022;0;7;0;0;1;4;0;A01
201500008023;0;10;0;0;1;1;1;A01
201500008024;0;32;0;0;2;1;0;B02
201500008024;0;7;0;0;2;3;13;A01
201500008025;0;33;0;0;2;1;13;B02
201500008025;0;7;0;0;2;2;1;A01
201500008026;0;33;0;0;2;2;1;B02
201500008026;0;7;0;0;2;3;15;A01
201500008027;0;7;0;0;2;3;15;A01
201500008027;0;33;0;0;2;8;1;B02
201500008028;0;7;0;0;2;3;15;A01
201500008028;0;30;0;0;2;1;1;B02
201500008029;0;7;0;0;1;1;13;A01
201500008030;0;7;0;0;1;4;4;A01
201500008031;0;7;0;0;2;0;1;A01
201500008031;0;1;0;0;2;1;1;B02
201500008032;0;30;0;0;0;1;1;A01
201500008033;0;7;0;0;1;2;1;A01
201500008034;0;10;0;0;2;2;1;A01
201500008034;0;7;0;0;2;6;1;B02
201500008035;0;7;0;0;2;1;1;B02
201500008035;0;32;0;0;2;1;13;A01
201500008036;0;7;0;0;0;8;10;A01
201500008036;0;33;0;0;2;1;2;B02
201500008037;0;33;0;0;0;7;14;A01
201500008038;0;14;0;0;2;8;13;A01
201500008038;0;33;0;0;2;7;1;B02
201500008039;0;31;0;15;0;7;1;A01
201500008040;0;30;0;0;1;1;3;A01
201500008041;0;7;0;0;1;1;0;A01
201500008042;0;7;0;0;2;3;11;A01
201500008042;0;33;0;0;2;1;1;B02
201500008043;0;34;0;0;0;0;1;A01
201500008044;0;32;0;0;2;1;1;B02
201500008044;0;7;0;0;2;6;19;A01
201500008045;0;7;0;0;2;8;1;A01
201500008045;0;31;0;0;2;7;17;B02
201500008046;0;33;0;0;2;1;2;B02
201500008046;0;33;0;0;0;4;2;A01
201500008047;0;32;0;0;1;8;17;A01
201500008048;0;30;0;0;2;1;17;A01
201500008048;0;7;0;0;2;3;9;B02
201500008049;0;7;0;0;2;2;1;B02
201500008049;0;7;0;0;2;3;9;A01
201500008050;0;7;0;4;0;1;19;A01
201500008051;0;7;0;0;2;3;16;B02
201500008051;0;7;0;0;2;3;15;A01
201500008052;0;33;0;16;0;9;14;A01
201500008053;0;7;0;0;2;1;1;B02
201500008053;0;7;0;0;2;1;13;A01
201500008054;0;33;0;0;2;8;13;A01
201500008054;0;10;0;0;2;8;1;B02
201500008055;0;7;0;7;2;1;2;A01
201500008055;0;7;0;0;0;4;1;B02
201500008056;0;7;0;0;2;2;15;A01
201500008056;0;33;0;0;2;1;1;B02
201500008057;0;7;0;0;0;3;0;B02
201500008057;0;34;0;0;2;1;3;A01
201500008058;0;33;0;0;2;1;17;A01
201500008058;0;33;0;0;2;3;1;B02
201500008059;0;7;0;0;2;1;1;B02
201500008059;0;7;0;0;2;1;5;A01
201500008060;0;7;0;0;2;1;1;C03
201500008060;0;33;0;0;2;1;1;A01
201500008060;0;7;0;0;2;6;15;B02
201500008061;0;7;0;0;2;3;0;A01
201500008061;0;7;0;0;2;3;0;B02
201500008062;0;33;0;4;0;7;1;A01
201500008063;0;33;0;4;0;2;1;A01
201500008064;0;7;0;0;2;8;13;A01
201500008064;0;7;0;0;2;8;1;B02
201500008065;0;7;0;0;2;8;19;B02
201500008065;0;7;0;0;2;1;1;A01
201500008066;0;7;0;13;0;2;1;A01
201500008067;0;7;0;0;2;1;16;A01
201500008067;0;1;0;0;0;4;1;B02
201500008068;0;7;0;0;2;3;1;B02
201500008068;0;31;0;0;2;3;13;A01
201500008069;1;33;0;0;1;2;0;A01
201500008070;0;7;0;0;1;2;1;A01
201500008071;0;31;0;0;2;1;3;A01
201500008071;0;7;0;0;2;5;15;B02
201500008072;0;7;0;0;2;1;1;B02
201500008072;0;2;0;0;2;1;13;A01
201500008073;0;10;0;0;2;1;13;A01
201500008073;0;7;0;0;2;1;1;B02
201500008074;0;14;0;0;1;2;1;A01
201500008075;0;7;0;0;9;4;2;B02
201500008075;0;1;0;0;2;4;2;A01
201500008076;0;7;0;0;1;5;20;A01
201500008077;0;7;0;0;2;3;11;A01
201500008077;0;33;0;0;2;1;1;B02
201500008078;0;7;0;0;1;3;15;A01
201500008079;0;7;0;0;2;2;15;A01
201500008079;0;33;0;0;2;8;1;B02
201500008080;0;7;0;0;2;2;16;B02
201500008080;0;34;0;0;2;3;1;A01
201500008081;0;7;0;1;0;2;1;A01
201500008082;0;7;0;0;2;1;13;B02
201500008082;0;10;0;0;2;1;21;A01
201500008083;0;7;0;0;0;4;13;B01
201500008083;0;33;0;0;2;1;13;A02
201500008084;0;33;0;0;2;3;18;A01
201500008084;0;7;0;0;2;7;16;B02
201500008085;0;33;0;0;2;1;1;A01
201500008085;0;7;0;0;2;3;15;B02
201500008086;0;33;0;0;2;1;1;B02
201500008086;0;7;0;0;0;2;15;A01
201500008087;0;20;0;0;2;3;13;A01
201500008087;0;20;0;0;2;8;1;B02
201500008087;0;14;0;0;2;1;1;C03
201500008088;0;7;0;0;2;1;2;A01
201500008088;0;7;0;0;0;4;2;B02
201500008088;0;7;0;0;0;4;2;C03
201500008089;0;30;0;0;2;1;1;B02
201500008089;0;7;0;0;2;2;15;A01
201500008090;0;7;0;0;2;1;1;A01
201500008090;0;7;0;0;2;8;15;B02
201500008091;0;7;0;6;0;1;19;A01
201500008092;0;7;0;0;2;2;1;A01
201500008092;0;33;0;0;2;3;9;B02
201500008093;0;1;0;0;2;1;1;A01
201500008093;0;7;0;0;2;8;1;B02
201500008094;0;7;0;0;2;3;1;B02
201500008094;0;7;0;0;2;3;13;A01
201500008095;0;14;0;0;1;1;16;A01
201500008096;0;7;0;0;2;8;19;A02
201500008096;0;15;0;0;2;2;1;B01
201500008097;0;7;0;16;0;2;14;A01
201500008098;0;30;0;0;2;6;1;A01
201500008098;0;7;0;0;2;3;1;B02
201500008099;0;7;0;0;2;6;1;B02
201500008099;0;7;0;2;2;9;11;A01
201500008100;0;7;0;0;2;3;16;A01
201500008100;0;30;0;0;2;0;1;B02
201500008101;0;2;0;0;0;3;1;A01
201500008102;0;7;0;0;2;3;17;A01
201500008102;0;1;0;0;2;4;15;B02
201500008103;0;33;0;0;0;8;1;A01
201500008104;0;7;0;0;2;1;1;A01
201500008104;0;7;0;0;2;8;15;B02
201500008105;0;7;0;0;2;3;1;B02
201500008105;0;7;0;0;2;3;15;A01
201500008106;0;30;0;0;0;0;1;A01
201500008107;0;10;0;8;0;5;1;A01
201500008108;0;2;0;0;2;1;0;A01
201500008108;0;10;0;0;2;5;1;B02
201500008109;0;7;0;0;1;1;1;A01
201500008110;0;7;0;0;2;7;14;A01
201500008110;0;30;0;0;2;8;1;B02
201500008111;0;7;0;0;1;1;1;A01
201500008112;0;7;0;0;2;1;1;A01
201500008112;0;33;0;0;2;1;0;B02
201500008113;0;7;0;4;0;2;1;A01
201500008114;0;7;0;0;2;6;2;A01
201500008114;0;7;0;0;2;3;2;B02
201500008115;0;7;0;0;0;8;1;A01
201500008115;0;14;0;0;0;1;19;B02
201500008116;2;7;0;0;2;1;1;B02
201500008116;0;7;0;0;2;8;19;A01
201500008117;0;2;0;0;0;8;1;A01
201500008118;0;33;0;0;0;0;0;A01
201500008119;0;32;0;0;2;7;6;A01
201500008119;0;7;0;0;2;8;13;B02
201500008120;0;7;0;1;0;3;0;A01
201500008121;0;14;0;0;2;1;19;A01
201500008121;0;2;0;0;2;3;1;B02
201500008122;0;7;0;2;0;7;0;A01
201500008123;1;7;0;0;1;0;1;A01
201500008124;0;10;0;0;1;1;16;A01
201500008125;0;7;0;2;0;2;0;A01
201500008126;0;2;0;0;2;1;1;A01
201500008126;0;7;0;0;2;7;19;B02
201500008127;0;7;0;8;9;1;1;A01
201500008127;0;14;0;8;0;1;1;B02
201500008127;0;1;0;0;2;1;1;C03
201500008128;0;33;0;0;2;1;15;A01
201500008128;0;7;0;0;2;3;1;B02
201500008129;1;7;0;0;2;6;10;A01
201500008129;0;31;0;0;2;1;1;B02
201500008130;0;7;0;0;0;7;15;A01
201500008130;0;33;0;0;2;1;1;B02
201500008131;0;7;0;0;2;5;15;A01
201500008131;0;2;0;0;2;1;1;B02
201500008132;0;7;0;0;2;3;1;B02
201500008132;0;7;0;0;2;3;1;C03
201500008132;0;7;0;0;2;5;19;A01
201500008133;0;33;0;0;2;1;17;A01
201500008133;0;7;0;0;2;6;15;B02
201500008134;0;7;0;1;0;3;15;A01
201500008134;0;10;0;0;0;7;24;B02
201500008135;0;7;0;0;2;2;1;A01
201500008135;0;1;0;0;2;8;15;B02
201500008136;0;7;0;0;2;2;1;A01
201500008136;0;7;0;0;2;2;1;B02
201500008137;0;33;0;0;2;1;2;B02
201500008137;0;33;0;0;0;4;2;A01
201500008138;0;33;0;3;0;1;1;A01
201500008139;0;7;0;16;0;9;1;A01
201500008140;0;7;0;0;2;1;1;A01
201500008140;0;33;0;0;2;1;13;B02
201500008141;0;7;0;0;2;3;1;A01
201500008141;0;7;0;0;2;3;13;B02
201500008142;0;7;0;0;2;1;17;B02
201500008142;0;99;0;0;2;8;15;A01
201500008143;0;17;0;0;2;3;2;A01
201500008143;0;7;0;0;0;4;15;B02
201500008143;0;10;0;0;2;1;1;C03
201500008144;0;1;0;0;0;1;1;A01
201500008145;0;7;0;13;0;1;1;A01
201500008146;0;2;0;0;2;1;1;B02
201500008146;0;10;0;0;2;6;4;A01
201500008147;0;7;0;0;2;3;1;A01
201500008147;0;7;0;0;2;3;1;B02
201500008148;0;30;0;0;2;2;17;B02
201500008148;0;7;0;0;0;3;20;A01
201500008149;0;7;0;0;2;1;13;A01
201500008149;0;7;0;0;2;1;1;B02
201500008149;0;7;0;0;2;1;1;C03
201500008150;0;30;0;0;2;7;19;A01
201500008150;0;7;0;0;2;1;1;B02
201500008151;0;33;0;0;2;7;1;B02
201500008151;0;7;0;0;2;3;19;A01
201500008152;0;7;0;0;2;1;1;B02
201500008152;0;7;0;0;2;2;0;A01
201500008153;0;7;0;0;1;2;2;A01
201500008154;0;7;0;0;1;1;1;A01
201500008155;0;1;0;0;2;8;15;B02
201500008155;0;33;0;0;9;1;1;A01
201500008156;1;7;0;0;1;3;17;A01
201500008157;0;1;0;0;2;1;5;A01
201500008157;0;10;0;0;2;6;2;B02
201500008158;0;33;0;0;2;1;5;A01
201500008158;0;7;0;0;2;3;21;B02
201500008159;0;1;0;0;2;1;1;A01
201500008159;0;7;0;0;9;6;1;B02
201500008160;0;7;0;0;1;7;14;A01