num_acc;senc;catv;occutc;obs;obsm;choc;manv;num_veh
201500008161;0;34;0;3;0;8;0;A01
201500008162;0;33;0;0;2;1;1;A01
201500008162;0;7;0;0;2;1;13;B02
201500008163;0;30;0;0;2;1;1;A01
201500008163;0;10;0;0;2;1;1;B02
201500008163;0;10;0;0;2;3;19;C03
201500008164;0;7;0;0;1;1;1;A01
201500008165;0;7;0;2;0;3;1;A01
201500008166;0;7;0;2;0;2;13;A01
201500008167;0;7;0;2;0;1;13;A01
201500008168;0;1;0;0;2;8;1;B02
201500008168;0;7;0;0;2;3;1;A01
201500008169;0;1;0;2;0;1;1;A01
201500008170;0;7;0;0;2;3;1;A01
201500008170;0;38;50;0;2;3;1;B02
201500008171;1;7;0;0;2;0;0;Z01
201500008171;0;1;0;0;2;8;1;B02
201500008172;1;7;0;0;1;1;1;A01
201500008173;0;7;0;6;0;2;1;A01
201500008174;0;10;0;0;2;2;16;A01
201500008174;0;2;0;0;2;8;1;B02
201500008175;0;7;0;0;2;1;13;A01
201500008175;0;7;0;0;2;1;1;B02
201500008176;0;14;0;0;2;1;1;B02
201500008176;0;7;0;0;2;2;13;A01
201500008177;0;7;0;2;0;3;1;A01
201500008178;0;7;0;0;2;6;15;A01
201500008178;0;33;0;0;2;1;17;B02
201500008179;0;7;0;0;2;8;5;A01
201500008179;0;33;0;0;2;8;1;B02
201500008180;0;7;0;0;2;4;23;A01
201500008180;0;7;0;0;2;1;1;B02
201500008180;0;15;0;0;2;4;23;C03
201500008181;0;7;0;0;1;0;1;A01
201500008182;0;7;0;0;2;1;1;B02
201500008182;0;7;0;0;2;3;19;A01
201500008183;0;33;0;0;0;0;1;A01
201500008184;0;7;0;0;0;0;1;A01
201500008185;1;7;0;0;2;0;0;Z01
201500008185;0;7;0;0;2;6;1;B02
201500008185;0;7;0;0;2;3;1;C03
201500008186;0;7;0;0;2;2;9;A01
201500008186;0;10;0;0;2;1;1;B02
201500008187;0;7;0;0;1;2;1;A01
201500008188;0;7;0;0;2;3;9;A01
201500008188;0;33;0;0;2;1;1;B02
201500008189;0;7;0;0;2;2;15;A01
201500008189;0;2;0;0;2;1;1;B02
201500008190;0;10;0;0;0;1;1;A02
201500008190;0;7;0;0;0;3;19;B01
201500008191;0;7;0;6;0;1;1;A01
201500008192;0;7;0;0;2;1;17;A01
201500008192;0;7;0;0;2;1;2;B02
201500008193;0;7;0;0;2;3;15;B02
201500008193;0;33;0;0;2;2;17;A01
201500008194;0;7;0;0;2;3;1;A01
201500008194;0;1;0;0;2;8;0;B02
201500008195;0;7;0;0;2;1;1;B02
201500008195;0;7;0;0;2;2;6;A01
201500008196;0;7;0;0;2;3;1;B02
201500008196;0;31;0;0;2;1;13;A01
201500008197;0;7;0;2;0;1;6;A01
201500008198;0;7;0;2;0;3;1;A01
201500008199;0;33;0;14;0;1;17;A01
201500008199;0;10;0;0;2;6;23;C03
201500008199;0;7;0;0;2;1;1;B02
201500008200;0;7;0;0;2;2;17;A01
201500008200;0;7;0;0;2;1;1;D04
201500008200;0;7;0;0;0;0;14;C03
201500008200;0;7;0;0;2;3;15;B02
201500008201;0;32;0;0;1;1;3;A01
201500008202;0;31;0;0;2;1;17;A01
201500008202;0;33;0;0;2;1;1;B02
201500008203;0;31;0;0;0;8;1;B02
201500008203;0;7;0;0;0;2;10;A01
201500008204;0;30;0;0;0;0;0;A01
201500008205;0;7;0;13;0;0;1;A01
201500008206;0;7;0;0;9;3;1;B02
201500008206;0;1;0;0;2;3;5;A01
201500008207;0;7;0;0;2;2;19;A01
201500008207;0;7;0;0;2;3;1;B02
201500008208;0;7;0;0;2;1;1;B02
201500008208;0;7;0;0;2;3;1;A01
201500008209;0;7;0;0;2;1;15;B02
201500008209;0;33;0;0;2;2;17;A01
201500008210;0;33;0;0;0;8;21;A01
201500008211;0;34;0;1;2;1;17;B02
201500008211;0;7;0;0;0;8;15;A01
201500008212;0;33;0;0;2;1;17;B02
201500008212;0;7;0;0;2;3;15;A01
201500008213;0;7;0;0;2;3;13;B02
201500008213;0;33;0;0;2;7;17;A01
201500008214;0;33;0;0;0;2;17;B02
201500008214;0;10;0;0;0;3;13;A01
201500008215;0;7;0;0;2;1;19;B02
201500008215;0;31;0;0;2;8;3;A01
201500008216;0;7;0;0;2;2;9;A01
201500008216;0;1;0;0;2;0;1;B02
201500008217;0;33;0;1;0;1;1;A01
201500008218;0;7;0;0;1;1;1;A01
201500008219;0;7;0;0;1;3;21;A01
201500008220;0;33;0;0;2;1;1;B02
201500008220;0;7;0;0;2;2;15;A01
201500008221;0;30;0;0;2;1;5;A01
201500008221;0;10;0;0;2;1;1;B02
201500008222;0;7;0;0;2;3;1;A01
201500008222;0;7;0;0;2;1;15;B02
201500008223;0;10;0;0;1;2;15;A01
201500008224;0;10;0;0;1;7;1;A01
201500008225;0;1;0;0;0;8;0;B02
201500008225;0;7;0;0;0;2;0;A01
201500008226;0;31;0;0;0;0;21;A01
201500008227;0;7;0;0;2;8;1;C03
201500008227;0;7;0;0;2;1;1;B02
201500008227;0;7;0;0;2;1;1;A01
201500008227;0;7;0;0;2;8;1;D04
201500008228;0;30;0;0;0;8;1;A01
201500008229;0;7;0;0;2;3;15;A01
201500008229;0;30;0;0;2;1;19;B02
201500008230;0;13;0;9;0;2;2;B02
201500008230;0;7;0;9;0;3;5;A01
201500008231;0;33;0;0;2;1;13;B02
201500008231;0;7;0;0;2;1;0;A01
201500008232;0;30;0;0;0;1;1;B02
201500008232;0;7;0;0;0;3;9;A01
201500008233;0;7;0;0;2;6;15;A01
201500008233;0;33;0;0;2;8;1;B02
201500008234;0;7;0;2;0;1;0;A01
201500008235;0;7;0;0;2;7;10;A01
201500008235;0;31;0;0;2;1;1;B02
201500008236;0;7;0;0;1;1;0;A01
201500008237;0;7;0;0;1;1;1;A01
201500008238;0;7;0;0;2;1;0;B02
201500008238;0;7;0;0;2;1;0;A01
201500008239;0;10;0;0;2;1;5;A01
201500008239;0;7;0;0;2;1;1;B02
201500008240;0;7;0;2;0;3;1;A01
201500008241;0;7;0;0;0;7;15;A01
201500008241;0;33;0;0;2;1;1;B02
201500008242;0;10;0;0;0;4;2;B02
201500008242;0;7;0;0;2;1;1;A01
201500008243;0;3;0;0;1;3;2;B01
201500008244;0;7;0;0;2;8;15;A01
201500008244;0;32;0;0;2;1;1;B02
201500008245;0;38;12;0;2;2;0;A01
201500008245;0;7;0;0;2;3;15;B02
201500008246;0;7;0;1;0;3;17;A01
201500008246;0;7;0;0;0;5;23;B02
201500008247;0;7;0;0;0;1;1;A01
201500008248;0;33;0;0;2;1;2;B02
201500008248;0;7;0;0;2;6;10;A01
201500008249;0;33;0;2;0;3;1;A01
201500008250;0;7;0;13;0;2;17;A01
201500008251;0;7;0;0;2;5;14;A01
201500008251;0;1;0;0;2;8;2;B02
201500008252;0;7;0;0;1;1;13;A01
201500008253;0;7;0;0;2;3;1;A01
201500008253;0;7;0;0;2;1;1;B02
201500008254;0;7;0;2;0;7;1;A01
201500008255;0;36;0;0;2;0;1;B02
201500008255;0;7;0;0;9;1;1;A01
201500008256;0;7;0;0;0;3;13;A01
201500008257;0;7;0;0;1;1;1;A01
201500008258;0;7;0;6;0;1;13;A01
201500008259;0;33;0;0;2;1;13;A01
201500008259;0;7;0;0;2;1;1;B02
201500008260;0;7;0;0;0;3;1;A01
201500008261;0;7;0;0;1;3;1;A01
201500008262;0;32;0;6;0;2;0;A01
201500008263;0;10;0;0;2;3;15;B02
201500008263;0;7;0;0;2;1;1;A01
201500008264;0;7;0;0;2;7;15;A01
201500008264;0;7;0;0;2;1;1;B02
201500008265;0;7;0;2;0;7;1;A01
201500008266;0;1;0;0;0;0;0;A01
201500008267;0;7;0;0;2;4;15;B02
201500008267;0;33;0;0;2;1;17;A01
201500008268;0;99;0;0;0;1;1;A01
201500008269;0;7;0;3;0;3;1;A01
201500008270;0;31;0;0;2;1;18;A01
201500008270;0;7;0;0;2;7;1;B02
201500008271;0;7;0;2;0;1;14;A01
201500008272;0;7;0;2;0;1;14;A01
201500008273;0;10;0;0;1;3;1;A01
201500008274;0;7;0;6;0;1;14;A01
201500008275;0;7;0;0;2;1;1;B02
201500008275;0;7;0;0;2;1;13;A01
201500008276;0;33;0;3;0;2;1;A01
201500008277;0;7;0;13;0;1;1;A01
201500008278;0;33;0;0;2;1;13;A01
201500008278;0;7;0;0;2;1;1;B02
201500008279;0;7;0;13;0;1;15;A01
201500008280;0;7;0;0;2;3;1;A01
201500008280;0;7;0;0;2;3;11;B02
201500008281;0;30;0;13;0;1;0;A01
201500008282;0;7;0;0;2;1;13;A01
201500008282;0;7;0;0;2;3;0;C03
201500008282;0;7;0;0;2;0;1;B02
201500008283;0;15;0;0;2;3;1;B02
201500008283;0;31;0;0;2;1;0;A01
201500008284;0;13;0;0;2;8;23;C03
201500008284;0;7;0;1;2;3;1;B02
201500008284;0;7;0;0;2;2;15;A01
201500008285;0;7;0;0;2;3;5;A01
201500008285;0;7;0;0;2;3;1;B02
201500008286;0;33;0;2;0;1;1;A01
201500008287;0;7;0;2;0;3;1;A01
201500008288;0;31;0;0;2;3;1;B02
201500008288;0;7;0;0;2;2;15;A01
201500008289;0;7;0;2;2;1;13;A01
201500008290;0;7;0;0;2;1;1;B02
201500008290;0;7;0;0;2;6;1;C03
201500008290;0;7;0;0;2;1;5;A01
201500008291;0;7;0;0;1;2;1;A01
201500008292;0;7;0;0;2;6;1;A01
201500008292;0;31;0;0;2;1;1;B02
201500008293;0;7;0;12;0;2;17;A01
201500008294;0;33;0;0;2;1;1;B02
201500008294;0;7;0;0;2;3;1;A01
201500008295;0;30;0;0;2;1;1;B02
201500008295;0;7;0;0;2;1;9;A01
201500008296;0;7;0;2;0;1;1;A01
201500008297;0;7;0;0;2;1;1;B02
201500008297;0;15;0;0;2;2;1;A01
201500008298;0;7;0;2;0;3;13;A01
201500008299;0;7;0;2;0;1;1;A01
201500008300;0;7;0;0;2;8;1;B02
201500008300;0;7;0;0;2;8;1;C03
201500008300;0;7;0;0;2;3;5;A01
201500008301;0;7;0;0;1;1;1;A01
201500008302;0;7;0;13;0;3;1;A01
201500008303;0;7;0;0;0;0;0;A01
201500008303;0;10;0;0;0;1;0;B02
201500008304;0;7;0;0;2;1;13;A01
201500008304;0;14;0;0;2;1;1;B02
201500008305;0;7;0;2;0;1;1;A01
201500008306;0;7;0;13;0;9;1;A01
201500008307;0;7;0;2;0;2;1;A01
201500008308;0;7;0;0;2;1;9;B02
201500008308;0;33;0;0;2;7;1;A01
201500008309;0;7;0;8;0;3;1;A01
201500008310;0;7;0;0;9;1;1;A01
201500008310;0;1;0;0;2;8;9;B02
201500008311;0;7;0;0;2;3;1;B02
201500008311;0;7;0;0;2;3;13;A01
201500008312;0;7;0;0;0;0;1;A01
201500008313;0;7;0;16;0;9;19;A01
201500008314;0;30;0;0;2;7;1;A01
201500008314;0;7;0;0;2;1;15;B02
201500008315;0;7;0;0;9;9;1;A01
201500008316;0;2;0;0;2;1;1;A01
201500008316;0;7;0;0;2;8;15;B02
201500008317;0;7;0;0;2;3;0;A01
201500008317;0;7;0;0;2;3;0;B02
201500008318;0;7;0;0;2;1;15;A01
201500008318;0;7;0;0;2;3;0;B02
201500008319;0;7;0;2;0;1;1;A01
201500008320;0;7;0;0;1;7;1;A01
201500008321;0;7;0;0;9;2;2;A01
201500008321;0;1;0;0;0;4;2;B02
201500008322;0;10;0;0;9;1;1;B02
201500008322;0;1;0;0;2;1;1;A01
201500008323;0;7;0;0;2;6;15;B02
201500008323;0;33;0;0;2;1;17;A01
201500008324;0;7;0;13;0;9;1;A01
201500008325;0;14;0;0;1;2;1;A01
201500008326;0;7;0;0;2;7;16;A01
201500008326;0;30;0;0;2;8;18;B02
201500008327;0;7;0;0;0;8;0;A01
201500008327;0;7;0;0;0;8;0;B02
201500008328;0;37;45;0;1;7;1;A01
201500008329;0;33;0;0;2;1;15;B02
201500008329;0;7;0;0;2;1;1;A01
201500008330;0;10;0;0;9;2;2;A01
201500008330;0;1;0;0;2;6;2;B02
201500008331;0;7;0;0;1;7;16;A01
201500008332;0;7;0;0;1;3;1;A01
201500008333;0;7;0;0;1;1;1;A01
201500008334;0;7;0;0;1;8;1;A01
201500008335;0;31;0;0;2;1;1;B02
201500008335;0;7;0;0;2;3;9;A01
201500008336;0;10;0;0;2;2;2;A01
201500008336;0;1;0;0;2;3;2;B02
201500008337;0;7;0;0;2;1;13;A01
201500008337;0;7;0;0;2;1;1;B02
201500008338;0;31;0;0;2;2;9;B02
201500008338;0;7;0;0;2;8;9;A01
201500008339;0;34;0;0;2;2;2;B02
201500008339;0;7;0;0;2;3;10;A01
201500008340;0;33;0;0;2;1;1;B02
201500008340;0;7;0;0;2;3;10;A01
201500008341;0;7;0;16;0;2;1;A01
201500008342;0;7;0;2;0;3;1;A01
201500008343;0;7;0;0;2;3;1;A01
201500008344;0;7;0;0;2;3;23;C03
201500008344;0;7;0;0;2;2;15;A01
201500008344;0;7;0;0;2;3;1;B02
201500008345;0;7;0;0;2;1;13;A01
201500008345;0;7;0;0;2;1;1;B02
201500008346;0;30;0;0;2;1;17;B02
201500008346;0;31;0;0;2;1;17;A01
201500008347;0;7;0;8;0;1;14;A01
201500008348;0;7;0;12;0;2;1;A01
201500008349;0;17;0;0;1;1;1;A01
201500008350;0;7;0;0;2;8;19;B02
201500008350;0;7;0;0;2;1;1;A01
201500008351;0;15;0;0;1;1;23;A01
201500008352;0;10;0;0;2;7;11;B02
201500008352;0;33;0;0;2;1;1;A01
201500008353;0;34;0;0;0;1;1;B02
201500008353;0;7;0;0;0;5;15;A01
201500008354;0;30;0;0;2;8;15;B02
201500008354;0;14;0;0;9;1;1;A01
201500008355;0;14;0;0;2;1;1;A01
201500008355;0;7;0;0;2;8;17;B02
201500008356;0;7;0;13;0;1;1;A01
201500008357;0;7;0;13;0;1;13;A01
201500008358;0;7;0;0;9;3;0;B02
201500008358;0;33;0;0;2;1;13;A01
201500008359;0;7;0;0;1;2;1;A01
201500008360;0;2;0;0;0;1;0;A01
201500008361;0;15;0;0;2;1;1;B02
201500008361;0;15;0;0;2;5;13;A01
201500008362;0;7;0;0;1;8;16;A01
201500008363;0;31;0;0;0;8;1;A01
201500008364;0;10;0;2;0;1;19;A01
201500008365;0;33;0;0;6;1;1;A01
201500008365;0;33;0;0;6;8;1;B02
201500008366;0;10;0;3;2;1;13;A01
201500008366;0;33;0;0;2;1;1;B02
201500008367;0;7;0;0;1;3;9;A01
201500008368;0;10;0;0;0;9;14;A01
201500008369;0;7;0;0;1;2;1;A01
201500008370;2;7;0;0;0;1;13;A01
201500008370;0;7;0;0;0;1;1;B02
201500008371;0;33;0;2;0;7;1;A01
201500008372;0;31;0;16;0;1;0;A01
201500008373;0;7;0;13;0;1;13;A01
201500008374;0;33;0;0;0;0;0;A01
201500008375;0;7;0;0;2;3;0;B02
201500008375;0;31;0;0;2;1;13;A01
201500008376;0;7;0;13;6;2;2;A01
201500008377;0;7;0;0;0;1;1;A01
201500008378;0;10;0;0;0;2;19;A01
201500008378;0;7;0;0;0;1;1;B02
201500008379;0;7;0;0;0;9;1;A01
201500008380;0;7;0;0;1;2;1;A01
201500008381;0;7;0;0;2;3;15;A01
201500008381;0;2;0;0;2;1;1;B02
201500008382;0;7;0;0;1;1;1;A01
201500008383;0;7;0;0;0;9;15;A01
201500008384;0;7;0;13;0;9;1;A01
201500008385;0;33;0;0;2;1;17;A01
201500008385;0;7;0;0;0;8;15;B02
201500008386;0;7;0;16;0;9;1;A01
201500008387;0;7;0;0;2;4;1;B02
201500008387;0;1;0;0;2;4;1;C03
201500008387;0;7;0;0;2;1;1;A01
201500008388;0;33;0;0;2;1;13;A01
201500008388;0;7;0;0;2;1;1;B02
201500008389;0;7;0;13;0;2;1;A01
201500008390;0;31;0;0;2;4;2;A01
201500008391;0;33;0;0;2;1;1;B02
201500008391;0;7;0;0;2;6;11;A01
201500008392;0;7;0;0;2;1;1;A01
201500008392;0;7;0;0;2;2;1;B02
201500008393;0;7;0;2;0;3;11;A01
201500008394;0;10;0;0;0;4;15;A01
201500008394;0;7;0;0;0;1;1;B02
201500008395;0;7;0;0;0;9;1;A01
201500008396;0;33;0;0;0;2;1;A01
201500008397;0;7;0;2;0;1;1;A01
201500008398;0;7;0;13;0;9;1;A01
201500008399;0;7;0;2;0;1;1;A01
201500008400;0;7;0;6;0;1;1;A01
201500008401;0;2;0;0;2;3;13;B02
201500008401;0;7;0;0;2;3;21;A01
201500008402;0;7;0;0;2;8;17;A01
201500008402;0;7;0;2;2;7;17;B02
201500008402;0;7;0;0;2;8;1;C03
201500008403;0;10;0;0;0;3;1;A01
201500008403;0;10;0;0;0;3;1;B02
201500008404;0;7;0;0;2;1;13;A01
201500008404;0;14;0;0;2;3;1;B02
201500008405;0;7;0;0;2;1;1;B02
201500008405;0;10;0;0;2;2;15;A01
201500008406;0;30;0;4;0;3;1;A01
201500008407;0;7;0;14;1;2;1;A01
201500008408;0;7;0;0;1;1;1;A01
201500008409;0;33;0;0;2;1;21;A01
201500008409;0;7;0;0;2;3;19;B02
201500008410;0;33;0;15;0;1;14;A01
201500008411;0;7;0;1;0;1;15;A01
201500008412;0;33;0;13;0;1;0;A01
201500008413;0;20;0;0;2;7;17;A01
201500008414;0;20;0;0;2;3;1;A01
201500008414;0;7;0;0;2;3;1;B02
201500008415;0;10;0;2;0;1;13;A01
201500008416;0;7;0;3;2;8;1;A01
201500008416;0;7;0;0;2;1;1;B02
201500008417;0;7;0;2;0;1;1;A01
201500008418;0;7;0;0;2;1;13;A01
201500008418;0;7;0;0;2;3;1;B02
201500008419;0;7;0;2;0;8;13;A01
201500008420;0;7;0;0;1;3;1;A01
201500008421;0;10;0;0;1;1;1;A01
201500008422;0;7;0;2;6;1;1;A01
201500008423;0;30;0;0;2;1;1;B02
201500008423;0;33;0;0;2;1;1;A01
201500008424;0;7;0;2;0;7;1;A01
201500008425;0;7;0;0;2;3;1;B02
201500008425;0;7;0;0;2;0;1;A01
201500008426;0;7;0;0;2;3;1;B02
201500008426;0;7;0;0;2;3;13;A01
201500008427;0;30;0;0;2;1;17;A01
201500008427;0;7;0;0;2;8;1;B02
201500008428;0;10;0;0;1;1;1;A01
201500008429;0;30;0;0;0;0;0;A01
201500008430;0;31;0;0;2;1;17;B02
201500008430;0;7;0;0;0;6;15;A01
201500008431;0;33;0;0;2;7;17;A01
201500008432;0;7;0;0;0;0;0;A01
201500008433;0;7;0;0;2;3;1;C03
201500008433;0;33;0;0;2;1;17;A01
201500008433;0;7;0;0;2;3;1;B02
201500008434;0;7;0;0;2;1;0;C03
201500008434;0;7;0;0;2;3;0;B02
201500008434;0;7;0;0;2;1;0;A01
201500008435;0;31;0;0;0;7;1;A01
201500008436;0;7;0;0;2;3;1;A01
201500008436;0;7;0;0;2;3;1;B02
201500008437;0;10;0;0;1;3;1;A01
201500008438;0;33;0;0;0;1;1;A01
201500008439;0;7;0;2;0;1;13;A01
201500008440;0;7;0;0;2;6;1;B02
201500008440;0;7;0;0;2;1;1;C03
201500008440;0;7;0;0;2;1;5;A01
201500008441;0;33;0;0;2;1;17;B02
201500008441;0;7;0;0;2;8;15;A01
201500008442;0;7;0;0;0;3;15;A01
201500008442;0;33;0;0;2;1;17;B02
201500008443;0;7;0;0;2;7;10;A01
201500008443;0;33;0;0;2;1;1;B02
201500008444;0;7;0;0;2;1;1;B02
201500008444;0;3;0;0;2;1;13;A01
201500008445;0;7;0;3;0;3;1;A01
201500008446;0;7;0;10;0;3;1;A01
201500008447;0;2;0;15;0;2;1;A01
201500008448;0;33;0;11;0;1;1;A01
201500008449;0;7;0;0;2;3;1;B02
201500008449;0;33;0;0;2;1;1;A01
201500008450;0;7;0;2;0;7;1;A01
201500008451;0;10;0;2;0;1;1;A01
201500008452;0;7;0;0;0;3;16;A01
201500008452;0;7;0;0;2;1;1;B02
201500008453;0;33;0;2;0;1;1;A01
201500008454;0;7;0;0;0;4;15;B02
201500008454;0;30;0;0;2;1;17;A01
201500008455;0;7;0;8;0;2;1;A01
201500008456;0;1;0;0;2;8;1;B02
201500008456;0;7;0;0;2;2;17;A01
201500008457;0;7;0;0;2;3;13;A01
201500008457;0;7;0;0;2;3;0;B02
201500008458;0;7;0;0;2;6;2;B02
201500008458;0;33;0;0;2;1;2;A01
201500008459;0;33;0;0;2;7;1;A01
201500008459;0;10;0;0;2;1;1;B02
201500008460;0;7;0;0;2;1;5;A01
201500008460;0;7;0;0;2;1;1;B02
201500008461;0;30;0;2;0;3;1;A01
201500008462;0;7;0;13;0;1;1;A01
201500008463;0;33;0;12;0;1;15;A01
201500008464;0;7;0;0;1;4;4;A01
201500008465;0;7;0;0;2;3;1;B02
201500008465;0;33;0;0;2;7;12;A01
201500008466;0;32;0;0;0;0;0;A01
201500008467;0;7;0;16;0;0;13;A01
201500008468;0;34;0;0;2;1;13;A01
201500008468;0;10;0;0;2;1;1;B02
201500008469;0;10;0;14;0;1;1;A01
201500008470;0;7;0;0;2;7;9;B02
201500008470;0;31;0;0;2;1;2;A01
201500008471;0;33;0;0;2;1;17;A01
201500008471;0;7;0;0;0;6;15;B02
201500008472;0;1;0;0;0;0;1;A01
201500008473;0;7;0;0;2;3;15;A01
201500008473;0;7;0;0;2;3;1;B02
201500008474;0;10;0;0;1;7;16;A01
201500008475;0;10;0;12;2;3;5;B02
201500008475;0;10;0;0;2;2;1;A01
201500008476;0;7;0;0;2;7;1;A01
201500008476;0;7;0;0;2;1;1;B02
201500008477;0;7;0;16;0;9;14;A01
201500008478;0;7;0;2;0;2;0;A01
201500008479;0;7;0;2;0;3;14;A01
201500008480;0;7;0;0;2;3;5;A01
201500008480;0;7;0;0;2;3;5;B02
201500008481;0;7;0;6;0;6;1;A01
201500008482;0;7;0;0;1;2;2;A01
201500008483;0;7;0;0;1;4;4;A01
201500008484;0;17;0;0;2;3;1;A01
201500008484;0;7;0;0;2;1;1;B02
201500008485;0;14;0;0;1;8;1;A01
201500008486;0;7;0;0;0;4;17;A01
201500008486;0;1;0;0;0;1;0;B02
201500008487;0;7;0;0;2;1;21;C03
201500008487;0;7;0;0;2;2;13;A01
201500008487;0;7;0;0;2;3;1;B02
201500008488;0;7;0;0;2;1;17;A01
201500008488;0;7;0;0;2;1;1;B02
201500008489;0;33;0;0;2;1;1;B02
201500008489;0;7;0;0;2;5;15;A01
201500008490;0;7;0;0;0;2;13;A01
201500008490;0;7;0;0;0;2;0;B02
201500008491;0;7;0;0;2;1;13;A01
201500008491;0;10;0;0;2;1;1;B02
201500008492;0;10;0;0;2;3;1;B02
201500008492;0;7;0;0;2;3;1;A01
201500008493;0;7;0;0;2;3;13;A01
201500008493;0;7;0;0;2;3;1;B02
201500008494;0;7;0;0;1;2;1;A01
201500008495;0;7;0;0;2;7;19;B02
201500008495;0;10;0;0;2;1;1;A01
201500008496;0;31;0;0;2;1;13;B02
201500008496;0;10;0;0;2;1;1;A01
201500008497;0;7;0;0;2;8;2;A01
201500008498;0;7;0;0;2;1;13;A01
201500008498;0;7;0;0;2;1;1;B02
201500008499;0;7;0;0;0;0;15;B02
201500008499;0;31;0;0;0;1;17;A01
201500008500;0;7;0;13;0;1;1;A01
201500008501;0;7;0;0;0;1;1;B02
201500008501;0;10;0;0;2;2;19;A01
201500008502;0;7;0;0;2;3;0;B02
201500008502;0;7;0;0;2;3;1;A01
201500008503;0;7;0;0;2;8;19;A01
201500008503;0;7;0;0;2;1;1;B02
201500008504;0;7;0;0;2;3;1;B02
201500008504;0;7;0;0;2;3;1;A01
201500008505;0;7;0;0;1;7;1;A01
201500008506;0;31;0;13;0;1;1;A01
201500008507;0;7;0;6;0;3;1;A01
201500008508;0;1;0;14;0;1;16;A01
201500008509;0;7;0;0;0;3;19;B02
201500008509;0;7;0;0;2;1;1;A01
201500008510;0;7;0;2;0;1;1;A01
201500008511;0;7;0;2;0;2;19;A01
201500008512;0;7;0;0;2;3;15;A01
201500008512;0;2;0;0;2;7;1;B02
201500008513;0;14;0;0;0;2;0;A01
201500008514;0;10;0;0;2;1;13;A01
201500008514;0;7;0;0;2;3;1;B02
201500008515;0;7;0;13;0;1;1;A01
201500008516;0;7;0;0;0;3;16;A01
201500008516;0;2;0;0;2;1;21;B02
201500008517;0;10;0;6;0;1;1;A01
201500008518;0;7;0;0;2;2;1;B02
201500008518;0;30;0;0;2;1;13;A01
201500008519;0;7;0;0;1;0;1;A01
201500008520;0;31;0;0;2;3;1;B02
201500008520;0;10;0;0;0;6;15;A01
201500008521;0;7;0;16;0;9;1;A01
201500008522;0;7;0;0;2;3;1;B02
201500008522;0;7;0;0;9;3;1;C03
201500008522;0;7;0;0;2;3;13;A01
201500008523;0;33;0;6;0;1;1;A01
201500008524;0;7;0;0;2;1;1;A01
201500008524;0;7;0;0;2;1;1;B02
201500008525;0;7;0;0;2;3;1;A01
201500008525;0;7;0;0;2;1;1;B02
201500008526;0;7;0;0;2;3;9;A01
201500008526;0;31;0;0;2;1;1;B02
201500008527;0;7;0;0;2;3;15;B02
201500008527;0;33;0;0;2;1;17;A01
201500008528;0;7;0;0;2;3;15;A01
201500008528;0;7;0;0;2;2;1;B02
201500008529;0;7;0;0;0;6;15;A01
201500008529;0;7;0;0;2;1;17;B02
201500008530;0;7;0;0;2;3;17;B02
201500008530;0;7;0;0;2;6;1;A01
201500008530;0;10;0;0;2;3;0;C03
201500008531;0;7;0;0;0;2;1;B02
201500008531;0;1;0;0;0;1;15;A01
201500008532;0;7;0;2;0;8;1;A01
201500008533;0;7;0;0;9;1;1;A01
201500008534;0;7;0;0;0;1;1;A01
201500008535;0;7;0;2;0;1;1;A01
201500008536;0;7;0;10;0;1;19;A01
201500008537;0;31;0;0;2;1;1;B02
201500008537;0;7;0;0;2;8;1;A01
201500008538;0;7;0;0;2;8;0;A01
201500008538;0;7;0;0;2;1;19;B02
201500008539;0;33;0;0;2;1;1;B02
201500008539;0;10;0;0;2;7;15;A01
201500008540;0;7;0;0;2;3;21;A01
201500008540;2;7;0;0;2;1;13;B02
201500008541;0;7;0;0;2;4;23;B02
201500008541;0;10;0;0;2;2;2;A01
201500008542;0;33;0;0;0;0;13;A01
201500008543;0;31;0;16;0;0;1;A01
201500008544;0;7;0;0;2;1;1;B02
201500008544;0;33;0;0;2;1;17;A01
201500008545;0;7;0;0;2;2;15;A01
201500008545;0;7;0;6;2;1;1;B02
201500008546;0;34;0;13;0;7;0;A01
201500008547;0;33;0;14;0;1;1;B02
201500008547;0;33;0;0;2;8;21;A01
201500008548;0;7;0;0;2;3;1;B02
201500008548;0;33;0;0;2;1;15;A01
201500008549;0;10;0;0;2;6;1;B02
201500008549;0;33;0;0;2;2;13;A01
201500008550;0;33;0;6;0;1;1;A01
201500008551;0;33;0;14;0;1;13;A01
201500008551;0;7;0;0;0;3;1;B02
201500008552;0;30;0;0;0;1;0;A01
201500008553;0;7;0;0;1;8;15;A01
201500008554;0;7;0;6;0;2;1;A01
201500008555;0;33;0;6;0;2;1;A01
201500008556;0;7;0;0;2;1;13;A01
201500008556;0;7;0;0;2;1;1;B02
201500008557;0;7;0;0;1;1;1;A01
201500008558;0;7;0;0;1;3;0;A01
201500008559;0;7;0;0;1;1;20;A01
201500008560;0;7;0;0;1;1;1;A01
201500008561;0;33;0;0;2;1;1;B02
201500008561;0;7;0;0;2;2;15;A01
201500008562;0;10;0;6;1;2;1;A01
201500008563;0;33;0;0;0;3;21;B02
201500008563;0;37;0;0;2;3;16;A01