num_acc;senc;catv;occutc;obs;obsm;choc;manv;num_veh
201500008951;0;33;0;0;2;1;1;B01
201500008951;0;7;0;0;;3;19;A01
201500008952;0;7;0;13;0;9;14;A01
201500008953;0;7;0;0;;2;15;A01
201500008953;0;31;0;0;2;1;1;B01
201500008954;0;7;0;0;1;1;21;A01
201500008954;0;7;0;0;2;3;1;B01
201500008955;0;1;0;0;2;8;13;A01
201500008955;0;7;0;0;2;2;21;B01
201500008956;0;7;0;0;1;1;1;A01
201500008957;0;10;0;0;;1;1;B01
201500008957;0;33;0;0;2;1;13;A01
201500008958;0;7;0;0;;2;19;B01
201500008958;0;33;0;0;2;1;1;A01
201500008959;0;7;0;0;1;2;1;A01
201500008960;0;33;0;0;2;1;1;A01
201500008960;0;7;0;0;2;7;19;B01
201500008961;0;1;0;0;;4;15;B01
201500008961;1;7;0;0;2;1;9;Z01
201500008962;0;7;0;0;1;1;16;A01
201500008963;0;7;0;0;;8;1;B01
201500008963;0;7;0;0;2;3;13;A01
201500008964;0;7;0;0;;8;15;B01
201500008964;0;2;0;0;2;1;1;A01
201500008965;0;38;10;0;1;7;16;A01
201500008966;0;7;0;0;2;3;15;A01
201500008966;0;31;0;0;;8;1;B01
201500008967;0;7;0;10;2;8;1;B01
201500008967;0;7;0;0;2;1;1;C01
201500008967;0;7;0;10;2;1;1;A01
201500008968;0;7;0;0;2;7;17;A01
201500008968;0;7;0;0;;1;1;D01
201500008968;0;7;0;0;;1;1;C01
201500008968;0;38;2;0;;3;1;B01
201500008969;0;7;0;0;1;3;1;A01
201500008970;0;7;0;0;1;3;1;A01
201500008971;0;7;0;0;2;1;1;A01
201500008971;0;7;0;0;2;4;1;B01
201500008971;0;7;0;0;0;4;1;C01
201500008972;0;7;0;0;2;2;1;A01
201500008972;0;1;0;0;2;4;19;B01
201500008973;0;7;0;0;1;2;1;A01
201500008974;0;38;20;13;0;2;0;A01
201500008975;0;7;0;0;1;1;1;A01
201500008976;0;7;0;0;2;3;9;A01
201500008976;0;7;0;0;2;7;1;B02
201500008977;0;7;0;15;0;1;1;A01
201500008978;0;7;0;0;2;3;1;A01
201500008978;0;31;0;0;2;1;9;B02
201500008979;0;7;0;0;1;2;12;A01
201500008980;0;10;0;2;0;1;15;A01
201500008981;0;7;0;0;1;2;16;A01
201500008982;0;7;0;0;2;0;1;B02
201500008982;0;7;0;0;2;1;1;A01
201500008983;0;33;0;0;2;1;1;A01
201500008983;0;33;0;0;0;4;16;B02
201500008984;0;7;0;0;2;1;1;A01
201500008984;0;7;0;0;2;7;19;B02
201500008985;0;7;0;6;0;1;1;A01
201500008986;0;7;0;0;2;7;0;B02
201500008986;0;7;0;0;2;1;1;A01
201500008987;0;7;0;0;2;3;1;B02
201500008987;0;1;0;0;2;1;1;A01
201500008988;0;7;0;13;0;1;1;A01
201500008989;0;7;0;0;2;1;1;C03
201500008989;0;7;0;0;2;3;1;A01
201500008989;0;10;0;0;2;3;1;B02
201500008990;0;7;0;0;2;4;15;B02
201500008990;0;7;0;0;2;1;1;A01
201500008991;0;10;0;0;1;1;0;A01
201500008992;0;7;0;0;2;1;16;B02
201500008992;0;31;0;0;2;1;1;A01
201500008993;0;33;0;0;2;1;1;A01
201500008993;0;7;0;0;2;3;15;B02
201500008994;0;7;0;0;2;3;1;A01
201500008994;0;7;0;0;2;3;1;B02
201500008995;0;7;0;0;0;3;1;B02
201500008995;0;30;0;0;2;1;1;A01
201500008996;0;7;0;0;2;1;0;B02
201500008996;0;7;0;0;2;2;1;A01
201500008997;0;2;0;0;2;1;17;B02
201500008997;0;7;0;0;9;8;15;A01
201500008998;0;7;0;0;2;1;14;A01
201500008998;0;7;0;0;2;1;1;B02
201500008999;0;7;0;0;1;3;15;A01
201500009000;0;2;0;0;0;1;0;A01
201500009001;0;30;0;0;2;1;1;B02
201500009001;0;7;0;0;0;4;15;A01
201500009002;0;7;0;3;0;9;21;A01
201500009003;0;33;0;13;0;1;1;A01
201500009004;0;7;0;0;2;2;9;A01
201500009004;0;31;0;0;2;7;9;B02
201500009005;0;7;0;0;0;6;20;B02
201500009005;0;14;0;0;2;2;1;A01
201500009006;0;7;0;0;2;2;1;A01
201500009006;0;30;0;0;2;1;1;B02
201500009007;0;7;0;0;0;0;2;A01
201500009008;0;7;0;0;2;0;21;B02
201500009008;0;17;0;0;2;8;0;C03
201500009008;0;7;0;0;2;2;21;A01
201500009009;0;7;0;0;1;7;0;A01
201500009010;0;7;0;0;0;0;23;B02
201500009010;0;33;0;1;0;0;21;A01
201500009011;0;7;0;14;0;0;1;A01
201500009012;0;7;0;0;1;3;2;A01
201500009013;0;10;0;13;0;1;13;A01
201500009014;0;7;0;0;0;3;0;A01
201500009014;0;15;0;0;0;3;0;B02
201500009015;0;10;0;0;0;6;23;B02
201500009015;0;33;0;0;2;1;2;A01
201500009016;0;33;0;0;0;1;17;B02
201500009016;0;7;0;0;0;3;15;A01
201500009017;0;33;0;0;2;1;19;A01
201500009017;0;7;0;0;9;1;1;B02
201500009018;0;33;0;0;2;3;13;A01
201500009018;0;7;0;0;2;3;21;B02
201500009018;0;7;0;0;2;8;0;D04
201500009018;0;33;0;0;2;4;2;C03
201500009019;0;7;0;0;9;7;1;B02
201500009019;0;1;0;0;2;8;1;A01
201500009020;0;7;0;2;0;3;1;A01
201500009021;0;7;0;0;2;6;9;A01
201500009021;0;31;0;0;2;1;1;B02
201500009022;0;3;0;0;0;3;1;A01
201500009022;0;7;0;0;2;3;1;B02
201500009023;0;7;0;0;0;4;0;A01
201500009023;0;7;0;1;0;1;0;B02
201500009024;0;1;0;1;9;1;1;B02
201500009024;0;7;0;1;9;8;22;A01
201500009025;0;7;0;0;2;3;13;A01
201500009025;0;7;0;0;2;3;1;B02
201500009026;0;10;0;0;2;6;1;C03
201500009026;0;7;0;0;2;3;11;B02
201500009026;0;31;0;3;2;2;2;A01
201500009027;0;2;0;0;0;2;1;A01
201500009028;0;7;0;0;0;3;13;B02
201500009028;0;7;0;0;2;1;1;A01
201500009029;0;7;0;0;9;2;17;A01
201500009029;0;1;0;0;0;6;1;B02
201500009030;0;13;0;0;0;2;0;A01
201500009030;0;1;0;0;0;0;0;B02
201500009031;0;7;0;2;0;1;1;A01
201500009032;0;7;0;0;1;2;1;A01
201500009033;0;7;0;0;2;3;1;B02
201500009033;0;7;0;0;2;3;13;A01
201500009034;0;33;0;0;0;7;16;A01
201500009035;0;33;0;0;0;0;2;A01
201500009035;0;33;0;0;2;0;2;B02
201500009036;0;7;0;0;2;1;13;A01
201500009036;0;7;0;0;2;1;1;B02
201500009037;0;15;0;0;0;3;1;A01
201500009038;0;7;0;0;2;3;1;B02
201500009038;0;7;0;0;2;3;13;A01
201500009039;0;7;0;2;0;8;1;A01
201500009040;0;30;0;0;0;6;2;B02
201500009040;0;7;0;0;2;2;2;A01
201500009041;0;7;0;0;2;3;17;A01
201500009041;0;7;0;0;2;3;1;B02
201500009042;0;37;1;0;2;2;2;B02
201500009042;0;7;0;12;2;3;1;A01
201500009043;1;7;0;0;1;2;5;Z01
201500009044;0;30;0;0;2;1;1;A01
201500009044;0;7;0;0;2;4;2;B02
201500009045;0;7;0;0;1;2;1;A01
201500009046;0;10;0;0;2;3;1;B02
201500009046;0;10;0;0;2;1;1;C03
201500009046;0;7;0;0;2;1;5;A01
201500009047;0;7;0;0;2;3;1;C03
201500009047;0;7;0;0;2;4;2;B02
201500009047;0;7;0;0;2;9;1;A01
201500009048;0;10;0;0;2;6;23;A01
201500009048;0;10;0;0;2;2;2;B02
201500009049;0;14;0;0;2;1;1;A01
201500009049;0;7;0;0;2;7;13;B02
201500009049;0;14;0;0;2;2;15;C03
201500009050;0;7;0;2;0;1;1;A01
201500009051;0;2;0;0;2;5;0;B02
201500009051;0;7;0;0;2;3;1;A01
201500009052;0;32;0;12;0;1;13;A01
201500009053;0;33;0;0;2;1;1;B02
201500009053;0;10;0;0;2;8;15;A01
201500009054;0;7;0;0;1;2;1;A01
201500009055;0;33;0;3;0;2;1;A01
201500009056;0;7;0;0;2;2;15;A01
201500009056;0;33;0;0;2;8;1;B02
201500009057;0;7;0;0;2;3;13;A01
201500009057;0;7;0;0;2;8;1;B02
201500009058;0;14;0;0;2;1;1;B02
201500009058;0;13;0;0;2;1;19;A01
201500009059;0;7;0;16;0;3;13;A01
201500009060;0;15;0;0;2;2;2;B02
201500009060;0;7;0;0;2;6;23;A01
201500009061;0;10;0;2;0;3;13;A01
201500009062;0;33;0;0;2;3;21;A01
201500009062;0;14;0;0;2;3;21;B02
201500009063;0;7;0;8;0;3;1;A01
201500009064;0;10;0;0;2;3;16;C03
201500009064;0;7;0;0;2;1;19;B02
201500009064;0;7;0;0;2;0;1;A01
201500009065;0;7;0;0;2;8;15;B02
201500009065;0;2;0;0;2;8;17;A01
201500009066;0;10;0;0;2;4;1;B02
201500009066;0;33;0;0;2;1;1;A01
201500009067;0;7;0;0;2;7;9;A01
201500009067;0;7;0;0;2;1;1;B02
201500009068;0;7;0;0;2;4;2;B02
201500009068;0;33;0;0;2;6;1;A01
201500009069;0;7;0;0;2;8;10;A01
201500009069;0;33;0;0;2;1;1;B02
201500009070;0;14;0;0;1;1;20;A01
201500009071;0;7;0;1;0;3;1;A01
201500009072;0;7;0;0;2;7;6;A01
201500009072;0;7;0;0;2;1;1;B02
201500009073;0;7;0;0;2;3;13;A01
201500009073;0;7;0;0;2;2;1;B02
201500009074;0;7;0;0;1;2;1;A01
201500009075;0;7;0;0;2;1;15;A01
201500009075;0;7;0;0;2;3;1;B02
201500009076;0;7;0;0;2;1;9;A01
201500009076;0;7;0;0;2;1;17;B02
201500009077;0;7;0;0;2;1;1;B02
201500009077;0;15;0;0;2;1;1;A01
201500009078;0;7;0;0;0;9;1;A01
201500009079;0;7;0;0;2;3;1;A01
201500009079;0;2;0;0;2;1;13;B02
201500009080;0;10;0;0;6;1;19;A01
201500009081;0;7;0;0;2;1;1;A01
201500009081;0;7;0;0;2;7;13;B02
201500009082;0;33;0;8;0;1;1;A01
201500009083;0;32;0;0;2;1;13;A01
201500009083;0;7;0;0;2;3;0;B02
201500009084;0;7;0;0;2;1;2;B02
201500009084;0;7;0;0;2;3;10;A01
201500009085;0;7;0;0;2;1;2;B02
201500009085;0;7;0;0;2;4;23;A01
201500009086;0;1;0;0;2;1;1;B02
201500009086;0;7;0;0;2;7;19;A01
201500009087;0;10;0;0;2;3;9;A01
201500009087;0;30;0;0;2;7;1;B02
201500009088;0;7;0;11;0;1;1;A01
201500009089;0;33;0;0;2;1;13;A01
201500009089;0;7;0;0;2;1;1;B02
201500009090;0;33;0;0;2;1;1;A01
201500009090;0;7;0;0;2;5;16;B02
201500009091;0;7;0;0;2;1;9;B02
201500009091;0;1;0;0;2;4;14;A01
201500009092;0;15;0;5;0;8;19;A01
201500009093;0;7;0;0;2;6;15;B02
201500009093;0;33;0;0;2;1;1;A01
201500009094;0;7;0;0;2;4;23;A01
201500009094;0;7;0;0;2;1;1;B02
201500009095;0;33;0;0;0;7;1;A01
201500009096;0;7;0;0;2;3;1;A01
201500009096;0;7;0;0;2;3;15;B02
201500009097;0;30;0;9;2;1;17;B02
201500009097;0;7;0;0;2;8;15;A01
201500009098;0;33;0;0;0;8;1;A01
201500009099;0;7;0;6;2;2;1;A01
201500009099;0;21;0;0;2;1;19;B02
201500009100;0;7;0;0;2;6;1;A01
201500009100;0;7;0;0;2;2;2;B02
201500009101;0;30;0;0;2;1;1;A01
201500009101;0;7;0;0;2;4;1;B02
201500009102;0;30;0;0;2;4;15;B02
201500009102;0;7;0;0;2;1;9;A01
201500009103;0;7;0;0;1;1;1;A01
201500009104;0;2;0;0;2;1;17;B02
201500009104;0;7;0;0;2;6;10;A01
201500009105;0;7;0;0;2;3;1;A01
201500009105;0;7;0;0;2;2;9;B02
201500009106;1;34;0;8;0;1;1;A01
201500009107;0;7;0;9;0;1;1;A01
201500009108;0;7;0;0;2;6;10;B02
201500009108;0;33;0;0;2;1;11;A01
201500009109;0;30;0;0;2;1;1;B02
201500009109;0;7;0;0;2;8;15;A01
201500009110;0;10;0;0;2;4;23;B02
201500009110;0;7;0;0;2;1;1;A01
201500009111;0;1;0;0;2;7;15;A01
201500009111;0;7;0;0;2;3;15;B02
201500009112;0;7;0;0;2;1;1;C03
201500009112;0;7;0;0;2;1;11;B02
201500009112;0;10;0;3;2;2;1;A01
201500009113;0;7;0;0;1;1;0;A01
201500009114;0;33;0;0;2;1;1;A01
201500009114;0;3;0;0;2;8;15;B02
201500009115;0;1;0;0;1;1;1;A01
201500009116;0;2;0;0;2;7;1;B02
201500009116;0;7;0;0;2;1;1;A01
201500009117;0;7;0;0;1;1;1;A01
201500009118;0;7;0;0;2;4;23;C03
201500009118;0;7;0;0;2;4;23;D04
201500009118;0;7;0;1;0;1;1;A01
201500009118;0;7;0;0;2;4;23;B02
201500009119;0;7;0;4;0;2;14;A01
201500009120;0;7;0;0;2;7;13;A01
201500009120;0;1;0;0;2;1;15;B02
201500009121;0;7;0;0;2;3;15;A01
201500009121;0;7;0;0;2;3;1;B02
201500009122;0;7;0;0;1;3;1;A01
201500009123;0;7;0;8;0;1;1;A01
201500009124;0;33;0;0;6;1;1;A01
201500009125;0;33;0;16;0;1;1;A01
201500009126;0;7;0;2;0;8;1;A01
201500009127;0;7;0;2;0;1;14;A01
201500009128;0;7;0;0;2;3;1;A01
201500009128;0;7;0;0;2;3;13;B02
201500009129;0;7;0;13;0;6;14;A01
201500009130;0;7;0;6;0;8;13;A01
201500009131;0;7;0;2;2;9;1;A01
201500009131;0;7;0;0;2;1;19;B02
201500009132;0;7;0;0;2;1;1;A01
201500009132;0;7;0;0;2;1;17;B02
201500009133;0;7;0;0;2;1;13;A01
201500009133;0;7;0;0;2;3;1;B02
201500009134;0;7;0;15;2;3;1;B02
201500009134;0;33;0;0;2;1;13;A01
201500009135;0;7;0;0;1;3;17;A01
201500009136;0;7;0;0;2;1;13;A01
201500009136;0;7;0;0;2;3;1;B02
201500009137;0;7;0;0;1;3;1;A01
201500009138;0;31;0;0;2;1;1;A01
201500009138;0;7;0;0;2;8;19;B02
201500009139;0;7;0;6;1;1;1;A01
201500009140;0;7;0;2;0;1;1;A01
201500009141;0;34;0;0;2;1;13;A01
201500009141;0;7;0;0;2;1;1;B02
201500009142;0;7;0;0;2;1;13;B02
201500009142;0;7;0;0;2;2;1;C03
201500009142;0;7;0;0;2;3;1;A01
201500009143;0;33;0;4;0;7;1;A01
201500009144;0;7;0;12;0;1;14;A01
201500009145;0;7;0;6;0;8;13;A01
201500009146;0;7;0;0;2;3;1;A01
201500009146;0;1;0;0;2;1;1;B02
201500009147;0;7;0;2;0;1;14;A01
201500009148;0;14;0;0;2;6;1;B02
201500009148;0;7;0;0;2;2;17;A01
201500009148;0;14;0;0;2;1;1;C03
201500009149;0;7;0;0;2;1;1;B02
201500009149;0;7;0;0;2;1;11;A01
201500009150;0;1;0;16;0;1;1;A01
201500009151;0;10;0;13;0;9;21;A01
201500009152;0;7;0;0;2;3;13;A01
201500009152;0;7;0;0;2;1;1;B02
201500009152;0;15;0;0;2;3;1;C03
201500009153;0;7;0;0;1;1;1;A01
201500009154;0;7;0;0;2;1;17;A01
201500009154;0;33;0;0;2;9;21;B02
201500009155;0;7;0;0;2;1;1;B02
201500009155;0;7;0;0;0;3;13;A01
201500009156;0;33;0;0;2;4;2;B02
201500009156;0;7;0;0;2;1;1;A01
201500009157;0;10;0;0;2;6;9;A01
201500009157;0;33;0;0;2;1;1;B02
201500009158;0;7;0;0;1;2;1;A01
201500009159;0;7;0;0;2;4;2;B02
201500009159;0;7;0;0;2;3;17;A01
201500009159;0;7;0;0;2;3;1;C03
201500009160;0;7;0;0;2;6;2;A01
201500009160;0;7;0;0;2;4;2;B02
201500009160;0;7;0;0;2;9;2;C03
201500009160;0;7;0;0;2;4;2;D04
201500009160;0;7;0;0;2;1;1;E05
201500009161;0;7;0;0;2;1;1;A01
201500009161;0;1;0;0;2;4;2;B02
201500009162;0;34;0;16;0;2;15;A01
201500009163;0;7;0;0;2;2;15;B02
201500009163;0;32;0;0;2;1;1;A01
201500009164;0;7;0;0;0;1;13;A01
201500009164;0;14;0;1;0;3;24;B02
201500009165;0;7;0;0;1;2;1;A01
201500009166;0;36;0;13;0;1;1;A01
201500009167;0;7;0;0;0;1;1;A01
201500009167;0;7;0;0;0;8;16;B02
201500009168;0;7;0;0;2;1;13;A01
201500009168;0;7;0;0;2;3;1;B02
201500009168;0;7;0;0;2;8;1;C03
201500009169;0;7;0;0;2;2;15;A01
201500009169;0;7;0;0;2;1;1;B02
201500009169;0;14;0;0;2;3;23;C03
201500009170;0;7;0;0;2;3;17;A01
201500009170;0;15;0;0;2;3;1;B02
201500009171;0;7;0;0;2;1;19;B02
201500009171;0;10;0;0;0;5;1;A01
201500009172;1;7;0;0;1;2;1;A01
201500009173;0;7;0;0;2;1;1;B02
201500009173;0;7;0;0;2;3;1;A01
201500009174;0;7;0;0;2;1;15;A01
201500009174;0;34;0;0;2;1;1;B02
201500009175;0;10;0;2;0;3;1;A01
201500009176;0;10;0;2;0;1;1;A01
201500009177;0;7;0;0;2;7;13;A01
201500009177;0;10;0;0;2;1;1;B02
201500009178;0;7;0;0;0;2;1;A01
201500009178;0;7;0;0;0;8;9;B02
201500009179;0;7;0;0;2;3;15;A01
201500009179;0;31;0;0;2;3;1;B02
201500009180;0;7;0;2;0;7;1;A01
201500009181;0;7;0;0;2;8;1;A01
201500009181;0;21;0;0;0;1;1;B02
201500009182;0;15;0;0;2;3;1;A01
201500009182;0;7;0;0;2;1;13;B02
201500009183;0;7;0;0;1;3;15;A01
201500009184;0;7;0;2;0;8;1;A01
201500009185;0;3;0;13;0;1;0;A01
201500009186;0;7;0;0;2;2;17;B02
201500009186;0;33;0;0;2;2;1;A01
201500009187;0;7;0;0;0;6;2;A01
201500009187;0;31;0;0;2;1;2;B02
201500009188;0;7;0;0;0;0;2;A01
201500009189;0;7;0;0;2;8;13;A01
201500009189;0;7;0;0;2;3;1;B02
201500009190;0;7;0;2;0;9;16;A01
201500009191;0;7;0;0;0;0;0;A01
201500009192;0;7;0;0;2;2;15;A01
201500009192;0;33;0;0;2;1;1;B02
201500009192;0;7;0;0;2;1;1;C03
201500009193;0;7;0;15;0;1;13;A01
201500009194;0;7;0;0;9;2;1;A01
201500009194;0;1;0;0;2;1;15;B02
201500009195;0;7;0;0;2;2;15;A01
201500009195;0;2;0;0;2;3;1;B02
201500009196;0;7;0;0;0;2;1;A01
201500009196;0;7;0;0;0;2;0;B02
201500009197;0;33;0;3;0;0;1;A01
201500009198;0;7;0;2;0;7;1;A01
201500009199;0;33;0;0;0;0;0;A01
201500009200;0;7;0;0;1;0;0;A01
201500009201;0;7;0;0;2;2;11;A01
201500009201;0;33;0;0;2;1;0;B02
201500009202;0;33;0;0;2;2;17;A01
201500009202;0;7;0;0;0;6;17;B02
201500009203;0;2;0;0;0;9;17;A01
201500009203;0;7;0;0;0;3;1;B02
201500009204;0;33;0;0;2;9;1;A01
201500009204;0;21;0;0;2;0;9;B02
201500009205;0;7;0;0;0;9;1;A01
201500009206;0;7;0;13;0;9;17;A01
201500009207;2;7;0;6;0;1;1;A01
201500009208;0;7;0;0;2;1;1;A01
201500009208;0;7;0;0;2;8;1;B02
201500009209;0;7;0;0;2;2;1;A01
201500009209;0;33;0;0;2;1;1;B02
201500009210;0;33;0;2;0;1;0;A01
201500009211;0;31;0;0;6;1;1;A01
201500009212;0;7;0;2;0;8;14;A01
201500009213;0;7;0;0;2;3;5;A01
201500009213;0;7;0;0;2;3;1;B02
201500009214;0;7;0;0;2;1;13;A01
201500009214;0;10;0;0;0;1;1;B02
201500009215;0;31;0;0;2;9;2;A01
201500009215;0;7;0;0;0;6;2;B02
201500009215;0;7;0;0;0;7;5;C03
201500009215;0;37;1;1;0;0;24;D04
201500009216;0;2;0;0;0;0;0;A01
201500009217;0;7;0;1;1;2;1;A01
201500009218;0;7;0;0;1;1;11;A01
201500009219;0;7;0;0;0;3;19;B02
201500009219;0;10;0;0;0;1;0;A01
201500009220;0;7;0;0;9;3;1;A01
201500009220;0;7;0;0;2;1;2;B02
201500009220;0;1;0;0;2;5;5;C03
201500009221;0;33;0;0;2;5;17;A01
201500009221;0;7;0;0;2;3;1;B02
201500009222;0;7;0;0;2;3;13;A01
201500009222;0;15;0;0;2;3;21;B02
201500009222;0;7;0;0;2;1;1;C03
201500009223;0;7;0;0;2;1;1;B02
201500009223;0;30;0;0;0;7;1;A01
201500009224;0;10;0;0;0;9;1;A01
201500009225;0;33;0;0;0;0;0;A01
201500009226;0;7;0;0;2;2;15;A01
201500009226;0;33;0;0;2;1;1;B02
201500009227;0;7;0;0;2;3;17;A01
201500009227;0;7;0;0;2;3;1;B02
201500009228;0;7;0;1;0;2;14;A01
201500009228;0;10;0;0;2;4;24;B02
201500009229;0;7;0;13;0;1;1;A01
201500009230;0;7;0;0;0;3;5;A01
201500009230;0;7;0;0;2;3;1;B02
201500009231;0;30;0;2;0;1;1;A01
201500009232;0;30;0;0;2;8;1;B02
201500009232;0;21;0;0;0;3;15;A01
201500009233;0;7;0;2;0;1;0;A01
201500009234;0;7;0;15;0;3;1;B02
201500009234;0;7;0;15;0;1;21;A01
201500009235;0;10;0;0;2;1;1;A01
201500009235;0;7;0;0;2;6;4;B02
201500009236;0;7;0;0;2;3;1;B02
201500009236;0;10;0;0;2;2;1;A01
201500009237;0;7;0;0;2;3;13;A01
201500009237;0;38;1;0;2;3;1;B02
201500009237;0;7;0;0;2;3;1;C03
201500009238;0;7;0;0;2;5;17;A01
201500009238;0;7;0;0;2;3;1;B02
201500009239;0;31;0;16;0;1;1;A01
201500009240;0;7;0;0;2;6;13;A01
201500009240;0;7;0;0;2;3;1;B02
201500009241;0;14;0;0;2;1;1;A01
201500009241;0;10;0;3;0;6;1;B02
201500009242;0;7;0;0;0;3;1;A01
201500009243;0;7;0;0;0;2;1;A01
201500009244;0;1;0;0;2;1;19;A01
201500009244;0;7;0;0;9;7;1;B02
201500009245;0;7;0;0;2;7;1;A01
201500009245;0;7;0;0;2;1;1;B02
201500009246;0;7;0;0;2;1;1;A01
201500009246;0;7;0;0;2;1;1;B02
201500009247;0;7;0;0;2;1;13;A01
201500009247;0;7;0;0;2;1;2;B02
201500009248;0;31;0;0;2;1;1;A01
201500009248;0;7;0;0;0;8;11;B02
201500009249;0;7;0;0;0;9;0;A01
201500009250;0;7;0;1;0;1;1;A01
201500009250;0;10;0;0;2;4;24;B02
201500009251;0;7;0;0;2;1;2;A01
201500009251;0;15;0;0;0;0;16;B02
201500009252;0;7;0;1;0;1;2;A01
201500009252;0;7;0;0;2;4;23;B02
201500009252;0;7;0;0;2;4;23;C03
201500009253;0;7;0;0;0;8;2;A01
201500009253;0;7;0;0;0;2;2;B02
201500009254;0;7;0;6;0;8;1;A01
201500009255;0;7;0;0;0;9;1;A01
201500009256;0;7;0;2;0;8;1;A01
201500009257;0;7;0;0;2;2;15;A01
201500009257;0;7;0;0;2;3;1;B02
201500009258;0;31;0;16;0;0;1;A01
201500009259;0;7;0;0;2;1;1;B02
201500009259;0;7;0;0;2;8;1;A01
201500009260;0;7;0;0;2;1;2;A01
201500009260;0;10;0;0;2;4;2;B02
201500009261;0;33;0;6;0;1;1;A01
201500009262;0;7;0;12;0;2;14;A01
201500009263;0;33;0;16;0;7;1;A01
201500009263;0;34;0;16;0;0;1;B02
201500009263;0;33;0;0;0;0;21;C03
201500009264;0;36;0;15;0;4;0;A01
201500009265;0;7;0;0;2;1;21;A01
201500009265;0;7;0;0;2;1;1;B02
201500009266;0;7;0;0;2;2;15;A01
201500009266;0;33;0;0;2;1;1;B02
201500009267;0;7;0;0;0;3;12;A01
201500009267;0;15;0;1;0;5;24;B02
201500009268;0;7;0;0;1;0;0;A01
201500009269;0;33;0;0;2;1;17;A01
201500009269;0;7;0;0;0;8;15;B02
201500009270;0;33;0;0;2;1;1;A01
201500009270;0;15;0;0;2;7;15;B02
201500009271;0;7;0;0;1;1;1;A01
201500009272;0;7;0;0;2;1;1;A01
201500009272;0;7;0;0;2;3;1;B02
201500009273;0;7;0;4;0;9;17;A01
201500009274;0;7;0;0;0;0;9;C03
201500009274;0;7;0;0;0;0;13;A01
201500009274;0;33;0;0;0;0;13;B02
201500009275;0;2;0;16;0;0;1;A01
201500009276;0;7;0;0;2;1;13;A01
201500009276;0;10;0;0;2;1;1;B02
201500009277;0;7;0;0;2;3;5;A01
201500009277;0;7;0;0;0;3;1;B02
201500009278;0;7;0;0;2;1;1;A01
201500009278;0;7;0;0;2;7;13;B02
201500009279;0;7;0;0;2;2;9;A01
201500009279;0;33;0;0;2;7;1;B02
201500009279;0;7;0;0;2;3;1;C03
201500009280;0;7;0;0;2;1;2;A01
201500009280;0;30;0;0;0;4;2;B02
201500009281;0;7;0;0;2;7;19;A01
201500009281;0;7;0;0;2;1;1;B02
201500009282;0;7;0;0;0;1;13;A01
201500009282;0;7;0;0;0;0;1;B02
201500009283;0;7;0;0;2;3;1;A01
201500009283;0;7;0;0;2;3;1;B02
201500009284;0;7;0;0;2;1;13;A01
201500009284;0;7;0;0;2;1;1;B02
201500009285;0;7;0;2;0;9;1;A01
201500009286;0;10;0;0;2;7;13;A01
201500009286;0;7;0;0;2;1;0;B02
201500009287;0;7;0;2;0;8;1;A01
201500009288;0;33;0;0;2;0;13;A01
201500009288;0;7;0;0;2;0;19;B02
201500009289;0;7;0;0;0;2;0;A01
201500009289;0;10;0;0;0;6;0;B02
201500009290;0;33;0;0;0;0;17;A01
201500009290;0;7;0;0;2;1;1;B02
201500009291;0;7;0;0;2;8;13;A01
201500009291;0;7;0;0;2;1;1;B02
201500009292;0;7;0;0;0;7;1;A01
201500009292;0;7;0;0;0;1;17;B02
201500009292;0;7;0;14;0;1;21;C03
201500009293;0;10;0;0;2;7;1;A01
201500009293;0;1;0;0;2;8;1;B02
201500009294;0;7;0;0;1;2;1;A01
201500009295;0;31;0;0;2;8;13;A01
201500009295;0;7;0;0;2;2;13;B02
201500009296;0;33;0;13;0;1;13;A01
201500009297;0;7;0;0;2;2;15;A01
201500009297;0;7;0;0;2;1;0;B02
201500009298;0;7;0;0;2;1;13;A01
201500009298;0;7;0;0;2;1;1;B02
201500009299;0;31;0;0;2;1;1;A01
201500009299;0;7;0;0;2;3;15;B02
201500009300;0;7;0;13;0;1;0;A01
201500009301;0;1;0;14;0;1;1;A01
201500009302;0;33;0;0;0;0;14;A01
201500009303;0;7;0;0;2;3;13;A01
201500009303;0;7;0;0;2;3;0;B02
201500009304;0;7;0;0;2;1;13;A01
201500009304;0;7;0;0;2;1;1;B02
201500009305;0;7;0;0;2;3;1;B02
201500009305;0;15;0;0;2;1;1;C03
201500009305;0;7;0;0;2;2;15;A01
201500009306;0;7;0;13;0;3;1;A01
201500009307;0;17;0;0;2;7;13;A01
201500009307;0;14;0;0;2;1;1;B02
201500009308;0;33;0;0;2;3;13;A01
201500009308;0;7;0;0;2;3;1;B02
201500009309;0;7;0;0;2;1;13;A01
201500009309;0;7;0;0;2;1;1;B02
201500009310;0;17;0;13;0;9;14;A01
201500009311;0;7;0;0;2;1;1;A01
201500009311;0;14;0;0;2;3;1;B02
201500009312;0;7;0;0;0;9;0;A01
201500009313;0;7;0;8;0;9;13;A01
201500009314;0;7;0;2;0;2;1;A01
201500009315;0;7;0;0;1;6;15;A01
201500009316;0;7;0;0;2;1;1;A01
201500009316;0;17;0;0;2;3;1;B02