num_acc;senc;catv;occutc;obs;obsm;choc;manv;num_veh
201500009317;0;7;0;8;0;3;17;A01
201500009318;0;7;0;0;2;1;13;A01
201500009318;0;7;0;0;2;1;1;B02
201500009319;0;7;0;0;2;2;17;A01
201500009319;0;7;0;0;2;1;1;B02
201500009319;0;7;0;0;2;6;1;C03
201500009320;0;33;0;0;2;8;0;A01
201500009321;0;7;0;2;0;1;1;A01
201500009322;0;17;0;0;0;7;23;A01
201500009322;0;39;1;14;0;1;1;B02
201500009323;0;7;0;0;0;0;1;A01
201500009324;0;33;0;13;0;1;1;A01
201500009325;0;7;0;0;2;1;1;A01
201500009325;0;7;0;0;0;4;1;B02
201500009326;0;2;0;0;2;3;1;B02
201500009326;0;15;0;0;0;2;1;A01
201500009327;0;7;0;0;2;3;20;A01
201500009327;0;1;0;0;2;1;1;B02
201500009328;0;7;0;0;2;2;1;B02
201500009328;0;33;0;0;2;1;13;A01
201500009329;0;33;0;0;0;8;1;A01
201500009330;1;33;0;0;1;5;17;A01
201500009331;0;7;0;0;0;3;13;A01
201500009331;0;7;0;0;2;3;1;B02
201500009331;0;7;0;14;0;1;1;C03
201500009332;0;2;0;0;2;1;1;B02
201500009332;0;7;0;0;2;5;15;A01
201500009333;0;7;0;0;1;4;20;A01
201500009334;0;7;0;0;2;3;1;B02
201500009334;0;7;0;0;2;3;13;A01
201500009335;0;7;0;0;1;2;1;A01
201500009336;0;7;0;7;0;1;1;A01
201500009337;0;10;0;0;2;1;15;A01
201500009337;0;33;0;0;2;1;21;B02
201500009338;0;7;0;8;0;3;1;A01
201500009339;0;17;0;0;2;3;21;A01
201500009339;0;7;0;0;2;1;1;E05
201500009339;0;7;0;0;2;1;1;D04
201500009339;0;7;0;0;2;4;15;B02
201500009339;0;7;0;0;2;1;1;C03
201500009340;0;33;0;0;2;1;2;A01
201500009340;0;33;0;0;0;5;15;B02
201500009341;0;7;0;3;0;9;14;A01
201500009342;0;7;0;0;0;2;15;A01
201500009342;0;31;0;0;2;1;1;B02
201500009343;0;17;0;0;1;5;16;A01
201500009344;0;33;0;14;0;3;1;A01
201500009345;0;7;0;13;0;3;1;A01
201500009346;0;34;0;0;0;1;1;A01
201500009347;0;33;0;2;0;1;1;A01
201500009348;0;7;0;0;0;6;9;A01
201500009348;0;7;0;13;2;1;21;B02
201500009349;0;7;0;0;2;3;9;A01
201500009349;0;7;0;0;2;2;1;B02
201500009350;0;14;0;0;2;8;21;C03
201500009350;0;7;0;0;2;3;13;A01
201500009350;0;10;0;13;2;3;21;B02
201500009351;0;7;0;0;2;2;21;B02
201500009351;0;7;0;0;2;2;13;A01
201500009352;0;7;0;8;0;2;1;A01
201500009353;0;7;0;0;1;1;15;A01
201500009354;0;2;0;0;2;3;13;B02
201500009354;0;7;0;0;2;3;1;A01
201500009355;0;33;0;6;0;7;1;A01
201500009356;0;7;0;0;2;2;15;A01
201500009356;0;31;0;0;2;1;1;B02
201500009357;0;7;0;0;2;3;13;A01
201500009357;0;7;0;0;2;3;1;B02
201500009358;0;7;0;0;0;5;15;B02
201500009358;0;2;0;0;2;1;2;A01
201500009359;0;7;0;16;0;9;1;A01
201500009360;0;7;0;0;2;1;15;B02
201500009360;0;2;0;0;2;3;17;A01
201500009361;0;2;0;6;0;1;14;A01
201500009362;0;7;0;0;2;1;13;A01
201500009362;0;15;0;0;2;2;1;B02
201500009363;0;2;0;1;0;1;1;A01
201500009364;0;7;0;0;1;1;1;A01
201500009365;0;7;0;0;2;8;15;A01
201500009365;0;30;0;0;2;1;1;B02
201500009366;0;7;0;0;2;3;15;A01
201500009366;0;30;0;0;2;8;1;B02
201500009367;0;3;0;0;2;1;15;A01
201500009367;0;7;0;0;2;3;1;B02
201500009368;0;7;0;0;2;2;15;B02
201500009368;0;7;0;2;2;2;1;A01
201500009369;0;7;0;0;2;3;17;A01
201500009369;0;2;0;0;2;1;1;B02
201500009370;2;7;0;12;0;2;1;A01
201500009371;0;10;0;0;2;1;13;A01
201500009371;0;7;0;0;2;1;1;B02
201500009372;0;7;0;0;0;6;15;B02
201500009372;0;33;0;0;2;1;17;A01
201500009373;0;7;0;16;0;1;1;A01
201500009374;0;7;0;2;0;2;14;A01
201500009375;0;7;0;14;0;2;1;B02
201500009375;0;10;0;13;0;9;17;A01
201500009376;0;7;0;13;0;9;1;A01
201500009377;0;7;0;6;2;8;1;A01
201500009377;0;10;0;0;2;8;1;B02
201500009378;0;7;0;2;0;1;13;A01
201500009379;0;21;0;0;0;6;15;A01
201500009379;0;33;0;0;2;2;17;B02
201500009380;0;7;0;8;0;3;1;A01
201500009381;0;7;0;2;0;9;1;A01
201500009382;0;7;0;13;0;4;1;B02
201500009382;0;7;0;0;2;1;2;A01
201500009383;0;7;0;0;2;1;1;B02
201500009383;0;7;0;0;2;1;13;A01
201500009384;0;7;0;0;2;1;1;B02
201500009384;0;3;0;0;2;8;15;A01
201500009385;0;7;0;13;0;3;1;A01
201500009386;0;2;0;0;2;1;1;A01
201500009386;0;7;0;0;0;8;1;B02
201500009387;0;7;0;0;0;5;15;B02
201500009387;0;30;0;0;2;1;1;A01
201500009388;0;21;0;0;2;3;16;B02
201500009388;0;30;0;0;2;3;1;A01
201500009389;0;7;0;0;1;2;1;A01
201500009390;0;7;0;8;0;8;1;A01
201500009391;0;30;0;0;2;1;1;A01
201500009391;0;7;0;0;2;3;1;B02
201500009392;0;2;0;1;0;2;1;A01
201500009393;0;7;0;0;2;8;15;A01
201500009393;0;33;0;0;2;1;1;B02
201500009394;2;7;0;16;0;1;1;A01
201500009395;0;7;0;0;2;1;1;B02
201500009395;0;7;0;0;2;1;13;A01
201500009396;0;7;0;8;0;1;1;A01
201500009397;0;7;0;0;0;8;1;B02
201500009397;0;7;0;0;2;1;1;A01
201500009398;0;17;0;0;2;2;2;B02
201500009398;0;1;0;0;0;4;1;A01
201500009399;0;10;0;6;0;3;1;A01
201500009400;0;7;0;0;2;1;1;B02
201500009400;0;7;0;0;2;7;13;A01
201500009401;0;33;0;16;0;9;1;A01
201500009402;0;7;0;15;0;3;13;A01
201500009403;0;7;0;0;2;1;1;B02
201500009403;0;7;0;0;2;2;13;A01
201500009404;0;7;0;16;0;9;1;A01
201500009405;0;7;0;13;0;1;1;A01
201500009406;0;7;0;6;0;2;14;A01
201500009407;0;7;0;0;0;9;14;A01
201500009408;0;7;0;0;2;1;1;B02
201500009408;0;33;0;0;2;1;13;A01
201500009409;0;7;0;3;0;1;1;A01
201500009410;0;10;0;0;2;1;1;A01
201500009410;0;7;0;0;0;8;1;B02
201500009411;0;7;0;8;0;1;1;A01
201500009412;0;7;0;0;0;8;1;B02
201500009412;0;7;0;0;2;1;1;A01
201500009413;0;30;0;6;0;1;1;A01
201500009414;0;7;0;0;2;1;1;C03
201500009414;0;7;0;0;2;8;1;B02
201500009414;0;7;0;0;2;1;13;A01
201500009415;0;7;0;0;1;6;1;A01
201500009416;0;7;0;0;1;3;15;A01
201500009417;0;7;0;2;0;9;17;A01
201500009418;0;1;0;0;2;8;19;B02
201500009418;0;7;0;0;2;3;1;A01
201500009419;0;7;0;2;0;7;13;A01
201500009420;0;7;0;0;1;3;1;A01
201500009421;0;7;0;0;1;4;20;A01
201500009422;0;7;0;0;2;8;1;B02
201500009422;0;7;0;0;2;2;1;A01
201500009423;0;7;0;0;2;5;15;B02
201500009423;0;30;0;0;2;2;1;A01
201500009424;0;10;0;0;1;8;13;A01
201500009425;0;33;0;6;0;1;1;A01
201500009426;0;2;0;6;0;1;1;A01
201500009427;0;7;0;0;2;3;1;B02
201500009427;0;7;0;0;2;1;13;A01
201500009428;0;7;0;13;0;9;1;A01
201500009429;0;7;0;0;2;1;1;B02
201500009429;0;3;0;0;2;1;13;A01
201500009430;0;7;0;0;1;3;9;A01
201500009431;0;7;0;0;2;2;13;A01
201500009431;0;10;0;0;2;1;1;B02
201500009432;0;7;0;12;0;9;1;A01
201500009433;0;33;0;0;0;1;1;A01
201500009434;0;10;0;0;2;2;1;B02
201500009434;0;30;0;0;2;1;11;A01
201500009435;0;30;0;0;2;1;1;A01
201500009435;0;7;0;0;2;3;1;B02
201500009436;0;33;0;12;0;1;1;A01
201500009437;0;7;0;6;0;3;13;A01
201500009438;0;10;0;7;0;9;1;A01
201500009439;0;7;0;2;0;2;1;A01
201500009440;0;7;0;2;0;8;1;A01
201500009441;0;30;0;0;1;2;1;A01
201500009442;0;1;0;0;2;1;17;B02
201500009442;0;7;0;0;9;8;15;A01
201500009443;0;7;0;0;2;1;1;B02
201500009443;0;14;0;0;2;1;1;A01
201500009444;0;7;0;8;0;1;1;A01
201500009445;0;10;0;0;1;4;4;A01
201500009446;0;7;0;6;0;1;1;A01
201500009447;0;7;0;13;0;9;1;A01
201500009448;0;7;0;0;2;3;1;B02
201500009448;0;7;0;0;2;1;1;A01
201500009449;0;7;0;2;0;1;1;A01
201500009450;0;7;0;0;2;3;16;B02
201500009450;0;14;0;0;2;1;1;A01
201500009451;0;7;0;0;2;3;10;A01
201500009451;0;30;0;0;2;1;17;B02
201500009452;0;1;0;0;2;8;15;B02
201500009452;0;10;0;0;9;1;9;A01
201500009453;0;39;80;0;2;1;1;B02
201500009453;0;7;0;0;4;2;11;A01
201500009454;0;10;0;0;2;6;15;B02
201500009454;0;31;0;0;2;1;1;A01
201500009455;0;7;0;0;2;7;19;A01
201500009455;0;10;0;0;2;1;1;B02
201500009456;0;7;0;13;0;2;1;A01
201500009457;0;7;0;0;1;4;4;A01
201500009458;0;7;0;0;1;1;1;A01
201500009459;0;17;0;0;;4;23;B02
201500009459;0;33;0;;2;1;1;A01
201500009460;0;7;0;2;0;8;1;A01
201500009461;0;7;0;0;2;2;16;B02
201500009461;0;7;0;0;2;3;1;A01
201500009462;0;7;0;16;0;9;1;A01
201500009463;0;10;0;8;0;9;1;A01
201500009464;0;7;0;2;0;1;14;A01
201500009465;0;33;0;8;0;3;1;A01
201500009466;0;7;0;0;2;8;15;B02
201500009466;0;31;0;0;2;1;1;A01
201500009467;0;7;0;0;0;4;1;B02
201500009467;0;7;0;0;2;2;2;A01
201500009468;0;7;0;0;2;1;1;C03
201500009468;0;7;0;2;0;1;14;D04
201500009468;0;10;0;0;2;1;13;A01
201500009468;0;10;0;0;2;3;1;B02
201500009469;0;7;0;0;2;1;1;B02
201500009469;0;1;0;0;2;4;9;A01
201500009470;0;30;0;8;0;1;1;A01
201500009471;0;7;0;0;2;2;1;A01
201500009471;0;17;0;0;0;3;2;B02
201500009472;0;7;0;2;0;1;2;A01
201500009473;0;7;0;0;0;2;6;A01
201500009473;0;7;0;0;0;1;0;B02
201500009474;0;7;0;0;2;3;5;B02
201500009474;0;7;0;0;2;2;15;A01
201500009475;0;7;0;0;0;0;17;A01
201500009475;0;7;0;2;0;1;14;B02
201500009476;0;33;0;0;2;1;1;A01
201500009476;0;7;0;0;2;5;19;B02
201500009477;0;7;0;0;2;1;5;A01
201500009477;0;7;0;0;2;3;1;B02
201500009478;0;31;0;0;6;1;1;A01
201500009479;0;15;0;0;2;1;2;A01
201500009479;0;15;0;0;2;4;1;B02
201500009480;0;7;0;0;9;6;19;A01
201500009480;0;1;0;0;2;1;1;B02
201500009481;0;33;0;0;0;1;0;A01
201500009482;0;7;0;0;2;3;0;A01
201500009482;0;15;0;0;2;3;0;B02
201500009483;0;7;0;0;2;2;16;B02
201500009483;0;7;0;0;2;3;17;A01
201500009484;0;33;0;8;0;1;0;A01
201500009485;0;7;0;4;0;3;0;A01
201500009486;0;33;0;0;2;1;2;A01
201500009486;0;20;0;0;2;5;2;B02
201500009487;0;7;0;13;0;3;1;A01
201500009488;0;7;0;0;2;8;19;A01
201500009488;0;31;0;0;2;3;1;B02
201500009489;0;7;0;0;2;1;19;A01
201500009489;0;33;0;6;0;6;1;B02
201500009490;0;7;0;0;2;8;1;A01
201500009490;0;7;0;0;2;1;9;B02
201500009491;0;7;0;2;0;3;13;A01
201500009492;0;7;0;0;2;1;5;A01
201500009492;0;10;0;0;2;1;1;B02
201500009493;0;7;0;0;2;8;19;A01
201500009493;0;7;0;0;2;1;1;B02
201500009494;0;33;0;0;1;1;1;A01
201500009495;0;7;0;0;2;2;15;A01
201500009495;0;7;0;0;2;3;1;B02
201500009496;0;7;0;0;2;1;1;B02
201500009496;0;10;0;0;2;2;1;A01
201500009497;0;7;0;2;0;3;1;A01
201500009498;0;7;0;8;0;1;1;A01
201500009499;0;31;0;0;2;1;1;A01
201500009499;0;7;0;0;2;2;15;B02
201500009500;0;10;0;0;1;2;2;A01
201500009501;0;7;0;6;0;2;1;A01
201500009502;0;7;0;0;2;3;13;A01
201500009502;0;7;0;0;2;3;1;B02
201500009503;0;7;0;0;2;7;1;A01
201500009503;0;7;0;0;2;1;1;B02
201500009504;0;33;0;0;0;7;17;A01
201500009504;0;7;0;0;0;8;15;B02
201500009505;0;2;0;0;0;7;0;A01
201500009506;0;7;0;0;1;3;9;A01
201500009507;0;34;0;0;2;1;2;A01
201500009507;0;10;0;0;2;4;2;B02
201500009508;0;10;0;0;1;3;1;A01
201500009509;0;7;0;0;2;1;1;B02
201500009509;0;7;0;0;2;1;1;A01
201500009510;0;7;0;0;0;1;17;A01
201500009510;0;34;0;0;0;3;0;B02
201500009511;0;10;0;1;0;1;13;A01
201500009511;0;14;0;0;0;1;24;B02
201500009512;0;7;0;16;0;1;17;A01
201500009513;0;7;0;0;2;1;1;A01
201500009513;0;7;0;0;2;8;1;B02
201500009514;0;7;0;0;2;5;15;A01
201500009514;0;2;0;0;2;1;1;B02
201500009515;0;33;0;6;0;7;14;A01
201500009516;0;7;0;0;0;9;1;A01
201500009517;0;7;0;8;0;9;1;A01
201500009518;0;7;0;2;0;8;1;A01
201500009519;0;7;0;0;2;3;1;B02
201500009519;0;7;0;0;2;1;13;A01
201500009520;0;10;0;8;0;3;1;A01
201500009521;0;10;0;2;0;7;0;A01
201500009522;0;7;0;0;2;1;2;A01
201500009522;0;7;0;0;2;3;2;B02
201500009522;0;7;0;0;2;0;2;C03
201500009523;0;7;0;8;0;9;1;A01
201500009524;0;7;0;0;1;1;1;A01
201500009525;0;7;0;0;2;1;13;A01
201500009525;0;7;0;0;9;1;1;C03
201500009525;0;17;0;0;2;3;1;B02
201500009526;0;7;0;13;0;1;1;A01
201500009527;0;7;0;0;2;7;1;A01
201500009527;0;7;0;0;2;1;1;B02
201500009528;0;15;0;6;0;1;1;A01
201500009529;0;7;0;8;0;3;13;A01
201500009530;0;33;0;0;2;4;1;A01
201500009530;0;7;0;0;0;4;1;B02
201500009531;0;7;0;0;0;2;15;A01
201500009531;0;1;0;0;0;1;1;B02
201500009532;0;7;0;0;0;6;15;A01
201500009532;0;33;0;0;2;1;17;B02
201500009533;0;7;0;0;2;1;1;B02
201500009533;0;7;0;0;2;1;15;A01
201500009534;0;31;0;0;0;1;1;A01
201500009535;0;2;0;0;0;8;15;A01
201500009535;0;7;0;0;2;1;0;B02
201500009536;0;7;0;0;2;1;1;A01
201500009536;0;7;0;0;2;1;1;B02
201500009537;0;7;0;0;2;1;19;B02
201500009537;0;7;0;0;2;7;1;A01
201500009538;0;7;0;0;2;3;1;A01
201500009538;0;7;0;0;2;3;1;B02
201500009539;0;7;0;0;2;1;17;A01
201500009539;0;7;0;0;2;1;1;B02
201500009540;0;2;0;0;0;0;1;A01
201500009541;0;7;0;0;1;1;1;A01
201500009542;0;10;0;0;9;2;0;A01
201500009542;0;1;0;0;0;4;0;B02
201500009543;0;7;0;2;0;1;1;A01
201500009544;0;33;0;0;0;7;1;A01
201500009545;0;2;0;0;0;0;1;A01
201500009546;0;10;0;0;0;3;1;A01
201500009547;0;33;0;0;2;7;19;B02
201500009547;0;7;0;0;2;1;1;A01
201500009548;0;7;0;2;0;1;1;A01
201500009549;0;7;0;0;2;1;1;B02
201500009549;0;7;0;0;2;1;13;A01
201500009550;0;7;0;0;2;8;15;A01
201500009550;0;30;0;0;2;1;1;B02
201500009551;0;7;0;0;0;1;15;A01
201500009551;0;10;0;0;0;1;1;B02
201500009552;0;7;0;15;0;1;15;A01
201500009553;0;7;0;13;0;3;1;A01
201500009554;0;21;0;0;2;4;2;A01
201500009554;0;2;0;0;2;1;2;B02
201500009555;0;7;0;6;0;8;13;A01
201500009556;0;10;0;0;2;3;1;A01
201500009556;0;10;0;0;2;1;5;B02
201500009557;0;7;0;0;2;3;19;A01
201500009557;0;2;0;0;2;1;1;B02
201500009558;0;7;0;13;0;9;1;A01
201500009559;0;7;0;0;2;1;13;A01
201500009559;0;7;0;0;2;1;1;B02
201500009560;0;33;0;0;0;1;1;A01
201500009561;0;7;0;0;0;3;15;A01
201500009561;0;7;0;0;0;3;1;B02
201500009562;0;31;0;3;0;3;13;A01
201500009563;0;7;0;4;0;2;1;A01
201500009564;0;33;0;0;2;8;1;B02
201500009564;0;7;0;0;2;2;19;A01
201500009565;0;7;0;0;2;1;1;A01
201500009565;0;7;0;0;2;7;19;B02
201500009566;0;7;0;8;0;9;1;A01
201500009567;0;7;0;0;1;3;1;A01
201500009568;0;10;0;0;1;2;1;A01
201500009569;0;33;0;15;0;7;2;A01
201500009570;0;33;0;0;2;1;13;A01
201500009570;0;7;0;0;9;3;1;B02
201500009571;0;7;0;13;0;3;0;A01
201500009572;0;7;0;8;0;3;0;A01
201500009573;0;10;0;0;2;1;1;C03
201500009573;0;7;0;0;2;1;1;B02
201500009573;0;7;0;0;2;1;1;A01
201500009574;0;7;0;0;6;0;0;A01
201500009575;0;33;0;0;2;9;1;B02
201500009575;0;10;0;0;2;2;19;A01
201500009576;0;7;0;0;0;9;1;A01
201500009577;0;7;0;0;2;3;15;B02
201500009577;0;7;0;0;0;2;17;A01
201500009578;0;7;0;0;2;1;17;A01
201500009578;0;2;0;0;2;4;15;B02
201500009579;0;33;0;0;2;1;17;A01
201500009579;0;7;0;0;2;3;1;B02
201500009580;0;7;0;0;2;8;1;B02
201500009580;0;17;0;0;2;2;1;A01
201500009581;0;7;0;0;2;3;13;A01
201500009581;0;2;0;0;2;3;0;B02
201500009582;0;30;0;0;0;0;1;A01
201500009583;0;33;0;0;0;1;0;A01
201500009584;0;7;0;0;2;1;1;B02
201500009584;0;7;0;0;2;1;13;A01
201500009585;0;15;0;0;2;8;1;A01
201500009585;0;30;0;0;2;1;19;B02
201500009586;0;10;0;0;1;3;1;A01
201500009587;0;7;0;0;1;1;1;A01
201500009588;0;2;0;15;0;1;1;A01
201500009589;0;7;0;0;1;2;1;A01
201500009590;0;7;0;2;0;8;1;A01
201500009591;0;10;0;13;0;1;1;C03
201500009591;0;15;0;0;2;6;1;B02
201500009591;0;10;0;0;2;1;1;A01
201500009592;0;7;0;2;0;4;17;A01
201500009593;0;7;0;2;0;3;1;A01
201500009594;0;7;0;8;0;8;1;A01
201500009595;0;7;0;13;0;2;1;A01
201500009596;0;31;0;13;0;1;0;A01
201500009597;0;7;0;3;6;1;1;A01
201500009598;0;7;0;0;2;3;16;A01
201500009598;0;31;0;0;0;0;0;B02
201500009599;0;7;0;0;2;5;15;A01
201500009599;0;7;0;0;2;3;1;B02
201500009600;0;7;0;16;6;3;21;A01
201500009601;0;2;0;12;0;1;1;A01
201500009602;0;33;0;0;2;1;1;B02
201500009602;0;7;0;0;2;3;19;A01
201500009603;0;7;0;0;2;1;1;B02
201500009603;0;7;0;0;2;1;15;A01
201500009604;0;7;0;8;0;7;14;A01
201500009605;0;30;0;13;0;7;13;A01
201500009606;0;7;0;0;2;2;2;A01
201500009606;0;1;0;0;2;4;1;B02
201500009607;0;7;0;8;0;9;1;A01
201500009608;0;10;0;0;2;3;13;A01
201500009608;0;7;0;0;2;3;1;B02
201500009609;0;7;0;0;1;2;1;A01
201500009610;0;7;0;13;0;1;1;A01
201500009611;0;3;0;0;2;6;19;A01
201500009611;0;7;0;0;2;1;1;B02
201500009612;0;3;0;0;0;5;1;B02
201500009612;0;7;0;0;2;1;1;A01
201500009613;0;7;0;0;2;6;1;B02
201500009613;0;7;0;0;2;2;17;A01
201500009614;0;7;0;13;0;9;1;A01
201500009615;0;7;0;0;2;1;1;B02
201500009615;0;7;0;0;2;1;13;A01
201500009616;0;7;0;8;0;9;1;A01
201500009617;0;7;0;13;0;3;1;A01
201500009618;0;21;0;13;0;1;1;A01
201500009619;0;10;0;0;1;4;4;A01
201500009620;0;7;0;16;0;9;1;A01
201500009621;0;7;0;16;0;9;13;A01
201500009622;0;2;0;0;2;3;1;C03
201500009622;0;2;0;0;2;1;1;B02
201500009622;0;7;0;0;2;3;1;A01
201500009623;0;7;0;0;2;3;10;A01
201500009623;0;7;0;0;2;2;17;B02
201500009624;0;3;0;0;2;3;13;A01
201500009624;0;7;0;0;2;3;1;B02
201500009625;0;33;0;0;2;8;1;B02
201500009625;0;7;0;0;2;6;15;A01
201500009626;0;30;0;0;0;1;1;A01
201500009627;0;33;0;8;0;1;0;A01
201500009628;0;32;0;0;0;7;0;A01
201500009629;0;7;0;0;0;1;14;A01
201500009630;0;7;0;0;2;1;23;C03
201500009630;0;7;0;0;2;2;19;A01
201500009630;0;7;0;0;2;1;1;B02
201500009631;0;1;0;0;2;4;1;B02
201500009631;0;7;0;0;2;2;1;A01
201500009632;0;7;0;13;0;1;13;A01
201500009633;0;7;0;13;0;2;0;A01
201500009634;0;33;0;16;0;1;1;A01
201500009635;0;7;0;0;2;1;5;A01
201500009635;0;7;0;0;2;1;1;B02
201500009636;0;17;0;13;0;3;13;A01
201500009637;0;7;0;13;0;1;1;A01
201500009638;0;7;0;0;2;1;2;A01
201500009638;0;7;0;0;2;4;2;B02
201500009639;0;7;0;0;2;7;15;A01
201500009639;0;17;0;0;2;2;1;B02
201500009640;0;7;0;2;0;1;1;A01
201500009641;0;7;0;0;2;1;1;B02
201500009641;0;7;0;0;2;3;1;A01
201500009642;0;33;0;2;0;1;14;A01
201500009643;0;7;0;16;0;3;1;A01
201500009644;0;7;0;0;1;7;1;A01
201500009645;0;7;0;0;2;1;13;A01
201500009645;0;7;0;0;2;1;1;B02
201500009646;0;7;0;2;0;3;13;A01
201500009647;0;30;0;0;2;1;1;B02
201500009647;0;7;0;0;2;8;19;A01
201500009648;0;7;0;0;1;7;1;A01
201500009649;0;7;0;6;0;1;1;A01
201500009650;0;7;0;13;0;1;15;A01
201500009651;0;7;0;0;2;5;1;A01
201500009651;0;7;0;0;2;1;16;A02
201500009652;0;2;0;0;2;1;1;A01
201500009652;0;7;0;0;2;5;15;B02
201500009653;0;7;0;2;0;9;1;A01
201500009654;0;7;0;2;0;8;1;A01
201500009655;0;7;0;0;2;1;17;A01
201500009655;2;7;0;0;2;1;16;B02
201500009656;0;7;0;0;2;1;13;A01
201500009656;0;7;0;0;2;3;1;B02
201500009657;0;7;0;0;2;5;19;A01
201500009657;0;33;0;0;2;1;1;B02
201500009658;0;7;0;0;1;2;1;A01
201500009659;0;7;0;0;2;8;1;C03
201500009659;0;10;0;0;2;3;1;B02
201500009659;0;7;0;0;2;1;13;A01
201500009660;0;7;0;13;0;1;1;A01
201500009661;0;33;0;0;0;6;1;A01
201500009662;0;17;0;13;0;1;19;A01
201500009663;0;7;0;0;2;2;13;A01
201500009663;0;2;0;0;2;1;1;B02
201500009664;0;15;0;0;2;1;21;B02
201500009664;0;7;0;0;2;1;21;A01
201500009665;0;33;0;0;2;1;1;B02
201500009665;0;7;0;0;2;5;15;A01
201500009666;0;7;0;0;2;8;1;B02
201500009666;0;7;0;0;2;1;13;A01
201500009667;0;7;0;0;2;3;1;A01
201500009667;0;7;0;0;2;3;1;B02
201500009668;0;7;0;0;0;4;23;B02
201500009668;0;2;0;0;2;1;2;A01
201500009669;0;7;0;0;2;3;13;A01
201500009669;0;14;0;0;2;3;1;B02
201500009670;0;7;0;0;0;3;1;A01
201500009670;0;7;0;0;2;2;19;B02
201500009671;0;7;0;4;2;7;17;A01
201500009671;0;7;0;0;2;8;1;B02
201500009672;0;7;0;0;2;1;19;B02
201500009672;0;33;0;0;2;8;1;A01
201500009673;0;7;0;0;2;2;1;A01
201500009673;0;33;0;0;2;9;1;B02
201500009674;0;33;0;3;0;9;1;A01
201500009675;0;7;0;0;0;6;24;B02
201500009675;0;7;0;1;1;2;1;A01
201500009676;0;7;0;2;0;2;1;A01
201500009677;0;7;0;8;0;1;1;A01
201500009678;0;7;0;13;0;1;1;A01
201500009679;0;31;0;13;0;1;1;A01
201500009680;0;7;0;0;2;1;19;A01
201500009680;0;7;0;0;2;8;1;B02
201500009681;0;31;0;0;2;1;1;B02
201500009681;0;7;0;0;2;3;19;A01
201500009682;0;7;0;0;2;1;13;A01
201500009682;0;7;0;0;2;1;1;B02
201500009683;0;7;0;0;2;3;13;A01
201500009683;0;7;0;0;2;3;1;B02
201500009684;0;33;0;16;0;1;2;A01
201500009685;0;30;0;0;2;0;2;A01
201500009686;0;7;0;0;2;3;0;A01
201500009686;0;7;0;0;2;3;0;B02
201500009687;0;7;0;0;2;1;15;A01
201500009687;0;7;0;0;2;1;1;B02
201500009688;0;7;0;0;2;7;21;A01
201500009688;0;7;0;0;2;1;1;B02
201500009689;0;7;0;0;2;8;16;A01
201500009689;0;7;0;0;2;1;1;B02
201500009690;0;33;0;0;0;1;1;A01
201500009691;0;7;0;0;0;4;1;A01
201500009691;0;1;0;0;2;1;2;B02
201500009692;0;7;0;13;0;9;1;A01
201500009693;0;7;0;0;2;2;1;B02
201500009693;0;7;0;0;2;3;9;A01
201500009694;0;7;0;0;2;3;1;B02
201500009694;0;7;0;0;2;1;1;A01
201500009695;0;33;0;13;0;1;1;A01
201500009696;0;33;0;15;0;1;1;A01
201500009697;0;7;0;0;2;3;1;B02
201500009697;0;7;0;0;2;3;13;A01
201500009698;0;7;0;0;2;3;1;A01
201500009698;0;7;0;0;2;1;1;B02
201500009699;0;7;0;16;0;1;14;A01
201500009700;0;7;0;0;2;3;1;A01
201500009700;0;33;0;0;2;2;17;B02
201500009701;0;7;0;0;2;1;1;B02
201500009701;0;7;0;0;2;7;15;A01
201500009702;0;34;0;0;0;0;1;A01
201500009703;0;7;0;0;2;5;1;B02
201500009703;0;31;0;0;2;1;1;A01
201500009704;0;7;0;0;2;5;15;A01
201500009704;0;34;0;0;2;1;1;B02
201500009705;0;31;0;0;0;1;1;A01
201500009706;0;7;0;0;2;2;15;A01
201500009706;0;1;0;0;0;7;1;B02
201500009707;0;7;0;0;2;7;1;B02
201500009707;0;30;0;0;2;7;1;A01
201500009708;0;7;0;6;0;1;1;A01
201500009709;0;10;0;0;0;0;0;A01
201500009709;0;10;0;0;2;3;1;C03
201500009709;0;7;0;0;2;3;13;B02
201500009710;0;30;0;0;2;1;1;B02
201500009710;0;7;0;0;2;1;23;C03
201500009710;0;7;0;0;2;3;19;A01
201500009711;0;7;0;0;2;2;1;A01
201500009711;0;30;0;0;0;3;1;B02
201500009712;0;33;0;0;0;1;1;A01
201500009713;0;33;0;0;2;1;1;A01
201500009713;0;10;0;0;0;4;23;B02
201500009714;0;1;0;0;2;6;2;B02
201500009714;0;15;0;0;9;6;2;A01
201500009715;0;10;0;2;0;1;1;A01
201500009716;0;7;0;0;2;1;1;A01
201500009716;0;7;0;0;2;3;1;B02
201500009717;0;33;0;0;2;1;1;A01
201500009717;0;7;0;0;2;2;19;B02
201500009718;0;32;0;12;0;7;1;A01
201500009719;0;7;0;0;2;3;13;A01
201500009719;0;30;0;0;2;1;1;B02
201500009720;0;2;0;0;0;5;1;B02
201500009720;0;7;0;0;2;3;20;A01
201500009721;0;7;0;0;2;3;1;B02
201500009721;0;1;0;0;2;1;13;A01