num_acc;senc;catv;occutc;obs;obsm;choc;manv;num_veh
201500009722;0;7;0;0;6;9;21;A01
201500009723;0;7;0;0;2;3;0;A01
201500009723;0;10;0;0;2;2;0;B02
201500009724;0;7;0;13;0;3;1;A01
201500009725;0;7;0;6;0;8;1;A01
201500009726;0;33;0;0;2;3;1;B02
201500009726;0;7;0;0;2;3;15;A01
201500009727;0;33;0;0;2;1;19;A01
201500009727;0;7;0;0;2;3;0;B02
201500009728;0;7;0;0;2;6;10;A01
201500009728;0;34;0;0;2;1;1;B02
201500009729;0;7;0;0;2;3;13;A01
201500009729;0;7;0;0;2;3;1;B02
201500009730;0;10;0;0;2;3;1;B02
201500009730;0;7;0;0;2;3;13;A01
201500009731;0;7;0;0;2;1;13;A01
201500009731;0;7;0;0;2;1;1;B02
201500009732;0;33;0;0;2;1;1;A01
201500009732;0;7;0;0;2;3;15;B02
201500009733;0;7;0;0;0;4;2;B02
201500009733;0;7;0;0;2;1;2;A01
201500009734;0;33;0;0;0;2;17;A01
201500009734;0;7;0;0;0;8;15;B02
201500009735;0;7;0;2;0;7;14;A01
201500009736;0;30;0;0;0;4;1;A01
201500009737;0;7;0;16;0;3;1;A01
201500009738;0;7;0;2;0;7;1;A01
201500009739;0;33;0;0;2;1;1;A01
201500009739;0;10;0;0;2;1;1;B02
201500009740;0;7;0;6;0;1;1;A01
201500009741;1;30;0;0;1;7;2;A01
201500009742;0;33;0;6;0;1;13;A01
201500009743;0;7;0;0;2;2;13;A01
201500009743;0;7;0;0;2;1;2;B02
201500009744;0;31;0;0;2;8;1;A01
201500009744;0;7;0;0;2;8;1;B02
201500009745;0;7;0;13;0;1;1;A01
201500009746;0;7;0;0;2;3;19;B02
201500009746;0;7;0;0;2;6;1;A01
201500009747;0;7;0;0;2;1;13;A01
201500009747;0;7;0;0;2;6;15;B02
201500009748;0;7;0;0;2;2;1;B02
201500009748;0;30;0;0;2;1;13;A01
201500009749;0;7;0;0;2;2;13;A01
201500009749;0;7;0;0;2;1;1;B02
201500009750;0;7;0;0;1;8;1;A01
201500009751;0;7;0;0;0;5;15;B02
201500009751;0;33;0;0;2;7;1;A01
201500009752;0;31;0;2;0;1;1;A01
201500009753;0;10;0;0;1;2;1;A01
201500009754;0;7;0;0;0;0;15;B02
201500009754;0;30;0;0;2;1;17;A01
201500009755;0;2;0;12;0;0;0;A01
201500009756;0;7;0;0;1;1;1;A01
201500009757;0;7;0;0;2;0;1;B02
201500009757;0;7;0;6;0;2;1;A01
201500009758;0;7;0;0;2;3;15;A01
201500009758;0;14;0;0;2;1;1;B01
201500009759;0;33;0;0;2;1;1;A01
201500009759;2;7;0;0;2;1;10;B02
201500009760;0;33;0;0;2;1;17;A01
201500009760;0;7;0;0;2;8;15;B02
201500009761;0;7;0;0;2;3;1;A01
201500009761;0;10;0;0;2;3;13;B02
201500009762;0;7;0;2;0;9;1;A01
201500009763;0;7;0;0;1;3;15;A01
201500009764;0;33;0;1;0;1;0;A01
201500009765;0;7;0;0;2;3;15;B02
201500009765;0;33;0;0;2;1;1;A01
201500009766;0;10;0;0;2;2;1;A01
201500009766;0;1;0;0;2;8;1;B02
201500009767;0;7;0;0;0;3;13;A01
201500009768;0;7;0;0;2;1;1;B02
201500009768;0;7;0;0;2;3;1;A01
201500009769;0;7;0;0;1;0;1;A01
201500009770;0;7;0;0;2;4;20;A01
201500009770;0;7;0;0;2;1;1;B02
201500009771;0;30;0;8;0;1;1;A01
201500009772;0;7;0;16;0;9;1;A01
201500009773;0;7;0;0;1;3;15;A01
201500009774;0;10;0;0;2;2;1;A01
201500009774;0;1;0;0;2;2;1;B02
201500009775;0;30;0;0;2;1;13;A01
201500009775;0;7;0;0;2;2;1;B02
201500009775;0;7;0;0;9;1;23;C03
201500009776;0;7;0;0;2;1;1;A01
201500009776;0;33;0;0;2;4;10;B02
201500009777;0;7;0;0;2;1;13;A01
201500009777;0;7;0;0;2;1;1;B02
201500009778;0;7;0;0;0;9;1;A01
201500009779;0;7;0;0;2;3;1;A01
201500009779;0;7;0;0;2;3;13;B02
201500009780;0;10;0;0;2;7;17;A01
201500009780;0;7;0;0;2;8;1;B02
201500009781;0;33;0;6;0;1;1;A01
201500009782;0;7;0;13;0;1;1;A01
201500009783;0;2;0;0;0;4;15;A01
201500009783;0;7;0;0;2;1;1;B02
201500009784;0;2;0;0;1;1;1;A01
201500009785;0;7;0;6;0;1;19;A01
201500009786;0;7;0;0;2;3;15;A01
201500009786;0;30;0;0;2;1;1;B02
201500009787;0;7;0;0;2;1;21;A01
201500009787;0;30;0;0;2;7;1;B02
201500009788;0;7;0;13;0;9;1;A01
201500009789;0;33;0;0;0;1;1;A01
201500009789;0;7;0;0;0;5;15;B02
201500009790;0;7;0;13;2;1;1;A01
201500009790;0;7;0;0;2;1;1;B02
201500009791;0;7;0;13;0;1;1;A01
201500009792;0;30;0;0;2;1;13;A01
201500009792;0;7;0;0;2;3;1;B02
201500009793;0;7;0;0;1;1;5;A01
201500009794;0;17;0;0;0;4;9;A01
201500009794;0;17;0;0;2;1;1;B02
201500009795;0;10;0;2;0;1;11;A01
201500009796;0;7;0;3;0;7;14;A01
201500009797;0;7;0;8;0;3;1;A01
201500009798;0;31;0;3;0;8;1;A01
201500009799;0;7;0;0;2;3;17;A01
201500009799;0;15;0;0;0;3;1;B02
201500009800;0;7;0;0;2;1;13;A01
201500009800;0;10;0;0;2;1;1;B02
201500009801;0;30;0;0;2;1;13;A01
201500009801;0;15;0;0;2;3;1;B02
201500009802;0;7;0;0;1;1;1;A01
201500009803;0;7;0;0;2;8;15;B02
201500009803;0;10;0;0;2;1;1;A01
201500009804;0;7;0;0;2;7;13;A01
201500009804;0;7;0;0;2;1;1;B02
201500009805;0;33;0;0;2;2;3;A01
201500009805;0;7;0;0;2;3;11;B02
201500009805;0;7;0;0;2;5;2;C03
201500009806;0;7;0;0;1;3;1;A01
201500009807;0;7;0;0;2;2;1;B02
201500009807;0;32;0;0;2;1;5;A01
201500009808;2;7;0;0;1;2;2;A01
201500009809;0;7;0;0;2;2;5;A01
201500009809;0;7;0;0;2;2;21;B01
201500009810;0;7;0;13;0;2;0;A01
201500009811;0;7;0;8;0;3;13;A01
201500009812;0;33;0;0;2;1;1;C03
201500009812;0;33;0;0;2;1;1;B02
201500009812;0;7;0;0;2;2;15;A01
201500009813;0;7;0;0;2;2;15;A01
201500009813;0;7;0;0;2;1;1;B01
201500009813;0;7;0;0;2;3;1;C01
201500009814;0;2;0;0;2;1;1;A01
201500009814;1;7;0;0;2;3;17;Z01
201500009815;0;33;0;0;2;1;18;B01
201500009815;0;13;0;0;2;0;20;A01
201500009816;0;33;0;0;2;1;1;B01
201500009816;0;7;0;0;2;7;1;A01
201500009817;0;3;0;0;1;4;4;A01
201500009818;0;30;0;0;2;7;13;A01
201500009818;0;13;0;0;2;3;1;B01
201500009819;0;7;0;0;1;2;1;A01
201500009820;0;7;0;0;1;2;1;A01
201500009821;0;2;0;0;2;4;15;A01
201500009821;0;33;0;0;2;1;1;B01
201500009822;0;7;0;1;0;1;2;A01
201500009823;0;7;0;0;0;3;19;A01
201500009823;0;33;0;0;2;1;2;B01
201500009824;0;7;0;0;2;1;2;B01
201500009824;0;2;0;0;0;7;19;A01
201500009825;0;31;0;0;0;1;2;A01
201500009825;0;2;0;0;0;0;0;B01
201500009826;0;30;0;0;2;8;2;A01
201500009826;0;7;0;0;2;7;2;B01
201500009827;0;33;0;0;1;1;1;A01
201500009828;0;10;0;0;2;2;15;A01
201500009828;0;32;0;0;2;1;1;B01
201500009829;0;33;0;12;1;3;21;A01
201500009830;0;33;0;0;2;7;17;B01
201500009830;0;7;0;0;2;3;15;A01
201500009831;0;32;0;0;2;4;23;B01
201500009831;0;7;0;0;2;4;2;Z01
201500009832;0;7;0;0;2;2;1;B01
201500009832;0;30;0;0;2;8;17;A01
201500009833;0;32;0;12;0;1;0;A01
201500009834;0;7;0;0;2;1;2;A01
201500009834;0;7;0;0;2;4;2;B01
201500009834;0;7;0;0;2;4;2;C01
201500009835;0;34;0;0;0;3;14;B01
201500009835;0;7;0;0;0;3;15;A01
201500009836;0;7;0;0;2;2;16;A01
201500009836;0;2;0;0;2;8;15;B01
201500009837;0;7;0;8;0;1;0;A01
201500009837;0;7;0;0;2;2;21;B01
201500009838;0;14;0;0;1;0;1;A01
201500009839;0;7;0;0;2;0;0;A01
201500009839;0;34;0;0;2;1;1;B01
201500009840;0;7;0;0;2;4;2;B01
201500009840;0;7;0;0;2;4;2;C01
201500009840;0;33;0;0;2;1;2;A01
201500009841;0;33;0;0;2;2;1;B01
201500009841;0;7;0;0;2;3;15;A01
201500009842;0;7;0;0;2;1;9;A01
201500009842;0;7;0;0;2;1;1;B01
201500009843;0;7;0;0;1;2;1;A01
201500009844;0;7;0;0;9;2;15;A01
201500009844;0;1;0;0;2;1;1;B01
201500009845;0;37;1;0;1;3;2;A01
201500009846;0;33;0;1;0;1;1;A01
201500009847;0;1;0;0;1;1;3;A01
201500009848;0;14;0;0;1;0;4;A01
201500009849;0;34;0;0;1;2;1;A01
201500009850;0;10;0;0;2;3;16;A01
201500009850;0;1;0;0;2;1;16;B01
201500009851;0;2;0;0;2;1;1;B01
201500009851;0;7;0;0;2;1;13;A01
201500009852;0;7;0;14;0;6;1;B01
201500009852;0;7;0;0;2;1;1;A01
201500009853;2;7;0;0;2;0;13;A01
201500009853;0;7;0;0;2;0;1;B01
201500009854;0;33;0;0;0;0;1;A01
201500009855;0;7;0;0;2;5;19;B01
201500009855;0;2;0;0;2;1;3;A01
201500009856;1;30;0;0;1;1;0;Z01
201500009857;0;7;0;0;2;3;15;A01
201500009857;0;1;0;0;2;8;1;B01
201500009858;0;30;0;0;2;1;15;A01
201500009858;0;7;0;0;2;3;1;B01
201500009859;0;2;0;0;2;7;17;A01
201500009859;0;7;0;0;2;3;15;B01
201500009860;0;33;0;0;1;1;1;A01
201500009861;0;7;0;0;1;1;1;A01
201500009862;0;7;0;0;2;0;0;B01
201500009862;0;1;0;0;2;0;0;A01
201500009863;1;13;0;0;1;1;15;A01
201500009864;0;33;0;0;2;1;21;C01
201500009864;0;7;0;0;2;3;0;A01
201500009864;0;7;0;0;2;3;0;B01
201500009865;0;31;0;0;0;1;21;A01
201500009866;0;7;0;0;2;1;0;B01
201500009866;0;1;0;0;2;1;0;A01
201500009867;0;30;0;0;0;0;0;A01
201500009867;0;7;0;0;0;0;0;B01
201500009868;0;7;0;0;1;0;0;A01
201500009869;0;1;0;0;0;0;1;B01
201500009869;0;7;0;0;0;2;17;A01
201500009870;0;1;0;0;0;0;0;B01
201500009870;0;7;0;0;2;1;1;A01
201500009871;0;7;0;0;2;1;2;A01
201500009871;0;7;0;0;2;4;2;B01
201500009872;0;33;0;0;2;1;2;A01
201500009872;0;33;0;0;2;4;2;B01
201500009873;0;7;0;16;0;8;1;A01
201500009874;0;34;0;0;2;1;1;B01
201500009874;0;33;0;0;2;8;9;A01
201500009875;0;7;0;0;2;1;2;A01
201500009875;0;7;0;0;2;4;2;B01
201500009875;0;7;0;0;2;4;2;C01
201500009876;0;33;0;0;2;8;1;A01
201500009876;1;7;0;0;0;3;13;Z01
201500009877;0;2;0;0;2;7;12;A01
201500009877;0;7;0;0;2;1;9;B01
201500009878;0;7;0;0;2;6;15;A01
201500009878;0;32;0;0;2;1;1;B01
201500009879;0;7;0;0;2;3;0;B01
201500009879;0;7;0;0;2;1;0;A01
201500009880;0;7;0;0;2;8;10;A01
201500009880;0;32;0;0;2;1;21;B01
201500009881;0;34;0;1;2;1;2;A01
201500009881;0;7;0;0;2;2;16;B01
201500009882;0;33;0;0;2;0;17;A01
201500009882;0;7;0;0;2;3;15;B01
201500009883;0;7;0;0;2;8;15;A01
201500009883;2;32;0;0;2;7;17;Z01
201500009884;0;7;0;0;1;4;2;A01
201500009885;0;1;0;0;2;7;1;B01
201500009885;1;7;0;0;2;3;10;Z01
201500009886;0;32;0;0;0;6;0;A01
201500009886;0;7;0;0;0;0;0;B01
201500009887;0;7;0;0;0;0;0;A01
201500009887;0;33;0;0;0;0;0;B01
201500009888;0;34;0;0;2;7;2;A01
201500009888;0;1;0;0;2;0;2;B01
201500009889;0;33;0;0;2;1;1;A01
201500009889;0;7;0;0;0;0;0;B01
201500009890;0;10;0;0;0;0;0;A01
201500009890;0;32;0;0;0;0;0;B01
201500009891;1;7;0;0;1;0;0;Z01
201500009892;0;33;0;0;2;8;18;A01
201500009892;0;7;0;0;0;0;9;B01
201500009893;1;7;0;0;2;0;0;B01
201500009893;0;31;0;0;2;3;2;A01
201500009894;0;33;0;0;0;0;0;A01
201500009894;0;7;0;0;0;0;0;B01
201500009895;0;30;0;1;0;1;14;A01
201500009895;0;14;0;0;0;6;0;B01
201500009896;0;32;0;0;2;1;2;B01
201500009896;0;7;0;0;0;6;10;A01
201500009897;0;30;0;0;2;0;0;B01
201500009897;0;33;0;0;2;0;0;A01
201500009898;0;33;0;8;2;1;15;A01
201500009898;0;33;0;0;2;1;1;B01
201500009899;0;33;0;0;2;1;1;B01
201500009899;0;7;0;0;2;1;19;A01
201500009900;0;7;0;0;1;2;0;A01
201500009901;0;7;0;0;2;5;0;A01
201500009901;0;33;0;0;2;1;1;B01
201500009902;0;7;0;0;2;1;15;A01
201500009902;0;31;0;0;2;1;1;B01
201500009903;0;1;0;0;2;9;1;A01
201500009903;0;1;0;0;2;9;1;B01
201500009904;0;31;0;0;2;1;1;B01
201500009904;0;7;0;0;2;2;15;A01
201500009905;0;7;0;0;2;3;0;A01
201500009905;0;32;0;0;2;8;0;B01
201500009906;0;7;0;0;1;3;1;A01
201500009907;0;30;0;0;2;1;1;A01
201500009907;0;7;0;0;2;8;1;B01
201500009908;0;10;0;0;1;1;1;A01
201500009909;0;7;0;0;2;0;1;B01
201500009909;0;7;0;0;0;0;0;A01
201500009910;0;7;0;6;0;1;13;A01
201500009911;0;7;0;0;1;1;1;A01
201500009912;0;7;0;0;1;1;15;A01
201500009913;0;7;0;0;1;2;1;A01
201500009914;0;34;0;0;2;1;17;A01
201500009914;0;7;0;0;2;2;0;B01
201500009915;0;7;0;0;9;0;0;A01
201500009916;0;7;0;14;0;2;1;B01
201500009916;0;34;0;0;2;7;0;A01
201500009917;0;30;0;6;0;1;2;A01
201500009918;0;33;0;11;0;1;13;A01
201500009919;0;30;0;0;2;0;0;B01
201500009919;0;7;0;0;0;0;0;A01
201500009920;0;7;0;0;1;0;0;A01
201500009921;0;33;0;0;0;0;0;A01
201500009921;0;7;0;0;0;0;0;B01
201500009922;0;99;0;0;1;4;4;A01
201500009923;0;2;0;0;2;1;1;A01
201500009923;0;2;0;0;2;1;1;B01
201500009924;0;7;0;0;2;3;0;A01
201500009924;0;2;0;0;2;3;13;B01
201500009925;0;7;0;0;0;8;9;A01
201500009925;0;7;0;0;0;3;2;B01
201500009925;0;33;0;0;0;1;2;C01
201500009926;0;7;0;0;1;1;1;A01
201500009927;0;7;0;0;2;1;1;B01
201500009927;0;7;0;0;2;1;17;A01
201500009928;0;7;0;0;2;3;1;B01
201500009928;0;34;0;0;2;1;13;A01
201500009929;0;7;0;0;2;5;15;A01
201500009929;0;33;0;0;2;0;0;B01
201500009930;0;2;0;14;0;1;14;A01
201500009931;0;33;0;0;1;1;14;A01
201500009932;0;2;0;0;2;1;1;B01
201500009932;0;7;0;0;2;1;15;A01
201500009933;0;7;0;0;0;4;0;B01
201500009933;0;7;0;0;2;1;2;C01
201500009933;0;2;0;0;0;1;2;A01
201500009934;0;33;0;8;0;0;1;A01
201500009935;0;7;0;0;2;1;1;B01
201500009935;0;7;0;2;2;7;1;A01
201500009936;0;7;0;0;2;3;16;A01
201500009936;0;7;0;0;2;5;1;B01
201500009937;0;7;0;0;1;3;1;A01
201500009938;0;7;0;0;2;4;2;B01
201500009938;0;7;0;0;2;1;2;A01
201500009939;0;7;0;0;2;1;2;A01
201500009939;0;7;0;0;2;4;23;B01
201500009940;0;30;0;0;2;1;19;A01
201500009940;0;7;0;0;2;2;1;B01
201500009941;0;30;0;0;2;1;2;A01
201500009941;0;7;0;0;2;4;23;B01
201500009942;0;7;0;0;2;8;17;A01
201500009942;0;7;0;6;2;7;17;B01
201500009943;0;33;0;0;2;2;13;B01
201500009943;0;7;0;0;2;8;15;A01
201500009944;0;7;0;0;2;3;1;B01
201500009944;0;33;0;0;2;8;21;A01
201500009945;0;33;0;0;2;1;1;B01
201500009945;0;7;0;0;2;1;15;A01
201500009946;0;7;0;0;1;5;4;A01
201500009947;1;99;0;0;2;0;11;Z01
201500009947;0;7;0;0;2;3;1;C01
201500009947;0;7;0;0;2;2;1;A01
201500009947;0;7;0;0;2;1;1;B01
201500009948;0;32;0;0;2;1;1;A01
201500009948;0;7;0;0;2;3;15;B01
201500009949;0;31;0;1;0;1;1;B01
201500009949;0;37;1;0;2;0;13;A01
201500009950;0;10;0;0;2;3;1;B01
201500009950;0;30;0;0;2;1;1;A01
201500009951;0;7;0;0;2;3;1;A01
201500009951;0;31;0;0;2;0;12;B01
201500009952;0;30;0;0;2;8;3;A01
201500009952;0;7;0;0;2;2;1;B01
201500009953;0;33;0;0;2;8;18;B01
201500009953;0;7;0;0;2;1;15;A01
201500009954;0;7;0;15;1;1;14;A01
201500009955;0;7;0;0;2;1;2;A01
201500009955;0;31;0;0;2;4;23;B01
201500009956;0;33;0;0;2;1;1;B01
201500009956;0;7;0;0;2;2;15;A01
201500009957;0;30;0;12;0;1;16;A01
201500009958;0;7;0;0;1;1;1;A01
201500009959;0;7;0;0;1;1;1;A01
201500009960;0;7;0;0;2;2;15;A01
201500009960;0;31;0;0;2;1;1;B01
201500009961;0;31;0;0;2;1;1;B01
201500009961;0;7;0;0;2;2;15;A01
201500009962;0;7;0;0;2;4;2;B01
201500009962;0;7;0;0;2;1;2;A01
201500009963;0;7;0;0;2;3;9;A01
201500009963;0;10;0;0;2;2;1;B01
201500009964;0;7;0;0;2;3;10;A01
201500009964;0;33;0;0;2;3;13;B01
201500009965;0;7;0;0;2;1;15;A01
201500009965;0;7;0;0;2;6;1;C01
201500009965;0;7;0;0;2;3;1;D01
201500009965;0;7;0;0;2;8;1;B01
201500009966;0;10;0;0;1;4;4;A01
201500009967;0;7;0;0;2;2;5;A01
201500009967;0;7;0;0;2;1;1;B01
201500009968;0;7;0;0;2;3;10;A01
201500009968;0;33;0;0;2;1;1;B01
201500009969;0;7;0;0;2;3;23;A01
201500009969;1;10;0;0;1;0;14;Z01
201500009970;2;1;0;0;2;1;19;Z01
201500009970;0;31;0;0;2;1;13;A01
201500009971;0;10;0;0;2;3;15;A01
201500009971;0;33;0;0;2;1;1;B01
201500009972;0;7;0;0;2;3;15;A01
201500009972;0;31;0;0;2;2;17;B01
201500009973;0;30;0;0;2;2;1;B01
201500009973;0;7;0;0;2;3;1;C01
201500009973;0;13;0;0;2;3;18;A01
201500009974;0;33;0;0;2;3;1;B01
201500009974;0;32;0;0;2;1;1;C01
201500009974;0;7;0;0;2;2;15;A01
201500009975;0;2;0;0;2;1;2;A01
201500009975;0;7;0;0;2;4;2;B01
201500009976;0;33;0;0;2;1;17;A01
201500009976;0;10;0;0;2;1;15;B01
201500009977;0;7;0;0;2;1;23;B01
201500009977;0;32;0;0;2;7;13;A01
201500009978;0;7;0;0;0;0;12;A01
201500009978;0;3;0;0;0;0;4;B01
201500009979;0;7;0;0;2;4;23;B01
201500009979;0;7;0;0;2;1;2;A01
201500009980;0;31;0;0;1;7;1;A01
201500009981;0;7;0;0;2;1;15;A01
201500009981;0;31;0;0;2;1;1;B01
201500009982;0;31;0;0;2;2;1;B01
201500009982;0;7;0;0;2;3;10;A01
201500009983;0;7;0;0;2;1;2;A01
201500009983;0;7;0;0;2;4;23;B01
201500009983;0;7;0;0;2;4;23;C01
201500009984;0;7;0;0;2;8;15;A01
201500009984;0;33;0;0;2;1;13;B01
201500009985;0;7;0;0;2;3;1;B01
201500009985;0;33;0;0;2;1;13;A01
201500009986;0;14;0;0;1;3;1;A01
201500009987;0;7;0;0;1;4;23;B01
201500009987;0;7;0;0;2;1;2;A01
201500009988;0;33;0;0;2;1;1;B01
201500009988;0;7;0;0;2;1;15;A01
201500009989;1;32;0;0;0;0;17;Z01
201500009989;0;1;0;0;2;8;1;A01
201500009990;0;1;0;0;2;1;19;A01
201500009990;0;7;0;0;2;5;1;B01
201500009991;0;31;0;0;2;1;1;B01
201500009991;0;7;0;0;2;4;9;A01
201500009992;0;33;0;0;2;1;1;B01
201500009992;0;7;0;0;2;2;19;A01
201500009993;0;10;0;0;2;1;2;A01
201500009993;0;31;0;0;2;4;23;B01
201500009993;0;7;0;0;2;4;23;C01
201500009994;0;7;0;0;2;4;11;B01
201500009994;0;10;0;0;2;1;1;A01
201500009995;0;32;0;12;0;1;1;A01
201500009996;0;33;0;0;2;1;1;B01
201500009996;0;7;0;0;2;3;15;A01
201500009997;0;7;0;0;1;1;15;A01
201500009998;0;7;0;0;2;3;1;B01
201500009998;0;33;0;0;2;2;1;A01
201500009999;0;33;0;0;2;0;0;A01
201500009999;0;33;0;0;2;0;23;B01
201500010000;0;10;0;0;2;1;5;A01
201500010000;0;7;0;0;2;1;1;B01
201500010001;0;7;0;0;2;4;2;B01
201500010001;0;10;0;0;2;4;23;C01
201500010001;0;10;0;0;2;1;2;A01
201500010002;0;7;0;0;2;4;23;B01
201500010002;0;31;0;0;2;1;2;A01
201500010003;0;7;0;0;1;4;2;B01
201500010003;0;10;0;0;2;1;2;A01
201500010004;0;7;0;1;2;1;14;A01
201500010004;0;7;0;0;2;3;1;C01
201500010005;0;30;0;0;2;8;9;A01
201500010005;0;7;0;0;2;2;1;B01
201500010006;0;7;0;0;2;5;11;A01
201500010006;0;7;0;0;2;2;12;B01
201500010007;0;7;0;0;1;1;1;A01
201500010008;0;7;0;0;2;5;10;A01
201500010008;0;30;0;0;2;1;1;B01
201500010009;0;10;0;0;2;3;9;A01
201500010009;0;33;0;0;2;1;1;B01
201500010010;0;30;0;0;1;1;1;A01
201500010011;0;3;0;0;2;1;13;A01
201500010011;0;7;0;0;2;3;1;B01
201500010012;0;34;0;0;2;1;1;B01
201500010012;0;10;0;0;2;3;9;A01
201500010013;0;31;0;0;2;1;1;B01
201500010013;0;7;0;0;2;3;15;A01
201500010014;0;7;0;0;2;6;10;A01
201500010014;0;33;0;0;2;1;1;B01
201500010015;0;7;0;0;2;8;15;A01
201500010015;0;32;0;0;2;2;16;B01
201500010016;0;10;0;0;2;3;15;B01
201500010016;0;34;0;0;2;1;17;A01
201500010017;0;7;0;0;2;1;2;A01
201500010017;0;30;0;0;2;4;23;B01
201500010018;0;33;0;0;2;5;15;A01
201500010018;0;7;0;0;2;3;16;B01
201500010019;0;31;0;0;2;1;1;B01
201500010019;0;10;0;0;2;2;15;A01
201500010020;0;2;0;0;2;3;1;A01
201500010020;1;34;0;0;2;4;11;Z01
201500010021;0;32;0;0;2;7;1;B01
201500010021;0;7;0;0;2;1;9;A01
201500010022;0;7;0;7;2;3;15;A01
201500010022;0;33;0;0;2;7;15;B01
201500010023;0;7;0;0;2;1;15;A01
201500010023;0;30;0;0;2;1;1;B01
201500010024;0;2;0;0;2;1;1;B01
201500010024;0;7;0;0;2;1;5;A01
201500010025;0;1;0;0;2;1;2;A01
201500010025;0;7;0;0;2;4;23;B01
201500010026;0;33;0;0;2;0;1;B01
201500010026;0;37;1;0;2;0;9;A01
201500010027;0;30;0;0;2;7;1;B01
201500010027;0;7;0;0;2;2;9;A01
201500010028;0;14;0;0;2;3;15;A01
201500010028;0;30;0;0;2;1;17;B01
201500010029;0;7;0;0;2;1;9;A01
201500010029;0;31;0;0;2;1;1;B01
201500010030;0;32;0;0;2;7;13;A01
201500010030;0;7;0;0;2;5;1;B01
201500010031;0;7;0;0;1;5;1;A01
201500010032;0;7;0;0;2;6;15;B01
201500010032;0;30;0;0;2;1;1;A01
201500010033;0;30;0;0;2;8;9;A01
201500010033;0;10;0;0;2;2;1;B01
201500010034;0;10;0;0;2;2;15;A01
201500010034;0;30;0;0;2;1;1;B01
201500010035;0;33;0;0;2;6;2;B01
201500010035;0;10;0;0;2;2;2;A01
201500010036;0;7;0;0;2;4;2;A01
201500010036;0;7;0;0;1;4;2;B01
201500010037;0;1;0;0;2;1;9;A01
201500010037;0;7;0;0;2;3;1;B01
201500010038;0;7;0;0;2;2;15;A01
201500010038;0;30;0;0;2;1;1;B01
201500010039;0;10;0;8;2;1;12;A01
201500010039;0;7;0;0;2;4;23;B01
201500010040;0;32;0;0;2;1;17;A01
201500010040;0;7;0;0;2;3;15;B01
201500010041;0;1;0;0;1;1;1;A01
201500010042;0;7;0;0;1;3;1;A01
201500010043;1;7;0;0;2;4;4;Z01
201500010043;0;32;0;0;2;1;1;A01
201500010044;0;7;0;0;2;4;23;C01
201500010044;0;7;0;0;2;1;2;A01
201500010044;0;7;0;0;2;4;23;B01
201500010045;0;7;0;0;2;4;2;B01
201500010045;0;7;0;0;2;1;2;A01
201500010046;0;10;0;0;1;5;1;A01
201500010047;0;7;0;0;2;4;23;B01
201500010047;0;14;0;0;2;1;2;A01
201500010048;0;7;0;0;2;1;2;A01
201500010048;0;7;0;0;2;4;23;B01
201500010049;0;7;0;0;1;2;1;A01
201500010050;0;7;0;0;2;4;23;C01
201500010050;0;7;0;0;2;4;2;A01
201500010050;0;32;0;0;2;4;23;B01
201500010051;0;7;0;0;2;6;24;B01
201500010051;0;30;0;1;0;1;2;A01
201500010052;0;7;0;0;2;2;15;A01
201500010052;0;32;0;0;2;1;1;B01
201500010053;0;30;0;0;2;2;1;A01
201500010053;0;7;0;0;2;3;1;B01
201500010053;1;99;0;0;0;0;0;Z01
201500010054;0;7;0;0;2;1;2;A01
201500010054;0;7;0;0;2;4;23;B01
201500010055;0;10;0;0;2;3;13;A01
201500010055;0;37;1;0;2;3;1;B01
201500010056;0;32;0;0;0;0;1;A01
201500010057;0;7;0;0;2;3;2;C01
201500010057;0;7;0;0;2;3;1;B01
201500010057;0;30;0;0;2;1;17;A01
201500010058;0;32;0;0;2;7;13;B01
201500010058;0;7;0;0;2;1;10;A01
201500010059;0;7;0;0;2;3;15;A01
201500010059;0;32;0;0;2;1;1;B01
201500010060;0;7;0;0;2;8;15;A01
201500010060;0;32;0;0;2;1;13;B01
201500010061;0;10;0;0;2;1;9;A01
201500010061;0;7;0;0;2;5;1;B01
201500010062;0;30;0;0;2;1;1;A01
201500010062;0;10;0;0;2;2;15;B01
201500010063;0;7;0;0;2;8;15;A01
201500010063;0;33;0;0;2;7;17;B01
201500010064;0;7;0;0;2;1;15;A01
201500010064;0;30;0;0;2;1;1;B01
201500010065;0;7;0;0;2;2;15;B01
201500010065;0;30;0;0;2;1;1;A01
201500010066;0;7;0;0;2;1;2;A01
201500010066;0;7;0;0;2;4;2;B01
201500010066;0;7;0;0;2;4;2;C01
201500010067;0;1;0;0;2;1;2;Z01
201500010067;0;7;0;0;2;4;23;A01
201500010067;0;7;0;0;2;4;23;B01
201500010068;0;7;0;0;2;6;13;A01
201500010068;0;32;0;0;2;2;17;B01
201500010069;0;33;0;0;2;1;2;A01
201500010069;0;7;0;0;2;2;0;B01
201500010070;0;7;0;0;2;6;15;A01
201500010070;0;33;0;0;2;1;1;B01
201500010071;0;30;0;0;1;1;1;A01
201500010072;0;31;0;0;2;1;17;B01
201500010072;0;7;0;0;2;3;15;A01
201500010073;0;7;0;0;2;1;2;C01
201500010073;0;7;0;0;2;1;2;A01