num_acc;senc;catv;occutc;obs;obsm;choc;manv;num_veh
201500010073;0;7;0;0;2;4;2;B01
201500010074;0;7;0;0;2;7;1;B01
201500010074;0;7;0;0;2;1;9;A01
201500010075;0;3;0;6;0;7;1;A01
201500010076;0;7;0;0;2;3;1;B01
201500010076;0;7;0;0;2;2;1;A01
201500010077;0;7;0;0;2;1;1;A01
201500010077;0;7;0;0;2;7;1;B01
201500010078;0;7;0;0;2;1;0;A01
201500010078;0;31;0;0;2;1;1;B01
201500010079;0;7;0;0;2;8;1;A01
201500010079;0;30;0;0;2;1;1;B01
201500010080;0;7;0;0;2;1;1;B01
201500010080;0;7;0;0;2;1;1;A01
201500010081;0;7;0;0;2;8;10;A01
201500010081;0;33;0;0;2;1;1;B01
201500010082;0;7;0;0;1;1;1;A01
201500010083;0;7;0;0;2;1;1;B01
201500010083;0;7;0;0;2;1;13;A01
201500010084;0;7;0;0;2;1;0;A01
201500010084;0;32;0;0;2;0;0;B01
201500010085;0;2;0;0;2;1;17;B01
201500010085;0;7;0;0;2;2;1;A01
201500010086;0;7;0;0;0;0;1;B01
201500010086;0;30;0;0;2;1;1;A01
201500010087;0;33;0;0;2;1;1;B01
201500010087;0;7;0;0;2;8;10;A01
201500010088;0;7;0;0;1;1;15;A01
201500010089;0;7;0;0;2;1;1;B01
201500010089;0;30;0;0;2;1;1;A01
201500010090;0;7;0;0;2;1;15;A01
201500010090;0;2;0;0;2;1;1;B01
201500010091;0;7;0;0;2;1;1;B01
201500010091;0;7;0;0;2;1;1;A01
201500010092;0;7;0;0;1;1;1;A01
201500010093;0;7;0;0;2;1;0;A01
201500010093;0;31;0;0;2;1;1;B01
201500010094;0;7;0;0;2;7;9;A01
201500010094;0;33;0;0;2;1;1;B01
201500010095;0;7;0;0;2;0;1;A01
201500010095;0;34;0;0;2;1;1;B01
201500010096;0;7;0;0;2;1;1;A01
201500010096;0;7;0;0;2;4;1;B01
201500010097;0;30;0;0;2;0;0;B01
201500010097;0;7;0;0;2;0;0;A01
201500010098;0;7;0;0;1;1;1;A01
201500010099;0;7;0;0;1;3;1;A01
201500010100;0;32;0;0;1;1;1;A01
201500010101;0;7;0;0;1;1;0;A01
201500010102;0;7;0;0;2;3;10;A01
201500010102;0;32;0;0;2;1;1;B01
201500010103;0;7;0;0;2;1;0;B01
201500010103;0;30;0;0;0;1;1;A01
201500010103;0;37;1;0;2;1;1;C01
201500010104;0;33;0;0;2;1;17;A01
201500010104;0;7;0;0;2;2;15;B01
201500010105;0;7;0;0;0;1;0;B01
201500010105;0;7;0;0;2;0;1;A01
201500010106;0;37;8;0;2;3;1;B01
201500010106;0;7;0;0;2;1;9;A01
201500010107;0;7;0;0;1;1;0;A01
201500010108;0;7;0;0;2;1;9;A01
201500010108;0;1;0;0;2;5;1;B01
201500010109;0;7;0;0;2;0;0;B01
201500010109;0;30;0;0;2;0;0;A01
201500010110;0;2;0;0;2;1;1;B01
201500010110;0;7;0;0;2;8;9;A01
201500010111;0;16;0;0;1;4;4;A01
201500010112;0;2;0;0;2;1;17;B01
201500010112;0;7;0;0;2;4;1;A01
201500010113;0;7;0;0;0;4;1;B01
201500010113;0;7;0;0;2;1;1;A01
201500010114;0;7;0;0;2;1;1;A01
201500010114;0;7;0;0;2;4;1;B01
201500010115;0;7;0;0;1;1;1;A01
201500010116;0;7;0;0;1;2;1;A01
201500010117;0;7;0;0;0;1;1;A01
201500010118;0;7;0;0;1;1;0;A01
201500010119;0;7;0;0;2;1;0;A01
201500010119;0;34;0;0;2;1;1;B01
201500010120;0;37;1;0;2;1;1;A01
201500010120;0;2;0;0;2;4;1;B01
201500010121;0;7;0;0;2;0;9;B01
201500010121;0;33;0;0;2;1;1;A01
201500010122;0;7;0;0;2;1;1;A01
201500010122;0;7;0;0;2;8;9;B01
201500010123;0;7;0;0;1;1;1;A01
201500010124;0;7;0;0;2;6;0;A01
201500010124;0;2;0;0;2;1;17;B01
201500010125;0;7;0;0;1;1;1;A01
201500010126;0;34;0;0;1;1;17;A01
201500010127;0;33;0;0;2;1;2;B01
201500010127;0;7;0;0;2;2;15;A01
201500010128;0;31;0;0;2;1;17;B01
201500010128;0;7;0;0;2;1;9;A01
201500010129;0;7;0;0;2;1;1;B01
201500010129;0;7;0;0;2;5;1;A01
201500010130;0;32;0;0;2;1;1;A01
201500010130;0;33;0;0;2;1;1;B01
201500010131;0;7;0;0;1;1;1;A01
201500010132;0;30;0;0;2;1;1;B01
201500010132;0;7;0;0;2;0;10;A01
201500010133;0;7;0;0;0;8;15;A01
201500010133;0;34;0;0;2;1;1;B01
201500010134;0;7;0;0;1;1;1;A01
201500010135;0;10;0;0;1;3;1;A01
201500010136;0;7;0;0;2;1;0;A01
201500010136;0;33;0;0;2;1;0;B01
201500010137;0;10;0;0;2;8;9;A01
201500010137;0;33;0;0;2;1;1;B01
201500010138;0;7;0;0;2;1;11;A01
201500010138;0;1;0;0;2;1;1;B01
201500010139;0;33;0;0;2;1;0;A01
201500010139;0;3;0;0;2;8;10;B01
201500010140;0;34;0;0;2;1;1;A01
201500010140;0;7;0;0;2;3;15;B01
201500010141;0;37;1;0;0;8;1;A01
201500010141;0;2;0;0;2;1;1;B01
201500010142;0;32;0;0;2;7;10;A01
201500010142;0;7;0;0;2;1;1;B01
201500010143;0;30;0;0;2;1;1;A01
201500010143;0;7;0;0;2;4;1;B01
201500010144;0;1;0;0;0;1;0;A01
201500010145;0;1;0;0;2;1;17;B01
201500010145;0;7;0;0;2;8;20;A01
201500010146;0;33;0;0;2;1;18;B01
201500010146;0;7;0;0;0;7;1;A01
201500010147;0;2;0;0;2;3;16;B01
201500010147;0;7;0;0;2;1;15;A01
201500010148;0;7;0;0;1;1;1;A01
201500010149;0;2;0;0;1;1;1;A01
201500010150;0;7;0;0;2;1;1;A01
201500010150;0;7;0;0;2;3;1;B01
201500010151;0;7;0;0;2;6;23;B01
201500010151;0;33;0;0;2;1;1;A01
201500010152;0;7;0;0;2;4;2;B01
201500010152;0;7;0;0;2;4;2;C01
201500010152;0;10;0;0;2;1;2;A01
201500010153;0;32;0;0;1;1;1;A01
201500010154;0;7;0;0;2;7;1;A01
201500010154;0;32;0;0;2;1;1;B01
201500010155;0;7;0;0;2;8;1;A01
201500010155;0;2;0;0;2;1;1;B01
201500010156;0;7;0;0;2;2;1;B01
201500010156;0;7;0;0;2;3;0;A01
201500010157;0;7;0;0;0;4;1;B01
201500010157;0;30;0;0;1;1;1;A01
201500010158;0;33;0;0;1;1;1;A01
201500010159;0;7;0;0;2;3;1;A01
201500010159;0;32;0;0;2;1;17;B01
201500010160;0;7;0;0;1;2;1;A01
201500010161;0;31;0;0;1;1;1;A01
201500010162;0;7;0;0;2;8;9;A01
201500010162;0;32;0;0;2;1;1;B01
201500010163;0;7;0;0;1;1;0;A01
201500010164;0;2;0;0;1;1;1;A01
201500010165;0;7;0;0;2;0;0;A01
201500010165;0;30;0;0;2;0;1;B01
201500010166;0;7;0;0;2;8;15;A01
201500010166;0;33;0;0;2;7;1;B01
201500010167;0;7;0;0;2;2;0;A01
201500010167;0;34;0;0;2;1;1;B01
201500010168;0;32;0;0;1;1;1;A01
201500010169;0;33;0;0;2;1;1;B01
201500010169;0;33;0;0;2;0;0;A01
201500010170;0;7;0;0;2;0;0;A01
201500010170;0;7;0;0;0;4;0;B01
201500010171;0;7;0;0;2;2;15;A01
201500010171;0;33;0;0;2;1;1;B01
201500010172;0;32;0;0;2;4;1;B01
201500010172;0;32;0;0;2;1;17;A01
201500010173;0;1;0;0;2;1;1;B01
201500010173;0;7;0;0;2;2;16;A01
201500010174;0;7;0;0;1;1;1;A01
201500010175;0;2;0;0;2;8;9;A01
201500010175;0;7;0;0;2;2;1;B01
201500010176;0;7;0;0;1;2;1;A01
201500010177;0;7;0;0;2;3;1;B01
201500010177;0;33;0;0;2;1;1;A01
201500010178;0;32;0;0;2;1;1;B01
201500010178;0;1;0;0;2;1;9;A01
201500010179;0;7;0;0;2;3;10;A01
201500010179;0;33;0;0;2;1;1;B01
201500010180;0;7;0;0;2;1;13;A01
201500010180;0;7;0;0;2;1;1;B01
201500010181;0;32;0;0;2;7;1;A01
201500010181;0;2;0;0;2;1;1;B01
201500010182;0;7;0;0;2;2;15;A01
201500010182;0;32;0;0;2;1;1;B01
201500010183;0;7;0;0;1;2;1;A01
201500010184;0;2;0;0;2;1;1;B01
201500010184;0;7;0;0;2;2;15;A01
201500010185;0;7;0;0;2;3;1;B01
201500010185;0;7;0;0;2;2;1;A01
201500010186;0;7;0;0;2;3;9;A01
201500010186;0;32;0;0;2;1;17;B01
201500010187;0;37;1;0;2;1;1;A01
201500010187;0;7;0;0;0;4;1;B01
201500010188;0;7;0;0;1;1;1;A01
201500010189;0;7;0;0;0;8;0;A01
201500010189;0;1;0;0;2;1;0;B01
201500010190;0;2;0;0;0;4;1;B01
201500010190;0;7;0;0;2;1;2;A01
201500010191;0;7;0;0;1;0;0;A01
201500010192;0;33;0;0;0;7;1;B01
201500010192;0;7;0;0;2;0;0;A01
201500010193;0;7;0;0;2;8;15;A01
201500010193;0;32;0;0;2;1;17;B01
201500010194;0;7;0;0;0;7;16;A01
201500010194;0;33;0;0;2;1;1;B01
201500010195;0;33;0;0;2;1;0;B01
201500010195;0;7;0;0;0;8;0;A01
201500010196;0;2;0;0;2;1;0;A01
201500010196;0;7;0;0;2;2;1;B01
201500010197;0;2;0;0;2;4;1;B01
201500010197;0;7;0;0;2;1;1;A01
201500010198;0;7;0;0;2;1;0;A01
201500010198;0;31;0;0;2;1;1;B01
201500010199;0;7;0;0;0;8;0;A01
201500010199;0;34;0;0;2;0;0;B01
201500010200;0;7;0;0;2;1;1;A01
201500010200;0;7;0;0;2;3;1;B01
201500010200;0;7;0;0;2;1;0;C01
201500010200;0;7;0;0;0;1;1;D01
201500010201;0;7;0;1;1;1;1;A01
201500010202;0;2;0;0;0;1;1;B01
201500010202;0;17;0;0;2;8;0;A01
201500010203;0;7;0;0;2;4;1;B01
201500010203;0;7;0;0;2;1;1;A01
201500010204;0;30;0;0;2;1;1;B01
201500010204;0;7;0;0;2;4;1;A01
201500010205;0;7;0;0;0;4;1;A01
201500010205;0;30;0;0;2;1;1;B01
201500010206;0;37;1;0;1;2;1;A01
201500010207;0;32;0;0;2;1;1;A01
201500010207;1;7;0;0;2;1;13;Z01
201500010208;0;7;0;0;2;4;1;B01
201500010208;0;7;0;0;2;1;1;A01
201500010209;0;7;0;1;1;1;1;A01
201500010209;0;7;0;0;1;4;1;B01
201500010209;0;7;0;1;0;8;1;D01
201500010210;0;2;0;0;2;7;9;A01
201500010210;0;7;0;0;2;3;9;B01
201500010211;0;7;0;0;2;1;1;A01
201500010211;0;34;0;0;2;4;1;B01
201500010212;0;7;0;0;2;1;1;A01
201500010212;0;7;0;0;2;4;23;B01
201500010213;0;7;0;0;2;3;1;A01
201500010213;0;33;0;0;2;1;1;B01
201500010214;0;37;1;0;2;1;1;A01
201500010214;0;7;0;0;0;4;1;B01
201500010215;0;7;0;0;1;3;1;A01
201500010216;0;37;1;0;1;5;23;A01
201500010217;0;1;0;0;2;0;0;B01
201500010217;0;7;0;0;2;0;9;A01
201500010218;0;1;0;0;0;0;1;B01
201500010218;0;7;0;0;2;3;0;A01
201500010219;0;7;0;0;2;7;9;A01
201500010219;0;2;0;0;2;1;1;B01
201500010220;0;7;0;0;2;4;1;B01
201500010220;0;34;0;0;2;1;1;A01
201500010221;0;7;0;0;2;7;1;B01
201500010221;0;7;0;0;2;1;0;A01
201500010222;0;7;0;0;1;1;1;A01
201500010222;0;7;0;0;0;4;1;B01
201500010223;0;33;0;0;2;2;1;B01
201500010223;0;7;0;0;2;2;2;A01
201500010224;0;7;0;0;2;3;9;A01
201500010224;0;34;0;0;2;1;17;B01
201500010225;0;37;1;0;0;4;1;A01
201500010225;0;30;0;0;0;1;2;B01
201500010226;0;7;0;0;1;0;0;A01
201500010227;0;32;0;0;2;1;1;A01
201500010227;0;7;0;0;2;1;1;B01
201500010228;0;2;0;0;1;0;1;A01
201500010229;0;2;0;0;2;1;17;B01
201500010229;0;10;0;0;2;3;9;A01
201500010230;0;7;0;0;2;2;15;A01
201500010230;0;32;0;0;2;1;1;B01
201500010231;0;2;0;0;2;4;1;B01
201500010231;0;7;0;0;2;1;1;A01
201500010232;0;7;0;0;2;2;15;A01
201500010232;0;30;0;0;2;1;1;B01
201500010233;0;32;0;0;2;1;1;B01
201500010233;0;7;0;0;2;7;15;A01
201500010234;0;34;0;0;1;1;1;A01
201500010235;0;7;0;0;1;0;0;A01
201500010236;0;2;0;0;2;1;1;B01
201500010236;0;7;0;0;2;2;15;A01
201500010237;0;7;0;0;1;1;1;A01
201500010238;0;32;0;0;1;1;1;A01
201500010239;0;7;0;0;2;1;1;A01
201500010239;0;7;0;0;2;4;0;B01
201500010240;0;7;0;0;2;6;1;A01
201500010240;0;30;0;0;2;2;1;B01
201500010241;0;30;0;0;2;2;1;B01
201500010241;0;7;0;0;2;3;1;A01
201500010242;0;7;0;0;2;8;9;A01
201500010242;0;33;0;0;2;1;1;B01
201500010243;0;7;0;0;2;6;0;A01
201500010243;0;30;0;0;2;3;1;B01
201500010244;0;7;0;0;2;5;0;A01
201500010244;0;7;0;0;2;1;1;B01
201500010245;0;7;0;0;1;2;1;A01
201500010246;0;30;0;0;2;1;1;B01
201500010246;0;7;0;0;2;1;1;A01
201500010247;0;10;0;0;1;4;4;A01
201500010248;0;7;0;2;0;1;1;A01
201500010249;0;32;0;0;2;1;1;B01
201500010249;0;30;0;0;2;8;15;A01
201500010250;0;33;0;0;0;7;1;B01
201500010250;0;7;0;0;2;3;15;A01
201500010251;0;7;0;0;1;2;1;A01
201500010252;0;30;0;0;0;0;0;A01
201500010253;0;33;0;0;0;8;1;A01
201500010254;0;7;0;0;1;7;0;B01
201500010255;0;7;0;8;0;1;0;A01
201500010256;0;10;0;0;0;0;0;A01
201500010256;0;7;0;0;0;0;0;B01
201500010256;0;7;0;0;0;0;0;C01
201500010257;0;7;0;0;2;3;13;A01
201500010257;0;37;1;0;2;3;1;B01
201500010258;0;7;0;6;0;3;6;A01
201500010259;0;2;0;0;1;1;0;A01
201500010260;1;37;1;0;1;2;0;A01
201500010261;0;2;0;6;0;1;0;A01
201500010262;0;7;0;0;2;1;1;B01
201500010262;0;7;0;0;2;1;13;A01
201500010263;0;7;0;8;0;1;0;A01
201500010264;0;7;0;8;0;3;0;A01
201500010265;0;3;0;14;2;1;6;A01
201500010265;0;7;0;0;2;3;1;B01
201500010266;0;7;0;0;1;1;0;A01
201500010267;0;2;0;0;0;0;0;A01
201500010267;0;7;0;0;0;0;0;B01
201500010268;0;7;0;0;0;4;0;B01
201500010268;0;7;0;0;2;1;2;A01
201500010269;0;7;0;0;2;3;13;A01
201500010269;0;7;0;0;2;3;1;B01
201500010270;0;7;0;6;0;7;0;A01
201500010270;0;7;0;0;2;3;0;B01
201500010271;0;7;0;0;0;3;0;B01
201500010271;0;10;0;0;2;1;15;A01
201500010272;0;31;0;0;2;1;0;A01
201500010272;0;7;0;0;0;2;15;B01
201500010273;0;2;0;0;2;1;1;B01
201500010273;0;7;0;0;2;2;15;A01
201500010274;0;30;0;0;2;8;15;B01
201500010274;0;7;0;0;2;2;15;A01
201500010275;0;1;0;0;0;0;0;A01
201500010276;0;7;0;0;1;3;15;A01
201500010277;0;7;0;0;0;4;2;B01
201500010277;0;7;0;0;2;1;2;A01
201500010278;0;7;0;0;0;1;2;A01
201500010278;0;7;0;0;0;4;2;D01
201500010278;0;7;0;0;0;4;2;C01
201500010278;0;7;0;0;0;4;2;B01
201500010278;0;7;0;0;0;1;1;E01
201500010279;0;7;0;13;0;2;0;A01
201500010280;0;7;0;0;2;1;2;A01
201500010280;0;7;0;0;2;4;2;B01
201500010281;0;2;0;0;0;0;1;A01
201500010282;0;7;0;0;2;3;0;A01
201500010282;0;30;0;0;2;1;1;B01
201500010283;0;2;0;0;0;8;1;A01
201500010284;0;7;0;13;0;2;1;A01
201500010285;1;13;0;0;2;8;1;Z01
201500010285;0;33;0;0;2;7;17;B01
201500010286;0;33;0;0;0;4;2;B01
201500010286;0;7;0;0;2;1;2;A01
201500010287;0;33;0;1;0;1;1;A01
201500010288;0;7;0;0;2;4;2;B01
201500010288;0;37;1;0;2;2;2;A01
201500010289;0;7;0;0;2;1;1;A01
201500010289;0;2;0;0;0;4;0;B01
201500010290;0;10;0;0;0;3;2;A01
201500010290;0;7;0;0;0;4;23;C01
201500010290;0;2;0;0;0;1;2;B01
201500010291;0;2;0;0;0;0;0;A01
201500010292;0;2;0;0;2;1;1;A01
201500010292;0;99;0;0;2;3;15;B01
201500010293;0;7;0;0;2;7;17;A01
201500010293;0;32;0;0;2;8;1;B01
201500010294;0;2;0;0;2;1;2;A01
201500010294;1;7;0;0;0;4;23;B01
201500010295;1;17;0;0;1;0;1;A01
201500010296;0;30;0;0;2;1;17;A01
201500010296;0;7;0;0;2;1;1;B01
201500010297;0;2;0;0;0;1;0;A01
201500010297;0;7;0;0;2;4;1;B01
201500010298;1;7;0;0;0;1;2;A01
201500010298;0;7;0;0;0;4;1;B01
201500010299;0;7;0;0;2;1;5;A01
201500010299;0;7;0;0;2;1;1;B01
201500010300;0;7;0;0;2;2;2;A01
201500010300;0;7;0;0;2;6;2;B01
201500010301;0;7;0;0;2;3;11;A01
201500010301;0;31;0;0;2;0;0;B01
201500010302;0;7;0;6;0;3;2;A01
201500010303;0;30;0;0;2;1;1;A01
201500010303;0;7;0;0;0;0;0;B01
201500010304;0;7;0;0;2;3;2;B01
201500010304;0;7;0;0;2;3;2;A01
201500010305;0;7;0;0;2;3;1;A01
201500010305;0;7;0;0;2;3;1;C01
201500010305;0;7;0;0;2;8;1;B01
201500010306;0;7;0;0;2;2;15;B01
201500010306;0;31;0;0;2;2;0;A01
201500010307;0;7;0;4;0;2;1;A01
201500010308;0;2;0;6;0;7;2;A01
201500010309;0;7;0;0;1;2;1;A01
201500010310;0;7;0;0;1;1;0;A01
201500010311;0;7;0;0;2;1;9;B01
201500010311;0;32;0;0;2;7;17;A01
201500010312;0;33;0;10;0;1;0;A01
201500010313;0;7;0;0;2;1;2;A01
201500010313;0;7;0;0;2;4;2;B01
201500010314;0;7;0;0;2;1;5;A01
201500010314;0;7;0;8;2;9;1;B01
201500010315;0;34;0;16;0;3;1;A01
201500010316;0;7;0;0;2;0;0;A01
201500010316;0;30;0;0;2;0;0;B01
201500010317;0;7;0;0;0;7;4;C01
201500010317;0;7;0;0;2;4;2;B01
201500010317;0;7;0;0;0;1;2;A01
201500010318;0;7;0;0;0;7;15;B01
201500010318;0;30;0;0;2;1;1;A01
201500010319;0;7;0;0;2;0;0;B01
201500010319;0;10;0;8;2;0;0;A01
201500010320;0;31;0;0;0;1;1;A01
201500010321;0;2;0;0;0;8;21;A01
201500010322;0;33;0;0;0;2;1;A01
201500010323;0;2;0;1;0;0;1;A01
201500010324;0;7;0;0;2;3;9;A01
201500010324;0;2;0;0;2;1;1;B01
201500010325;0;7;0;0;2;1;1;B01
201500010325;0;7;0;0;0;2;15;A01
201500010326;0;30;0;0;0;7;0;A01
201500010327;0;7;0;1;0;1;14;A01
201500010328;0;7;0;2;0;0;0;A01
201500010329;0;10;0;0;1;1;1;A01
201500010330;0;14;0;0;0;3;15;A01
201500010330;0;30;0;0;0;3;1;B01
201500010331;0;30;0;1;0;1;2;A01
201500010331;0;7;0;0;0;5;23;B01
201500010332;0;7;0;0;2;4;2;B01
201500010332;0;7;0;0;2;3;2;A01
201500010333;0;7;0;0;2;3;1;B01
201500010333;0;7;0;0;2;1;1;A01
201500010334;0;7;0;0;1;2;1;A01
201500010335;0;7;0;15;0;3;1;A01
201500010336;0;2;0;6;0;3;13;B01
201500010337;0;7;0;0;2;3;0;A01
201500010337;0;33;0;0;0;0;0;B01
201500010338;0;10;0;0;2;1;2;A01
201500010338;0;10;0;0;2;4;2;B01
201500010339;0;10;0;0;2;3;1;B01
201500010339;0;7;0;0;2;1;13;A01
201500010340;0;33;0;0;2;0;17;A01
201500010340;0;30;0;0;2;0;0;B01
201500010341;0;7;0;0;2;1;2;A01
201500010341;0;7;0;0;2;4;2;B01
201500010342;0;7;0;0;1;0;2;A01
201500010343;0;7;0;0;1;4;4;A01
201500010344;0;14;0;0;0;0;0;B01
201500010344;0;2;0;0;0;0;0;A01
201500010345;0;7;0;4;0;0;0;A01
201500010346;0;7;0;2;0;1;14;A01
201500010347;0;2;0;0;0;7;1;A01
201500010348;0;33;0;0;0;0;0;A01
201500010349;0;33;0;0;2;1;1;B01
201500010349;0;7;0;0;2;3;5;A01
201500010350;0;7;0;0;2;4;2;B01
201500010350;0;7;0;0;2;1;2;A01
201500010351;0;7;0;0;2;0;0;B01
201500010351;0;33;0;0;2;1;13;A01
201500010352;0;30;0;0;2;1;1;A01
201500010352;0;7;0;0;2;6;1;B01
201500010353;0;2;0;0;0;7;0;A01
201500010354;0;2;0;0;0;2;1;A01
201500010355;0;33;0;0;2;3;1;B01
201500010355;0;7;0;0;2;6;15;A01
201500010356;0;30;0;0;1;1;0;A01
201500010357;0;33;0;0;2;0;0;B01
201500010357;0;7;0;0;2;0;0;A01
201500010358;0;7;0;0;1;2;2;A01
201500010359;0;31;0;0;5;1;0;A01
201500010360;0;7;0;0;2;1;15;A01
201500010360;0;30;0;0;2;8;1;B01
201500010361;0;7;0;0;2;2;0;A01
201500010361;0;7;0;0;0;0;0;B01
201500010362;0;7;0;6;0;1;0;A01
201500010363;0;33;0;0;0;0;0;A01
201500010363;0;7;0;0;0;0;0;B01
201500010364;0;7;0;0;2;3;1;B01
201500010364;0;7;0;0;2;1;5;A01
201500010365;0;7;0;0;2;3;15;A01
201500010365;0;7;0;0;2;1;1;B01
201500010366;0;7;0;0;0;0;0;B01
201500010366;0;7;0;0;0;0;0;A01
201500010367;0;33;0;0;2;2;2;B01
201500010367;0;7;0;0;0;1;2;A01
201500010368;0;33;0;14;0;1;1;A01
201500010369;0;1;0;0;0;0;0;A01
201500010370;0;7;0;0;0;0;0;A01
201500010370;0;7;0;0;0;0;0;B01
201500010371;0;10;0;5;0;7;14;A01
201500010372;0;2;0;0;0;8;15;A01
201500010373;0;7;0;0;2;8;15;B01
201500010373;0;33;0;0;2;1;17;A01
201500010374;0;3;0;0;2;1;1;C01
201500010374;0;7;0;0;2;6;1;B01
201500010374;0;7;0;0;2;1;13;A01
201500010375;0;10;0;0;2;1;2;A01
201500010375;0;32;0;0;2;4;0;B01
201500010376;2;7;0;1;2;1;0;A01
201500010376;0;7;0;0;2;8;1;B01
201500010377;0;7;0;3;0;3;1;A01
201500010378;0;7;0;0;0;9;1;A01
201500010378;0;7;0;1;0;7;0;B01
201500010379;0;7;0;0;2;3;5;A01
201500010379;0;7;0;6;2;3;1;B01
201500010380;0;7;0;0;2;1;16;A01
201500010380;0;30;0;0;2;7;1;B01
201500010381;0;33;0;4;0;2;1;A01
201500010382;1;7;0;0;2;0;0;A01
201500010382;0;7;0;0;2;3;1;B01
201500010383;0;7;0;0;1;1;1;A01
201500010384;0;7;0;0;2;4;2;C01
201500010384;0;7;0;0;2;4;2;D01
201500010384;0;7;0;0;2;4;2;B01
201500010384;0;7;0;0;2;1;2;A01
201500010385;0;2;0;0;0;0;0;A01
201500010386;0;34;0;0;0;1;1;B01
201500010386;0;7;0;0;2;3;1;A01
201500010387;0;7;0;14;2;1;2;A01
201500010387;0;10;0;0;2;4;2;B01
201500010388;0;7;0;0;1;1;1;A01
201500010389;0;31;0;0;0;0;0;A01
201500010390;0;30;0;11;0;1;1;A01
201500010391;0;7;0;0;1;2;1;A01
201500010392;0;2;0;0;0;2;1;A01
201500010393;0;7;0;0;2;1;9;A01
201500010393;0;33;0;0;2;7;1;B01
201500010394;0;7;0;1;0;1;13;A01
201500010395;0;7;0;0;2;2;16;A01
201500010395;0;33;0;0;2;6;16;B01
201500010396;0;7;0;0;2;4;2;B01
201500010396;1;7;0;0;2;1;2;Z01
201500010397;0;30;0;0;0;0;0;A01
201500010398;0;7;0;0;2;6;15;B01
201500010398;0;30;0;0;2;1;1;A01
201500010399;0;7;0;0;0;4;2;B01
201500010399;0;3;0;0;2;1;2;A01
201500010400;0;33;0;0;2;6;21;A01
201500010400;0;7;0;0;0;0;0;B01
201500010401;0;7;0;0;2;4;0;A01
201500010401;0;7;0;0;0;0;1;C01
201500010401;0;7;0;0;2;0;0;B01
201500010402;0;7;0;1;0;4;23;C01
201500010402;0;7;0;0;2;1;17;A01
201500010402;0;7;0;0;0;8;15;B01
201500010403;0;30;0;0;0;8;0;A01
201500010404;0;7;0;0;2;1;1;B01
201500010404;0;7;0;0;2;8;19;A01
201500010405;0;33;0;0;2;8;1;A01
201500010405;0;7;0;0;2;3;1;B01
201500010406;0;7;0;0;2;3;15;A01
201500010406;0;33;0;0;2;8;1;B01
201500010407;0;33;0;0;2;7;1;A01
201500010407;0;7;0;0;2;2;15;B01
201500010408;0;7;0;15;2;1;14;A01
201500010408;0;7;0;0;2;2;2;B01
201500010409;0;7;0;0;2;2;1;B01
201500010409;0;2;0;0;2;1;1;A01
201500010410;0;7;0;16;0;0;0;A01
201500010411;0;7;0;0;2;1;1;A01
201500010411;0;7;0;0;0;6;0;B01
201500010412;0;7;0;0;1;0;0;A01
201500010413;0;7;0;3;0;3;1;A01
201500010414;0;34;0;0;0;1;0;A01
201500010415;0;7;0;3;6;3;21;A01
201500010416;0;7;0;0;2;1;2;A01
201500010416;0;7;0;0;2;4;1;B01
201500010417;0;7;0;0;2;3;0;A01
201500010417;0;30;0;0;2;4;0;B01
201500010418;0;30;0;0;0;0;0;A01
201500010419;0;7;0;0;1;6;4;A01
201500010420;0;3;0;0;1;2;1;A01
201500010421;0;7;0;8;0;2;2;A01
201500010422;0;7;0;0;2;2;2;B01
201500010422;0;7;0;0;2;3;15;A01
201500010423;0;33;0;0;2;5;12;A01
201500010423;0;7;0;0;2;3;1;B01
201500010424;0;7;0;0;2;9;2;B01
201500010424;1;7;0;0;2;4;0;C01
201500010424;0;7;0;0;2;1;2;A01
201500010425;0;7;0;13;0;3;13;A01
201500010426;0;7;0;0;2;3;0;A01
201500010426;0;7;0;0;2;1;0;B01
201500010427;0;7;0;1;0;1;5;A01
201500010428;0;7;0;0;2;3;1;B01
201500010428;0;10;0;0;2;1;1;A01
201500010429;0;7;0;6;0;1;1;A01
201500010430;0;7;0;0;2;3;1;C01
201500010430;0;7;0;0;2;3;1;A01
201500010430;0;31;0;0;2;4;15;B01
201500010431;0;7;0;6;0;1;1;A01
201500010432;0;7;0;0;2;1;1;B01
201500010432;1;7;0;0;2;1;5;A01
201500010433;0;7;0;0;2;6;2;B01
201500010433;0;7;0;0;2;2;15;A01
201500010434;0;7;0;0;2;2;16;A01
201500010434;0;33;0;0;2;1;2;B01
201500010435;0;33;0;0;0;0;0;A01
201500010436;0;7;0;0;0;4;2;B01
201500010436;0;7;0;0;2;2;2;A01
201500010437;0;7;0;6;0;2;14;A01
201500010438;0;30;0;0;0;0;0;A01
201500010439;0;7;0;0;2;3;15;A01
201500010439;0;33;0;0;2;1;1;B01
201500010440;0;7;0;0;2;1;2;A01
201500010440;0;7;0;0;2;4;2;B01
201500010441;0;7;0;0;1;2;0;A01
201500010442;0;34;0;0;2;5;1;B01
201500010442;0;7;0;0;2;1;1;C01
201500010442;0;7;0;0;2;2;9;A01
201500010443;0;30;0;0;0;3;0;A01
201500010444;0;37;1;0;2;8;1;A01
201500010444;1;14;0;0;2;3;13;B01
201500010445;2;7;0;0;2;2;13;A01
201500010445;0;7;0;0;2;2;1;B01
201500010446;0;7;0;1;0;1;13;A01
201500010447;0;7;0;0;0;0;0;A01