num_acc;senc;catv;occutc;obs;obsm;choc;manv;num_veh
201500010447;0;32;0;0;0;8;1;B01
201500010448;0;7;0;6;0;3;2;A01
201500010449;0;2;0;0;0;0;0;A01
201500010450;0;30;0;0;0;7;1;A01
201500010451;0;3;0;16;0;2;2;A01
201500010452;0;7;0;0;1;1;1;A01
201500010453;0;31;0;0;1;2;1;A01
201500010454;0;32;0;0;2;3;1;A01
201500010454;0;7;0;0;0;6;1;B01
201500010455;0;30;0;0;0;0;1;A01
201500010456;0;33;0;0;2;5;17;A01
201500010456;0;10;0;0;2;3;16;B01
201500010457;0;7;0;0;0;0;0;A01
201500010458;0;2;0;0;0;0;1;A01
201500010459;0;34;0;0;2;1;1;B01
201500010459;0;7;0;0;2;3;19;A01
201500010460;0;7;0;0;2;1;1;C01
201500010460;0;7;0;0;2;2;1;A01
201500010460;0;7;0;0;0;7;15;B01
201500010461;0;7;0;0;2;8;1;C01
201500010461;0;7;0;0;2;5;15;B01
201500010461;0;33;0;0;2;3;1;A01
201500010462;0;7;0;0;2;9;2;B01
201500010462;0;7;0;0;2;0;0;C01
201500010462;0;7;0;0;2;1;2;A01
201500010463;0;7;0;0;2;1;2;A01
201500010463;0;7;0;0;2;4;2;B01
201500010464;0;7;0;8;0;1;13;A01
201500010465;0;7;0;15;0;3;0;A01
201500010466;0;7;0;6;0;2;1;A01
201500010467;0;7;0;0;2;4;2;C01
201500010467;0;7;0;0;2;2;2;A01
201500010467;0;7;0;0;2;6;23;B01
201500010468;1;7;0;0;2;0;0;Z01
201500010468;0;2;0;0;2;0;23;A01
201500010469;0;33;0;0;0;0;15;A01
201500010470;0;2;0;0;0;0;1;A01
201500010471;0;7;0;0;0;4;15;C01
201500010471;0;7;0;0;2;1;2;A01
201500010471;0;7;0;0;2;4;2;B01
201500010472;0;7;0;0;1;1;15;A01
201500010473;0;33;0;0;2;1;13;A01
201500010473;0;7;0;0;2;3;1;B01
201500010474;0;7;0;1;0;2;1;A01
201500010475;0;1;0;0;1;1;21;A01
201500010476;0;32;0;0;2;1;1;A01
201500010476;0;10;0;0;2;6;9;B01
201500010477;0;7;0;0;2;7;17;A01
201500010477;0;31;0;0;2;8;0;B01
201500010478;0;2;0;0;2;1;1;B01
201500010478;0;7;0;0;2;3;9;A01
201500010479;0;7;0;0;2;4;2;B01
201500010479;0;30;0;0;2;1;2;A01
201500010480;0;32;0;0;2;1;1;A01
201500010480;0;7;0;0;2;8;19;B01
201500010481;0;7;0;0;2;7;15;A01
201500010481;0;32;0;0;2;1;1;B01
201500010482;0;36;0;0;2;8;1;A01
201500010482;0;2;0;0;2;1;1;B01
201500010483;0;34;0;0;1;1;0;A01
201500010484;0;33;0;12;0;1;1;A01
201500010485;0;7;0;0;2;7;17;A01
201500010485;0;32;0;0;2;8;1;B01
201500010486;0;32;0;0;2;1;17;A01
201500010486;0;33;0;0;2;1;1;B01
201500010487;0;7;0;0;2;1;2;A01
201500010487;0;7;0;0;1;4;0;B01
201500010488;0;7;0;0;2;1;1;B01
201500010488;0;34;0;0;2;1;13;A01
201500010489;0;32;0;3;0;5;1;A01
201500010490;0;31;0;13;0;7;0;A01
201500010491;0;33;0;0;2;1;2;A01
201500010491;0;32;0;0;2;6;23;B01
201500010492;0;34;0;0;2;1;1;A01
201500010492;0;7;0;0;2;1;13;B01
201500010493;0;33;0;0;2;1;17;A01
201500010493;0;31;0;0;2;1;1;B01
201500010494;0;30;0;0;9;0;16;A01
201500010495;0;7;0;0;2;3;9;A01
201500010495;0;34;0;0;2;2;2;B01
201500010496;0;7;0;0;0;0;10;B01
201500010496;0;7;0;0;2;3;5;D01
201500010496;0;34;0;0;2;4;1;C01
201500010496;0;33;0;0;2;1;1;A01
201500010497;0;30;0;0;1;0;0;A01
201500010498;0;7;0;0;1;1;1;A01
201500010499;0;32;0;0;2;3;18;A01
201500010499;0;7;0;0;2;2;16;B01
201500010500;0;7;0;0;2;2;1;A01
201500010500;0;7;0;0;2;3;1;B01
201500010501;0;2;0;0;2;1;1;B01
201500010501;0;7;0;0;2;6;15;A01
201500010502;0;30;0;0;2;1;1;A01
201500010502;0;7;0;0;2;3;0;B01
201500010502;0;7;0;0;2;8;0;C01
201500010503;0;2;0;0;2;1;5;A01
201500010503;0;34;0;0;2;1;1;B01
201500010504;0;7;0;0;2;2;15;A01
201500010504;0;2;0;0;2;8;1;B01
201500010505;0;7;0;0;1;1;1;A01
201500010506;0;7;0;0;2;2;15;A01
201500010506;0;33;0;0;2;3;1;B01
201500010507;0;33;0;12;0;1;1;A01
201500010508;0;2;0;0;2;1;2;A01
201500010508;0;32;0;0;2;4;2;B01
201500010509;0;7;0;0;2;2;1;B01
201500010509;0;32;0;0;2;9;1;A01
201500010509;0;7;0;0;2;8;2;C01
201500010509;0;7;0;0;2;1;1;D01
201500010510;0;7;0;11;0;1;13;A01
201500010511;0;30;0;0;2;7;1;B01
201500010511;0;7;0;0;2;3;9;A01
201500010512;0;32;0;0;2;1;1;B01
201500010512;0;7;0;0;2;3;15;A01
201500010513;0;7;0;1;2;2;12;A01
201500010513;0;14;0;0;2;3;1;B01
201500010514;0;7;0;0;2;1;2;A01
201500010514;0;7;0;1;0;9;1;B01
201500010514;0;7;0;1;2;7;0;C01
201500010515;0;30;0;14;0;1;2;A01
201500010515;0;7;0;0;0;5;23;B01
201500010516;0;7;0;0;2;2;15;A01
201500010516;0;33;0;0;2;1;1;B01
201500010517;0;30;0;0;2;1;2;A01
201500010517;0;7;0;0;2;8;15;B01
201500010518;0;7;0;0;2;2;15;A01
201500010518;0;2;0;0;2;1;1;B01
201500010519;0;7;0;0;2;5;23;B01
201500010520;0;7;0;0;0;7;15;A01
201500010520;0;30;0;0;2;1;1;B01
201500010521;0;1;0;0;1;1;0;A01
201500010522;0;33;0;0;2;3;17;A01
201500010522;0;7;0;0;2;3;1;B01
201500010522;0;37;13;0;2;8;1;C01
201500010523;0;7;0;0;2;8;13;A01
201500010523;0;2;0;0;2;1;2;B01
201500010524;0;2;0;0;2;4;2;B01
201500010524;0;7;0;0;2;2;2;A01
201500010525;0;7;0;0;2;7;1;B01
201500010525;0;30;0;0;2;1;1;A01
201500010526;0;7;0;0;0;7;15;A01
201500010526;0;33;0;0;2;2;1;B01
201500010527;0;7;0;0;1;3;1;A01
201500010528;0;32;0;1;0;4;1;A01
201500010529;0;7;0;0;0;7;15;A01
201500010529;0;32;0;0;2;1;1;B01
201500010530;0;7;0;0;2;1;2;A01
201500010530;0;32;0;0;0;4;23;B01
201500010531;0;7;0;0;2;2;15;A01
201500010531;0;10;0;0;0;4;15;B01
201500010532;0;1;0;0;5;0;1;B01
201500010533;0;30;0;0;2;2;1;B01
201500010533;0;7;0;0;2;3;15;A01
201500010534;0;7;0;0;2;3;1;A01
201500010534;0;33;0;0;2;3;1;B01
201500010535;0;7;0;0;0;3;13;A01
201500010535;0;34;0;0;2;1;1;B01
201500010536;0;7;0;0;1;3;1;A01
201500010537;0;31;0;0;2;1;1;B01
201500010537;0;10;0;0;2;3;15;A01
201500010538;0;7;0;0;2;2;20;A01
201500010538;0;32;0;0;2;1;1;B01
201500010539;0;31;0;0;2;1;17;A01
201500010539;0;10;0;0;2;3;15;B01
201500010540;0;7;0;0;0;3;13;A01
201500010540;0;7;0;0;2;3;1;B01
201500010541;0;32;0;0;2;7;1;B01
201500010541;0;32;0;0;2;1;15;A01
201500010542;0;30;0;0;2;0;0;A01
201500010542;0;10;0;0;2;2;2;B01
201500010543;0;7;0;0;0;0;5;A01
201500010543;0;32;0;0;2;0;1;B01
201500010544;0;30;0;0;2;1;13;A01
201500010544;0;7;0;0;2;3;1;B01
201500010545;0;10;0;0;1;7;0;A01
201500010546;0;33;0;0;2;0;1;A01
201500010546;0;33;0;0;2;4;1;B01
201500010547;0;34;0;0;2;1;0;A01
201500010547;0;7;0;0;0;3;13;B01
201500010548;0;7;0;0;2;0;20;A01
201500010548;0;2;0;0;2;1;1;B01
201500010549;0;10;0;0;2;3;15;B01
201500010549;0;33;0;0;2;1;17;A01
201500010550;0;7;0;0;1;1;1;A01
201500010551;0;33;0;0;1;1;1;A01
201500010552;0;7;0;0;2;7;17;A01
201500010552;0;30;0;0;2;8;1;B01
201500010553;0;7;0;0;2;8;15;A01
201500010553;0;32;0;0;2;7;17;B01
201500010554;0;7;0;0;2;0;5;B01
201500010554;0;32;0;0;2;0;21;A01
201500010555;0;32;0;8;0;1;17;A01
201500010556;0;7;0;0;2;4;4;A01
201500010556;0;33;0;0;2;1;1;B01
201500010557;0;7;0;0;2;3;0;A01
201500010557;0;13;0;0;2;3;1;B01
201500010558;0;37;1;0;1;7;1;A01
201500010559;0;7;0;0;2;1;23;A01
201500010559;0;2;0;0;2;1;1;B01
201500010560;0;33;0;3;0;1;1;A01
201500010561;0;7;0;0;0;3;9;A01
201500010561;0;33;0;0;2;1;0;B01
201500010562;0;37;1;0;1;2;1;A01
201500010563;0;7;0;0;2;8;15;B01
201500010563;0;2;0;0;2;1;1;A01
201500010564;0;7;0;0;2;4;23;C01
201500010564;0;7;0;0;2;1;2;A01
201500010564;0;7;0;0;2;4;23;B01
201500010565;0;30;0;0;2;8;1;A01
201500010565;0;7;0;0;2;7;15;B01
201500010566;0;7;0;0;1;2;1;A01
201500010567;0;2;0;0;1;3;0;A01
201500010568;0;37;1;0;1;1;1;A01
201500010569;0;7;0;0;2;0;1;A01
201500010569;0;7;0;0;2;0;1;B01
201500010569;0;7;0;0;2;0;1;C01
201500010570;0;7;0;0;2;1;13;A01
201500010570;0;7;0;0;2;1;1;B01
201500010571;0;32;0;0;2;2;17;A01
201500010571;0;7;0;0;2;3;15;B01
201500010572;0;31;0;0;2;4;2;A01
201500010572;0;37;9;0;2;4;7;B01
201500010573;0;33;0;0;2;1;1;A01
201500010573;0;10;0;0;2;8;9;B01
201500010574;0;30;0;0;2;1;1;A01
201500010574;0;10;0;0;0;3;1;B01
201500010575;0;33;0;0;2;1;1;A01
201500010575;0;10;0;0;2;7;1;B01
201500010576;0;7;0;1;0;1;1;A01
201500010577;0;7;0;0;9;5;4;A01
201500010577;0;1;0;0;2;1;1;B01
201500010578;0;7;0;0;2;0;15;A01
201500010578;0;32;0;0;2;0;1;B01
201500010579;0;7;0;0;1;1;17;A01
201500010580;0;7;0;0;2;3;1;A01
201500010580;0;32;0;0;0;1;1;B01
201500010581;0;7;0;0;2;6;2;B01
201500010581;0;7;0;0;2;4;0;C01
201500010581;0;7;0;0;2;4;23;D01
201500010581;0;7;0;0;2;1;0;A01
201500010582;0;33;0;0;2;1;17;A01
201500010582;0;7;0;0;2;3;1;B01
201500010582;0;37;1;0;2;3;1;C01
201500010583;0;7;0;0;2;1;1;A01
201500010583;0;7;0;6;2;8;1;B01
201500010584;0;7;0;0;2;1;1;B01
201500010584;0;7;0;0;2;1;15;A01
201500010585;0;7;0;0;2;2;15;A01
201500010585;0;7;0;8;2;3;1;B01
201500010586;0;31;0;0;2;1;1;A01
201500010586;0;7;0;0;2;3;1;B01
201500010587;0;7;0;0;2;4;2;B01
201500010587;0;7;0;0;2;1;2;A01
201500010588;0;7;0;0;2;1;2;A01
201500010588;0;7;0;0;2;4;23;B01
201500010589;0;7;0;0;9;7;16;A01
201500010589;0;2;0;1;2;1;18;B01
201500010590;0;7;0;0;2;2;15;A01
201500010590;0;2;0;0;2;1;1;B01
201500010591;0;2;0;0;2;3;1;B01
201500010591;0;7;0;0;2;5;14;A01
201500010592;0;34;0;0;9;3;0;A01
201500010593;0;7;0;0;1;3;15;A01
201500010594;0;33;0;0;2;1;1;B01
201500010594;0;7;0;0;2;2;15;A01
201500010595;0;31;0;0;2;6;0;A01
201500010595;0;7;0;0;2;6;15;B01
201500010596;0;7;0;0;1;1;1;A01
201500010597;0;7;0;0;1;2;1;A01
201500010598;0;7;0;0;1;2;5;A01
201500010598;0;31;0;0;0;0;21;B01
201500010599;0;10;0;0;2;1;1;A01
201500010599;0;7;0;0;2;1;1;B01
201500010599;0;7;0;0;2;1;1;C01
201500010599;0;7;0;0;0;4;1;D01
201500010600;0;30;0;0;1;1;13;A01
201500010601;0;7;0;0;1;2;15;A01
201500010602;0;30;0;0;1;1;1;A01
201500010603;0;7;0;0;1;2;1;A01
201500010604;0;7;0;0;1;2;1;A01
201500010605;0;1;0;0;2;0;0;B01
201500010605;0;7;0;0;2;1;1;A01
201500010606;0;7;0;0;2;3;9;A01
201500010606;0;2;0;0;2;1;2;B01
201500010607;0;7;0;0;1;3;1;A01
201500010608;0;7;0;0;2;2;1;A01
201500010608;0;33;0;0;2;8;1;B01
201500010609;0;7;0;0;2;3;15;B01
201500010609;0;2;0;0;2;2;17;A01
201500010610;0;7;0;0;0;0;16;A01
201500010610;0;37;1;0;2;0;1;B01
201500010611;0;31;0;1;2;1;1;B01
201500010611;0;7;0;0;2;3;9;A01
201500010612;0;7;0;0;2;2;15;A01
201500010612;0;2;0;0;2;1;1;B01
201500010613;0;7;0;0;2;1;1;A01
201500010613;0;31;0;0;2;4;23;B01
201500010614;0;7;0;0;2;5;11;B01
201500010614;0;33;0;0;2;1;0;A01
201500010615;0;3;0;9;0;2;1;A01
201500010616;0;7;0;0;2;4;4;A01
201500010616;0;30;0;0;2;7;1;B01
201500010617;0;33;0;0;2;1;21;A01
201500010617;0;7;0;0;2;2;1;B01
201500010618;0;10;0;0;2;2;19;B01
201500010618;0;7;0;0;2;8;1;A01
201500010619;0;7;0;0;1;1;0;A01
201500010619;0;7;0;0;0;0;0;B01
201500010620;0;7;0;0;2;8;15;A01
201500010620;0;2;0;0;2;2;17;B01
201500010621;0;7;0;0;2;6;23;B01
201500010621;0;7;0;0;2;4;20;C01
201500010621;0;7;0;0;2;2;2;A01
201500010622;0;32;0;0;2;2;0;B01
201500010622;0;7;0;0;2;2;15;A01
201500010623;0;40;0;0;1;3;2;A01
201500010624;0;7;0;0;1;2;1;A01
201500010625;0;33;0;1;2;1;17;A01
201500010625;0;7;0;0;9;8;15;B01
201500010626;0;2;0;0;2;0;1;A01
201500010626;0;7;0;0;2;2;1;B01
201500010627;0;33;0;0;2;1;1;B01
201500010627;0;99;0;0;0;6;0;A01
201500010628;0;33;0;0;2;1;1;A01
201500010628;0;7;0;0;2;6;12;B01
201500010629;0;1;0;0;2;1;19;B01
201500010629;0;7;0;0;9;0;19;A01
201500010630;0;7;0;0;2;4;2;B01
201500010630;0;7;0;0;2;1;2;A01
201500010631;0;31;0;0;1;1;1;A01
201500010632;0;31;0;0;2;0;2;A01
201500010632;0;7;0;0;2;3;15;B01
201500010633;0;7;0;0;2;1;1;B01
201500010633;0;7;0;0;2;1;13;A01
201500010634;0;7;0;0;2;2;1;A01
201500010634;0;31;0;0;2;2;1;B01
201500010635;1;30;0;0;2;1;1;Z01
201500010635;0;33;0;0;2;1;1;B01
201500010636;0;7;0;0;9;2;1;B01
201500010636;0;1;0;0;2;1;1;A01
201500010637;0;2;0;0;2;7;1;A01
201500010637;0;32;0;0;2;1;1;B01
201500010638;0;2;0;0;2;1;1;B01
201500010638;0;7;0;0;2;2;15;A01
201500010639;0;2;0;0;2;1;1;B01
201500010639;0;7;0;0;2;7;15;A01
201500010640;0;7;0;0;2;1;1;B01
201500010640;0;99;0;15;2;7;1;A01
201500010641;0;30;0;8;0;0;1;A01
201500010642;0;7;0;0;2;3;15;A01
201500010642;0;2;0;0;2;1;1;B01
201500010643;0;40;1;0;2;1;1;A01
201500010643;0;10;0;0;4;3;1;B01
201500010644;0;7;0;0;2;1;1;A01
201500010644;0;33;0;0;2;4;1;B01
201500010645;0;7;0;0;1;2;1;A01
201500010646;0;7;0;0;2;2;15;A01
201500010646;0;33;0;0;2;1;1;B01
201500010647;0;7;0;0;9;2;15;A01
201500010647;0;1;0;0;2;1;1;B01
201500010648;0;32;0;0;2;2;17;A01
201500010648;0;7;0;0;0;6;23;B01
201500010649;0;10;0;0;2;7;1;A01
201500010649;0;33;0;0;2;1;1;B01
201500010650;0;2;0;3;0;7;2;A01
201500010651;0;7;0;0;2;1;1;B01
201500010651;0;7;0;0;2;5;1;A01
201500010652;0;10;0;0;2;7;15;A01
201500010652;0;33;0;0;2;1;1;B01
201500010653;0;7;0;0;2;1;1;A01
201500010653;0;7;0;0;0;4;1;B01
201500010654;0;7;0;0;1;2;15;A01
201500010655;0;10;0;0;2;8;0;B01
201500010655;0;37;2;0;2;3;0;A01
201500010656;0;7;0;2;2;8;15;A01
201500010656;0;7;0;8;2;2;1;B01
201500010657;0;7;0;0;2;3;9;A01
201500010657;0;2;0;0;2;8;17;C01
201500010657;0;7;0;0;2;3;23;B01
201500010658;0;10;0;0;2;3;1;B01
201500010658;0;30;0;0;2;1;13;A01
201500010659;0;7;0;0;2;4;2;C01
201500010659;0;7;0;0;2;1;2;A01
201500010659;0;7;0;0;2;4;2;B01
201500010660;0;7;0;0;2;3;15;A01
201500010660;0;2;0;0;2;1;1;B01
201500010661;0;7;0;0;1;6;20;A01
201500010662;0;33;0;15;2;;;A01
201500010662;0;7;0;14;0;2;2;B01
201500010663;0;7;0;0;2;1;1;A01
201500010663;0;7;0;0;2;4;1;B01
201500010664;0;99;0;0;1;1;0;A01
201500010665;0;7;0;0;2;1;1;B01
201500010665;0;7;0;0;2;2;15;A01
201500010666;0;32;0;0;1;1;1;A01
201500010667;0;7;0;0;2;4;1;B01
201500010667;0;7;0;0;2;1;2;A01
201500010668;0;30;0;0;2;1;15;B01
201500010668;0;7;0;0;2;2;1;A01
201500010669;0;7;0;0;2;3;0;A01
201500010669;0;33;0;0;2;1;0;B01
201500010670;0;37;1;0;2;7;1;B01
201500010670;0;2;0;0;2;8;0;A01
201500010671;0;7;0;0;1;3;15;A01
201500010672;0;7;0;0;2;2;15;B01
201500010672;0;32;0;0;2;3;15;A01
201500010673;0;7;0;0;2;2;4;A01
201500010673;0;2;0;0;2;1;1;B01
201500010674;0;7;0;0;2;3;9;A01
201500010674;0;99;0;0;2;2;2;B01
201500010674;0;7;0;1;0;8;0;C01
201500010675;0;10;0;0;1;2;16;A01
201500010676;0;37;1;0;2;2;7;A01
201500010676;0;32;0;0;2;3;15;B01
201500010677;0;7;0;0;2;2;1;A01
201500010677;0;32;0;0;2;3;1;B01
201500010678;0;32;0;0;2;1;2;A01
201500010678;0;34;0;0;0;4;2;B01
201500010679;0;7;0;0;2;1;2;A01
201500010679;0;34;0;0;0;4;2;B01
201500010680;0;7;0;0;1;2;9;A01
201500010681;0;32;0;1;1;1;1;A01
201500010682;0;7;0;6;0;2;0;A01
201500010683;0;33;0;0;2;2;2;B01
201500010683;0;7;0;0;2;3;2;A01
201500010684;0;7;0;0;1;7;1;A01
201500010685;0;7;0;0;1;2;1;A01
201500010686;0;33;0;0;2;1;0;B01
201500010686;0;7;0;0;2;7;10;A01
201500010687;0;7;0;0;2;3;1;B01
201500010687;0;7;0;0;2;1;1;C01
201500010687;0;7;0;0;2;2;1;A01
201500010688;0;2;0;0;2;1;1;B01
201500010688;0;7;0;0;2;3;15;A01
201500010689;0;7;0;0;2;2;10;A01
201500010689;0;31;0;0;2;8;1;B01
201500010690;0;33;0;5;0;1;0;A01
201500010691;0;13;0;0;1;1;1;A01
201500010692;0;7;0;0;2;1;15;A01
201500010692;0;33;0;0;2;3;1;B01
201500010693;0;7;0;0;2;1;1;C01
201500010693;0;7;0;0;2;1;5;A01
201500010693;0;7;0;0;2;1;1;B01
201500010694;1;34;0;0;1;0;0;A01
201500010695;0;40;1;9;2;2;1;B01
201500010695;0;7;0;0;4;1;0;A01
201500010696;0;7;0;0;2;1;1;A01
201500010696;0;7;0;0;2;4;1;B01
201500010697;0;7;0;0;1;1;1;A01
201500010698;0;10;0;0;2;3;9;A01
201500010698;0;33;0;0;2;7;1;B01
201500010699;0;7;0;0;2;4;1;B01
201500010699;0;7;0;0;2;1;1;A01
201500010699;0;7;0;0;0;4;1;C01
201500010700;0;7;0;0;1;3;0;A01
201500010701;0;34;0;0;2;1;17;B01
201500010701;0;7;0;0;2;8;15;A01
201500010702;0;7;0;1;2;3;1;B01
201500010702;0;7;0;0;2;3;13;A01
201500010703;0;33;0;0;2;2;2;A01
201500010703;0;7;0;0;2;3;2;B01
201500010704;0;7;0;0;2;0;0;B01
201500010704;0;33;0;0;2;0;0;A01
201500010705;0;31;0;0;2;1;0;A01
201500010705;0;7;0;0;2;3;15;B01
201500010706;0;14;0;0;2;4;11;A01
201500010706;0;33;0;0;2;1;1;B01
201500010707;1;7;0;0;2;0;0;Z01
201500010707;0;7;0;0;2;1;0;A01
201500010708;0;7;0;0;2;8;1;A01
201500010708;0;32;0;0;2;2;1;B01
201500010709;0;7;0;0;2;1;2;A01
201500010709;0;7;0;0;2;4;2;B01
201500010710;0;14;0;0;1;2;16;A01
201500010711;0;33;0;12;0;1;1;A01
201500010712;0;7;0;0;2;0;0;A01
201500010712;0;33;0;0;2;8;2;B01
201500010712;0;7;0;0;0;3;0;C01
201500010713;0;10;0;0;2;1;1;B01
201500010713;0;7;0;0;2;1;5;A01
201500010714;0;7;0;9;0;1;14;A01
201500010715;0;37;20;0;1;5;0;A01
201500010716;0;7;0;0;0;0;0;A01
201500010716;0;30;0;0;0;0;0;B01
201500010716;0;30;0;0;0;0;0;C01
201500010716;0;30;0;0;0;0;0;D01
201500010717;0;7;0;0;1;7;1;A01
201500010718;0;31;0;8;2;1;2;A01
201500010718;0;7;0;0;0;4;1;B01
201500010719;0;2;0;0;2;1;1;B01
201500010719;0;7;0;0;2;3;15;A01
201500010720;1;7;0;0;2;1;17;A01
201500010720;0;33;0;0;2;1;1;B01
201500010721;0;37;1;0;1;3;15;A01
201500010722;0;7;0;0;2;7;1;B01
201500010722;0;31;0;0;2;7;15;A01
201500010723;0;7;0;9;2;3;1;B01
201500010723;0;7;0;0;2;2;12;A01
201500010724;2;7;0;0;2;1;15;A01
201500010724;0;33;0;0;2;8;1;B01
201500010725;0;10;0;0;2;7;1;B01
201500010725;0;31;0;0;2;8;3;A01
201500010726;0;7;0;5;2;1;1;A01
201500010726;0;7;0;0;2;6;3;B01
201500010726;0;7;0;0;2;4;1;C01
201500010727;0;7;0;0;2;1;1;B01
201500010727;0;7;0;0;2;8;1;A01
201500010728;0;1;0;0;0;0;21;A01
201500010728;0;2;0;0;0;0;0;B01
201500010729;0;7;0;0;0;5;23;B01
201500010729;0;30;0;0;2;1;2;A01
201500010730;0;10;0;0;1;4;4;A01
201500010731;0;7;0;0;2;6;13;A01
201500010731;0;34;0;0;2;1;1;B01
201500010732;0;33;0;0;2;8;15;A01
201500010732;0;37;1;0;2;2;1;B01
201500010733;0;1;0;0;2;1;16;B01
201500010733;0;7;0;0;9;3;15;A01
201500010734;0;7;0;0;2;2;16;A01
201500010734;0;33;0;0;2;3;1;B01
201500010735;0;32;0;0;2;1;1;A01
201500010735;0;7;0;0;2;3;15;B01
201500010736;0;33;0;0;2;0;0;A01
201500010736;1;7;0;0;2;0;0;Z01
201500010737;0;7;0;0;9;2;1;A01
201500010737;0;1;0;0;2;1;19;B01
201500010738;0;33;0;0;2;1;1;A01
201500010738;0;7;0;0;2;2;15;B01
201500010739;0;7;0;6;2;1;1;B01
201500010739;0;7;0;0;2;1;13;A01
201500010740;0;7;0;0;1;3;15;A01
201500010741;0;7;0;0;2;1;0;D01
201500010741;0;7;0;0;2;2;0;A01
201500010741;0;7;0;0;2;1;0;C01
201500010741;0;7;0;0;2;1;0;B01
201500010742;0;1;0;0;1;7;19;A01
201500010743;0;7;0;1;2;2;12;A01
201500010743;0;33;0;0;2;1;1;B01
201500010744;0;7;0;0;1;1;0;A01
201500010745;0;34;0;0;1;1;1;A01
201500010746;0;7;0;1;0;3;1;A01
201500010746;0;7;0;0;2;8;0;B01
201500010747;0;32;0;1;0;1;13;A01
201500010748;0;7;0;0;2;1;1;A01
201500010748;0;7;0;0;2;4;1;B01
201500010749;0;7;0;0;1;1;1;A01
201500010750;0;31;0;0;2;6;15;A01
201500010750;0;7;0;0;2;3;1;B01
201500010751;0;2;0;0;2;1;1;A01
201500010751;0;10;0;0;2;7;15;B01
201500010752;0;7;0;0;1;2;1;A01
201500010753;0;31;0;0;2;1;1;B01
201500010753;0;7;0;0;2;2;15;A01
201500010754;0;2;0;0;2;1;13;A01
201500010754;0;7;0;0;2;3;1;B01
201500010755;0;30;0;0;2;2;1;B01
201500010755;1;7;0;0;9;8;0;A01
201500010756;0;33;0;0;0;3;2;B01
201500010756;0;7;0;0;0;7;14;A01
201500010757;0;7;0;0;9;1;15;A01
201500010757;0;30;0;0;2;1;1;B01
201500010758;1;7;0;0;2;0;15;A01
201500010758;0;7;0;0;2;1;2;B01
201500010759;0;7;0;0;9;3;20;B01
201500010759;0;33;0;1;2;1;1;A01
201500010760;0;7;0;0;1;5;17;A01
201500010761;0;1;0;0;2;1;19;B01
201500010761;0;7;0;0;0;5;15;A01
201500010762;0;7;0;0;2;1;2;A01
201500010762;0;7;0;0;2;1;2;B01
201500010762;0;7;0;0;2;4;2;C01
201500010762;0;7;0;0;2;4;2;D01
201500010763;0;7;0;0;2;4;2;B01
201500010763;0;7;0;0;2;1;2;A01
201500010763;0;7;0;0;2;4;2;D01
201500010763;0;7;0;0;2;4;2;C01
201500010764;0;30;0;8;0;0;1;A01
201500010765;0;32;0;0;0;0;1;A01
201500010766;0;10;0;8;2;3;19;A01
201500010766;0;37;7;0;2;2;1;B01
201500010767;0;7;0;0;1;3;0;A01
201500010768;0;32;0;0;2;1;3;A01
201500010768;0;10;0;0;2;6;23;B01
201500010769;0;7;0;0;2;3;1;B01
201500010769;0;2;0;0;2;1;0;A01
201500010770;0;31;0;0;2;1;1;B01
201500010770;0;7;0;0;2;7;15;A01
201500010771;0;7;0;0;1;7;2;A01
201500010772;0;31;0;0;2;1;1;B01
201500010772;0;7;0;0;2;1;15;A01
201500010773;0;2;0;0;2;1;1;B01
201500010773;0;10;0;0;2;2;15;A01
201500010774;0;37;10;0;2;3;21;B01
201500010774;0;31;0;0;9;3;21;C01
201500010774;0;7;0;0;2;8;13;A01
201500010775;0;7;0;0;1;3;15;A01
201500010776;0;7;0;0;1;3;1;A01
201500010777;0;7;0;0;1;3;15;A01
201500010778;0;7;0;0;2;4;2;C01
201500010778;0;7;0;0;2;1;2;A01
201500010778;0;7;0;0;2;4;2;B01
201500010779;0;2;0;0;2;8;1;B01
201500010779;0;7;0;0;2;7;12;A01
201500010780;0;10;0;0;2;1;2;A01
201500010780;0;7;0;0;2;4;2;B01
201500010780;0;10;0;0;2;5;2;C01
201500010781;0;7;0;0;2;3;11;A01
201500010781;0;31;0;0;2;7;1;B01
201500010782;0;2;0;0;2;0;1;A01
201500010782;0;7;0;0;2;6;15;B01
201500010783;0;33;0;0;2;1;2;A01
201500010783;0;7;0;0;0;0;0;B01
201500010784;0;34;0;0;2;1;17;A01
201500010784;0;7;0;0;2;6;17;B01
201500010785;0;7;0;0;1;1;1;A01
201500010786;0;33;0;0;2;1;1;B01
201500010786;0;10;0;0;2;7;9;A01
201500010787;0;33;0;0;2;1;17;B01
201500010787;0;7;0;0;2;3;9;A01
201500010788;0;7;0;0;2;3;15;A01
201500010788;0;33;0;1;2;1;2;B01
201500010789;0;7;0;0;1;2;1;A01
201500010790;0;7;0;0;2;8;15;A01
201500010790;0;7;0;0;2;2;1;B01
201500010791;0;33;0;0;2;7;17;A01
201500010791;0;7;0;0;2;3;15;B01
201500010792;0;10;0;0;2;5;15;A01
201500010792;0;34;0;0;2;7;1;B01
201500010793;0;7;0;0;1;3;1;A01
201500010794;0;31;0;0;2;1;21;B01