num_acc;senc;catv;occutc;obs;obsm;choc;manv;num_veh
201500010794;0;7;0;0;0;0;11;A01
201500010795;0;7;0;0;2;1;9;A01
201500010795;0;34;0;0;2;1;17;B01
201500010796;0;7;0;0;2;8;4;B01
201500010796;0;10;0;0;2;7;2;C01
201500010796;0;2;0;0;2;0;0;A01
201500010797;0;7;0;0;2;7;16;A01
201500010797;0;30;0;0;2;8;18;B01
201500010798;0;7;0;0;2;4;23;B01
201500010798;0;2;0;0;0;1;7;A01
201500010799;0;7;0;0;1;1;23;A01
201500010800;0;33;0;2;2;1;1;B01
201500010800;0;7;0;14;2;1;5;A01
201500010801;0;32;0;0;2;1;17;B01
201500010801;0;7;0;0;2;8;15;A01
201500010802;0;7;0;0;2;5;2;B01
201500010802;0;30;0;0;2;1;2;A01
201500010803;0;7;0;0;2;6;0;B01
201500010803;0;32;0;0;2;1;1;A01
201500010804;0;7;0;0;2;0;19;B01
201500010804;0;7;0;0;2;0;19;A01
201500010805;0;32;0;0;2;9;1;A01
201500010805;0;7;0;0;2;6;1;B01
201500010806;0;7;0;0;2;7;12;A01
201500010806;0;32;0;0;2;8;1;B01
201500010807;0;7;0;0;0;0;1;A01
201500010807;0;33;0;0;0;0;0;B01
201500010808;0;10;0;0;2;8;15;B01
201500010808;0;30;0;0;2;1;0;A01
201500010809;0;33;0;0;2;1;1;B01
201500010809;0;7;0;0;2;2;5;A01
201500010810;0;7;0;0;2;3;1;B01
201500010810;0;7;0;0;2;3;5;A01
201500010811;0;7;0;0;0;5;2;B01
201500010811;0;30;0;0;2;1;2;A01
201500010812;0;7;0;12;0;1;0;A01
201500010813;0;7;0;0;1;8;1;A01
201500010814;0;7;0;0;1;3;15;A01
201500010815;0;7;0;0;1;1;15;A01
201500010816;0;7;0;1;2;3;20;A01
201500010816;0;7;0;0;2;1;1;B01
201500010817;0;7;0;0;2;1;2;A01
201500010817;0;32;0;0;2;4;2;B01
201500010818;0;7;0;0;2;3;2;A01
201500010818;0;32;0;0;2;2;2;B01
201500010819;0;7;0;0;1;1;19;A01
201500010820;0;33;0;0;2;1;7;B01
201500010820;0;10;0;0;2;2;16;A01
201500010821;0;7;0;0;2;4;2;C01
201500010821;0;2;0;0;2;4;2;B01
201500010821;0;7;0;0;2;2;2;A01
201500010822;2;32;0;0;2;1;1;A01
201500010822;0;99;0;0;2;3;11;B01
201500010823;0;7;0;0;1;3;0;A01
201500010824;0;31;0;0;2;1;0;A01
201500010824;0;7;0;0;2;5;2;B01
201500010825;0;7;0;0;2;1;21;A01
201500010825;0;7;0;1;2;3;9;B01
201500010826;1;7;0;0;1;3;2;A01
201500010827;0;37;1;0;2;3;1;A01
201500010827;0;7;0;0;2;6;15;B01
201500010828;0;32;0;3;0;7;0;A01
201500010829;0;31;0;0;2;1;1;B01
201500010829;0;10;0;0;2;2;20;A01
201500010830;0;7;0;0;2;1;0;A01
201500010830;0;7;0;0;0;4;0;B01
201500010831;0;7;0;0;1;2;1;A01
201500010832;0;7;0;0;2;8;1;B01
201500010832;0;7;0;0;2;2;1;A01
201500010833;0;31;0;0;2;1;0;B01
201500010833;0;7;0;0;2;7;1;A01
201500010834;0;37;1;0;1;1;0;A01
201500010835;0;15;0;0;9;2;0;A01
201500010835;0;2;0;0;2;4;1;B01
201500010835;0;10;0;0;2;6;1;C01
201500010836;0;32;0;0;2;7;17;B01
201500010836;0;7;0;0;2;8;15;A01
201500010837;0;7;0;0;2;2;16;A01
201500010837;0;30;0;0;2;1;2;B01
201500010838;0;10;0;0;2;2;7;B01
201500010838;0;7;0;0;2;3;15;A01
201500010839;0;7;0;0;2;7;1;A01
201500010839;0;7;0;0;2;3;2;B01
201500010840;0;7;0;0;2;3;15;A01
201500010840;0;33;0;0;2;1;1;B01
201500010841;0;7;0;1;0;3;17;A01
201500010842;0;34;0;0;2;3;1;B01
201500010842;0;33;0;0;2;1;13;A01
201500010843;0;7;0;0;2;8;15;A01
201500010843;0;31;0;0;2;1;1;B01
201500010844;0;7;0;0;2;3;15;A01
201500010844;0;31;0;0;2;1;1;B01
201500010845;0;10;0;0;2;1;1;A01
201500010845;0;10;0;0;2;4;1;B01
201500010845;0;10;0;0;2;0;0;C01
201500010846;1;10;0;0;2;0;0;A01
201500010846;0;7;0;0;2;6;2;B01
201500010847;0;7;0;0;2;1;1;A01
201500010847;0;7;0;0;2;2;15;B01
201500010848;0;34;0;0;2;1;1;A01
201500010848;0;2;0;0;2;0;1;B01
201500010849;0;7;0;0;2;3;15;B01
201500010849;0;2;0;0;2;1;17;A01
201500010850;0;33;0;0;0;0;19;A01
201500010850;0;2;0;0;0;0;1;B01
201500010851;0;34;0;0;2;7;2;A01
201500010851;1;7;0;0;2;0;2;Z01
201500010852;0;7;0;0;2;6;13;A01
201500010852;0;33;0;0;2;7;1;B01
201500010853;0;33;0;15;0;0;0;A01
201500010854;0;7;0;0;2;8;1;C01
201500010854;0;7;0;0;2;5;1;B01
201500010854;0;33;0;0;2;3;0;A01
201500010855;0;32;0;0;2;2;9;A01
201500010855;0;7;0;0;2;6;0;B01
201500010856;0;7;0;2;0;1;1;A01
201500010857;0;7;0;0;2;8;22;A01
201500010857;0;2;0;1;0;1;16;B01
201500010858;0;10;0;0;1;7;16;A01
201500010859;0;7;0;0;2;1;2;A01
201500010859;0;7;0;0;2;0;0;B01
201500010859;0;7;0;0;2;4;23;C01
201500010860;0;7;0;0;2;0;13;A01
201500010860;0;7;0;0;2;3;1;B01
201500010861;0;7;0;0;0;4;23;B01
201500010861;0;2;0;0;2;1;1;A01
201500010862;0;7;0;0;1;2;15;A01
201500010863;0;7;0;0;2;3;1;B01
201500010863;0;2;0;0;2;1;1;A01
201500010864;0;33;0;0;2;1;0;A01
201500010864;0;7;0;0;2;4;23;B01
201500010865;1;2;0;0;1;0;0;A01
201500010866;0;7;0;0;2;3;2;B01
201500010866;0;7;0;0;2;2;2;A01
201500010867;0;32;0;0;2;1;0;A01
201500010867;0;7;0;0;2;7;0;B01
201500010868;0;7;0;0;2;8;15;A01
201500010868;0;2;0;0;2;1;17;B01
201500010869;0;37;1;0;2;2;1;A01
201500010869;0;2;0;0;2;1;1;B01
201500010870;0;7;0;0;2;8;2;A01
201500010870;0;2;0;0;2;7;2;B01
201500010871;0;7;0;0;2;4;1;C01
201500010871;0;7;0;0;2;1;2;A01
201500010871;0;7;0;0;2;4;2;B01
201500010872;0;7;0;0;1;2;1;A01
201500010873;0;33;0;0;1;1;1;A01
201500010874;0;10;0;0;2;4;0;B01
201500010874;0;2;0;0;1;1;1;A01
201500010875;0;7;0;0;0;0;14;A01
201500010875;0;2;0;0;2;0;3;B01
201500010876;0;37;1;0;0;0;0;B01
201500010876;0;7;0;0;2;5;16;A01
201500010877;0;7;0;0;1;0;0;A01
201500010878;0;34;0;0;2;8;0;A01
201500010878;0;7;0;0;0;7;1;B01
201500010879;0;7;0;0;2;7;15;A01
201500010879;0;2;0;0;2;1;1;B01
201500010880;0;33;0;0;2;3;1;A01
201500010880;0;7;0;0;2;0;0;B01
201500010881;0;31;0;1;0;1;0;A01
201500010881;0;7;0;0;2;1;23;B01
201500010882;0;34;0;0;2;2;1;A01
201500010882;0;7;0;0;2;3;15;B01
201500010883;0;33;0;0;2;1;1;B01
201500010883;0;7;0;0;2;1;9;A01
201500010884;0;34;0;0;2;0;0;B01
201500010884;0;33;0;0;2;8;11;A01
201500010885;0;40;1;0;1;2;1;A01
201500010886;0;10;0;0;2;1;1;A01
201500010886;0;7;0;0;2;4;1;B01
201500010886;0;7;0;0;2;4;1;C01
201500010887;0;7;0;0;2;0;1;A01
201500010887;0;32;0;0;2;0;1;B01
201500010888;0;7;0;1;1;2;1;A01
201500010889;0;1;0;0;2;1;0;B01
201500010889;0;7;0;0;9;4;4;A01
201500010890;0;32;0;0;0;8;1;A01
201500010891;0;37;1;0;1;7;16;A01
201500010892;0;30;0;0;6;1;1;A01
201500010893;0;31;0;1;2;1;1;B01
201500010893;0;7;0;0;2;3;15;A01
201500010894;0;7;0;0;2;3;1;B01
201500010894;0;7;0;0;2;2;1;A01
201500010895;0;2;0;0;2;8;1;B01
201500010895;0;7;0;0;2;1;15;A01
201500010896;0;32;0;0;2;0;0;B01
201500010896;0;7;0;0;2;0;15;A01
201500010897;0;7;0;0;2;6;23;W01
201500010897;0;31;0;0;2;7;19;A01
201500010897;0;31;0;0;2;3;1;B01
201500010898;0;33;0;0;1;1;1;A01
201500010899;0;7;0;0;1;1;1;A01
201500010900;0;30;0;0;2;7;1;B01
201500010900;1;7;0;0;2;1;1;A01
201500010901;0;7;0;0;2;1;1;B01
201500010901;0;7;0;0;2;1;0;A01
201500010902;0;33;0;1;2;2;0;A01
201500010902;0;7;0;0;2;7;2;B01
201500010903;0;33;0;0;1;3;1;A01
201500010904;0;33;0;0;2;0;0;A01
201500010904;0;7;0;0;2;0;0;B01
201500010905;0;38;1;0;1;2;1;A01
201500010906;0;30;0;0;2;3;0;B01
201500010906;0;7;0;0;2;2;15;A01
201500010907;0;10;0;1;2;0;0;A01
201500010907;0;7;0;1;2;3;0;B01
201500010908;0;7;0;0;2;4;1;B01
201500010908;0;33;0;0;2;1;2;A01
201500010909;0;7;0;1;0;2;1;A01
201500010910;0;32;0;0;2;0;1;B01
201500010910;0;10;0;0;2;2;9;A01
201500010911;0;7;0;0;2;2;15;A01
201500010911;0;32;0;0;2;8;1;B01
201500010912;0;7;0;0;1;1;0;B01
201500010912;0;2;0;0;1;1;19;A01
201500010913;0;7;0;0;2;1;2;A01
201500010913;0;33;0;0;2;4;2;B01
201500010914;0;99;0;0;2;3;15;A01
201500010914;0;33;0;0;2;1;17;B01
201500010915;0;33;0;0;2;1;1;B01
201500010915;0;7;0;0;2;1;15;A01
201500010916;0;7;0;0;1;0;0;A01
201500010917;0;7;0;3;0;1;1;A01
201500010918;0;7;0;0;1;2;15;A01
201500010919;0;2;0;1;0;1;1;A01
201500010920;0;7;0;0;2;3;13;A01
201500010920;0;7;0;0;2;2;23;B01
201500010921;0;7;0;0;2;1;1;A01
201500010921;0;1;0;0;2;8;19;B01
201500010922;0;30;0;0;2;1;17;B01
201500010922;0;7;0;0;2;3;15;A01
201500010923;0;10;0;0;2;2;2;A01
201500010923;0;33;0;0;2;4;1;B01
201500010924;0;7;0;0;0;6;1;B01
201500010924;0;2;0;0;2;0;13;A01
201500010925;0;7;0;0;2;8;1;A01
201500010925;0;7;0;0;2;1;15;B01
201500010926;0;31;0;0;2;1;1;A01
201500010926;0;7;0;0;2;3;15;B01
201500010927;0;7;0;0;2;3;1;B01
201500010927;0;2;0;0;2;3;1;A01
201500010928;0;33;0;0;2;0;18;A01
201500010928;0;7;0;0;2;7;0;B01
201500010929;0;7;0;1;0;1;1;A01
201500010929;0;7;0;0;2;4;23;W01
201500010930;0;30;0;0;1;1;1;A01
201500010931;0;7;0;0;2;1;1;A01
201500010931;0;2;0;0;2;5;1;B01
201500010932;0;33;0;0;2;1;1;A01
201500010932;0;31;0;0;2;4;23;B01
201500010933;0;7;0;0;2;1;2;A01
201500010933;0;7;0;0;2;4;1;B01
201500010934;0;7;0;0;2;1;0;A01
201500010934;0;7;0;0;2;3;0;B01
201500010935;0;7;0;0;2;1;2;A01
201500010935;0;7;0;0;2;4;1;B01
201500010936;0;7;0;1;0;0;1;A01
201500010937;0;31;0;0;2;1;14;A01
201500010937;0;7;0;0;2;3;1;B01
201500010938;0;33;0;0;2;4;1;B01
201500010938;0;7;0;0;2;3;2;A01
201500010939;0;7;0;0;2;8;23;B01
201500010939;0;7;0;0;2;8;14;A01
201500010940;0;7;0;0;2;6;23;B01
201500010940;0;30;0;0;2;1;2;A01
201500010941;0;7;0;0;2;4;1;B01
201500010941;0;30;0;0;2;1;2;A01
201500010942;0;7;0;1;0;0;1;A01
201500010943;0;30;0;0;2;1;1;B01
201500010943;0;7;0;1;2;3;17;A01
201500010944;0;30;0;0;2;1;15;B01
201500010944;0;7;0;0;2;1;1;A01
201500010945;0;13;0;0;1;1;1;A01
201500010946;0;10;0;0;2;8;9;A01
201500010946;0;33;0;0;2;8;1;B01
201500010947;0;30;0;0;1;1;1;A01
201500010948;0;7;0;0;1;2;1;A01
201500010949;0;32;0;0;2;1;1;B01
201500010949;0;10;0;0;2;1;5;A01
201500010950;2;7;0;0;2;1;1;A01
201500010950;0;7;0;0;2;3;1;B01
201500010951;0;33;0;1;2;1;1;B01
201500010951;0;1;0;0;2;0;1;A01
201500010952;0;31;0;1;0;1;1;A01
201500010953;1;7;0;0;2;1;1;A01
201500010953;0;2;0;0;2;4;1;B01
201500010954;0;10;0;0;2;3;19;A01
201500010954;0;33;0;0;2;1;17;B01
201500010955;0;30;0;0;2;1;2;A01
201500010955;0;37;1;0;2;4;23;B01
201500010956;0;10;0;1;2;5;1;A01
201500010956;0;7;0;0;2;1;1;B01
201500010957;0;33;0;0;2;2;1;B01
201500010957;0;7;0;0;2;6;15;A01
201500010958;0;99;0;0;2;5;1;B01
201500010958;0;31;0;0;2;3;13;A01
201500010959;0;7;0;0;2;1;1;A01
201500010959;0;7;0;0;2;1;1;B01
201500010960;0;38;1;1;0;0;13;A01
201500010960;0;34;0;0;2;0;1;B01
201500010961;0;7;0;6;1;4;23;A01
201500010961;0;7;0;0;2;1;23;B01
201500010962;0;10;0;0;2;2;15;A01
201500010962;0;33;0;0;2;1;1;B01
201500010963;0;7;0;0;1;3;1;A01
201500010964;0;7;0;0;2;3;15;A01
201500010964;0;33;0;0;2;1;17;B01
201500010965;0;30;0;0;2;1;2;A01
201500010965;0;7;0;0;2;7;16;B01
201500010966;0;7;0;0;2;1;2;A01
201500010966;0;32;0;0;2;4;2;B01
201500010967;0;2;0;0;1;1;1;A01
201500010968;0;10;0;0;2;1;1;A01
201500010968;0;7;0;0;2;1;1;B01
201500010969;1;7;0;0;2;0;1;Z01
201500010969;0;2;0;1;2;0;1;A01
201500010970;0;7;0;0;2;2;15;A01
201500010970;0;30;0;0;2;8;1;B01
201500010971;0;32;0;0;2;6;1;B01
201500010971;0;7;0;0;2;3;15;A01
201500010972;0;7;0;0;1;2;1;A01
201500010973;0;7;0;2;0;9;1;A01
201500010974;0;7;0;0;2;2;1;B01
201500010974;2;7;0;0;2;3;16;A01
201500010975;0;7;0;0;2;6;1;B01
201500010975;0;32;0;0;2;2;17;A01
201500010976;0;7;0;0;2;1;9;A01
201500010976;0;33;0;0;2;1;1;B01
201500010977;0;7;0;0;2;5;1;A01
201500010977;0;7;0;0;2;1;1;B01
201500010978;0;7;0;0;1;3;1;A01
201500010979;0;33;0;0;2;7;1;B01
201500010979;0;7;0;0;2;8;13;A01
201500010980;0;7;0;0;2;1;15;A01
201500010980;0;32;0;0;2;1;0;B01
201500010981;0;7;0;0;2;3;1;B01
201500010981;0;30;0;0;2;0;0;A01
201500010982;0;34;0;0;2;8;1;B01
201500010982;0;32;0;0;2;7;12;A01
201500010983;0;7;0;0;1;1;1;A01
201500010984;0;7;0;1;0;3;0;A01
201500010985;0;31;0;0;2;3;1;B01
201500010985;1;7;0;0;2;0;15;Z01
201500010986;0;33;0;0;2;8;16;B01
201500010986;0;7;0;0;2;2;16;A01
201500010987;0;7;0;3;0;1;1;A01
201500010988;0;7;0;0;2;1;0;A01
201500010988;0;34;0;0;2;3;0;B01
201500010989;0;7;0;0;2;7;1;B01
201500010989;0;7;0;0;2;8;0;A01
201500010990;0;2;0;0;2;1;0;B01
201500010990;0;7;0;0;2;3;0;A01
201500010991;1;7;0;0;2;0;0;Z01
201500010991;0;7;0;0;2;1;0;B01
201500010992;0;32;0;0;1;1;1;A01
201500010993;0;7;0;0;2;4;15;A01
201500010993;0;33;0;0;2;4;0;B01
201500010994;0;7;0;0;2;1;2;A01
201500010994;0;7;0;0;2;4;2;B01
201500010995;0;10;0;0;2;8;15;B01
201500010995;0;32;0;0;2;1;17;A01
201500010996;0;7;0;0;2;5;1;A01
201500010996;0;7;0;0;2;1;1;B01
201500010997;0;7;0;0;1;1;0;A01
201500010998;0;7;0;0;2;8;17;A01
201500010998;0;32;0;0;2;1;0;B01
201500010999;0;30;0;0;2;1;1;A01
201500010999;0;7;0;0;2;5;1;B01
201500011000;0;30;0;0;2;0;0;A01
201500011001;0;2;0;1;0;1;13;A01
201500011002;0;30;0;1;0;1;1;A01
201500011003;1;7;0;0;2;0;15;A01
201500011003;0;32;0;0;2;1;1;B01
201500011004;0;7;0;0;1;2;1;A01
201500011005;0;7;0;0;2;1;1;B01
201500011005;0;7;0;0;2;2;15;A01
201500011006;0;7;0;0;2;4;2;B01
201500011006;0;2;0;0;2;2;2;A01
201500011007;0;7;0;0;2;3;15;A01
201500011007;0;30;0;0;2;1;1;B01
201500011008;0;7;0;0;0;8;15;A01
201500011008;0;34;0;0;0;1;17;B01
201500011009;0;7;0;0;2;4;23;B01
201500011009;0;7;0;0;2;1;2;A01
201500011010;0;7;0;0;2;8;1;B01
201500011010;0;7;0;0;2;1;1;A01
201500011011;0;33;0;0;2;1;1;B01
201500011011;0;7;0;0;2;2;1;A01
201500011012;0;7;0;0;1;3;1;A01
201500011013;0;2;0;0;1;1;1;A01
201500011014;0;33;0;0;9;7;9;A01
201500011014;0;33;0;0;2;1;2;B01
201500011014;0;7;0;0;2;4;1;C01
201500011015;0;7;0;0;2;8;17;B01
201500011015;0;32;0;3;2;3;1;A01
201500011016;0;7;0;0;2;3;5;A01
201500011016;0;7;0;0;2;7;1;B01
201500011017;0;33;0;0;0;0;0;A01
201500011018;0;7;0;0;2;3;22;B01
201500011018;0;7;0;1;0;2;1;A01
201500011019;0;7;0;0;2;7;15;A01
201500011019;0;30;0;0;2;2;2;B01
201500011020;0;30;0;0;2;1;1;B01
201500011020;0;32;0;0;2;8;1;A01
201500011021;1;7;0;0;2;1;1;A01
201500011021;0;30;0;0;2;4;23;B01
201500011022;0;7;0;1;0;1;1;A01
201500011022;0;7;0;0;2;4;23;B01
201500011023;0;2;0;0;2;1;15;A01
201500011023;0;31;0;0;2;8;1;B01
201500011024;0;32;0;0;2;1;17;B01
201500011024;0;7;0;0;2;6;19;A01
201500011025;0;7;0;0;2;4;4;A01
201500011025;0;37;1;0;0;7;1;B01
201500011026;0;33;0;0;2;1;1;B01
201500011026;0;7;0;0;2;2;15;A01
201500011027;0;10;0;0;2;3;20;A01
201500011027;0;32;0;0;2;7;1;B01
201500011028;0;30;0;0;2;1;2;A01
201500011028;0;7;0;0;2;5;1;B01
201500011029;0;2;0;0;2;7;15;A01
201500011029;0;30;0;0;2;1;1;B01
201500011030;0;34;0;0;2;8;1;B01
201500011030;0;7;0;0;2;1;1;A01
201500011031;0;7;0;0;2;1;19;A01
201500011031;0;7;0;0;2;3;1;B01
201500011032;0;7;0;0;0;0;1;A01
201500011032;0;33;0;0;2;4;0;B01
201500011033;0;10;0;0;2;8;0;A01
201500011033;0;32;0;0;2;1;0;B01
201500011034;0;7;0;0;2;8;23;B01
201500011034;0;1;0;14;2;1;21;A01
201500011035;0;7;0;0;2;1;1;A01
201500011035;0;7;0;0;2;4;1;B01
201500011036;0;40;1;0;1;2;1;A01
201500011037;0;10;0;0;1;3;15;A01
201500011038;0;31;0;0;2;1;1;B01
201500011038;0;7;0;0;2;3;15;A01
201500011039;0;7;0;0;2;1;2;A01
201500011039;0;10;0;0;2;4;1;B01
201500011040;0;7;0;0;2;5;15;A01
201500011040;0;33;0;0;2;1;21;B01
201500011041;0;7;0;0;2;8;15;A01
201500011041;0;2;0;0;2;1;1;B01
201500011042;0;7;0;0;2;1;2;A01
201500011042;0;7;0;0;2;4;0;B01
201500011043;0;7;0;7;2;2;1;A01
201500011043;0;7;0;0;2;3;1;B01
201500011044;0;7;0;0;2;2;23;B01
201500011044;0;2;0;0;9;1;1;A01
201500011045;0;7;0;0;1;3;9;A01
201500011046;0;10;0;0;2;2;2;A01
201500011046;0;7;0;0;2;6;20;B01
201500011047;0;7;0;0;2;6;11;B01
201500011047;0;31;0;0;2;2;1;A01
201500011048;0;7;0;0;2;3;15;A01
201500011048;0;33;0;0;2;1;17;B01
201500011049;0;32;0;15;0;7;1;A01
201500011050;0;33;0;0;2;1;0;B01
201500011050;0;30;0;0;0;7;14;A01
201500011051;0;7;0;0;1;1;1;A01
201500011052;0;31;0;0;2;1;1;B01
201500011052;0;7;0;0;2;2;1;A01
201500011053;0;7;0;0;2;1;15;A01
201500011053;0;33;0;0;2;1;1;B01
201500011054;2;30;0;0;2;5;19;A01
201500011054;2;34;0;0;2;1;1;B01
201500011055;0;7;0;0;2;1;1;A01
201500011055;0;7;0;0;2;4;1;B01
201500011056;0;30;0;0;1;4;2;A01
201500011057;0;7;0;0;1;0;16;A01
201500011058;0;32;0;0;2;3;3;A01
201500011058;0;7;0;0;2;5;1;B01
201500011059;0;7;0;0;2;1;1;B01
201500011059;0;7;0;0;2;2;15;A01
201500011060;0;33;0;0;2;0;0;B01
201500011060;0;7;0;0;2;2;15;A01
201500011061;0;7;0;0;2;1;1;A01
201500011061;0;7;0;0;2;1;15;B01
201500011062;0;7;0;0;1;3;1;A01
201500011062;0;7;0;0;1;1;23;B01
201500011063;0;32;0;0;2;2;15;B01
201500011063;0;10;0;0;2;1;1;A01
201500011064;0;34;0;0;2;1;17;A01
201500011064;0;10;0;0;2;1;0;B01
201500011065;0;2;0;1;2;7;1;A01
201500011065;0;33;0;0;2;1;1;B01
201500011066;0;7;0;0;2;5;23;B01
201500011066;0;32;0;0;2;3;2;A01
201500011067;0;7;0;0;2;2;9;A01
201500011067;0;7;0;0;2;3;1;B01
201500011068;0;10;0;1;0;2;1;A01
201500011069;0;1;0;0;2;1;1;B01
201500011069;0;7;0;0;2;5;16;A01
201500011070;0;2;0;0;2;1;1;B01
201500011070;0;7;0;0;2;8;13;A01
201500011071;0;33;0;0;2;7;17;B01
201500011071;0;7;0;0;2;3;15;A01
201500011072;0;31;0;0;2;1;1;B01
201500011072;0;14;0;0;2;7;16;A01
201500011073;0;7;0;0;9;0;1;A01
201500011073;0;1;0;15;2;4;19;B01
201500011074;0;33;0;1;2;2;17;A01
201500011074;0;99;0;0;2;3;15;B01
201500011075;0;40;1;0;1;1;1;A01
201500011076;0;7;0;0;2;3;15;A01
201500011076;0;2;0;0;2;2;1;B01
201500011077;2;1;0;0;1;1;1;A01
201500011078;0;7;0;0;1;3;1;A01
201500011079;0;7;0;0;2;1;1;B01
201500011079;0;7;0;0;2;1;13;A01
201500011080;0;7;0;0;2;4;2;B01
201500011080;0;7;0;0;2;4;2;C01
201500011080;0;7;0;0;2;1;2;A01
201500011081;0;7;0;0;1;1;1;A01
201500011082;0;7;0;0;2;3;1;A01
201500011082;0;32;0;0;2;1;1;B01
201500011083;0;7;0;0;2;4;1;C01
201500011083;0;7;0;0;2;4;1;B01
201500011083;0;7;0;0;2;1;1;A01
201500011083;0;7;0;0;2;4;1;D01
201500011084;0;2;0;0;0;8;1;A01
201500011085;0;7;0;0;1;3;1;A01
201500011086;0;7;0;0;2;1;1;A01
201500011086;0;33;0;0;2;3;1;B01
201500011087;0;7;0;0;2;1;13;A01
201500011087;0;7;0;0;2;3;1;B01
201500011088;0;40;1;0;1;1;1;A01
201500011089;0;7;0;1;0;6;1;A01
201500011089;0;7;0;8;2;1;23;B01
201500011090;0;7;0;0;2;1;2;A01
201500011090;0;7;0;0;2;4;23;B01
201500011091;0;32;0;12;0;1;1;A01
201500011092;0;7;0;0;2;3;17;A01
201500011092;0;2;0;0;2;7;17;B01
201500011092;0;7;0;0;0;0;0;C01
201500011092;0;7;0;0;2;0;0;D01
201500011093;0;37;1;0;2;6;2;C01
201500011093;0;7;0;1;2;2;2;A01
201500011093;0;7;0;0;2;0;0;B01
201500011094;0;7;0;0;2;3;15;B01
201500011094;0;30;0;0;2;1;1;A01
201500011095;0;7;0;0;1;3;15;A01
201500011096;0;7;0;0;1;1;1;A01
201500011097;0;7;0;0;2;2;19;A01
201500011097;0;2;0;0;2;1;1;B01
201500011098;0;7;0;0;2;3;11;A01
201500011098;0;33;0;0;2;7;1;B01
201500011099;0;32;0;0;0;8;1;B01
201500011099;0;33;0;0;2;0;1;A01
201500011100;0;31;0;0;2;7;0;B01
201500011100;0;7;0;0;2;3;15;A01
201500011101;0;33;0;3;0;1;17;A01
201500011102;0;7;0;0;2;3;15;A01
201500011102;0;33;0;0;2;1;1;B01
201500011103;0;32;0;0;2;1;1;B01
201500011103;0;10;0;0;2;3;15;A01
201500011104;0;2;0;0;1;1;1;A01
201500011105;0;30;0;0;2;1;1;B01
201500011105;0;7;0;0;2;3;1;A01
201500011106;0;32;0;0;2;1;1;A01
201500011106;0;1;0;0;2;7;1;B01
201500011107;0;7;0;0;2;3;2;A01
201500011107;0;7;0;0;2;5;2;B01
201500011108;0;34;0;0;2;1;0;B01
201500011108;0;7;0;0;2;2;16;A01
201500011109;0;33;0;0;2;1;12;A01
201500011109;0;7;0;0;2;6;23;B01
201500011110;0;7;0;0;2;0;0;B01
201500011110;0;33;0;0;2;3;1;A01
201500011110;0;7;0;0;2;7;0;C01
201500011111;0;7;0;0;2;2;5;A01
201500011111;0;7;0;0;2;2;1;B01
201500011112;0;2;0;0;1;2;1;A01
201500011113;0;33;0;1;0;1;2;A01
201500011114;0;7;0;0;2;0;0;A01
201500011114;0;1;0;0;2;0;1;B01
201500011115;0;30;0;0;2;1;16;A01
201500011115;0;30;0;0;2;1;1;B01
201500011116;0;30;0;0;2;0;0;A01
201500011116;0;7;0;0;2;0;0;B01
201500011117;0;32;0;7;0;1;1;A01
201500011118;0;7;0;0;2;1;2;A01
201500011118;0;7;0;0;2;4;2;B01
201500011118;0;7;0;0;2;4;2;C01
201500011119;0;7;0;15;0;1;15;A01
201500011120;0;7;0;6;0;1;13;A01
201500011121;0;2;0;0;2;1;1;B01
201500011121;0;7;0;0;2;3;9;A01
201500011122;0;1;0;0;1;1;1;A01
201500011123;0;7;0;0;1;1;15;A01
201500011124;0;7;0;0;1;4;20;A01
201500011125;0;7;0;0;2;1;2;A01
201500011125;0;7;0;0;2;4;23;B01
201500011126;0;7;0;0;1;2;16;A01
201500011127;0;10;0;0;2;1;1;A01
201500011127;0;32;0;0;2;3;0;B01
201500011128;0;7;0;0;1;1;16;A01
201500011129;0;2;0;0;2;1;13;A01
201500011129;0;7;0;0;2;6;1;B01
201500011130;0;7;0;0;1;2;1;A01
201500011131;0;33;0;4;0;8;0;A01
201500011132;0;33;0;0;2;8;1;B01
201500011132;0;7;0;0;2;2;1;A01
201500011133;0;7;0;0;2;2;15;A01
201500011133;0;7;0;0;2;2;1;B01
201500011134;0;33;0;0;2;1;1;B01
201500011134;0;7;0;0;2;3;19;A01
201500011135;0;7;0;0;2;1;0;A01
201500011135;0;34;0;0;2;0;1;B01
201500011136;0;7;0;0;2;1;2;A01
201500011136;0;7;0;0;2;4;2;B01
201500011136;0;7;0;0;2;4;2;C01
201500011136;0;7;0;0;2;4;23;D01
201500011137;0;2;0;0;2;3;7;A01
201500011137;0;2;0;0;2;2;16;B01
201500011138;0;2;0;0;2;1;2;A01
201500011138;0;7;0;0;2;4;15;B01
201500011139;0;33;0;0;2;1;1;B01
201500011139;0;7;0;0;2;6;11;A01
201500011140;0;7;0;0;1;5;4;A01
201500011141;0;33;0;1;2;1;21;A01
201500011141;0;10;0;0;2;6;0;B01
201500011141;0;10;0;0;2;1;15;C01
201500011142;0;7;0;0;1;1;1;A01
201500011143;0;7;0;0;2;1;15;A01
201500011143;0;2;0;0;2;1;1;B01
201500011144;0;7;0;0;2;7;17;A01
201500011144;0;7;0;0;2;3;11;B01