num_acc;senc;catv;occutc;obs;obsm;choc;manv;num_veh
201500011144;0;30;0;0;2;4;0;C01
201500011145;0;7;0;0;2;5;1;B01
201500011145;0;7;0;1;2;2;1;A01
201500011146;0;30;0;1;2;2;1;B01
201500011146;0;7;0;0;2;3;22;A01
201500011146;0;7;0;0;2;2;1;C01
201500011147;0;7;0;0;9;6;1;C01
201500011147;0;34;0;0;2;1;1;B01
201500011147;0;7;0;0;2;7;15;A01
201500011148;0;7;0;0;1;3;0;A01
201500011149;0;7;0;0;2;4;2;B01
201500011149;0;33;0;0;2;1;1;A01
201500011150;0;10;0;0;2;4;2;B01
201500011150;0;7;0;0;2;1;2;A01
201500011151;0;7;0;0;1;2;1;A01
201500011152;0;7;0;1;0;9;1;A01
201500011153;0;7;0;0;2;1;2;A01
201500011153;0;10;0;0;2;4;1;B01
201500011154;0;2;0;1;2;7;17;B01
201500011154;0;7;0;0;2;8;15;A01
201500011155;0;7;0;0;2;1;1;A01
201500011155;0;7;0;0;2;4;1;B01
201500011156;0;7;0;0;2;3;12;A01
201500011156;0;7;0;0;2;4;2;C01
201500011156;0;10;0;0;2;6;2;D01
201500011156;0;7;0;0;2;5;1;B01
201500011157;0;32;0;0;2;1;1;B01
201500011157;0;1;0;0;2;0;0;A01
201500011158;0;2;0;0;2;1;13;A01
201500011158;0;7;0;0;2;1;1;B01
201500011159;2;7;0;0;2;8;4;A01
201500011159;0;2;0;0;2;1;1;B01
201500011160;0;7;0;0;2;2;1;A01
201500011160;0;30;0;0;2;3;1;B01
201500011161;0;32;0;0;2;1;1;B01
201500011161;0;7;0;0;2;3;1;A01
201500011162;0;30;0;0;2;1;1;B01
201500011162;0;7;0;0;2;3;10;A01
201500011163;0;10;0;0;1;6;1;A01
201500011164;0;7;0;0;1;2;16;A01
201500011165;0;7;0;0;2;3;9;A01
201500011165;0;10;0;0;2;1;1;B01
201500011166;0;7;0;0;2;6;13;B01
201500011166;0;34;0;0;2;1;17;A01
201500011167;0;1;0;0;2;1;1;B01
201500011167;0;7;0;0;2;3;15;A01
201500011168;0;32;0;0;2;3;0;A01
201500011168;0;10;0;0;2;7;1;B01
201500011169;0;2;0;0;2;1;2;A01
201500011169;0;7;0;0;2;0;0;B01
201500011170;0;33;0;0;2;3;1;B01
201500011170;0;7;0;0;2;3;15;A01
201500011171;0;7;0;0;2;1;0;A01
201500011171;0;7;0;0;2;1;1;B01
201500011172;0;7;0;0;2;2;3;A01
201500011172;0;33;0;0;2;4;1;B01
201500011173;0;1;0;0;2;1;1;B01
201500011173;0;7;0;0;2;3;20;A01
201500011174;0;7;0;0;2;3;5;A01
201500011174;0;7;0;0;2;2;1;B01
201500011175;0;3;0;0;2;1;2;A01
201500011175;0;33;0;0;2;4;2;B01
201500011176;0;7;0;1;0;1;17;B01
201500011177;0;7;0;0;2;7;10;A01
201500011177;0;33;0;0;2;1;1;B01
201500011178;0;7;0;0;2;4;23;B01
201500011178;0;7;0;0;2;1;2;A01
201500011179;0;7;0;0;2;1;2;A01
201500011179;0;7;0;0;2;4;2;B01
201500011179;0;7;0;0;2;4;0;C01
201500011179;0;7;0;0;2;4;1;D01
201500011180;0;7;0;0;1;0;0;A01
201500011181;0;7;0;6;0;1;2;A01
201500011182;0;7;0;1;0;0;1;A01
201500011183;0;30;0;1;1;1;1;A01
201500011184;0;7;0;0;1;1;15;A01
201500011185;0;1;0;0;2;1;19;A01
201500011185;0;7;0;0;2;2;1;B01
201500011186;0;2;0;0;2;1;1;B01
201500011186;0;7;0;0;2;3;0;A01
201500011187;0;31;0;0;2;3;1;B01
201500011187;0;7;0;0;2;2;15;A01
201500011188;0;7;0;0;1;1;15;A01
201500011189;0;31;0;0;2;1;0;A01
201500011189;0;7;0;0;2;8;0;B01
201500011190;0;7;0;0;1;1;15;A01
201500011191;0;30;0;0;1;0;0;A01
201500011192;0;31;0;0;1;1;1;A01
201500011193;0;1;0;0;2;1;1;A01
201500011193;0;1;0;0;2;1;1;B01
201500011194;2;7;0;0;2;2;18;A01
201500011194;0;7;0;0;2;7;1;B01
201500011194;0;1;0;0;2;1;0;C01
201500011195;0;7;0;0;2;2;15;A01
201500011195;0;2;0;0;2;1;1;B01
201500011196;0;31;0;0;2;1;1;A01
201500011196;0;7;0;0;2;7;1;B01
201500011197;0;7;0;0;2;3;15;B01
201500011197;0;32;0;0;2;7;0;A01
201500011198;0;7;0;0;2;2;1;B01
201500011198;0;7;0;0;1;8;1;A01
201500011199;0;7;0;0;2;1;2;A01
201500011199;0;7;0;0;2;4;23;B01
201500011200;0;7;0;0;2;3;15;B01
201500011200;0;31;0;0;2;1;5;A01
201500011201;0;7;0;0;2;3;17;A01
201500011201;0;7;0;0;2;3;2;B01
201500011201;0;7;0;0;2;8;1;C01
201500011201;0;7;0;0;2;3;1;D01
201500011202;0;33;0;0;2;1;1;B01
201500011202;0;7;0;0;2;3;17;A01
201500011203;0;7;0;0;2;2;1;B01
201500011203;0;34;0;0;2;7;3;A01
201500011204;0;10;0;0;2;4;1;B01
201500011204;0;7;0;0;2;1;2;A01
201500011205;0;7;0;0;2;4;2;B01
201500011205;0;7;0;0;2;4;2;C01
201500011205;0;7;0;0;2;3;2;A01
201500011206;0;7;0;0;2;4;2;B01
201500011206;0;7;0;0;2;1;1;A01
201500011207;0;7;0;0;2;8;0;A01
201500011207;0;7;0;0;2;3;0;B01
201500011208;0;10;0;0;2;1;2;A01
201500011208;0;32;0;0;2;4;2;B01
201500011209;0;33;0;0;1;1;1;A01
201500011210;0;7;0;2;0;3;1;A01
201500011211;0;30;0;0;2;1;1;B01
201500011211;0;7;0;8;2;2;15;A01
201500011212;0;2;0;0;2;1;5;A01
201500011212;0;37;1;0;2;3;1;B01
201500011213;0;7;0;1;0;1;1;A01
201500011214;0;7;0;0;2;7;1;A01
201500011214;0;30;0;0;2;1;1;B01
201500011215;0;7;0;0;2;4;23;B01
201500011215;0;30;0;0;2;1;2;A01
201500011216;0;1;0;1;0;1;0;B01
201500011216;0;7;0;0;2;3;24;A01
201500011217;0;7;0;0;2;1;1;A01
201500011217;0;30;0;0;2;3;15;B01
201500011218;0;2;0;0;2;3;1;A01
201500011218;0;10;0;0;2;1;1;B01
201500011219;0;7;0;0;2;3;15;A01
201500011219;0;33;0;0;2;1;1;B01
201500011220;0;7;0;0;2;8;0;B01
201500011220;0;32;0;0;2;1;0;A01
201500011221;0;2;0;0;2;1;1;A01
201500011221;0;7;0;0;2;4;2;B01
201500011222;0;7;0;0;2;1;0;A01
201500011222;0;7;0;1;2;7;0;B01
201500011223;0;7;0;0;2;3;15;A01
201500011223;0;34;0;0;2;1;2;B01
201500011224;1;7;0;0;2;3;3;A01
201500011224;0;7;0;1;2;3;1;B01
201500011224;0;7;0;0;2;8;0;C01
201500011224;0;7;0;0;2;6;2;D01
201500011225;0;10;0;0;2;1;2;A01
201500011225;0;3;0;5;2;4;1;B01
201500011226;0;15;0;0;2;1;2;B02
201500011226;0;15;0;0;2;4;2;A01
201500011227;0;7;0;0;1;4;20;A01
201500011228;0;10;0;0;2;2;15;A01
201500011228;0;33;0;0;2;1;1;B02
201500011229;0;7;0;16;0;1;1;A01
201500011230;0;33;0;0;2;1;1;B02
201500011230;0;7;0;0;2;1;15;A01
201500011231;0;7;0;0;2;1;1;A01
201500011231;0;7;0;0;2;1;1;B01
201500011232;0;7;0;0;0;0;0;A01
201500011233;0;7;0;2;0;2;2;A01
201500011234;0;10;0;0;2;6;15;A01
201500011234;0;33;0;0;2;1;17;B02
201500011235;0;7;0;0;0;1;1;A01
201500011235;0;7;0;0;0;7;15;B02
201500011236;0;7;0;0;1;1;1;A01
201500011237;0;7;0;0;2;2;1;B02
201500011237;0;7;0;0;2;1;21;C03
201500011237;0;7;0;0;2;1;13;A01
201500011238;0;2;0;5;0;7;1;A01
201500011239;0;7;0;8;0;7;1;A01
201500011240;0;1;0;0;9;1;2;A01
201500011240;0;1;0;0;0;4;2;B02
201500011241;0;7;0;0;2;3;1;B02
201500011241;0;7;0;0;2;3;1;A01
201500011242;0;7;0;13;0;9;1;A01
201500011243;0;7;0;0;0;6;1;C03
201500011243;0;7;0;0;2;1;1;B02
201500011243;0;7;0;0;2;1;13;A01
201500011244;0;31;0;0;2;8;9;B02
201500011244;0;15;0;0;2;1;1;A01
201500011245;0;33;0;0;2;1;17;A01
201500011245;0;7;0;0;2;3;1;B02
201500011246;0;7;0;0;1;4;4;A01
201500011247;0;7;0;0;2;1;1;B02
201500011247;0;7;0;0;2;1;5;A01
201500011248;0;7;0;0;2;3;1;A01
201500011248;0;7;0;0;2;3;1;B02
201500011249;0;7;0;2;0;1;21;A01
201500011250;0;7;0;0;2;3;0;B02
201500011250;0;7;0;0;2;1;0;A01
201500011251;0;7;0;0;0;8;17;A01
201500011251;0;7;0;0;0;1;1;B02
201500011252;0;7;0;0;2;1;1;B02
201500011252;0;7;0;0;2;3;19;A01
201500011253;0;2;0;0;2;4;1;B02
201500011253;0;7;0;0;2;3;1;A01
201500011254;0;7;0;2;0;1;13;A01
201500011255;0;7;0;0;1;1;1;A01
201500011256;0;7;0;8;0;3;1;A01
201500011257;0;33;0;0;2;1;2;B01
201500011257;0;7;0;0;2;3;10;A01
201500011258;0;7;0;0;2;0;0;B01
201500011258;0;2;0;0;2;0;0;A01
201500011259;0;31;0;0;0;2;2;A01
201500011260;0;33;0;0;2;3;21;A01
201500011261;0;7;0;0;2;3;1;A01
201500011261;0;7;0;0;2;3;1;B01
201500011262;1;7;0;0;2;0;0;A01
201500011262;0;30;0;0;2;0;0;B01
201500011263;1;2;0;4;2;1;1;A01
201500011264;0;33;0;15;0;1;0;A01
201500011265;0;7;0;0;2;6;15;B01
201500011265;0;33;0;0;2;3;2;A01
201500011266;0;7;0;0;2;3;19;A01
201500011266;0;33;0;0;2;1;1;B01
201500011267;0;7;0;0;2;3;15;B01
201500011267;0;33;0;0;2;1;3;A01
201500011268;0;7;0;0;0;4;15;A01
201500011268;1;7;0;0;2;0;1;B01
201500011269;0;7;0;0;2;8;1;A01
201500011269;0;7;0;0;2;1;1;B01
201500011270;0;33;0;0;0;0;0;A01
201500011271;0;7;0;0;2;1;1;A01
201500011271;0;2;0;0;2;1;15;B01
201500011272;0;7;0;0;2;1;2;A01
201500011272;0;7;0;0;2;4;2;B01
201500011273;0;7;0;0;2;8;1;B01
201500011273;0;7;0;0;2;3;1;A01
201500011274;0;7;0;0;0;0;0;A01
201500011275;0;13;0;0;1;1;1;A01
201500011276;0;7;0;13;0;2;2;A01
201500011277;0;37;0;0;1;5;15;A01
201500011278;0;7;0;0;0;2;15;A01
201500011278;0;1;0;0;0;1;1;B01
201500011279;0;10;0;0;2;1;13;A01
201500011279;0;7;0;0;2;1;0;B01
201500011280;0;7;0;6;0;1;14;A01
201500011281;0;33;0;16;0;1;1;A01
201500011282;0;7;0;0;1;1;2;A01
201500011282;0;7;0;0;1;1;2;B01
201500011283;0;7;0;0;1;3;9;A01
201500011284;0;33;0;13;0;1;1;A01
201500011285;0;7;0;0;1;1;1;A01
201500011286;0;7;0;0;2;9;2;B01
201500011286;0;7;0;0;2;4;2;C01
201500011286;0;7;0;0;2;1;2;A01
201500011287;0;7;0;0;2;2;0;A01
201500011287;0;7;0;0;2;3;0;B01
201500011288;0;7;0;2;0;0;1;A01
201500011289;0;7;0;0;1;0;15;A01
201500011290;0;7;0;0;9;7;15;A01
201500011290;0;1;0;0;2;1;21;B01
201500011291;0;7;0;0;1;2;1;A01
201500011292;0;7;0;0;2;7;1;B01
201500011292;0;7;0;0;2;1;9;A01
201500011293;0;1;0;0;0;0;0;A01
201500011294;0;7;0;11;0;1;2;A01
201500011295;0;33;0;0;0;0;0;A01
201500011296;0;7;0;0;0;0;0;B01
201500011296;0;7;0;0;0;0;0;A01
201500011297;0;7;0;0;2;3;15;B01
201500011297;0;30;0;0;2;1;13;A01
201500011298;0;7;0;0;1;1;1;A01
201500011299;0;7;0;0;2;1;2;B01
201500011299;0;7;0;0;2;4;2;A01
201500011300;0;7;0;0;2;3;0;A01
201500011300;0;1;0;0;2;0;1;B01
201500011301;0;7;0;2;0;1;19;A01
201500011302;0;7;0;0;2;3;13;A01
201500011302;0;7;0;0;2;3;1;B02
201500011303;0;7;0;0;2;3;21;B02
201500011303;0;7;0;0;2;3;13;A01
201500011304;0;30;0;0;2;3;2;B02
201500011304;0;7;0;0;2;2;9;A01
201500011305;0;7;0;0;2;2;1;B02
201500011305;0;7;0;0;2;3;10;A01
201500011306;0;33;0;7;0;1;14;A01
201500011307;0;33;0;0;2;1;17;A01
201500011307;0;7;0;0;2;2;0;B02
201500011308;0;7;0;0;2;1;1;A01
201500011308;0;7;0;0;2;3;15;B02
201500011309;0;33;0;0;2;1;1;B02
201500011309;0;10;0;0;2;8;1;A01
201500011310;0;33;0;9;0;1;1;A01
201500011311;0;7;0;0;2;0;1;C03
201500011311;0;7;0;0;0;1;1;B02
201500011311;0;7;0;16;0;0;1;D04
201500011311;0;7;0;0;2;1;5;A01
201500011312;0;7;0;3;0;8;1;A01
201500011313;0;7;0;0;1;3;1;A01
201500011314;0;33;0;0;0;0;0;A01
201500011315;0;7;0;0;1;0;0;A01
201500011316;0;30;0;0;0;1;1;A01
201500011317;0;7;0;10;0;2;2;A01
201500011318;0;7;0;0;2;0;2;A01
201500011318;0;7;0;0;2;0;0;B01
201500011319;1;7;0;0;2;8;1;B01
201500011319;0;7;0;0;2;2;15;A01
201500011320;0;7;0;0;0;4;23;C01
201500011320;0;7;0;0;0;0;0;B01
201500011320;0;33;0;14;0;1;2;A01
201500011321;0;33;0;0;2;1;17;A01
201500011321;0;7;0;0;2;8;0;B01
201500011322;0;2;0;0;0;7;14;A01
201500011323;0;33;0;0;2;1;1;B01
201500011323;0;7;0;0;2;3;15;A01
201500011324;0;7;0;0;2;1;2;B01
201500011324;0;7;0;0;2;1;13;A01
201500011325;0;33;0;0;2;1;1;A01
201500011325;0;7;0;0;2;5;1;B01
201500011326;0;7;0;0;1;0;0;A01
201500011327;0;1;0;0;2;1;2;A01
201500011327;0;1;0;0;0;4;2;B01
201500011328;0;7;0;0;0;7;18;A01
201500011328;0;7;0;0;0;8;1;B01
201500011329;0;10;0;0;1;7;1;A01
201500011330;0;7;0;0;1;2;2;A01
201500011331;0;10;0;6;0;1;1;A01
201500011332;0;7;0;0;1;2;1;A01
201500011333;0;30;0;0;0;0;1;C01
201500011333;0;7;0;0;2;1;1;B01
201500011333;0;2;0;0;2;1;13;A01
201500011334;0;7;0;0;1;2;15;A01
201500011335;0;7;0;0;1;3;1;A01
201500011336;0;7;0;16;0;3;1;A01
201500011337;0;33;0;0;0;0;1;A01
201500011338;0;7;0;0;1;1;19;A01
201500011339;0;32;0;0;2;1;1;B02
201500011339;0;7;0;0;2;2;15;A01
201500011340;0;31;0;0;2;1;17;A01
201500011340;0;7;0;0;2;8;15;B02
201500011341;0;33;0;13;0;1;1;A01
201500011342;0;7;0;0;2;8;10;A01
201500011342;0;33;0;0;2;1;1;B02
201500011343;0;10;0;0;2;8;1;B02
201500011343;0;10;0;0;2;3;13;A01
201500011344;0;33;0;0;2;1;1;B02
201500011344;0;7;0;0;0;6;19;A01
201500011345;0;7;0;0;2;6;1;B02
201500011345;0;33;0;0;2;2;17;A01
201500011346;0;33;0;0;0;1;1;A01
201500011347;0;7;0;4;0;1;1;A01
201500011348;0;7;0;2;0;8;1;A01
201500011349;0;7;0;0;2;2;2;A01
201500011349;0;30;0;0;2;4;2;B02
201500011350;0;7;0;0;2;1;1;C03
201500011350;0;7;0;0;2;3;1;A01
201500011350;0;7;0;0;2;3;1;B02
201500011351;0;7;0;0;0;0;1;A01
201500011352;0;7;0;12;0;1;1;A01
201500011353;0;7;0;0;1;6;1;A01
201500011354;0;7;0;13;0;3;1;A01
201500011355;0;32;0;0;0;0;1;A01
201500011356;0;7;0;0;2;7;15;A01
201500011356;0;38;0;0;2;3;1;B02
201500011357;0;7;0;13;0;3;1;A01
201500011358;0;33;0;16;0;8;0;A01
201500011359;0;7;0;4;0;9;1;A01
201500011360;0;7;0;13;0;3;21;A01
201500011361;0;7;0;2;0;1;1;A01
201500011362;0;33;0;0;2;1;1;B02
201500011362;0;10;0;0;2;8;19;A01
201500011363;0;14;0;6;0;9;1;A01
201500011364;0;7;0;0;2;1;1;A01
201500011364;0;7;0;0;2;3;1;B02
201500011365;0;7;0;4;0;2;1;A01
201500011366;0;15;0;0;0;7;1;A01
201500011367;0;15;0;3;9;7;1;A01
201500011367;0;7;0;0;9;0;1;C03
201500011367;0;7;0;0;0;0;1;B02
201500011367;0;7;0;0;9;0;1;D04
201500011368;0;33;0;0;2;3;1;A01
201500011368;0;7;0;0;2;2;20;B02
201500011369;0;33;0;0;2;9;17;A01
201500011369;0;14;0;0;2;4;1;C03
201500011369;0;3;0;0;2;6;1;B02
201500011370;0;10;0;3;0;7;1;A01
201500011371;0;7;0;0;2;2;3;B02
201500011371;0;17;0;0;2;6;1;A01
201500011372;0;7;0;0;2;3;13;A01
201500011372;0;7;0;0;2;7;21;C03
201500011372;0;14;0;0;2;3;1;B02
201500011373;0;33;0;0;2;7;1;A01
201500011373;0;7;0;0;2;1;15;B02
201500011374;0;17;0;13;0;2;1;A01
201500011375;0;7;0;4;0;3;1;A01
201500011376;0;7;0;0;2;6;1;B02
201500011376;0;7;0;0;2;2;2;A01
201500011377;0;7;0;13;0;1;1;A01
201500011378;0;7;0;3;0;9;14;A01
201500011379;0;7;0;13;0;1;0;A01
201500011380;0;7;0;16;0;2;1;A01
201500011381;0;30;0;16;0;8;2;A01
201500011382;0;7;0;2;0;8;1;A01
201500011383;0;7;0;0;2;2;19;B02
201500011383;0;7;0;0;2;1;1;A01
201500011384;0;17;0;1;9;3;1;A01
201500011384;0;7;0;0;2;1;1;C03
201500011384;0;10;0;0;2;5;23;B02
201500011385;0;7;0;4;0;3;13;A01
201500011386;0;7;0;3;0;2;14;A01
201500011387;0;7;0;0;2;3;12;A01
201500011387;0;17;0;0;2;4;1;B02
201500011388;0;7;0;0;2;3;13;A01
201500011388;0;10;0;0;2;3;1;B02
201500011389;0;7;0;8;0;8;1;A01
201500011390;0;33;0;0;0;0;1;A01
201500011391;0;7;0;0;0;3;1;A01
201500011391;0;15;0;0;0;4;23;B02
201500011391;0;17;0;1;0;1;1;C03
201500011392;0;10;0;3;0;2;0;A01
201500011393;0;30;0;0;2;1;1;B02
201500011393;0;7;0;0;2;1;15;A01
201500011394;0;33;0;2;0;1;1;A01
201500011395;1;17;0;0;1;0;0;A01
201500011396;0;7;0;0;2;7;0;A01
201500011397;2;7;0;3;0;3;1;A01
201500011398;0;1;0;;2;8;1;B02
201500011398;0;10;0;;2;3;1;A01
201500011399;0;14;0;0;0;0;14;A01
201500011400;0;7;0;0;1;2;1;A01
201500011401;0;7;0;0;2;2;1;B02
201500011401;0;7;0;0;0;0;15;A01
201500011401;0;7;0;0;2;3;23;C03
201500011402;0;7;0;8;0;2;14;A01
201500011403;0;7;0;0;0;1;1;B02
201500011403;0;30;0;0;2;1;13;A01
201500011404;0;7;0;0;2;2;13;A01
201500011404;0;99;0;0;0;2;1;B02
201500011405;0;7;0;0;1;2;1;A01
201500011406;0;30;0;0;2;1;15;B02
201500011406;0;7;0;0;2;3;19;A01
201500011407;0;7;0;0;0;5;2;B02
201500011407;0;10;0;0;2;3;2;A01
201500011408;0;7;0;13;2;9;14;A01
201500011408;0;7;0;0;2;5;9;B02
201500011409;1;30;0;0;0;0;0;Z01
201500011409;0;1;0;0;0;0;0;B02
201500011410;0;33;0;0;2;1;2;A01
201500011410;0;7;0;0;0;4;2;C03
201500011410;0;7;0;0;2;4;2;B02
201500011411;0;7;0;0;2;1;9;A01
201500011411;0;30;0;0;2;2;1;B02
201500011412;0;7;0;0;0;4;15;A01
201500011412;0;33;0;0;2;1;13;B02
201500011413;0;33;0;0;2;1;2;A01
201500011413;0;7;0;0;0;6;2;B02
201500011413;0;33;0;0;2;1;21;C03
201500011413;0;7;0;0;2;1;1;D04
201500011414;0;30;0;0;0;0;1;B02
201500011414;0;10;0;0;0;0;15;A01
201500011415;0;7;0;0;2;7;1;B02
201500011415;0;30;0;0;2;3;19;A01
201500011416;0;7;0;0;1;0;1;A01
201500011417;0;7;0;0;0;5;1;A01
201500011417;0;30;0;0;2;1;19;B02
201500011418;0;7;0;0;2;5;1;B02
201500011418;0;7;0;8;2;3;9;A01
201500011419;0;7;0;16;0;9;1;A01
201500011420;0;7;0;0;2;3;1;B02
201500011420;0;30;0;0;2;1;5;A01
201500011421;0;7;0;0;2;3;1;B02
201500011421;0;7;0;5;2;3;13;A01
201500011422;0;7;0;0;2;4;2;B02
201500011422;0;30;0;1;2;1;2;A01
201500011423;0;7;0;2;0;1;18;A01
201500011424;0;7;0;0;1;3;1;A01
201500011425;0;7;0;0;2;5;20;A01
201500011425;0;1;0;0;2;1;1;B02
201500011426;0;33;0;0;6;1;1;A01
201500011427;0;30;0;0;0;2;11;A01
201500011427;0;7;0;0;0;3;1;B02
201500011428;0;7;0;11;0;1;0;A01
201500011429;0;7;0;13;0;2;17;A01
201500011430;0;7;0;3;0;1;1;A01
201500011431;0;7;0;2;0;9;14;A01
201500011432;0;7;0;15;0;2;1;A01
201500011433;0;7;0;0;2;4;2;B02
201500011433;0;7;0;0;2;1;2;A01
201500011434;0;10;0;0;2;2;17;A01
201500011434;0;15;0;0;2;6;1;B02
201500011435;0;10;0;0;0;9;14;A01
201500011436;0;7;0;0;2;1;1;A01
201500011436;0;15;0;0;2;4;1;B02
201500011437;0;10;0;3;0;2;1;A01
201500011438;0;7;0;13;0;2;0;A01
201500011439;0;1;0;0;0;0;0;A01
201500011440;0;7;0;3;0;1;9;A01
201500011441;0;7;0;5;0;1;14;A01
201500011442;0;10;0;0;2;2;2;A01
201500011442;0;15;0;0;0;4;2;B02
201500011443;0;7;0;4;0;2;14;A01
201500011444;0;7;0;0;2;8;21;A01
201500011444;0;7;0;0;2;7;2;B02
201500011445;0;10;0;0;2;1;1;A01
201500011445;0;14;0;0;0;6;1;B02
201500011446;0;10;0;0;2;1;17;A01
201500011446;0;15;0;0;2;3;17;B02
201500011446;0;33;0;3;0;3;21;C03
201500011447;0;15;0;1;0;2;3;A01
201500011447;0;15;0;0;0;3;0;B02
201500011448;0;7;0;3;0;1;1;A01
201500011449;0;7;0;3;2;8;0;A01
201500011449;0;7;0;3;2;2;0;B02
201500011450;0;7;0;4;0;2;1;A01
201500011451;0;33;0;16;0;8;0;A01
201500011452;0;7;0;4;0;5;1;A01
201500011452;0;7;0;1;0;7;1;B02
201500011452;0;7;0;1;0;1;1;C03
201500011452;0;7;0;0;1;1;1;D04
201500011452;0;7;0;0;1;8;0;E05
201500011453;0;7;0;3;0;1;1;A01
201500011454;0;7;0;4;0;3;1;A01
201500011455;0;7;0;0;2;3;1;A01
201500011455;0;7;0;0;2;7;1;C03
201500011455;0;10;0;4;2;5;1;B02
201500011456;0;33;0;0;1;2;21;A01
201500011457;0;7;0;11;0;0;1;A01
201500011458;0;7;0;0;2;2;0;A01
201500011458;0;7;0;0;2;6;0;B02
201500011459;0;7;0;0;2;4;1;A01
201500011459;0;7;0;0;2;2;12;B02
201500011460;0;7;0;4;0;3;13;A01
201500011461;0;33;0;0;0;1;1;A01
201500011462;0;7;0;6;0;9;1;A01
201500011463;0;7;0;6;0;1;15;A01
201500011464;0;7;0;0;2;1;2;A01
201500011464;0;17;0;0;2;4;2;B02
201500011465;0;10;0;0;2;5;17;A01
201500011465;0;17;0;0;2;3;1;B02
201500011466;0;17;0;0;0;1;21;A01
201500011466;0;7;0;0;0;4;23;B02
201500011466;0;7;0;0;0;4;23;C03
201500011466;0;17;0;0;0;4;23;D04
201500011466;0;7;0;0;0;7;23;E05
201500011467;0;7;0;0;1;0;1;B01
201500011468;0;15;0;0;2;0;1;A01
201500011468;0;10;0;0;2;2;11;B02
201500011468;0;15;0;0;2;5;1;C03
201500011469;0;7;0;0;2;1;2;A01
201500011469;0;7;0;0;2;4;2;B02
201500011470;0;7;0;0;2;2;3;A01
201500011470;0;15;0;0;0;0;1;B02
201500011471;0;7;0;4;0;1;1;A01
201500011472;0;7;0;3;0;1;1;B02
201500011472;0;7;0;3;2;1;1;A01
201500011473;0;7;0;0;2;1;19;A01
201500011473;0;7;0;0;2;1;2;B02
201500011473;0;7;0;0;0;1;0;C03
201500011473;0;7;0;0;0;1;0;D04
201500011474;0;10;0;14;0;1;1;A01
201500011475;0;33;0;4;0;7;1;A01
201500011476;0;7;0;13;0;4;23;E05
201500011476;0;7;0;0;2;4;23;B02
201500011476;0;15;0;0;2;1;1;A01
201500011476;0;7;0;13;2;4;23;C03
201500011476;0;7;0;4;2;9;23;D04
201500011477;0;10;0;3;0;1;1;A01
201500011478;0;17;0;0;2;6;1;A01
201500011478;0;7;0;0;0;6;2;B02
201500011478;0;7;0;0;2;5;0;C03
201500011478;0;7;0;0;2;6;2;D04
201500011479;0;17;0;0;2;6;1;B02
201500011479;0;7;0;0;2;2;17;A01
201500011479;0;17;0;1;0;1;1;C03
201500011480;0;7;0;4;0;1;1;A01
201500011481;0;7;0;6;0;2;17;A01
201500011482;0;7;0;4;0;3;1;A01
201500011483;0;7;0;0;0;4;1;B02
201500011483;0;17;0;0;2;3;1;C03
201500011483;0;7;0;0;2;1;1;A01
201500011484;0;7;0;0;0;6;2;A01
201500011484;0;17;0;0;2;8;21;B02
201500011485;0;7;0;0;2;5;17;A01
201500011485;0;7;0;3;2;9;1;B02
201500011486;0;7;0;0;0;6;2;B02
201500011486;0;7;0;0;2;1;2;A01
201500011487;0;7;0;0;0;4;2;B02
201500011487;0;7;0;0;2;1;21;A01
201500011488;0;17;0;0;2;2;1;B02
201500011488;0;7;0;0;2;8;1;A01
201500011489;0;7;0;0;2;1;21;A01
201500011489;0;7;0;3;2;9;17;B02
201500011489;0;14;0;0;2;8;1;C03
201500011490;0;7;0;3;0;3;1;A01
201500011491;0;7;0;3;0;9;11;A01
201500011492;0;7;0;0;1;0;1;A01
201500011493;0;10;0;3;0;9;1;A01
201500011494;0;7;0;0;2;9;1;B02
201500011494;0;7;0;0;2;4;1;D04
201500011494;0;7;0;0;2;9;1;C03
201500011494;0;7;0;0;2;1;1;A01
201500011495;0;33;0;0;0;0;2;A01
201500011496;0;7;0;0;0;4;23;C03
201500011496;0;7;0;0;2;1;2;A01
201500011496;0;7;0;0;2;4;23;B02
201500011497;0;10;0;3;2;9;1;A01
201500011497;0;7;0;0;2;8;1;B02
201500011497;0;7;0;0;2;1;0;H08
201500011497;0;7;0;0;2;1;1;G07
201500011497;0;7;0;0;2;8;1;E05
201500011497;0;17;0;0;2;6;1;D04
201500011497;0;7;0;0;2;9;1;F06
201500011497;0;17;0;0;2;4;1;C03
201500011498;0;7;0;0;2;4;2;B02
201500011498;0;33;0;0;2;1;2;A01
201500011499;0;7;0;0;2;1;2;B02
201500011499;0;7;0;0;2;1;2;D04
201500011499;0;7;0;0;2;1;2;C03
201500011499;0;7;0;0;0;4;2;A01
201500011500;0;14;0;0;1;1;0;C01
201500011501;0;10;0;0;2;4;2;B02
201500011501;0;7;0;0;2;1;2;A01
201500011502;0;7;0;0;0;5;19;B02
201500011502;0;7;0;0;2;1;1;A01
201500011503;0;10;0;0;2;4;2;B02
201500011503;0;14;0;0;2;2;2;A01
201500011504;0;7;0;0;2;2;2;A01
201500011505;0;7;0;4;0;1;17;A01
201500011506;0;7;0;0;1;3;21;B01
201500011507;0;7;0;0;0;4;1;A01
201500011507;0;15;0;0;2;1;0;B02