num_acc;senc;catv;occutc;obs;obsm;choc;manv;num_veh
201500011508;0;7;0;4;0;3;1;A01
201500011509;1;7;0;0;2;4;1;A01
201500011509;0;7;0;0;0;6;1;B02
201500011510;0;10;0;0;2;3;13;A01
201500011510;0;7;0;0;2;3;1;B02
201500011511;0;30;0;0;0;0;1;A01
201500011512;1;7;0;14;1;2;1;A01
201500011513;0;10;0;8;0;2;2;A01
201500011514;0;7;0;0;1;2;1;A01
201500011515;0;10;0;3;0;3;19;A01
201500011516;0;33;0;0;2;8;2;A01
201500011517;0;7;0;0;2;7;17;B02
201500011517;0;33;0;0;2;8;13;A01
201500011518;0;15;0;0;2;8;1;B02
201500011518;0;7;0;3;2;0;17;A01
201500011519;0;10;0;0;0;1;0;A01
201500011519;0;17;0;0;0;6;0;B02
201500011520;0;7;0;4;2;2;13;A01
201500011520;0;38;1;0;2;1;1;B02
201500011521;0;7;0;4;0;1;13;A01
201500011522;0;7;0;0;2;1;2;B02
201500011522;0;7;0;0;2;4;1;A01
201500011523;0;10;0;13;0;3;0;A01
201500011524;0;7;0;0;0;6;2;B02
201500011524;0;33;0;0;2;1;2;A01
201500011525;0;15;0;0;0;4;0;B02
201500011525;0;7;0;0;2;1;2;A01
201500011526;0;7;0;4;0;3;1;A01
201500011527;0;15;0;4;0;8;0;A01
201500011527;0;7;0;14;0;1;1;B02
201500011528;0;7;0;0;1;2;1;A01
201500011529;0;7;0;1;0;2;21;A01
201500011529;0;7;0;0;0;6;24;B02
201500011530;0;7;0;0;2;1;0;A01
201500011530;0;17;0;0;0;4;0;B02
201500011531;0;31;0;0;0;8;1;A01
201500011532;0;17;0;3;0;8;9;A01
201500011533;0;7;0;0;0;4;2;B02
201500011533;0;33;0;0;2;1;2;A01
201500011534;0;7;0;4;0;3;13;A01
201500011534;0;7;0;0;9;8;1;B02
201500011535;0;7;0;3;0;1;0;A01
201500011536;0;7;0;1;1;6;24;C03
201500011536;2;10;0;1;1;1;1;B02
201500011537;0;15;0;1;1;7;1;A01
201500011538;0;7;0;13;0;2;1;A01
201500011539;0;7;0;0;2;1;2;A01
201500011539;0;7;0;0;2;4;2;B02
201500011540;0;7;0;3;0;1;1;A01
201500011541;0;14;0;0;0;6;0;A01
201500011541;0;10;0;0;2;2;0;B02
201500011542;0;10;0;0;0;2;12;B02
201500011542;0;15;0;0;0;6;2;A01
201500011543;1;99;0;0;2;0;0;Z01
201500011543;0;7;0;0;2;4;2;B02
201500011543;0;7;0;0;0;6;2;C03
201500011544;0;7;0;4;6;1;2;A01
201500011545;0;16;0;0;0;0;2;B02
201500011545;0;7;0;14;2;2;13;A01
201500011546;0;10;0;0;2;1;2;A01
201500011546;0;15;0;0;2;4;2;B02
201500011547;0;16;0;0;2;4;2;B02
201500011547;0;17;0;0;2;1;2;A01
201500011547;0;17;0;0;2;4;1;C03
201500011548;0;15;0;14;0;2;2;C03
201500011548;0;38;40;0;0;0;17;D04
201500011548;0;17;0;0;0;4;23;A01
201500011548;0;17;0;14;0;1;2;B02
201500011549;0;7;0;1;1;7;14;A01
201500011550;0;7;0;1;0;1;1;A01
201500011550;0;16;0;0;0;0;24;B02
201500011551;0;15;0;0;2;1;1;B02
201500011551;0;7;0;0;0;4;11;A01
201500011552;0;15;0;0;0;6;1;B02
201500011552;0;10;0;0;2;7;3;A01
201500011553;0;7;0;3;0;4;1;A01
201500011554;0;7;0;0;0;9;14;A01
201500011555;0;10;0;0;0;1;2;A01
201500011555;0;7;0;0;0;4;2;B02
201500011556;0;7;0;0;2;1;2;A01
201500011556;0;7;0;0;0;4;2;B02
201500011557;0;38;0;0;1;7;22;A01
201500011558;0;7;0;3;0;2;0;A01
201500011559;0;7;0;13;0;7;14;A01
201500011560;0;7;0;0;0;0;24;E05
201500011560;0;17;0;1;0;1;2;C03
201500011560;0;17;0;0;0;0;1;A01
201500011561;0;7;0;0;0;8;1;A01
201500011562;0;7;0;3;0;9;14;A01
201500011563;0;7;0;6;0;1;1;A01
201500011564;0;14;0;1;2;4;2;D04
201500011564;0;15;0;1;2;1;2;A01
201500011564;0;14;0;0;2;4;2;C03
201500011564;0;14;0;0;2;4;24;B02
201500011565;0;17;0;0;0;6;23;A01
201500011565;0;7;0;0;2;2;2;B02
201500011566;0;17;0;0;2;7;23;B02
201500011566;0;7;0;1;0;8;18;A01
201500011567;0;7;0;0;2;4;15;A01
201500011567;0;33;0;0;2;1;2;B02
201500011568;0;7;0;13;0;1;2;A01
201500011569;0;15;0;0;0;4;2;B02
201500011569;0;17;0;0;2;1;2;A01
201500011570;0;7;0;4;2;2;13;A01
201500011570;0;17;0;0;0;6;1;B02
201500011571;0;10;0;4;0;3;0;A01
201500011572;0;15;0;0;2;4;2;B02
201500011572;0;7;0;0;2;1;2;A01
201500011573;0;7;0;4;0;3;13;A01
201500011574;0;33;0;0;0;8;0;A01
201500011575;0;7;0;4;0;2;14;A01
201500011576;0;7;0;0;0;6;1;A01
201500011576;0;7;0;1;0;3;2;D04
201500011576;0;7;0;0;2;2;2;B02
201500011576;0;7;0;1;0;3;2;C03
201500011577;0;17;0;4;0;2;14;A01
201500011578;0;10;0;3;0;1;21;A01
201500011579;0;7;0;5;0;1;1;A01
201500011580;0;7;0;0;0;6;1;A01
201500011580;2;7;0;0;2;3;1;B02
201500011581;0;7;0;13;0;1;14;A01
201500011582;0;10;0;0;2;1;1;A01
201500011582;0;17;0;0;0;4;2;B02
201500011583;0;7;0;13;0;1;14;A01
201500011584;0;7;0;0;0;0;1;E05
201500011584;0;7;0;3;0;0;1;A01
201500011584;0;7;0;0;0;0;1;D04
201500011584;0;7;0;0;0;0;1;C03
201500011584;0;7;0;0;0;0;1;B02
201500011585;0;38;31;0;0;0;15;A01
201500011586;0;37;20;0;1;5;1;A01
201500011587;0;7;0;0;2;3;6;A01
201500011587;0;38;20;0;2;3;1;B02
201500011588;0;37;0;0;2;3;15;A01
201500011588;0;7;0;0;2;1;1;B02
201500011589;0;7;0;3;0;3;1;A01
201500011590;0;99;0;4;0;3;1;A01
201500011591;0;14;0;4;0;3;13;A01
201500011592;0;7;0;0;0;2;1;A01
201500011593;0;7;0;4;0;1;21;A01
201500011594;0;30;0;0;1;1;21;A01
201500011595;0;7;0;0;0;7;1;A01
201500011595;0;7;0;0;0;1;1;B02
201500011596;0;31;0;0;2;1;1;A01
201500011596;0;7;0;0;0;5;1;B02
201500011597;0;33;0;0;2;6;1;A01
201500011597;0;10;0;0;2;2;11;B02
201500011598;0;7;0;0;2;1;1;A01
201500011598;0;7;0;0;2;3;19;B02
201500011599;0;21;0;0;2;1;15;A01
201500011599;0;33;0;0;2;1;21;B02
201500011600;0;7;0;0;2;1;1;A01
201500011600;0;7;0;0;2;3;1;B02
201500011601;0;33;0;0;0;0;13;A01
201500011602;0;30;0;14;1;1;1;A01
201500011602;0;10;0;14;;0;23;A02
201500011603;0;7;0;9;0;3;6;A01
201500011604;0;7;0;0;1;2;1;A01
201500011605;0;7;0;2;0;2;14;A01
201500011606;0;14;0;0;2;3;21;A01
201500011606;0;10;0;0;2;3;13;B02
201500011607;0;7;0;0;2;3;15;A01
201500011607;0;33;0;0;2;1;17;B02
201500011608;0;7;0;0;2;3;13;A01
201500011608;0;33;0;0;2;3;1;B02
201500011609;0;7;0;0;1;1;1;B02
201500011610;0;7;0;13;0;1;14;A01
201500011611;0;17;0;0;2;3;1;B02
201500011611;0;7;0;0;2;7;17;A01
201500011612;0;17;0;0;2;2;1;B02
201500011612;0;7;0;0;2;6;9;A01
201500011612;0;7;0;0;2;1;1;C03
201500011613;0;38;10;0;2;3;1;A01
201500011613;0;7;0;0;2;8;15;B02
201500011614;0;14;0;0;2;1;1;B02
201500011614;0;7;0;0;2;8;15;A01
201500011615;0;37;1;0;2;3;16;A01
201500011615;0;1;0;0;2;5;1;B02
201500011616;0;37;8;0;2;3;1;B02
201500011616;0;7;0;0;2;1;13;A01
201500011616;0;1;0;0;9;0;2;C03
201500011617;0;14;0;0;9;5;16;A01
201500011617;0;1;0;0;2;0;2;B02
201500011618;0;14;0;0;2;7;16;A01
201500011618;0;1;0;0;2;0;18;B02
201500011619;0;7;0;0;0;1;1;A01
201500011619;0;14;0;0;2;4;1;B02
201500011620;0;7;0;0;2;7;1;A01
201500011620;0;15;0;0;2;1;1;B02
201500011621;0;7;0;0;2;4;2;B02
201500011621;0;7;0;0;2;4;1;C03
201500011621;0;7;0;0;2;4;1;D04
201500011621;0;13;0;0;2;1;2;A01
201500011622;0;7;0;0;0;6;23;A01
201500011622;0;7;0;0;0;2;21;B02
201500011623;0;7;0;0;2;1;13;A01
201500011623;0;14;0;0;2;1;1;B02
201500011624;0;7;0;2;0;5;14;A01
201500011625;0;7;0;0;0;3;1;A01
201500011626;0;15;0;0;2;7;1;B02
201500011626;0;10;0;0;2;1;19;A01
201500011627;0;14;0;0;0;0;1;A01
201500011627;0;7;0;0;9;3;1;B02
201500011628;0;10;0;3;0;9;14;A01
201500011629;0;7;0;13;6;2;1;A01
201500011630;0;14;0;0;0;0;14;A01
201500011631;0;7;0;0;2;8;15;A01
201500011631;0;14;0;0;2;1;1;B02
201500011632;0;2;0;0;2;1;1;B02
201500011632;0;7;0;0;2;1;15;A01
201500011633;0;33;0;0;2;3;1;A01
201500011633;0;7;0;0;0;6;9;B02
201500011634;0;7;0;0;2;1;13;B02
201500011634;0;7;0;0;2;1;1;A01
201500011635;0;7;0;3;0;1;14;A01
201500011636;0;7;0;0;2;1;1;D04
201500011636;0;14;0;0;2;2;2;B02
201500011636;0;17;0;0;0;6;1;A01
201500011636;0;15;0;0;2;1;2;C03
201500011637;0;3;0;3;0;2;1;C03
201500011637;0;7;0;0;2;7;1;A01
201500011637;0;7;0;0;2;1;1;B02
201500011637;0;17;0;0;0;8;1;D04
201500011638;0;7;0;4;2;3;13;A01
201500011638;0;17;0;0;2;5;1;B02
201500011639;0;17;0;0;0;8;1;B02
201500011639;0;10;0;0;2;2;17;A01
201500011640;0;7;0;4;2;0;0;A01
201500011640;0;7;0;0;2;0;0;B02
201500011641;0;14;0;0;2;4;2;B02
201500011641;0;10;0;0;2;1;2;A01
201500011642;0;7;0;0;2;1;17;A01
201500011642;0;7;0;0;2;4;1;B02
201500011643;0;16;0;3;0;2;1;A01
201500011644;0;7;0;0;2;9;21;A01
201500011644;0;14;0;0;2;2;21;B02
201500011645;0;10;0;4;0;2;1;A01
201500011646;0;7;0;4;0;3;1;A01
201500011647;0;7;0;4;0;3;1;A01
201500011648;0;7;0;0;1;1;23;A01
201500011649;0;7;0;0;2;1;2;A01
201500011649;0;7;0;0;2;4;2;B02
201500011650;0;7;0;3;0;2;0;A01
201500011651;0;15;0;4;0;2;1;A01
201500011652;0;7;0;0;0;4;2;B02
201500011652;0;7;0;0;2;1;2;A01
201500011653;0;7;0;0;2;1;11;B02
201500011653;0;7;0;3;0;5;1;A01
201500011654;0;7;0;3;0;2;1;A01
201500011655;0;7;0;1;0;3;2;B02
201500011655;0;7;0;4;0;3;21;A01
201500011655;0;7;0;1;0;3;2;C03
201500011656;0;10;0;3;0;3;1;A01
201500011657;0;10;0;3;2;4;1;B02
201500011657;0;7;0;0;2;4;1;C03
201500011657;0;15;0;0;2;1;14;A01
201500011657;0;7;0;0;2;4;1;E05
201500011657;0;14;0;0;2;4;1;D04
201500011657;0;7;0;0;2;4;1;F06
201500011658;0;7;0;0;1;2;1;A01
201500011658;0;17;0;0;0;0;23;B02
201500011659;0;7;0;0;2;4;2;B02
201500011659;0;7;0;0;2;1;2;A01
201500011659;0;7;0;0;2;4;2;C03
201500011660;0;10;0;4;0;4;1;A01
201500011660;0;10;0;4;2;1;21;C03
201500011660;0;7;0;0;2;1;2;B02
201500011661;0;7;0;0;2;1;1;A01
201500011661;0;15;0;0;2;4;23;B02
201500011662;0;33;0;11;0;1;14;A01
201500011663;0;7;0;4;0;1;13;A01
201500011664;0;7;0;0;0;4;1;C03
201500011664;0;7;0;0;0;6;2;D04
201500011664;0;7;0;0;2;4;2;B02
201500011664;0;10;0;0;2;1;2;A01
201500011665;0;7;0;0;2;2;2;A01
201500011665;0;7;0;0;0;6;2;B02
201500011666;0;7;0;0;9;1;1;B02
201500011666;0;17;0;0;0;0;1;A01
201500011667;0;7;0;4;0;1;17;A01
201500011668;0;7;0;1;0;1;2;B02
201500011668;0;7;0;1;2;4;23;A01
201500011669;0;15;0;0;2;4;1;A01
201500011669;0;7;0;0;2;1;1;B02
201500011670;0;7;0;0;2;1;12;A01
201500011670;0;7;0;0;2;4;1;B02
201500011671;0;7;0;0;2;1;1;B02
201500011671;0;15;0;0;2;1;1;A01
201500011671;0;10;0;0;2;1;1;C03
201500011672;0;99;0;4;0;2;6;A01
201500011673;0;17;0;0;2;1;1;B02
201500011673;0;17;0;0;2;4;4;A01
201500011674;0;7;0;0;2;1;2;A01
201500011674;0;7;0;0;2;6;2;B02
201500011675;0;15;0;0;2;1;2;A01
201500011675;0;7;0;0;2;4;1;B02
201500011676;0;14;0;3;0;2;14;A01
201500011677;0;7;0;0;2;3;1;B02
201500011677;0;7;0;0;2;0;0;A01
201500011678;0;17;0;0;2;1;1;B02
201500011678;0;33;0;0;2;4;9;A01
201500011679;0;14;0;3;0;1;17;A01
201500011680;0;7;0;0;2;1;1;C03
201500011680;0;7;0;0;2;1;1;A01
201500011680;0;7;0;0;2;5;1;B02
201500011680;0;7;0;0;2;6;12;D04
201500011680;0;7;0;0;2;7;12;E05
201500011681;0;7;0;0;9;1;1;B02
201500011681;0;7;0;13;0;2;1;A01
201500011682;0;10;0;0;2;2;21;A01
201500011682;0;1;0;0;2;8;19;B02
201500011683;0;10;0;0;2;3;1;C03
201500011683;0;7;0;0;2;4;15;A01
201500011683;1;14;0;0;2;2;1;B02
201500011684;0;33;0;0;6;1;1;A01
201500011685;0;7;0;2;0;3;13;A01
201500011686;0;2;0;0;2;7;23;A01
201500011686;0;2;0;0;2;1;21;B02
201500011687;0;7;0;0;2;1;1;B02
201500011687;0;31;0;0;2;1;1;A01
201500011688;0;2;0;14;0;1;0;A01
201500011689;0;7;0;0;2;1;1;B02
201500011689;0;10;0;0;2;5;13;A01
201500011690;0;10;0;0;2;3;13;A01
201500011690;0;14;0;0;2;3;1;B02
201500011691;0;10;0;0;1;3;1;A01
201500011692;0;30;0;0;0;4;1;B02
201500011692;0;7;0;0;2;2;1;A01
201500011693;0;7;0;0;0;1;1;A01
201500011694;0;7;0;0;2;3;1;A01
201500011694;0;7;0;0;2;3;1;B02
201500011695;0;33;0;0;2;7;0;A01
201500011695;0;7;0;0;2;2;0;B02
201500011696;0;7;0;0;1;3;1;A01
201500011697;0;7;0;3;0;9;14;A01
201500011698;0;7;0;0;2;2;17;A01
201500011698;0;7;0;0;0;8;1;B02
201500011699;0;7;0;0;1;3;14;A01
201500011700;0;15;0;3;0;2;14;A01
201500011701;0;10;0;13;0;1;14;A01
201500011702;0;7;0;4;0;9;13;A01
201500011703;0;10;0;0;1;6;1;A01
201500011703;0;7;0;0;2;3;1;B02
201500011704;0;7;0;3;0;6;9;B02
201500011704;0;7;0;0;2;1;21;A01
201500011705;0;38;6;0;2;3;1;B02
201500011705;0;10;0;0;2;2;14;A01
201500011706;0;7;0;13;0;1;14;A01
201500011707;0;33;0;0;2;8;1;B02
201500011707;0;7;0;0;2;5;12;A01
201500011708;0;14;0;0;2;8;11;A01
201500011708;0;7;0;4;2;7;1;B02
201500011709;0;7;0;8;1;1;20;A01
201500011710;0;7;0;14;0;1;2;B02
201500011710;0;10;0;3;0;2;14;A01
201500011711;0;15;0;0;0;4;23;B02
201500011711;0;15;0;0;2;1;2;A01
201500011712;0;7;0;13;0;9;14;A01
201500011713;0;7;0;0;2;7;21;A01
201500011713;0;7;0;0;2;1;1;C03
201500011713;0;7;0;0;2;1;1;B02
201500011713;0;10;0;0;2;1;1;D04
201500011714;0;7;0;3;0;2;14;A01
201500011715;0;7;0;13;0;1;14;A01
201500011716;0;7;0;0;2;4;2;B02
201500011716;0;36;0;0;2;1;2;A01
201500011716;0;7;0;0;2;4;2;C03
201500011717;0;7;0;0;2;1;17;A01
201500011717;0;1;0;0;2;8;15;B02
201500011718;0;7;0;0;0;7;17;A01
201500011718;0;1;0;0;0;8;13;B02
201500011719;0;10;0;0;9;2;15;A01
201500011719;0;1;0;0;2;1;1;B02
201500011720;0;1;0;0;2;3;9;B02
201500011720;0;10;0;0;2;1;1;A01
201500011721;0;7;0;0;2;3;1;B02
201500011721;0;7;0;0;2;3;13;A01
201500011721;0;14;0;0;2;7;21;C03
201500011722;0;7;0;0;0;3;15;A01
201500011722;0;7;0;0;0;2;1;B02
201500011723;0;7;0;0;2;2;0;B02
201500011723;0;7;0;0;2;1;0;A01
201500011724;0;7;0;0;2;2;1;A01
201500011724;0;7;0;0;2;1;15;B02
201500011725;0;7;0;1;0;2;1;A01
201500011725;0;10;0;0;0;6;24;B02
201500011726;0;7;0;3;0;1;14;A01
201500011727;0;7;0;0;2;2;17;A01
201500011727;0;17;0;0;0;6;1;B02
201500011728;0;15;0;3;0;3;1;A01
201500011729;0;7;0;0;6;4;1;A01
201500011729;0;7;0;0;0;2;1;B02
201500011730;0;7;0;1;0;1;2;A01
201500011730;0;10;0;1;0;4;23;B02
201500011730;0;14;0;0;0;4;23;C03
201500011731;0;16;0;0;0;0;1;A01
201500011731;0;7;0;0;2;1;14;C03
201500011732;0;7;0;3;0;1;0;A01
201500011733;0;10;0;5;2;2;1;A01
201500011733;0;7;0;4;2;4;1;B02
201500011734;0;10;0;3;0;7;0;A01
201500011735;0;7;0;0;0;9;1;A01
201500011736;0;7;0;0;1;1;0;A01
201500011737;0;17;0;0;0;5;23;B02
201500011737;0;7;0;1;0;3;18;A01
201500011738;0;7;0;0;1;6;1;A01
201500011739;0;7;0;13;0;1;12;A01
201500011740;0;7;0;0;1;4;0;B02
201500011740;0;7;0;0;1;1;0;A01
201500011741;0;10;0;0;2;1;2;A01
201500011741;0;15;0;0;0;0;2;B02
201500011742;0;7;0;14;1;1;1;B01
201500011743;0;33;0;0;2;1;1;A01
201500011744;0;7;0;1;2;1;1;B02
201500011744;0;10;0;0;0;6;23;A01
201500011744;0;7;0;1;2;1;1;D04
201500011744;0;7;0;0;0;1;1;C03
201500011745;0;33;0;3;0;8;1;A01
201500011746;0;7;0;3;0;2;1;A01
201500011747;0;7;0;3;0;3;1;A01
201500011748;0;7;0;4;0;1;0;A01
201500011749;0;37;0;0;0;6;1;C03
201500011749;0;7;0;0;2;1;9;B02
201500011749;0;7;0;0;2;1;17;A01
201500011750;0;33;0;0;2;7;12;A01
201500011750;2;7;0;0;2;5;16;B02
201500011751;0;33;0;3;0;1;1;A01
201500011752;0;7;0;1;0;1;17;A01
201500011753;0;14;0;0;0;6;23;B02
201500011753;0;15;0;1;0;2;1;A01
201500011754;0;1;0;0;0;0;0;B01
201500011754;0;7;0;0;2;4;2;A01
201500011754;0;7;0;0;2;4;2;C01
201500011755;0;7;0;0;1;3;15;A01
201500011756;0;3;0;0;2;2;1;A01
201500011756;0;30;0;0;2;1;9;B01
201500011757;0;7;0;0;1;0;0;A01
201500011758;0;34;0;0;2;1;1;B01
201500011758;0;7;0;0;2;2;10;A01
201500011759;0;7;0;0;1;0;0;A01
201500011760;0;7;0;0;9;3;2;B01
201500011760;0;7;0;13;0;0;0;A01
201500011760;0;7;0;0;9;1;1;C01
201500011761;0;7;0;0;1;1;1;A01
201500011762;0;2;0;0;0;0;0;B01
201500011762;0;7;0;0;0;0;0;A01
201500011763;0;7;0;0;2;5;15;B01
201500011763;0;30;0;0;2;1;2;A01
201500011764;0;7;0;0;1;1;11;A01
201500011765;1;33;0;0;1;0;0;A01
201500011766;0;7;0;0;0;0;0;B01
201500011766;0;1;0;0;2;1;1;A01
201500011767;0;33;0;0;2;1;1;F01
201500011767;0;7;0;0;2;8;15;A01
201500011768;0;32;0;0;1;1;2;A01
201500011769;0;37;5;0;1;5;16;A01
201500011770;0;7;0;0;1;1;15;B01
201500011771;0;30;0;0;2;0;1;A01
201500011772;0;7;0;0;2;2;15;B02
201500011772;0;38;1;0;2;3;1;A01
201500011773;0;38;32;8;0;1;1;A01
201500011774;0;10;0;4;0;3;13;A01
201500011775;0;7;0;4;2;4;1;B01
201500011775;0;7;0;0;2;1;1;A01
201500011776;0;10;0;0;2;2;1;A01
201500011776;0;7;0;0;2;4;21;B01
201500011777;0;7;0;14;0;1;17;A01
201500011778;0;7;0;0;2;4;1;B01
201500011778;0;7;0;0;2;1;1;A01
201500011779;0;7;0;0;2;4;1;C01
201500011779;0;7;0;0;2;1;1;A01
201500011779;0;7;0;3;2;4;1;B01
201500011780;0;7;0;0;2;1;2;A01
201500011780;0;7;0;0;2;4;2;B02
201500011780;0;7;0;0;2;4;2;C03
201500011781;0;7;0;0;2;1;2;A01
201500011781;0;7;0;0;2;4;1;B02
201500011781;0;7;0;0;2;4;1;C03
201500011782;0;7;0;0;2;1;2;A01
201500011782;0;7;0;0;0;4;1;B02
201500011783;0;17;0;0;0;6;0;B02
201500011783;0;10;0;0;2;1;14;A01
201500011784;0;10;0;0;0;4;1;A01
201500011784;0;7;0;0;2;1;12;B02
201500011785;0;7;0;3;2;1;1;A01
201500011785;0;7;0;0;2;8;20;B02
201500011786;0;30;0;0;2;1;9;B02
201500011786;0;14;0;0;2;7;1;A01
201500011787;0;7;0;2;0;3;2;A01
201500011788;0;32;0;0;2;7;14;A01
201500011788;0;33;0;0;2;8;1;B02
201500011789;0;17;0;0;0;8;0;B02
201500011789;0;14;0;0;0;8;0;A01
201500011790;0;7;0;0;0;8;0;B02
201500011790;0;14;0;1;9;7;1;A01
201500011791;0;17;0;1;0;1;1;A01
201500011791;0;7;0;0;0;4;2;C03
201500011791;0;17;0;1;0;4;2;B02
201500011792;0;14;0;0;0;3;17;A01
201500011793;0;17;0;1;0;2;1;A01
201500011793;0;15;0;0;2;6;23;B02
201500011794;0;30;0;15;2;2;1;A01
201500011794;0;30;0;0;2;6;18;B02
201500011795;0;10;0;0;1;5;4;A01
201500011796;0;7;0;0;2;1;15;A01
201500011796;0;7;0;0;2;3;1;B02
201500011796;0;15;0;0;2;3;23;C03
201500011797;0;7;0;0;2;3;1;B02
201500011797;0;7;0;0;2;3;13;A01
201500011798;0;7;0;0;1;5;4;A01
201500011799;0;7;0;0;2;7;13;A01
201500011799;0;38;35;0;2;1;1;B02
201500011800;0;38;40;0;9;5;6;A01
201500011800;0;1;0;0;2;3;1;B02
201500011801;0;7;0;0;2;1;15;A01
201500011801;0;2;0;0;2;1;1;B02
201500011802;0;30;0;0;2;1;5;A01
201500011802;0;7;0;0;2;3;1;B02
201500011803;0;7;0;12;0;3;1;A01
201500011804;0;31;0;13;0;1;1;A01
201500011805;0;7;0;0;2;7;1;A01
201500011805;0;7;0;0;2;1;1;B02
201500011806;0;10;0;13;0;1;1;A01
201500011807;0;31;0;0;0;0;1;A01
201500011808;0;7;0;0;2;2;13;A01
201500011808;0;7;0;0;2;7;21;B02
201500011809;0;32;0;0;2;5;1;A01
201500011809;0;7;0;0;2;1;9;B02
201500011810;0;1;0;0;0;4;1;A01
201500011811;0;7;0;0;2;2;13;A01
201500011811;0;14;0;0;2;2;1;B02
201500011812;0;17;0;3;0;1;1;A01
201500011813;0;17;0;6;0;2;1;A01
201500011814;0;7;0;0;2;1;17;A01
201500011814;0;7;0;0;2;2;1;B02
201500011814;0;17;0;0;2;3;1;C03
201500011815;0;7;0;0;2;1;13;A01
201500011815;0;17;0;0;2;1;1;B02
201500011815;0;10;0;0;2;1;1;C03
201500011816;0;14;0;0;0;0;1;A01
201500011817;0;7;0;0;0;7;1;A01
201500011818;0;38;18;0;1;6;4;A01
201500011819;0;38;13;0;2;3;19;A01
201500011819;0;7;0;0;2;2;1;B02
201500011820;0;17;0;0;2;7;16;A01
201500011820;0;7;0;0;2;1;13;B02
201500011821;0;7;0;0;2;3;11;A01
201500011821;0;17;0;0;2;3;1;B02
201500011822;0;14;0;0;2;3;13;A01
201500011822;0;10;0;0;2;3;1;B02
201500011823;0;17;0;0;2;4;2;B02
201500011823;0;17;0;0;2;1;2;C03
201500011823;0;17;0;0;2;4;2;A01
201500011824;0;7;0;13;0;1;14;A01
201500011825;0;7;0;3;0;0;13;A01
201500011825;0;7;0;0;2;1;1;B02
201500011826;0;7;0;0;2;3;13;B02
201500011826;0;7;0;3;0;3;0;A01
201500011827;0;33;0;0;2;1;2;A01
201500011827;0;7;0;0;2;6;2;B02
201500011828;0;10;0;0;2;1;1;C03
201500011828;0;10;0;0;2;7;1;D04
201500011828;0;7;0;0;2;1;1;A01
201500011828;0;17;0;0;2;4;1;B02
201500011829;0;7;0;0;2;4;1;E05
201500011829;0;7;0;0;2;4;1;D04
201500011829;0;7;0;0;2;1;1;A01
201500011829;0;7;0;0;2;4;1;C03
201500011829;0;7;0;0;2;4;1;F06
201500011829;0;7;0;3;0;4;1;B02
201500011830;0;7;0;0;2;1;1;D04
201500011830;0;7;0;0;0;4;1;B02
201500011830;0;7;0;0;2;1;1;A01
201500011830;0;7;0;0;2;4;1;C03
201500011831;0;15;0;0;0;0;1;A01
201500011831;0;7;0;0;9;1;1;B02
201500011832;0;33;0;0;2;2;12;A01
201500011832;0;7;0;0;2;3;11;B02
201500011833;0;15;0;0;0;7;0;A01
201500011834;0;17;0;1;1;2;14;A01
201500011835;0;38;30;14;2;1;2;B02
201500011835;0;7;0;3;2;8;13;A01
201500011836;0;10;0;3;0;6;1;A01
201500011836;0;7;0;0;9;1;1;B02
201500011837;0;7;0;0;9;1;0;A01
201500011838;0;10;0;0;2;1;2;A01
201500011838;0;7;0;0;2;4;2;C03
201500011838;0;7;0;0;0;4;2;E05
201500011838;0;10;0;0;2;4;2;D04
201500011838;0;33;0;0;2;4;2;B02
201500011839;0;17;0;0;2;8;1;A01
201500011839;0;7;0;3;2;1;1;B02
201500011840;0;7;0;3;2;3;1;B02
201500011840;0;14;0;3;2;3;6;A01
201500011841;0;15;0;0;2;2;21;A01
201500011841;0;7;0;0;2;3;23;B02
201500011842;0;15;0;1;0;2;14;A01
201500011842;0;10;0;0;0;6;24;B02
201500011843;0;7;0;4;0;3;1;A01
201500011844;0;14;0;3;0;8;1;A01
201500011845;0;10;0;0;2;2;13;A01
201500011845;0;7;0;0;2;6;1;B02
201500011846;0;7;0;4;0;9;1;A01
201500011847;0;7;0;0;1;2;2;A01
201500011848;0;7;0;0;2;2;17;B02
201500011848;0;14;0;0;2;6;11;A01
201500011849;0;7;0;3;0;7;14;A01
201500011850;0;10;0;0;0;9;0;A01
201500011851;0;7;0;0;2;4;2;A01
201500011851;0;7;0;0;2;1;2;B02
201500011852;0;7;0;3;2;3;1;A01
201500011852;0;17;0;0;2;6;1;B02
201500011853;0;14;0;4;0;1;13;A01
201500011854;0;33;0;0;1;1;1;A01
201500011855;0;7;0;0;2;8;1;B02
201500011855;0;33;0;0;2;2;17;A01
201500011856;0;7;0;0;2;8;10;B02
201500011856;0;33;0;0;2;1;2;A01
201500011857;0;1;0;0;2;1;1;B02
201500011857;0;7;0;0;0;5;15;A01
201500011858;0;7;0;0;1;2;19;A01
201500011859;0;10;0;0;2;1;1;B02
201500011859;0;7;0;0;2;1;13;A01
201500011860;0;33;0;0;2;1;17;B02
201500011860;0;7;0;0;2;8;15;A01
201500011861;0;1;0;0;2;1;19;A01
201500011861;0;7;0;0;9;6;1;B02
201500011862;0;10;0;0;1;7;16;A01