num_acc;senc;catv;occutc;obs;obsm;choc;manv;num_veh
201500011863;0;7;0;0;2;1;1;A01
201500011863;0;7;0;0;2;3;15;B02
201500011864;0;17;0;0;9;0;2;A01
201500011864;0;1;0;0;2;0;2;B02
201500011865;0;7;0;0;2;7;13;A01
201500011865;0;7;0;0;2;1;1;B02
201500011866;0;33;0;3;0;7;1;A01
201500011867;0;10;0;0;2;1;19;A01
201500011867;0;7;0;0;2;8;1;B02
201500011868;0;7;0;0;0;5;0;A01
201500011868;0;1;0;0;0;1;0;B02
201500011869;0;7;0;13;0;3;2;A01
201500011870;0;7;0;0;2;3;2;A01
201500011870;0;30;0;0;2;4;23;B01
201500011870;0;10;0;0;2;3;1;C01
201500011871;0;99;0;0;0;0;1;A01
201500011871;0;7;0;0;2;3;1;B02
201500011872;0;30;0;0;2;1;19;A01
201500011872;0;7;0;0;2;2;1;B02
201500011873;0;32;0;0;2;3;17;A01
201500011873;0;7;0;0;2;3;15;B02
201500011874;0;30;0;0;2;1;5;A01
201500011874;0;7;0;0;2;8;1;B02
201500011875;0;10;0;0;2;3;21;A01
201500011875;0;7;0;0;2;9;15;B02
201500011875;0;17;0;0;2;3;1;C03
201500011876;0;7;0;0;2;5;15;B02
201500011876;0;33;0;0;2;1;1;A01
201500011877;0;7;0;0;2;2;17;A01
201500011877;0;1;0;0;2;8;15;B02
201500011878;0;7;0;0;2;8;9;A01
201500011878;0;7;0;0;2;1;1;B02
201500011879;0;7;0;0;2;1;17;A01
201500011879;0;7;0;0;2;1;1;B02
201500011880;0;7;0;8;0;8;1;A01
201500011881;0;7;0;2;0;1;1;A01
201500011881;0;7;0;1;0;3;0;B02
201500011881;0;7;0;1;0;3;0;C03
201500011881;0;7;0;1;0;1;0;D04
201500011882;0;10;0;0;1;2;1;A01
201500011883;0;7;0;9;2;2;0;A01
201500011883;0;33;0;0;2;3;0;B02
201500011884;0;7;0;13;0;3;0;A01
201500011885;0;1;0;1;0;1;1;A01
201500011885;0;7;0;0;0;6;23;B02
201500011886;0;7;0;0;2;1;5;A01
201500011886;0;7;0;0;2;1;1;B02
201500011887;0;7;0;2;0;1;13;A01
201500011888;0;7;0;3;0;1;13;A01
201500011889;0;33;0;8;0;3;1;A01
201500011890;0;7;0;0;2;1;5;A01
201500011890;0;10;0;0;2;1;1;B02
201500011891;0;10;0;0;2;1;5;A01
201500011891;0;7;0;0;2;1;5;B02
201500011892;0;7;0;2;0;2;13;A01
201500011893;0;10;0;13;0;3;0;A01
201500011894;0;10;0;0;2;1;1;A01
201500011894;0;7;0;0;2;3;1;B02
201500011895;0;33;0;0;2;1;18;A01
201500011895;0;7;0;0;0;5;2;B02
201500011896;0;7;0;0;2;3;1;A01
201500011896;0;7;0;0;2;3;1;B02
201500011897;0;7;0;0;2;7;19;A01
201500011897;0;7;0;0;2;1;1;B02
201500011898;0;10;0;0;2;1;1;C03
201500011898;0;14;0;0;2;1;1;B02
201500011898;0;10;0;0;2;3;14;A01
201500011899;0;30;0;0;0;0;1;A01
201500011900;0;33;0;16;0;0;1;A01
201500011901;0;10;0;0;1;3;1;A01
201500011902;0;7;0;0;2;8;13;A01
201500011902;0;7;0;0;2;8;1;B02
201500011902;0;7;0;0;2;1;1;C03
201500011903;0;7;0;0;2;1;1;A01
201500011903;0;7;0;0;2;6;2;B02
201500011903;0;10;0;0;2;3;1;C03
201500011904;0;7;0;0;2;2;1;A01
201500011904;0;10;0;0;2;3;1;B02
201500011904;0;7;0;0;2;3;1;C03
201500011905;0;7;0;0;1;1;1;A01
201500011906;0;7;0;0;1;8;1;A01
201500011907;0;7;0;0;0;2;0;A01
201500011908;0;7;0;3;0;3;1;A01
201500011909;0;7;0;4;0;3;21;A01
201500011910;0;7;0;0;2;6;2;B02
201500011910;0;33;0;0;2;3;2;A01
201500011911;0;7;0;0;2;1;13;A01
201500011911;0;7;0;0;2;1;1;B02
201500011912;0;33;0;4;0;8;2;A01
201500011913;0;7;0;0;0;8;1;B02
201500011913;0;7;0;0;0;2;12;A01
201500011914;0;7;0;4;0;9;0;A01
201500011915;0;7;0;0;0;4;23;B02
201500011915;0;7;0;0;2;1;2;A01
201500011916;0;7;0;14;0;1;1;A01
201500011917;0;7;0;0;2;7;1;A01
201500011917;0;7;0;0;2;1;1;B01
201500011918;2;7;0;1;2;1;0;B01
201500011918;0;7;0;2;0;7;0;A01
201500011919;0;7;0;0;1;1;1;A01
201500011920;0;7;0;0;1;2;1;A01
201500011921;0;7;0;0;1;1;1;A01
201500011922;0;7;0;0;1;1;0;A01
201500011923;0;7;0;0;2;6;23;B02
201500011923;0;17;0;1;0;2;0;A01
201500011924;0;7;0;0;2;3;1;A01
201500011924;0;7;0;0;2;3;1;B02
201500011924;0;14;0;0;2;3;1;C03
201500011925;0;10;0;0;2;2;2;A01
201500011925;0;7;0;0;0;6;2;B02
201500011926;0;7;0;13;0;1;1;A01
201500011927;0;7;0;0;2;1;2;A01
201500011927;0;7;0;0;0;4;23;B02
201500011928;0;7;0;0;2;2;17;A01
201500011928;0;7;0;0;2;6;1;B02
201500011929;0;7;0;0;2;1;21;B02
201500011929;0;7;0;0;2;1;21;C03
201500011929;0;7;0;3;0;1;23;A01
201500011930;0;38;0;0;0;0;0;B02
201500011930;0;7;0;3;0;3;21;A01
201500011931;0;14;0;0;2;1;1;A01
201500011931;0;7;0;0;2;4;1;B02
201500011931;0;7;0;0;2;4;1;C03
201500011931;0;7;0;0;2;4;1;D04
201500011931;0;37;0;0;0;6;23;E05
201500011932;0;10;0;0;0;8;24;B02
201500011932;0;14;0;1;0;2;14;A01
201500011933;0;10;0;8;0;1;14;A01
201500011934;0;7;0;2;0;2;13;A01
201500011935;0;21;0;13;0;2;14;A01
201500011936;0;7;0;8;0;8;1;A01
201500011937;0;7;0;0;2;2;1;B02
201500011937;0;7;0;0;2;2;13;A01
201500011938;0;7;0;1;1;1;1;A01
201500011939;0;7;0;0;2;3;13;A01
201500011939;0;13;0;0;2;3;1;B02
201500011940;0;7;0;13;0;1;14;A01
201500011941;0;10;0;0;1;2;1;A01
201500011942;0;7;0;0;2;1;2;B02
201500011942;0;7;0;0;2;4;1;A01
201500011943;0;7;0;10;0;3;1;A01
201500011944;0;33;0;0;2;1;1;A01
201500011944;0;7;0;0;0;3;9;B02
201500011945;0;7;0;0;0;7;15;A01
201500011945;0;34;0;0;2;1;1;B02
201500011946;0;7;0;0;2;2;5;A01
201500011946;0;7;0;0;2;3;1;B02
201500011947;0;7;0;0;0;6;15;A01
201500011947;0;1;0;0;2;1;17;B02
201500011948;0;7;0;0;0;1;13;B02
201500011948;0;10;0;0;0;3;1;A01
201500011949;0;33;0;0;0;0;0;A01
201500011949;0;7;0;0;2;3;1;B02
201500011950;0;1;0;0;2;4;2;B02
201500011950;0;7;0;0;9;2;2;A01
201500011951;0;7;0;0;2;3;1;C03
201500011951;0;7;0;0;2;1;1;B02
201500011951;0;7;0;0;2;1;5;A01
201500011952;0;7;0;13;0;1;14;A01
201500011953;0;7;0;0;9;3;1;B02
201500011953;0;1;0;0;2;3;13;A01
201500011954;0;1;0;10;0;5;1;A01
201500011955;0;33;0;3;0;7;1;A01
201500011956;0;33;0;13;0;1;1;B02
201500011956;0;33;0;13;0;1;1;A01
201500011957;0;7;0;2;0;7;11;A01
201500011958;0;7;0;3;0;3;0;A01
201500011959;0;7;0;2;0;1;19;A01
201500011960;0;13;0;0;0;3;13;A01
201500011961;0;7;0;3;0;1;1;A01
201500011962;0;17;0;0;2;4;23;C03
201500011962;0;17;0;0;2;4;23;A01
201500011962;0;17;0;0;2;1;23;D04
201500011962;0;17;0;0;2;4;23;B02
201500011963;0;7;0;4;0;1;0;A01
201500011964;0;13;0;0;2;1;1;A01
201500011964;0;7;0;0;2;6;0;B02
201500011964;0;7;0;0;2;2;0;E05
201500011964;0;7;0;0;2;4;0;C03
201500011964;0;7;0;0;2;6;0;D04
201500011965;0;7;0;0;0;3;23;A01
201500011965;0;17;0;1;0;2;1;B02
201500011966;0;7;0;14;0;1;0;C03
201500011966;0;7;0;3;0;1;0;A01
201500011966;0;7;0;14;0;3;0;B02
201500011967;0;7;0;3;0;2;0;A01
201500011968;0;7;0;13;0;1;1;A01
201500011969;0;17;0;0;0;7;15;A01
201500011970;0;7;0;0;2;1;2;A01
201500011970;0;15;0;0;2;4;0;B02
201500011971;0;7;0;3;0;3;1;A01
201500011972;0;7;0;3;0;2;1;A01
201500011973;0;7;0;13;0;9;14;A01
201500011974;0;7;0;3;0;3;2;A01
201500011975;0;7;0;13;0;1;14;A01
201500011976;0;7;0;13;0;2;1;A01
201500011977;0;30;0;0;2;8;1;A01
201500011977;0;7;0;0;2;8;23;C03
201500011977;0;38;2;0;2;3;1;B02
201500011978;0;17;0;0;1;2;1;A01
201500011979;0;10;0;0;2;8;15;A01
201500011979;0;15;0;0;2;1;17;B02
201500011980;0;14;0;2;0;8;1;A01
201500011981;0;7;0;0;2;3;13;A01
201500011981;0;15;0;0;0;0;1;B02
201500011981;0;7;0;0;2;1;1;C03
201500011981;0;7;0;0;2;2;1;D04
201500011981;0;99;0;0;2;8;1;E05
201500011982;0;15;0;0;2;2;1;A01
201500011982;0;21;0;0;2;6;1;B02
201500011983;0;33;0;0;2;1;13;A01
201500011983;0;37;41;0;2;1;1;B02
201500011984;0;10;0;3;0;3;1;A01
201500011985;0;7;0;0;2;4;2;A01
201500011985;0;7;0;0;2;1;2;B02
201500011985;0;10;0;0;2;2;21;C03
201500011986;0;7;0;0;2;1;5;A01
201500011986;0;7;0;0;2;3;1;B02
201500011987;0;33;0;0;0;9;18;A01
201500011988;0;7;0;0;9;8;1;C03
201500011988;0;7;0;0;2;3;17;A01
201500011988;0;7;0;0;2;5;17;B02
201500011989;0;7;0;0;2;1;0;B02
201500011989;0;17;0;0;2;1;0;A01
201500011990;0;7;0;3;0;3;1;A01
201500011991;0;7;0;0;2;3;1;A01
201500011991;0;17;0;0;2;6;1;B02
201500011992;0;14;0;13;0;7;2;A01
201500011993;0;17;0;3;0;7;1;A01
201500011994;0;7;0;4;0;1;1;A01
201500011995;0;7;0;3;0;2;1;A01
201500011996;0;7;0;0;0;0;2;A01
201500011997;0;7;0;0;0;4;1;A01
201500011997;0;33;0;0;2;1;2;B02
201500011998;0;33;0;0;2;1;1;A01
201500011998;0;10;0;0;2;5;1;B02
201500011999;0;7;0;0;2;3;5;A01
201500011999;0;14;0;0;2;8;5;B02
201500012000;0;10;0;16;0;9;14;A01
201500012001;0;1;0;6;0;1;1;A01
201500012002;0;1;0;0;0;1;1;B02
201500012002;0;7;0;0;0;6;15;A01
201500012003;0;7;0;0;5;1;1;A01
201500012004;0;14;0;0;2;4;2;B02
201500012004;0;7;0;0;2;1;2;A01
201500012005;0;34;0;0;0;5;0;B02
201500012005;0;33;0;0;2;3;2;A01
201500012006;0;7;0;0;2;4;2;B02
201500012006;0;7;0;0;2;1;2;C03
201500012006;0;7;0;0;2;4;2;A01
201500012007;0;14;0;0;2;2;2;A01
201500012007;0;33;0;0;0;4;2;B02
201500012008;0;7;0;0;2;1;2;A01
201500012008;0;7;0;0;0;4;2;B02
201500012009;0;7;0;3;0;1;21;A01
201500012009;0;7;0;3;0;2;21;B02
201500012010;0;10;0;0;0;4;24;B02
201500012010;0;10;0;1;0;1;2;A01
201500012011;0;33;0;0;0;9;1;B02
201500012011;0;10;0;0;0;7;12;A01
201500012012;0;33;0;0;0;7;11;A01
201500012013;0;17;0;0;2;4;2;A01
201500012013;0;7;0;0;2;1;2;B02
201500012014;0;32;0;0;2;1;2;A01
201500012014;0;10;0;0;0;4;2;B02
201500012015;0;14;0;0;2;6;2;B02
201500012015;0;33;0;0;2;1;2;A01
201500012016;0;32;0;0;2;8;0;B02
201500012016;0;7;0;0;2;5;17;A01
201500012017;0;33;0;0;0;1;12;A01
201500012017;0;7;0;0;0;6;12;B02
201500012018;0;32;0;0;9;7;1;A01
201500012019;0;31;0;0;0;8;18;A01
201500012020;0;38;1;4;2;8;2;A01
201500012020;0;10;0;0;2;4;2;B02
201500012020;0;7;0;0;2;4;2;C03
201500012020;0;33;0;0;2;4;23;D04
201500012020;0;7;0;6;0;0;24;E05
201500012020;0;7;0;0;2;2;1;F06
201500012021;0;7;0;0;2;8;11;A01
201500012021;0;34;0;0;2;7;1;B02
201500012022;0;7;0;0;2;7;2;L12
201500012022;0;7;0;0;2;4;2;I09
201500012022;0;7;0;0;2;4;2;G07
201500012022;0;7;0;0;2;4;2;J10
201500012022;0;7;0;0;2;4;2;M13
201500012022;0;10;0;0;2;4;2;O15
201500012022;0;7;0;0;2;8;2;F06
201500012022;0;7;0;0;2;4;2;P16
201500012022;0;7;0;0;0;4;2;D04
201500012022;0;7;0;0;0;4;2;C03
201500012022;0;15;0;0;2;1;6;A01
201500012022;0;10;0;0;2;3;2;H08
201500012022;0;10;0;0;2;7;2;K11
201500012022;0;33;0;0;2;4;2;B02
201500012022;0;10;0;0;2;7;2;N14
201500012022;0;10;0;0;2;4;2;E05
201500012023;0;33;0;0;2;2;3;A01
201500012023;0;14;0;0;2;6;1;B02
201500012024;0;10;0;0;2;2;19;A01
201500012024;0;33;0;0;2;1;1;B02
201500012025;0;33;0;0;2;1;2;A01
201500012025;0;14;0;0;2;6;1;B02
201500012026;0;7;0;3;0;2;1;A01
201500012027;0;33;0;0;2;1;2;A01
201500012027;0;7;0;0;0;4;2;B02
201500012028;0;7;0;9;0;1;0;A01
201500012029;0;7;0;7;0;9;0;A01
201500012030;0;7;0;14;0;1;1;A01
201500012031;0;17;0;0;2;1;1;A01
201500012031;0;7;0;0;2;4;23;C03
201500012031;0;7;0;0;2;4;23;B02
201500012031;0;17;0;0;2;4;23;D04
201500012032;0;7;0;0;2;2;17;A01
201500012032;0;15;0;0;0;6;1;B02
201500012033;0;7;0;3;0;9;13;A01
201500012034;0;7;0;13;0;9;14;A01
201500012035;0;7;0;0;2;3;5;A01
201500012035;0;7;0;4;0;7;1;C03
201500012035;0;7;0;0;2;3;1;B02
201500012036;0;14;0;13;0;1;1;A01
201500012037;0;10;0;1;0;1;0;B02
201500012037;0;7;0;0;0;3;5;A01
201500012038;0;38;0;0;2;7;1;B02
201500012038;0;10;0;3;2;1;11;A01
201500012039;0;7;0;0;2;2;11;A01
201500012039;0;15;0;0;2;6;1;B02
201500012040;0;7;0;0;2;1;5;A01
201500012040;0;7;0;0;2;1;1;B02
201500012041;0;10;0;4;0;5;1;A01
201500012042;1;7;0;0;2;2;17;C03
201500012042;0;7;0;4;0;6;12;A01
201500012042;0;7;0;1;0;1;1;B02
201500012043;0;7;0;2;0;3;1;A01
201500012044;0;17;0;14;0;1;2;B02
201500012044;0;17;0;0;0;4;23;A01
201500012045;0;7;0;3;0;1;1;A01
201500012046;0;7;0;0;2;1;2;A01
201500012046;0;7;0;0;2;4;0;B02
201500012047;0;7;0;0;2;1;2;A01
201500012047;0;7;0;0;0;4;2;B02
201500012048;0;14;0;0;2;3;1;B01
201500012048;0;17;0;0;2;3;23;C02
201500012048;0;10;0;13;2;3;15;A03
201500012049;0;38;13;0;2;1;1;B02
201500012049;0;7;0;0;0;4;10;A01
201500012050;0;17;0;0;2;3;21;B02
201500012050;0;7;0;0;2;3;13;A01
201500012050;0;7;0;0;2;8;21;C03
201500012051;0;37;2;0;2;2;1;A01
201500012051;0;30;0;0;2;3;19;B02
201500012052;0;7;0;0;2;3;13;A01
201500012052;0;17;0;0;2;8;1;B02
201500012053;0;14;0;0;1;1;1;A01
201500012054;0;7;0;0;2;3;13;A01
201500012054;0;17;0;0;2;3;1;B02
201500012055;0;1;0;0;2;1;13;A01
201500012055;0;15;0;0;2;8;1;B02
201500012056;0;17;0;0;2;3;0;A01
201500012056;0;7;0;0;2;1;5;B02
201500012057;0;30;0;0;2;3;2;A01
201500012057;0;15;0;0;0;5;17;B02
201500012058;0;7;0;0;2;3;13;A01
201500012058;0;15;0;0;2;3;1;B02
201500012059;0;10;0;0;2;1;13;A01
201500012059;0;14;0;0;2;3;1;B02
201500012060;0;7;0;0;2;8;17;A01
201500012060;0;7;0;0;2;1;2;B02
201500012060;0;7;0;0;2;1;1;C03
201500012060;0;7;0;0;2;8;1;D04
201500012061;0;7;0;0;2;3;5;A01
201500012061;0;14;0;0;2;3;1;B02
201500012062;0;7;0;0;2;1;15;A01
201500012062;0;17;0;0;2;2;2;B02
201500012063;0;7;0;0;2;8;1;B01
201500012063;0;14;0;0;2;2;16;A01
201500012064;0;14;0;0;1;1;1;A01
201500012065;0;33;0;0;2;1;13;A01
201500012065;0;17;0;0;2;1;1;B02
201500012065;0;17;0;0;2;3;1;C03
201500012066;0;1;0;12;2;1;18;B02
201500012066;0;17;0;0;0;5;16;A01
201500012067;0;7;0;0;2;3;13;A01
201500012067;0;14;0;0;2;3;1;B02
201500012067;0;7;0;0;2;8;1;C03
201500012068;0;17;0;3;0;7;1;A01
201500012069;0;7;0;0;2;1;1;A01
201500012069;0;7;0;0;0;4;1;B02
201500012070;0;7;0;13;0;1;1;A01
201500012071;0;7;0;16;0;2;1;A01
201500012072;0;7;0;0;0;1;1;A01
201500012073;0;38;0;0;2;2;19;B02
201500012073;0;7;0;0;2;8;1;A01
201500012074;0;1;0;0;2;4;2;B02
201500012074;0;15;0;0;2;2;2;A01
201500012075;0;3;0;0;2;3;13;A01
201500012075;0;38;4;0;2;3;1;B02
201500012076;0;7;0;0;2;3;1;A01
201500012076;0;17;0;0;2;8;1;B02
201500012077;0;7;0;0;0;1;1;B02
201500012077;0;38;34;0;0;6;19;A01
201500012078;0;10;0;0;2;1;5;A01
201500012078;0;14;0;0;2;1;1;B02
201500012079;0;7;0;0;1;2;2;A01
201500012080;0;33;0;0;2;1;2;A01
201500012080;0;20;0;0;0;4;0;B02
201500012081;0;7;0;2;0;1;1;A01
201500012082;0;30;0;0;2;1;17;B02
201500012082;0;33;0;0;2;1;13;A01
201500012083;0;1;0;0;0;4;1;B02
201500012083;0;7;0;0;0;9;14;A01
201500012084;0;7;0;0;2;3;15;B02
201500012084;0;37;0;0;2;3;16;A01
201500012085;0;7;0;3;0;3;2;A01
201500012085;0;7;0;0;2;0;1;B02
201500012086;0;10;0;0;2;1;2;B02
201500012086;0;14;0;0;2;4;2;A01
201500012087;0;7;0;13;0;1;14;A01
201500012088;0;10;0;0;2;3;1;B02
201500012088;0;10;0;4;0;3;13;A01
201500012089;0;10;0;0;2;2;0;B02
201500012089;0;17;0;0;2;6;23;A01
201500012090;0;33;0;0;0;8;1;A01
201500012091;0;7;0;0;2;6;13;A01
201500012091;0;14;0;0;2;2;1;B02
201500012092;0;7;0;0;2;1;1;A01
201500012092;0;7;0;0;0;6;14;B02
201500012093;0;7;0;0;0;6;1;A01
201500012093;0;15;0;0;2;2;12;B02
201500012094;0;7;0;0;2;1;2;A01
201500012094;0;7;0;0;0;4;2;B02
201500012095;0;10;0;0;2;7;12;A01
201500012095;0;33;0;0;2;6;1;B02
201500012096;0;7;0;0;2;4;12;B02
201500012096;0;7;0;0;2;1;2;A01
201500012097;0;7;0;0;2;1;2;A01
201500012097;0;7;0;0;2;5;2;D04
201500012097;0;7;0;0;2;4;2;C03
201500012097;0;7;0;0;2;4;2;B02
201500012098;0;7;0;4;0;1;2;A01
201500012099;1;7;0;0;2;8;11;B02
201500012099;0;33;0;0;2;7;17;A01
201500012100;0;7;0;0;1;1;1;A01
201500012101;0;7;0;3;0;2;1;A01
201500012102;0;7;0;3;0;2;1;A01
201500012103;0;31;0;0;0;7;13;A01
201500012104;0;33;0;0;2;7;17;B02
201500012104;0;10;0;0;2;8;13;A01
201500012105;0;17;0;0;2;6;24;A01
201500012105;0;13;0;1;0;2;1;B02
201500012106;0;7;0;0;2;1;1;A01
201500012106;0;7;0;3;2;4;2;B02
201500012107;0;17;0;0;2;2;1;B02
201500012107;0;7;0;0;2;3;9;A01
201500012108;0;31;0;0;0;0;12;A01
201500012109;0;17;0;0;0;0;1;B02
201500012109;0;7;0;3;0;1;14;A01
201500012109;0;7;0;0;0;0;1;C03
201500012110;0;34;0;0;2;1;1;B02
201500012110;0;10;0;0;2;2;12;A01
201500012111;0;33;0;0;2;6;2;A01
201500012112;0;15;0;0;2;4;4;A01
201500012112;0;33;0;0;2;3;2;B02
201500012113;0;7;0;3;0;2;1;A01
201500012114;0;7;0;4;0;1;0;A01
201500012115;0;14;0;0;2;8;13;A01
201500012115;0;7;0;0;2;7;1;B02
201500012116;0;33;0;4;0;8;21;A01
201500012117;0;17;0;0;1;2;2;A01
201500012118;0;7;0;0;2;7;1;B02
201500012118;0;33;0;0;2;8;18;A01
201500012119;0;33;0;0;2;9;3;A01
201500012119;0;17;0;0;2;0;1;C03
201500012119;0;14;0;0;2;0;1;B02
201500012120;0;33;0;0;0;8;2;A01
201500012121;0;32;0;4;0;2;1;A01
201500012122;0;7;0;0;0;1;1;A01
201500012123;0;33;0;0;0;7;17;A01
201500012124;0;7;0;4;0;1;1;A01
201500012125;0;7;0;4;0;8;3;A01
201500012126;0;15;0;0;2;8;11;C03
201500012126;0;7;0;0;2;6;11;A01
201500012126;0;7;0;0;2;2;1;B02
201500012127;0;7;0;0;2;1;2;A01
201500012127;0;17;0;0;0;4;2;C02
201500012128;0;10;0;0;9;2;1;A01
201500012129;0;30;0;0;2;1;1;A01
201500012129;0;7;0;0;2;2;15;B02
201500012130;0;7;0;0;1;2;1;A01
201500012131;0;7;0;0;2;1;1;A01
201500012131;0;38;1;0;2;1;1;B02
201500012132;0;7;0;0;2;2;2;A01
201500012132;0;1;0;0;2;8;1;B02
201500012133;0;7;0;0;1;1;1;A01
201500012134;0;10;0;0;1;3;1;A01
201500012135;0;15;0;4;9;6;2;B02
201500012135;0;7;0;4;2;3;1;C03
201500012135;0;33;0;4;2;7;17;A01
201500012136;0;7;0;5;0;3;1;A01
201500012137;0;7;0;0;9;1;1;A01
201500012137;0;33;0;0;2;1;0;B02
201500012138;0;7;0;0;1;1;0;A01
201500012139;0;7;0;0;2;2;1;A01
201500012139;0;1;0;0;2;1;5;B02
201500012140;0;33;0;0;0;7;1;A01
201500012141;0;7;0;5;0;2;1;A01
201500012142;0;7;0;0;1;3;1;A01
201500012143;0;7;0;0;2;1;1;B02
201500012143;0;7;0;0;2;1;13;A01
201500012144;0;7;0;0;0;1;0;A01
201500012145;0;7;0;0;2;3;2;A01
201500012145;0;33;0;0;2;2;2;B02
201500012146;0;7;0;0;1;3;1;A01
201500012147;0;7;0;0;9;2;3;A01
201500012147;0;33;0;0;0;1;3;B02
201500012148;0;7;0;0;0;1;1;B02
201500012148;0;7;0;0;0;1;13;A01
201500012149;0;7;0;0;1;7;1;A01
201500012150;0;7;0;0;2;8;15;A01
201500012150;0;33;0;0;2;0;3;B02
201500012151;0;7;0;0;2;8;15;A01
201500012151;0;7;0;0;2;2;1;B02
201500012152;0;7;0;0;2;7;15;A01
201500012152;0;7;0;0;2;1;1;B02
201500012153;0;7;0;0;1;1;1;A01
201500012154;0;7;0;0;1;3;1;A01
201500012155;0;10;0;0;2;2;17;A01
201500012155;0;1;0;0;2;6;15;B02
201500012156;0;10;0;8;0;1;1;A01
201500012157;0;7;0;0;0;8;1;A01
201500012158;0;7;0;3;0;7;1;A01
201500012159;0;14;0;0;2;1;1;B02
201500012159;0;7;0;0;2;2;15;A01
201500012160;0;14;0;0;6;8;19;A01
201500012161;0;7;0;13;0;1;1;A01
201500012162;0;7;0;2;2;3;5;A01
201500012162;0;15;0;0;2;3;1;B02
201500012163;0;7;0;0;2;3;1;C03
201500012163;0;7;0;0;2;4;15;A01
201500012163;0;15;0;0;2;3;2;B02
201500012164;0;17;0;14;0;1;2;A01
201500012164;0;15;0;0;0;4;2;B02
201500012165;0;7;0;0;2;3;13;A01
201500012165;0;7;0;0;2;1;1;B02
201500012165;0;7;0;0;2;3;2;C03
201500012166;0;38;8;0;2;3;1;B02
201500012166;0;7;0;0;2;3;13;A01
201500012167;0;14;0;0;2;3;1;B02
201500012167;0;7;0;0;2;3;13;A01
201500012168;0;7;0;0;2;8;24;A01
201500012168;0;14;0;1;0;7;1;B02
201500012169;0;14;0;0;1;4;4;A01
201500012170;0;7;0;0;2;1;1;A01
201500012170;0;7;0;0;0;4;23;B01
201500012171;0;10;0;0;2;8;13;A01
201500012171;0;10;0;0;2;3;1;B01
201500012171;0;7;0;0;2;1;1;C01
201500012172;0;7;0;6;0;1;0;A01
201500012173;0;7;0;0;2;1;1;B01
201500012173;0;7;0;0;2;1;15;A01
201500012174;0;7;0;0;2;3;13;A01
201500012174;0;7;0;0;2;1;1;C01
201500012174;0;7;0;0;2;8;1;B01
201500012175;0;7;0;0;0;0;11;A01
201500012175;0;33;0;0;0;0;1;B01
201500012176;0;7;0;0;2;2;19;A01
201500012176;0;10;0;0;2;2;1;B01
201500012177;0;20;0;0;2;1;1;B01
201500012177;0;7;0;0;2;1;13;A01
201500012178;1;14;0;0;1;3;1;Z01
201500012179;0;10;0;0;2;4;1;A01
201500012179;0;7;0;0;2;1;1;B02
201500012180;0;10;0;0;2;2;14;B02
201500012180;0;7;0;0;2;8;1;A01
201500012181;0;33;0;13;0;1;1;A01
201500012182;0;1;0;0;2;8;1;B02
201500012182;0;7;0;0;9;7;14;A01
201500012183;0;37;0;0;0;5;16;A01
201500012183;0;1;0;0;2;3;18;B02
201500012184;0;7;0;0;2;8;9;A01
201500012184;0;7;0;0;2;1;1;B01
201500012185;0;2;0;0;0;1;13;A01
201500012185;0;31;0;0;9;1;1;B01
201500012186;0;33;0;8;0;0;0;A01
201500012187;0;7;0;0;2;2;1;A01
201500012187;0;7;0;0;2;8;0;B01
201500012188;0;17;0;3;2;1;6;A01
201500012188;0;7;0;0;9;1;21;C03
201500012188;0;17;0;0;2;3;1;B02
201500012189;0;15;0;0;2;2;1;B02
201500012189;0;7;0;0;9;1;1;C03
201500012189;0;15;0;0;2;6;9;A01
201500012190;0;14;0;3;0;2;1;A01
201500012191;0;99;0;0;2;8;0;B02
201500012191;0;7;0;0;2;2;14;A01
201500012192;0;33;0;3;0;3;9;A01
201500012193;0;7;0;2;0;7;1;A01
201500012194;0;7;0;3;0;3;23;A01
201500012194;0;7;0;14;2;1;1;C03
201500012194;0;7;0;0;1;2;1;B02
201500012195;0;7;0;0;2;1;2;B02
201500012195;0;7;0;3;0;3;21;A01
201500012196;0;7;0;0;2;1;2;A01
201500012196;0;7;0;0;0;4;2;B02
201500012197;0;10;0;0;2;2;1;A01
201500012197;0;14;0;0;2;3;2;B02
201500012197;0;7;0;0;2;1;2;C03
201500012198;0;17;0;0;2;2;21;B02
201500012198;0;7;0;0;2;6;13;A01
201500012199;0;17;0;13;2;2;21;B01
201500012199;0;7;0;13;2;2;17;A01
201500012200;0;15;0;0;2;4;23;C03
201500012200;0;15;0;0;2;1;1;A01
201500012200;0;15;0;0;2;4;23;B02
201500012201;0;7;0;13;0;1;17;A01
201500012202;0;7;0;0;2;4;2;E05
201500012202;0;7;0;0;2;4;1;D04
201500012202;0;10;0;0;2;4;2;C03
201500012202;0;7;0;0;2;7;1;B02
201500012202;0;7;0;0;2;1;2;A01
201500012203;0;7;0;0;2;3;13;A01
201500012203;0;31;0;0;2;7;17;B02
201500012204;0;14;0;0;2;1;2;B02
201500012204;0;15;0;0;0;5;1;A01
201500012205;0;10;0;0;2;8;9;A01
201500012205;0;31;0;0;2;2;1;B02
201500012206;0;33;0;0;0;7;1;A01
201500012207;0;7;0;3;0;2;1;A01
201500012208;0;7;0;0;2;2;1;A01