num_acc;senc;catv;occutc;obs;obsm;choc;manv;num_veh
201500012208;0;7;0;0;2;4;2;C03
201500012208;0;7;0;0;2;4;2;B02
201500012208;0;33;0;0;2;1;1;D04
201500012209;0;7;0;0;2;2;2;A01
201500012209;0;33;0;0;2;4;2;B02
201500012210;0;7;0;14;0;1;1;A01
201500012211;0;7;0;3;0;1;0;A01
201500012212;0;7;0;4;0;1;19;A01
201500012213;0;31;0;3;0;3;0;A01
201500012214;0;7;0;3;0;1;21;A01
201500012215;0;7;0;0;0;4;23;A01
201500012215;0;33;0;0;2;1;21;B02
201500012216;0;7;0;8;0;1;0;A01
201500012217;0;7;0;0;2;1;17;B02
201500012217;0;21;0;0;2;3;15;A01
201500012218;0;33;0;0;0;8;0;A01
201500012219;0;33;0;0;2;1;1;B02
201500012219;0;10;0;0;2;7;19;A01
201500012220;0;33;0;13;0;7;1;A01
201500012221;0;33;0;0;0;8;1;A01
201500012222;0;7;0;6;0;1;1;A01
201500012223;0;7;0;2;0;3;14;A01
201500012224;0;7;0;4;0;1;1;A01
201500012225;0;38;0;0;2;3;1;B02
201500012225;0;7;0;0;2;2;1;A01
201500012226;0;7;0;0;2;7;1;B02
201500012226;0;33;0;0;2;3;9;A01
201500012227;0;7;0;3;0;1;14;A01
201500012228;0;7;0;3;0;7;1;A01
201500012229;0;7;0;4;0;9;1;A01
201500012230;0;7;0;4;0;3;1;A01
201500012231;0;7;0;13;0;2;1;A01
201500012232;0;7;0;3;0;2;1;B02
201500012232;0;7;0;0;0;1;0;A01
201500012233;0;10;0;0;2;8;19;A01
201500012233;0;15;0;0;2;2;1;B02
201500012234;0;7;0;0;2;1;1;C03
201500012234;0;7;0;0;2;1;1;A01
201500012234;0;31;0;0;2;4;1;B02
201500012235;0;7;0;13;0;1;14;A01
201500012236;0;14;0;0;2;2;13;A01
201500012236;0;10;0;0;0;6;15;B02
201500012236;0;7;0;0;2;1;1;C03
201500012237;0;7;0;13;0;4;1;A01
201500012238;0;15;0;0;0;3;0;B02
201500012238;0;7;0;0;2;1;0;A01
201500012239;0;38;42;0;2;2;1;B02
201500012239;0;7;0;0;2;1;13;A01
201500012239;0;7;0;0;2;0;21;C03
201500012240;0;7;0;0;2;1;1;C03
201500012240;0;7;0;0;2;1;1;B02
201500012240;0;14;0;0;2;4;2;A01
201500012241;0;7;0;3;0;2;1;A01
201500012242;0;33;0;0;2;1;1;B02
201500012242;0;15;0;0;2;5;11;A01
201500012243;0;33;0;0;0;8;2;A01
201500012244;0;7;0;0;2;7;12;A01
201500012244;0;10;0;0;2;8;1;B02
201500012245;0;31;0;0;2;1;2;A01
201500012245;0;7;0;0;0;4;2;B02
201500012246;0;7;0;0;2;2;13;A01
201500012246;0;7;0;0;2;6;1;B02
201500012247;0;14;0;0;0;4;11;A01
201500012247;0;7;0;0;2;1;1;B02
201500012248;0;14;0;2;0;3;14;A01
201500012249;0;7;0;0;2;4;2;A01
201500012249;0;10;0;0;2;1;2;B02
201500012250;0;7;0;13;0;1;1;A01
201500012251;0;7;0;3;0;2;1;A01
201500012252;0;7;0;3;0;1;1;A01
201500012253;0;7;0;3;0;4;14;A01
201500012254;0;14;0;0;2;1;2;A01
201500012254;0;7;0;0;2;4;4;B02
201500012255;0;15;0;0;2;8;13;A01
201500012255;0;10;0;0;2;8;1;B02
201500012256;0;7;0;4;0;8;17;A01
201500012257;0;7;0;0;2;1;17;A01
201500012257;0;14;0;0;2;3;1;B02
201500012257;0;14;0;3;0;3;1;C03
201500012257;0;7;0;0;2;3;1;D04
201500012258;0;30;0;0;2;1;19;B02
201500012258;0;14;0;0;2;3;1;A01
201500012259;0;14;0;0;2;3;15;A01
201500012259;0;33;0;6;2;1;17;B02
201500012260;0;7;0;13;0;2;1;A01
201500012261;0;15;0;1;0;1;1;A01
201500012261;0;10;0;0;0;4;23;B02
201500012262;0;15;0;3;0;8;1;A01
201500012263;0;17;0;0;2;4;1;B02
201500012263;0;7;0;0;2;8;17;A01
201500012264;0;7;0;0;2;2;17;A01
201500012264;0;7;0;0;2;6;13;B02
201500012265;0;7;0;8;0;1;1;A01
201500012266;0;7;0;4;0;3;1;A01
201500012266;0;15;0;14;0;3;1;B02
201500012266;0;7;0;14;0;1;1;C03
201500012266;0;7;0;14;0;3;1;D04
201500012267;0;7;0;0;2;8;5;A01
201500012267;0;7;0;0;2;8;17;B02
201500012267;0;14;0;0;2;8;1;C03
201500012268;0;33;0;0;0;8;1;A01
201500012269;0;14;0;0;2;2;2;A01
201500012269;0;1;0;0;2;0;2;B02
201500012270;0;7;0;13;0;1;1;A01
201500012271;0;7;0;2;0;3;1;A01
201500012272;0;7;0;3;2;2;14;A01
201500012272;0;7;0;0;0;6;1;B02
201500012273;0;7;0;3;2;3;13;A01
201500012273;0;7;0;3;2;2;1;B02
201500012274;0;10;0;0;2;1;2;B02
201500012274;0;17;0;0;0;4;2;A01
201500012275;0;14;0;0;2;3;1;A01
201500012275;0;7;0;0;2;1;13;B02
201500012276;0;7;0;0;1;1;1;A01
201500012277;0;14;0;0;2;2;1;B02
201500012277;0;30;0;0;0;4;1;A01
201500012278;0;1;0;0;2;1;1;B02
201500012278;0;10;0;0;9;3;15;A01
201500012279;0;7;0;0;0;0;1;A01
201500012280;0;7;0;0;0;7;0;A01
201500012280;0;1;0;0;0;4;0;B02
201500012281;0;7;0;8;1;2;14;A01
201500012282;0;7;0;6;0;1;0;A01
201500012283;0;7;0;0;1;7;1;A01
201500012284;0;7;0;0;1;2;0;A01
201500012285;0;7;0;0;9;1;15;A01
201500012285;0;1;0;0;2;8;1;B02
201500012286;0;34;0;0;2;3;1;B02
201500012286;0;7;0;0;2;3;15;A01
201500012287;0;7;0;0;2;3;15;A01
201500012287;0;33;0;0;2;1;17;B02
201500012288;0;7;0;0;2;3;1;B02
201500012288;0;7;0;0;2;3;1;A01
201500012289;0;30;0;5;0;1;1;A01
201500012290;0;7;0;0;2;3;9;B02
201500012290;0;30;0;0;2;2;2;A01
201500012291;0;7;0;13;0;1;12;A01
201500012292;0;37;1;0;2;1;2;A01
201500012292;0;10;0;0;2;2;2;B02
201500012293;0;30;0;0;2;1;1;B02
201500012293;0;7;0;0;2;7;15;A01
201500012294;0;7;0;0;1;1;1;A01
201500012295;0;33;0;0;0;0;17;A01
201500012296;0;33;0;0;2;1;1;A01
201500012296;0;7;0;0;0;8;9;B02
201500012297;0;33;0;0;2;1;1;A01
201500012297;0;7;0;0;2;5;12;B02
201500012298;0;30;0;0;2;1;2;B02
201500012298;0;7;0;0;2;8;15;A01
201500012299;0;34;0;0;1;3;1;A01
201500012300;0;7;0;0;2;5;15;B02
201500012300;0;33;0;0;2;1;1;A01
201500012301;0;7;0;0;2;3;13;B02
201500012301;0;7;0;0;2;3;1;A01
201500012302;0;7;0;0;2;3;19;A01
201500012302;0;7;0;0;2;1;1;B02
201500012303;0;33;0;0;2;1;2;A01
201500012303;0;7;0;0;2;5;2;B02
201500012304;0;7;0;0;2;8;1;B02
201500012304;0;10;0;0;2;1;1;A01
201500012305;0;31;0;0;0;0;2;A01
201500012305;0;7;0;0;2;3;13;B02
201500012306;0;7;0;1;0;1;13;B02
201500012306;0;7;0;13;2;1;23;A01
201500012307;0;7;0;0;1;2;2;A01
201500012308;0;7;0;0;2;3;1;B02
201500012308;0;7;0;0;2;1;19;A01
201500012309;0;7;0;2;0;1;1;A01
201500012310;0;7;0;0;0;0;1;A01
201500012311;0;30;0;0;0;4;1;A01
201500012311;0;7;0;0;2;0;1;B02
201500012312;0;7;0;0;0;8;15;A01
201500012312;0;7;0;0;2;1;1;B02
201500012313;0;33;0;0;2;1;15;B02
201500012313;0;7;0;0;2;2;1;A01
201500012314;0;7;0;3;0;1;3;A01
201500012315;0;7;0;0;2;1;2;A01
201500012315;0;7;0;0;0;4;1;B02
201500012316;0;10;0;0;2;2;1;A01
201500012316;0;17;0;0;0;5;0;B02
201500012317;0;10;0;0;1;5;20;A01
201500012318;0;7;0;0;2;4;2;B02
201500012318;0;7;0;0;2;4;2;C03
201500012318;0;17;0;0;2;1;2;A01
201500012319;0;14;0;3;0;3;2;A01
201500012320;0;7;0;1;0;4;24;A01
201500012320;0;13;0;1;0;1;14;B02
201500012321;0;7;0;0;2;6;23;A01
201500012321;0;7;0;0;2;2;12;B02
201500012322;0;10;0;0;0;6;0;A01
201500012322;0;7;0;0;2;2;2;B02
201500012322;0;7;0;0;2;1;2;C03
201500012323;0;38;0;5;0;2;15;A01
201500012324;0;15;0;0;0;4;0;B02
201500012324;0;7;0;0;2;1;0;A01
201500012325;0;7;0;3;0;3;14;A01
201500012326;0;7;0;0;2;5;2;A01
201500012326;0;7;0;13;0;6;2;B02
201500012327;0;7;0;0;2;1;2;A01
201500012327;0;17;0;0;0;4;2;B02
201500012328;0;15;0;0;2;4;2;B02
201500012328;0;10;0;0;2;3;2;A01
201500012329;0;7;0;0;2;2;2;A01
201500012329;0;17;0;0;0;6;2;B02
201500012330;0;7;0;4;0;9;2;A01
201500012331;0;10;0;0;2;3;1;A01
201500012331;0;17;0;0;2;5;1;B02
201500012332;0;7;0;13;0;5;1;A01
201500012333;0;7;0;16;0;1;1;A01
201500012334;0;7;0;3;0;3;1;A01
201500012335;0;7;0;0;9;7;1;A01
201500012335;0;1;0;0;2;1;5;B02
201500012336;0;10;0;0;2;7;15;A01
201500012336;0;31;0;0;2;1;1;B02
201500012337;0;34;0;0;2;1;17;A01
201500012337;0;7;0;0;2;3;1;B02
201500012337;0;7;0;0;2;8;1;C03
201500012338;0;7;0;0;2;1;1;A01
201500012338;0;38;42;0;2;8;1;B02
201500012339;0;7;0;0;1;3;1;A01
201500012340;0;7;0;0;1;2;1;A01
201500012341;0;7;0;0;2;2;1;A01
201500012341;0;7;0;0;2;3;15;B02
201500012342;0;34;0;0;2;1;1;A01
201500012342;0;10;0;0;2;8;19;B02
201500012343;0;7;0;0;2;7;19;A01
201500012343;0;33;0;0;2;1;2;B02
201500012344;0;33;0;9;0;1;0;A01
201500012345;0;7;0;0;1;2;1;A01
201500012346;0;7;0;0;1;2;1;A01
201500012347;0;30;0;0;0;4;2;B02
201500012347;0;10;0;0;2;2;2;A01
201500012348;0;15;0;0;2;3;1;B02
201500012348;0;7;0;0;2;3;5;A01
201500012349;0;7;0;0;2;1;2;A01
201500012349;0;7;0;0;2;1;1;B02
201500012350;0;7;0;0;2;3;13;A01
201500012350;0;7;0;3;2;2;1;B02
201500012351;0;10;0;0;0;4;23;B02
201500012351;0;17;0;14;0;1;2;A01
201500012352;0;7;0;14;0;1;2;C03
201500012352;0;7;0;0;2;1;2;A01
201500012352;0;10;0;0;0;4;2;B02
201500012352;0;7;0;14;0;1;2;D04
201500012353;0;7;0;14;0;1;1;B02
201500012353;0;7;0;14;0;1;0;C03
201500012353;0;17;0;4;2;2;1;A01
201500012354;0;7;0;0;2;1;2;A01
201500012354;0;38;10;0;0;4;2;B02
201500012355;0;38;10;0;2;3;1;B02
201500012355;0;7;0;0;2;3;13;A01
201500012356;0;7;0;0;2;3;13;A01
201500012356;0;14;0;0;2;3;21;B02
201500012357;0;7;0;6;0;9;0;A01
201500012358;0;7;0;0;2;1;13;A01
201500012358;0;7;0;0;2;1;21;B02
201500012359;0;33;0;0;2;1;1;A01
201500012359;0;7;0;0;2;7;19;B02
201500012360;0;7;0;13;0;3;1;A01
201500012361;0;7;0;0;1;1;1;A01
201500012362;0;7;0;0;2;7;21;B02
201500012362;0;1;0;0;2;1;13;A01
201500012363;0;7;0;0;0;3;5;A01
201500012363;0;7;0;0;0;3;1;B02
201500012364;0;7;0;0;2;3;1;A01
201500012364;0;7;0;0;2;3;1;B02
201500012365;0;7;0;0;1;8;20;A01
201500012366;0;7;0;0;2;7;13;A01
201500012366;0;7;0;13;2;3;21;B02
201500012367;0;33;0;0;2;1;17;A01
201500012367;0;7;0;0;2;8;15;B02
201500012368;0;30;0;0;0;8;1;A01
201500012369;0;31;0;12;0;1;1;A01
201500012370;0;7;0;0;2;3;1;B02
201500012370;0;7;0;0;2;2;1;A01
201500012371;0;7;0;0;2;3;9;B02
201500012371;0;7;0;0;2;2;1;A01
201500012372;0;1;0;0;2;8;1;B02
201500012372;0;7;0;0;2;2;17;A01
201500012372;0;1;0;0;2;8;1;C03
201500012373;0;10;0;0;2;3;21;B02
201500012373;0;10;0;0;2;3;13;A01
201500012374;0;7;0;15;0;2;1;A01
201500012375;0;7;0;0;0;0;0;A01
201500012376;0;2;0;0;2;1;1;A01
201500012376;0;10;0;0;2;3;1;B02
201500012377;0;7;0;0;0;3;13;A01
201500012378;0;33;0;0;0;1;1;A01
201500012379;0;7;0;0;2;1;1;B02
201500012379;0;7;0;0;2;5;13;A01
201500012380;0;33;0;0;2;1;1;B02
201500012380;0;7;0;0;2;3;15;A01
201500012381;0;15;0;0;0;3;1;B02
201500012381;0;7;0;0;2;3;13;A01
201500012382;0;7;0;2;0;8;13;A01
201500012383;0;7;0;0;0;9;1;A01
201500012384;0;7;0;0;2;2;9;B02
201500012384;0;33;0;0;2;2;1;A01
201500012385;0;7;0;6;0;1;19;A01
201500012386;0;7;0;0;1;2;1;A01
201500012387;0;1;0;0;0;0;1;A01
201500012388;0;33;0;0;0;1;1;A01
201500012389;0;33;0;0;0;3;1;A01
201500012390;0;7;0;0;2;1;1;B02
201500012390;0;7;0;0;2;1;15;A01
201500012391;0;30;0;0;2;1;1;B02
201500012391;0;7;0;0;2;6;19;A01
201500012392;0;7;0;0;2;8;9;A01
201500012392;0;33;0;0;2;1;17;B02
201500012393;0;7;0;13;0;7;1;A01
201500012394;0;7;0;0;0;5;17;A01
201500012394;0;2;0;0;0;3;1;B02
201500012395;0;30;0;0;0;8;1;A01
201500012396;0;7;0;2;0;1;13;A01
201500012397;0;33;0;0;6;1;17;A01
201500012398;0;10;0;0;2;1;11;A01
201500012398;0;33;0;0;2;1;1;B02
201500012399;0;33;0;0;6;1;21;A01
201500012400;0;10;0;0;2;9;5;A01
201500012400;0;31;0;0;2;1;1;B02
201500012401;0;1;0;0;2;1;1;B02
201500012401;0;7;0;0;9;4;1;A01
201500012402;0;7;0;0;2;0;15;B02
201500012402;0;30;0;0;2;8;1;A01
201500012403;0;33;0;14;0;1;0;A01
201500012404;0;33;0;0;6;1;19;A01
201500012405;0;7;0;0;0;3;9;A01
201500012405;0;1;0;0;2;1;1;B02
201500012406;0;7;0;0;2;1;1;B02
201500012406;0;7;0;0;2;7;13;A01
201500012407;0;33;0;8;0;1;1;A01
201500012408;0;7;0;0;2;8;19;B02
201500012408;0;7;0;0;2;1;1;A01
201500012409;0;7;0;0;0;5;15;B02
201500012409;0;31;0;0;2;1;3;A01
201500012410;0;33;0;0;1;1;1;A01
201500012411;0;7;0;0;2;1;1;D04
201500012411;0;31;0;0;2;0;17;A01
201500012411;0;7;0;0;2;8;1;B02
201500012411;0;7;0;0;2;3;1;C03
201500012412;0;1;0;0;2;8;15;B02
201500012412;0;10;0;0;2;5;4;A01
201500012413;0;7;0;0;2;5;15;A01
201500012413;0;33;0;0;2;1;1;B02
201500012414;0;33;0;0;2;2;1;B02
201500012414;0;7;0;0;2;4;15;A01
201500012415;0;31;0;0;2;3;1;A01
201500012415;0;7;0;0;2;1;19;B02
201500012416;0;33;0;0;2;1;3;A01
201500012416;0;7;0;0;2;0;10;B02
201500012417;0;7;0;0;2;2;15;A01
201500012417;0;2;0;0;2;1;1;B02
201500012418;0;33;0;0;2;1;17;A01
201500012418;0;7;0;0;2;8;15;B02
201500012419;0;7;0;0;2;7;15;A01
201500012419;0;7;0;0;2;1;1;B02
201500012420;0;1;0;0;2;8;1;B02
201500012420;0;7;0;0;0;1;15;A01
201500012421;0;31;0;0;2;1;1;B02
201500012421;0;7;0;0;2;2;15;A01
201500012422;0;7;0;0;1;2;1;A01
201500012423;0;10;0;0;0;8;23;B02
201500012423;0;7;0;7;2;1;16;A01
201500012424;0;7;0;0;2;1;2;B02
201500012424;0;7;0;0;0;4;2;A01
201500012425;0;33;0;0;2;1;1;B02
201500012425;0;7;0;0;2;3;15;A01
201500012426;0;7;0;0;2;3;1;B02
201500012426;0;30;0;0;2;1;19;A01
201500012427;0;7;0;0;2;1;1;B02
201500012427;0;1;0;0;2;1;19;A01
201500012428;0;7;0;2;0;2;1;A01
201500012429;0;17;0;1;1;3;1;A01
201500012430;0;34;0;0;1;1;1;A01
201500012431;0;1;0;0;2;1;2;B02
201500012431;0;10;0;0;2;4;1;A01
201500012432;0;33;0;0;0;0;1;A01
201500012433;0;7;0;0;1;1;1;A01
201500012434;0;33;0;0;2;5;16;B02
201500012434;0;7;0;0;2;3;19;A01
201500012435;0;7;0;0;2;1;13;A01
201500012435;0;7;0;0;2;1;1;B02
201500012436;0;7;0;13;0;6;1;A01
201500012437;0;33;0;13;0;1;17;A01
201500012438;0;7;0;2;0;1;13;A01
201500012439;0;7;0;0;9;2;1;A01
201500012439;0;1;0;0;0;4;1;B02
201500012440;0;7;0;0;2;1;13;A01
201500012440;0;7;0;0;2;1;1;B02
201500012441;0;7;0;0;2;2;15;A01
201500012441;0;7;0;0;2;2;1;B02
201500012442;0;17;0;6;0;1;14;A01
201500012443;0;7;0;0;2;1;2;A01
201500012443;0;7;0;0;2;4;2;B02
201500012444;0;7;0;0;1;3;0;A01
201500012444;0;7;0;3;0;1;0;B02
201500012445;0;33;0;0;2;1;1;A01
201500012445;0;10;0;0;2;7;15;B02
201500012446;0;7;0;3;0;1;1;A01
201500012447;0;7;0;4;0;1;1;A01
201500012447;0;7;0;4;0;1;2;C03
201500012447;0;7;0;0;2;1;2;B02
201500012448;0;7;0;0;2;2;2;A01
201500012448;0;17;0;0;2;6;2;B02
201500012449;0;33;0;3;0;8;13;A01
201500012450;0;15;0;0;0;6;1;B02
201500012450;0;7;0;0;2;5;17;A01
201500012451;0;7;0;4;0;1;0;A01
201500012452;0;10;0;0;2;1;1;A01
201500012452;0;10;0;0;0;8;19;B02
201500012453;0;33;0;16;0;7;1;A01
201500012454;0;7;0;0;2;7;13;B02
201500012454;0;7;0;0;2;1;1;A01
201500012455;0;7;0;0;2;7;2;C03
201500012455;0;17;0;0;2;2;2;D04
201500012455;0;7;0;3;0;1;1;A01
201500012455;0;7;0;0;2;2;2;B02
201500012456;0;14;0;0;2;1;2;A01
201500012456;0;14;0;0;2;4;23;B02
201500012456;0;14;0;0;2;4;23;C03
201500012457;0;7;0;0;2;1;1;A01
201500012457;0;1;0;0;2;1;5;B02
201500012458;0;99;0;0;0;4;1;B02
201500012458;0;7;0;0;0;2;1;A01
201500012459;0;7;0;0;1;2;1;A01
201500012460;0;1;0;0;0;9;21;B02
201500012460;0;7;0;0;0;0;9;A01
201500012461;0;7;0;13;0;1;1;A01
201500012462;0;7;0;8;0;4;1;A01
201500012463;0;7;0;0;2;1;1;A01
201500012463;0;7;0;0;2;4;15;B02
201500012463;0;7;0;0;2;3;1;C03
201500012464;0;30;0;0;1;2;1;A01
201500012465;0;7;0;0;1;6;1;A01
201500012466;0;10;0;0;1;2;2;A01
201500012467;0;7;0;0;2;3;19;A01
201500012467;0;33;0;0;2;1;17;B02
201500012468;0;7;0;0;2;4;2;A01
201500012468;0;7;0;0;2;1;1;B02
201500012469;0;7;0;0;2;5;16;B02
201500012469;0;32;0;0;2;1;18;A01
201500012470;0;7;0;0;6;8;23;B02
201500012470;0;7;0;0;0;3;23;C03
201500012470;0;33;0;1;0;1;1;A01
201500012471;0;1;0;16;0;9;1;A01
201500012472;0;7;0;0;2;9;1;A01
201500012472;0;7;0;0;2;9;1;B02
201500012473;0;10;0;0;2;8;1;B02
201500012473;0;33;0;0;2;8;13;A01
201500012474;0;7;0;0;2;7;23;C03
201500012474;0;7;0;0;0;5;24;B02
201500012474;0;7;0;1;0;3;1;A01
201500012475;0;33;0;0;0;2;0;A01
201500012476;0;10;0;0;1;5;4;A01
201500012477;0;33;0;13;0;1;1;A01
201500012478;0;7;0;13;0;1;1;A01
201500012479;1;10;0;0;0;0;0;A01
201500012479;0;7;0;0;2;6;1;B02
201500012480;0;7;0;0;2;2;0;A01
201500012480;0;7;0;0;2;1;0;B02
201500012481;0;7;0;0;2;3;1;A01
201500012481;0;7;0;0;2;3;1;B02
201500012482;0;10;0;0;0;8;21;A01
201500012483;0;7;0;3;2;1;9;A01
201500012483;0;7;0;0;2;7;1;B02
201500012484;0;7;0;0;2;1;2;A01
201500012484;0;17;0;0;2;4;2;B02
201500012485;0;7;0;2;0;1;1;A01
201500012486;0;7;0;3;0;9;1;A01
201500012486;0;14;0;1;0;3;2;B02
201500012486;0;10;0;1;0;3;2;C03
201500012487;0;7;0;3;0;1;0;A01
201500012488;0;33;0;0;0;0;1;A01
201500012489;0;33;0;0;2;1;1;B02
201500012489;0;10;0;0;0;4;15;A01
201500012490;0;7;0;0;0;6;17;B02
201500012490;0;33;0;0;2;1;17;A01
201500012491;0;7;0;13;0;1;0;A01
201500012492;0;33;0;0;6;3;0;A01
201500012493;0;7;0;6;0;1;1;A01
201500012494;0;7;0;0;2;1;2;A01
201500012494;0;14;0;0;2;6;2;B02
201500012495;0;7;0;0;2;2;2;A01
201500012495;0;17;0;0;0;0;2;B02
201500012496;0;7;0;0;2;7;1;A01
201500012496;0;33;0;0;2;1;1;B02
201500012497;0;37;0;0;1;8;1;A01
201500012498;0;31;0;8;0;2;1;A01
201500012499;0;7;0;0;0;4;11;A01
201500012499;0;33;0;0;2;1;12;B02
201500012500;0;7;0;0;2;4;1;D04
201500012500;0;17;0;0;2;5;1;B02
201500012500;0;14;0;0;2;3;1;A01
201500012500;0;7;0;0;2;4;1;C03
201500012501;0;7;0;4;0;1;1;A01
201500012502;0;33;0;0;2;7;17;A01
201500012502;0;7;0;0;2;8;2;B02
201500012503;0;7;0;4;0;3;1;A01
201500012504;0;7;0;0;2;7;12;B02
201500012504;0;33;0;0;2;8;18;A01
201500012504;0;7;0;0;2;6;1;C03
201500012505;0;7;0;4;0;3;13;A01
201500012506;0;7;0;7;0;0;2;A01
201500012507;0;7;0;13;0;2;14;A01
201500012508;0;16;0;0;2;2;2;A01
201500012508;0;10;0;10;2;6;2;B03
201500012509;0;7;0;6;0;1;14;A01
201500012510;0;7;0;0;2;1;2;A01
201500012510;0;7;0;0;0;4;2;B02
201500012511;0;7;0;13;0;9;1;A01
201500012512;0;7;0;0;2;1;17;A01
201500012512;0;7;0;0;2;1;1;B02
201500012512;0;10;0;0;2;3;1;C03
201500012513;0;7;0;0;2;1;2;C03
201500012513;0;7;0;0;2;1;2;B02
201500012513;0;7;0;0;2;1;2;A01
201500012513;0;7;0;0;2;1;2;D04
201500012513;0;7;0;0;0;1;2;E05
201500012514;0;17;0;0;2;3;1;A01
201500012514;0;7;0;0;2;3;13;B02
201500012515;0;33;0;0;2;7;1;B02
201500012515;0;7;0;0;2;3;9;A01
201500012516;0;7;0;0;2;3;1;A01
201500012516;0;33;0;0;2;1;1;B02
201500012517;0;7;0;0;2;1;1;A01
201500012517;0;7;0;0;0;1;5;B02
201500012518;0;7;0;0;2;1;1;A01
201500012518;0;7;0;0;2;4;23;B02
201500012519;0;7;0;0;0;8;15;B02
201500012519;0;33;0;0;2;1;1;A01
201500012520;0;7;0;0;2;7;1;B02
201500012520;0;7;0;0;2;1;19;A01
201500012521;0;7;0;0;2;7;9;A01
201500012521;0;33;0;0;2;1;1;B02
201500012522;0;10;0;0;0;0;15;A01
201500012522;0;33;0;0;0;0;21;B02
201500012523;0;7;0;4;0;9;1;A01
201500012524;0;7;0;4;0;1;1;A01
201500012525;0;10;0;0;2;2;14;A01
201500012525;0;15;0;0;0;6;1;B02
201500012526;0;7;0;13;0;1;0;A01
201500012527;0;7;0;3;0;1;1;A01
201500012528;0;14;0;0;2;6;1;B02
201500012528;0;7;0;0;2;2;12;A01
201500012529;0;7;0;0;2;1;2;A01
201500012529;0;7;0;0;2;4;1;B02
201500012530;0;7;0;4;0;2;17;A01
201500012531;0;7;0;0;2;1;1;B02
201500012531;0;7;0;0;0;8;10;A01
201500012532;0;7;0;2;0;8;1;A01
201500012533;0;14;0;13;0;1;13;A01
201500012534;0;10;0;0;2;4;1;A01
201500012534;0;7;0;0;2;4;1;B02
201500012535;0;7;0;0;2;1;2;A01
201500012535;0;7;0;0;2;4;2;B02
201500012536;0;7;0;0;2;1;17;A01
201500012536;0;7;0;0;2;1;1;B02
201500012537;0;7;0;0;0;1;13;A01
201500012537;0;7;0;0;0;1;1;B02
201500012537;0;7;0;0;0;2;1;C03
201500012538;0;7;0;2;0;2;1;A01
201500012539;0;7;0;0;0;3;19;A01
201500012539;0;10;0;0;2;1;1;B02
201500012540;0;7;0;0;0;0;13;A01
201500012541;0;7;0;0;0;3;9;A01
201500012541;0;1;0;0;0;7;1;B02
201500012542;0;7;0;0;0;2;15;A01
201500012542;0;1;0;0;0;1;1;B02
201500012543;0;7;0;0;2;3;16;A01
201500012543;0;33;0;0;2;1;1;B02
201500012544;0;7;0;0;2;1;1;A01
201500012544;0;7;0;0;2;2;19;B02
201500012545;0;7;0;0;2;3;5;B02
201500012545;0;7;0;0;2;3;1;A01
201500012546;0;7;0;0;0;0;1;A01
201500012547;0;7;0;0;2;1;13;A01
201500012547;0;7;0;0;2;1;1;B02
201500012548;0;7;0;8;0;1;1;A01
201500012549;0;31;0;0;6;1;1;A01
201500012550;0;7;0;0;0;3;1;A01
201500012550;0;7;0;0;0;3;0;B02
201500012551;0;7;0;0;2;1;5;C03
201500012551;0;7;0;0;2;1;1;A01
201500012551;0;7;0;0;2;3;2;B02
201500012552;0;7;0;0;0;1;0;A01
201500012553;0;10;0;0;2;1;2;A01
201500012553;0;15;0;0;0;4;2;B02
201500012554;0;7;0;0;2;2;24;A01
201500012554;0;17;0;0;0;4;2;B02
201500012555;0;7;0;13;0;1;17;A01
201500012556;0;7;0;0;0;9;0;A01
201500012557;0;7;0;0;2;2;17;A01
201500012557;0;17;0;0;2;6;1;B02
201500012558;0;7;0;3;0;1;1;A01
201500012559;0;7;0;0;0;9;2;A01
201500012560;0;33;0;13;0;1;1;A01
201500012561;0;7;0;0;0;1;11;A01
201500012562;0;7;0;0;2;3;2;A01
201500012562;0;15;0;0;2;5;2;B02
201500012563;0;7;0;13;0;1;1;A01
201500012564;0;7;0;0;2;4;1;B02
201500012564;0;7;0;0;2;1;17;A01
201500012565;0;7;0;0;2;1;19;B02
201500012565;0;7;0;0;2;7;1;A01
201500012566;0;31;0;11;0;1;16;A01
201500012567;0;33;0;3;0;8;1;A01
201500012568;0;7;0;0;2;4;2;B02
201500012568;0;7;0;0;2;1;2;A01
201500012569;0;10;0;3;0;2;1;A01
201500012570;0;7;0;4;0;2;1;A01
201500012570;0;10;0;14;0;1;1;B02
201500012571;0;7;0;0;0;8;1;B02
201500012571;0;7;0;0;2;2;17;A01
201500012572;0;7;0;0;2;2;2;A01
201500012572;0;17;0;0;0;4;2;B02
201500012573;0;31;0;0;0;1;1;B02
201500012573;0;7;0;0;2;1;1;A01
201500012574;0;7;0;2;0;4;1;A01
201500012575;0;17;0;3;0;7;0;A01
201500012575;0;10;0;0;0;6;1;C03
201500012575;0;7;0;0;2;2;21;D04
201500012576;0;7;0;3;0;2;0;A01
201500012576;0;7;0;0;9;1;1;B02
201500012577;0;7;0;0;0;0;0;A01
201500012578;0;15;0;0;0;7;1;A01
201500012579;0;14;0;6;0;0;1;A01
201500012580;0;7;0;0;2;1;1;A01
201500012580;0;7;0;0;2;4;2;B02
201500012580;0;14;0;0;0;4;1;C03