num_acc;senc;catv;occutc;obs;obsm;choc;manv;num_veh
201500012581;0;7;0;0;1;3;1;A01
201500012582;0;7;0;0;1;2;21;A01
201500012583;0;15;0;1;1;2;14;B02
201500012584;0;17;0;0;0;8;1;A01
201500012585;0;7;0;2;0;7;0;A01
201500012586;0;7;0;0;1;2;1;A01
201500012587;0;7;0;16;0;1;1;A01
201500012588;1;7;0;0;1;0;0;A01
201500012589;0;7;0;0;2;2;2;B01
201500012589;0;7;0;0;2;1;15;A01
201500012590;0;7;0;0;2;2;15;A01
201500012590;0;2;0;0;2;1;1;B01
201500012591;0;7;0;0;2;1;13;A01
201500012592;0;7;0;0;2;3;13;A01
201500012592;0;7;0;0;2;3;1;B01
201500012593;0;7;0;0;2;3;1;A01
201500012593;0;7;0;0;2;5;1;B01
201500012594;2;7;0;0;1;1;19;A01
201500012595;0;7;0;0;9;7;0;A01
201500012595;0;1;0;0;2;0;0;B01
201500012596;0;10;0;0;2;1;1;A01
201500012596;0;7;0;0;2;4;1;B01
201500012597;0;7;0;0;1;1;1;A01
201500012598;0;7;0;0;1;1;1;A01
201500012599;1;7;0;0;1;1;0;A01
201500012600;0;7;0;0;2;0;10;A01
201500012600;0;31;0;0;2;1;2;B01
201500012601;0;7;0;0;2;1;1;A01
201500012601;0;1;0;0;2;7;0;B01
201500012602;0;7;0;2;0;1;14;A01
201500012603;0;7;0;0;2;5;12;A01
201500012603;0;34;0;0;2;9;3;B01
201500012604;1;7;0;0;2;3;13;A01
201500012604;0;1;0;0;2;1;1;B01
201500012605;0;33;0;0;2;1;2;A01
201500012605;0;33;0;0;2;4;2;B01
201500012606;0;2;0;0;2;1;1;A01
201500012606;0;7;0;0;2;4;1;B01
201500012607;0;3;0;0;2;1;0;A01
201500012607;0;7;0;0;2;1;0;B01
201500012608;0;7;0;0;2;3;13;A01
201500012608;0;15;0;0;2;1;1;B01
201500012609;0;30;0;0;2;1;1;B01
201500012610;1;2;0;0;2;1;1;A01
201500012610;0;1;0;0;2;4;13;B01
201500012611;0;7;0;0;2;8;9;A01
201500012611;0;32;0;0;2;1;1;B01
201500012612;0;2;0;0;1;1;1;A01
201500012613;0;31;0;0;1;1;1;A01
201500012614;0;37;30;0;2;7;14;A01
201500012614;0;30;0;0;2;8;21;B01
201500012615;0;1;0;0;2;8;16;B01
201500012615;0;37;45;0;2;3;15;A01
201500012616;0;33;0;0;0;0;0;A01
201500012616;0;10;0;0;0;0;0;B01
201500012617;0;7;0;0;9;3;9;A01
201500012617;0;2;0;0;2;5;2;B01
201500012618;0;7;0;0;2;3;0;A01
201500012618;0;7;0;0;2;3;0;B01
201500012619;0;7;0;0;1;1;2;A01
201500012620;0;7;0;0;2;3;11;A01
201500012620;0;2;0;0;0;7;1;B01
201500012621;0;7;0;0;1;1;1;A01
201500012622;0;7;0;0;2;1;1;A01
201500012622;0;7;0;0;2;4;2;B01
201500012623;0;7;0;1;0;1;16;A01
201500012623;0;7;0;0;0;6;23;B01
201500012624;0;7;0;0;2;2;15;A01
201500012624;0;7;0;0;2;1;2;B01
201500012625;0;7;0;0;2;1;15;A01
201500012625;0;30;0;0;2;1;1;B01
201500012626;2;3;0;0;1;2;1;A01
201500012627;0;7;0;0;2;1;2;A01
201500012627;0;7;0;0;0;4;23;B01
201500012628;0;2;0;0;2;1;1;A01
201500012628;0;7;0;0;2;3;1;B01
201500012629;0;7;0;0;0;3;9;A01
201500012629;0;2;0;0;0;2;1;B01
201500012630;0;7;0;0;2;3;15;A01
201500012630;0;33;0;0;2;1;1;B01
201500012631;0;7;0;0;2;3;15;A01
201500012631;0;30;0;0;2;1;17;B01
201500012632;0;7;0;0;2;6;4;A01
201500012632;0;30;0;0;2;7;1;B01
201500012633;0;7;0;0;2;3;1;B01
201500012633;0;2;0;0;2;8;1;A01
201500012634;0;7;0;0;1;3;15;A01
201500012635;0;7;0;0;1;1;1;A01
201500012636;0;7;0;0;0;1;13;A01
201500012636;0;1;0;0;0;4;13;B01
201500012637;0;7;0;0;1;4;4;A01
201500012638;0;7;0;0;1;3;1;A01
201500012639;0;7;0;0;0;2;15;A01
201500012639;0;30;0;0;0;0;21;B01
201500012640;0;7;0;0;1;3;1;A01
201500012641;0;7;0;0;1;1;16;A01
201500012642;0;7;0;0;2;3;0;A01
201500012642;0;2;0;0;2;1;1;B01
201500012643;0;7;0;0;2;1;1;B02
201500012643;0;7;0;0;0;4;1;A01
201500012644;0;7;0;0;2;1;1;A01
201500012644;0;7;0;0;2;1;1;B02
201500012645;0;7;0;0;9;1;15;A01
201500012645;0;1;0;0;2;1;1;B02
201500012646;0;1;0;1;0;1;1;A01
201500012646;0;7;0;0;0;6;0;B02
201500012647;0;7;0;0;2;1;1;A01
201500012647;0;7;0;0;2;1;1;B02
201500012648;0;7;0;0;9;2;1;A01
201500012648;0;1;0;0;2;8;9;B02
201500012649;0;10;0;0;1;1;1;A01
201500012650;0;10;0;0;2;2;20;A01
201500012650;0;2;0;0;2;8;1;B02
201500012651;0;7;0;0;9;3;1;A01
201500012651;0;99;0;0;0;5;5;B02
201500012652;0;7;0;0;2;8;10;A01
201500012652;0;33;0;0;2;7;2;B02
201500012653;0;33;0;0;0;0;1;A01
201500012654;0;7;0;0;2;1;13;A01
201500012654;0;7;0;0;2;1;1;B02
201500012655;0;7;0;0;0;1;0;B02
201500012655;0;30;0;0;2;1;13;A01
201500012656;0;1;0;0;2;1;1;B02
201500012656;0;7;0;0;2;1;15;A01
201500012657;0;31;0;6;0;2;1;A01
201500012658;0;15;0;0;2;3;1;B02
201500012658;0;7;0;0;2;3;1;A01
201500012659;0;7;0;3;0;1;14;A01
201500012660;0;7;0;13;0;1;14;A01
201500012661;0;7;0;4;0;3;13;A01
201500012662;0;7;0;0;2;2;6;A01
201500012662;0;7;0;0;2;1;1;B02
201500012663;0;10;0;0;0;0;1;B02
201500012663;0;7;0;0;2;0;1;A01
201500012664;0;7;0;0;2;3;15;A01
201500012664;0;30;0;0;2;1;1;B02
201500012665;0;33;0;0;2;1;1;B02
201500012665;0;7;0;0;2;8;1;D04
201500012665;0;7;0;0;2;1;1;C03
201500012665;0;7;0;0;0;6;11;A01
201500012666;0;33;0;0;2;1;2;A01
201500012666;0;30;0;0;0;4;2;B02
201500012667;0;7;0;0;2;3;24;A01
201500012667;0;7;0;1;0;3;1;B02
201500012668;0;7;0;0;1;2;1;A01
201500012669;0;7;0;0;2;1;2;A01
201500012669;0;15;0;0;2;4;2;B02
201500012670;0;7;0;3;0;1;14;A01
201500012671;0;7;0;4;0;3;1;A01
201500012672;0;7;0;3;0;1;1;A01
201500012673;0;7;0;0;0;2;2;B02
201500012673;0;7;0;13;0;1;19;A01
201500012674;0;33;0;0;0;0;1;A01
201500012675;0;7;0;0;2;1;2;A01
201500012675;0;17;0;0;2;4;2;B02
201500012676;0;10;0;0;2;2;15;A01
201500012676;0;31;0;0;2;1;1;B02
201500012677;0;7;0;6;2;1;1;B02
201500012677;0;7;0;6;2;8;19;A01
201500012678;0;7;0;0;2;3;1;B02
201500012678;0;31;0;0;2;1;0;A01
201500012679;0;7;0;0;2;3;13;A01
201500012679;0;7;0;0;2;3;1;B02
201500012680;0;1;0;0;2;2;1;B02
201500012680;0;7;0;0;9;3;19;A01
201500012681;0;7;0;0;2;3;19;A01
201500012681;0;31;0;0;2;1;1;B02
201500012682;0;7;0;2;0;1;13;A01
201500012683;0;10;0;0;2;2;15;A01
201500012683;0;7;0;0;2;1;1;B02
201500012684;0;38;1;3;0;3;1;A01
201500012685;0;7;0;0;9;1;1;B02
201500012685;0;14;0;0;0;0;1;A01
201500012686;0;7;0;4;0;1;1;A01
201500012687;0;7;0;3;0;1;1;A01
201500012688;0;7;0;3;0;2;1;A01
201500012689;0;7;0;0;0;9;1;A01
201500012690;0;7;0;13;0;2;1;A01
201500012691;0;10;0;0;2;3;5;A01
201500012691;0;7;0;0;2;3;1;B02
201500012692;0;7;0;4;0;1;1;A01
201500012693;0;7;0;0;1;1;0;A01
201500012694;0;7;0;1;1;1;2;C01
201500012695;0;7;0;0;2;2;17;A01
201500012695;0;30;0;0;2;1;1;B02
201500012696;0;7;0;0;2;2;19;A01
201500012696;0;30;0;0;2;1;1;B02
201500012697;0;33;0;0;0;7;0;B02
201500012697;0;7;0;0;0;3;0;A01
201500012698;0;7;0;0;2;8;15;B02
201500012698;0;33;0;0;2;1;2;A01
201500012699;0;1;0;0;0;0;0;A01
201500012699;0;7;0;0;2;2;11;B02
201500012700;0;7;0;0;9;2;9;A01
201500012700;0;1;0;0;0;8;2;B02
201500012701;0;7;0;8;0;8;1;A01
201500012702;0;7;0;0;2;5;18;A01
201500012702;0;17;0;0;2;3;1;B02
201500012703;0;33;0;0;0;4;1;B02
201500012703;0;33;0;0;2;1;9;A01
201500012704;0;7;0;3;0;3;1;A01
201500012705;0;7;0;0;2;1;1;B02
201500012705;0;7;0;0;2;3;1;A01
201500012706;0;36;0;15;0;1;13;A01
201500012707;0;1;0;0;2;4;1;A01
201500012707;1;99;0;0;0;0;0;B01
201500012708;0;7;0;0;2;3;1;C01
201500012708;0;7;0;0;2;2;1;B01
201500012708;0;7;0;0;2;3;11;A01
201500012709;0;7;0;1;2;1;0;C01
201500012709;0;7;0;0;2;1;0;A01
201500012709;0;30;0;0;2;1;1;B01
201500012710;0;7;0;0;1;3;1;A01
201500012711;0;30;0;0;2;1;1;B01
201500012711;0;7;0;0;2;2;1;A01
201500012712;1;7;0;0;1;0;0;A01
201500012713;0;7;0;0;2;3;17;A01
201500012713;0;10;0;0;2;3;0;B01
201500012714;0;13;0;0;2;0;1;B01
201500012714;0;7;0;0;0;9;12;A01
201500012715;0;7;0;0;1;1;1;A01
201500012716;0;7;0;0;2;1;1;B01
201500012716;0;7;0;0;2;2;1;A01
201500012717;0;7;0;0;2;2;1;B01
201500012717;0;21;0;0;2;3;1;A01
201500012718;0;33;0;0;0;1;1;A01
201500012719;0;7;0;0;2;1;1;A01
201500012719;0;7;0;0;2;1;1;B01
201500012720;0;7;0;0;0;1;0;A01
201500012721;0;2;0;0;0;0;1;A01
201500012722;0;7;0;0;2;1;1;A01
201500012722;0;7;0;0;2;4;1;B01
201500012723;0;7;0;0;2;2;11;A01
201500012723;0;30;0;0;2;3;1;B01
201500012724;0;7;0;0;2;1;1;A01
201500012724;0;30;0;0;2;4;1;B01
201500012725;0;7;0;0;0;1;0;A01
201500012726;0;7;0;0;1;1;1;A01
201500012727;0;10;0;0;1;4;4;A01
201500012728;0;7;0;0;2;7;1;A01
201500012728;0;2;0;0;2;1;1;B01
201500012729;0;7;0;0;1;5;1;A01
201500012730;0;7;0;0;2;1;6;A01
201500012730;0;1;0;0;2;7;1;B01
201500012731;0;7;0;0;2;1;15;A01
201500012732;0;7;0;0;2;8;1;A01
201500012732;0;10;0;0;2;1;19;B01
201500012733;0;7;0;0;2;8;15;B01
201500012733;0;33;0;0;2;7;17;A01
201500012734;0;31;0;0;2;8;2;A01
201500012734;0;7;0;0;0;0;0;B01
201500012735;0;7;0;0;2;4;2;A01
201500012735;0;7;0;0;2;1;2;B01
201500012735;0;7;0;0;2;1;0;C01
201500012736;0;7;0;0;2;3;1;A01
201500012736;0;7;0;0;2;3;1;B01
201500012737;0;7;0;0;0;9;1;A01
201500012738;0;7;0;0;0;9;1;A01
201500012739;0;1;0;0;2;8;2;B01
201500012739;0;7;0;0;2;2;2;A01
201500012740;0;7;0;0;2;1;1;A01
201500012740;0;7;0;0;2;3;1;B01
201500012741;0;7;0;0;2;1;1;B01
201500012741;0;7;0;0;2;2;19;A01
201500012742;0;7;0;14;0;1;1;A01
201500012743;0;10;0;0;2;4;1;B01
201500012743;0;7;0;0;2;1;2;A01
201500012744;0;7;0;0;2;3;1;B01
201500012744;0;32;0;0;2;7;1;A01
201500012745;0;7;0;0;2;1;1;B01
201500012745;0;7;0;0;2;1;0;A01
201500012746;1;7;0;0;1;1;1;A01
201500012746;0;7;0;0;1;1;1;B01
201500012747;0;1;0;1;0;0;0;A01
201500012748;0;7;0;0;2;1;1;A01
201500012748;0;7;0;0;2;7;1;B01
201500012749;0;10;0;0;2;3;15;A01
201500012749;0;7;0;0;2;3;1;B01
201500012750;0;30;0;0;1;1;1;A01
201500012751;0;7;0;0;2;8;1;B01
201500012751;0;7;0;0;2;1;1;A01
201500012752;0;10;0;0;2;1;1;A01
201500012752;0;33;0;0;2;8;1;B01
201500012753;0;7;0;0;6;2;1;A01
201500012754;0;7;0;0;9;1;1;A01
201500012755;0;7;0;0;2;2;0;A01
201500012755;0;7;0;0;2;1;0;B01
201500012756;0;10;0;0;2;3;13;A01
201500012756;0;7;0;0;2;8;21;B01
201500012756;0;7;0;0;2;1;1;C01
201500012757;0;7;0;0;2;2;0;B01
201500012757;0;7;0;0;2;1;15;A01
201500012758;0;7;0;0;2;8;15;B01
201500012758;0;33;0;0;2;1;1;A01
201500012759;0;7;0;0;1;0;0;A01
201500012760;0;7;0;0;2;1;13;A01
201500012760;0;38;29;0;2;1;1;B01
201500012761;0;7;0;0;1;2;1;A01
201500012762;0;32;0;0;0;9;1;A01
201500012763;0;10;0;0;1;4;0;A01
201500012764;0;2;0;0;9;7;0;A01
201500012765;0;7;0;0;2;2;2;A01
201500012765;0;1;0;0;2;1;2;B01
201500012766;1;99;0;0;1;0;0;A01
201500012767;0;10;0;0;0;8;1;B01
201500012767;0;7;0;0;2;1;1;A01
201500012768;0;2;0;0;0;0;0;B01
201500012768;0;7;0;0;2;1;0;A01
201500012769;0;7;0;0;0;0;0;A01
201500012769;0;2;0;0;0;0;0;B01
201500012770;0;10;0;0;2;3;1;B01
201500012770;0;2;0;0;2;1;1;A01
201500012771;0;33;0;0;2;1;0;B01
201500012771;0;7;0;0;2;2;15;A01
201500012772;0;7;0;0;2;4;4;A01
201500012772;0;33;0;0;2;9;1;B01
201500012773;0;7;0;0;1;7;0;A01
201500012774;0;7;0;0;1;1;1;A01
201500012775;0;7;0;0;2;1;13;A01
201500012775;0;7;0;0;2;1;1;B01
201500012776;0;7;0;0;1;2;1;A01
201500012777;0;7;0;0;2;3;15;A01
201500012777;0;32;0;0;2;1;1;B01
201500012777;0;10;0;0;2;3;23;C01
201500012778;0;7;0;0;2;2;1;B01
201500012778;0;7;0;0;2;1;20;A01
201500012779;0;10;0;0;2;1;13;A01
201500012779;0;2;0;0;2;1;1;B01
201500012780;0;7;0;0;2;2;10;A01
201500012780;0;7;0;0;0;0;0;C01
201500012780;0;33;0;0;2;1;1;B01
201500012781;0;36;0;0;2;6;15;A01
201500012781;0;7;0;0;2;3;1;B01
201500012782;0;7;0;0;2;6;15;B01
201500012782;0;33;0;0;2;1;1;A01
201500012783;0;7;0;0;2;8;13;A01
201500012783;2;7;0;0;2;8;1;B01
201500012783;0;7;0;0;2;0;1;C01
201500012784;0;7;0;0;2;0;1;B01
201500012784;2;7;0;6;2;1;1;A01
201500012785;0;7;0;0;2;1;1;B02
201500012785;0;7;0;0;0;0;0;C03
201500012785;0;7;0;0;0;1;5;A01
201500012786;0;7;0;3;0;7;2;B02
201500012786;0;10;0;0;2;1;1;A01
201500012787;0;7;0;0;0;5;0;B02
201500012787;0;7;0;0;0;3;0;A01
201500012788;0;7;0;0;2;3;1;A01
201500012788;0;31;0;2;2;1;1;B02
201500012788;0;38;130;0;2;3;1;C03
201500012789;0;17;0;0;2;4;2;B02
201500012789;0;7;0;0;2;1;2;A01
201500012790;0;32;0;0;0;1;1;A01
201500012791;0;7;0;13;0;2;1;A01
201500012792;0;17;0;0;2;2;1;A01
201500012792;0;1;0;0;0;4;1;B02
201500012793;0;7;0;0;0;1;0;A01
201500012794;0;10;0;16;0;9;1;A01
201500012795;0;7;0;0;1;1;1;A01
201500012796;0;7;0;0;0;0;0;A01
201500012797;0;15;0;0;0;0;0;A01
201500012798;0;7;0;0;2;1;1;A01
201500012798;0;7;0;0;2;3;15;B01
201500012799;0;33;0;0;1;0;21;A01
201500012800;0;7;0;0;1;3;9;A01
201500012801;0;7;0;0;2;3;0;B01
201500012801;0;7;0;0;2;8;5;A01
201500012802;0;7;0;0;2;4;1;B01
201500012802;0;33;0;0;2;1;21;A01
201500012803;0;7;0;3;0;1;0;A01
201500012804;0;33;0;7;0;1;0;A01
201500012805;0;7;0;0;2;4;23;B01
201500012805;0;7;0;0;2;1;1;A01
201500012806;0;32;0;0;2;1;1;A01
201500012806;0;7;0;0;2;8;0;B01
201500012807;0;7;0;0;1;3;0;A01
201500012808;0;33;0;0;0;7;1;A01
201500012809;0;7;0;0;2;3;24;A01
201500012809;0;7;0;1;0;2;0;B01
201500012810;0;7;0;0;2;1;11;A01
201500012810;0;31;0;0;2;3;2;B01
201500012811;0;7;0;0;2;2;1;B01
201500012811;0;7;0;14;2;9;1;A01
201500012812;0;7;0;2;0;0;0;A01
201500012813;0;7;0;0;2;3;1;B01
201500012813;0;7;0;0;2;0;1;A01
201500012814;0;2;0;0;2;1;1;A01
201500012814;0;13;0;0;0;4;1;B01
201500012815;0;7;0;9;0;1;0;A01
201500012816;0;14;0;0;2;3;13;A01
201500012816;0;14;0;0;2;6;21;B01
201500012817;0;7;0;0;2;5;1;B01
201500012817;0;7;0;0;2;1;0;A01
201500012818;1;7;0;0;2;7;16;A01
201500012818;0;2;0;0;2;1;1;B01
201500012819;0;7;0;0;1;1;21;A01
201500012820;0;1;0;0;1;3;13;A01
201500012821;0;7;0;0;2;2;23;B01
201500012821;0;33;0;14;0;1;1;A01
201500012822;0;7;0;0;2;4;23;B01
201500012822;0;7;0;15;0;1;1;A01
201500012823;0;33;0;0;0;0;0;A01
201500012824;0;31;0;0;2;8;0;A01
201500012824;0;7;0;0;2;6;11;B01
201500012825;0;7;0;0;1;1;1;A01
201500012826;0;1;0;0;2;0;0;B01
201500012826;0;14;0;0;2;4;1;A01
201500012827;0;7;0;0;2;3;13;A01
201500012827;0;7;0;0;2;3;1;B01
201500012828;0;7;0;14;0;1;1;A01
201500012828;0;7;0;0;2;4;23;B01
201500012829;0;33;0;0;2;1;2;B01
201500012829;0;7;0;0;0;3;10;A01
201500012830;0;1;0;0;2;4;1;B01
201500012830;0;7;0;0;2;1;1;A01
201500012831;0;7;0;14;0;3;21;A01
201500012831;0;7;0;0;2;5;23;B01
201500012832;0;7;0;0;2;1;1;A01
201500012832;0;7;0;0;2;4;1;B01
201500012833;0;33;0;0;2;7;21;A01
201500012834;0;7;0;0;2;7;1;B01
201500012834;0;7;0;0;2;4;4;A01
201500012835;0;31;0;0;0;7;0;A01
201500012836;0;2;0;0;2;1;1;A01
201500012836;0;7;0;0;2;3;1;B01
201500012837;0;7;0;0;1;3;1;A01
201500012838;0;7;0;0;2;1;15;B01
201500012838;0;2;0;0;2;1;1;A01
201500012839;0;7;0;0;2;1;1;A01
201500012839;0;7;0;0;2;4;1;B01
201500012839;0;7;0;0;0;4;1;C01
201500012840;0;7;0;0;1;1;1;A01
201500012841;0;32;0;0;2;8;1;B01
201500012841;0;7;0;0;2;1;1;A01
201500012842;0;7;0;0;2;1;1;A01
201500012842;0;7;0;0;2;4;1;B01
201500012843;0;7;0;0;2;1;1;A01
201500012843;0;7;0;0;2;0;1;B01
201500012844;0;7;0;0;0;0;15;A01
201500012845;0;7;0;0;1;4;4;A01
201500012846;0;7;0;0;2;1;1;B01
201500012846;0;7;0;0;2;2;1;A01
201500012847;0;10;0;0;2;2;1;A01
201500012847;0;15;0;0;2;3;1;B01
201500012848;0;10;0;0;1;1;1;A01
201500012849;0;7;0;2;0;9;13;A01
201500012850;0;7;0;0;2;1;9;A01
201500012850;0;1;0;0;2;0;15;B01
201500012851;0;7;0;0;1;1;1;A01
201500012852;0;7;0;0;2;4;1;B01
201500012852;0;7;0;0;2;1;1;A01
201500012853;0;2;0;0;2;1;1;B01
201500012853;0;7;0;0;2;3;15;A01
201500012854;0;7;0;0;2;1;1;A01
201500012854;0;7;0;0;2;4;1;B01
201500012855;0;7;0;0;2;4;1;B01
201500012855;0;7;0;0;2;1;1;A01
201500012856;0;7;0;0;1;1;16;A01
201500012857;0;7;0;0;1;1;2;A01
201500012858;0;2;0;0;0;0;0;A01
201500012858;0;7;0;0;2;3;15;B01
201500012859;0;7;0;0;1;1;1;A01
201500012860;0;7;0;0;2;8;0;A01
201500012861;0;2;0;0;1;1;1;A01
201500012862;0;7;0;0;2;1;13;A01
201500012862;0;7;0;0;2;1;1;B01
201500012863;0;7;0;0;2;1;1;A01
201500012863;0;7;0;0;2;5;1;B01
201500012864;0;7;0;0;2;6;1;A01
201500012864;0;10;0;0;2;1;1;B01
201500012865;0;7;0;0;2;1;1;A01
201500012865;0;7;0;0;2;4;1;B01
201500012866;0;7;0;0;2;1;1;A01
201500012866;0;1;0;0;2;0;12;B01
201500012867;0;7;0;1;2;2;1;B01
201500012867;0;7;0;0;2;1;1;A01
201500012868;0;30;0;0;0;0;1;A01
201500012869;0;1;0;0;2;8;19;B01
201500012869;1;7;0;0;2;1;1;A01
201500012870;0;7;0;0;2;0;2;A01
201500012870;0;31;0;0;2;7;1;B01
201500012871;0;34;0;0;0;4;2;B01
201500012871;0;7;0;0;2;1;1;A01
201500012872;0;7;0;0;2;3;1;A01
201500012872;0;7;0;0;2;8;1;B01
201500012873;0;1;0;0;2;5;1;B01
201500012873;0;7;0;0;9;3;2;A01
201500012874;0;7;0;0;1;1;1;A01
201500012875;0;7;0;0;1;5;16;A01
201500012876;0;7;0;0;2;4;1;B01
201500012876;0;7;0;0;2;8;0;C01
201500012876;0;30;0;0;2;9;0;A01
201500012877;0;7;0;0;2;8;9;A01
201500012877;0;7;0;0;2;1;1;B01
201500012878;0;7;0;0;2;1;1;A01
201500012878;0;7;0;0;2;1;1;B01
201500012879;0;10;0;1;1;1;1;A01
201500012880;0;17;0;0;2;3;1;A01
201500012880;0;7;0;0;2;8;15;B01
201500012881;0;7;0;0;1;2;1;A01
201500012882;0;7;0;0;1;1;1;A01
201500012883;0;7;0;0;2;6;1;B01
201500012883;0;7;0;0;2;3;1;A01
201500012884;0;7;0;0;0;4;1;B01
201500012884;0;7;0;0;2;1;1;A01
201500012885;0;7;0;0;1;1;0;A01
201500012886;0;7;0;0;2;1;0;A01
201500012886;0;7;0;0;2;8;0;B01
201500012887;0;7;0;6;0;1;15;A01
201500012888;0;33;0;0;0;9;0;A01
201500012889;0;33;0;3;0;8;13;A01
201500012890;0;7;0;0;2;5;21;A01
201500012890;0;7;0;0;2;3;13;B02
201500012891;0;7;0;0;0;0;0;A01
201500012891;0;10;0;0;0;0;0;B02
201500012892;0;7;0;0;2;8;15;B02
201500012892;0;7;0;0;2;2;17;A01
201500012893;0;31;0;0;2;1;2;A01
201500012893;0;7;0;0;0;6;15;B02
201500012894;0;7;0;0;2;2;9;A01
201500012894;0;7;0;0;2;3;1;B02
201500012895;0;10;0;0;1;3;1;A01
201500012896;0;36;0;2;0;1;0;A01
201500012897;0;33;0;0;2;8;1;B02
201500012897;0;33;0;0;2;1;9;A01
201500012898;0;7;0;0;2;1;2;A01
201500012898;0;1;0;0;2;4;1;B02
201500012899;0;17;0;0;2;3;16;A01
201500012899;0;31;0;0;2;2;1;B02
201500012900;0;10;0;0;2;3;1;B02
201500012900;0;7;0;0;2;3;13;A01
201500012901;0;7;0;0;2;3;10;A01
201500012901;0;33;0;0;2;7;2;B02
201500012902;0;7;0;0;2;2;15;A01
201500012902;0;7;0;0;2;3;1;B02
201500012903;0;7;0;0;2;3;1;B02
201500012903;0;7;0;0;2;1;15;A01
201500012904;0;7;0;13;0;9;1;A01
201500012905;0;7;0;3;0;3;17;A01
201500012906;0;7;0;3;0;2;0;A01
201500012907;0;33;0;0;6;1;1;A01
201500012908;0;7;0;15;0;9;14;A01
201500012909;0;7;0;0;2;2;2;A01
201500012909;0;14;0;0;2;6;2;B02
201500012910;0;33;0;0;2;8;3;A01
201500012910;0;7;0;0;2;7;21;B02
201500012911;0;7;0;14;0;9;21;A01
201500012912;0;33;0;4;0;2;2;A01
201500012913;0;10;0;0;2;3;1;B02
201500012913;0;7;0;0;2;2;1;C03
201500012913;0;7;0;0;2;1;13;A01
201500012914;0;33;0;4;0;2;14;A01
201500012915;0;10;0;3;2;3;1;A01
201500012915;0;7;0;0;2;1;1;B02
201500012916;0;7;0;3;0;1;1;A01
201500012917;0;7;0;0;6;1;2;A01
201500012918;0;33;0;0;2;1;2;A01
201500012918;0;15;0;0;0;4;2;B01
201500012919;0;1;0;14;0;1;1;A01
201500012920;0;7;0;0;2;6;17;B02
201500012920;0;33;0;0;2;2;1;A01
201500012921;0;17;0;4;0;8;13;A01
201500012922;0;1;0;0;2;1;2;B02
201500012922;0;17;0;0;0;4;2;A01
201500012923;0;33;0;0;2;1;21;A01
201500012923;0;7;0;0;0;6;1;B02
201500012924;0;7;0;3;0;1;1;A01
201500012925;0;14;0;0;0;1;17;A01
201500012926;0;7;0;0;0;4;2;D04
201500012926;0;7;0;0;2;1;2;E05
201500012926;0;7;0;3;0;8;1;A01
201500012926;0;7;0;14;0;1;2;B02
201500012926;0;7;0;14;0;8;2;C03
201500012927;0;7;0;3;0;1;1;A01
201500012928;0;7;0;4;0;1;14;A01
201500012929;0;7;0;3;0;1;14;A01
201500012930;0;7;0;0;2;8;19;B02
201500012930;0;17;0;0;2;1;1;A01
201500012931;0;17;0;0;2;3;1;B02
201500012931;0;7;0;0;2;3;13;A01
201500012931;0;15;0;0;2;3;1;C03
201500012932;0;7;0;0;2;2;0;B02
201500012932;0;7;0;0;2;2;17;A01
201500012933;0;30;0;6;0;3;1;A01
201500012934;0;30;0;0;2;7;0;A01
201500012934;0;7;0;0;2;3;15;B02
201500012935;0;7;0;0;2;1;5;B02
201500012935;0;7;0;0;2;1;5;A01
201500012936;0;30;0;0;2;1;1;B02
201500012936;0;7;0;0;2;5;15;A01
201500012937;0;14;0;0;2;3;9;A01
201500012937;0;37;3;0;2;5;1;B02
201500012938;0;10;0;0;2;1;1;A01
201500012938;0;7;0;0;2;4;1;B02
201500012939;0;7;0;0;2;1;2;A01
201500012939;0;7;0;0;0;4;2;B02
201500012939;0;7;0;0;0;4;2;C03
201500012940;0;7;0;4;2;1;17;A01
201500012940;0;15;0;0;2;3;1;B02
201500012941;0;7;0;3;0;1;1;A01
201500012942;0;7;0;0;2;3;5;A01
201500012942;0;7;0;3;0;2;21;B02
201500012942;0;7;0;0;2;3;1;C03
201500012942;0;10;0;0;9;1;1;D04
201500012943;0;7;0;4;0;1;1;A01
201500012944;0;7;0;3;2;1;5;A01
201500012944;0;7;0;8;2;1;1;B02
201500012945;0;17;0;4;0;3;6;A01
201500012946;0;7;0;0;2;4;1;A01
201500012946;0;7;0;0;2;1;2;B02
201500012946;0;7;0;0;2;1;2;C03
201500012947;0;7;0;0;2;1;2;A01
201500012947;0;7;0;0;0;4;2;B02
201500012948;0;7;0;0;2;6;1;B02
201500012948;0;7;0;4;0;1;14;A01
201500012949;0;7;0;3;0;3;1;A01
201500012950;0;7;0;0;2;7;13;A01
201500012950;0;17;0;0;2;1;21;B02
201500012951;0;17;0;5;0;2;1;A01
201500012952;0;7;0;0;2;2;19;B02
201500012952;0;17;0;0;2;2;1;A01
201500012953;0;17;0;3;0;1;1;A01
201500012953;0;7;0;1;0;1;1;B02
201500012954;0;7;0;0;2;3;1;B01
201500012954;0;2;0;0;2;3;17;A01
201500012955;0;7;0;10;0;2;1;A01
201500012956;0;7;0;6;2;8;1;B01
201500012956;0;7;0;0;2;8;15;A01
201500012957;0;7;0;6;0;2;14;A01
201500012958;0;7;0;8;0;1;1;A01
201500012959;0;7;0;0;2;8;9;A01
201500012959;0;30;0;0;2;1;1;B01
201500012960;0;2;0;0;2;2;2;B01