num_acc;senc;catv;occutc;obs;obsm;choc;manv;num_veh
201500012960;0;7;0;0;2;0;0;A01
201500012961;0;2;0;0;2;1;13;A01
201500012961;0;7;0;0;2;6;15;B01
201500012962;0;7;0;8;0;1;13;A01
201500012963;0;7;0;0;2;2;1;B01
201500012963;0;7;0;0;2;2;13;A01
201500012964;0;2;0;0;2;1;1;B01
201500012964;0;7;0;0;0;6;9;A01
201500012965;0;2;0;0;2;1;2;B01
201500012965;0;7;0;0;2;3;19;A01
201500012966;0;7;0;0;2;7;14;A01
201500012966;0;7;0;0;2;8;2;B01
201500012967;0;1;0;12;0;1;2;B01
201500012967;0;14;0;0;2;6;2;A01
201500012968;0;7;0;0;1;2;1;A01
201500012969;0;30;0;0;0;4;1;B01
201500012969;0;7;0;0;2;3;9;A01
201500012970;0;7;0;0;2;3;0;A01
201500012970;0;7;0;0;2;0;0;B01
201500012971;0;30;0;0;2;1;1;B01
201500012971;0;7;0;0;2;3;15;A01
201500012972;0;2;0;0;0;0;1;A01
201500012973;0;2;0;0;2;1;10;A01
201500012973;0;2;0;0;2;6;15;B01
201500012974;0;7;0;0;1;4;4;A01
201500012975;0;7;0;0;9;1;15;A01
201500012975;0;1;0;0;2;1;1;B01
201500012976;0;10;0;0;2;5;15;A01
201500012976;0;33;0;0;2;1;1;B01
201500012977;0;7;0;0;2;1;1;A01
201500012977;0;7;0;0;2;1;1;B01
201500012978;0;7;0;0;1;2;9;A01
201500012979;0;7;0;11;0;1;17;B01
201500012979;0;7;0;0;2;3;2;A01
201500012980;0;7;0;0;2;3;1;B01
201500012980;0;10;0;0;2;3;5;A01
201500012981;0;7;0;0;1;2;1;A01
201500012982;0;15;0;0;1;1;2;A01
201500012983;0;7;0;0;2;8;15;B01
201500012983;0;1;0;0;2;3;9;A01
201500012984;0;15;0;0;1;3;1;A01
201500012985;0;7;0;8;2;3;1;B01
201500012985;0;7;0;8;2;2;19;A01
201500012986;0;7;0;0;9;2;15;A01
201500012986;0;1;0;0;2;1;0;B01
201500012987;0;7;0;0;2;5;2;A01
201500012987;0;3;0;0;2;6;2;B01
201500012988;0;7;0;0;0;0;17;A01
201500012988;0;2;0;12;0;1;14;B01
201500012989;0;7;0;0;2;3;9;A01
201500012989;0;33;0;0;2;0;21;B01
201500012990;0;7;0;0;1;3;1;A01
201500012991;0;7;0;0;2;3;15;A01
201500012991;0;33;0;0;2;1;17;B01
201500012992;0;7;0;2;0;1;14;A01
201500012993;0;7;0;0;2;6;12;A01
201500012993;0;33;0;0;2;1;0;B01
201500012994;0;7;0;0;1;1;2;A01
201500012995;0;7;0;0;2;3;2;B01
201500012995;0;7;0;11;2;2;15;A01
201500012995;0;7;0;0;2;3;0;C01
201500012996;0;10;0;0;2;4;23;B01
201500012996;0;7;0;0;2;4;23;C01
201500012996;0;7;0;0;2;4;23;D01
201500012996;0;7;0;0;2;1;2;A01
201500012997;0;2;0;0;0;7;0;A01
201500012998;0;7;0;0;2;1;2;A01
201500012998;0;7;0;0;2;4;23;C01
201500012998;0;7;0;0;2;4;2;B01
201500012999;0;2;0;0;0;0;1;A01
201500013000;0;33;0;0;0;1;1;A01
201500013001;0;7;0;0;2;3;2;A01
201500013001;0;7;0;0;2;5;2;B01
201500013002;0;7;0;8;0;1;19;A01
201500013003;0;7;0;0;2;1;13;A01
201500013003;0;7;0;0;2;1;1;C01
201500013003;0;7;0;0;2;8;1;B01
201500013003;0;7;0;0;2;7;1;D01
201500013004;0;7;0;0;1;1;2;A01
201500013005;0;10;0;0;2;1;2;B02
201500013005;0;7;0;0;0;4;1;A01
201500013006;0;7;0;13;0;9;14;A01
201500013007;0;7;0;4;0;2;14;A01
201500013008;0;7;0;13;0;1;1;A01
201500013009;0;7;0;0;2;2;1;C03
201500013009;0;10;0;3;0;2;1;A01
201500013009;0;7;0;0;2;3;1;B02
201500013010;0;7;0;3;0;1;14;A01
201500013011;0;7;0;13;0;2;14;A01
201500013012;0;17;0;3;0;8;13;A01
201500013012;0;7;0;0;9;8;1;B02
201500013013;0;7;0;4;0;3;13;A01
201500013014;0;7;0;3;0;3;1;A01
201500013015;0;17;0;1;0;1;2;A01
201500013015;0;7;0;0;0;4;23;B02
201500013016;0;7;0;3;0;2;1;A01
201500013017;0;33;0;0;2;1;2;A01
201500013017;0;7;0;0;2;6;2;B02
201500013018;0;33;0;3;0;2;1;A01
201500013019;0;33;0;0;0;7;1;A01
201500013020;0;33;0;13;2;5;5;B02
201500013020;0;14;0;0;2;2;1;A01
201500013021;0;17;0;0;0;4;2;B02
201500013021;0;7;0;0;2;1;1;A01
201500013022;0;7;0;3;0;3;13;A01
201500013023;0;7;0;13;0;7;21;A01
201500013024;0;7;0;4;0;9;1;A01
201500013024;0;17;0;0;2;6;1;B02
201500013024;0;7;0;0;2;2;2;C03
201500013024;0;7;0;0;2;3;2;D04
201500013025;0;7;0;4;0;2;1;A01
201500013026;0;7;0;7;0;1;1;A01
201500013027;0;10;0;3;0;2;2;A01
201500013028;0;17;0;2;0;7;1;A01
201500013029;0;7;0;4;0;3;1;A01
201500013030;0;33;0;3;0;8;1;A01
201500013031;0;7;0;13;0;2;0;A01
201500013032;0;7;0;0;2;2;9;A01
201500013032;0;30;0;0;2;1;1;B01
201500013033;0;7;0;0;2;4;2;B01
201500013033;0;2;0;14;0;1;2;A01
201500013034;0;7;0;2;2;1;1;A01
201500013034;1;7;0;0;0;0;0;B01
201500013035;0;7;0;0;2;4;15;B01
201500013035;0;2;0;0;2;1;1;A01
201500013036;0;7;0;12;0;3;1;A01
201500013037;0;2;0;0;2;8;2;B01
201500013037;0;30;0;0;2;1;2;A01
201500013038;2;7;0;1;1;4;4;A01
201500013039;0;7;0;0;2;1;19;A01
201500013039;0;33;0;0;2;8;2;B01
201500013040;0;32;0;0;2;1;1;A01
201500013040;0;7;0;0;2;3;15;B01
201500013041;0;7;0;4;0;3;13;A01
201500013042;0;7;0;0;0;0;0;C01
201500013042;0;7;0;0;0;0;0;B01
201500013042;0;7;0;0;0;0;0;A01
201500013043;0;34;0;0;2;8;1;A01
201500013043;1;99;0;0;0;0;0;Z01
201500013044;0;7;0;0;2;2;1;A01
201500013044;0;7;0;0;2;1;1;B01
201500013045;0;7;0;0;1;2;15;A01
201500013046;0;33;0;0;2;1;1;A01
201500013046;0;7;0;0;2;8;1;B01
201500013047;0;7;0;0;0;0;0;A01
201500013048;0;10;0;0;1;6;0;A01
201500013049;0;7;0;0;1;2;1;A01
201500013050;0;7;0;2;0;1;13;A01
201500013051;0;7;0;0;2;1;1;A01
201500013051;0;10;0;0;2;5;19;B01
201500013052;0;2;0;0;0;0;0;A01
201500013053;0;7;0;0;2;1;1;A01
201500013053;0;7;0;0;2;3;9;B01
201500013054;0;7;0;0;2;4;2;B01
201500013054;0;7;0;0;2;1;2;A01
201500013055;0;7;0;0;0;0;0;A01
201500013056;0;32;0;0;2;4;1;B01
201500013056;0;7;0;0;2;1;1;A01
201500013057;0;1;0;0;0;0;13;B01
201500013057;0;7;0;0;0;2;2;A01
201500013058;0;7;0;0;0;0;2;B01
201500013058;0;7;0;0;0;0;15;A01
201500013059;0;7;0;0;2;3;15;A01
201500013059;0;30;0;0;2;1;1;B01
201500013060;0;7;0;0;2;1;2;A01
201500013060;0;7;0;0;2;9;15;B01
201500013060;0;7;0;0;2;1;1;C01
201500013061;0;7;0;4;0;3;6;A01
201500013062;1;1;0;0;0;0;0;Z01
201500013062;0;30;0;0;9;1;1;A01
201500013063;0;7;0;0;2;3;10;A01
201500013063;0;30;0;0;2;2;1;B01
201500013064;0;33;0;0;0;0;0;B01
201500013064;0;7;0;0;2;2;1;A01
201500013065;0;7;0;0;2;7;15;A01
201500013065;0;33;0;0;2;1;1;B01
201500013066;0;37;0;0;2;3;1;B01
201500013066;0;30;0;0;2;1;5;A01
201500013067;0;33;0;15;0;1;1;A01
201500013068;0;33;0;0;2;4;1;A01
201500013068;0;33;0;0;0;6;1;B01
201500013069;0;7;0;0;2;3;0;A01
201500013069;0;2;0;0;2;1;0;B01
201500013070;0;7;0;0;2;3;1;B01
201500013070;0;30;0;0;2;1;1;A01
201500013071;0;2;0;0;2;1;1;B01
201500013071;0;7;0;0;2;8;0;A01
201500013072;0;1;0;0;2;0;0;B01
201500013072;0;7;0;0;2;2;11;A01
201500013073;0;31;0;1;0;1;2;B01
201500013073;0;7;0;0;2;8;22;A01
201500013074;0;2;0;0;2;1;0;B01
201500013074;0;7;0;0;2;3;0;A01
201500013075;0;30;0;16;0;1;15;A01
201500013076;0;7;0;0;2;1;1;B01
201500013076;0;7;0;0;2;8;19;A01
201500013077;0;7;0;0;1;8;23;A01
201500013078;0;7;0;0;2;1;13;A01
201500013078;0;37;0;0;2;3;2;B01
201500013079;0;33;0;0;2;1;1;B01
201500013079;0;7;0;0;2;3;15;A01
201500013080;0;7;0;0;1;3;0;A01
201500013081;0;31;0;0;1;0;0;A01
201500013082;0;32;0;0;2;8;16;B01
201500013082;0;7;0;0;2;7;16;A01
201500013083;0;32;0;14;0;2;1;A01
201500013083;0;7;0;0;2;8;1;B01
201500013084;0;7;0;0;2;1;2;A01
201500013084;0;33;0;0;2;4;23;B01
201500013085;0;7;0;0;2;8;23;C01
201500013085;0;7;0;0;2;7;16;B01
201500013085;0;33;0;1;2;1;7;A01
201500013086;0;7;0;0;0;8;20;B01
201500013086;0;31;0;0;2;7;17;A01
201500013087;0;33;0;0;2;1;17;B01
201500013087;0;10;0;0;2;3;15;A01
201500013088;0;10;0;0;1;1;1;A01
201500013089;0;10;0;0;2;1;1;B01
201500013089;0;10;0;0;2;1;13;A01
201500013090;0;7;0;2;0;3;1;A01
201500013091;0;7;0;0;1;5;0;A01
201500013092;0;14;0;0;2;3;15;A01
201500013092;0;14;0;0;2;3;1;B01
201500013093;0;33;0;0;2;1;1;A01
201500013093;0;10;0;0;2;7;15;B01
201500013094;0;7;0;0;1;3;0;A01
201500013095;0;30;0;0;1;1;1;A01
201500013096;0;7;0;0;2;3;1;A01
201500013096;0;33;0;0;2;5;1;B01
201500013097;0;7;0;2;0;1;15;A01
201500013098;1;37;0;0;1;2;1;Z01
201500013099;0;7;0;0;1;3;15;A01
201500013100;0;7;0;0;0;0;0;B01
201500013100;2;7;0;0;2;1;0;A01
201500013100;0;7;0;0;0;0;0;C01
201500013101;0;30;0;0;2;1;1;B01
201500013101;0;7;0;0;2;7;15;A01
201500013102;0;33;0;12;0;9;2;A01
201500013103;0;7;0;3;2;2;1;A01
201500013103;0;7;0;0;2;3;1;B01
201500013104;0;33;0;0;1;0;21;A01
201500013105;0;7;0;0;2;3;15;A01
201500013105;0;7;0;0;2;3;0;B01
201500013106;0;7;0;0;0;0;0;A01
201500013106;0;7;0;0;0;0;0;B01
201500013107;0;7;0;4;0;3;1;A01
201500013108;0;1;0;1;1;1;2;A01
201500013108;1;7;0;1;0;0;0;Z01
201500013109;0;7;0;0;2;1;2;A01
201500013109;0;7;0;0;0;4;1;B01
201500013110;0;7;0;0;0;8;1;B01
201500013110;0;7;0;0;0;3;1;C01
201500013110;0;7;0;0;2;1;1;A01
201500013111;0;7;0;0;2;3;5;A01
201500013111;0;7;0;0;2;1;1;B01
201500013112;0;33;0;6;0;1;14;A01
201500013113;0;7;0;15;1;3;13;A01
201500013114;1;7;0;0;2;0;0;B01
201500013114;0;1;0;0;0;0;0;A01
201500013115;0;7;0;0;1;2;1;A01
201500013116;0;33;0;0;2;7;17;A01
201500013116;0;7;0;0;2;1;0;B01
201500013117;1;33;0;0;1;0;1;A01
201500013118;0;7;0;0;2;2;0;B01
201500013118;0;1;0;0;2;1;0;A01
201500013119;0;33;0;0;0;8;1;B01
201500013119;0;7;0;0;0;2;2;A01
201500013120;0;30;0;1;0;7;0;A01
201500013121;0;7;0;0;1;1;0;A01
201500013122;0;7;0;0;2;1;2;B01
201500013122;0;7;0;0;2;2;2;A01
201500013123;0;7;0;0;2;1;0;A01
201500013123;0;7;0;0;2;1;1;B01
201500013124;0;7;0;0;2;3;13;A01
201500013124;0;7;0;0;2;3;2;B01
201500013125;0;7;0;0;1;1;0;A01
201500013126;0;17;0;0;2;5;9;B01
201500013126;0;7;0;0;2;1;1;A01
201500013127;0;10;0;0;2;3;11;A01
201500013127;0;7;0;15;2;3;1;B01
201500013128;0;7;0;0;2;7;13;A01
201500013128;0;7;0;0;2;1;0;B01
201500013129;0;2;0;0;1;1;16;A01
201500013130;0;7;0;13;0;1;2;A01
201500013131;0;7;0;0;2;7;2;C01
201500013131;0;7;0;0;0;6;2;B01
201500013131;0;7;0;0;2;1;13;A01
201500013132;0;7;0;0;2;4;2;B01
201500013132;0;7;0;0;2;1;2;A01
201500013132;0;7;0;0;2;4;2;C01
201500013133;0;30;0;12;0;1;0;A01
201500013134;0;7;0;0;2;8;15;B01
201500013134;0;33;0;0;2;2;17;A01
201500013135;0;7;0;0;2;4;1;B01
201500013135;0;7;0;0;2;1;1;A01
201500013136;0;7;0;0;2;1;1;A01
201500013136;0;2;0;0;2;1;1;B01
201500013137;0;7;0;0;1;1;1;A01
201500013138;0;7;0;0;0;4;2;B01
201500013138;0;15;0;0;2;0;2;A01
201500013139;0;7;0;0;2;3;15;A01
201500013139;0;34;0;0;2;7;1;B01
201500013140;0;7;0;0;1;7;0;A01
201500013141;0;7;0;0;0;4;1;B01
201500013141;0;7;0;0;2;1;2;A01
201500013142;0;34;0;0;2;1;1;B01
201500013142;0;7;0;0;2;7;15;A01
201500013143;0;7;0;0;2;3;1;A01
201500013143;0;7;0;0;2;7;1;B01
201500013144;0;7;0;0;1;3;1;A01
201500013145;0;7;0;0;0;4;2;A01
201500013145;0;7;0;0;2;1;2;B01
201500013146;0;7;0;0;1;1;0;A01
201500013147;0;7;0;0;2;3;1;B01
201500013147;0;3;0;0;2;2;1;A01
201500013148;0;7;0;0;2;1;1;B01
201500013148;0;7;0;0;2;4;1;A01
201500013149;0;7;0;0;2;8;13;A01
201500013149;0;7;0;0;0;0;0;B01
201500013150;0;7;0;0;0;0;0;A01
201500013150;0;7;0;0;2;0;0;B01
201500013151;0;30;0;0;2;0;2;A01
201500013151;0;30;0;0;2;0;2;B01
201500013152;0;7;0;0;6;3;1;A01
201500013153;0;7;0;0;1;3;1;A01
201500013154;0;7;0;0;0;4;2;B01
201500013154;0;15;0;0;2;1;2;A01
201500013155;0;7;0;0;2;3;15;A01
201500013155;0;31;0;0;2;2;17;B01
201500013156;0;7;0;0;0;0;0;B01
201500013156;0;33;0;0;2;1;0;A01
201500013157;0;33;0;0;0;0;1;A01
201500013158;0;7;0;0;1;1;19;A01
201500013159;0;7;0;0;1;7;16;A01
201500013160;0;7;0;15;2;7;15;A01
201500013160;0;7;0;2;2;1;2;B01
201500013161;0;7;0;0;1;1;13;A01
201500013162;0;10;0;0;2;5;2;B01
201500013162;0;7;0;0;2;3;2;A01
201500013163;0;32;0;2;0;7;14;A01
201500013164;0;7;0;15;2;1;14;A01
201500013164;0;1;0;0;0;6;1;B01
201500013165;0;7;0;0;1;2;15;A01
201500013166;0;33;0;0;2;1;2;B01
201500013166;0;7;0;0;2;1;9;A01
201500013167;1;7;0;0;1;2;0;Z01
201500013168;0;7;0;0;2;4;2;A01
201500013168;1;99;0;0;0;0;0;Z01
201500013169;0;7;0;0;1;0;0;A01
201500013170;0;7;0;0;2;2;1;A01
201500013170;0;1;0;0;2;3;0;B01
201500013171;0;7;0;0;1;2;1;A01
201500013172;0;7;0;0;9;1;17;A01
201500013173;0;7;0;2;0;8;17;A01
201500013174;0;7;0;16;0;2;2;A01
201500013174;0;7;0;14;0;7;15;B01
201500013175;0;7;0;15;0;1;1;A01
201500013176;0;7;0;0;1;7;1;A01
201500013177;0;7;0;1;0;1;1;A01
201500013178;0;7;0;0;2;4;2;B01
201500013178;0;14;0;0;2;1;2;A01
201500013179;0;2;0;0;0;8;0;A01
201500013180;0;7;0;0;2;0;0;B01
201500013180;0;7;0;0;2;3;0;C01
201500013180;0;7;0;0;2;1;0;A01
201500013181;0;7;0;0;2;7;15;A01
201500013181;0;7;0;0;2;1;1;B01
201500013182;0;2;0;0;2;1;21;A01
201500013182;0;7;0;0;2;8;1;B01
201500013183;0;7;0;1;2;7;0;A01
201500013183;0;7;0;0;0;0;0;B01
201500013184;0;7;0;6;0;1;0;A01
201500013185;0;7;0;0;2;3;9;A01
201500013185;0;7;0;0;2;2;1;B01
201500013186;0;30;0;0;2;1;0;B01
201500013186;0;7;0;0;2;3;9;A01
201500013187;0;7;0;0;2;1;2;A01
201500013187;0;7;0;0;2;4;2;C01
201500013187;0;7;0;0;2;4;2;B01
201500013188;0;7;0;0;2;0;15;A01
201500013188;0;1;0;0;2;8;1;B01
201500013189;0;2;0;0;2;8;11;A01
201500013189;0;10;0;0;2;2;1;B01
201500013190;0;7;0;0;2;1;1;A01
201500013190;0;7;0;0;2;4;15;B01
201500013191;0;7;0;0;2;3;9;B01
201500013191;0;31;0;0;2;1;17;A01
201500013192;0;2;0;0;2;4;2;B01
201500013192;0;7;0;0;2;2;2;A01
201500013193;0;7;0;0;1;3;15;A01
201500013194;0;7;0;0;2;4;0;B01
201500013194;0;7;0;0;2;1;2;A01
201500013195;0;7;0;0;2;7;1;A01
201500013195;0;32;0;0;2;1;1;B01
201500013196;0;33;0;0;0;1;0;A01
201500013197;0;7;0;0;2;6;15;A01
201500013197;0;33;0;0;2;1;15;B01
201500013198;0;7;0;0;2;5;10;A01
201500013198;0;34;0;0;2;1;2;B01
201500013199;0;7;0;0;2;1;1;B01
201500013199;0;7;0;0;2;1;13;A01
201500013200;0;7;0;0;1;0;0;A01
201500013201;0;7;0;0;2;1;15;A01
201500013201;0;30;0;0;2;0;0;B01
201500013202;0;7;0;0;2;4;2;B01
201500013202;0;14;0;0;2;1;2;A01
201500013203;0;7;0;0;2;0;0;A01
201500013203;0;34;0;0;2;0;0;B01
201500013204;0;37;0;0;2;1;1;B01
201500013204;0;7;0;0;2;6;2;A01
201500013205;0;7;0;0;2;2;15;B01
201500013205;0;32;0;0;2;1;1;A01
201500013206;0;7;0;0;1;2;1;A01
201500013207;0;7;0;12;0;3;1;A01
201500013208;0;3;0;0;2;3;1;B01
201500013208;0;33;0;0;2;7;12;A01
201500013209;0;7;0;0;2;5;2;B01
201500013209;0;31;0;0;2;1;2;A01
201500013210;0;7;0;0;2;4;1;B01
201500013210;0;7;0;0;2;1;1;A01
201500013211;0;7;0;0;2;8;1;C01
201500013211;0;7;0;0;2;3;13;A01
201500013211;0;7;0;0;2;8;1;B01
201500013212;0;33;0;0;2;2;17;A01
201500013212;0;7;0;0;2;3;15;B01
201500013213;0;7;0;0;2;0;0;B01
201500013213;0;7;0;0;2;2;1;A01
201500013214;0;7;0;0;2;5;15;B01
201500013214;0;13;0;0;2;2;1;A01
201500013215;0;7;0;0;2;0;0;B01
201500013215;0;7;0;0;2;1;1;A01
201500013216;0;7;0;0;2;3;2;B01
201500013216;0;7;0;0;2;2;0;A01
201500013217;0;30;0;0;1;1;1;A01
201500013218;0;7;0;0;2;0;15;A01
201500013218;0;34;0;0;2;0;1;B01
201500013219;0;7;0;0;1;3;15;A01
201500013220;0;33;0;0;2;1;1;B01
201500013220;0;7;0;0;2;8;15;A01
201500013221;0;7;0;8;0;1;1;A01
201500013222;0;7;0;9;0;0;0;A01
201500013223;0;30;0;0;2;1;1;A01
201500013223;0;7;0;0;2;2;1;B01
201500013224;0;7;0;0;2;3;2;A01
201500013224;0;7;0;0;2;5;15;B01
201500013225;0;7;0;0;2;0;0;A01
201500013225;1;30;0;0;2;0;0;Z01
201500013226;0;7;0;0;2;3;15;A01
201500013226;0;33;0;0;2;1;16;B01
201500013227;1;7;0;0;2;5;14;Z01
201500013227;0;34;0;0;2;1;1;A01
201500013228;0;7;0;0;1;2;1;A01
201500013229;0;7;0;0;2;1;15;A01
201500013229;0;30;0;0;2;1;1;B01
201500013230;0;7;0;0;2;4;1;B01
201500013230;0;7;0;0;2;1;1;A01
201500013231;0;32;0;0;2;1;1;B01
201500013231;0;7;0;0;2;5;15;A01
201500013232;0;7;0;0;1;3;15;A01
201500013233;0;7;0;0;2;1;1;A01
201500013233;0;7;0;0;1;4;1;B01
201500013234;0;7;0;0;2;8;0;A01
201500013234;0;34;0;0;2;1;0;B01
201500013235;0;7;0;0;2;4;2;A01
201500013235;0;10;0;0;2;4;2;B01
201500013236;0;7;0;0;1;0;0;A01
201500013237;0;7;0;1;0;2;1;A01
201500013238;0;2;0;0;2;4;1;A01
201500013238;1;7;0;0;2;2;1;Z01
201500013239;0;33;0;0;2;0;0;B01
201500013239;0;7;0;0;2;7;0;A01
201500013240;0;7;0;0;2;5;15;B01
201500013240;0;34;0;0;2;1;0;A01
201500013241;0;7;0;0;2;3;0;B01
201500013241;0;32;0;0;2;5;17;A01
201500013242;0;2;0;0;2;1;1;B01
201500013242;0;7;0;0;2;3;15;A01
201500013243;0;7;0;0;2;4;2;B01
201500013243;0;7;0;0;2;1;2;A01
201500013243;0;7;0;0;0;4;2;C01
201500013244;0;31;0;0;2;4;15;B01
201500013244;0;7;0;0;2;3;2;A01
201500013245;0;7;0;0;2;4;1;A01
201500013245;0;7;0;0;2;1;1;B01
201500013246;0;7;0;0;2;1;1;A01
201500013246;0;7;0;0;2;4;16;B01
201500013247;0;7;0;0;0;6;10;A01
201500013247;0;2;0;0;2;2;2;B01
201500013248;0;2;0;0;2;3;18;A01
201500013248;0;7;0;0;0;5;0;B01
201500013249;0;7;0;0;2;6;10;A01
201500013249;0;1;0;0;2;0;0;B01
201500013250;0;7;0;0;2;6;15;A01
201500013250;0;33;0;0;2;1;1;B01
201500013251;2;7;0;0;2;7;15;A01
201500013251;0;7;0;0;2;1;1;B01
201500013252;0;7;0;0;2;8;0;B01
201500013252;0;7;0;0;2;1;0;A01
201500013253;0;7;0;0;2;4;2;D01
201500013253;0;7;0;0;2;4;2;C01
201500013253;0;7;0;0;2;1;2;A01
201500013253;0;7;0;0;2;4;2;B01
201500013254;0;10;0;0;2;3;1;B01
201500013254;0;10;0;0;0;3;1;A01
201500013255;0;7;0;0;2;1;2;A01
201500013255;0;7;0;0;0;0;0;B01
201500013256;0;99;0;0;2;4;2;B01
201500013256;0;7;0;0;2;1;2;A01
201500013257;2;99;0;0;1;1;1;A01
201500013258;0;34;0;3;0;8;1;A01
201500013259;1;7;0;0;1;0;0;A01
201500013260;0;32;0;0;2;2;1;B01
201500013260;0;7;0;0;2;1;15;A01
201500013261;0;7;0;0;2;1;2;A01
201500013261;0;7;0;0;2;4;2;B01
201500013262;0;7;0;0;2;5;1;B01
201500013262;0;7;0;0;2;8;21;A01
201500013262;0;7;0;0;2;6;1;C01
201500013263;0;7;0;0;2;6;15;B01
201500013263;0;10;0;0;2;3;15;A01
201500013264;0;7;0;0;2;1;0;A01
201500013264;0;7;0;0;2;4;2;B01
201500013265;1;10;0;0;1;4;4;A01
201500013266;0;34;0;0;0;0;1;A01
201500013267;0;2;0;0;2;2;17;A01
201500013267;0;7;0;0;2;3;15;B01
201500013268;0;7;0;0;2;0;2;B01
201500013268;0;7;0;0;2;0;0;C01
201500013268;0;7;0;0;2;0;0;D01
201500013268;0;7;0;0;2;1;2;A01
201500013269;0;1;0;0;2;7;17;A01
201500013269;0;7;0;0;2;3;15;B01
201500013270;0;7;0;0;2;1;1;A01
201500013270;0;7;0;0;2;4;1;B01
201500013271;0;7;0;0;2;1;2;A01
201500013271;0;7;0;0;2;4;2;B01
201500013272;0;7;0;0;2;7;1;B01
201500013272;0;7;0;0;2;3;16;A01
201500013273;0;7;0;0;2;7;1;B01
201500013273;0;7;0;0;2;2;15;A01
201500013274;0;7;0;0;2;8;1;B01
201500013274;0;7;0;0;2;1;0;A01
201500013275;0;33;0;0;2;1;1;B01
201500013275;0;7;0;0;2;1;15;A01
201500013276;0;7;0;0;2;4;2;B01
201500013276;0;7;0;0;2;1;2;A01
201500013276;0;7;0;0;2;4;2;C01
201500013277;0;30;0;0;1;0;0;A01
201500013278;0;32;0;0;1;1;17;A01
201500013279;0;10;0;0;2;3;9;A01
201500013279;0;34;0;0;2;4;0;B01
201500013280;0;1;0;0;0;0;0;B01
201500013280;0;7;0;0;0;1;0;A01
201500013281;0;31;0;0;2;2;16;B01
201500013281;0;7;0;0;2;3;1;A01
201500013282;0;7;0;0;2;7;0;B01
201500013282;0;7;0;0;2;4;20;A01
201500013283;0;40;0;0;1;3;1;A01
201500013284;0;7;0;0;2;4;0;B01
201500013284;0;13;0;0;2;1;0;A01
201500013284;0;7;0;0;0;4;23;C01
201500013285;0;10;0;0;2;0;0;A01
201500013285;0;33;0;0;2;0;0;B01
201500013286;0;33;0;0;2;1;1;B01
201500013286;0;7;0;0;2;8;19;A01
201500013287;0;32;0;0;2;1;0;A01
201500013287;0;7;0;0;2;7;0;B01
201500013288;1;7;0;0;1;2;1;Z01
201500013289;0;32;0;0;2;1;1;B01
201500013289;0;7;0;0;2;2;15;A01
201500013290;0;7;0;0;2;3;9;A01
201500013290;0;7;0;0;2;2;1;B01
201500013291;0;10;0;0;2;5;1;A01
201500013291;0;7;0;0;2;6;1;B01
201500013292;0;7;0;0;2;6;15;B01
201500013292;0;34;0;0;2;1;17;A01
201500013293;0;7;0;0;2;0;0;A01
201500013293;0;31;0;0;2;3;1;B01
201500013294;2;7;0;2;0;1;15;A01
201500013295;0;7;0;0;2;1;1;B01
201500013295;0;7;0;0;2;3;15;A01
201500013296;0;33;0;0;2;4;0;B01
201500013296;0;7;0;0;2;2;2;A01
201500013297;0;7;0;0;2;4;2;B01
201500013297;0;7;0;0;2;1;2;A01
201500013298;0;7;0;0;2;4;2;C01
201500013298;0;7;0;0;2;4;2;B01
201500013298;0;7;0;0;2;1;2;A01
201500013299;0;30;0;0;2;8;15;A01
201500013299;0;17;0;0;2;3;1;B01
201500013300;0;7;0;0;2;0;0;B01
201500013300;0;7;0;0;2;0;0;A01
201500013301;0;7;0;0;2;3;1;B01
201500013301;0;7;0;0;2;3;1;A01
201500013302;0;30;0;0;2;1;1;B01
201500013302;0;7;0;0;2;2;15;A01
201500013303;0;7;0;0;0;0;1;A01
201500013303;0;7;0;0;1;3;1;B01
201500013304;0;7;0;0;1;0;16;A01
201500013305;0;10;0;0;2;1;2;A01
201500013305;0;7;0;0;2;4;2;B01
201500013306;0;33;0;0;2;1;1;B01
201500013306;0;7;0;0;2;2;15;A01
201500013306;0;7;0;0;2;6;0;C01
201500013307;0;31;0;0;2;1;17;A01
201500013307;0;7;0;0;2;3;15;B01
201500013308;0;10;0;0;2;1;2;A01
201500013308;0;7;0;0;2;4;1;B01
201500013309;0;7;0;0;2;1;15;B01
201500013309;0;2;0;0;0;1;0;A01
201500013310;0;10;0;0;2;3;15;B01
201500013310;0;33;0;0;2;7;0;A01
201500013311;0;1;0;0;2;7;1;B01
201500013311;0;7;0;0;2;1;9;A01
201500013312;0;7;0;0;2;6;15;A01
201500013312;0;31;0;0;2;1;1;B01
201500013313;0;33;0;0;2;7;1;B01
201500013313;0;7;0;0;2;1;1;A01
201500013314;0;10;0;0;1;6;0;A01
201500013315;0;33;0;0;2;2;17;B01
201500013315;0;7;0;0;2;3;15;A01
201500013316;0;7;0;0;2;3;1;B01
201500013316;0;7;0;0;2;1;15;A01
201500013317;0;30;0;0;2;2;13;B01
201500013317;0;7;0;0;2;6;20;A01
201500013318;1;2;0;0;1;0;1;A01
201500013319;0;7;0;0;2;0;0;B01
201500013319;0;30;0;0;2;2;1;A01
201500013320;0;7;0;0;2;6;16;B01
201500013320;0;14;0;0;2;2;1;A01
201500013321;0;7;0;0;2;8;9;A01
201500013321;0;31;0;0;2;1;1;B01