num_acc;senc;catv;occutc;obs;obsm;choc;manv;num_veh
201500013322;0;7;0;0;2;3;20;A01
201500013322;0;30;0;0;2;1;1;B01
201500013323;0;7;0;9;1;1;14;A01
201500013324;0;7;0;0;2;3;6;A01
201500013324;0;34;0;0;2;3;6;B01
201500013325;0;2;0;0;2;1;0;B01
201500013325;0;7;0;0;2;5;0;A01
201500013326;1;7;0;0;0;0;0;Z01
201500013326;0;7;0;15;2;7;1;A01
201500013327;0;30;0;0;2;1;1;B01
201500013327;0;7;0;0;2;6;15;A01
201500013328;0;7;0;0;2;2;0;A01
201500013328;0;10;0;0;2;0;0;B01
201500013329;0;1;0;0;2;1;1;B01
201500013329;0;7;0;0;2;1;15;A01
201500013330;0;7;0;0;2;2;15;A01
201500013330;0;10;0;0;2;1;1;B01
201500013331;0;31;0;0;2;1;17;A01
201500013331;0;7;0;0;2;3;20;B01
201500013332;0;7;0;0;2;6;1;B01
201500013332;1;7;0;0;2;2;17;A01
201500013332;0;7;0;0;2;4;1;C01
201500013333;0;7;0;0;2;1;2;A01
201500013333;0;7;0;0;2;4;2;C01
201500013333;0;7;0;0;2;4;2;B01
201500013334;0;7;0;7;2;1;0;B01
201500013334;0;7;0;0;0;7;15;A01
201500013335;0;7;0;0;4;2;1;A01
201500013335;0;40;0;0;2;3;1;B01
201500013336;0;7;0;0;1;1;0;A01
201500013337;0;10;0;0;2;3;15;A01
201500013337;0;30;0;0;2;1;17;B01
201500013338;0;7;0;0;2;4;2;B01
201500013338;0;10;0;0;2;1;2;A01
201500013339;0;7;0;0;2;8;15;A01
201500013339;0;33;0;0;2;1;1;B01
201500013340;0;7;0;0;2;1;16;A01
201500013340;0;33;0;0;2;7;1;B01
201500013341;0;7;0;0;2;6;10;A01
201500013341;0;34;0;0;2;1;1;B01
201500013342;0;7;0;0;1;1;0;A01
201500013343;0;7;0;0;2;4;0;C01
201500013343;0;7;0;0;2;1;2;B01
201500013343;0;7;0;0;2;1;2;A01
201500013344;0;7;0;0;2;4;1;B01
201500013344;0;30;0;0;2;1;1;A01
201500013345;0;7;0;0;2;2;2;A01
201500013345;0;7;0;0;0;8;11;B01
201500013346;0;7;0;0;2;5;20;A01
201500013346;0;30;0;0;2;1;21;B01
201500013347;0;33;0;0;2;3;1;B01
201500013347;0;7;0;0;2;3;9;A01
201500013348;0;7;0;0;2;4;0;A01
201500013348;0;7;0;0;2;1;0;B01
201500013349;0;7;0;0;2;3;1;B01
201500013349;0;7;0;0;2;3;15;A01
201500013350;0;33;0;0;0;8;0;A01
201500013351;0;7;0;0;2;3;1;A01
201500013351;0;7;0;0;2;3;1;B01
201500013352;0;7;0;0;1;0;0;A01
201500013353;0;10;0;0;2;2;15;A01
201500013353;0;7;0;0;2;7;0;B01
201500013354;0;7;0;0;2;5;2;B01
201500013354;0;33;0;0;2;3;2;A01
201500013355;0;7;0;0;1;2;1;A01
201500013356;0;7;0;0;2;1;2;A01
201500013356;0;7;0;0;0;4;2;B01
201500013357;0;1;0;1;0;2;17;B01
201500013357;0;15;0;1;0;0;24;A01
201500013358;0;7;0;0;2;4;2;B01
201500013358;1;99;0;0;2;2;0;Z01
201500013359;0;7;0;0;2;7;10;A01
201500013359;0;7;0;0;2;1;1;B01
201500013360;0;34;0;2;0;1;1;A01
201500013361;0;7;0;0;2;1;19;B01
201500013361;0;30;0;0;2;2;17;A01
201500013362;0;34;0;0;2;3;18;A01
201500013362;0;7;0;0;2;2;15;B01
201500013363;0;7;0;0;2;8;15;B01
201500013363;0;33;0;0;2;2;17;A01
201500013364;0;7;0;0;2;5;16;A01
201500013364;0;30;0;0;2;1;2;B01
201500013365;0;7;0;0;0;4;2;B01
201500013365;0;33;0;0;2;1;2;A01
201500013366;0;33;0;9;2;1;17;A01
201500013366;0;7;0;0;2;3;15;B01
201500013367;0;7;0;0;2;8;2;A01
201500013367;0;32;0;0;2;7;2;B01
201500013368;0;30;0;0;2;2;1;B01
201500013368;0;7;0;0;2;8;9;A01
201500013369;0;7;0;0;0;4;23;B01
201500013369;0;10;0;0;2;1;16;A01
201500013370;0;31;0;0;2;7;3;A01
201500013370;0;7;0;0;2;3;15;B01
201500013371;0;7;0;0;2;5;16;B01
201500013371;0;30;0;0;2;1;18;A01
201500013372;0;7;0;0;1;1;0;A01
201500013373;1;7;0;0;0;0;0;Z01
201500013373;0;32;0;0;2;6;2;B01
201500013374;0;7;0;0;2;3;1;B01
201500013374;0;33;0;0;2;1;13;A01
201500013375;0;3;0;0;2;5;15;A01
201500013375;0;32;0;0;2;1;1;B01
201500013376;0;30;0;0;0;8;0;A01
201500013377;0;7;0;0;2;1;19;A01
201500013377;0;7;0;0;2;8;1;B01
201500013378;0;7;0;0;1;1;1;A01
201500013379;0;1;0;0;2;0;0;B01
201500013379;0;7;0;0;9;2;9;A01
201500013380;0;7;0;0;2;3;15;B01
201500013380;0;33;0;0;2;1;2;A01
201500013381;0;32;0;0;2;8;1;B01
201500013381;0;7;0;0;2;3;9;A01
201500013382;0;7;0;0;2;7;2;B01
201500013382;0;7;0;0;2;3;15;A01
201500013383;0;7;0;0;2;1;2;A01
201500013383;0;7;0;0;2;4;1;B01
201500013384;0;7;0;0;2;2;1;B01
201500013384;0;7;0;0;2;0;1;A01
201500013385;0;7;0;0;2;1;1;B01
201500013385;0;7;0;0;2;2;15;A01
201500013386;0;7;0;0;2;4;2;B01
201500013386;0;7;0;0;2;1;2;A01
201500013387;0;7;0;0;1;2;1;A01
201500013388;0;30;0;0;2;1;3;A01
201500013388;0;7;0;0;2;8;15;B01
201500013389;0;30;0;0;2;6;9;A01
201500013389;0;7;0;0;2;2;1;B01
201500013390;0;7;0;0;1;1;24;A01
201500013391;0;30;0;0;2;1;1;A01
201500013391;0;30;0;0;2;7;16;B01
201500013392;0;10;0;0;2;8;15;B01
201500013392;0;2;0;0;2;1;2;A01
201500013393;0;30;0;0;0;4;1;B01
201500013393;0;7;0;0;2;1;1;A01
201500013394;0;31;0;0;2;1;1;B01
201500013394;0;7;0;0;2;3;9;A01
201500013395;0;7;0;2;0;1;14;A01
201500013396;0;10;0;0;1;4;4;A01
201500013397;0;31;0;0;2;7;15;A01
201500013397;0;7;0;0;2;6;0;B01
201500013398;0;7;0;0;2;1;2;A01
201500013398;0;7;0;0;2;4;2;B01
201500013399;0;30;0;0;2;1;0;B01
201500013399;0;7;0;0;2;5;15;A01
201500013400;0;7;0;0;2;1;2;A01
201500013400;0;7;0;0;2;4;2;B01
201500013401;0;7;0;0;2;1;1;A01
201500013401;0;7;0;0;2;3;0;B01
201500013402;0;7;0;0;2;1;2;A01
201500013402;0;7;0;0;2;4;2;B01
201500013403;0;7;0;0;2;2;1;B01
201500013403;0;7;0;0;2;3;9;A01
201500013404;0;32;0;0;2;1;1;A01
201500013404;0;7;0;0;2;4;15;B01
201500013405;0;7;0;0;2;1;1;B01
201500013405;0;7;0;0;2;1;13;A01
201500013406;0;7;0;0;1;1;15;A01
201500013407;0;31;0;0;2;5;2;B01
201500013407;0;7;0;0;2;3;2;A01
201500013408;0;7;0;8;0;2;1;A01
201500013409;0;7;0;0;2;4;2;B01
201500013409;0;7;0;0;2;1;2;A01
201500013410;0;3;0;0;1;2;1;A01
201500013411;0;7;0;0;2;1;1;C01
201500013411;0;7;0;0;2;2;1;B01
201500013411;0;7;0;0;2;1;1;A01
201500013412;0;30;0;0;2;1;3;A01
201500013412;0;7;0;0;2;6;0;B01
201500013413;0;7;0;0;2;1;1;B01
201500013413;0;7;0;0;2;1;16;A01
201500013414;0;7;0;0;2;4;2;B01
201500013414;0;30;0;0;2;1;2;A01
201500013415;0;7;0;0;1;1;1;A01
201500013416;0;7;0;0;1;4;4;A01
201500013417;0;7;0;0;2;1;1;B01
201500013417;0;1;0;0;2;1;9;A01
201500013418;0;7;0;0;2;8;10;A01
201500013418;0;30;0;0;2;1;1;B01
201500013419;0;32;0;0;2;1;2;A01
201500013419;0;7;0;0;2;4;0;B01
201500013419;0;7;0;0;9;0;15;C01
201500013420;0;10;0;0;1;4;4;A01
201500013421;0;30;0;0;2;1;9;A01
201500013421;0;7;0;0;2;2;1;B01
201500013422;0;7;0;0;1;1;1;A01
201500013423;2;7;0;0;2;1;19;A01
201500013423;0;7;0;0;2;2;1;B01
201500013424;0;10;0;0;2;4;2;B01
201500013424;0;10;0;0;2;1;0;A01
201500013425;0;7;0;0;2;4;2;B01
201500013425;0;7;0;0;2;3;9;A01
201500013426;0;7;0;0;2;4;2;B01
201500013426;0;7;0;0;2;1;2;A01
201500013427;0;10;0;0;2;2;1;B01
201500013427;0;30;0;0;2;1;13;A01
201500013428;0;7;0;0;2;1;15;A01
201500013428;0;7;0;0;2;3;1;B01
201500013429;0;7;0;0;1;1;1;A01
201500013430;0;7;0;0;2;3;1;B01
201500013430;0;7;0;0;2;1;17;A01
201500013431;0;32;0;0;2;3;3;A01
201500013431;0;7;0;0;2;2;12;B01
201500013432;0;33;0;0;2;1;3;A01
201500013432;0;7;0;0;2;1;10;B01
201500013433;0;7;0;0;2;8;13;A01
201500013433;0;7;0;0;2;8;1;B01
201500013434;0;33;0;0;1;1;1;A01
201500013435;0;33;0;0;2;1;1;B01
201500013435;0;10;0;0;2;5;15;A01
201500013436;0;30;0;0;2;1;1;A01
201500013436;0;7;0;0;2;4;2;B01
201500013437;0;7;0;0;2;4;2;C01
201500013437;0;7;0;0;2;1;2;A01
201500013437;0;7;0;0;2;4;2;B01
201500013438;0;7;0;12;2;3;14;A01
201500013438;0;7;0;0;2;2;15;B01
201500013438;0;7;0;0;2;8;23;C01
201500013439;0;7;0;0;2;5;1;B01
201500013439;0;7;0;0;2;1;16;A01
201500013440;0;7;0;0;2;1;2;A01
201500013440;0;7;0;0;2;4;2;C01
201500013440;0;7;0;0;2;4;2;B01
201500013440;0;7;0;0;2;1;1;D01
201500013441;0;34;0;0;2;2;2;A01
201500013441;0;7;0;0;2;4;2;B01
201500013442;0;7;0;0;2;2;1;B01
201500013442;0;33;0;0;2;3;1;A01
201500013443;0;7;0;0;2;2;1;A01
201500013443;0;7;0;0;2;3;1;B01
201500013444;0;3;0;12;0;9;15;A01
201500013445;0;7;0;0;1;2;1;A01
201500013446;0;7;0;0;2;1;15;A01
201500013446;0;7;0;0;2;3;1;B01
201500013447;0;7;0;0;2;6;2;B01
201500013447;0;30;0;0;2;1;2;A01
201500013448;0;7;0;0;2;8;1;B01
201500013448;0;10;0;0;2;7;12;A01
201500013449;0;7;0;0;2;1;2;A01
201500013449;0;7;0;0;2;4;2;B01
201500013450;0;7;0;0;2;4;2;B01
201500013450;1;7;0;0;2;1;2;A01
201500013451;0;7;0;0;2;4;2;C01
201500013451;0;7;0;0;2;4;2;B01
201500013451;0;7;0;0;2;1;2;A01
201500013452;0;7;0;0;2;4;2;B01
201500013452;0;7;0;0;2;4;2;C01
201500013452;0;10;0;0;2;1;2;A01
201500013453;0;30;0;0;2;2;17;A01
201500013453;0;7;0;0;2;6;23;B01
201500013454;0;30;0;0;2;1;1;B01
201500013454;0;7;0;0;2;8;15;A01
201500013455;0;30;0;0;2;1;1;B01
201500013455;0;7;0;0;2;2;15;A01
201500013456;0;7;0;0;2;1;1;A01
201500013456;0;10;0;0;2;4;1;B01
201500013456;0;7;0;0;2;4;1;C01
201500013457;0;7;0;0;2;1;2;A01
201500013457;0;7;0;0;2;4;2;B01
201500013458;0;34;0;0;2;1;1;B01
201500013458;1;7;0;0;2;1;16;A01
201500013459;0;7;0;0;1;2;2;A01
201500013460;0;30;0;0;2;1;2;A01
201500013460;0;7;0;0;2;4;23;B01
201500013461;0;7;0;0;2;3;10;A01
201500013461;0;30;0;0;2;1;1;B01
201500013462;0;7;0;0;1;4;4;A01
201500013463;0;7;0;0;1;1;16;A01
201500013464;0;7;0;0;2;8;15;A01
201500013464;0;32;0;0;2;1;1;B01
201500013465;0;7;0;0;2;6;2;B01
201500013465;0;7;0;0;2;2;2;A01
201500013466;0;7;0;0;2;3;15;A01
201500013466;0;33;0;0;2;1;1;B01
201500013467;1;1;0;0;1;2;1;Z01
201500013468;0;30;0;0;2;8;1;B01
201500013468;0;7;0;0;2;1;15;A01
201500013469;0;7;0;0;2;4;0;B01
201500013469;0;30;0;0;2;1;2;A01
201500013470;0;7;0;0;2;8;10;A01
201500013470;0;33;0;0;2;1;1;B01
201500013471;0;7;0;0;2;1;23;B01
201500013471;0;7;0;0;2;1;13;A01
201500013472;0;30;0;0;2;1;9;A01
201500013472;0;30;0;0;2;2;1;B01
201500013473;0;7;0;0;2;4;2;C01
201500013473;0;7;0;0;2;1;2;A01
201500013473;0;7;0;0;2;4;2;B01
201500013474;0;1;0;1;0;0;2;B01
201500013474;0;7;0;0;2;8;24;A01
201500013474;0;7;0;0;2;1;2;C01
201500013475;0;7;0;0;1;2;1;A01
201500013476;0;7;0;0;2;8;1;A01
201500013476;0;7;0;0;2;1;1;B01
201500013477;0;30;0;0;2;3;1;B01
201500013477;0;30;0;0;2;8;2;A01
201500013478;0;30;0;0;2;1;1;B01
201500013478;0;7;0;0;2;3;9;A01
201500013479;0;7;0;0;2;4;2;C01
201500013479;0;7;0;0;2;1;2;A01
201500013479;0;7;0;0;2;4;2;B01
201500013480;0;30;0;0;2;3;15;B01
201500013480;0;7;0;0;2;2;16;A01
201500013481;0;7;0;0;2;3;1;B01
201500013481;0;33;0;0;2;1;13;A01
201500013482;0;30;0;0;2;1;1;B01
201500013482;0;7;0;0;2;2;10;A01
201500013483;0;7;0;0;2;1;16;A01
201500013483;0;32;0;0;2;4;1;B01
201500013484;0;7;0;0;2;1;2;A01
201500013484;0;7;0;0;2;4;2;B01
201500013485;0;34;0;0;2;8;3;A01
201500013485;0;7;0;0;2;8;2;B01
201500013486;0;7;0;6;2;1;13;A01
201500013486;0;7;0;3;2;1;1;B01
201500013487;0;32;0;0;2;5;0;A01
201500013487;0;20;0;0;2;3;1;B01
201500013488;0;7;0;0;2;3;1;B01
201500013488;0;7;0;0;2;3;21;A01
201500013489;0;7;0;0;2;8;5;A01
201500013489;0;7;0;0;2;3;16;B01
201500013490;0;1;0;0;2;4;2;B01
201500013490;0;7;0;0;2;3;2;A01
201500013491;0;34;0;0;2;7;17;A01
201500013491;0;7;0;0;2;8;15;B01
201500013492;0;30;0;0;2;7;17;A01
201500013492;0;7;0;0;2;3;15;B01
201500013493;0;7;0;0;2;5;1;B01
201500013493;0;7;0;0;2;1;9;A01
201500013494;0;31;0;0;2;1;1;B01
201500013494;0;7;0;0;2;5;15;A01
201500013495;0;10;0;0;2;1;15;A01
201500013495;0;34;0;0;2;1;1;B01
201500013496;0;1;0;0;2;7;1;B01
201500013496;0;7;0;0;2;1;9;A01
201500013497;0;7;0;0;2;8;1;B01
201500013497;0;3;0;0;2;3;19;A01
201500013498;0;7;0;0;2;4;2;B01
201500013498;0;7;0;0;2;1;2;A01
201500013499;0;10;0;0;2;4;2;C01
201500013499;0;10;0;0;2;3;2;A01
201500013499;0;7;0;0;2;4;2;D01
201500013499;0;7;0;0;2;4;2;B01
201500013500;0;7;0;0;2;4;2;B01
201500013500;0;7;0;0;2;1;2;A01
201500013501;0;7;0;0;2;1;15;A01
201500013501;0;7;0;0;2;3;15;C01
201500013501;0;7;0;0;2;7;1;B01
201500013502;0;7;0;0;2;4;2;B01
201500013502;0;7;0;0;2;1;2;A01
201500013503;0;30;0;0;2;1;13;A01
201500013503;0;30;0;0;2;1;2;C01
201500013503;0;7;0;0;2;1;1;B01
201500013504;0;7;0;0;2;4;2;B01
201500013504;0;7;0;0;2;1;2;A01
201500013505;0;7;0;0;1;3;15;A01
201500013506;0;7;0;0;2;2;20;B01
201500013506;0;30;0;0;2;1;18;A01
201500013507;0;30;0;0;2;8;17;A01
201500013507;0;7;0;0;2;7;17;B01
201500013508;0;7;0;0;2;3;2;B01
201500013508;0;33;0;0;2;1;2;A01
201500013509;0;7;0;0;2;3;1;C01
201500013509;0;7;0;0;2;3;0;B01
201500013509;0;7;0;0;2;3;0;A01
201500013510;0;2;0;0;2;4;2;B01
201500013510;0;7;0;0;2;4;2;A01
201500013511;0;7;0;0;2;1;1;C01
201500013511;0;99;0;0;2;1;5;A01
201500013511;0;7;0;0;2;8;1;B01
201500013512;0;7;0;2;0;9;13;A01
201500013513;0;7;0;0;1;2;0;A01
201500013514;0;7;0;0;0;5;1;B01
201500013514;0;7;0;0;2;1;1;A01
201500013515;0;7;0;0;1;1;1;A01
201500013516;0;7;0;0;2;5;1;A01
201500013516;0;7;0;0;2;1;1;B01
201500013517;0;2;0;0;2;1;17;A01
201500013517;0;7;0;0;2;1;15;B01
201500013518;0;32;0;0;2;1;2;B01
201500013518;0;7;0;0;2;8;15;A01
201500013519;0;7;0;0;0;8;10;A01
201500013519;0;7;0;0;2;1;2;B01
201500013520;1;7;0;0;2;0;2;Z01
201500013520;0;7;0;0;2;1;1;B01
201500013521;0;7;0;0;2;1;5;B01
201500013521;0;7;0;0;2;3;15;A01
201500013522;0;7;0;0;0;0;1;B01
201500013522;0;7;0;0;2;1;0;A01
201500013523;0;34;0;0;2;1;2;B01
201500013523;0;7;0;0;2;1;15;A01
201500013524;0;7;0;0;2;3;15;A01
201500013524;0;7;0;0;2;3;0;B01
201500013525;0;7;0;0;2;8;0;A01
201500013525;0;7;0;0;2;3;1;B01
201500013526;0;7;0;0;1;3;1;A01
201500013527;0;7;0;0;0;3;15;A01
201500013527;0;30;0;0;0;1;1;B01
201500013528;1;10;0;0;2;2;13;A01
201500013528;0;7;0;0;2;0;2;B01
201500013529;0;7;0;8;0;1;0;A01
201500013530;0;7;0;0;2;3;1;B01
201500013530;0;7;0;0;2;3;15;A01
201500013531;0;7;0;0;1;2;0;A01
201500013532;0;7;0;0;2;2;2;A01
201500013532;0;7;0;0;2;6;15;B01
201500013533;0;3;0;0;1;2;19;A01
201500013534;0;7;0;0;2;4;2;B01
201500013534;0;7;0;0;2;1;2;A01
201500013535;0;33;0;0;9;1;2;A01
201500013535;0;2;0;0;9;4;2;B01
201500013536;0;7;0;0;2;3;15;B01
201500013536;0;33;0;0;2;1;1;A01
201500013537;0;10;0;0;2;1;1;A01
201500013537;0;7;0;15;2;4;1;B01
201500013538;0;33;0;0;2;1;1;A01
201500013538;0;7;0;0;2;6;1;B01
201500013539;0;7;0;0;0;8;15;B01
201500013539;0;2;0;0;0;2;17;A01
201500013540;0;7;0;0;0;1;1;B01
201500013540;0;7;0;0;0;8;1;A01
201500013541;0;30;0;0;2;1;0;A01
201500013541;0;7;0;0;2;0;0;B01
201500013542;0;7;0;0;2;0;0;B01
201500013542;0;7;0;0;9;0;0;C01
201500013542;1;7;0;0;2;1;2;A01
201500013543;0;7;0;0;1;8;1;A01
201500013544;1;7;0;0;1;8;2;A01
201500013545;0;7;0;0;0;3;15;B01
201500013545;0;7;0;0;0;1;2;A01
201500013546;0;10;0;0;2;8;0;C01
201500013546;0;7;0;0;2;5;1;B01
201500013546;0;7;0;0;2;1;1;A01
201500013547;0;7;0;1;0;2;1;A01
201500013548;0;7;0;0;2;1;1;B01
201500013548;0;7;0;0;2;6;9;A01
201500013549;0;7;0;0;1;3;5;A01
201500013550;0;7;0;0;2;3;0;A01
201500013550;0;7;0;0;2;3;1;B01
201500013551;0;7;0;0;2;3;0;A01
201500013551;0;34;0;0;2;2;2;B01
201500013552;0;30;0;0;2;0;0;A01
201500013552;0;10;0;0;2;0;0;B01
201500013553;0;2;0;0;2;3;9;B01
201500013553;0;7;0;0;9;0;1;A01
201500013554;0;7;0;1;2;7;1;B01
201500013554;0;7;0;0;2;1;1;A01
201500013555;0;7;0;0;2;4;1;C01
201500013555;0;7;0;0;0;0;0;B01
201500013555;0;7;0;0;0;0;0;D01
201500013555;0;7;0;0;0;0;0;A01
201500013556;0;7;0;0;2;2;15;A01
201500013556;0;2;0;0;2;1;1;B01
201500013557;0;7;0;0;2;4;1;C01
201500013557;0;7;0;0;2;9;2;B01
201500013557;0;7;0;0;2;1;2;A01
201500013558;0;1;0;0;2;8;19;A01
201500013558;0;33;0;0;2;1;2;B01
201500013559;0;7;0;0;2;0;0;B01
201500013559;0;7;0;0;0;1;2;A01
201500013559;0;7;0;0;2;4;2;C01
201500013560;0;7;0;0;2;3;9;A01
201500013560;0;1;0;0;2;2;1;B01
201500013561;0;7;0;0;1;1;6;A01
201500013562;0;15;0;0;2;8;15;A01
201500013562;0;7;0;0;2;1;1;B01
201500013563;0;7;0;0;9;1;1;B01
201500013563;0;7;0;0;2;1;13;A01
201500013564;0;7;0;0;2;2;12;A01
201500013564;0;7;0;15;2;3;0;B01
201500013565;0;7;0;0;2;7;0;A01
201500013565;0;30;0;0;2;1;0;B01
201500013566;0;7;0;11;0;1;20;A01
201500013567;0;7;0;0;2;3;15;A01
201500013567;0;7;0;0;2;2;2;B01
201500013568;0;32;0;0;2;1;1;B01
201500013568;0;33;0;0;2;1;17;A01
201500013568;0;7;0;0;2;2;1;C01
201500013569;0;30;0;15;0;1;0;A01
201500013570;0;33;0;0;2;1;1;B01
201500013570;0;7;0;0;2;5;15;A01
201500013571;1;7;0;0;1;0;0;Z01
201500013572;0;7;0;0;1;1;1;A01
201500013573;0;32;0;0;2;1;1;A01
201500013573;0;7;0;0;2;3;9;B01
201500013574;0;7;0;0;2;0;0;A01
201500013574;0;34;0;0;2;0;0;B01
201500013575;0;7;0;14;0;4;23;B01
201500013575;0;7;0;0;2;4;23;C01
201500013575;0;14;0;14;0;1;2;A01
201500013576;0;1;0;0;0;0;0;A01
201500013577;0;2;0;0;2;1;1;A01
201500013577;0;7;0;0;2;2;20;B01
201500013578;0;7;0;0;2;2;2;B01
201500013578;0;7;0;0;2;2;15;A01
201500013579;0;7;0;0;2;4;1;B01
201500013579;0;33;0;0;2;1;1;A01
201500013580;0;33;0;0;2;1;1;A01
201500013580;0;10;0;0;2;6;1;B01
201500013581;0;34;0;0;2;8;1;B01
201500013581;0;7;0;0;2;8;1;A01
201500013582;0;1;0;0;1;0;0;A01
201500013583;0;7;0;0;2;5;19;B01
201500013583;0;30;0;0;2;1;1;A01
201500013584;0;7;0;0;2;1;2;A01
201500013584;0;7;0;0;2;4;2;B01
201500013585;0;30;0;0;2;1;1;A01
201500013585;1;7;0;0;2;1;2;Z01
201500013586;1;7;0;0;2;0;16;Z01
201500013586;0;32;0;0;2;3;1;A01
201500013587;0;2;0;0;2;0;1;B01
201500013587;0;7;0;0;2;0;15;A01
201500013588;0;33;0;0;2;7;0;A01
201500013588;0;7;0;0;2;1;15;B01
201500013589;0;7;0;8;0;1;0;A01
201500013590;0;37;0;0;1;3;1;A01
201500013591;0;7;0;0;1;3;1;A01
201500013592;0;32;0;0;2;1;1;A01
201500013592;0;7;0;0;2;3;15;B01
201500013593;2;7;0;0;2;7;22;A01
201500013593;0;32;0;0;2;3;2;B01
201500013594;0;7;0;0;2;8;1;B01
201500013594;0;7;0;0;2;2;1;A01
201500013595;0;7;0;15;0;1;13;A01
201500013596;0;34;0;0;2;2;17;B01
201500013596;0;7;0;0;2;3;13;A01
201500013597;0;7;0;8;2;9;4;A01
201500013597;0;7;0;0;2;2;1;B01
201500013598;0;2;0;0;2;2;2;B01
201500013598;0;7;0;0;2;8;15;A01
201500013599;0;7;0;0;2;3;2;B01
201500013599;0;31;0;0;2;1;2;A01
201500013600;0;7;0;0;2;1;15;A01
201500013600;0;32;0;0;2;1;2;B01
201500013601;1;7;0;0;2;2;1;Z01
201500013601;0;7;0;0;2;2;20;B01
201500013602;0;7;0;0;2;1;2;A01
201500013602;0;7;0;0;2;4;2;B01
201500013603;0;7;0;13;0;1;0;A01
201500013604;0;7;0;13;0;1;0;A01
201500013605;0;31;0;0;1;2;3;A01
201500013605;0;7;0;0;2;3;2;B01
201500013606;0;7;0;0;1;3;1;A01
201500013607;0;7;0;0;2;0;0;A01
201500013607;0;34;0;0;2;0;0;B01
201500013608;0;7;0;0;2;3;9;A01
201500013608;0;32;0;0;2;1;1;B01
201500013609;0;7;0;0;2;8;11;A01
201500013609;0;32;0;0;2;2;2;B01
201500013610;0;10;0;0;2;3;16;A01
201500013610;0;31;0;0;2;0;1;B01
201500013611;0;34;0;0;2;1;2;B01
201500013611;0;7;0;0;2;1;13;A01
201500013612;2;7;0;0;1;2;1;Z01
201500013613;0;34;0;0;2;1;1;B01
201500013613;0;7;0;0;2;2;14;A01
201500013614;0;7;0;7;0;3;1;A01
201500013615;0;34;0;0;1;0;0;A01
201500013616;0;7;0;0;2;8;1;A01
201500013616;0;7;0;0;2;0;0;B01
201500013617;0;7;0;0;2;3;15;B01
201500013617;0;31;0;1;2;8;18;A01
201500013618;0;7;0;0;2;1;2;B01
201500013618;0;7;0;0;2;1;5;A01
201500013619;0;7;0;0;1;1;1;A01
201500013620;0;7;0;0;2;4;1;B01
201500013620;0;31;0;0;2;1;1;A01
201500013621;0;2;0;0;2;8;1;B01
201500013621;1;2;0;0;2;1;1;Z01
201500013622;0;2;0;0;2;1;16;B01
201500013622;1;7;0;0;2;1;15;Z01
201500013623;0;7;0;0;1;2;24;A01
201500013624;0;7;0;0;2;1;1;A01
201500013624;0;7;0;0;2;5;15;B01
201500013625;0;30;0;0;1;1;1;A01
201500013626;0;7;0;0;2;2;9;B01
201500013626;0;2;0;0;2;0;17;A01
201500013627;0;31;0;0;2;1;1;A01
201500013627;0;7;0;0;2;3;10;B01
201500013628;0;7;0;0;2;1;1;A01
201500013628;0;32;0;0;2;4;1;B01
201500013629;0;2;0;0;1;0;0;A01
201500013630;0;10;0;0;1;1;15;A01
201500013631;0;10;0;0;2;3;1;A01
201500013631;0;1;0;0;2;1;1;B01
201500013632;0;33;0;0;2;1;0;B01
201500013632;0;30;0;0;2;5;1;A01
201500013633;0;1;0;1;2;1;1;A01
201500013633;0;7;0;0;9;7;9;B01
201500013634;0;7;0;0;2;4;2;B01
201500013634;0;7;0;0;2;1;1;A01
201500013635;0;32;0;0;2;1;1;B01
201500013635;0;7;0;0;2;2;15;A01
201500013636;0;7;0;0;2;3;15;A01
201500013636;0;7;0;0;2;1;1;B01
201500013637;0;7;0;0;2;3;1;B01
201500013637;0;30;0;0;2;9;13;A01
201500013638;0;7;0;0;1;1;2;A01
201500013639;1;7;0;0;1;0;0;Z01
201500013640;0;7;0;0;1;1;2;A01
201500013641;0;7;0;0;2;2;9;B01
201500013641;2;7;0;0;2;8;15;Z01
201500013642;0;32;0;0;1;1;1;A01
201500013643;0;34;0;0;2;1;2;A01
201500013643;0;7;0;0;2;4;2;B01
201500013644;0;7;0;0;2;3;13;A01
201500013644;0;7;0;1;2;3;1;B01
201500013645;0;7;0;0;2;1;15;B01
201500013645;0;32;0;0;2;1;1;A01
201500013646;0;7;0;0;2;1;1;A01
201500013646;0;7;0;0;2;4;15;B01
201500013647;0;33;0;0;2;8;1;A01
201500013647;0;7;0;16;2;7;12;B01
201500013648;0;7;0;0;2;1;5;A01
201500013648;0;7;0;0;2;1;1;B01
201500013649;0;20;0;1;1;1;1;A01
201500013650;0;7;0;4;0;1;0;A01
201500013651;0;33;0;0;2;5;17;A01
201500013651;1;7;0;0;0;0;0;Z01
201500013652;0;7;0;0;1;2;1;A01
201500013653;0;30;0;0;2;1;1;B01
201500013653;0;7;0;0;2;8;10;A01
201500013654;0;32;0;0;2;2;1;B01
201500013654;0;7;0;0;2;3;9;A01
201500013655;0;33;0;0;0;0;0;A01
201500013656;0;7;0;0;2;3;9;B01
201500013656;0;32;0;0;2;1;17;A01
201500013657;0;7;0;0;1;1;16;A01
201500013658;0;2;0;0;2;1;17;A01
201500013658;1;7;0;0;2;3;15;Z01
201500013659;0;10;0;0;1;4;4;A01
201500013660;0;7;0;0;1;1;1;A01
201500013661;0;7;0;0;2;3;15;A01