num_acc;senc;catv;occutc;obs;obsm;choc;manv;num_veh
201500013661;0;2;0;0;2;1;1;B01
201500013662;0;30;0;0;2;2;1;A01
201500013662;1;33;0;0;2;0;15;Z01
201500013663;0;7;0;0;2;9;23;C01
201500013663;0;7;0;12;2;2;14;A01
201500013663;0;33;0;0;2;1;17;B01
201500013663;0;7;0;0;2;1;1;D01
201500013664;0;34;0;0;1;1;1;A01
201500013665;0;7;0;6;0;1;1;A01
201500013666;0;30;0;0;2;3;2;A01
201500013666;1;7;0;0;2;7;13;Z01
201500013667;0;10;0;0;2;3;1;B01
201500013667;0;7;0;0;2;6;10;A01
201500013668;1;7;0;0;1;1;1;Z01
201500013669;0;7;0;0;2;3;10;A01
201500013669;0;30;0;0;2;2;1;B01
201500013670;0;7;0;0;2;1;1;A01
201500013670;0;7;0;0;2;8;1;B01
201500013671;0;33;0;0;2;1;1;A01
201500013671;0;7;0;0;2;3;1;B01
201500013672;0;33;0;0;2;1;21;A01
201500013672;0;7;0;0;2;3;9;B01
201500013673;0;31;0;0;2;1;1;B01
201500013673;0;7;0;0;2;5;16;A01
201500013674;0;33;0;10;0;8;0;A01
201500013675;0;1;0;0;2;2;19;A01
201500013675;0;7;0;0;2;1;1;B01
201500013676;0;2;0;0;2;2;17;A01
201500013676;0;7;0;0;2;3;15;B01
201500013677;2;7;0;0;2;1;15;Z01
201500013677;0;7;0;0;2;0;0;B01
201500013678;0;7;0;0;2;7;15;A01
201500013678;0;7;0;0;2;1;1;B01
201500013679;0;33;0;0;2;1;1;B01
201500013679;0;7;0;0;2;7;16;A01
201500013680;0;7;0;0;2;4;1;B01
201500013680;0;34;0;0;2;1;2;C01
201500013680;0;2;0;0;2;0;15;A01
201500013681;0;7;0;0;1;2;1;A01
201500013682;0;33;0;0;2;1;1;B01
201500013682;0;32;0;0;2;9;11;A01
201500013682;0;7;0;0;2;1;1;C01
201500013683;0;7;0;0;2;8;1;B01
201500013683;0;7;0;0;2;8;17;A01
201500013684;0;7;0;0;2;5;1;A01
201500013684;0;7;0;1;2;5;1;B01
201500013685;0;7;0;0;2;4;23;B01
201500013685;0;7;0;0;2;1;1;A01
201500013686;1;7;0;0;2;1;0;Z01
201500013686;0;31;0;0;2;7;1;B01
201500013687;0;7;0;0;2;1;14;B01
201500013687;0;14;0;0;2;0;19;A01
201500013688;0;7;0;0;2;3;13;A01
201500013688;0;32;0;0;2;3;13;B01
201500013689;0;32;0;0;2;4;2;B01
201500013689;0;7;0;0;2;2;2;A01
201500013690;0;2;0;0;0;8;1;A01
201500013691;1;33;0;0;1;0;0;Z01
201500013692;0;7;0;0;2;8;0;A01
201500013692;0;31;0;0;2;7;17;B01
201500013693;0;7;0;0;2;1;13;A01
201500013693;0;37;0;0;2;1;23;B01
201500013694;0;30;0;0;0;0;0;A01
201500013695;0;7;0;0;1;2;1;A01
201500013696;0;7;0;0;2;3;1;B01
201500013696;0;10;0;0;2;3;1;A01
201500013697;0;31;0;0;2;1;2;A01
201500013697;0;7;0;0;2;6;15;B01
201500013698;0;33;0;0;0;8;1;A01
201500013699;0;33;0;0;2;0;2;A01
201500013699;0;7;0;0;2;3;15;B01
201500013700;0;37;10;0;2;3;16;B01
201500013700;0;7;0;0;2;1;1;A01
201500013701;0;7;0;0;2;8;15;A01
201500013702;0;33;0;0;0;8;2;A01
201500013703;0;32;0;0;1;8;1;A01
201500013704;0;7;0;0;2;0;11;A01
201500013704;0;7;0;0;2;8;21;B01
201500013704;0;30;0;0;2;4;1;C01
201500013705;0;7;0;0;2;6;2;B01
201500013705;0;30;0;0;2;1;2;A01
201500013706;0;7;0;0;0;0;2;B01
201500013706;0;7;0;15;0;2;14;A01
201500013707;0;31;0;0;0;0;1;A01
201500013708;0;7;0;0;1;1;1;A01
201500013709;0;10;0;0;2;3;1;A01
201500013709;0;7;0;0;2;1;1;B01
201500013710;1;10;0;0;2;8;11;Z01
201500013710;0;30;0;0;2;7;1;B01
201500013711;0;7;0;0;0;3;15;A01
201500013711;0;2;0;0;2;1;1;B01
201500013712;0;7;0;0;2;4;2;C01
201500013712;0;7;0;0;2;1;2;A01
201500013712;0;7;0;0;2;4;2;B01
201500013713;0;7;0;0;2;3;10;B01
201500013713;0;33;0;0;2;1;1;A01
201500013714;0;32;0;12;0;3;2;A01
201500013715;0;7;0;0;2;1;1;A01
201500013715;0;7;0;0;2;4;23;C01
201500013715;0;7;0;0;2;4;23;B01
201500013716;0;30;0;0;2;1;1;B01
201500013716;0;7;0;0;2;8;10;A01
201500013717;0;32;0;0;1;3;1;A01
201500013718;1;7;0;0;1;0;0;Z01
201500013719;2;7;0;0;1;1;0;Z01
201500013720;0;7;0;0;2;8;15;A01
201500013720;0;33;0;0;2;1;1;B01
201500013721;0;7;0;0;1;3;1;A01
201500013722;0;7;0;0;2;4;1;B01
201500013722;0;7;0;0;2;4;2;C01
201500013722;0;7;0;0;2;1;1;A01
201500013723;0;7;0;1;0;1;0;A01
201500013724;0;7;0;0;2;0;0;B01
201500013724;0;7;0;0;2;4;2;A01
201500013725;0;7;0;0;2;1;15;A01
201500013725;0;32;0;0;2;1;1;B01
201500013726;0;7;0;0;2;2;1;B01
201500013726;0;7;0;0;2;3;9;A01
201500013727;0;33;0;0;2;1;2;A01
201500013727;0;7;0;0;2;0;0;B01
201500013728;1;1;0;0;1;0;0;Z01
201500013729;0;32;0;0;2;1;2;A01
201500013729;0;7;0;0;2;6;10;B01
201500013730;0;7;0;1;0;7;0;A01
201500013730;0;33;0;0;2;0;0;B01
201500013731;0;7;0;0;2;6;2;B01
201500013731;0;7;0;0;2;2;2;A01
201500013732;0;7;0;0;2;6;15;B01
201500013732;0;33;0;0;2;1;17;A01
201500013733;0;7;0;0;1;1;1;A01
201500013734;0;7;0;0;1;2;1;A01
201500013735;0;7;0;0;2;1;1;C01
201500013735;0;34;0;0;2;1;17;A01
201500013735;0;7;0;0;2;1;15;B01
201500013736;0;7;0;0;0;0;0;B01
201500013736;0;32;0;0;2;0;0;A01
201500013736;0;7;0;0;2;0;0;C01
201500013737;0;14;0;0;2;1;1;B01
201500013737;0;7;0;0;2;1;13;A01
201500013738;2;7;0;0;2;1;2;A01
201500013738;0;7;0;0;2;4;2;B01
201500013739;1;30;0;0;2;1;0;B01
201500013739;0;7;0;0;0;2;19;A01
201500013740;0;10;0;0;1;5;2;A01
201500013741;0;7;0;0;2;3;1;B01
201500013741;0;32;0;0;2;1;1;A01
201500013742;0;31;0;0;2;1;2;B01
201500013742;0;7;0;0;2;0;0;A01
201500013743;0;7;0;0;2;1;1;A01
201500013743;0;7;0;0;2;4;1;B01
201500013744;0;7;0;0;2;3;6;B01
201500013744;0;30;0;0;2;2;1;A01
201500013745;0;33;0;0;2;1;2;A01
201500013745;0;7;0;0;2;6;2;B01
201500013746;0;7;0;0;2;2;16;B01
201500013746;0;30;0;0;2;1;2;A01
201500013747;0;7;0;0;2;1;1;C01
201500013747;0;7;0;0;2;8;1;B01
201500013747;0;31;0;0;2;7;17;A01
201500013748;0;7;0;0;1;3;1;A01
201500013749;0;7;0;0;1;7;21;A01
201500013750;0;7;0;0;1;0;0;A01
201500013751;0;37;0;0;2;3;1;B01
201500013751;0;7;0;0;9;8;19;A01
201500013752;1;32;0;0;1;1;1;Z01
201500013753;1;7;0;0;2;0;2;Z01
201500013753;0;33;0;0;2;7;21;B01
201500013754;0;7;0;0;2;3;11;A01
201500013754;0;33;0;0;2;1;1;B01
201500013755;0;7;0;0;1;3;1;A01
201500013756;1;7;0;0;1;1;1;Z01
201500013757;0;2;0;14;0;1;1;A01
201500013758;0;33;0;0;0;1;1;A01
201500013759;0;15;0;0;2;0;1;B01
201500013759;0;7;0;3;0;1;5;A01
201500013760;0;34;0;0;2;3;17;B01
201500013760;0;7;0;0;2;3;0;A01
201500013761;0;34;0;0;2;1;1;B01
201500013761;0;7;0;0;2;2;15;A01
201500013762;0;7;0;2;0;1;14;A01
201500013763;0;32;0;0;2;0;0;A01
201500013764;0;34;0;11;0;3;13;A01
201500013765;0;33;0;0;0;0;0;A01
201500013766;0;32;0;0;2;1;1;B01
201500013766;0;7;0;0;2;3;1;A01
201500013767;0;7;0;0;1;3;1;A01
201500013768;0;10;0;0;2;8;9;A01
201500013768;0;2;0;0;2;7;2;B01
201500013769;0;30;0;0;0;0;1;A01
201500013769;0;7;0;0;0;0;1;B01
201500013770;0;7;0;0;2;1;15;A01
201500013770;0;7;0;0;2;1;1;B01
201500013771;0;7;0;0;2;3;1;B01
201500013771;0;7;0;0;2;1;5;A01
201500013772;0;7;0;0;1;2;1;A01
201500013773;0;30;0;0;2;3;1;B01
201500013773;0;7;0;0;2;2;15;A01
201500013774;0;10;0;0;2;3;0;A01
201500013774;0;7;0;0;2;0;0;B01
201500013775;0;7;0;1;2;3;20;B01
201500013775;2;7;0;0;2;2;1;A01
201500013776;1;1;0;0;1;1;1;Z01
201500013777;0;1;0;0;2;4;1;A01
201500013777;1;7;0;0;2;0;0;Z01
201500013778;0;7;0;0;1;1;16;A01
201500013779;0;34;0;0;2;1;1;A01
201500013779;0;7;0;0;2;4;1;B01
201500013780;0;33;0;0;2;1;1;B01
201500013780;1;7;0;0;2;1;1;Z01
201500013780;0;7;0;0;2;1;15;C01
201500013781;0;34;0;0;2;1;1;B01
201500013781;0;32;0;0;2;1;5;A01
201500013782;0;7;0;0;2;1;2;A01
201500013782;0;7;0;0;2;4;23;B01
201500013783;0;10;0;0;2;3;15;B01
201500013783;0;33;0;0;2;2;1;A01
201500013784;0;2;0;0;2;1;1;B01
201500013784;0;7;0;0;2;1;0;A01
201500013785;0;33;0;0;1;1;0;A01
201500013786;0;7;0;0;1;2;1;A01
201500013787;0;7;0;0;2;3;1;B01
201500013787;0;33;0;0;2;1;17;A01
201500013787;0;7;0;0;0;0;1;C01
201500013788;0;7;0;0;1;2;1;A01
201500013789;0;7;0;0;0;0;0;B01
201500013789;0;7;0;0;0;0;0;A01
201500013790;0;30;0;0;2;1;1;B01
201500013790;0;7;0;0;2;2;17;A01
201500013791;0;2;0;0;2;1;1;B01
201500013791;0;7;0;0;2;3;1;A01
201500013792;0;7;0;0;2;1;1;B01
201500013792;0;7;0;0;2;1;1;A01
201500013793;0;7;0;0;1;1;1;A01
201500013794;0;7;0;0;2;2;16;A01
201500013794;0;30;0;0;2;1;18;B01
201500013795;0;7;0;0;9;1;1;B01
201500013795;0;2;0;0;2;1;0;A01
201500013796;0;7;0;0;2;7;10;A01
201500013796;0;30;0;0;2;1;1;B01
201500013797;0;33;0;0;0;0;0;B01
201500013797;0;7;0;0;2;7;15;A01
201500013798;0;7;0;0;2;6;2;B01
201500013798;0;7;0;0;2;9;3;A01
201500013798;0;7;0;0;2;3;1;C01
201500013799;0;33;0;0;2;5;8;B01
201500013799;0;7;0;0;2;2;15;A01
201500013800;0;7;0;0;2;2;1;A01
201500013800;0;7;0;1;2;3;1;B01
201500013801;0;7;0;0;2;4;2;C01
201500013801;0;7;0;0;2;4;2;B01
201500013801;0;7;0;0;2;1;2;A01
201500013802;0;7;0;0;1;1;1;A01
201500013803;0;37;0;0;2;1;1;A01
201500013803;0;10;0;0;2;7;16;B01
201500013804;0;7;0;0;1;3;15;A01
201500013805;0;7;0;0;9;1;1;A01
201500013805;0;1;0;0;2;7;19;B01
201500013806;0;7;0;0;2;6;11;B01
201500013806;0;30;0;0;2;2;17;A01
201500013807;0;2;0;0;2;1;2;A01
201500013807;0;1;0;0;2;0;2;B01
201500013808;0;7;0;0;2;0;0;B01
201500013808;0;7;0;0;2;0;2;C01
201500013808;0;7;0;0;2;0;2;A01
201500013809;0;7;0;0;2;2;11;B01
201500013809;0;30;0;0;2;1;2;A01
201500013810;0;7;0;0;2;3;15;A01
201500013810;0;33;0;0;2;1;1;B01
201500013811;0;7;0;0;2;2;1;A01
201500013811;0;32;0;0;2;0;5;B01
201500013812;0;7;0;0;2;3;15;A01
201500013812;0;33;0;0;2;6;1;F01
201500013813;0;7;0;0;2;8;0;A01
201500013813;0;32;0;0;2;1;1;B01
201500013814;0;2;0;0;2;2;15;B01
201500013814;0;7;0;0;2;2;9;A01
201500013815;0;7;0;0;2;4;1;C01
201500013815;0;7;0;0;2;4;2;B01
201500013815;0;10;0;0;2;1;2;A01
201500013816;0;7;0;0;2;4;23;A01
201500013816;1;7;0;0;2;1;1;Z01
201500013817;0;33;0;0;2;1;1;B01
201500013817;0;13;0;0;2;8;11;A01
201500013818;0;7;0;0;2;1;1;B01
201500013818;0;7;0;0;0;2;1;A01
201500013818;0;7;0;0;2;3;16;C01
201500013819;0;7;0;0;2;1;1;B01
201500013819;0;34;0;0;2;1;17;A01
201500013820;0;7;0;0;2;4;2;B01
201500013820;0;7;0;0;2;1;2;A01
201500013821;2;13;0;0;2;2;12;Z01
201500013821;0;7;0;0;2;8;1;A01
201500013822;0;40;0;0;1;3;1;A01
201500013823;0;33;0;0;2;1;1;A01
201500013823;0;34;0;0;2;6;1;B01
201500013824;0;32;0;0;0;0;1;A01
201500013825;0;33;0;0;2;7;21;B01
201500013825;0;7;0;0;2;8;2;A01
201500013826;0;7;0;0;2;3;15;B01
201500013826;0;34;0;0;2;1;2;A01
201500013827;1;30;0;0;1;1;1;Z01
201500013828;0;7;0;0;2;3;0;A01
201500013828;0;32;0;0;2;3;15;B01
201500013829;0;38;0;0;2;1;2;A01
201500013829;0;7;0;0;2;4;0;B01
201500013830;0;7;0;0;0;0;0;A01
201500013831;0;2;0;0;2;1;1;A01
201500013831;0;30;0;0;2;4;1;B01
201500013832;0;7;0;0;2;4;3;B01
201500013832;0;7;0;0;2;1;2;A01
201500013832;0;7;0;0;2;4;2;C01
201500013833;0;7;0;8;0;2;1;K01
201500013834;0;34;0;0;2;1;1;B01
201500013834;0;30;0;0;2;2;15;A01
201500013835;1;7;0;0;2;3;15;Z01
201500013835;0;30;0;0;2;1;1;A01
201500013836;0;34;0;0;2;1;1;B01
201500013836;0;7;0;0;2;5;15;A01
201500013837;0;7;0;0;2;6;15;A01
201500013837;0;31;0;0;2;3;17;B01
201500013838;0;7;0;0;2;8;1;B01
201500013838;0;7;0;0;2;1;19;A01
201500013839;0;7;0;0;2;1;2;A01
201500013839;0;7;0;0;2;4;2;B01
201500013840;0;7;0;0;1;1;1;A01
201500013841;0;32;0;0;2;3;1;B01
201500013841;1;37;1;0;0;0;1;Z01
201500013842;0;7;0;0;2;1;1;A01
201500013842;0;7;0;0;2;4;2;B01
201500013843;0;7;0;4;9;1;1;A01
201500013844;0;34;0;0;2;1;1;B01
201500013844;0;7;0;0;2;3;10;A01
201500013845;0;7;0;0;0;3;9;A01
201500013845;0;7;0;0;2;1;1;B01
201500013846;0;37;0;0;2;6;1;B01
201500013846;0;30;0;0;2;7;17;A01
201500013847;0;33;0;0;2;1;1;B01
201500013847;0;7;0;0;2;3;9;A01
201500013848;0;10;0;0;2;2;13;A01
201500013848;0;10;0;0;2;1;1;B01
201500013849;0;7;0;0;2;1;15;A01
201500013849;0;7;0;0;2;1;1;B01
201500013850;0;7;0;1;2;1;20;A01
201500013850;0;13;0;0;2;8;1;B01
201500013851;0;10;0;0;2;1;1;B01
201500013851;0;7;0;0;2;7;15;A01
201500013852;0;30;0;0;2;1;2;A01
201500013852;0;30;0;0;2;4;15;B01
201500013853;0;7;0;0;2;4;2;B01
201500013853;0;7;0;0;2;1;2;A01
201500013853;0;7;0;0;2;4;2;C01
201500013854;0;30;0;0;2;3;13;A01
201500013854;0;37;0;0;2;3;1;B01
201500013855;0;7;0;0;2;1;13;A01
201500013855;0;7;0;0;2;3;15;B01
201500013856;0;34;0;14;0;1;1;A01
201500013857;0;7;0;0;2;4;23;B01
201500013857;0;7;0;1;0;1;2;A01
201500013858;0;7;0;0;2;5;15;B01
201500013858;0;33;0;0;2;1;1;A01
201500013859;0;32;0;0;2;1;1;B01
201500013859;0;37;0;0;2;1;15;A01
201500013860;0;7;0;0;2;4;2;C01
201500013860;0;7;0;0;2;4;2;B01
201500013860;0;7;0;0;2;1;2;A01
201500013861;0;7;0;0;2;4;2;C01
201500013861;0;7;0;0;2;1;1;A01
201500013861;0;7;0;0;2;4;2;B01
201500013862;0;33;0;0;0;0;1;A01
201500013863;0;7;0;0;2;2;15;A01
201500013863;0;32;0;0;2;1;1;B01
201500013864;2;2;0;0;1;1;0;A01
201500013865;0;7;0;0;0;1;1;A01
201500013865;0;7;0;0;9;0;0;B01
201500013866;0;10;0;0;1;1;1;A01
201500013867;0;7;0;0;2;2;10;A01
201500013867;0;33;0;0;2;1;5;B01
201500013868;0;7;0;0;2;1;9;A01
201500013868;0;34;0;0;2;5;1;B01
201500013869;0;7;0;0;1;2;16;A01
201500013870;0;7;0;0;1;6;20;A01
201500013871;0;33;0;8;0;1;0;A01
201500013872;0;7;0;0;2;2;16;A01
201500013872;0;32;0;0;2;8;1;B01
201500013873;0;30;0;0;2;8;2;B01
201500013873;0;7;0;0;0;1;2;A01
201500013874;0;7;0;0;2;1;1;B01
201500013874;0;7;0;0;2;2;1;A01
201500013875;0;30;0;0;0;0;1;A01
201500013876;1;7;0;0;1;1;16;Z01
201500013877;0;2;0;0;2;0;1;A01
201500013877;0;7;0;0;2;3;15;B01
201500013878;0;34;0;0;2;5;0;A01
201500013878;0;7;0;0;2;6;0;B01
201500013879;0;7;0;0;1;8;17;A01
201500013880;0;30;0;0;0;0;0;A01
201500013881;0;32;0;0;2;1;1;A01
201500013881;1;7;0;0;2;1;19;Z01
201500013882;1;7;0;0;2;1;1;Z01
201500013882;0;7;0;0;2;6;23;B01
201500013882;0;7;0;0;2;4;23;A01
201500013883;0;7;0;0;2;8;10;A01
201500013883;0;7;0;0;2;2;1;B01
201500013884;0;7;0;0;2;4;2;B01
201500013884;0;7;0;0;2;1;2;A01
201500013885;1;10;0;0;2;7;14;Z01
201500013885;0;33;0;0;2;8;1;A01
201500013886;0;31;0;0;2;8;0;B01
201500013886;0;7;0;0;2;1;2;A01
201500013887;0;7;0;0;2;1;1;B01
201500013887;0;30;0;0;2;8;5;A01
201500013888;0;2;0;0;2;0;0;B01
201500013888;0;7;0;0;2;0;9;A01
201500013889;0;7;0;15;2;8;1;A01
201500013890;0;40;0;0;1;1;1;A01
201500013891;0;7;0;0;1;1;0;A01
201500013892;0;7;0;0;2;4;2;C01
201500013892;0;7;0;0;2;1;2;A01
201500013892;0;7;0;0;2;4;2;B01
201500013893;0;7;0;0;2;2;16;B01
201500013893;0;32;0;0;2;3;2;A01
201500013894;0;7;0;6;0;1;1;A01
201500013895;0;7;0;0;1;1;1;A01
201500013896;0;30;0;0;2;1;9;A01
201500013896;0;7;0;0;2;0;0;B01
201500013897;0;7;0;0;1;6;4;A01
201500013898;0;7;0;0;2;7;15;B01
201500013898;0;31;0;0;2;1;1;A01
201500013899;0;14;0;0;1;1;1;A01
201500013900;0;33;0;0;2;1;15;A01
201500013900;0;7;0;0;2;3;15;B01
201500013901;0;7;0;0;2;0;0;A01
201500013901;0;7;0;0;2;0;0;B01
201500013902;0;32;0;0;2;0;0;B01
201500013902;0;2;0;0;2;0;1;A01
201500013903;0;7;0;0;2;2;1;B01
201500013903;0;7;0;0;2;5;4;A01
201500013904;0;7;0;0;2;3;15;B01
201500013904;0;2;0;0;2;1;17;A01
201500013905;0;7;0;0;1;2;15;A01
201500013906;0;34;0;0;2;4;1;B01
201500013906;1;7;0;0;2;1;1;Z01
201500013907;0;7;0;0;1;7;1;A01
201500013908;0;32;0;0;2;7;1;B01
201500013908;0;7;0;0;2;6;20;A01
201500013909;0;14;0;0;2;2;1;A01
201500013909;0;7;0;0;2;3;1;B01
201500013910;0;7;0;0;2;0;15;A01
201500013910;0;33;0;0;2;0;0;B01
201500013911;0;7;0;6;2;1;1;A01
201500013911;1;7;0;0;2;7;0;Z01
201500013912;0;7;0;0;1;8;1;A01
201500013913;0;7;0;0;2;7;15;A01
201500013913;0;30;0;0;2;1;1;B01
201500013914;0;7;0;6;0;1;0;A01
201500013915;0;37;0;0;1;8;0;A01
201500013916;0;33;0;0;2;1;1;B01
201500013916;0;7;0;0;2;7;10;A01
201500013917;0;7;0;0;2;3;9;A01
201500013917;0;10;0;0;2;5;0;B01
201500013918;0;33;0;0;1;8;1;A01
201500013919;0;33;0;0;1;1;1;A01
201500013920;0;7;0;0;2;1;1;A01
201500013920;0;7;0;1;2;6;1;B01
201500013921;0;10;0;0;2;8;11;A01
201500013921;0;7;0;0;2;2;1;B01
201500013922;0;7;0;0;2;0;20;A01
201500013922;0;30;0;0;2;8;2;B01
201500013923;0;30;0;0;2;1;13;A01
201500013923;0;37;1;0;2;1;1;B01
201500013924;1;7;0;0;2;1;0;Z01
201500013924;0;7;0;0;2;4;1;B01
201500013925;0;7;0;0;2;4;1;B01
201500013925;1;7;0;0;2;1;2;Z01
201500013926;0;7;0;1;0;0;2;B01
201500013926;0;34;0;0;2;3;2;A01
201500013927;0;7;0;0;0;0;0;A01
201500013927;0;30;0;0;0;0;0;B01
201500013928;0;7;0;0;2;4;2;B01
201500013928;0;2;0;0;2;1;2;A01
201500013929;0;7;0;0;2;1;2;A01
201500013929;0;7;0;0;2;4;2;B01
201500013930;0;33;0;0;2;4;2;B01
201500013930;0;7;0;0;2;1;2;A01
201500013931;0;32;0;0;2;1;2;B01
201500013931;0;7;0;0;2;2;15;A01
201500013932;0;7;0;0;2;1;16;A01
201500013932;0;7;0;0;2;3;1;B01
201500013933;0;7;0;0;2;4;2;C01
201500013933;0;7;0;0;2;4;2;B01
201500013933;0;7;0;0;2;1;2;A01
201500013934;0;30;0;0;0;0;0;A01
201500013934;0;30;0;0;2;0;0;B01
201500013935;1;7;0;0;2;1;9;Z01
201500013935;0;34;0;0;2;1;1;A01
201500013936;0;7;0;0;2;1;2;D01
201500013936;0;7;0;0;2;4;2;E01
201500013936;0;7;0;0;2;4;2;F02
201500013936;0;7;0;0;2;6;0;B01
201500013936;0;7;0;0;2;1;2;A01
201500013936;0;7;0;0;2;4;0;C01
201500013937;0;33;0;0;2;1;1;B01
201500013937;0;3;0;0;2;2;15;A01
201500013938;0;7;0;0;2;4;1;A01
201500013938;1;7;0;0;2;1;2;Z01
201500013939;0;7;0;0;2;1;1;A01
201500013939;0;7;0;0;2;3;1;B01
201500013940;0;7;0;0;1;2;19;A01
201500013941;0;33;0;0;1;0;0;A01
201500013942;1;7;0;0;1;3;15;Z01
201500013943;0;7;0;0;2;3;15;A01
201500013943;0;32;0;0;2;7;1;B01
201500013944;0;7;0;1;1;7;0;A01
201500013945;0;7;0;0;2;1;9;A01
201500013945;0;7;0;0;2;1;1;B01
201500013946;0;7;0;0;4;8;10;A01
201500013946;0;40;0;0;2;1;2;B01
201500013947;0;40;0;0;1;2;1;A01
201500013948;0;33;0;0;2;1;1;A01
201500013948;0;13;0;0;2;8;1;B01
201500013949;0;33;0;0;0;0;1;A01
201500013950;0;7;0;0;2;1;2;B01
201500013950;0;7;0;0;2;4;2;A01
201500013951;0;7;0;4;9;6;2;B01
201500013951;0;33;0;4;2;5;2;A01
201500013951;0;7;0;4;2;1;2;C01
201500013952;0;7;0;0;2;2;12;A01
201500013952;0;37;1;0;2;3;1;B01
201500013953;0;7;0;0;2;2;9;B01
201500013953;0;7;0;0;2;2;5;A01
201500013954;0;32;0;0;2;8;1;A01
201500013954;1;7;0;0;2;7;15;Z01
201500013955;0;2;0;0;9;8;0;A01
201500013956;0;7;0;0;1;1;1;A01
201500013957;0;7;0;0;2;7;12;A01
201500013957;0;33;0;0;2;8;2;B01
201500013958;0;10;0;0;2;6;1;B01
201500013958;0;7;0;0;2;1;15;A01
201500013958;0;7;0;0;2;8;23;C01
201500013959;0;30;0;0;9;0;1;A01
201500013960;0;10;0;0;2;7;9;B01
201500013960;0;7;0;0;2;3;1;A01
201500013961;0;7;0;0;2;3;16;B01
201500013961;0;7;0;0;2;3;15;A01
201500013962;0;30;0;0;2;2;17;A01
201500013962;0;7;0;0;2;3;17;B01
201500013963;0;7;0;0;2;1;1;A01
201500013963;0;7;0;0;2;9;1;B01
201500013964;0;1;0;0;2;4;2;B01
201500013964;0;7;0;0;2;1;2;A01
201500013965;0;7;0;0;2;1;1;B01
201500013965;0;34;0;0;2;1;1;A01
201500013966;0;7;0;0;0;5;0;B01
201500013966;0;33;0;0;2;5;1;A01
201500013967;0;7;0;0;2;1;0;B01
201500013967;0;7;0;0;2;2;0;A01
201500013968;0;30;0;0;2;5;2;B01
201500013968;0;7;0;0;2;3;15;A01
201500013969;1;7;0;0;2;1;1;Z01
201500013969;0;7;0;0;2;0;1;B01
201500013970;0;7;0;0;2;1;1;A01
201500013970;0;10;0;1;2;8;21;B01
201500013971;0;7;0;0;2;2;1;B01
201500013971;0;7;0;0;2;1;1;A01
201500013972;0;7;0;0;2;3;1;B01
201500013972;0;7;0;0;2;3;13;A01
201500013973;0;7;0;0;2;1;1;A01
201500013973;0;7;0;0;2;3;1;B01
201500013974;0;7;0;0;2;3;9;B01
201500013974;0;33;0;0;2;2;3;A01
201500013975;0;99;0;0;2;0;0;C01
201500013975;0;34;0;0;2;0;0;D01
201500013975;0;33;0;0;2;0;0;A01
201500013975;0;7;0;0;2;0;0;B01
201500013976;0;7;0;4;0;3;1;A01
201500013977;0;7;0;0;1;2;1;A01
201500013978;0;14;0;0;2;6;1;B01
201500013978;0;7;0;0;2;0;1;A01
201500013979;0;7;0;0;2;1;1;B01
201500013979;0;7;0;0;2;8;15;A01
201500013980;0;7;0;0;2;2;2;A01
201500013980;0;7;0;0;2;2;2;B01
201500013981;0;7;0;0;2;1;2;B01
201500013981;0;7;0;0;2;2;15;A01
201500013982;0;33;0;0;2;1;1;A01
201500013982;0;7;0;0;0;5;1;B01
201500013983;0;7;0;0;2;2;0;A01
201500013983;0;7;0;0;2;8;15;B01
201500013984;0;30;0;0;2;1;2;B01
201500013984;0;7;0;0;0;6;15;A01
201500013985;0;7;0;0;2;8;1;B01
201500013985;0;2;0;0;2;1;1;A01
201500013986;0;34;0;0;2;1;1;B01
201500013986;0;7;0;0;2;3;15;A01
201500013987;0;7;0;0;2;6;1;B01
201500013987;0;34;0;0;2;8;17;A01
201500013987;0;7;0;0;2;3;1;C01
201500013988;0;34;0;0;1;1;1;A01
201500013989;0;30;0;0;0;8;0;A01
201500013990;0;1;0;0;1;0;0;A01
201500013991;0;7;0;1;0;2;1;A01
201500013992;0;2;0;0;0;1;1;A01
201500013993;0;33;0;0;2;7;14;B01
201500013993;0;1;0;0;2;0;0;A01
201500013994;0;30;0;0;2;0;2;B01
201500013994;1;7;0;0;2;0;0;Z01
201500013995;0;7;0;0;2;2;10;A01
201500013995;0;33;0;0;2;1;1;B01
201500013996;0;15;0;0;0;3;2;B01
201500013996;0;34;0;0;2;0;0;A01
201500013997;0;32;0;0;2;2;17;B01
201500013997;0;7;0;0;2;3;15;A01
201500013998;0;33;0;0;2;3;1;B01
201500013998;0;7;0;0;9;2;15;A01
201500013999;0;7;0;1;2;1;1;A01
201500013999;0;7;0;0;2;1;9;B01
201500014000;0;7;0;0;2;3;15;B01
201500014000;0;33;0;0;2;3;15;A01
201500014001;0;7;0;0;2;6;1;B01
201500014001;0;7;0;0;2;2;15;A01
201500014002;0;7;0;0;0;9;0;A01
201500014003;0;34;0;0;2;1;1;B01
201500014003;0;7;0;0;2;3;10;A01
201500014004;0;2;0;0;0;0;2;A01
201500014004;1;7;0;0;2;0;2;Z01
201500014005;0;7;0;0;2;8;1;A01
201500014005;1;99;0;0;2;0;0;Z01
201500014006;0;7;0;0;2;4;2;B01
201500014006;0;7;0;0;2;1;2;A01
201500014007;0;10;0;0;2;1;2;A01
201500014007;0;10;0;0;2;6;2;B01