num_acc;senc;catv;occutc;obs;obsm;choc;manv;num_veh
201500014008;0;7;0;0;2;1;12;B01
201500014008;0;37;6;0;2;6;23;A01
201500014009;0;30;0;0;0;0;1;A01
201500014010;0;7;0;0;0;1;10;A01
201500014010;0;34;0;0;0;3;0;B01
201500014011;0;34;0;0;2;1;1;A01
201500014011;0;7;0;0;2;4;1;B01
201500014012;0;7;0;0;1;1;0;A01
201500014013;0;7;0;0;2;3;15;B01
201500014013;0;7;0;0;2;1;17;A01
201500014014;0;30;0;0;2;1;13;A01
201500014014;0;33;0;0;2;4;1;B01
201500014015;0;32;0;0;0;2;15;A01
201500014015;0;7;0;0;2;1;15;B01
201500014016;0;7;0;0;2;6;13;B01
201500014016;0;2;0;0;2;1;1;A01
201500014017;0;7;0;15;2;7;1;A01
201500014017;0;7;0;0;2;1;1;B01
201500014018;0;7;0;0;2;8;15;B01
201500014018;0;10;0;0;2;1;15;A01
201500014019;0;7;0;12;0;2;1;A01
201500014020;0;7;0;0;2;1;1;A01
201500014020;0;7;0;0;2;4;1;B01
201500014021;0;7;0;0;1;8;1;A01
201500014022;0;31;0;0;2;1;1;B01
201500014022;1;7;0;0;2;6;1;Z01
201500014023;0;30;0;0;2;4;14;B01
201500014023;0;32;0;0;2;1;7;A01
201500014024;0;32;0;0;2;1;16;A01
201500014024;0;10;0;0;2;7;16;B01
201500014025;0;7;0;0;0;5;0;B01
201500014025;0;33;0;0;2;5;2;A01
201500014026;0;7;0;0;2;6;15;A01
201500014026;0;32;0;0;2;1;1;B01
201500014027;0;2;0;0;2;2;1;A01
201500014027;0;7;0;0;2;6;1;B01
201500014028;0;7;0;1;2;1;21;A01
201500014028;0;7;0;1;2;1;1;B01
201500014029;1;7;0;0;2;5;16;Z01
201500014029;0;33;0;0;2;3;1;A01
201500014030;0;7;0;1;2;2;19;A01
201500014030;0;7;0;0;2;8;2;B01
201500014031;0;32;0;0;2;3;17;A01
201500014031;0;7;0;0;9;3;15;B01
201500014032;0;34;0;0;0;0;1;A01
201500014033;0;7;0;0;2;3;0;A01
201500014033;0;7;0;0;2;7;3;B01
201500014034;0;10;0;0;2;1;9;A01
201500014034;0;30;0;0;2;7;0;B01
201500014035;0;7;0;0;2;3;13;A01
201500014035;0;7;0;0;2;3;1;B01
201500014036;0;7;0;0;2;3;1;B01
201500014036;0;7;0;0;2;2;1;A01
201500014037;0;37;1;0;2;3;7;B01
201500014037;0;1;0;0;2;2;12;A01
201500014038;0;7;0;0;2;7;1;A01
201500014038;0;7;0;0;2;1;1;B01
201500014039;0;7;0;0;1;4;4;A01
201500014040;0;7;0;13;2;9;1;B01
201500014040;0;7;0;0;2;1;1;A01
201500014041;0;32;0;0;2;0;0;A01
201500014041;0;7;0;0;2;0;0;B01
201500014042;0;7;0;0;2;3;2;C01
201500014042;0;7;0;0;2;6;2;A01
201500014042;0;7;0;0;2;5;2;B01
201500014043;0;2;0;1;0;8;1;A01
201500014044;0;7;0;0;1;2;1;A01
201500014045;0;30;0;1;0;1;0;A01
201500014046;0;7;0;0;0;0;15;A01
201500014046;0;34;0;0;0;0;0;B01
201500014047;0;7;0;0;1;0;1;A01
201500014048;0;3;0;8;0;0;0;A01
201500014049;0;7;0;0;2;5;5;A01
201500014049;0;33;0;0;2;1;1;B01
201500014050;0;32;0;0;2;0;0;A01
201500014050;0;7;0;0;2;0;0;B01
201500014051;0;7;0;0;2;2;1;A01
201500014051;0;32;0;0;2;2;1;B01
201500014052;0;32;0;0;0;8;1;A01
201500014053;0;30;0;0;2;1;7;A01
201500014053;0;7;0;0;2;2;14;B01
201500014054;0;30;0;0;1;0;0;A01
201500014055;0;33;0;0;0;0;21;A01
201500014056;0;7;0;0;2;1;2;A01
201500014056;0;7;0;0;2;4;2;B01
201500014057;0;30;0;0;2;1;15;A01
201500014057;0;10;0;0;2;3;1;B01
201500014058;0;32;0;0;0;7;1;A01
201500014059;0;34;0;0;1;1;21;A01
201500014060;0;30;0;0;2;3;1;B01
201500014060;0;10;0;0;2;7;16;A01
201500014061;0;7;0;0;2;3;13;B01
201500014061;0;32;0;0;2;2;17;A01
201500014062;0;10;0;6;0;1;13;A01
201500014063;0;30;0;0;0;0;1;A01
201500014064;0;7;0;0;1;7;0;A01
201500014065;0;7;0;0;2;8;1;B01
201500014065;0;7;0;0;2;1;1;A01
201500014066;0;32;0;0;2;1;1;A01
201500014066;1;7;0;0;2;4;16;Z01
201500014067;0;7;0;0;2;2;1;B01
201500014067;0;7;0;0;2;2;9;A01
201500014068;2;30;0;0;2;1;2;A01
201500014068;0;7;0;0;2;4;2;B01
201500014069;0;32;0;0;2;8;1;A01
201500014070;0;7;0;0;2;4;2;B01
201500014070;0;7;0;0;2;1;2;A01
201500014071;0;7;0;0;1;1;1;A01
201500014072;0;37;0;0;2;2;2;A01
201500014072;0;37;0;0;2;3;2;B01
201500014073;0;33;0;0;9;3;1;A01
201500014073;0;7;0;0;9;0;0;B01
201500014074;0;34;0;0;0;0;0;B01
201500014074;0;10;0;0;0;0;0;A01
201500014075;0;7;0;0;2;3;1;C01
201500014075;0;32;0;0;2;9;5;A01
201500014075;0;32;0;0;2;9;1;B01
201500014076;0;7;0;0;2;4;23;B01
201500014076;0;31;0;0;2;1;2;A01
201500014077;0;10;0;0;2;8;15;B01
201500014077;0;33;0;0;2;1;17;A01
201500014078;0;7;0;0;2;3;13;A01
201500014078;0;7;0;0;2;3;1;B01
201500014078;0;7;0;0;2;3;1;D01
201500014078;0;7;0;0;2;8;1;C01
201500014079;0;7;0;0;2;1;23;B01
201500014079;0;7;0;14;0;1;23;A01
201500014079;1;7;0;0;0;0;0;Z01
201500014080;0;33;0;0;0;0;0;A01
201500014081;0;7;0;0;2;3;19;A01
201500014081;0;31;0;0;2;1;1;B01
201500014082;0;7;0;0;1;3;17;A01
201500014083;0;7;0;0;2;8;1;B01
201500014083;0;7;0;0;2;2;12;A01
201500014084;0;7;0;0;2;6;11;B01
201500014084;0;32;0;0;2;1;1;A01
201500014085;0;7;0;0;4;1;9;A01
201500014085;0;40;0;0;2;3;1;B01
201500014086;0;7;0;0;2;3;13;A01
201500014086;0;31;0;0;2;1;1;B01
201500014087;0;37;10;0;1;2;1;A01
201500014088;0;7;0;0;0;8;23;B01
201500014088;0;7;0;0;1;0;21;A01
201500014089;0;2;0;0;1;1;1;A01
201500014090;0;7;0;0;2;4;1;B01
201500014090;0;7;0;0;2;1;1;A01
201500014091;0;33;0;0;2;0;0;B01
201500014091;0;7;0;0;2;2;10;A01
201500014092;0;7;0;0;2;1;1;A01
201500014092;0;30;0;0;2;8;1;B01
201500014093;0;7;0;0;2;1;13;A01
201500014093;0;7;0;0;2;1;1;B01
201500014094;0;7;0;0;2;7;15;A01
201500014094;0;7;0;0;2;1;1;B01
201500014095;1;7;0;0;1;0;0;Z01
201500014096;0;2;0;0;2;1;1;B01
201500014096;0;10;0;0;2;1;15;A01
201500014097;0;33;0;0;2;3;1;B01
201500014097;0;7;0;0;2;2;15;A01
201500014098;0;7;0;0;2;1;1;A01
201500014098;0;7;0;0;2;3;23;B01
201500014099;0;33;0;6;0;1;1;A01
201500014100;0;7;0;0;2;3;15;A01
201500014100;0;33;0;0;2;2;1;B01
201500014101;0;33;0;0;0;1;2;B01
201500014101;0;7;0;0;0;1;15;A01
201500014102;0;31;0;0;2;2;1;B01
201500014102;0;7;0;0;2;3;11;A01
201500014103;0;1;0;0;0;0;0;A01
201500014103;1;7;0;0;2;1;1;Z01
201500014104;0;30;0;0;2;4;23;A01
201500014104;1;7;0;0;2;1;1;Z01
201500014105;0;7;0;0;2;3;13;A01
201500014105;0;7;0;0;2;3;1;B01
201500014106;0;7;0;0;2;1;11;A01
201500014106;0;32;0;0;2;4;0;B01
201500014107;0;7;0;0;1;2;1;A01
201500014108;0;7;0;0;0;1;1;A01
201500014109;1;7;0;0;0;0;0;Z01
201500014109;0;33;0;0;2;2;17;A01
201500014110;0;7;0;0;2;3;1;A01
201500014110;0;7;0;0;2;3;1;B01
201500014111;0;33;0;0;2;1;1;A01
201500014111;0;7;0;0;2;4;1;B01
201500014112;0;7;0;15;0;1;0;A01
201500014113;1;7;0;0;1;1;1;Z01
201500014114;0;30;0;0;0;7;1;A01
201500014115;0;34;0;0;2;8;0;B01
201500014115;0;10;0;0;2;3;0;A01
201500014116;0;7;0;0;2;2;16;A01
201500014116;0;37;4;0;2;3;1;B01
201500014117;0;7;0;0;2;0;24;C01
201500014117;0;7;0;0;2;0;23;B01
201500014117;1;7;0;0;0;0;0;Z01
201500014118;0;7;0;0;1;1;1;A01
201500014119;0;7;0;6;0;1;14;A01
201500014120;0;7;0;0;2;8;0;B01
201500014120;0;7;0;0;2;3;1;A01
201500014121;0;33;0;0;2;7;1;B01
201500014121;0;7;0;0;2;1;16;A01
201500014122;0;7;0;0;2;4;2;A01
201500014122;1;7;0;0;2;1;2;Z01
201500014123;0;7;0;0;2;4;24;B01
201500014123;0;2;0;1;0;1;21;A01
201500014124;0;7;0;0;1;1;1;A01
201500014125;0;7;0;0;2;3;23;B01
201500014125;0;7;0;0;2;3;1;A01
201500014126;0;7;0;0;1;1;1;A01
201500014127;1;7;0;0;1;7;1;Z01
201500014128;0;7;0;6;2;1;1;A01
201500014128;0;7;0;0;2;4;2;B01
201500014129;0;7;0;0;2;5;1;B01
201500014129;0;7;0;0;2;1;1;A01
201500014130;0;10;0;0;2;2;2;A01
201500014130;0;1;0;0;2;4;2;B01
201500014131;0;40;0;0;2;8;1;B01
201500014131;0;7;0;0;2;2;1;A01
201500014132;0;33;0;0;2;1;1;B01
201500014132;0;7;0;0;2;6;16;A01
201500014133;0;7;0;0;2;8;0;B01
201500014133;0;32;0;0;2;1;1;A01
201500014134;0;7;0;0;2;4;1;B01
201500014134;0;7;0;0;2;1;1;A01
201500014134;0;7;0;0;2;4;15;C01
201500014135;0;10;0;0;2;3;19;A01
201500014135;0;31;0;0;2;1;17;B01
201500014136;0;7;0;0;1;2;21;A01
201500014137;0;7;0;0;2;3;10;A01
201500014137;0;1;0;0;2;1;17;B01
201500014138;2;7;0;0;2;1;15;A01
201500014138;0;7;0;0;2;3;15;B01
201500014139;0;30;0;0;1;1;1;A01
201500014140;0;7;0;0;1;2;2;A01
201500014141;0;7;0;0;2;2;2;A01
201500014141;0;14;0;0;2;0;0;B01
201500014142;0;33;0;0;2;1;6;A01
201500014142;0;7;0;0;9;2;21;B01
201500014142;0;10;0;0;2;1;1;C01
201500014143;0;7;0;1;0;2;14;A01
201500014143;0;7;0;0;2;6;24;B01
201500014144;0;34;0;0;2;7;0;B01
201500014144;1;7;0;0;2;0;5;A01
201500014145;0;34;0;0;2;1;1;A01
201500014145;2;7;0;0;2;2;1;Z01
201500014146;0;32;0;0;2;1;2;A01
201500014146;0;7;0;0;2;6;1;B01
201500014147;0;32;0;1;2;1;2;A01
201500014147;0;7;0;0;2;5;20;B01
201500014148;0;34;0;0;2;7;0;A01
201500014148;0;7;0;0;2;8;15;B01
201500014149;0;7;0;0;2;1;15;A01
201500014149;0;34;0;0;2;1;1;B01
201500014150;0;7;0;0;1;2;16;A01
201500014151;0;7;0;0;2;6;1;B01
201500014151;0;33;0;0;2;1;1;A01
201500014151;0;7;0;0;2;3;1;C01
201500014152;0;7;0;0;0;1;0;A01
201500014152;0;10;0;0;2;4;2;B01
201500014153;0;3;0;0;2;2;0;A01
201500014153;0;37;0;0;2;6;0;C01
201500014153;0;7;0;0;2;6;0;B01
201500014154;0;7;0;0;1;3;1;A01
201500014155;0;7;0;1;0;1;2;A01
201500014155;0;10;0;0;2;4;23;C01
201500014155;0;7;0;1;0;4;23;B01
201500014156;0;7;0;0;2;1;1;A01
201500014156;0;7;0;0;2;3;1;B01
201500014157;0;7;0;0;2;2;9;A01
201500014157;0;2;0;0;2;3;1;B01
201500014158;1;7;0;0;2;8;1;Z01
201500014158;0;34;0;0;2;8;17;A01
201500014159;0;30;0;0;2;1;1;B01
201500014159;1;7;0;0;2;1;1;Z01
201500014160;0;7;0;0;2;6;2;B01
201500014160;0;7;0;0;2;2;2;A01
201500014161;0;7;0;6;2;7;1;B01
201500014161;0;32;0;0;2;1;1;A01
201500014162;0;2;0;0;2;1;1;A01
201500014162;1;7;0;0;2;3;1;Z01
201500014163;0;7;0;0;2;1;1;B01
201500014163;0;7;0;0;2;2;1;A01
201500014164;0;30;0;0;2;1;2;B01
201500014164;0;7;0;0;2;5;0;A01
201500014165;1;10;0;0;1;2;16;Z01
201500014166;0;7;0;0;2;8;16;A01
201500014166;0;34;0;0;2;7;16;B01
201500014167;0;7;0;0;2;8;1;B01
201500014167;0;7;0;0;2;2;16;A01
201500014168;0;7;0;0;2;1;0;A01
201500014168;0;7;0;0;2;4;0;B01
201500014169;0;34;0;0;2;0;0;A01
201500014169;0;7;0;0;2;2;1;B01
201500014170;0;7;0;0;2;8;2;B01
201500014170;0;7;0;0;2;1;2;A01
201500014171;1;30;0;0;1;0;1;Z01
201500014172;0;7;0;0;0;5;1;B01
201500014172;2;7;0;0;0;1;0;A01
201500014173;0;33;0;0;1;1;1;A01
201500014174;0;7;0;0;2;2;15;A01
201500014174;0;30;0;0;2;3;1;B01
201500014175;0;33;0;0;2;3;17;A01
201500014175;0;7;0;0;2;3;2;B01
201500014176;0;7;0;8;0;2;0;A01
201500014177;0;7;0;0;2;7;15;A01
201500014177;0;32;0;0;2;7;13;C01
201500014177;0;7;0;0;2;8;13;B01
201500014178;0;7;0;1;2;5;0;B01
201500014178;1;7;0;0;2;1;1;Z01
201500014178;0;7;0;1;2;5;0;C01
201500014178;0;7;0;0;2;8;19;A01
201500014179;0;7;0;0;2;7;5;A01
201500014179;0;7;0;0;2;1;1;B01
201500014180;0;7;0;0;2;3;1;A01
201500014180;0;7;0;0;2;3;15;B01
201500014181;1;7;0;0;2;0;0;Z01
201500014181;0;7;0;0;2;1;15;A01
201500014182;0;32;0;0;1;1;1;A01
201500014183;0;33;0;0;2;7;5;B01
201500014183;0;33;0;0;2;8;1;A01
201500014184;0;33;0;8;2;1;1;B01
201500014184;0;7;0;0;2;1;15;A01
201500014185;0;7;0;0;0;3;15;B01
201500014185;0;31;0;0;0;1;5;A01
201500014186;0;7;0;8;2;1;1;A01
201500014186;0;7;0;0;2;2;1;B01
201500014187;0;7;0;1;0;3;1;A01
201500014188;0;7;0;0;2;8;10;A01
201500014188;0;32;0;0;2;1;1;B01
201500014189;0;7;0;0;2;3;15;B01
201500014189;0;7;0;0;2;1;1;A01
201500014190;0;7;0;0;2;4;2;B01
201500014190;0;7;0;0;2;1;2;A01
201500014190;0;7;0;0;2;4;2;D01
201500014190;0;7;0;0;2;4;2;C01
201500014191;0;7;0;1;1;7;1;A01
201500014192;0;1;0;0;2;1;1;B01
201500014192;0;7;0;0;2;2;16;A01
201500014193;0;7;0;0;2;4;23;B01
201500014193;1;7;0;0;2;1;1;Z01
201500014194;0;33;0;0;1;1;1;A01
201500014195;0;33;0;0;2;1;2;B01
201500014195;0;7;0;0;2;2;15;A01
201500014196;0;7;0;0;2;1;15;A01
201500014196;0;33;0;0;2;8;1;B01
201500014197;0;7;0;0;1;1;15;A01
201500014198;1;7;0;0;1;4;1;Z01
201500014199;0;34;0;0;2;1;1;A01
201500014199;0;7;0;0;2;3;16;B01
201500014200;0;34;0;0;2;1;1;A01
201500014200;0;7;0;0;2;4;23;B01
201500014201;0;7;0;0;2;6;15;B01
201500014201;0;7;0;0;2;0;0;A01
201500014202;0;7;0;0;0;4;0;A01
201500014203;0;7;0;0;1;6;4;A01
201500014204;0;2;0;0;2;5;16;B01
201500014204;0;7;0;0;2;1;16;A01
201500014205;0;32;0;0;0;0;0;A01
201500014206;0;7;0;0;2;7;9;A01
201500014206;0;7;0;0;2;1;1;B01
201500014207;1;7;0;0;1;1;1;Z01
201500014208;0;7;0;0;2;3;11;A01
201500014208;0;7;0;0;2;2;11;B01
201500014209;0;7;0;0;1;0;1;A01
201500014210;0;7;0;0;2;2;0;A01
201500014210;0;32;0;0;2;0;0;B01
201500014211;0;7;0;1;0;3;13;B01
201500014211;0;7;0;6;0;2;14;A01
201500014212;1;7;0;0;1;1;1;Z01
201500014213;1;7;0;0;1;0;1;Z01
201500014214;1;7;0;0;2;3;15;B01
201500014214;0;2;0;0;0;5;17;A01
201500014215;0;1;0;0;2;0;0;B01
201500014215;0;10;0;0;2;3;1;A01
201500014216;0;7;0;0;1;1;1;A01
201500014217;1;32;0;0;1;7;1;Z01
201500014218;0;3;0;0;1;2;1;A01
201500014219;0;7;0;0;2;1;1;B01
201500014219;0;31;0;0;2;7;11;A01
201500014220;0;7;0;0;2;0;0;B01
201500014220;0;33;0;0;2;7;15;A01
201500014221;0;7;0;0;1;6;0;A01
201500014222;0;7;0;0;2;1;2;A01
201500014222;0;7;0;0;2;4;23;C01
201500014222;0;7;0;0;2;1;2;B01
201500014223;0;7;0;0;2;1;19;A01
201500014223;0;7;0;0;2;2;1;C01
201500014223;0;7;0;0;2;5;1;B01
201500014224;1;7;0;0;2;0;0;Z01
201500014224;0;33;0;0;2;8;1;B01
201500014225;0;33;0;0;2;1;1;B01
201500014225;0;7;0;0;2;6;0;A01
201500014226;0;7;0;0;2;3;1;B01
201500014226;0;7;0;0;2;1;15;A01
201500014227;0;10;0;0;1;3;1;A01
201500014228;0;7;0;0;2;7;16;B01
201500014228;0;30;0;0;2;1;1;A01
201500014229;0;7;0;0;2;0;0;A01
201500014229;0;7;0;0;2;0;0;B01
201500014230;0;7;0;0;0;0;0;B01
201500014230;0;7;0;0;2;7;15;A01
201500014231;0;30;0;0;2;1;1;B01
201500014231;0;7;0;0;2;0;1;A01
201500014232;0;30;0;0;2;1;17;B01
201500014232;0;7;0;0;2;3;15;A01
201500014233;0;7;0;15;0;1;1;A01
201500014234;0;7;0;0;1;1;15;A01
201500014235;0;7;0;0;1;2;1;A01
201500014236;0;7;0;0;2;3;15;A01
201500014236;0;32;0;0;2;8;1;B01
201500014237;0;7;0;0;1;3;0;A01
201500014238;0;7;0;0;0;0;0;B01
201500014238;0;30;0;0;0;0;2;A01
201500014239;0;34;0;0;2;1;0;A01
201500014239;0;7;0;0;2;3;2;B01
201500014239;0;7;0;0;2;0;3;C01
201500014240;0;7;0;6;2;4;0;B01
201500014240;0;7;0;0;2;2;0;A01
201500014241;0;7;0;8;0;1;19;A01
201500014242;0;30;0;0;0;0;0;B01
201500014242;1;7;0;0;2;0;0;Z01
201500014242;2;7;0;0;0;0;0;A01
201500014243;0;32;0;0;2;3;1;A01
201500014243;1;7;0;0;2;5;10;Z01
201500014244;0;7;0;0;2;2;1;B01
201500014244;0;7;0;0;2;3;1;A01
201500014245;0;7;0;0;2;1;9;B01
201500014245;0;32;0;0;2;1;15;A01
201500014246;0;33;0;0;2;1;13;A01
201500014246;0;7;0;0;2;8;15;B01
201500014247;0;32;0;0;2;1;17;A01
201500014247;0;7;0;0;2;8;15;B01
201500014248;0;33;0;0;2;1;15;A01
201500014248;0;33;0;0;2;1;1;B01
201500014249;0;32;0;0;2;1;1;B01
201500014249;0;7;0;0;2;5;15;A01
201500014250;1;7;0;0;1;0;0;Z01
201500014251;0;7;0;0;2;1;1;A01
201500014251;1;7;0;0;2;1;1;Z01
201500014252;0;34;0;1;0;9;1;A01
201500014253;1;10;0;0;0;0;0;Z01
201500014253;0;2;0;0;0;0;0;A01
201500014254;0;7;0;0;2;2;15;B01
201500014254;0;7;0;0;2;1;1;A01
201500014255;0;7;0;0;2;2;1;B01
201500014255;0;7;0;0;2;1;1;A01
201500014256;0;30;0;0;2;1;1;B01
201500014256;0;7;0;0;2;3;9;A01
201500014257;0;7;0;0;2;1;1;B01
201500014257;0;7;0;0;2;2;15;A01
201500014258;0;7;0;0;2;8;1;B01
201500014258;0;31;0;0;2;1;1;A01
201500014259;0;33;0;0;2;1;0;A01
201500014259;0;7;0;0;0;4;2;B01
201500014260;0;7;0;0;2;8;1;C01
201500014260;0;7;0;0;2;1;17;A01
201500014260;0;7;0;0;2;1;1;B01
201500014261;0;7;0;0;2;3;9;C01
201500014261;0;7;0;0;2;2;1;B01
201500014261;0;33;0;0;2;1;1;A01
201500014262;0;7;0;0;2;7;14;A01
201500014262;0;34;0;0;2;8;1;B01
201500014263;0;30;0;0;2;1;13;A01
201500014263;0;7;0;0;2;5;15;B01
201500014264;0;7;0;13;0;2;1;A01
201500014265;0;7;0;0;9;7;16;A01
201500014265;0;1;0;0;2;1;7;B01
201500014266;1;7;0;0;2;0;0;Z01
201500014266;0;33;0;0;2;2;0;A01
201500014267;0;13;0;0;2;6;15;A01
201500014267;0;33;0;0;2;4;1;B01
201500014268;0;7;0;0;2;1;1;A01
201500014268;0;7;0;0;2;4;2;B01
201500014269;0;7;0;0;1;1;0;A01
201500014270;1;7;0;0;2;1;1;Z01
201500014270;0;1;0;0;2;4;1;B01
201500014271;0;34;0;0;2;7;1;B01
201500014271;0;7;0;0;2;1;15;A01
201500014272;0;37;0;0;1;2;1;A01
201500014273;0;7;0;0;1;7;2;A01
201500014274;0;2;0;0;0;0;2;A01
201500014275;1;14;0;0;1;7;1;Z01
201500014276;0;7;0;0;1;7;1;A01
201500014277;0;7;0;0;2;6;13;B01
201500014277;0;33;0;0;2;2;3;A01
201500014278;0;7;0;1;1;2;21;A01
201500014279;0;7;0;0;2;6;4;A01
201500014279;0;1;0;0;2;5;19;B01
201500014280;0;30;0;0;0;8;15;A01
201500014281;0;30;0;0;2;2;17;A01
201500014281;0;7;0;0;2;8;15;B01
201500014282;0;30;0;0;1;1;1;A01
201500014283;0;7;0;0;1;1;1;A01
201500014284;0;33;0;0;2;3;1;B01
201500014284;0;7;0;0;2;5;15;A01
201500014285;0;7;0;0;2;1;1;A01
201500014285;0;7;0;0;2;4;1;C01
201500014285;0;7;0;0;2;4;2;B01
201500014286;0;33;0;0;2;7;19;B01
201500014286;0;7;0;0;2;1;1;A01
201500014287;0;7;0;0;2;4;2;B01
201500014287;0;33;0;0;2;3;2;A01
201500014288;0;2;0;0;2;1;6;A01
201500014288;0;7;0;0;2;3;1;B01
201500014289;0;33;0;0;2;1;1;A01
201500014289;1;7;0;0;2;2;1;Z01
201500014290;0;7;0;0;2;7;1;A01
201500014290;0;31;0;0;2;1;1;B01
201500014291;1;2;0;0;2;0;1;Z01
201500014291;0;1;0;0;2;4;1;B01
201500014292;0;7;0;0;2;7;22;B01
201500014292;0;30;0;1;0;3;18;A01
201500014293;0;99;0;0;2;1;1;A01
201500014293;0;7;0;0;2;4;1;B01
201500014294;1;7;0;0;2;1;1;Z01
201500014294;0;33;0;1;2;8;1;A01
201500014295;0;7;0;0;2;3;1;B01
201500014295;0;32;0;0;2;1;1;A01
201500014296;1;7;0;0;1;2;1;Z01
201500014297;0;7;0;0;1;3;1;A01
201500014298;1;7;0;0;2;4;2;A01
201500014298;1;7;0;0;2;1;0;Z01
201500014299;0;7;0;0;1;4;4;A01
201500014300;1;7;0;0;1;4;4;Z01
201500014301;0;7;0;0;2;5;1;B01
201500014301;0;32;0;0;2;1;1;A01
201500014302;0;33;0;0;2;1;1;B01
201500014302;0;7;0;0;2;5;15;A01
201500014303;0;7;0;0;0;0;0;B01
201500014303;0;34;0;0;2;0;16;A01
201500014304;0;7;0;0;1;3;1;A01
201500014305;0;33;0;0;2;3;1;B01
201500014305;0;7;0;0;2;1;15;A01
201500014306;0;30;0;0;2;0;1;A01
201500014306;0;7;0;0;2;0;15;B01
201500014307;0;7;0;0;2;3;15;A01
201500014307;0;30;0;0;2;1;1;B01
201500014308;0;37;2;0;2;3;1;B01
201500014308;0;7;0;0;2;3;5;A01
201500014309;1;10;0;0;1;8;1;A01
201500014310;0;7;0;0;1;3;1;A01
201500014311;0;10;0;0;2;1;15;B01
201500014311;0;7;0;0;2;8;1;A01
201500014312;0;7;0;0;2;4;2;B01
201500014312;0;7;0;0;2;1;2;A01
201500014313;0;7;0;0;9;3;2;B01
201500014313;0;33;0;0;2;1;2;A01
201500014314;0;34;0;0;0;8;16;A01
201500014315;0;7;0;0;2;4;23;B01
201500014315;0;7;0;14;2;1;2;A01
201500014316;0;2;0;0;2;1;15;A01
201500014316;0;7;0;0;9;8;1;B01
201500014317;0;7;0;0;2;3;2;B01
201500014317;0;7;0;0;2;1;2;A01
201500014318;1;7;0;0;2;0;1;Z01
201500014318;0;30;0;0;2;6;15;A01
201500014319;0;7;0;0;1;0;15;A01
201500014320;0;33;0;0;2;1;0;A01
201500014320;0;33;0;0;2;4;0;B01
201500014321;0;15;0;0;2;2;12;A01
201500014321;0;3;0;0;2;7;1;B01
201500014322;0;31;0;0;2;1;1;B01
201500014322;0;7;0;0;2;3;19;A01
201500014323;0;31;0;0;1;1;1;A01
201500014324;0;7;0;0;2;3;15;A01
201500014324;0;33;0;0;0;5;1;B01
201500014325;2;7;0;0;2;1;2;Z01
201500014325;0;7;0;0;2;4;1;B01
201500014326;0;32;0;0;2;7;1;B01
201500014326;0;7;0;0;2;3;1;A01
201500014327;0;7;0;0;0;4;0;B01
201500014327;0;7;0;0;2;1;2;A01
201500014328;0;7;0;0;2;8;1;A01
201500014328;0;7;0;0;2;1;1;B01
201500014329;0;7;0;0;2;3;15;A01
201500014329;0;32;0;0;2;2;17;B01
201500014330;0;31;0;0;2;1;5;A01
201500014330;0;7;0;0;2;8;15;B01
201500014331;0;7;0;0;2;4;2;C01
201500014331;0;7;0;0;2;4;2;B01
201500014331;0;7;0;0;2;1;2;A01
201500014332;0;32;0;0;2;0;21;A01
201500014332;0;7;0;0;2;0;9;B01
201500014333;0;37;0;0;2;7;1;B01
201500014333;0;15;0;0;2;4;4;A01
201500014334;0;32;0;0;0;0;0;A01
201500014335;0;7;0;0;2;8;0;C01
201500014335;0;7;0;0;2;7;0;A01
201500014335;0;30;0;0;2;8;0;B01
201500014336;0;7;0;0;2;1;1;B01
201500014336;0;7;0;0;2;1;15;A01
201500014337;0;7;0;0;2;1;2;A01
201500014337;0;7;0;0;2;4;2;C01
201500014337;0;7;0;0;2;4;0;B01
201500014338;0;7;0;0;1;2;1;B01
201500014339;0;32;0;0;2;1;1;B01
201500014339;0;7;0;0;2;3;15;A01
201500014340;0;7;0;0;0;0;0;B01
201500014340;0;34;0;0;0;1;0;A01
201500014341;0;7;0;0;2;8;1;B01
201500014341;0;14;0;0;2;8;1;A01
201500014342;0;2;0;0;2;8;1;B01
201500014342;0;7;0;0;2;7;9;A01
201500014343;0;7;0;0;2;8;24;B01
201500014343;0;7;0;1;0;2;1;A01
201500014344;0;7;0;0;2;2;15;A01
201500014344;0;7;0;0;2;1;1;B01
201500014345;0;7;0;0;0;0;15;B01
201500014345;0;33;0;0;2;7;1;A01
201500014346;0;34;0;0;1;8;1;A01
201500014347;0;7;0;0;9;2;15;B01
201500014347;0;1;0;0;2;1;1;A01
201500014348;0;7;0;0;1;3;1;A01
201500014349;0;7;0;0;2;6;10;A01
201500014349;0;2;0;0;2;2;2;B01
201500014350;0;7;0;6;0;1;1;A01
201500014351;0;7;0;15;2;7;1;A01
201500014351;0;7;0;0;2;1;1;B01
201500014352;0;7;0;0;2;2;1;B01
201500014352;0;7;0;0;2;5;1;A01
201500014353;0;33;0;0;2;8;1;A01
201500014353;0;33;0;0;2;8;0;B01
201500014353;0;33;0;0;2;8;1;C01
201500014354;0;33;0;0;2;1;1;B01
201500014354;0;7;0;0;2;2;15;A01
201500014355;0;2;0;0;0;7;14;A01
201500014356;0;7;0;0;2;3;21;A01
201500014356;0;34;0;0;2;5;1;B01
201500014356;0;10;0;0;2;3;1;C01
201500014357;0;34;0;0;2;1;1;A01
201500014357;0;7;0;0;2;3;1;B01
201500014358;0;7;0;0;2;5;22;A01