num_acc;senc;catv;occutc;obs;obsm;choc;manv;num_veh
201500014358;0;7;0;0;2;3;3;B01
201500014359;0;7;0;0;1;1;1;A01
201500014360;0;7;0;0;1;1;1;A01
201500014361;0;7;0;6;0;1;1;A01
201500014362;0;32;0;0;2;3;1;A01
201500014362;1;7;0;0;2;0;1;Z01
201500014363;0;30;0;0;2;1;7;A01
201500014363;0;7;0;0;2;4;16;B01
201500014364;0;37;1;0;2;1;2;A01
201500014364;0;37;2;0;2;4;23;B01
201500014365;0;7;0;0;1;0;0;A01
201500014366;0;7;0;0;2;1;2;A01
201500014366;0;7;0;0;2;4;2;B01
201500014366;0;7;0;0;2;4;2;D01
201500014366;0;7;0;0;2;4;2;C01
201500014366;0;7;0;0;2;4;2;E01
201500014367;0;7;0;0;1;1;15;A01
201500014368;0;7;0;0;1;3;15;A01
201500014369;0;7;0;0;1;2;17;A01
201500014370;0;7;0;0;2;3;1;A01
201500014370;2;10;0;0;2;2;12;Z01
201500014371;0;7;0;0;2;1;1;B01
201500014371;0;10;0;0;2;1;13;A01
201500014372;0;7;0;15;0;1;2;A01
201500014373;0;33;0;0;2;2;1;B01
201500014373;0;30;0;0;2;3;1;A01
201500014374;1;7;0;0;1;0;0;Z01
201500014375;0;7;0;0;2;0;20;B01
201500014375;0;34;0;0;2;6;3;A01
201500014376;0;7;0;0;2;1;15;A01
201500014376;0;34;0;0;2;2;17;B01
201500014377;0;31;0;0;2;1;1;B01
201500014377;0;7;0;0;2;5;15;A01
201500014378;0;33;0;0;2;8;1;A01
201500014378;1;7;0;0;0;0;15;Z01
201500014379;0;7;0;0;2;4;2;B01
201500014379;0;7;0;0;2;1;2;A01
201500014380;0;33;0;0;1;8;0;A01
201500014381;0;7;0;12;0;2;0;A01
201500014382;0;7;0;0;1;1;1;A01
201500014383;0;7;0;0;2;7;1;B01
201500014383;0;14;0;0;2;2;12;A01
201500014384;0;7;0;0;2;7;15;A01
201500014384;0;2;0;0;2;1;1;B01
201500014385;0;7;0;0;1;3;2;A01
201500014386;1;30;0;0;1;1;1;Z01
201500014387;0;7;0;0;2;0;0;A01
201500014387;0;33;0;16;2;0;0;B01
201500014388;0;33;0;0;2;1;1;B01
201500014388;0;7;0;1;2;3;10;A01
201500014389;0;7;0;0;2;4;24;B01
201500014389;0;7;0;0;2;1;2;A01
201500014390;0;7;0;0;1;1;1;A01
201500014391;0;33;0;0;2;3;17;A01
201500014391;0;7;0;0;2;3;0;B01
201500014391;0;10;0;0;2;8;2;C01
201500014392;0;7;0;0;2;7;2;A01
201500014392;0;7;0;0;9;6;0;B01
201500014393;0;30;0;0;1;1;0;A01
201500014394;0;7;0;0;2;4;4;A01
201500014394;0;31;0;0;2;8;2;B01
201500014395;0;7;0;0;2;8;15;A01
201500014395;0;7;0;0;2;3;1;B01
201500014396;0;7;0;0;2;1;15;A01
201500014396;0;32;0;0;2;1;1;B01
201500014397;0;7;0;4;1;1;1;A01
201500014398;0;2;0;0;2;1;7;A01
201500014398;0;7;0;0;2;7;16;B01
201500014399;0;7;0;0;2;2;1;B01
201500014399;0;7;0;0;2;3;1;A01
201500014400;0;7;0;0;2;4;16;B01
201500014400;0;7;0;0;2;1;1;A01
201500014401;0;32;0;0;2;1;2;B01
201500014401;0;7;0;0;2;3;15;A01
201500014402;0;33;0;0;2;0;21;B01
201500014402;0;7;0;0;2;0;11;A01
201500014403;0;34;0;0;2;8;1;A01
201500014404;0;7;0;8;0;1;1;A01
201500014405;0;37;0;0;2;0;0;C01
201500014405;0;7;0;0;2;0;0;B01
201500014405;0;7;0;0;2;0;0;A01
201500014406;1;10;0;0;1;0;1;Z01
201500014407;0;7;0;0;9;6;13;A01
201500014407;0;1;0;0;2;6;0;B01
201500014408;0;34;0;0;2;8;15;B01
201500014408;0;7;0;0;2;1;9;A01
201500014409;1;7;0;14;0;7;1;Z01
201500014409;0;30;0;0;0;8;23;B01
201500014410;0;30;0;0;2;1;1;B01
201500014410;0;7;0;0;2;3;15;A01
201500014411;0;7;0;0;2;3;1;B01
201500014412;1;7;0;0;2;8;1;Z01
201500014412;0;32;0;0;2;8;21;B01
201500014413;0;32;0;0;2;7;13;A01
201500014413;0;10;0;0;2;2;1;B01
201500014414;0;30;0;14;0;0;1;A01
201500014415;0;1;0;0;2;2;1;A01
201500014415;0;7;0;1;0;8;24;B01
201500014416;0;10;0;0;2;4;2;B01
201500014416;0;7;0;0;2;1;2;A01
201500014417;0;31;0;1;2;7;1;B01
201500014417;0;7;0;0;2;7;12;A01
201500014418;1;30;0;11;0;2;14;Z01
201500014419;0;7;0;0;2;1;1;A01
201500014419;0;7;0;0;2;9;1;B01
201500014419;0;7;0;0;2;4;1;C01
201500014420;0;10;0;0;0;0;0;A01
201500014420;0;7;0;0;0;0;0;B01
201500014421;0;7;0;0;2;7;12;A01
201500014421;0;2;0;0;2;8;1;B01
201500014422;0;7;0;0;9;8;22;A01
201500014422;0;1;0;1;0;1;1;B01
201500014423;0;7;0;0;2;3;1;A01
201500014423;0;2;0;0;2;1;1;B01
201500014424;0;7;0;0;0;6;15;B01
201500014424;0;32;0;0;2;1;17;A01
201500014425;0;33;0;0;0;1;1;A01
201500014426;0;7;0;8;2;2;1;A01
201500014426;0;7;0;0;2;1;1;B01
201500014427;0;7;0;0;2;7;1;B01
201500014427;0;7;0;0;2;0;1;A01
201500014428;1;30;0;0;1;0;1;Z01
201500014429;0;33;0;0;1;2;1;A01
201500014430;0;7;0;0;2;0;0;B01
201500014430;0;7;0;0;2;2;2;A01
201500014430;0;7;0;0;2;0;0;C01
201500014431;0;7;0;0;2;1;2;A01
201500014431;0;7;0;0;2;4;2;B01
201500014432;0;7;0;0;2;1;2;A01
201500014432;0;7;0;0;2;4;0;B01
201500014433;0;7;0;0;2;1;1;B01
201500014433;0;30;0;0;2;1;15;A01
201500014434;0;7;0;0;2;8;5;B01
201500014434;1;7;0;0;2;3;2;A01
201500014435;0;7;0;0;2;1;24;B01
201500014435;1;7;0;0;2;1;2;Z01
201500014435;0;7;0;0;2;1;0;C01
201500014436;0;33;0;0;2;1;1;B01
201500014436;0;7;0;0;2;3;15;A01
201500014437;0;30;0;0;1;1;15;A01
201500014438;0;7;0;0;2;6;2;B01
201500014438;1;7;0;0;2;2;2;A01
201500014439;0;7;0;0;2;8;1;B01
201500014439;0;7;0;0;2;1;1;A01
201500014440;0;7;0;0;2;0;0;A01
201500014440;0;33;0;0;2;0;0;B01
201500014441;0;10;0;0;2;4;2;B01
201500014441;0;33;0;0;2;1;2;A01
201500014442;0;33;0;1;5;1;2;A01
201500014443;0;7;0;0;2;7;15;A01
201500014443;0;32;0;0;2;1;1;B01
201500014443;0;7;0;0;2;8;1;C01
201500014444;0;33;0;0;2;0;0;B01
201500014444;1;7;0;0;2;0;0;Z01
201500014445;0;7;0;0;1;8;0;A01
201500014446;0;7;0;0;2;1;2;B01
201500014446;0;7;0;0;2;3;2;A01
201500014447;0;33;0;0;1;1;16;A01
201500014448;0;7;0;0;2;0;12;A01
201500014448;0;30;0;0;2;0;0;B01
201500014449;0;7;0;0;2;4;23;C01
201500014449;0;7;0;1;2;6;23;B01
201500014449;2;7;0;1;2;1;17;Z01
201500014450;0;34;0;0;2;3;1;B01
201500014450;0;7;0;0;2;3;15;A01
201500014451;0;7;0;0;2;3;15;B01
201500014451;0;33;0;0;2;1;17;A01
201500014452;0;7;0;0;2;4;1;B01
201500014452;0;7;0;0;2;1;1;A01
201500014453;0;7;0;0;2;3;15;A01
201500014453;0;7;0;0;2;1;1;B01
201500014454;0;32;0;0;2;2;0;B01
201500014454;0;7;0;0;2;3;15;A01
201500014455;0;7;0;1;0;2;14;A01
201500014456;0;31;0;0;1;1;1;A01
201500014457;0;31;0;0;0;0;1;A01
201500014458;0;7;0;0;1;2;1;A01
201500014459;0;7;0;0;2;3;15;A01
201500014459;0;31;0;0;2;3;1;B01
201500014460;0;7;0;0;2;1;13;A01
201500014460;0;10;0;0;2;1;0;B01
201500014461;0;30;0;8;0;1;1;A01
201500014462;0;7;0;0;1;1;2;A01
201500014463;0;7;0;0;1;5;1;A01
201500014464;0;1;0;0;0;1;15;B01
201500014464;0;1;0;0;0;1;1;A01
201500014465;0;7;0;0;2;7;1;B01
201500014465;0;31;0;0;2;6;11;A01
201500014466;0;7;0;0;2;1;1;A01
201500014466;0;7;0;0;0;4;23;B01
201500014467;0;33;0;0;2;1;5;A01
201500014467;1;7;0;0;2;0;1;Z01
201500014468;0;7;0;0;2;3;15;B01
201500014468;0;7;0;0;2;2;1;A01
201500014469;0;7;0;0;2;5;16;A01
201500014469;0;7;0;0;2;8;16;B01
201500014470;1;7;0;0;2;2;14;Z01
201500014470;0;33;0;0;2;4;1;A01
201500014471;0;7;0;0;2;3;9;A01
201500014471;0;7;0;0;2;3;1;C01
201500014471;0;7;0;0;2;2;1;B01
201500014472;1;7;0;0;2;1;16;B01
201500014472;0;7;0;0;2;8;23;A01
201500014473;0;7;0;0;2;1;1;B01
201500014473;0;2;0;0;2;1;13;A01
201500014474;0;7;0;0;2;3;15;A01
201500014474;0;34;0;0;2;1;1;B01
201500014475;0;7;0;1;0;1;0;A01
201500014476;0;2;0;16;0;0;0;A01
201500014477;0;7;0;0;2;3;11;B01
201500014477;0;33;0;0;2;7;21;A01
201500014478;0;7;0;0;2;8;1;B01
201500014478;0;33;0;0;2;7;17;A01
201500014479;0;32;0;0;2;4;23;B01
201500014479;0;7;0;0;2;1;1;A01
201500014480;0;7;0;0;1;5;1;A01
201500014481;0;7;0;0;1;1;1;A01
201500014482;0;33;0;0;2;1;0;B01
201500014482;0;7;0;0;2;2;15;A01
201500014483;0;7;0;0;2;2;1;B01
201500014483;0;7;0;0;2;3;10;A01
201500014484;0;10;0;0;1;4;4;A01
201500014485;0;7;0;0;2;5;0;B01
201500014485;0;7;0;15;2;1;0;A01
201500014486;0;10;0;0;1;8;9;A01
201500014487;0;30;0;0;2;7;1;B01
201500014487;0;7;0;0;2;4;4;A01
201500014488;0;33;0;0;2;8;17;B01
201500014488;0;7;0;0;2;8;9;A01
201500014489;0;7;0;0;2;3;16;A01
201500014489;0;2;0;0;2;7;1;B01
201500014490;0;7;0;0;2;1;1;B01
201500014490;0;7;0;0;2;1;13;A01
201500014491;0;30;0;3;2;1;1;A01
201500014492;0;7;0;0;2;3;10;A01
201500014492;0;33;0;0;2;1;17;B01
201500014493;0;7;0;0;2;3;23;B01
201500014493;0;33;0;14;2;1;1;A01
201500014494;0;7;0;1;2;0;23;B01
201500014494;0;7;0;0;2;8;17;A01
201500014495;0;7;0;0;1;3;15;A01
201500014496;1;32;0;0;1;1;1;Z01
201500014497;0;7;0;0;2;1;1;A01
201500014497;0;7;0;0;2;6;1;B01
201500014498;0;30;0;0;1;3;17;A01
201500014499;0;13;0;0;1;7;1;A01
201500014500;0;7;0;0;2;2;15;A01
201500014500;0;33;0;0;2;7;17;B01
201500014501;0;7;0;0;2;2;1;A01
201500014501;0;33;0;0;2;1;1;B01
201500014502;0;7;0;0;2;6;10;A01
201500014502;0;32;0;0;2;1;2;B01
201500014503;0;33;0;0;2;3;18;A01
201500014503;0;7;0;0;2;5;1;B01
201500014504;0;7;0;0;2;1;2;A01
201500014504;0;7;0;0;0;4;23;B01
201500014505;0;7;0;0;1;7;1;A01
201500014506;0;32;0;0;2;1;17;A01
201500014506;0;7;0;0;2;8;15;B01
201500014507;0;7;0;0;2;1;1;A01
201500014507;0;7;0;0;2;5;1;B01
201500014508;0;30;0;0;2;1;1;B01
201500014508;0;7;0;0;2;3;0;A01
201500014509;0;7;0;0;1;0;20;A01
201500014510;0;7;0;0;2;1;9;A01
201500014510;0;7;0;0;2;7;1;B01
201500014511;0;7;0;0;2;6;9;A01
201500014511;0;7;0;0;2;1;1;B01
201500014512;0;7;0;0;2;3;1;A01
201500014512;0;7;0;1;2;2;2;B01
201500014513;0;33;0;0;2;1;1;B01
201500014513;0;7;0;0;2;2;9;A01
201500014514;0;7;0;0;2;3;0;C01
201500014514;0;34;0;0;2;0;0;B01
201500014514;0;7;0;0;2;0;0;A01
201500014515;0;7;0;0;2;1;2;A01
201500014515;0;10;0;0;2;4;0;B01
201500014516;0;32;0;0;2;2;17;A01
201500014516;0;7;0;0;2;3;19;B01
201500014517;0;7;0;6;0;3;15;A01
201500014518;0;32;0;0;2;0;1;A01
201500014519;1;7;0;0;0;0;0;Z01
201500014519;0;34;0;0;0;0;0;B01
201500014520;0;7;0;0;2;5;16;A01
201500014520;0;32;0;0;2;1;1;B01
201500014521;1;30;0;0;1;0;12;Z01
201500014522;0;7;0;0;2;8;15;B01
201500014522;1;2;0;0;2;1;17;A01
201500014523;0;7;0;0;2;4;2;B01
201500014523;1;7;0;0;2;0;0;Z01
201500014524;0;1;0;0;2;1;2;A01
201500014524;0;7;0;0;2;8;11;B01
201500014525;0;33;0;0;2;4;23;B01
201500014525;0;7;0;0;2;1;1;A01
201500014526;0;10;0;0;2;7;16;B01
201500014526;0;7;0;2;2;1;7;A01
201500014527;0;7;0;0;2;1;0;A01
201500014527;0;7;0;0;2;3;0;B01
201500014528;0;7;0;0;1;0;0;A01
201500014529;0;7;0;0;2;3;4;A01
201500014529;0;2;0;0;2;1;2;B01
201500014530;1;7;0;0;1;1;1;Z01
201500014531;0;32;0;0;2;1;2;A01
201500014531;0;7;0;0;9;7;19;B01
201500014532;1;7;0;0;1;1;1;Z01
201500014533;0;7;0;0;9;4;23;A01
201500014533;0;1;0;1;0;1;2;B01
201500014534;0;7;0;0;2;1;19;A01
201500014534;0;7;0;0;2;8;2;B01
201500014535;0;7;0;0;2;4;2;B01
201500014535;0;7;0;0;2;1;1;A01
201500014536;0;34;0;1;0;1;1;A01
201500014537;0;7;0;0;1;3;1;A01
201500014538;0;33;0;0;0;0;0;A01
201500014539;0;37;0;0;2;5;16;A01
201500014539;0;7;0;0;2;4;0;B01
201500014540;0;7;0;0;2;4;23;C01
201500014540;0;7;0;0;2;1;1;A01
201500014540;0;7;0;0;2;4;2;B01
201500014541;0;7;0;0;2;2;1;A01
201500014541;0;7;0;0;2;3;15;B01
201500014542;0;7;0;0;2;3;1;B01
201500014542;0;13;0;0;2;2;1;A01
201500014543;0;7;0;0;1;4;4;A01
201500014544;0;31;0;0;2;8;1;B01
201500014544;0;2;0;0;2;7;1;A01
201500014545;0;7;0;0;2;1;0;A01
201500014545;0;7;0;0;0;8;2;B01
201500014546;0;7;0;0;2;4;23;B01
201500014546;0;30;0;0;2;2;2;A01
201500014547;0;7;0;0;2;1;15;A01
201500014547;0;34;0;0;2;1;1;B01
201500014548;0;7;0;0;2;0;10;A01
201500014548;0;34;0;0;2;0;1;B01
201500014549;0;7;0;0;1;3;2;A01
201500014550;1;7;0;0;1;0;1;Z01
201500014551;0;7;0;0;0;2;1;A01
201500014551;0;30;0;0;0;8;1;B01
201500014552;0;33;0;0;0;8;0;A01
201500014553;1;7;0;0;2;0;1;Z01
201500014553;0;32;0;0;2;8;9;A01
201500014554;0;7;0;1;2;5;24;B01
201500014554;0;10;0;1;0;2;15;A01
201500014555;0;7;0;0;2;3;1;B01
201500014555;0;32;0;0;2;5;1;A01
201500014556;0;33;0;0;1;1;2;A01
201500014557;0;37;20;0;1;3;1;A01
201500014558;0;7;0;0;2;1;16;A01
201500014558;0;7;0;0;2;3;5;B01
201500014559;0;7;0;0;2;8;1;A01
201500014559;0;14;0;0;2;7;1;B01
201500014560;0;7;0;0;2;2;15;A01
201500014560;0;34;0;0;2;1;2;B01
201500014561;0;7;0;0;2;2;15;A01
201500014561;0;33;0;0;2;1;1;B01
201500014562;0;31;0;0;2;8;1;A01
201500014562;0;7;0;0;2;1;1;B01
201500014563;0;7;0;0;0;3;15;B01
201500014563;0;33;0;0;2;1;2;A01
201500014564;0;37;1;0;2;8;15;A01
201500014564;0;7;0;0;2;1;1;B01
201500014565;0;7;0;0;1;2;1;A01
201500014566;0;32;0;0;2;6;15;B01
201500014566;0;30;0;0;2;1;2;A01
201500014567;1;7;0;0;2;1;9;Z01
201500014567;0;33;0;0;2;5;1;A01
201500014568;0;7;0;0;2;4;2;D01
201500014568;0;7;0;0;2;1;2;A01
201500014568;0;7;0;0;2;4;2;B01
201500014568;0;7;0;0;2;4;2;C01
201500014569;0;31;0;0;2;1;1;B01
201500014569;0;7;0;0;2;8;15;A01
201500014570;0;7;0;0;1;1;1;A01
201500014571;0;7;0;0;2;4;1;B01
201500014571;0;7;0;0;2;1;2;A01
201500014572;0;7;0;0;2;7;1;A01
201500014572;0;7;0;0;2;3;9;B01
201500014573;0;7;0;0;2;7;1;A01
201500014573;1;7;0;0;2;1;9;Z01
201500014574;0;7;0;8;0;1;1;A01
201500014575;0;32;0;0;2;1;17;A01
201500014575;0;7;0;0;2;3;15;B01
201500014576;0;7;0;0;1;5;1;A01
201500014577;0;1;0;0;9;4;2;A01
201500014577;1;2;0;0;2;1;2;Z01
201500014578;0;33;0;0;1;0;1;A01
201500014579;0;32;0;0;1;1;1;A01
201500014580;0;33;0;0;0;7;2;A01
201500014580;1;7;0;0;0;0;0;Z01
201500014581;0;10;0;0;2;2;1;B01
201500014581;0;32;0;0;2;8;1;A01
201500014582;0;30;0;0;2;1;0;A01
201500014582;0;7;0;0;2;8;1;B01
201500014583;0;7;0;0;1;0;20;A01
201500014584;0;7;0;0;2;1;2;A01
201500014584;0;32;0;0;2;4;2;B01
201500014585;0;7;0;0;1;1;15;A01
201500014586;0;31;0;0;2;8;1;B01
201500014586;0;10;0;0;2;7;15;A01
201500014587;0;2;0;0;2;2;17;A01
201500014587;0;7;0;0;9;3;10;B01
201500014588;1;7;0;0;2;5;2;Z01
201500014588;0;30;0;0;2;1;1;B01
201500014589;0;7;0;0;2;1;2;A01
201500014589;0;7;0;0;2;4;2;B01
201500014590;0;7;0;0;2;6;15;B01
201500014590;0;33;0;0;2;2;15;A01
201500014591;0;7;0;4;0;1;1;A01
201500014592;0;33;0;0;2;1;2;A01
201500014592;0;7;0;0;2;4;2;B01
201500014593;0;33;0;0;2;3;0;B01
201500014593;0;33;0;0;2;1;0;A01
201500014594;1;7;0;0;2;0;0;Z01
201500014594;0;30;0;0;2;7;0;A01
201500014595;0;34;0;0;2;1;23;B01
201500014595;0;30;0;0;2;1;6;A01
201500014596;0;7;0;0;2;3;15;A01
201500014596;0;2;0;0;2;1;1;B01
201500014597;0;7;0;0;2;3;2;A01
201500014597;0;7;0;0;2;5;2;B01
201500014598;0;33;0;0;1;1;1;A01
201500014599;0;7;0;0;2;6;15;A01
201500014599;0;30;0;0;2;1;17;B01
201500014600;0;7;0;0;2;4;2;B01
201500014600;1;7;0;0;2;1;2;Z01
201500014601;0;33;0;0;2;7;16;A01
201500014601;0;30;0;0;2;0;0;B01
201500014602;0;7;0;11;0;1;1;A01
201500014603;0;7;0;0;1;1;15;A01
201500014604;0;7;0;0;1;2;1;A01
201500014605;0;7;0;0;2;0;1;B01
201500014605;0;31;0;0;2;7;17;A01
201500014606;0;7;0;0;2;3;1;A01
201500014606;0;30;0;0;2;4;16;B01
201500014607;0;7;0;0;2;5;1;B01
201500014607;0;7;0;0;2;3;14;A01
201500014608;0;7;0;0;2;7;2;B01
201500014608;0;2;0;0;2;1;0;A01
201500014609;0;7;0;12;0;9;0;A01
201500014610;0;7;0;0;1;1;15;A01
201500014611;0;10;0;0;2;1;1;A01
201500014611;0;7;0;0;2;8;1;B01
201500014612;0;33;0;0;2;2;17;A01
201500014612;1;7;0;0;0;0;0;Z01
201500014613;0;7;0;0;2;2;2;B01
201500014613;0;30;0;0;2;1;2;A01
201500014614;0;2;0;0;2;1;0;A01
201500014614;0;7;0;0;2;2;1;B01
201500014615;0;10;0;9;1;3;1;A01
201500014616;0;7;0;0;2;3;15;B01
201500014616;0;7;0;0;2;2;1;A01
201500014617;0;30;0;0;2;7;17;B01
201500014617;0;7;0;0;2;8;10;A01
201500014618;0;7;0;0;2;2;15;A01
201500014618;0;33;0;0;2;3;1;B01
201500014619;0;7;0;0;2;2;19;A01
201500014619;0;7;0;0;2;1;1;B01
201500014620;0;30;0;0;2;8;15;A01
201500014620;0;7;0;0;2;7;1;B01
201500014621;0;7;0;0;2;4;2;B01
201500014621;0;7;0;0;2;1;2;A01
201500014622;0;7;0;0;2;3;12;A01
201500014622;0;7;0;0;2;5;15;B01
201500014622;0;7;0;0;2;3;1;C01
201500014623;0;2;0;12;0;2;1;A01
201500014624;0;33;0;0;2;5;1;M01
201500014624;0;7;0;0;2;1;0;A01
201500014625;1;10;0;0;1;7;2;Z01
201500014626;0;31;0;0;2;8;1;A01
201500014626;1;31;0;0;2;0;1;Z01
201500014627;0;7;0;0;0;0;0;A01
201500014628;0;7;0;12;0;1;1;A01
201500014629;0;7;0;0;9;0;9;A01
201500014629;0;7;0;0;2;4;2;C01
201500014629;0;7;0;0;2;1;2;B01
201500014630;0;30;0;0;2;1;0;B01
201500014630;0;7;0;0;2;1;1;A01
201500014631;0;7;0;0;2;1;1;C01
201500014631;0;7;0;0;0;0;1;A01
201500014631;0;7;0;4;2;2;1;B01
201500014632;1;7;0;0;1;0;1;Z01
201500014633;1;7;0;0;2;1;2;Z01
201500014633;0;2;0;0;2;4;2;A01
201500014634;0;7;0;13;0;2;0;A01
201500014635;0;7;0;0;1;3;2;A01
201500014636;1;30;0;0;0;0;0;A01
201500014637;0;7;0;0;2;1;1;A01
201500014637;0;7;0;0;2;3;1;B01
201500014638;0;33;0;1;0;8;21;A01
201500014639;0;7;0;0;1;1;15;A01
201500014640;0;30;0;0;2;1;1;A01
201500014640;0;7;0;0;2;3;1;B01
201500014641;0;33;0;0;2;2;17;B01
201500014641;0;7;0;0;2;6;15;A01
201500014642;0;7;0;0;2;2;13;A01
201500014642;0;7;0;0;2;2;1;B01
201500014643;0;7;0;0;2;3;2;A01
201500014643;0;2;0;0;2;7;2;B01
201500014644;1;7;0;0;1;1;1;Z01
201500014645;0;7;0;0;2;1;1;A01
201500014645;0;7;0;0;2;4;1;B01
201500014646;0;7;0;15;0;2;15;A01
201500014647;0;32;0;0;2;1;1;B01
201500014647;0;7;0;0;2;2;19;A01
201500014648;0;7;0;0;2;5;16;A01
201500014648;0;33;0;0;2;1;7;B01
201500014649;1;7;0;0;2;0;0;Z01
201500014649;0;30;0;0;2;5;0;B01
201500014650;0;7;0;0;2;3;19;A01
201500014650;0;7;0;0;2;2;1;B01
201500014651;1;99;0;0;2;1;1;Z01
201500014651;0;7;0;0;2;7;17;B01
201500014652;0;30;0;0;2;7;1;B01
201500014652;0;7;0;0;2;3;13;A01
201500014653;0;7;0;0;1;1;2;A01
201500014654;0;33;0;0;2;7;1;A01
201500014654;0;7;0;0;2;3;1;C01
201500014654;0;7;0;0;2;2;15;B01
201500014655;0;7;0;0;2;5;2;B01
201500014655;0;7;0;0;2;3;2;A01
201500014656;0;32;0;0;1;1;1;A01
201500014657;0;7;0;0;2;6;12;A01
201500014657;0;7;0;0;2;6;1;B01
201500014658;0;7;0;0;1;3;0;B01
201500014659;0;7;0;0;1;2;2;A01
201500014660;0;2;0;0;2;1;3;A01
201500014660;0;31;0;0;2;3;15;B01
201500014661;0;7;0;1;0;2;1;A01
201500014662;0;32;0;1;0;1;1;A01
201500014663;0;7;0;0;2;5;15;B01
201500014663;0;32;0;0;2;1;1;A01
201500014664;0;7;0;0;2;5;1;B01
201500014664;0;7;0;0;2;1;19;A01
201500014665;1;7;0;0;2;1;1;Z01
201500014665;0;7;0;0;2;4;1;B01
201500014666;0;7;0;0;2;7;12;A01
201500014666;0;33;0;0;1;3;1;B01
201500014667;0;33;0;0;2;1;0;B01
201500014667;0;13;0;0;2;8;15;A01
201500014668;0;7;0;0;2;4;23;C01
201500014668;0;7;0;0;2;4;23;B01
201500014668;2;7;0;0;2;1;2;A01
201500014669;0;7;0;0;0;1;21;A01
201500014670;0;7;0;8;2;8;2;A01
201500014670;0;7;0;0;2;1;2;B01
201500014671;0;7;0;0;2;1;1;B01
201500014671;0;7;0;0;2;3;1;A01
201500014672;0;7;0;0;2;5;0;B01
201500014672;0;7;0;0;2;3;9;A01
201500014673;0;7;0;0;1;3;15;A01
201500014674;2;7;0;3;0;1;0;Z01
201500014675;0;31;0;0;2;1;1;B01
201500014675;0;7;0;0;2;1;15;A01
201500014676;0;32;0;0;2;8;17;A01
201500014676;0;7;0;0;2;8;15;B01
201500014677;1;7;0;0;2;0;0;B01
201500014677;1;2;0;0;2;0;0;A01
201500014678;0;13;0;0;2;0;1;A01
201500014678;0;34;0;0;2;8;2;B01
201500014679;0;2;0;0;1;0;0;A01
201500014680;0;32;0;0;2;3;1;B01
201500014680;0;7;0;0;2;7;12;A01
201500014681;0;7;0;1;1;2;1;A01
201500014682;0;33;0;0;2;1;18;A01
201500014682;0;7;0;0;2;2;15;B01
201500014683;0;31;0;0;1;1;1;A01
201500014684;0;7;0;0;2;1;2;A01
201500014684;0;7;0;0;2;3;2;B01
201500014685;0;7;0;0;2;1;2;A01
201500014685;0;7;0;0;2;0;0;C01
201500014685;0;7;0;0;2;0;0;B01
201500014686;0;7;0;0;2;7;16;B01
201500014686;0;33;0;0;2;1;18;A01
201500014687;0;7;0;0;2;1;1;A01
201500014687;0;7;0;0;2;4;1;B01
201500014688;0;7;0;0;2;1;15;A01
201500014688;0;30;0;0;2;1;1;B01
201500014689;0;33;0;0;0;0;0;A01
201500014690;0;7;0;0;2;4;23;A01
201500014690;0;7;0;0;2;0;0;B01
201500014691;0;7;0;0;2;2;15;A01
201500014691;0;2;0;0;2;1;1;B01
201500014692;0;34;0;15;2;1;1;B01
201500014692;0;7;0;0;2;1;15;A01
201500014693;0;7;0;0;2;2;1;A01
201500014693;0;7;0;0;2;3;1;B01
201500014694;0;34;0;0;2;1;1;B01
201500014694;0;7;0;0;2;2;15;A01
201500014695;1;7;0;0;1;1;1;Z01
201500014696;0;7;0;0;2;1;15;A01
201500014696;0;33;0;0;2;1;1;B01
201500014697;0;7;0;0;2;3;1;A01
201500014697;0;10;0;0;2;3;1;B01
201500014698;0;7;0;0;0;0;0;A01
201500014698;0;34;0;0;0;3;0;B01
201500014699;0;37;0;0;2;6;24;B01
201500014699;0;33;0;1;0;1;2;A01
201500014700;0;33;0;0;6;2;21;A01
201500014701;0;7;0;1;0;2;14;A01
201500014701;0;7;0;0;2;8;24;B01
201500014702;0;33;0;0;0;7;1;A01
201500014703;1;7;0;0;0;0;0;Z01
201500014703;0;2;0;0;2;3;13;A01
201500014704;0;7;0;0;9;3;15;A01
201500014704;0;33;0;0;2;3;17;B01
201500014705;0;34;0;0;2;1;1;B01
201500014705;0;7;0;0;2;3;16;A01
201500014706;0;32;0;0;2;0;17;B01
201500014706;1;99;0;0;0;0;0;Z01
201500014707;0;31;0;16;0;2;1;A01
201500014708;1;7;0;0;1;0;0;Z01
201500014709;0;7;0;0;2;3;1;A01
201500014709;0;7;0;0;2;2;1;B01
201500014710;0;2;0;0;2;9;1;A01
201500014710;0;7;0;0;9;3;15;B01
201500014711;0;7;0;0;2;0;0;B01
201500014711;0;33;0;0;2;0;0;A01
201500014712;0;7;0;0;2;1;0;A01
201500014712;0;7;0;0;2;4;0;B01
201500014713;0;32;0;0;2;1;1;B01
201500014713;0;7;0;0;2;8;10;A01
201500014714;0;7;0;0;2;6;1;A01
201500014714;0;33;0;0;2;1;1;B01
201500014715;0;7;0;0;0;4;23;B01
201500014715;0;7;0;0;2;1;2;A01
201500014716;0;7;0;0;2;3;19;B01
201500014716;0;31;0;0;2;1;1;A01
201500014717;0;10;0;0;2;2;1;A01
201500014717;0;7;0;0;2;3;0;B01
201500014718;1;7;0;0;2;0;0;Z01
201500014718;0;34;0;0;2;8;0;B01