num_acc;senc;catv;occutc;obs;obsm;choc;manv;num_veh
201500014719;0;30;0;0;0;2;1;A01
201500014720;0;7;0;0;1;3;0;A01
201500014721;0;34;0;0;1;1;1;A01
201500014722;0;30;0;14;2;7;1;A01
201500014722;0;7;0;0;0;2;1;B01
201500014723;0;7;0;0;1;0;0;A01
201500014724;0;7;0;0;2;7;0;A01
201500014724;0;30;0;0;2;8;1;B01
201500014725;0;7;0;0;1;3;1;A01
201500014726;0;7;0;0;2;3;1;B01
201500014726;0;30;0;0;2;1;17;A01
201500014727;0;34;0;0;1;0;0;A01
201500014728;0;32;0;0;1;1;1;A01
201500014729;0;7;0;0;2;1;2;A01
201500014729;0;7;0;0;2;4;2;B01
201500014730;0;10;0;0;1;1;0;A01
201500014731;0;7;0;14;0;2;1;A01
201500014732;0;7;0;0;2;8;0;B01
201500014732;0;7;0;0;2;3;6;A01
201500014733;0;32;0;0;2;9;1;B01
201500014733;0;7;0;0;2;2;15;A01
201500014734;0;7;0;0;1;1;17;A01
201500014735;0;7;0;1;2;7;0;C01
201500014735;0;7;0;1;2;8;1;B01
201500014735;0;7;0;0;2;1;1;A01
201500014736;0;33;0;0;2;9;0;B01
201500014736;2;10;0;0;2;1;0;A01
201500014737;0;7;0;0;1;2;1;A01
201500014738;0;7;0;0;2;7;2;B01
201500014738;0;7;0;0;2;1;16;A01
201500014739;0;2;0;0;2;1;16;A01
201500014739;0;33;0;0;2;8;1;B01
201500014740;0;10;0;0;2;1;1;A01
201500014740;0;7;0;0;2;4;2;B01
201500014741;0;32;0;0;2;6;18;A01
201500014741;0;7;0;0;2;2;1;B01
201500014742;0;7;0;0;2;0;0;B01
201500014742;0;7;0;0;2;6;13;A01
201500014743;0;33;0;0;2;1;2;B01
201500014743;0;7;0;0;2;3;10;A01
201500014744;0;30;0;0;2;8;1;B01
201500014744;0;7;0;0;2;8;15;A01
201500014745;0;34;0;0;2;1;21;B01
201500014745;0;7;0;0;2;8;10;A01
201500014746;0;7;0;0;2;1;2;B01
201500014746;0;33;0;15;2;8;2;A01
201500014747;0;32;0;16;2;0;0;A01
201500014747;0;7;0;0;2;8;1;B01
201500014748;0;7;0;8;0;1;1;A01
201500014749;0;30;0;0;0;0;0;A01
201500014750;0;32;0;8;0;1;1;A01
201500014751;1;7;0;0;2;3;15;Z01
201500014751;0;2;0;0;2;1;1;A01
201500014752;0;30;0;0;2;1;1;A01
201500014752;0;7;0;0;2;3;15;B01
201500014753;0;7;0;15;1;2;1;A01
201500014754;0;7;0;0;2;1;1;B01
201500014754;0;7;0;0;2;4;6;A01
201500014755;0;99;0;0;1;7;1;A01
201500014756;0;7;0;0;2;3;19;A01
201500014756;0;34;0;0;2;1;1;B01
201500014757;0;33;0;0;0;2;21;B01
201500014757;0;7;0;0;2;6;15;A01
201500014758;0;7;0;0;2;3;13;A01
201500014758;0;7;0;0;2;3;0;B01
201500014759;0;99;0;0;0;0;0;A01
201500014760;0;10;0;0;2;8;19;B01
201500014760;0;32;0;0;2;1;1;A01
201500014761;0;7;0;0;2;4;1;B01
201500014761;0;7;0;0;2;1;2;A01
201500014762;0;7;0;0;2;0;0;A01
201500014762;0;7;0;0;2;0;0;B01
201500014763;0;7;0;9;0;2;0;A01
201500014764;0;7;0;0;1;3;15;A01
201500014765;0;10;0;0;1;3;15;A01
201500014766;0;34;0;0;0;7;21;A01
201500014767;0;34;0;0;2;0;0;B01
201500014767;0;7;0;0;2;2;16;A01
201500014768;1;7;0;0;2;0;12;Z01
201500014768;0;7;0;1;2;1;21;A01
201500014769;0;7;0;0;2;1;5;A01
201500014769;0;1;0;0;0;0;0;B01
201500014770;0;7;0;0;2;3;15;A01
201500014770;0;32;0;0;2;2;17;B01
201500014771;0;1;0;0;2;4;2;B01
201500014771;0;30;0;1;9;1;2;A01
201500014771;1;7;0;0;2;0;2;Z01
201500014772;0;30;0;0;2;1;2;A01
201500014772;0;7;0;0;2;6;23;B01
201500014773;0;7;0;1;2;2;1;A01
201500014774;1;7;0;0;1;1;0;Z01
201500014775;0;7;0;0;2;1;1;A01
201500014775;0;7;0;0;2;4;2;B01
201500014776;0;32;0;0;1;7;0;A01
201500014777;0;7;0;0;2;8;10;A01
201500014777;0;33;0;0;2;1;1;B01
201500014778;0;33;0;0;2;1;1;B01
201500014778;0;7;0;0;2;8;15;A01
201500014779;0;32;0;0;2;0;1;B01
201500014779;0;7;0;0;2;6;10;A01
201500014780;0;7;0;8;0;1;2;A01
201500014781;0;10;0;0;2;5;0;B01
201500014781;0;7;0;0;2;3;2;A01
201500014782;0;2;0;1;2;1;12;A01
201500014783;0;7;0;0;2;1;2;A01
201500014783;0;7;0;0;2;4;23;B01
201500014784;0;7;0;0;2;0;0;B01
201500014784;0;32;0;0;2;0;0;A01
201500014785;0;7;0;0;2;1;1;A01
201500014785;0;7;0;0;2;3;1;B01
201500014786;0;7;0;1;2;1;2;A01
201500014787;0;7;0;0;1;3;1;A01
201500014788;0;10;0;0;2;2;16;B01
201500014788;0;30;0;0;2;1;1;A01
201500014789;0;7;0;0;2;1;1;B01
201500014789;0;34;0;0;2;1;5;A01
201500014790;0;7;0;0;2;1;2;B01
201500014790;0;17;0;0;2;6;4;A01
201500014791;0;2;0;1;0;4;1;A01
201500014792;0;7;0;0;2;0;0;B01
201500014792;0;7;0;0;2;1;2;A01
201500014793;0;7;0;0;2;3;15;A01
201500014793;0;32;0;0;2;1;1;B01
201500014794;0;7;0;0;2;6;1;B01
201500014794;0;7;0;0;2;1;1;A01
201500014795;0;34;0;1;2;1;1;A01
201500014795;1;7;0;0;2;6;0;Z01
201500014796;0;30;0;0;2;2;2;A01
201500014796;0;7;0;0;2;0;0;B01
201500014797;0;33;0;0;2;0;1;B01
201500014797;1;7;0;0;9;3;15;Z01
201500014798;0;33;0;0;2;8;1;B01
201500014798;0;7;0;0;2;3;1;A01
201500014799;0;7;0;0;1;1;1;A01
201500014800;0;2;0;0;2;1;1;B01
201500014800;0;7;0;0;2;4;1;A01
201500014801;0;7;0;1;2;1;2;B01
201500014801;0;7;0;9;2;2;2;A01
201500014802;0;7;0;0;1;1;1;A01
201500014803;1;7;0;0;2;3;0;Z01
201500014803;0;30;0;0;2;7;1;B01
201500014804;0;7;0;0;2;2;1;B01
201500014804;0;10;0;0;2;8;9;A01
201500014805;0;7;0;9;2;7;1;A01
201500014805;0;7;0;0;2;1;19;B01
201500014806;0;7;0;14;0;1;1;A01
201500014806;0;7;0;0;2;4;23;B01
201500014807;0;31;0;0;0;0;0;A01
201500014808;0;33;0;0;2;4;23;B01
201500014808;0;7;0;0;2;1;2;A01
201500014809;0;7;0;0;2;7;12;A01
201500014809;0;32;0;0;2;1;1;B01
201500014810;1;7;0;0;1;4;4;Z01
201500014811;0;7;0;0;2;0;0;B01
201500014811;0;7;0;0;2;7;15;A01
201500014812;0;7;0;0;2;3;15;B01
201500014812;0;7;0;0;2;1;1;A01
201500014813;0;7;0;0;1;1;1;A01
201500014814;0;7;0;0;0;1;1;A01
201500014815;0;3;0;0;2;3;2;B01
201500014815;0;7;0;0;2;3;2;A01
201500014816;0;7;0;0;2;0;15;A01
201500014816;0;32;0;0;2;1;1;B01
201500014817;0;33;0;8;0;1;0;A01
201500014818;0;7;0;0;2;0;0;B01
201500014818;0;7;0;0;2;1;0;A01
201500014819;0;7;0;0;2;1;2;B01
201500014819;0;7;0;0;2;4;2;D01
201500014819;0;7;0;0;2;1;2;A01
201500014819;0;7;0;0;2;4;2;C01
201500014820;0;34;0;0;0;0;0;A01
201500014821;0;7;0;0;2;1;1;A01
201500014821;0;7;0;0;2;8;0;B01
201500014822;0;7;0;0;2;1;1;B01
201500014822;0;7;0;0;2;3;1;A01
201500014823;0;31;0;12;0;0;0;A01
201500014824;0;7;0;0;2;2;21;A01
201500014824;0;37;0;0;2;6;23;B01
201500014825;0;7;0;8;0;9;0;A01
201500014826;0;2;0;0;2;8;15;A01
201500014826;0;33;0;0;2;1;6;B01
201500014827;0;7;0;0;2;3;10;A01
201500014827;0;10;0;0;2;0;0;C01
201500014827;0;7;0;0;2;1;1;B01
201500014828;0;7;0;0;2;1;1;A01
201500014828;0;7;0;0;2;1;1;B01
201500014829;0;30;0;0;0;8;21;A01
201500014830;0;7;0;14;0;1;1;B01
201500014830;0;7;0;0;0;4;23;A01
201500014831;0;7;0;0;1;1;1;A01
201500014832;1;7;0;0;1;0;0;Z01
201500014833;2;2;0;0;2;3;1;A01
201500014833;0;7;0;0;2;3;1;B01
201500014834;0;7;0;0;2;4;23;B01
201500014834;0;7;0;0;2;1;2;A01
201500014835;1;7;0;0;2;0;0;Z01
201500014835;0;2;0;0;2;1;2;A01
201500014836;0;7;0;0;2;1;1;A01
201500014836;0;7;0;0;2;4;1;B01
201500014837;0;7;0;1;2;1;1;A01
201500014837;0;7;0;1;2;9;0;B01
201500014838;1;7;0;0;2;0;0;Z01
201500014838;0;7;0;0;2;4;2;B01
201500014839;0;33;0;0;2;1;2;B01
201500014839;1;7;0;0;2;8;11;Z01
201500014840;0;30;0;0;2;8;0;A01
201500014840;0;7;0;0;2;7;0;B01
201500014841;1;33;0;0;1;1;0;Z01
201500014842;0;7;0;0;2;4;23;C01
201500014842;0;7;0;0;2;4;23;B01
201500014842;0;7;0;0;2;1;2;A01
201500014843;0;30;0;0;2;1;1;B01
201500014843;0;7;0;0;2;3;19;A01
201500014844;0;7;0;0;1;1;1;A01
201500014845;0;30;0;0;2;0;0;B01
201500014845;0;7;0;0;2;0;0;A01
201500014846;0;7;0;0;2;4;2;B01
201500014846;0;30;0;0;2;1;2;A01
201500014847;0;7;0;0;2;8;23;B01
201500014847;0;33;0;0;2;1;1;A01
201500014848;0;7;0;0;2;1;1;B01
201500014848;0;7;0;0;2;7;15;A01
201500014849;0;7;0;0;2;8;16;A01
201500014849;0;30;0;0;2;2;2;B01
201500014850;0;2;0;0;1;0;0;A01
201500014851;1;7;0;0;2;1;1;A01
201500014851;0;33;0;0;2;7;15;B01
201500014852;0;30;0;0;2;1;5;A01
201500014852;0;7;0;0;2;8;23;D01
201500014852;0;30;0;0;2;1;5;B01
201500014852;0;7;0;0;2;1;1;C01
201500014853;0;30;0;0;0;1;1;A01
201500014854;0;32;0;0;2;1;1;B01
201500014854;0;7;0;0;2;0;15;A01
201500014855;0;7;0;0;1;1;15;A01
201500014856;0;7;0;0;2;3;0;A01
201500014856;0;30;0;0;2;1;0;B01
201500014857;0;34;0;0;2;4;2;B01
201500014857;0;10;0;0;2;1;2;A01
201500014858;0;7;0;0;1;0;1;A01
201500014859;0;33;0;1;0;8;17;A01
201500014860;0;2;0;8;0;1;1;A01
201500014861;0;31;0;0;2;1;0;B01
201500014861;0;7;0;0;2;2;12;A01
201500014862;0;33;0;0;2;2;17;A01
201500014862;0;7;0;0;2;8;0;B01
201500014863;0;30;0;0;1;0;0;A01
201500014864;0;30;0;0;2;1;18;A01
201500014864;0;7;0;0;2;5;2;B01
201500014865;1;7;0;0;1;1;0;Z01
201500014866;0;7;0;0;2;4;1;B01
201500014866;0;7;0;0;2;1;1;A01
201500014867;0;7;0;0;2;3;15;B01
201500014867;0;32;0;0;2;1;17;A01
201500014868;0;30;0;0;2;1;1;A01
201500014868;0;7;0;0;2;1;1;B01
201500014869;0;7;0;0;1;6;1;A01
201500014870;0;2;0;0;1;1;1;A01
201500014871;0;33;0;0;2;1;1;B01
201500014871;0;7;0;0;2;3;15;A01
201500014872;0;32;0;1;2;1;1;A01
201500014873;0;7;0;0;2;2;1;A01
201500014873;0;7;0;0;2;3;1;B01
201500014874;0;7;0;0;2;4;2;B01
201500014874;0;32;0;0;2;1;17;A01
201500014875;0;7;0;0;2;8;1;A01
201500014875;0;31;0;0;2;7;1;B01
201500014876;0;32;0;0;2;8;1;B01
201500014876;0;7;0;7;2;1;1;A01
201500014877;0;7;0;0;1;1;9;A01
201500014878;0;2;0;0;2;8;10;A01
201500014878;0;7;0;0;2;2;1;B01
201500014879;0;7;0;0;1;2;1;A01
201500014880;0;7;0;0;2;4;23;B01
201500014880;0;7;0;0;2;4;23;A01
201500014880;1;7;0;0;2;1;1;Z01
201500014881;0;7;0;0;2;3;15;B01
201500014881;0;30;0;0;2;8;19;A01
201500014882;0;30;0;0;2;8;1;B01
201500014882;0;7;0;0;2;1;0;A01
201500014883;0;7;0;0;1;1;1;A01
201500014884;0;7;0;0;2;3;1;B01
201500014884;0;30;0;0;2;1;15;A01
201500014885;0;2;0;0;2;4;2;A01
201500014885;1;7;0;0;2;0;2;Z01
201500014886;0;7;0;0;1;1;1;A01
201500014887;0;7;0;1;0;1;0;A01
201500014888;0;7;0;0;2;2;9;A01
201500014888;0;1;0;0;2;4;1;B01
201500014889;0;7;0;0;2;3;1;B01
201500014889;0;34;0;0;2;1;15;A01
201500014890;0;7;0;0;2;3;1;A01
201500014890;0;34;0;0;2;1;0;B01
201500014891;0;7;0;9;2;6;17;A01
201500014891;0;7;0;0;2;0;15;B01
201500014892;0;99;0;0;2;0;0;B01
201500014892;0;30;0;0;2;7;21;A01
201500014893;1;2;0;0;1;0;5;Z01
201500014894;0;30;0;0;1;0;0;A01
201500014895;0;33;0;0;2;1;1;B01
201500014895;0;7;0;0;2;1;15;A01
201500014896;0;33;0;0;2;1;1;A01
201500014896;1;7;0;0;2;5;15;Z01
201500014897;0;7;0;8;2;1;21;A01
201500014898;0;2;0;0;0;1;1;A01
201500014899;0;32;0;0;2;1;9;A01
201500014899;0;32;0;0;2;4;9;B01
201500014900;0;30;0;0;0;2;0;A01
201500014901;0;7;0;0;2;3;1;B01
201500014901;0;7;0;0;2;2;1;A01
201500014902;0;33;0;0;2;2;1;B01
201500014902;0;7;0;0;2;3;1;A01
201500014903;0;7;0;0;2;7;1;B01
201500014903;2;37;0;0;2;3;0;A01
201500014904;0;7;0;0;2;0;0;B01
201500014904;0;7;0;0;2;1;2;A01
201500014905;0;2;0;0;2;7;15;B01
201500014905;1;7;0;0;2;0;1;Z01
201500014906;0;7;0;0;2;4;23;A01
201500014907;0;33;0;15;0;1;1;A01
201500014908;0;7;0;0;1;1;9;A01
201500014909;0;2;0;0;2;0;17;A01
201500014909;1;7;0;0;2;6;15;Z01
201500014910;0;30;0;0;2;1;1;B01
201500014910;0;7;0;0;2;7;19;A01
201500014911;0;33;0;13;0;1;1;A01
201500014912;0;31;0;0;2;1;2;A01
201500014912;0;7;0;0;2;2;14;B01
201500014913;1;34;0;0;1;1;1;Z01
201500014914;0;30;0;8;2;8;1;A01
201500014915;0;7;0;0;2;7;1;A01
201500014915;0;7;0;0;2;1;1;B01
201500014916;0;30;0;1;0;1;21;A01
201500014917;0;37;0;0;2;3;1;B01
201500014917;0;7;0;0;2;2;1;A01
201500014918;0;31;0;0;2;1;0;B01
201500014918;0;7;0;0;2;2;15;A01
201500014919;0;33;0;0;2;2;1;A01
201500014919;0;7;0;0;2;1;1;B01
201500014920;0;30;0;0;2;5;1;A01
201500014920;1;7;0;0;2;0;0;Z01
201500014921;1;2;0;0;2;0;1;B01
201500014922;0;30;0;0;2;0;1;A01
201500014922;1;7;0;0;2;0;0;Z01
201500014923;0;7;0;0;2;1;0;A01
201500014923;0;7;0;0;2;7;1;B01
201500014924;0;7;0;0;1;3;1;A01
201500014925;1;7;0;0;1;0;0;Z01
201500014926;0;1;0;0;0;0;0;A01
201500014927;0;7;0;0;2;1;1;A01
201500014927;0;7;0;0;2;4;1;B01
201500014928;0;30;0;0;2;8;17;A01
201500014928;0;7;0;0;2;3;15;B01
201500014929;0;33;0;12;0;3;16;A01
201500014930;0;2;0;0;0;0;0;A01
201500014931;0;7;0;0;2;6;3;A01
201500014931;0;32;0;0;2;1;2;B01
201500014932;0;33;0;0;2;1;1;B01
201500014932;0;7;0;0;2;2;9;A01
201500014933;0;7;0;0;0;0;0;A01
201500014934;0;7;0;0;1;3;0;A01
201500014935;0;7;0;0;2;1;0;B01
201500014935;0;7;0;0;2;2;1;A01
201500014936;0;33;0;0;2;2;1;A01
201500014936;0;7;0;0;2;2;0;B01
201500014937;0;30;0;0;2;0;0;B01
201500014937;0;7;0;0;2;4;0;A01
201500014938;0;7;0;0;2;1;1;A01
201500014938;1;7;0;8;2;0;15;Z01
201500014939;0;7;0;0;1;1;1;A01
201500014940;0;33;0;0;2;7;21;B01
201500014940;0;7;0;0;2;3;15;A01
201500014941;0;7;0;0;1;7;15;A01
201500014942;0;30;0;0;1;1;1;A01
201500014943;0;33;0;0;2;3;2;A01
201500014943;0;30;0;0;2;7;2;B01
201500014944;0;7;0;14;0;1;13;A01
201500014945;0;7;0;0;2;6;2;B01
201500014945;0;33;0;0;2;7;2;A01
201500014946;0;32;0;0;2;4;0;A01
201500014946;1;7;0;0;2;0;0;Z01
201500014947;0;14;0;0;1;0;1;A01
201500014948;0;7;0;0;1;3;15;A01
201500014949;0;7;0;0;1;1;1;A01
201500014950;1;30;0;0;1;1;0;Z01
201500014951;0;7;0;0;2;3;2;B01
201500014951;0;7;0;0;2;3;13;A01
201500014952;0;7;0;0;2;8;1;B01
201500014952;0;7;0;0;2;1;1;A01
201500014953;2;30;0;1;0;1;1;A01
201500014954;0;7;0;16;2;7;19;A01
201500014954;0;7;0;0;2;1;2;B01
201500014955;0;7;0;5;0;2;14;A01
201500014956;0;30;0;0;2;1;17;B01
201500014956;0;7;0;0;2;8;13;A01
201500014957;0;33;0;0;2;1;2;A01
201500014957;0;7;0;0;2;4;19;B01
201500014958;0;31;0;0;2;1;1;B01
201500014958;0;7;0;0;2;1;5;A01
201500014959;0;7;0;0;2;8;23;B01
201500014959;0;7;0;0;2;8;16;A01
201500014960;0;34;0;2;0;1;5;A01
201500014961;0;7;0;0;2;3;2;B01
201500014961;2;7;0;0;2;3;13;Z01
201500014962;0;7;0;1;0;1;0;A01
201500014962;0;7;0;0;2;2;0;B01
201500014963;0;7;0;0;2;8;1;B01
201500014963;2;7;0;0;2;1;1;A01
201500014964;0;7;0;0;2;2;11;A01
201500014964;0;7;0;0;2;1;1;B01
201500014965;0;32;0;0;2;1;1;B01
201500014965;0;7;0;0;2;1;1;A01
201500014966;0;7;0;0;2;0;1;E01
201500014966;0;7;0;0;2;2;12;A01
201500014966;0;7;0;0;2;0;1;C01
201500014966;0;13;0;0;2;8;1;B01
201500014966;0;7;0;0;2;0;1;D01
201500014967;0;34;0;0;2;0;0;A01
201500014967;0;7;0;0;2;6;15;B01
201500014968;0;32;0;0;2;1;1;A01
201500014968;0;14;0;0;2;3;15;B01
201500014969;0;7;0;0;1;7;0;A01
201500014970;0;7;0;4;0;5;0;A01
201500014970;1;7;0;0;2;1;0;Z01
201500014971;0;32;0;0;2;8;0;B01
201500014971;0;7;0;0;2;3;15;A01
201500014972;1;30;0;0;2;0;0;Z01
201500014972;0;30;0;0;2;0;21;A01
201500014973;1;7;0;0;2;0;1;Z01
201500014973;0;30;0;0;2;1;1;B01
201500014974;0;32;0;0;2;4;1;B01
201500014974;1;3;0;0;2;0;10;Z01
201500014975;0;30;0;0;2;1;0;A01
201500014975;0;7;0;0;2;8;1;B01
201500014976;0;32;0;0;1;1;1;A01
201500014977;0;7;0;0;2;4;2;B01
201500014977;0;7;0;0;2;1;2;A01
201500014978;0;32;0;0;2;1;17;B01
201500014978;1;7;0;0;2;8;15;Z01
201500014979;0;32;0;0;2;0;1;A01
201500014979;1;7;0;0;2;7;16;Z01
201500014980;0;7;0;0;1;2;16;A01
201500014981;0;7;0;0;2;3;9;B01
201500014981;0;7;0;0;2;2;1;A01
201500014982;0;7;0;0;1;7;0;A01
201500014983;1;32;0;0;1;0;0;Z01
201500014984;0;10;0;0;9;2;14;A01
201500014984;0;37;0;0;2;6;7;B01
201500014985;0;7;0;0;2;8;1;A01
201500014985;2;7;0;0;2;3;0;Z01
201500014986;0;7;0;0;2;7;1;B01
201500014986;0;7;0;0;2;1;15;A01
201500014987;0;7;0;8;0;2;0;A01
201500014988;0;31;0;0;2;1;1;A01
201500014988;0;7;0;0;2;5;1;B01
201500014989;0;7;0;0;2;2;1;A01
201500014989;0;32;0;0;2;4;2;B01
201500014990;0;7;0;6;1;4;4;A01
201500014991;0;7;0;0;1;4;4;A01
201500014992;0;7;0;0;2;0;0;D01
201500014992;0;7;0;0;2;4;0;B01
201500014992;0;7;0;0;2;0;0;C01
201500014992;0;7;0;0;2;1;0;A01
201500014993;0;7;0;0;2;0;0;B01
201500014993;0;34;0;0;2;1;1;A01
201500014994;1;7;0;0;2;2;1;Z01
201500014994;0;34;0;0;2;1;0;A01
201500014995;0;7;0;0;2;7;9;A01
201500014995;0;34;0;0;2;8;1;B01
201500014996;1;30;0;0;1;1;1;Z01
201500014997;1;7;0;0;1;1;16;Z01
201500014998;0;34;0;0;2;1;5;A01
201500014998;0;7;0;0;2;6;19;B01
201500014999;0;7;0;8;0;3;1;A01
201500015000;0;7;0;0;1;2;14;A01
201500015001;0;7;0;0;2;2;1;B01
201500015001;0;34;0;0;2;1;1;A01
201500015002;0;7;0;0;2;2;1;A01
201500015002;0;37;0;0;2;2;1;B01
201500015003;0;7;0;0;2;1;2;B01
201500015003;0;7;0;0;2;1;15;A01
201500015004;0;33;0;0;2;7;1;B01
201500015004;0;7;0;0;2;1;16;A01
201500015005;0;7;0;0;2;1;2;A01
201500015005;0;7;0;0;2;1;2;B01
201500015006;0;7;0;0;2;3;15;A01
201500015006;0;7;0;0;2;3;1;B01
201500015007;0;7;0;0;2;4;2;A01
201500015007;0;7;0;0;2;4;2;B01
201500015008;0;7;0;0;2;7;16;B01
201500015008;0;7;0;0;2;1;1;A01
201500015009;0;31;0;0;2;6;1;B01
201500015009;0;7;0;0;2;1;15;A01
201500015010;0;37;0;0;2;3;1;B01
201500015010;0;7;0;0;2;3;1;A01
201500015011;0;7;0;0;2;7;12;A01
201500015011;0;32;0;0;2;3;0;B01
201500015012;0;33;0;0;0;0;1;A01
201500015013;0;7;0;0;2;1;1;B01
201500015013;0;33;0;0;2;0;0;C01
201500015013;0;7;0;0;2;9;0;A01
201500015014;0;7;0;0;2;3;9;A01
201500015014;0;33;0;0;2;1;15;B01
201500015015;0;14;0;4;0;1;1;A01
201500015016;0;7;0;0;2;2;1;B01
201500015016;0;30;0;0;2;3;5;A01
201500015017;0;7;0;0;2;1;2;A01
201500015017;0;32;0;0;2;4;2;B01
201500015018;0;31;0;0;2;1;2;B01
201500015018;0;7;0;16;0;4;16;A01
201500015019;0;33;0;0;2;3;17;A01
201500015019;0;7;0;0;2;1;15;B01
201500015020;0;30;0;0;2;1;1;B01
201500015020;1;7;0;0;0;0;0;Z01
201500015021;0;32;0;0;2;0;17;B01
201500015021;0;7;0;0;9;3;0;A01
201500015021;0;10;0;0;2;8;1;C01
201500015022;0;7;0;0;2;1;1;B01
201500015022;0;33;0;0;2;5;1;A01
201500015023;0;2;0;0;2;1;17;A01
201500015023;0;7;0;0;2;8;15;B01
201500015024;0;30;0;0;2;6;1;B01
201500015024;0;7;0;0;2;3;13;A01
201500015025;0;7;0;0;2;5;23;B01
201500015025;0;34;0;0;2;1;16;A01
201500015026;0;7;0;0;2;3;1;B01
201500015026;0;7;0;0;2;7;14;A01
201500015027;0;7;0;0;1;1;15;A01
201500015028;0;7;0;0;2;1;21;B01
201500015028;1;2;0;0;0;0;0;Z01
201500015029;0;7;0;9;2;8;19;A01
201500015029;0;7;0;9;2;1;1;B01
201500015030;0;30;0;0;2;1;3;B01
201500015030;0;7;0;0;2;3;15;A01
201500015031;0;7;0;0;2;4;1;B01
201500015031;0;7;0;0;2;1;1;A01
201500015032;0;33;0;12;0;1;15;A01
201500015033;0;7;0;0;2;1;1;A01
201500015033;0;7;0;0;2;4;0;B01
201500015034;0;32;0;0;1;1;0;A01
201500015035;1;7;0;0;1;0;0;Z01
201500015036;0;7;0;0;2;3;15;B01
201500015036;0;31;0;0;2;2;1;A01
201500015037;0;7;0;8;2;2;16;B01
201500015037;0;31;0;8;2;3;1;A01
201500015038;0;7;0;0;2;4;0;B01
201500015038;0;7;0;0;2;1;0;A01
201500015039;0;7;0;0;2;3;10;B01
201500015039;0;33;0;0;2;1;5;A01
201500015040;0;1;0;0;2;7;1;B01
201500015040;0;7;0;0;2;3;13;A01
201500015041;0;7;0;1;0;2;0;A01
201500015042;0;7;0;8;0;1;13;A01
201500015043;0;2;0;0;2;1;2;A01
201500015043;0;7;0;0;2;4;2;B01
201500015044;0;7;0;0;2;4;2;B01
201500015044;0;7;0;0;2;1;2;A01
201500015044;0;7;0;0;2;4;2;C01
201500015045;0;7;0;0;2;7;0;B01
201500015045;0;2;0;0;2;0;0;A01
201500015046;0;7;0;0;2;1;2;D01
201500015046;0;7;0;0;2;4;2;C01
201500015046;0;7;0;0;2;1;2;A01
201500015046;0;7;0;0;2;4;2;B01
201500015047;0;31;0;0;2;1;1;B01
201500015047;0;7;0;0;2;2;1;A01
201500015048;0;7;0;0;1;2;1;A01
201500015049;0;7;0;0;2;0;3;A01
201500015049;0;33;0;1;0;1;21;B01
201500015050;2;7;0;0;2;1;1;Z01
201500015050;0;7;0;0;2;2;1;A01
201500015051;1;31;0;0;1;0;1;Z01
201500015052;0;7;0;0;1;1;1;A01
201500015053;0;7;0;0;2;3;10;A01
201500015053;0;30;0;0;2;2;17;B01
201500015054;1;34;0;0;1;0;0;Z01
201500015055;0;7;0;0;1;0;0;A01
201500015056;0;32;0;0;2;1;1;A01
201500015056;0;7;0;0;2;0;1;B01
201500015057;0;7;0;0;2;5;1;B01
201500015057;0;7;0;0;2;2;10;A01
201500015058;0;34;0;0;2;2;1;B01
201500015058;0;7;0;0;2;7;15;A01
201500015059;0;32;0;0;0;4;23;B01
201500015059;0;7;0;0;2;2;2;A01
201500015060;0;7;0;8;0;3;6;A01
201500015061;0;7;0;0;2;3;1;B01
201500015061;0;7;0;0;2;3;13;A01
201500015062;0;32;0;0;2;7;1;B01
201500015062;0;10;0;0;2;4;4;A01
201500015063;0;7;0;0;2;8;15;B01
201500015063;0;34;0;0;2;9;17;A01
201500015064;0;15;0;0;2;3;1;B01
201500015064;0;7;0;0;2;8;15;A01
201500015065;0;1;0;0;2;4;1;B01
201500015065;0;10;0;0;2;2;1;A01
201500015065;0;1;0;0;2;0;1;C01
201500015066;0;7;0;0;1;0;1;A01
201500015067;0;7;0;0;2;1;1;B01
201500015067;0;7;0;0;2;4;0;A01
201500015068;0;7;0;0;2;4;1;B01
201500015068;0;7;0;0;2;1;2;A01
201500015069;0;7;0;0;2;3;1;B01
201500015069;0;7;0;0;2;2;15;A01
201500015070;1;7;0;0;1;0;0;Z01
201500015071;0;7;0;0;1;1;2;A01
201500015072;0;7;0;0;2;3;15;A01
201500015072;0;32;0;7;2;7;17;B01
201500015073;0;7;0;0;1;3;15;A01
201500015074;0;1;0;0;2;4;1;B01
201500015074;0;7;0;0;9;1;14;A01
201500015075;0;30;0;0;2;2;1;B01
201500015075;0;7;0;0;2;3;1;A01
201500015076;0;7;0;0;2;8;16;A01
201500015076;0;34;0;0;2;7;1;B01
201500015077;1;7;0;0;1;1;10;Z01
201500015078;0;2;0;0;1;1;1;A01
201500015079;0;7;0;0;2;5;1;B01
201500015079;1;7;0;0;2;8;0;Z01
201500015079;0;33;0;0;2;1;11;A01
201500015080;0;30;0;0;2;3;2;A01
201500015080;0;37;0;0;2;2;2;B01
201500015081;0;2;0;0;1;1;1;A01
201500015082;0;7;0;0;1;1;1;A01
201500015083;0;1;0;16;0;0;1;A01
201500015083;1;7;0;0;0;0;0;B01
201500015084;0;7;0;5;0;1;1;A01
201500015085;0;7;0;0;2;4;2;B01
201500015085;0;7;0;0;2;1;2;A01
201500015086;0;7;0;0;2;1;1;A01
201500015086;0;7;0;0;2;0;0;B01
201500015087;0;32;0;0;2;1;0;A01