num_acc;senc;catv;occutc;obs;obsm;choc;manv;num_veh
201500015087;0;1;0;0;2;4;0;B01
201500015088;0;7;0;0;1;1;1;A01
201500015089;0;7;0;0;2;7;15;A01
201500015089;0;2;0;0;2;1;1;B01
201500015090;0;7;0;0;2;8;13;A01
201500015090;0;30;0;0;2;7;2;B01
201500015091;0;7;0;0;2;4;15;B01
201500015091;0;34;0;0;2;1;17;A01
201500015092;0;7;0;0;2;5;1;A01
201500015092;1;7;0;0;2;1;0;Z01
201500015092;0;7;0;0;2;4;0;B01
201500015093;0;7;0;0;2;8;15;A01
201500015093;0;32;0;0;2;1;2;B01
201500015094;0;7;0;0;2;2;15;A01
201500015094;0;33;0;0;2;1;1;B01
201500015095;0;10;0;0;2;3;1;B01
201500015095;0;7;0;0;2;3;1;A01
201500015096;0;7;0;0;1;2;15;A01
201500015097;0;7;0;1;0;2;1;A01
201500015098;0;33;0;0;2;8;1;A01
201500015098;0;7;0;0;2;7;12;B01
201500015099;0;7;0;0;2;2;3;A01
201500015099;0;34;0;0;2;2;9;B01
201500015100;0;32;0;0;2;1;1;A01
201500015100;0;7;0;0;2;5;16;B01
201500015101;1;10;0;0;2;1;1;Z01
201500015101;0;7;0;0;2;4;1;B01
201500015102;0;7;0;0;2;4;2;C01
201500015102;0;7;0;0;2;6;0;B01
201500015102;0;33;0;0;2;1;21;A01
201500015103;0;33;0;0;2;1;1;B01
201500015103;0;10;0;0;2;2;0;A01
201500015104;0;37;0;0;2;3;1;B01
201500015104;0;7;0;0;2;2;16;A01
201500015105;0;7;0;0;1;2;1;A01
201500015106;1;33;0;0;0;0;0;A01
201500015107;0;33;0;0;9;0;0;A01
201500015108;0;2;0;0;2;4;2;A01
201500015108;0;7;0;0;2;4;0;B01
201500015109;0;32;0;0;2;4;23;B01
201500015109;0;7;0;0;2;1;1;A01
201500015110;0;7;0;0;2;3;1;B01
201500015110;1;7;0;0;2;1;16;Z01
201500015110;0;7;0;0;2;1;1;A01
201500015111;0;14;0;0;2;0;2;B01
201500015111;0;2;0;0;2;1;2;A01
201500015112;0;7;0;0;2;4;2;B01
201500015112;0;7;0;0;0;4;2;C01
201500015112;0;7;0;0;2;1;2;A01
201500015113;0;32;0;12;0;7;14;A01
201500015114;0;30;0;0;2;2;15;A01
201500015114;0;10;0;0;2;2;1;B01
201500015115;0;33;0;0;0;0;0;A01
201500015116;0;30;0;0;2;1;17;A01
201500015116;0;7;0;0;2;6;15;B01
201500015117;0;37;0;0;1;2;16;A01
201500015118;0;33;0;0;0;8;13;A01
201500015119;0;7;0;0;2;3;14;A01
201500015119;0;34;0;0;2;0;1;B01
201500015120;0;31;0;0;2;1;1;A01
201500015120;0;7;0;0;2;3;15;B01
201500015121;0;2;0;0;2;1;1;B01
201500015121;0;7;0;0;2;5;0;A01
201500015122;0;7;0;0;2;8;10;A01
201500015122;0;34;0;0;2;1;2;B01
201500015123;0;14;0;0;2;1;2;A01
201500015123;0;7;0;0;2;4;2;B01
201500015124;0;30;0;0;2;2;13;A01
201500015124;0;7;0;0;2;3;9;B01
201500015125;0;7;0;0;1;1;1;A01
201500015126;0;7;0;0;1;6;15;A01
201500015127;0;7;0;0;2;6;0;A01
201500015127;0;33;0;0;2;0;0;B01
201500015128;0;7;0;0;2;2;2;A01
201500015128;0;10;0;0;2;3;2;B01
201500015129;0;34;0;0;9;1;1;A01
201500015130;0;7;0;0;2;5;2;B01
201500015130;0;33;0;0;2;1;2;A01
201500015131;0;34;0;0;2;7;1;A01
201500015131;0;7;0;0;2;6;13;B01
201500015132;0;7;0;0;2;0;0;A01
201500015132;0;7;0;0;2;3;1;B01
201500015132;0;7;0;0;2;0;0;C01
201500015133;0;10;0;0;2;0;5;A01
201500015133;0;30;0;0;2;7;23;B01
201500015134;1;7;0;0;1;0;1;Z01
201500015135;0;7;0;0;2;3;13;A01
201500015135;0;7;0;0;2;8;1;B01
201500015136;1;7;0;0;2;1;1;Z01
201500015136;0;7;0;0;2;4;1;A01
201500015137;0;7;0;0;2;6;15;A01
201500015137;0;33;0;0;2;0;2;B01
201500015138;1;7;0;0;1;3;14;A01
201500015138;1;7;0;0;2;0;1;Z01
201500015139;0;7;0;0;2;1;11;A01
201500015139;0;30;0;0;2;0;0;B01
201500015140;0;10;0;0;2;2;1;B01
201500015140;0;7;0;0;2;7;15;A01
201500015141;1;1;0;0;1;0;1;Z01
201500015142;0;7;0;8;2;2;17;A01
201500015142;0;7;0;0;2;3;1;B01
201500015143;0;10;0;0;2;4;23;B01
201500015143;0;10;0;0;2;1;2;A01
201500015144;0;10;0;0;1;1;15;A01
201500015145;0;37;0;0;2;2;3;A01
201500015145;0;2;0;0;2;8;0;B01
201500015146;0;32;0;0;2;1;13;A01
201500015146;0;7;0;0;2;3;1;B01
201500015147;0;7;0;0;2;6;15;B01
201500015147;0;33;0;0;2;1;1;A01
201500015148;0;7;0;0;1;1;0;A01
201500015149;0;32;0;0;2;1;1;A01
201500015149;0;32;0;0;0;4;16;B01
201500015150;0;33;0;0;2;2;0;B01
201500015150;0;7;0;0;2;3;15;A01
201500015151;0;33;0;0;2;2;15;A01
201500015151;0;7;0;0;2;1;2;B01
201500015152;1;7;0;0;1;3;17;A01
201500015153;0;7;0;0;2;3;15;B01
201500015153;0;30;0;0;2;1;17;A01
201500015154;0;2;0;0;2;1;2;B01
201500015154;0;7;0;0;2;3;2;A01
201500015155;0;7;0;0;1;4;4;A01
201500015156;0;7;0;0;2;2;16;A01
201500015156;0;32;0;0;2;1;1;B01
201500015157;0;7;0;0;2;6;15;A01
201500015157;0;32;0;0;2;7;15;B01
201500015158;0;7;0;0;2;1;2;B01
201500015158;0;7;0;0;2;4;1;A01
201500015159;0;7;0;0;2;1;16;A01
201500015159;0;7;0;0;2;7;1;B01
201500015160;0;7;0;0;2;1;2;A01
201500015160;0;7;0;0;2;4;2;B01
201500015161;0;32;0;0;2;1;12;B01
201500015161;0;7;0;0;2;5;2;C01
201500015161;0;7;0;0;2;0;7;A01
201500015162;1;7;0;0;0;0;0;Z01
201500015162;0;30;0;0;2;8;1;A01
201500015163;0;7;0;0;2;1;2;A01
201500015163;0;7;0;0;2;4;2;B01
201500015164;0;7;0;0;2;5;14;B01
201500015164;0;34;0;0;2;8;18;A01
201500015165;0;7;0;0;1;2;17;A01
201500015166;0;7;0;0;2;4;1;B01
201500015166;0;7;0;0;2;1;1;A01
201500015167;0;7;0;0;2;1;9;A01
201500015167;0;34;0;0;2;1;9;B01
201500015168;0;7;0;0;1;5;4;A01
201500015169;0;33;0;8;0;1;1;A01
201500015170;0;7;0;0;2;3;1;B01
201500015170;0;14;0;0;2;2;14;A01
201500015171;2;7;0;1;0;1;2;Z01
201500015171;0;2;0;0;2;4;2;A01
201500015172;0;32;0;0;2;1;1;B01
201500015172;0;30;0;0;2;8;9;A01
201500015173;0;32;0;0;2;1;1;A01
201500015173;0;13;0;0;2;7;14;B01
201500015174;0;7;0;0;1;0;0;A01
201500015175;0;7;0;0;2;1;9;A01
201500015175;0;10;0;0;2;5;1;B01
201500015176;0;33;0;0;2;3;2;B01
201500015176;0;13;0;0;2;3;2;A01
201500015177;0;7;0;0;2;1;1;B01
201500015177;1;7;0;0;2;8;1;Z01
201500015178;0;2;0;0;2;1;1;A01
201500015178;1;2;0;0;2;1;5;Z01
201500015179;1;7;0;0;2;1;1;Z01
201500015179;0;7;0;8;2;7;1;B01
201500015180;0;7;0;0;2;3;1;B01
201500015180;0;7;0;0;2;2;15;A01
201500015181;0;7;0;0;1;1;2;A01
201500015182;0;7;0;0;1;2;0;A01
201500015183;0;7;0;0;0;2;2;A01
201500015183;0;1;0;0;2;1;2;B01
201500015184;0;10;0;0;2;2;1;A01
201500015184;0;7;0;0;2;6;1;B01
201500015185;0;7;0;0;2;3;15;A01
201500015185;0;33;0;12;2;2;1;B01
201500015186;0;30;0;0;0;0;0;A01
201500015187;0;13;0;0;2;1;2;A01
201500015187;0;7;0;0;2;4;16;B01
201500015188;0;7;0;0;1;1;1;A01
201500015189;0;7;0;0;2;2;1;B01
201500015189;0;33;0;0;2;6;0;A01
201500015190;0;7;0;0;2;7;15;A01
201500015190;0;2;0;0;2;0;0;B01
201500015191;0;34;0;0;2;0;0;B01
201500015191;0;10;0;0;2;4;4;A01
201500015192;0;33;0;0;2;1;13;B01
201500015192;0;7;0;0;2;1;15;A01
201500015193;0;7;0;0;2;7;2;A01
201500015193;0;33;0;0;2;8;2;B01
201500015194;0;2;0;0;2;1;1;A01
201500015194;0;7;0;0;2;7;15;B01
201500015195;0;34;0;0;2;1;1;B01
201500015195;0;33;0;0;2;8;1;C01
201500015195;1;7;0;0;2;8;15;A01
201500015196;0;7;0;15;0;0;1;A01
201500015197;0;32;0;0;2;2;17;A01
201500015197;1;7;0;0;2;8;0;Z01
201500015198;0;33;0;0;0;3;0;A01
201500015199;1;7;0;0;1;1;2;Z01
201500015200;0;34;0;0;2;1;1;A01
201500015200;1;7;0;0;0;0;0;Z01
201500015201;0;34;0;0;1;1;16;A01
201500015202;0;7;0;0;2;6;15;B01
201500015202;0;30;0;0;2;8;0;A01
201500015203;0;10;0;0;2;8;16;A01
201500015203;0;34;0;0;2;7;0;B01
201500015204;1;32;0;0;1;0;0;Z01
201500015205;0;33;0;1;0;1;1;A01
201500015206;0;2;0;1;2;1;5;A01
201500015206;0;37;0;1;2;1;0;B01
201500015207;0;37;0;0;2;2;1;A01
201500015207;0;7;0;0;2;3;19;B01
201500015208;0;7;0;0;2;3;1;B01
201500015208;0;7;0;0;2;1;1;A01
201500015209;0;7;0;0;2;2;1;B01
201500015209;0;7;0;0;2;3;15;A01
201500015210;1;7;0;0;2;3;15;Z01
201500015210;0;34;0;0;2;6;2;B01
201500015211;0;31;0;0;2;0;1;A01
201500015212;0;7;0;0;1;2;2;A01
201500015213;0;34;0;0;2;5;1;B01
201500015213;0;7;0;0;2;2;15;A01
201500015214;0;30;0;0;2;7;2;B01
201500015214;0;7;0;0;2;3;20;A01
201500015215;0;7;0;0;2;1;1;B01
201500015215;0;32;0;0;2;7;17;A01
201500015216;0;7;0;0;1;1;1;A01
201500015217;0;33;0;0;2;0;0;B01
201500015217;1;7;0;0;0;0;0;Z01
201500015218;0;10;0;0;2;8;15;B01
201500015218;0;2;0;0;2;1;17;A01
201500015219;2;7;0;1;0;1;14;A01
201500015220;0;7;0;0;2;4;2;B01
201500015220;0;7;0;0;2;1;2;A01
201500015220;0;7;0;0;2;4;2;C01
201500015221;0;32;0;1;0;1;21;A01
201500015221;0;7;0;0;2;0;0;B01
201500015222;0;34;0;0;1;1;0;A01
201500015223;0;32;0;0;1;1;1;A01
201500015224;0;7;0;0;2;1;15;A01
201500015224;0;34;0;0;2;1;1;B01
201500015225;0;7;0;0;1;4;4;A01
201500015226;0;32;0;0;2;1;1;A01
201500015226;0;7;0;0;2;5;1;B01
201500015227;0;13;0;0;2;1;1;A01
201500015227;0;10;0;0;2;4;1;B01
201500015228;0;1;0;0;2;0;0;B01
201500015228;0;10;0;0;2;0;0;A01
201500015229;0;7;0;0;2;3;24;B01
201500015229;0;37;0;1;0;2;1;A01
201500015230;0;30;0;0;2;1;2;A01
201500015230;0;7;0;0;2;7;2;B01
201500015231;0;33;0;0;2;1;1;B01
201500015231;0;7;0;0;2;8;9;A01
201500015232;0;7;0;0;2;3;15;A01
201500015232;0;30;0;0;2;2;2;B01
201500015233;0;7;0;0;1;1;17;A01
201500015234;0;33;0;0;2;1;2;B01
201500015234;0;7;0;0;2;2;15;A01
201500015235;0;7;0;0;9;3;9;A01
201500015235;0;1;0;0;2;7;2;B01
201500015236;0;7;0;0;1;1;1;A01
201500015237;0;32;0;0;2;8;1;A01
201500015237;1;7;0;0;2;0;0;Z01
201500015238;0;10;0;0;1;1;1;A01
201500015239;0;32;0;0;1;1;11;B01
201500015240;0;7;0;0;2;1;1;A01
201500015240;0;7;0;0;2;4;1;B01
201500015241;0;7;0;0;2;3;11;A01
201500015241;0;37;0;0;2;2;1;B01
201500015242;0;7;0;0;2;8;15;A01
201500015242;0;30;0;0;2;7;17;B01
201500015243;0;33;0;0;2;1;1;A01
201500015243;0;7;0;0;2;6;15;B01
201500015244;0;7;0;0;2;7;16;B01
201500015244;0;34;0;0;2;1;18;A01
201500015245;0;34;0;0;2;3;2;B01
201500015245;0;7;0;0;2;6;17;A01
201500015246;0;7;0;0;1;2;1;A01
201500015247;0;7;0;0;1;1;15;A01
201500015248;0;33;0;0;0;1;0;A01
201500015249;0;7;0;0;2;3;13;A01
201500015249;0;7;0;0;2;5;1;B01
201500015250;0;7;0;0;2;6;10;A01
201500015250;0;34;0;0;2;1;1;B01
201500015251;0;30;0;0;2;1;2;A01
201500015251;0;7;0;0;2;4;23;B01
201500015252;0;33;0;0;2;3;2;B01
201500015252;2;7;0;0;2;3;15;A01
201500015253;0;33;0;0;2;2;2;B01
201500015253;0;7;0;0;2;3;15;A01
201500015254;0;7;0;6;0;4;4;A01
201500015255;2;7;0;0;2;1;1;Z01
201500015255;0;7;0;0;2;2;1;B01
201500015256;0;7;0;0;2;1;1;C01
201500015256;0;34;0;0;2;2;17;A01
201500015256;0;7;0;0;2;3;0;B01
201500015257;0;31;0;0;2;1;1;B01
201500015257;0;7;0;0;2;4;15;A01
201500015258;1;7;0;0;1;0;0;Z01
201500015259;0;7;0;0;2;2;16;A01
201500015259;0;33;0;0;2;4;23;B01
201500015260;0;30;0;0;0;0;11;A01
201500015261;0;37;0;0;1;7;1;A01
201500015262;0;34;0;0;2;1;1;B01
201500015262;0;7;0;0;2;5;19;A01
201500015263;0;7;0;0;2;1;1;A01
201500015263;0;7;0;0;0;4;0;B01
201500015263;0;7;0;0;2;4;2;C01
201500015264;0;10;0;0;2;6;15;A01
201500015264;0;33;0;0;2;1;1;B01
201500015265;0;7;0;0;2;2;15;A01
201500015265;0;32;0;0;2;1;1;B01
201500015266;0;7;0;0;2;7;9;A01
201500015266;0;31;0;0;2;1;1;B01
201500015267;0;34;0;1;0;1;5;A01
201500015268;0;7;0;0;2;8;0;A01
201500015268;0;2;0;0;2;7;0;B01
201500015269;0;32;0;0;9;8;0;A01
201500015270;0;10;0;0;2;1;15;A01
201500015270;0;7;0;0;2;7;1;B01
201500015271;0;7;0;0;2;1;1;B01
201500015272;0;33;0;0;2;1;2;A01
201500015272;0;7;0;0;2;4;2;B01
201500015273;0;7;0;0;1;3;2;A01
201500015274;0;34;0;0;2;1;0;B01
201500015274;0;7;0;0;2;7;0;A01
201500015275;0;7;0;0;1;7;0;A01
201500015276;0;32;0;0;2;1;8;A01
201500015276;0;7;0;0;2;2;15;B01
201500015277;0;7;0;0;2;2;12;A01
201500015277;0;34;0;0;2;3;1;B01
201500015278;0;30;0;0;2;1;1;A01
201500015278;0;7;0;0;2;6;1;B01
201500015279;0;30;0;0;2;7;1;B01
201500015279;0;7;0;0;2;3;16;A01
201500015280;0;32;0;0;2;1;1;B01
201500015280;0;7;0;0;2;8;1;A01
201500015281;0;7;0;15;0;3;0;A01
201500015282;1;7;0;0;2;4;1;C01
201500015282;1;7;0;0;2;1;0;A01
201500015282;0;7;0;0;2;4;1;B01
201500015283;0;7;0;0;2;4;23;B01
201500015283;0;7;0;0;2;1;2;A01
201500015284;0;7;0;0;2;7;15;A01
201500015284;0;7;0;0;2;8;1;B01
201500015285;0;33;0;0;2;1;1;B01
201500015285;0;7;0;0;2;3;15;A01
201500015286;0;31;0;0;2;1;1;A01
201500015286;1;7;0;0;2;2;5;Z01
201500015287;0;7;0;0;2;3;15;B01
201500015287;0;7;0;0;2;1;15;A01
201500015288;0;7;0;0;2;1;2;A01
201500015288;0;7;0;0;2;4;2;B01
201500015289;0;32;0;0;2;1;1;B01
201500015289;0;7;0;0;2;3;15;A01
201500015290;0;31;0;0;0;0;0;A01
201500015291;0;7;0;0;2;8;1;B01
201500015291;0;10;0;0;2;1;1;A01
201500015292;0;7;0;8;0;1;1;A01
201500015293;1;7;0;0;2;6;15;B01
201500015293;0;31;0;0;2;1;3;A01
201500015294;0;7;0;0;1;0;16;A01
201500015295;0;33;0;0;2;1;17;B01
201500015295;0;7;0;0;2;8;15;A01
201500015296;0;7;0;0;2;2;9;B01
201500015296;0;30;0;0;2;1;17;A01
201500015297;0;30;0;0;2;8;15;A01
201500015297;1;7;0;0;2;0;0;Z01
201500015298;0;7;0;0;2;1;2;A01
201500015298;0;34;0;0;2;4;23;B01
201500015299;1;7;0;0;1;0;0;Z01
201500015300;1;7;0;0;1;1;1;Z01
201500015301;0;7;0;0;2;8;15;B01
201500015301;0;33;0;0;2;3;1;A01
201500015302;0;30;0;0;2;2;17;B01
201500015302;0;7;0;0;2;3;15;A01
201500015303;0;7;0;0;2;3;2;B01
201500015303;0;7;0;0;2;1;15;A01
201500015304;0;7;0;0;2;3;15;B01
201500015304;0;30;0;0;2;1;17;A01
201500015305;0;7;0;0;2;1;19;A01
201500015305;0;30;0;0;2;2;1;B01
201500015306;0;7;0;0;2;2;13;A01
201500015306;0;7;0;0;2;8;21;B01
201500015307;0;33;0;0;2;1;2;A01
201500015307;0;7;0;0;2;5;15;B01
201500015308;0;7;0;16;0;0;0;A01
201500015308;0;33;0;0;2;0;0;B01
201500015309;0;7;0;0;2;4;1;B01
201500015309;0;7;0;0;2;1;1;A01
201500015310;0;7;0;0;2;4;2;B01
201500015310;0;7;0;0;2;1;2;A01
201500015311;0;7;0;0;2;3;15;B01
201500015311;0;7;0;0;2;1;1;A01
201500015312;0;10;0;0;2;3;0;B01
201500015312;0;10;0;0;2;7;16;A01
201500015313;0;7;0;0;2;3;11;A01
201500015313;0;33;0;0;2;1;17;B01
201500015314;0;13;0;0;1;0;1;A01
201500015315;0;7;0;0;2;7;15;A01
201500015315;0;32;0;0;2;1;1;B01
201500015316;0;7;0;0;1;1;1;A01
201500015317;0;2;0;12;0;3;0;A01
201500015318;0;7;0;16;0;1;0;A01
201500015319;0;7;0;0;2;0;0;B01
201500015319;0;30;0;0;2;0;0;A01
201500015320;0;3;0;0;2;0;0;E01
201500015320;0;7;0;0;2;0;0;A01
201500015320;0;7;0;0;2;3;0;F01
201500015321;0;33;0;0;2;7;3;A01
201500015321;0;7;0;0;2;2;15;B01
201500015322;1;7;0;0;2;3;20;Z01
201500015322;0;34;0;0;2;7;1;B01
201500015323;0;33;0;0;1;1;1;A01
201500015324;0;7;0;0;2;3;13;A01
201500015324;0;33;0;0;2;2;17;B01
201500015325;0;7;0;0;2;3;15;A01
201500015325;0;31;0;0;2;2;1;B01
201500015326;0;7;0;0;1;3;15;A01
201500015327;0;7;0;1;1;2;1;A01
201500015328;0;7;0;0;2;4;1;B01
201500015328;1;30;0;0;2;1;1;A01
201500015329;0;7;0;0;2;1;2;A01
201500015329;0;7;0;0;2;4;2;B01
201500015330;0;7;0;0;0;0;21;B01
201500015330;0;34;0;0;0;0;21;A01
201500015331;0;7;0;0;2;3;15;A01
201500015331;0;32;0;0;2;8;1;B01
201500015332;0;7;0;0;2;1;2;A01
201500015332;0;7;0;0;2;4;2;B01
201500015333;0;7;0;0;2;9;9;A01
201500015333;0;7;0;0;2;1;1;B01
201500015334;0;33;0;0;2;2;21;B01
201500015334;0;7;0;0;2;8;15;A01
201500015335;1;7;0;0;2;3;11;Z01
201500015335;0;33;0;0;2;2;1;A01
201500015336;0;34;0;0;2;6;1;A01
201500015336;0;10;0;0;2;0;1;B01
201500015337;0;2;0;0;0;0;0;A01
201500015338;0;2;0;15;0;2;1;A01
201500015339;0;33;0;0;2;3;14;A01
201500015340;0;7;0;0;2;4;2;C01
201500015340;0;7;0;0;0;4;2;D01
201500015340;0;7;0;0;2;1;2;A01
201500015340;0;7;0;0;2;4;2;B01
201500015341;0;7;0;0;1;4;4;A01
201500015342;0;40;0;0;1;2;1;A01
201500015343;0;1;0;0;2;1;5;A01
201500015343;0;7;0;0;2;2;1;B01
201500015344;1;7;0;0;2;1;1;B01
201500015344;0;7;0;1;2;5;19;A01
201500015345;0;30;0;0;2;2;1;B01
201500015345;0;7;0;0;2;3;1;A01
201500015346;1;7;0;0;1;0;1;Z01
201500015347;0;30;0;0;2;1;9;A01
201500015347;0;33;0;0;2;1;1;B01
201500015348;0;7;0;0;2;1;2;A01
201500015348;0;34;0;0;2;4;2;B01
201500015349;0;7;0;0;2;1;2;A01
201500015349;0;7;0;0;2;4;2;B01
201500015349;0;13;0;0;2;4;2;C01
201500015350;0;7;0;0;2;1;1;B01
201500015350;0;7;0;0;2;7;13;A01
201500015351;0;7;0;13;0;2;1;A01
201500015352;0;2;0;0;2;0;17;A01
201500015352;0;7;0;0;2;8;10;B01
201500015353;1;7;0;0;2;0;13;Z01
201500015353;0;30;0;0;2;6;3;A01
201500015354;0;7;0;0;2;1;15;A01
201500015354;0;7;0;0;2;7;1;B01
201500015355;0;7;0;2;0;1;1;A01
201500015356;0;7;0;0;1;3;1;A01
201500015357;0;33;0;0;1;3;0;A01
201500015358;0;7;0;0;2;8;15;A01
201500015358;0;33;0;0;2;1;17;B01
201500015359;0;30;0;0;2;2;0;A01
201500015359;0;7;0;0;2;0;0;B01
201500015360;0;7;0;0;2;3;15;A01
201500015360;0;7;0;0;2;3;16;B01
201500015361;0;32;0;0;1;1;17;A01
201500015362;0;7;0;16;1;2;15;A01
201500015363;0;7;0;0;1;1;0;A01
201500015364;0;33;0;0;2;7;17;A01
201500015365;1;7;0;0;1;1;1;Z01
201500015366;0;7;0;0;2;1;1;B01
201500015366;0;7;0;0;2;4;1;A01
201500015367;0;33;0;0;2;1;0;A01
201500015367;0;7;0;0;2;3;0;B01
201500015368;0;7;0;0;2;2;17;A01
201500015368;0;7;0;0;2;6;2;B01
201500015369;0;30;0;0;2;7;15;B01
201500015369;1;7;0;0;2;2;1;Z01
201500015370;0;2;0;0;2;0;0;A01
201500015370;0;7;0;0;2;6;4;B01
201500015371;0;7;0;0;2;7;0;A01
201500015371;0;2;0;0;2;3;2;B01
201500015372;0;7;0;0;2;2;1;A01
201500015372;0;31;0;0;2;6;3;B01
201500015373;0;7;0;0;2;0;0;C01
201500015373;0;7;0;0;2;0;15;A01
201500015373;0;7;0;0;2;3;1;B01
201500015374;0;2;0;0;2;8;1;A01
201500015374;1;7;0;0;2;3;2;Z01
201500015375;0;7;0;0;2;1;1;A01
201500015375;0;7;0;0;2;6;0;C01
201500015375;0;7;0;0;2;3;1;B01
201500015376;0;33;0;0;0;7;17;A01
201500015376;0;7;0;0;2;1;19;B01
201500015377;0;7;0;0;2;6;23;B01
201500015377;0;33;0;12;2;9;17;A01
201500015378;0;7;0;0;2;3;13;A01
201500015378;0;7;0;0;2;5;1;B01
201500015379;0;7;0;0;1;3;1;A01
201500015380;0;7;0;0;2;3;1;B01
201500015380;0;34;0;0;2;1;21;A01
201500015381;0;34;0;0;1;3;1;A01
201500015382;0;7;0;0;1;2;0;A01
201500015383;0;14;0;9;0;1;1;A01
201500015384;0;30;0;0;1;1;1;A01
201500015385;0;7;0;0;2;0;0;A01
201500015385;0;33;0;0;2;8;1;B01
201500015385;1;7;0;0;2;4;4;Z01
201500015386;1;32;0;0;2;0;0;Z01
201500015386;0;34;0;0;2;4;2;A01
201500015387;0;7;0;0;2;1;1;B01
201500015387;0;7;0;0;2;6;15;A01
201500015388;0;2;0;0;2;1;17;B01
201500015388;0;7;0;0;2;3;15;A01
201500015389;0;3;0;9;0;0;0;A01
201500015390;0;30;0;0;2;1;1;B01
201500015390;0;7;0;0;2;0;15;A01
201500015391;0;7;0;0;2;1;1;A01
201500015391;0;7;0;0;2;1;1;B01
201500015392;0;7;0;0;2;6;0;B01
201500015392;0;33;0;8;2;1;0;A01
201500015393;0;7;0;0;2;3;13;A01
201500015393;0;7;0;0;0;0;0;B01
201500015394;0;7;0;0;2;8;15;A01
201500015394;0;32;0;0;2;1;17;B01
201500015395;0;7;0;0;2;6;23;B01
201500015395;0;30;0;0;2;1;2;A01
201500015396;0;7;0;0;2;3;1;B01
201500015396;0;31;0;0;2;0;0;A01
201500015397;0;30;0;0;2;0;1;B01
201500015397;0;7;0;0;2;1;15;A01
201500015398;0;7;0;0;2;4;1;A01
201500015398;0;10;0;0;2;3;15;B01
201500015399;0;7;0;12;0;3;14;A01
201500015400;1;33;0;0;1;1;1;Z01
201500015401;0;2;0;0;2;0;0;B01
201500015401;0;10;0;0;2;0;0;C01
201500015401;0;7;0;0;2;1;2;A01
201500015402;0;34;0;0;9;1;1;A01
201500015403;0;7;0;0;2;2;15;A01
201500015403;0;32;0;0;2;1;1;B01
201500015404;0;1;0;0;0;0;1;A01
201500015405;0;30;0;0;2;4;23;B01
201500015405;0;7;0;0;2;0;1;A01
201500015406;0;7;0;0;2;4;23;B01
201500015406;0;7;0;0;2;4;23;C01
201500015406;0;7;0;0;2;1;2;A01
201500015407;0;7;0;0;2;3;1;A01
201500015407;0;33;0;0;2;1;13;B01
201500015408;0;7;0;1;2;0;1;B01
201500015408;0;7;0;0;2;2;2;A01
201500015409;0;7;0;0;1;1;1;A01
201500015410;0;7;0;0;2;1;2;A01
201500015410;0;30;0;0;2;4;0;B01
201500015411;0;7;0;0;2;2;15;B01
201500015411;0;33;0;0;2;1;1;A01
201500015412;0;7;0;0;2;1;1;A01
201500015412;0;7;0;0;2;4;1;C01
201500015412;0;7;0;0;2;4;1;B01
201500015413;1;10;0;0;1;4;4;Z01
201500015414;0;33;0;0;0;8;15;A01
201500015415;0;34;0;0;2;1;1;B01
201500015415;0;7;0;0;2;3;1;A01
201500015416;0;7;0;0;2;0;0;B01
201500015416;0;7;0;8;0;2;1;A01
201500015417;0;7;0;0;2;3;0;B01
201500015417;0;30;0;0;2;0;0;A01
201500015418;0;7;0;0;2;4;2;B01
201500015418;0;7;0;0;2;1;2;A01
201500015418;0;7;0;0;2;4;2;C01
201500015419;0;7;0;8;0;1;14;A01
201500015420;0;7;0;0;2;1;1;C01
201500015420;0;7;0;0;2;1;9;A01
201500015420;0;7;0;0;2;6;0;B01
201500015421;0;31;0;0;0;0;0;A01
201500015422;0;7;0;0;2;0;0;A01
201500015422;0;31;0;0;2;0;0;B01
201500015423;0;7;0;0;2;6;0;A01
201500015423;0;32;0;0;2;1;0;B01
201500015424;0;33;0;0;2;3;1;B01
201500015424;0;7;0;0;2;3;15;A01
201500015425;0;32;0;0;2;2;1;B01
201500015425;0;7;0;0;2;2;15;A01
201500015426;0;7;0;14;2;0;0;B01
201500015426;1;7;0;0;2;4;2;Z01
201500015427;0;7;0;0;2;3;16;A01
201500015427;0;7;0;0;2;7;1;B01
201500015428;0;7;0;0;2;7;15;A01
201500015428;0;33;0;0;2;1;1;B01
201500015429;0;10;0;8;2;1;1;B01
201500015429;0;7;0;0;2;7;16;A01
201500015430;0;7;0;0;1;0;0;A01
201500015431;0;33;0;0;0;1;0;A01
201500015431;0;7;0;0;2;3;0;B01
201500015432;0;7;0;0;1;2;13;A01
201500015433;0;7;0;0;2;0;0;A01
201500015433;0;32;0;0;2;1;0;B01
201500015434;0;2;0;0;2;1;1;B01
201500015434;0;7;0;0;2;5;15;A01
201500015435;0;33;0;0;1;1;0;A01
201500015436;1;7;0;0;2;1;0;Z01
201500015436;0;33;0;0;2;1;0;A01
201500015437;0;2;0;0;2;1;0;B01
201500015437;0;31;0;0;2;0;0;A01
201500015438;0;34;0;0;1;1;1;A01
201500015439;1;32;0;0;1;0;0;Z01
201500015440;0;7;0;0;2;1;0;A01
201500015440;0;7;0;0;2;7;0;B01
201500015441;0;7;0;0;1;3;0;A01
201500015442;0;7;0;0;2;2;21;A01
201500015442;0;7;0;0;2;1;9;B01
201500015443;0;2;0;0;0;1;2;A01