num_acc;senc;catv;occutc;obs;obsm;choc;manv;num_veh
201500015444;1;7;0;0;2;5;14;Z01
201500015444;0;34;0;0;2;3;1;A01
201500015445;0;7;0;0;2;0;0;B01
201500015445;0;2;0;0;2;0;0;A01
201500015446;0;7;0;0;2;0;0;A01
201500015446;0;7;0;0;2;4;0;C01
201500015446;0;7;0;0;2;0;0;B01
201500015447;0;7;0;0;2;3;20;A01
201500015447;0;7;0;0;2;3;0;B01
201500015448;0;7;0;0;2;4;1;A01
201500015448;1;7;0;0;2;1;0;Z01
201500015449;0;31;0;0;2;1;0;A01
201500015449;0;7;0;0;2;2;0;B01
201500015450;0;7;0;0;2;2;2;A01
201500015450;0;7;0;0;2;6;1;B01
201500015451;0;32;0;0;1;1;16;A01
201500015452;0;7;0;0;2;8;1;B01
201500015452;0;32;0;0;1;1;17;A01
201500015453;1;7;0;0;1;1;1;Z01
201500015454;1;2;0;0;1;1;0;Z01
201500015455;0;10;0;0;2;3;15;A01
201500015455;0;32;0;0;2;2;1;B01
201500015456;0;7;0;2;0;2;1;A01
201500015457;0;7;0;0;2;4;0;C01
201500015457;0;7;0;0;2;4;1;B01
201500015457;0;10;0;0;2;1;1;A01
201500015458;0;7;0;0;2;6;20;A01
201500015458;0;30;0;0;2;0;0;B01
201500015459;0;32;0;0;2;1;17;A01
201500015459;0;7;0;0;2;3;15;B01
201500015460;0;7;0;0;2;6;1;B01
201500015460;0;17;0;0;2;8;15;A01
201500015461;0;7;0;0;2;0;0;B01
201500015461;0;7;0;0;2;7;16;A01
201500015462;0;30;0;0;0;0;2;A01
201500015463;0;7;0;0;1;2;1;A01
201500015464;0;33;0;0;0;0;1;A01
201500015465;0;34;0;0;2;1;2;B01
201500015465;0;30;0;0;2;1;5;A01
201500015466;0;7;0;0;2;2;9;A01
201500015466;0;1;0;0;2;7;1;B01
201500015467;0;30;0;0;2;0;0;A01
201500015467;1;7;0;0;2;0;0;Z01
201500015468;0;7;0;0;2;1;13;A01
201500015468;0;7;0;0;2;1;2;B01
201500015469;0;7;0;0;2;2;17;A01
201500015469;0;7;0;0;2;6;1;B01
201500015470;0;7;0;0;1;3;1;A01
201500015471;0;7;0;0;2;0;0;B01
201500015471;0;7;0;0;2;1;1;A01
201500015472;1;1;0;0;2;1;1;Z01
201500015472;0;32;0;0;2;8;20;A01
201500015473;1;7;0;0;1;1;0;Z01
201500015474;0;7;0;8;0;1;1;A01
201500015475;0;32;0;0;2;1;1;B01
201500015475;1;7;0;0;2;0;0;Z01
201500015476;0;7;0;0;2;2;1;B01
201500015476;0;2;0;1;2;3;3;A01
201500015477;0;7;0;0;1;1;1;A01
201500015478;0;7;0;0;2;1;2;B01
201500015478;0;7;0;0;2;7;15;A01
201500015479;0;7;0;9;0;1;1;A01
201500015480;1;32;0;0;1;1;1;Z01
201500015481;0;7;0;0;2;1;2;A01
201500015481;0;7;0;0;2;4;2;B01
201500015482;0;7;0;0;2;1;0;A01
201500015482;0;7;0;0;2;4;1;B01
201500015483;0;7;0;0;2;1;1;A01
201500015483;0;7;0;0;2;0;5;B01
201500015484;0;7;0;0;1;1;1;A01
201500015485;0;33;0;0;2;1;1;B01
201500015485;0;7;0;0;2;3;5;A01
201500015486;0;33;0;0;2;1;1;B01
201500015486;0;7;0;0;2;1;9;A01
201500015487;0;7;0;0;2;3;15;A01
201500015487;0;34;0;0;2;1;13;B01
201500015488;0;7;0;0;2;3;21;A01
201500015488;1;7;0;0;2;0;0;Z01
201500015489;0;34;0;0;1;1;1;A01
201500015490;0;99;0;0;2;4;2;A01
201500015490;0;32;0;0;2;1;2;B01
201500015491;0;2;0;0;2;1;2;A01
201500015491;0;7;0;0;2;6;15;B01
201500015492;1;7;0;0;1;0;0;Z01
201500015493;0;10;0;0;2;4;0;B01
201500015493;0;7;0;0;2;3;2;A01
201500015494;0;14;0;0;1;6;4;A01
201500015495;1;7;0;0;1;4;4;A01
201500015496;0;37;0;0;0;0;0;B01
201500015496;1;7;0;0;0;0;0;Z01
201500015497;1;33;0;0;1;0;0;Z01
201500015498;0;7;0;0;2;1;16;A01
201500015498;0;7;0;0;2;3;1;B01
201500015499;0;33;0;0;2;1;1;A01
201500015499;1;7;0;0;2;0;10;Z01
201500015500;0;30;0;0;2;7;1;B01
201500015500;1;7;0;0;2;0;20;Z01
201500015501;0;34;0;0;2;8;1;A01
201500015501;1;7;0;0;2;3;10;Z01
201500015502;0;30;0;0;2;1;1;A01
201500015502;1;7;0;0;2;8;15;Z01
201500015503;0;7;0;0;2;6;15;B01
201500015503;0;7;0;0;2;2;2;A01
201500015504;0;7;0;0;2;3;1;A01
201500015504;1;7;0;0;2;7;14;Z01
201500015505;0;7;0;0;2;3;1;A01
201500015505;0;32;0;0;2;8;17;B01
201500015506;0;31;0;0;2;4;1;B01
201500015506;0;7;0;0;2;1;1;A01
201500015507;1;7;0;1;2;1;5;Z01
201500015507;0;2;0;0;2;1;1;B01
201500015508;0;2;0;0;1;4;1;A01
201500015509;0;7;0;0;1;8;15;A01
201500015510;0;31;0;0;2;7;2;A01
201500015510;1;99;0;0;2;0;0;Z01
201500015511;0;7;0;0;1;2;1;A01
201500015512;0;32;0;0;0;7;1;A01
201500015513;0;34;0;14;0;8;1;A01
201500015514;0;2;0;0;2;1;1;B01
201500015514;0;7;0;0;2;4;2;A01
201500015515;1;7;0;1;0;1;0;Z01
201500015515;0;2;0;1;0;4;24;A01
201500015516;1;7;0;0;1;0;0;Z01
201500015517;0;7;0;0;2;1;9;A01
201500015517;0;30;0;0;2;7;1;B01
201500015518;0;7;0;0;2;1;1;C01
201500015518;0;7;0;0;2;5;15;A01
201500015518;0;31;0;0;2;1;1;B01
201500015519;0;7;0;0;2;4;1;C01
201500015519;0;7;0;0;2;4;1;B01
201500015519;0;7;0;0;2;1;1;A01
201500015520;0;32;0;8;0;1;13;A01
201500015521;0;7;0;1;0;2;2;A01
201500015522;0;7;0;0;2;4;0;B01
201500015522;0;7;0;0;2;1;0;A01
201500015523;0;7;0;0;1;1;1;A01
201500015524;0;33;0;0;2;7;1;B01
201500015524;1;33;0;0;2;1;9;Z01
201500015525;0;13;0;8;9;1;1;A01
201500015526;0;7;0;0;1;1;15;A01
201500015527;0;7;0;0;2;2;9;A01
201500015527;0;33;0;0;2;1;1;B01
201500015528;0;33;0;1;1;1;1;A01
201500015528;0;7;0;0;2;8;1;C01
201500015528;0;7;0;0;2;8;1;B01
201500015529;0;40;0;0;1;2;0;A01
201500015530;0;7;0;0;2;0;0;A01
201500015530;0;1;0;0;2;0;0;B01
201500015531;0;7;0;0;2;1;15;A01
201500015531;0;33;0;0;2;1;0;B01
201500015532;0;7;0;0;2;1;1;C01
201500015532;0;7;0;0;2;3;1;B01
201500015532;0;34;0;0;2;3;13;A01
201500015533;0;40;0;0;2;2;1;B01
201500015533;0;33;0;0;4;3;1;A01
201500015534;0;7;0;0;1;0;0;A01
201500015535;0;30;0;0;2;1;1;B01
201500015535;0;7;0;0;2;7;15;A01
201500015536;0;34;0;0;2;1;2;B01
201500015536;0;7;0;0;2;6;15;A01
201500015537;1;7;0;0;2;1;0;Z01
201500015537;0;7;0;0;2;4;2;A01
201500015538;0;33;0;0;2;7;2;A01
201500015538;0;7;0;0;2;6;2;B01
201500015539;0;32;0;0;2;0;0;B01
201500015539;0;7;0;0;2;0;0;A01
201500015540;0;7;0;0;2;8;1;A01
201500015540;0;7;0;0;2;1;1;B01
201500015541;0;2;0;0;2;7;17;A01
201500015541;0;7;0;0;2;3;15;B01
201500015542;0;7;0;0;9;8;15;A01
201500015542;0;32;0;0;2;2;17;B01
201500015543;0;33;0;1;0;1;14;A01
201500015544;0;7;0;0;1;2;16;A01
201500015545;0;7;0;0;1;1;15;A01
201500015546;0;7;0;0;2;2;19;B01
201500015546;0;33;0;0;2;1;2;A01
201500015547;0;7;0;0;2;4;2;C01
201500015547;0;7;0;0;2;4;2;B01
201500015547;0;7;0;0;2;1;2;A01
201500015548;0;7;0;0;2;8;15;B01
201500015548;0;33;0;0;2;1;17;A01
201500015549;0;33;0;0;2;1;2;A01
201500015549;0;7;0;0;9;5;0;B01
201500015550;0;7;0;0;1;3;15;A01
201500015551;0;7;0;0;2;1;0;A01
201500015551;0;30;0;0;2;3;0;B01
201500015552;0;15;0;16;2;7;0;A01
201500015552;0;7;0;0;2;8;1;B01
201500015553;0;7;0;6;0;9;14;A01
201500015554;0;33;0;0;2;1;1;B01
201500015554;0;7;0;0;2;7;15;A01
201500015555;0;7;0;0;2;0;0;A01
201500015555;0;34;0;0;2;7;1;B01
201500015556;0;32;0;0;2;1;1;B01
201500015556;0;7;0;0;2;2;1;A01
201500015557;0;33;0;0;1;0;7;A01
201500015558;0;14;0;0;2;1;1;A01
201500015558;0;7;0;0;9;8;16;B01
201500015559;0;7;0;0;1;2;1;A01
201500015560;0;2;0;0;2;1;2;A01
201500015560;1;7;0;0;2;2;10;Z01
201500015561;0;33;0;0;2;8;18;A01
201500015561;0;7;0;0;2;7;14;B01
201500015562;0;32;0;0;1;1;0;A01
201500015563;0;7;0;0;2;0;0;A01
201500015563;0;33;0;0;2;8;1;B01
201500015564;0;7;0;0;2;1;0;A01
201500015564;0;7;0;0;2;1;0;B01
201500015565;0;7;0;0;1;3;1;A01
201500015566;0;2;0;0;0;3;15;A01
201500015567;0;7;0;0;2;1;2;A01
201500015567;0;7;0;0;2;4;1;B01
201500015568;0;30;0;0;0;1;21;A01
201500015569;0;7;0;0;2;3;16;A01
201500015569;0;7;0;0;2;0;0;B01
201500015570;1;30;0;0;1;0;0;Z01
201500015571;0;33;0;0;2;8;1;B01
201500015571;0;7;0;0;2;1;1;A01
201500015572;0;7;0;0;1;1;1;A01
201500015573;0;7;0;0;2;8;15;A01
201500015573;0;33;0;0;2;2;1;B01
201500015574;0;7;0;0;2;4;2;B01
201500015574;0;32;0;0;2;1;2;A01
201500015575;0;34;0;0;2;1;1;A01
201500015575;0;7;0;0;2;5;15;B01
201500015576;0;7;0;0;2;1;1;B01
201500015576;0;7;0;0;2;3;9;A01
201500015577;0;7;0;9;0;3;1;B01
201500015577;1;7;0;0;2;0;0;Z01
201500015578;0;7;0;0;2;6;15;A01
201500015578;0;33;0;0;2;1;1;B01
201500015579;0;7;0;0;2;8;0;B01
201500015579;0;7;0;0;2;1;1;A01
201500015580;0;7;0;8;0;1;21;A01
201500015581;0;33;0;0;2;1;1;A01
201500015581;0;7;0;0;2;3;9;B01
201500015582;1;7;0;0;1;0;0;Z01
201500015583;0;7;0;0;2;2;1;A01
201500015583;0;7;0;0;2;1;1;B01
201500015584;0;7;0;0;2;0;1;C01
201500015584;0;7;0;0;2;8;1;B01
201500015584;0;7;0;0;2;1;13;A01
201500015585;0;7;0;0;2;0;15;A01
201500015585;0;31;0;0;0;0;1;B01
201500015586;1;7;0;0;2;3;9;Z01
201500015586;0;7;0;0;2;2;1;A01
201500015587;0;7;0;0;2;4;1;B01
201500015587;0;7;0;0;2;1;1;A01
201500015588;0;32;0;0;2;2;3;B01
201500015588;0;7;0;0;2;3;10;A01
201500015589;0;7;0;0;1;2;1;A01
201500015590;1;7;0;0;2;0;0;Z01
201500015590;0;7;0;0;2;0;1;A01
201500015591;0;2;0;0;2;0;15;B01
201500015591;0;7;0;0;2;3;15;A01
201500015592;0;7;0;0;2;8;10;A01
201500015592;0;32;0;0;2;0;0;B01
201500015593;0;7;0;0;2;1;1;B01
201500015593;0;7;0;0;2;7;15;A01
201500015594;0;2;0;12;0;0;0;A01
201500015595;0;33;0;0;2;1;2;A01
201500015595;0;7;0;0;2;6;1;B01
201500015596;0;7;0;0;2;3;9;A01
201500015596;0;32;0;0;2;1;1;B01
201500015597;0;33;0;0;1;1;20;A01
201500015598;0;7;0;1;0;2;1;A01
201500015599;0;34;0;11;0;1;13;A01
201500015600;0;7;0;0;1;2;1;A01
201500015601;0;31;0;0;1;1;1;A01
201500015602;0;7;0;0;1;0;0;A01
201500015603;0;7;0;0;2;1;15;A01
201500015603;0;30;0;0;2;8;1;B01
201500015604;0;7;0;0;2;4;12;B01
201500015604;0;33;0;0;2;1;2;A01
201500015605;0;7;0;0;2;2;10;A01
201500015605;0;32;0;0;2;3;1;B01
201500015606;0;32;0;0;1;2;1;A01
201500015607;0;30;0;0;1;3;5;A01
201500015608;0;7;0;0;1;2;0;A01
201500015609;0;7;0;0;1;2;1;A01
201500015610;0;33;0;0;2;4;1;B01
201500015610;1;7;0;0;2;1;2;Z01
201500015611;0;7;0;0;1;3;1;A01
201500015612;0;7;0;0;2;2;15;B01
201500015612;0;2;0;0;2;2;19;A01
201500015613;0;7;0;0;2;6;19;B01
201500015613;0;33;0;0;2;1;1;A01
201500015614;0;7;0;0;2;3;10;A01
201500015614;0;10;0;0;2;1;24;C01
201500015614;0;33;0;0;2;1;2;B01
201500015615;0;33;0;0;2;1;1;B01
201500015615;0;7;0;0;2;8;15;A01
201500015616;0;32;0;0;2;8;1;B01
201500015616;0;10;0;0;2;1;1;A01
201500015617;0;7;0;1;2;3;1;B01
201500015617;0;34;0;0;2;1;1;A01
201500015618;0;7;0;0;2;1;1;A01
201500015618;0;7;0;0;2;1;1;B01
201500015619;0;7;0;0;2;1;15;A01
201500015619;0;34;0;0;2;9;1;B01
201500015620;0;30;0;0;2;1;2;A01
201500015620;0;7;0;0;2;5;23;B01
201500015621;0;7;0;0;2;1;2;A01
201500015621;0;10;0;0;2;4;2;B01
201500015621;0;7;0;0;2;4;2;C01
201500015622;0;7;0;0;2;1;15;A01
201500015622;0;33;0;0;2;1;1;B01
201500015623;0;32;0;1;0;1;18;B01
201500015623;0;7;0;0;2;7;22;A01
201500015624;0;10;0;0;2;1;2;A01
201500015624;0;7;0;2;2;4;14;B01
201500015625;0;34;0;6;0;3;0;A01
201500015626;0;32;0;12;2;2;2;A01
201500015627;0;7;0;0;2;3;10;A01
201500015627;0;33;0;0;2;1;1;B01
201500015628;0;30;0;0;2;1;1;B01
201500015628;0;7;0;0;2;2;0;A01
201500015629;0;7;0;0;2;2;13;A01
201500015629;0;7;0;0;1;6;0;B01
201500015630;1;7;0;0;2;1;15;Z01
201500015630;0;32;0;0;2;5;1;A01
201500015631;0;7;0;0;1;1;17;A01
201500015632;1;7;0;0;1;1;1;Z01
201500015633;0;33;0;0;2;4;15;B01
201500015633;0;7;0;0;2;3;2;A01
201500015634;0;7;0;0;2;3;1;A01
201500015634;0;7;0;0;2;3;1;B01
201500015635;0;7;0;0;2;3;1;A01
201500015635;0;7;0;0;2;8;0;B01
201500015636;0;2;0;0;2;1;1;B01
201500015636;0;7;0;0;2;5;10;A01
201500015637;0;7;0;0;2;3;1;B01
201500015637;0;2;0;0;2;1;1;A01
201500015638;0;7;0;0;2;2;15;A01
201500015638;0;37;0;0;2;2;8;B01
201500015639;0;31;0;0;0;0;0;A01
201500015640;0;7;0;13;0;6;1;A01
201500015641;0;7;0;0;1;3;0;A01
201500015642;0;7;0;0;2;4;1;B01
201500015642;0;7;0;0;2;1;1;A01
201500015643;2;7;0;8;0;2;1;A01
201500015644;0;7;0;0;2;3;16;B01
201500015644;1;7;0;0;2;2;1;Z01
201500015645;0;7;0;0;1;2;15;A01
201500015646;0;33;0;0;2;1;1;B01
201500015646;0;7;0;0;2;1;15;A01
201500015647;0;7;0;4;2;2;1;A01
201500015647;0;7;0;4;2;2;1;B01
201500015648;1;7;0;0;2;1;5;Z01
201500015648;0;34;0;0;2;1;1;B01
201500015649;0;7;0;0;1;1;1;A01
201500015650;0;7;0;0;2;1;1;B01
201500015650;0;7;0;0;2;7;15;A01
201500015651;0;10;0;0;1;1;2;A01
201500015652;0;7;0;0;2;5;0;B01
201500015652;0;37;0;0;2;2;9;A01
201500015653;0;7;0;0;2;1;9;A01
201500015653;0;7;0;0;2;1;0;B01
201500015654;0;7;0;0;2;1;2;A01
201500015654;0;7;0;0;2;1;2;B01
201500015654;1;7;0;0;2;1;2;Z01
201500015655;1;99;0;0;1;0;5;Z01
201500015656;0;30;0;0;2;1;1;A01
201500015656;0;7;0;0;2;3;1;B01
201500015657;0;7;0;0;2;4;2;B01
201500015657;0;7;0;0;2;1;2;A01
201500015658;0;7;0;0;2;6;2;B01
201500015658;0;31;0;0;1;1;3;A01
201500015659;1;7;0;0;2;0;0;Z01
201500015659;0;7;0;0;2;3;0;A01
201500015660;0;7;0;0;1;1;15;A01
201500015661;0;7;0;0;2;1;9;A01
201500015661;0;31;0;0;2;1;1;B01
201500015662;1;99;0;0;2;0;0;Z01
201500015662;0;30;0;0;2;1;0;A01
201500015663;0;2;0;14;2;0;1;A01
201500015663;0;7;0;0;2;1;1;B01
201500015664;0;34;0;0;2;3;1;B01
201500015664;0;7;0;0;2;7;15;A01
201500015665;0;7;0;0;2;2;19;A01
201500015665;0;2;0;0;2;8;1;B01
201500015666;0;7;0;0;2;1;1;B01
201500015666;0;34;0;5;2;8;1;A01
201500015667;0;31;0;0;1;1;1;A01
201500015668;0;7;0;0;1;1;15;A01
201500015669;0;7;0;0;1;1;1;A01
201500015670;0;7;0;0;2;5;10;A01
201500015670;0;31;0;0;2;1;1;B01
201500015671;0;33;0;0;2;2;0;A01
201500015671;0;7;0;0;2;6;1;B01
201500015672;0;7;0;0;2;1;13;A01
201500015672;0;7;0;0;2;0;0;B01
201500015673;0;37;0;0;2;3;9;A01
201500015673;0;7;0;0;2;7;0;B01
201500015674;0;2;0;0;0;8;1;A01
201500015675;0;7;0;0;2;8;0;A01
201500015675;0;2;0;0;2;7;0;B01
201500015676;0;30;0;0;2;2;17;B01
201500015676;0;7;0;0;2;6;0;A01
201500015677;0;7;0;0;2;3;0;A01
201500015677;0;1;0;0;2;0;0;B01
201500015678;0;7;0;0;2;0;15;A01
201500015678;0;33;0;0;2;1;1;B01
201500015679;0;7;0;0;2;3;1;B01
201500015679;0;7;0;0;2;3;13;A01
201500015680;0;7;0;0;1;2;14;A01
201500015681;0;7;0;0;2;3;15;B01
201500015681;0;31;0;0;2;7;1;A01
201500015682;0;10;0;0;1;3;1;A01
201500015683;0;32;0;0;2;0;0;B01
201500015683;0;7;0;0;2;2;15;A01
201500015684;1;7;0;0;2;0;15;Z01
201500015684;0;30;0;0;2;1;1;A01
201500015685;0;7;0;0;2;7;1;B01
201500015685;0;7;0;0;2;3;9;A01
201500015686;0;34;0;0;1;8;1;A01
201500015687;0;7;0;0;1;8;1;A01
201500015688;0;7;0;0;1;8;1;A01
201500015689;0;7;0;0;2;4;1;B01
201500015689;0;30;0;0;2;1;2;A01
201500015690;0;33;0;0;2;8;1;B01
201500015690;0;10;0;0;2;1;9;A01
201500015691;0;7;0;0;1;2;1;A01
201500015692;0;7;0;0;2;3;0;B01
201500015692;0;33;0;0;2;2;0;A01
201500015693;0;7;0;0;2;8;17;A01
201500015693;0;33;0;0;2;2;17;B01
201500015694;0;7;0;0;1;7;1;A01
201500015694;0;34;0;0;1;7;2;B01
201500015695;0;7;0;0;2;1;1;A01
201500015695;0;7;0;0;2;4;23;B01
201500015696;0;30;0;0;2;1;21;B01
201500015696;1;7;0;0;0;0;0;Z01
201500015697;0;7;0;0;2;4;23;B01
201500015697;0;7;0;14;0;1;2;A01
201500015698;0;7;0;1;0;0;14;A01
201500015699;0;33;0;0;0;8;1;A01
201500015700;0;7;0;0;0;0;0;A01
201500015700;0;31;0;0;0;0;0;B01
201500015701;0;7;0;6;0;9;1;A01
201500015702;0;7;0;0;2;5;24;B01
201500015702;0;7;0;1;9;3;6;A01
201500015703;0;31;0;0;2;8;1;B01
201500015703;0;7;0;0;2;1;15;A01
201500015704;0;2;0;0;2;1;1;B01
201500015704;0;7;0;0;2;6;10;A01
201500015705;0;7;0;0;2;2;0;B01
201500015705;2;7;0;15;2;5;0;A01
201500015706;0;7;0;0;2;4;2;B01
201500015706;2;10;0;0;2;0;0;A01
201500015707;1;10;0;0;2;0;12;Z01
201500015707;0;2;0;0;2;8;1;A01
201500015708;0;7;0;0;2;2;19;A01
201500015708;0;7;0;0;2;1;1;B01
201500015709;0;10;0;0;2;3;1;B01
201500015709;0;7;0;0;2;3;13;A01
201500015710;0;30;0;0;2;1;17;A01
201500015710;1;7;0;0;2;0;0;Z01
201500015710;0;7;0;0;2;8;1;B01
201500015711;0;32;0;0;2;1;1;B01
201500015711;0;7;0;0;2;5;15;A01
201500015712;0;7;0;0;2;1;9;A01
201500015712;0;7;0;0;2;6;9;B01
201500015713;0;7;0;0;2;4;0;B01
201500015713;0;7;0;0;2;4;1;A01
201500015714;1;7;0;0;1;0;0;Z01
201500015715;0;34;0;0;2;1;1;B01
201500015715;0;7;0;0;2;2;15;A01
201500015716;0;33;0;14;2;1;1;B01
201500015716;0;7;0;0;2;3;23;A01
201500015717;0;10;0;0;2;8;15;B01
201500015717;0;32;0;0;2;1;6;A01
201500015718;0;7;0;0;1;3;1;A01
201500015719;0;31;0;0;2;1;17;B01
201500015719;0;7;0;0;2;8;15;A01
201500015720;0;7;0;0;2;8;15;A01
201500015720;0;7;0;0;2;1;1;B01
201500015721;0;32;0;0;2;3;1;A01
201500015721;1;7;0;0;2;0;9;Z01
201500015722;0;30;0;0;1;1;1;A01
201500015723;0;7;0;0;2;1;1;A01
201500015723;0;7;0;0;2;7;0;B01
201500015724;0;7;0;0;1;1;1;A01
201500015725;0;10;0;0;1;4;4;A01
201500015726;0;7;0;0;2;3;10;B01
201500015726;0;34;0;0;2;1;17;A01
201500015727;0;7;0;0;2;1;1;A01
201500015727;0;7;0;0;2;4;23;B01
201500015728;0;7;0;0;2;1;1;A01
201500015728;0;7;0;0;2;4;1;C01
201500015728;0;7;0;0;2;4;1;B01
201500015729;0;7;0;0;1;1;1;A01
201500015730;0;34;0;0;2;7;1;B01
201500015730;0;7;0;0;2;0;15;A01
201500015731;2;7;0;1;1;1;1;Z01
201500015732;1;7;0;0;1;7;0;Z01
201500015733;0;7;0;0;2;1;17;A01
201500015733;0;7;0;0;2;1;2;B01
201500015734;0;7;0;0;2;4;2;B01
201500015734;0;7;0;0;2;1;2;A01
201500015735;0;7;0;0;2;3;9;B01
201500015735;0;32;0;0;2;8;9;A01
201500015736;0;7;0;0;2;0;0;A01
201500015736;0;33;0;0;2;0;0;B01
201500015737;0;37;0;0;1;7;1;A01
201500015738;0;7;0;0;2;3;15;A01
201500015738;0;7;0;0;2;1;1;B01
201500015739;0;7;0;0;1;1;1;A01
201500015740;0;7;0;0;2;1;2;B01
201500015740;0;2;0;16;0;4;23;A01
201500015741;0;7;0;0;2;4;15;A01
201500015741;1;2;0;0;2;1;2;Z01
201500015742;0;7;0;0;2;3;9;A01
201500015742;0;30;0;0;2;1;1;B01
201500015743;0;30;0;0;2;1;1;B01
201500015743;0;7;0;0;2;6;1;A01
201500015744;0;33;0;0;2;7;2;B01
201500015744;0;7;0;0;2;5;16;A01
201500015745;0;7;0;0;2;3;15;B01
201500015745;0;33;0;0;2;1;17;A01
201500015746;0;7;0;0;2;3;1;B01
201500015746;0;33;0;0;2;1;17;C01
201500015746;0;7;0;0;2;3;13;A01
201500015747;0;7;0;0;2;3;1;B01
201500015747;0;7;0;0;2;3;15;A01
201500015748;1;32;0;0;1;0;0;Z01
201500015749;0;30;0;13;0;7;0;A01
201500015750;0;10;0;0;2;4;2;B01
201500015750;0;7;0;0;2;1;2;A01
201500015751;1;7;0;0;1;1;0;Z01
201500015752;0;7;0;0;2;4;23;B01
201500015752;0;7;0;0;2;1;2;A01
201500015753;0;7;0;0;1;0;0;A01
201500015754;0;7;0;0;1;2;1;A01
201500015755;0;30;0;15;0;3;2;A01
201500015756;0;7;0;0;1;1;1;A01
201500015757;0;7;0;1;0;2;14;A01
201500015758;0;13;0;0;2;8;15;A01
201500015758;0;32;0;0;2;1;1;B01
201500015759;0;32;0;0;2;1;1;B01
201500015759;0;7;0;0;2;3;16;A01
201500015760;0;7;0;0;2;1;1;A01
201500015760;0;7;0;0;2;4;1;B01
201500015761;0;7;0;0;1;0;0;A01
201500015762;0;7;0;0;1;3;2;A01
201500015763;0;7;0;2;9;1;17;A01
201500015764;0;30;0;0;2;1;1;B01
201500015764;0;7;0;0;2;3;15;A01
201500015765;1;7;0;0;2;0;0;Z01
201500015765;0;30;0;0;2;0;0;B01
201500015766;1;7;0;0;2;3;11;Z01
201500015766;0;30;0;0;2;7;1;A01
201500015767;2;7;0;0;2;1;1;Z01
201500015767;0;30;0;0;2;4;11;A01
201500015768;0;7;0;0;2;3;2;C01
201500015768;0;7;0;0;2;2;19;A01
201500015768;0;34;0;0;2;9;2;B01
201500015769;0;7;0;0;2;3;15;A01
201500015769;0;33;0;0;2;7;1;B01
201500015770;0;33;0;3;0;3;0;A01
201500015771;0;7;0;0;2;4;1;B01
201500015771;0;7;0;0;2;1;2;A01
201500015772;0;7;0;0;1;2;1;A01
201500015773;1;7;0;0;2;0;0;Z01
201500015773;0;7;0;0;2;4;2;A01
201500015774;1;7;0;0;1;1;1;Z01
201500015775;0;37;0;0;1;7;2;A01
201500015776;0;33;0;0;2;1;1;B01
201500015776;0;10;0;0;2;2;15;A01
201500015777;0;34;0;0;1;1;0;A01
201500015778;0;31;0;0;2;7;2;A01
201500015778;0;7;0;0;2;3;15;B01
201500015779;0;7;0;0;2;6;1;B01
201500015779;0;30;0;0;2;1;1;A01
201500015780;0;7;0;0;2;1;15;A01
201500015780;0;33;0;0;2;8;15;B01
201500015781;0;40;0;0;2;1;0;B01
201500015781;0;2;0;0;2;7;19;A01
201500015782;0;7;0;0;2;1;1;B01
201500015782;0;34;0;0;2;1;13;A01
201500015783;0;7;0;0;2;4;2;C01
201500015783;0;7;0;0;2;1;2;A01
201500015783;0;7;0;0;2;4;2;D01
201500015783;0;34;0;0;2;1;2;B01
201500015784;0;30;0;0;2;1;1;B01
201500015784;0;7;0;0;2;3;9;A01
201500015785;0;7;0;0;1;3;1;A01
201500015786;0;7;0;0;2;2;15;A01
201500015786;0;7;0;0;2;3;2;B01
201500015787;0;7;0;0;2;2;19;B01
201500015787;0;30;0;0;2;1;19;A01
201500015788;0;7;0;0;2;4;2;B01
201500015788;1;7;0;0;2;1;2;Z01
201500015789;0;33;0;0;2;1;1;A01
201500015789;1;7;0;0;2;8;0;Z01
201500015790;0;34;0;0;1;0;0;A01
201500015791;0;34;0;11;0;1;17;A01
201500015792;0;7;0;0;2;3;11;A01
201500015792;0;7;0;0;2;0;1;B01
201500015793;2;33;0;0;1;1;1;A01
201500015794;0;7;0;0;2;4;2;B01
201500015794;0;7;0;0;2;4;2;A01
201500015795;0;7;0;0;1;8;1;A01
201500015796;0;7;0;0;2;6;1;C01
201500015796;0;7;0;0;2;1;1;D01
201500015796;0;7;0;0;2;3;1;B01
201500015796;0;7;0;0;2;3;13;A01
201500015797;0;7;0;0;0;9;1;A01
201500015798;0;7;0;0;2;4;2;B01
201500015798;1;7;0;0;2;1;1;Z01
201500015799;0;7;0;1;0;0;1;A01
201500015800;0;30;0;0;2;0;1;B01
201500015800;1;7;0;0;2;0;1;Z01
201500015801;0;32;0;0;2;1;1;B01
201500015801;0;7;0;0;2;3;9;A01
201500015802;0;30;0;0;2;1;1;B01
201500015802;0;7;0;0;2;6;15;A01
201500015803;0;7;0;0;2;3;16;A01
201500015803;0;2;0;0;2;3;1;B01
201500015804;0;34;0;0;1;1;1;A01
201500015805;0;7;0;0;1;1;1;A01
201500015806;0;33;0;0;2;1;6;A01
201500015806;0;7;0;0;9;2;21;B01
201500015806;0;10;0;0;2;1;1;C01
201500015807;0;33;0;0;2;1;1;A01
201500015807;0;7;0;0;2;1;23;B01
201500015808;0;7;0;0;2;1;2;A01
201500015808;0;7;0;0;2;4;2;B01
201500015809;0;7;0;0;1;2;1;A01
201500015810;0;7;0;0;2;9;23;C01