num_acc;senc;catv;occutc;obs;obsm;choc;manv;num_veh
201500015810;0;33;0;0;2;1;17;B01
201500015810;0;7;0;0;2;1;1;D01
201500015810;0;7;0;12;2;2;14;A01
201500015811;0;7;0;0;2;1;0;B01
201500015811;0;7;0;0;2;1;0;A01
201500015812;0;7;0;0;2;1;2;A01
201500015812;0;10;0;0;2;4;23;B01
201500015813;0;33;0;0;0;0;0;B01
201500015813;0;7;0;0;2;2;9;A01
201500015814;0;7;0;0;2;1;1;B01
201500015814;0;7;0;0;2;1;17;A01
201500015815;0;7;0;0;1;2;1;A01
201500015816;0;32;0;0;2;1;2;A01
201500015816;0;7;0;0;2;4;2;B01
201500015817;0;7;0;0;2;1;2;A01
201500015817;0;7;0;0;0;4;15;B01
201500015818;0;7;0;0;1;1;1;A01
201500015819;0;33;0;0;2;7;16;A01
201500015819;0;7;0;0;2;8;1;B01
201500015820;0;7;0;0;2;3;13;A01
201500015820;0;7;0;3;2;3;1;B01
201500015821;0;7;0;15;0;1;14;A01
201500015822;0;7;0;0;1;1;1;A01
201500015823;0;10;0;0;1;1;1;A01
201500015824;0;10;0;0;1;4;1;A01
201500015825;2;7;0;0;2;1;12;Z01
201500015825;0;7;0;0;2;6;23;B01
201500015825;0;10;0;12;2;1;15;A01
201500015826;0;7;0;0;2;1;1;C01
201500015826;0;7;0;0;2;2;1;B01
201500015826;0;7;0;0;2;1;16;A01
201500015827;0;7;0;0;1;1;0;A01
201500015828;0;7;0;0;2;4;2;E01
201500015828;0;10;0;0;2;4;2;C01
201500015828;0;10;0;0;2;4;2;B01
201500015828;0;10;0;0;2;4;2;D01
201500015828;0;7;0;0;2;1;2;A01
201500015829;0;7;0;0;1;1;1;A01
201500015830;0;7;0;0;2;4;2;B01
201500015830;0;7;0;0;2;1;2;A01
201500015831;0;7;0;0;2;1;1;B01
201500015831;0;7;0;0;2;1;9;A01
201500015832;0;15;0;0;2;1;2;A01
201500015832;0;7;0;0;2;4;2;B01
201500015833;0;7;0;0;2;1;1;A01
201500015833;0;7;0;0;2;4;23;B01
201500015834;0;7;0;0;2;2;16;A01
201500015834;0;2;0;0;2;1;1;B01
201500015835;0;7;0;0;2;3;11;A01
201500015835;0;7;0;0;2;7;0;B01
201500015836;0;7;0;3;0;3;1;A01
201500015837;0;7;0;16;0;1;14;A01
201500015838;0;7;0;0;2;6;2;A01
201500015838;0;33;0;0;2;7;2;B01
201500015839;0;10;0;0;2;1;2;A01
201500015839;0;7;0;0;0;4;23;B01
201500015840;0;7;0;8;2;2;9;A01
201500015840;0;7;0;8;2;8;1;B01
201500015841;0;7;0;0;2;2;15;A01
201500015841;0;14;0;0;2;1;1;B01
201500015842;0;2;0;0;1;1;1;A01
201500015843;0;7;0;0;1;5;4;A01
201500015844;0;7;0;0;2;1;2;A01
201500015844;0;33;0;0;0;4;2;B01
201500015845;0;7;0;0;0;6;23;B01
201500015845;0;7;0;0;0;7;2;C01
201500015845;0;33;0;0;2;4;2;A01
201500015846;0;7;0;0;2;8;10;A01
201500015846;0;37;0;0;0;0;0;B01
201500015847;0;10;0;0;2;1;12;A01
201500015847;0;14;0;0;0;4;23;B01
201500015848;0;7;0;6;0;1;14;A01
201500015849;0;1;0;0;2;4;2;B01
201500015849;0;7;0;0;2;1;2;A01
201500015850;0;7;0;0;0;4;23;B01
201500015850;0;2;0;0;2;1;2;A01
201500015851;0;7;0;0;2;1;1;B01
201500015851;0;7;0;0;2;1;1;A01
201500015852;0;7;0;0;1;1;1;A01
201500015853;0;7;0;0;1;1;1;A01
201500015854;0;7;0;0;1;1;1;A01
201500015855;0;37;0;0;2;8;2;C01
201500015855;0;7;0;0;2;8;1;B01
201500015855;1;7;0;0;2;0;17;Z01
201500015856;0;2;0;0;2;1;2;A01
201500015856;0;7;0;0;0;4;2;B01
201500015857;0;7;0;0;2;8;1;B01
201500015857;1;7;0;0;2;0;14;Z01
201500015858;0;7;0;0;2;1;2;A01
201500015858;0;7;0;0;2;4;2;B01
201500015859;0;33;0;0;2;1;13;A01
201500015859;0;7;0;0;2;1;1;B01
201500015860;0;7;0;0;2;1;13;A01
201500015860;0;37;0;0;2;1;1;B01
201500015861;0;7;0;0;2;3;23;A01
201500015861;1;7;0;0;0;0;0;Z01
201500015862;0;7;0;0;0;4;23;C01
201500015862;0;7;0;0;2;1;2;A01
201500015862;0;7;0;0;2;4;23;B01
201500015863;0;7;0;0;2;7;0;B01
201500015863;0;1;0;0;2;7;19;A01
201500015864;1;7;0;0;2;1;2;Z01
201500015864;0;7;0;0;2;4;2;B01
201500015865;0;7;0;0;2;6;1;B01
201500015865;0;7;0;0;2;1;13;A01
201500015866;0;7;0;0;2;1;1;A01
201500015866;0;7;0;0;0;4;23;B01
201500015867;0;7;0;0;1;1;15;A01
201500015868;0;7;0;0;2;4;2;C01
201500015868;0;7;0;0;2;4;2;B01
201500015868;0;7;0;0;2;1;2;A01
201500015869;0;7;0;15;0;1;13;A01
201500015870;0;7;0;0;1;4;4;A01
201500015871;0;7;0;0;1;1;1;A01
201500015872;0;7;0;0;2;1;2;A01
201500015872;0;7;0;0;0;4;1;B01
201500015873;0;7;0;0;2;2;1;B01
201500015873;0;7;0;0;2;1;15;A01
201500015874;0;15;0;3;2;3;13;A01
201500015874;0;7;0;0;2;2;1;B01
201500015875;0;7;0;0;2;1;1;C01
201500015875;0;7;0;0;2;1;13;A01
201500015875;0;7;0;0;2;1;1;B01
201500015876;0;7;0;1;2;1;1;B01
201500015876;0;7;0;0;2;1;13;A01
201500015877;0;7;0;0;2;1;1;B01
201500015877;0;7;0;0;2;1;13;A01
201500015878;0;7;0;0;2;4;2;C01
201500015878;0;10;0;0;2;1;2;A01
201500015878;0;10;0;0;2;4;2;B01
201500015879;0;7;0;0;2;1;13;A01
201500015879;0;7;0;0;2;1;1;B01
201500015880;0;7;0;0;2;2;1;B01
201500015880;0;7;0;0;2;2;2;A01
201500015881;0;7;0;0;2;1;1;A01
201500015881;0;7;0;0;0;4;23;B01
201500015882;0;7;0;0;2;1;1;B01
201500015882;0;7;0;0;2;1;13;A01
201500015883;0;7;0;15;0;9;14;A01
201500015884;0;7;0;0;1;3;1;A01
201500015885;0;7;0;0;2;4;2;B01
201500015885;0;7;0;0;2;1;2;A01
201500015886;0;10;0;0;2;2;1;A01
201500015886;0;7;0;0;2;1;15;B01
201500015887;0;33;0;0;2;1;1;B01
201500015887;0;7;0;0;2;3;9;A01
201500015888;0;7;0;0;2;1;13;A01
201500015888;0;17;0;0;2;8;1;B01
201500015889;0;7;0;0;2;2;11;A01
201500015889;0;7;0;0;2;6;1;B01
201500015890;0;33;0;0;2;1;0;B01
201500015890;0;37;0;0;2;6;1;A01
201500015891;0;7;0;2;0;1;14;A01
201500015892;0;7;0;0;2;8;16;D01
201500015892;0;7;0;0;2;1;1;B01
201500015892;0;7;0;0;2;1;1;C01
201500015892;0;7;0;0;2;7;19;A01
201500015893;0;7;0;0;0;8;1;A01
201500015894;0;37;0;13;0;3;13;A01
201500015895;0;33;0;8;0;1;1;A01
201500015896;0;7;0;0;2;3;2;A01
201500015896;0;3;0;0;0;0;0;B01
201500015897;0;7;0;0;2;3;15;B01
201500015897;0;2;0;0;2;2;17;A01
201500015898;0;7;0;0;2;1;15;A01
201500015898;0;7;0;0;2;8;23;B01
201500015899;0;7;0;0;2;3;5;A01
201500015899;0;7;0;0;2;3;0;B01
201500015900;0;7;0;0;2;1;1;B01
201500015900;0;7;0;0;2;8;19;A01
201500015901;0;7;0;0;2;3;0;S01
201500015901;0;7;0;3;2;3;0;B01
201500015902;0;10;0;0;2;1;2;M01
201500015902;0;7;0;0;2;4;2;B01
201500015902;0;7;0;0;2;4;2;C01
201500015903;0;7;0;0;1;0;0;A01
201500015904;0;7;0;0;0;1;1;A01
201500015905;0;7;0;0;1;1;1;A01
201500015906;0;7;0;0;0;4;1;B01
201500015906;0;7;0;0;2;1;1;A01
201500015907;0;7;0;0;1;2;15;A01
201500015908;0;7;0;0;0;0;1;A01
201500015909;0;7;0;0;0;0;0;A01
201500015909;0;1;0;0;0;0;0;B01
201500015910;0;7;0;0;1;1;15;A01
201500015911;0;1;0;0;0;0;0;B01
201500015911;0;1;0;0;0;0;0;A01
201500015912;0;7;0;0;0;4;1;B01
201500015912;0;7;0;0;0;1;1;A01
201500015913;0;7;0;0;0;0;0;A01
201500015914;0;7;0;0;0;4;15;B01
201500015914;0;7;0;0;2;1;1;A01
201500015915;0;7;0;8;0;1;1;A01
201500015916;0;7;0;0;2;1;1;A01
201500015916;0;7;0;0;0;4;1;B01
201500015917;0;33;0;0;5;1;1;A01
201500015918;0;7;0;0;1;1;1;A01
201500015919;0;7;0;0;0;0;0;A01
201500015920;0;7;0;0;2;1;1;A01
201500015920;0;7;0;0;2;1;1;B01
201500015921;0;31;0;0;0;0;0;A01
201500015922;0;7;0;0;0;8;1;B01
201500015922;0;7;0;0;2;1;1;A01
201500015923;0;7;0;0;2;1;1;A01
201500015923;0;30;0;0;0;8;0;B01
201500015924;0;7;0;0;0;2;1;B01
201500015924;0;7;0;0;0;1;0;A01
201500015925;0;32;0;0;2;1;1;C01
201500015925;0;7;0;0;0;8;15;A01
201500015925;0;15;0;0;0;6;1;B01
201500015926;0;7;0;0;6;8;1;A01
201500015927;0;7;0;0;2;4;1;B01
201500015927;0;7;0;0;2;1;1;C01
201500015927;0;7;0;0;0;0;0;A01
201500015928;0;7;0;0;2;1;1;B01
201500015928;0;7;0;0;0;3;1;A01
201500015929;0;7;0;0;0;0;0;A01
201500015930;0;7;0;0;0;8;1;A01
201500015930;0;99;0;0;0;2;1;B01
201500015931;0;7;0;0;0;0;0;A01
201500015932;0;7;0;0;0;1;1;A01
201500015933;0;33;0;0;0;1;0;A01
201500015934;0;7;0;0;0;1;1;A01
201500015935;0;7;0;0;2;3;0;B01
201500015935;0;7;0;0;2;8;1;A01
201500015936;0;17;0;0;0;0;1;A01
201500015936;0;7;0;0;0;0;1;C01
201500015937;0;30;0;0;2;1;1;A01
201500015937;0;7;0;0;0;4;1;B01
201500015938;0;7;0;0;1;0;0;A01
201500015939;0;7;0;0;0;0;0;A01
201500015940;0;7;0;0;0;7;16;A01
201500015940;0;30;0;0;2;1;1;B01
201500015941;0;31;0;0;2;1;17;A01
201500015941;0;7;0;0;0;8;15;B01
201500015942;0;7;0;0;2;1;1;B01
201500015942;0;7;0;0;2;1;16;A01
201500015943;0;15;0;0;0;0;0;A01
201500015944;0;7;0;0;2;8;17;A01
201500015944;1;7;0;0;0;0;0;Z01
201500015945;0;37;0;0;0;5;17;A01
201500015945;0;30;0;0;2;8;1;B01
201500015946;0;7;0;0;0;4;1;B01
201500015946;0;7;0;0;2;1;1;A01
201500015947;0;7;0;0;2;1;1;B01
201500015947;0;7;0;0;0;3;0;A01
201500015948;0;7;0;0;0;1;1;A01
201500015949;0;7;0;0;0;1;0;A01
201500015950;0;15;0;0;0;0;1;A01
201500015951;0;7;0;0;2;1;0;A01
201500015951;0;1;0;0;0;0;0;B01
201500015952;0;7;0;0;2;2;16;A01
201500015952;0;1;0;0;2;1;1;B01
201500015953;0;7;0;0;2;1;1;A01
201500015953;0;7;0;0;0;8;1;B01
201500015954;0;7;0;0;0;8;15;B01
201500015954;0;7;0;0;2;1;17;A01
201500015955;0;7;0;0;0;2;0;B01
201500015955;0;7;0;0;0;1;17;A01
201500015956;0;7;0;0;0;1;1;A01
201500015957;0;7;0;0;0;0;0;B01
201500015957;0;2;0;0;0;7;15;A01
201500015958;0;7;0;0;1;0;0;A01
201500015959;0;7;0;0;0;0;0;A01
201500015960;0;1;0;0;0;0;0;B01
201500015960;0;7;0;0;2;1;0;A01
201500015961;0;7;0;0;0;4;0;B01
201500015961;0;7;0;0;0;7;0;C01
201500015961;0;7;0;0;2;1;1;A01
201500015962;0;7;0;0;0;8;0;B01
201500015962;0;7;0;0;0;0;0;A01
201500015963;0;7;0;0;2;1;0;A01
201500015963;0;10;0;0;0;0;0;B01
201500015964;0;10;0;0;0;0;0;A01
201500015965;0;7;0;0;0;1;0;A01
201500015966;0;7;0;0;0;2;0;A01
201500015967;0;7;0;0;0;7;0;A01
201500015967;0;1;0;0;2;1;0;B01
201500015968;0;7;0;0;2;3;0;B01
201500015968;0;7;0;0;2;3;0;A01
201500015969;0;1;0;0;2;1;0;B01
201500015969;0;7;0;0;2;4;0;A01
201500015970;0;7;0;0;0;0;0;B01
201500015970;0;7;0;0;2;1;0;A01
201500015971;0;7;0;0;2;1;0;B01
201500015971;0;7;0;0;2;1;0;A01
201500015972;0;7;0;0;2;1;0;A01
201500015972;0;33;0;0;0;8;0;B01
201500015973;0;7;0;0;0;0;0;A01
201500015974;0;7;0;0;0;0;0;A01
201500015975;0;32;0;0;0;0;0;A01
201500015976;0;7;0;0;0;8;0;A01
201500015976;0;7;0;0;2;0;0;B01
201500015977;0;7;0;0;0;0;0;B01
201500015977;0;7;0;0;0;0;0;A01
201500015978;0;33;0;0;0;0;0;A01
201500015979;0;33;0;0;1;0;0;A01
201500015980;0;7;0;0;0;2;0;A01
201500015980;0;7;0;0;0;1;0;B01
201500015981;0;7;0;0;1;1;0;A01
201500015982;0;7;0;0;1;0;0;A01
201500015983;0;10;0;0;2;0;0;B01
201500015983;0;7;0;0;0;0;0;A01
201500015984;0;30;0;0;0;0;1;A01
201500015985;0;7;0;0;0;4;1;B01
201500015985;0;7;0;0;2;1;1;A01
201500015986;0;2;0;14;0;1;1;A01
201500015987;0;7;0;0;0;0;0;A01
201500015988;0;7;0;0;0;0;0;A01
201500015988;0;1;0;0;0;0;0;B01
201500015989;0;10;0;0;0;0;0;A01
201500015990;0;7;0;0;0;0;0;A01
201500015991;0;7;0;0;0;0;0;A01
201500015991;0;7;0;0;0;0;0;B01
201500015992;0;10;0;0;0;0;0;A01
201500015993;0;30;0;0;0;0;0;B01
201500015993;0;7;0;0;0;0;0;A01
201500015994;0;7;0;0;0;0;0;B01
201500015994;0;7;0;0;0;0;0;A01
201500015995;0;7;0;0;2;7;1;B01
201500015995;0;7;0;0;2;1;1;A01
201500015996;0;13;0;8;0;2;1;A01
201500015997;0;1;0;0;0;0;0;A01
201500015997;0;7;0;0;2;1;1;B01
201500015998;0;7;0;0;2;3;1;B01
201500015998;0;7;0;0;2;3;1;A01
201500015999;0;7;0;0;0;0;0;A01
201500015999;0;7;0;0;0;0;0;B01
201500016000;0;1;0;0;2;8;1;B01
201500016000;0;7;0;0;2;1;1;A01
201500016001;0;7;0;0;1;2;1;A01
201500016002;0;7;0;0;2;7;1;B01
201500016002;0;33;0;0;2;1;1;A01
201500016003;0;7;0;0;2;1;1;A01
201500016003;0;30;0;0;2;8;15;B01
201500016004;0;7;0;0;0;0;0;A01
201500016004;0;1;0;0;0;0;0;B01
201500016005;0;7;0;6;0;1;1;A01
201500016006;0;7;0;0;2;5;1;B01
201500016006;0;2;0;0;2;1;1;A01
201500016007;0;7;0;0;1;1;1;A01
201500016008;0;7;0;13;0;1;1;A01
201500016009;0;15;0;0;9;7;16;A01
201500016010;0;7;0;0;2;3;1;B01
201500016010;0;2;0;0;2;1;1;A01
201500016011;0;7;0;0;2;7;1;B01
201500016011;0;7;0;0;2;3;9;A01
201500016012;0;7;0;0;2;1;1;A01
201500016012;0;7;0;0;2;1;1;B01
201500016013;0;7;0;0;2;1;1;A01
201500016013;0;7;0;0;2;1;1;B01
201500016014;0;7;0;0;0;0;0;A01
201500016015;0;7;0;13;0;1;1;A01
201500016016;0;30;0;0;0;0;1;A01
201500016017;0;33;0;0;2;1;2;A01
201500016017;0;7;0;0;2;3;2;B01
201500016018;0;7;0;0;0;6;2;C01
201500016018;0;7;0;0;2;4;2;B01
201500016018;0;7;0;0;2;1;9;A01
201500016019;0;7;0;0;2;1;1;B01
201500016019;1;7;0;0;2;1;13;A01
201500016020;0;7;0;0;2;1;1;A01
201500016020;0;7;0;0;2;0;1;B01
201500016021;0;7;0;0;2;5;10;A01
201500016021;0;7;0;0;2;2;1;B01
201500016022;0;7;0;0;2;1;2;A01
201500016022;0;10;0;0;0;4;2;B01
201500016023;0;1;0;8;0;2;0;A01
201500016024;0;7;0;0;2;1;1;B01
201500016024;1;7;0;0;2;0;0;Z01
201500016025;0;2;0;0;2;1;1;A01
201500016025;0;7;0;0;2;5;1;B01
201500016026;0;7;0;0;2;1;15;B01
201500016026;0;7;0;0;2;5;1;A01
201500016027;0;7;0;0;2;6;15;B01
201500016027;0;34;0;0;2;1;2;A01
201500016028;0;7;0;0;2;4;2;B01
201500016028;0;7;0;0;2;1;2;A01
201500016029;0;7;0;0;0;0;15;A01
201500016029;0;2;0;15;0;1;14;B01
201500016030;0;7;0;0;2;1;2;A01
201500016030;0;34;0;0;0;4;1;B01
201500016031;0;7;0;0;2;3;0;A01
201500016031;0;34;0;0;2;7;0;B01
201500016032;0;7;0;13;0;3;2;A01
201500016033;0;7;0;0;2;4;2;B01
201500016033;0;7;0;0;2;1;1;A01
201500016034;0;7;0;0;0;9;1;A01
201500016035;0;7;0;0;0;7;1;A01
201500016036;0;7;0;0;1;1;1;A01
201500016037;2;7;0;12;0;1;5;A01
201500016037;0;7;0;12;0;1;1;B01
201500016038;1;7;0;0;0;3;5;C01
201500016038;0;7;0;0;2;3;2;B01
201500016038;0;7;0;0;0;3;5;A01
201500016039;0;7;0;0;2;1;2;A01
201500016039;0;7;0;0;2;4;15;B01
201500016040;0;7;0;0;0;1;2;A01
201500016040;0;7;0;0;0;6;2;B01
201500016041;0;33;0;0;2;1;2;B01
201500016041;0;7;0;0;2;8;10;A01
201500016042;0;7;0;6;0;2;0;A01
201500016043;0;7;0;0;1;1;1;A01
201500016044;0;7;0;0;2;2;1;B01
201500016044;0;1;0;0;2;5;14;A01
201500016045;0;7;0;0;1;1;2;A01
201500016046;0;7;0;1;1;2;1;A01
201500016047;0;7;0;0;2;3;1;A01
201500016047;0;7;0;0;2;5;1;B01
201500016048;0;7;0;8;0;9;1;B01
201500016048;0;7;0;0;0;3;9;A01
201500016049;0;7;0;0;2;1;2;A01
201500016049;0;7;0;0;0;4;2;C01
201500016049;0;7;0;0;0;4;2;B01
201500016050;0;7;0;0;2;4;2;B01
201500016050;0;7;0;0;2;1;2;A01
201500016051;0;33;0;0;0;7;1;A01
201500016052;0;10;0;0;2;4;1;B01
201500016052;0;10;0;0;2;1;1;A01
201500016053;0;7;0;0;2;3;0;B01
201500016053;0;7;0;0;2;1;1;A01
201500016054;0;7;0;0;2;3;0;A01
201500016054;0;7;0;0;2;3;0;B01
201500016055;0;7;0;0;2;1;1;A01
201500016055;0;7;0;0;2;6;9;B01
201500016056;0;7;0;13;0;1;0;A01
201500016057;0;7;0;0;2;3;1;E01
201500016057;0;7;0;0;2;2;13;A01
201500016057;0;7;0;0;2;1;1;C01
201500016057;0;7;0;0;2;3;1;D01
201500016057;0;7;0;0;2;0;13;B01
201500016058;0;7;0;0;2;1;15;A01
201500016058;0;1;0;0;2;1;1;B01
201500016059;0;13;0;0;2;1;2;A01
201500016059;0;7;0;0;2;4;2;B01
201500016060;0;7;0;6;0;1;0;A01
201500016061;0;33;0;0;2;1;1;B01
201500016061;0;7;0;0;2;3;9;A01
201500016062;0;7;0;0;2;2;1;A01
201500016062;0;1;0;0;0;0;0;B01
201500016063;0;7;0;0;2;2;2;A01
201500016063;0;10;0;0;0;6;23;B01
201500016064;0;7;0;0;0;3;0;A01
201500016064;0;7;0;0;0;0;1;B01
201500016065;0;7;0;0;0;4;1;B01
201500016065;0;34;0;0;2;2;2;A01
201500016066;0;7;0;0;2;4;2;B01
201500016066;0;7;0;0;2;1;2;A01
201500016067;0;7;0;0;2;2;15;A01
201500016067;0;30;0;0;2;1;1;B01
201500016068;0;33;0;0;2;5;2;A01
201500016068;0;7;0;0;0;5;2;B01
201500016069;0;7;0;0;0;9;0;A01
201500016070;0;7;0;0;2;1;5;A01
201500016070;0;7;0;0;2;3;23;B01
201500016071;0;7;0;0;0;1;1;B01
201500016071;0;7;0;0;0;3;9;A01
201500016072;0;7;0;0;2;5;1;B01
201500016072;0;7;0;0;2;1;1;A01
201500016072;0;7;0;0;0;4;1;D01
201500016072;0;7;0;0;2;4;1;C01
201500016073;0;38;6;0;2;4;2;B01
201500016073;0;14;0;0;2;1;2;A01
201500016073;0;7;0;0;1;4;2;C01
201500016074;0;7;0;0;0;4;2;B01
201500016074;0;2;0;0;2;1;2;A01
201500016075;0;7;0;0;2;2;15;B01
201500016075;0;2;0;0;2;7;1;A01
201500016076;0;33;0;0;9;6;2;A01
201500016076;0;7;0;0;0;6;0;B01
201500016077;0;31;0;0;0;8;16;A01
201500016078;0;7;0;0;2;1;15;B01
201500016078;0;7;0;0;2;2;16;A01
201500016079;1;7;0;0;1;0;0;Z01
201500016080;0;7;0;0;2;1;2;A01
201500016080;0;7;0;0;0;4;23;B01
201500016081;0;7;0;15;0;2;1;A01
201500016082;0;33;0;4;0;3;0;A01
201500016083;0;7;0;8;0;2;1;A01
201500016084;0;7;0;0;2;6;2;B01
201500016084;0;32;0;0;2;1;2;A01
201500016085;0;2;0;8;0;0;12;A01
201500016086;0;7;0;13;0;1;13;A01
201500016087;0;7;0;13;0;1;13;A01
201500016088;0;7;0;0;2;2;13;A01
201500016088;0;34;0;0;2;3;15;B01
201500016089;0;10;0;6;0;0;0;A01
201500016090;0;7;0;0;0;5;2;B01
201500016090;0;7;0;0;0;2;2;A01
201500016091;0;7;0;6;0;1;1;A01
201500016092;0;7;0;0;2;4;23;B01
201500016092;0;7;0;0;2;1;2;A01
201500016093;0;7;0;13;0;0;14;A01
201500016094;0;7;0;0;0;5;1;B01
201500016094;0;7;0;2;2;1;2;A01
201500016095;0;7;0;0;2;8;15;A01
201500016095;0;38;0;0;2;1;1;B01
201500016096;0;7;0;0;2;6;9;A01
201500016096;0;32;0;0;2;2;1;B01
201500016097;0;7;0;0;2;1;2;A01
201500016097;0;7;0;0;0;0;0;B01
201500016098;0;15;0;0;2;1;0;A01
201500016098;0;7;0;0;2;5;1;B01
201500016099;0;34;0;0;2;1;2;A01
201500016099;0;7;0;0;2;4;2;B01
201500016100;0;2;0;0;0;2;2;A01
201500016101;0;7;0;0;2;2;0;A01
201500016101;0;33;0;0;2;1;1;B01
201500016102;0;33;0;0;2;3;1;B01
201500016102;0;7;0;0;2;3;15;A01
201500016103;0;7;0;8;0;1;9;A01
201500016104;0;7;0;0;2;2;1;B01
201500016104;0;7;0;0;2;3;19;A01
201500016105;0;7;0;0;2;2;1;B01
201500016105;1;2;0;0;2;0;19;A01
201500016106;0;7;0;0;0;3;2;B01
201500016106;0;3;0;0;2;2;2;A01
201500016107;0;7;0;0;1;7;1;A01
201500016108;0;30;0;16;0;8;1;A01
201500016109;0;7;0;0;0;4;2;B01
201500016109;0;7;0;0;2;1;2;A01
201500016110;0;33;0;0;2;1;17;B01
201500016110;0;7;0;0;2;8;10;A01
201500016111;0;33;0;0;2;1;17;B01
201500016111;0;7;0;0;2;8;2;A01
201500016112;0;7;0;0;2;8;10;A01
201500016112;0;32;0;0;2;1;17;B01
201500016113;0;7;0;0;2;4;2;B01
201500016113;0;7;0;0;2;1;2;A01
201500016114;0;7;0;0;2;2;17;A01
201500016114;0;7;0;0;2;6;1;B01
201500016115;0;7;0;0;0;9;1;A01
201500016116;0;7;0;0;1;1;1;A01
201500016117;0;14;0;0;2;8;15;A01
201500016117;0;33;0;0;2;1;17;B01
201500016118;0;13;0;0;2;8;0;A01
201500016118;0;7;0;0;2;3;1;B01
201500016119;0;7;0;4;0;1;0;A01
201500016120;0;33;0;0;2;8;9;A01
201500016120;0;7;0;0;2;7;1;B01
201500016121;0;7;0;0;2;4;2;B01
201500016121;0;7;0;0;2;1;2;A01
201500016122;0;7;0;3;2;8;19;A01
201500016122;0;7;0;0;2;3;19;B01
201500016123;0;7;0;0;2;6;0;B01
201500016123;0;30;0;1;0;1;0;A01
201500016124;0;7;0;0;0;0;0;B01
201500016124;0;7;0;0;0;0;0;A01
201500016125;0;7;0;13;0;1;14;A01
201500016126;0;34;0;0;2;7;1;B01
201500016126;0;7;0;0;2;8;15;A01
201500016127;0;7;0;0;2;1;1;B01
201500016127;0;7;0;0;2;3;9;A01
201500016128;0;7;0;0;2;7;16;B01
201500016128;0;34;0;0;2;1;16;A01
201500016129;0;7;0;0;2;4;2;B01
201500016129;0;10;0;0;2;1;0;A01
201500016130;0;7;0;0;2;1;2;A01
201500016130;0;7;0;0;0;4;2;B01
201500016131;0;7;0;0;2;4;15;B01
201500016131;0;7;0;0;2;1;2;A01
201500016132;0;7;0;0;2;9;1;B01
201500016132;0;7;0;0;2;1;9;A01
201500016133;0;7;0;0;2;1;2;B01
201500016133;0;7;0;0;2;3;1;A01
201500016134;0;33;0;0;2;1;13;A01
201500016134;0;7;0;0;0;0;0;B01
201500016135;0;7;0;0;2;3;15;B01
201500016135;0;33;0;0;2;1;17;A01
201500016136;0;33;0;0;0;0;0;K01
201500016136;0;7;0;0;0;0;0;B01
201500016137;0;7;0;0;2;1;1;B01
201500016137;0;7;0;0;2;7;0;A01
201500016138;0;7;0;0;2;6;1;B01
201500016138;0;7;0;0;2;1;1;A01
201500016139;0;7;0;0;0;0;0;B01
201500016139;0;7;0;0;2;3;9;A01
201500016140;0;7;0;0;2;4;1;B01
201500016140;0;7;0;0;2;1;1;A01
201500016141;1;7;0;0;2;2;12;A01
201500016141;0;7;0;0;2;6;1;C01
201500016141;0;7;0;0;2;8;1;B01
201500016142;0;7;0;0;2;2;13;B01
201500016142;0;7;0;0;2;3;15;A01
201500016143;0;7;0;0;2;3;2;B01
201500016143;0;33;0;11;2;1;17;A01
201500016144;0;7;0;0;2;4;2;B01
201500016144;0;7;0;0;2;0;2;A01
201500016144;0;10;0;0;2;4;2;C01
201500016145;0;7;0;0;2;0;0;A01
201500016145;0;7;0;0;2;0;0;B01
201500016146;0;7;0;0;0;0;2;B01
201500016146;0;30;0;0;2;8;18;A01
201500016147;0;7;0;0;2;0;0;B01
201500016147;0;3;0;0;2;1;0;A01
201500016148;0;7;0;0;2;4;0;B01
201500016148;0;7;0;0;2;1;0;A01
201500016149;0;33;0;0;0;0;10;A01
201500016150;0;7;0;0;1;1;15;A01
201500016151;1;7;0;0;2;2;17;B01
201500016151;1;30;0;0;2;8;13;A01
201500016152;0;7;0;2;0;1;1;A01
201500016153;1;15;0;0;0;0;0;B01
201500016153;0;30;0;0;2;3;1;A01
201500016154;0;7;0;0;2;2;2;B01
201500016154;0;7;0;0;2;3;19;A01
201500016155;0;30;0;0;2;1;2;A01
201500016155;0;7;0;0;2;6;2;B01
201500016156;0;30;0;0;0;0;0;A01
201500016156;0;7;0;0;0;0;0;B01
201500016157;0;7;0;0;0;2;0;A01
201500016157;0;1;0;0;0;0;0;B01
201500016158;1;7;0;0;1;4;4;Z01
201500016159;0;7;0;4;0;7;1;A01
201500016160;0;7;0;0;2;6;1;B01
201500016160;0;7;0;0;2;8;1;C01
201500016160;2;7;0;0;2;2;17;A01
201500016161;0;7;0;6;0;0;0;A01
201500016162;0;7;0;16;0;9;0;A01
201500016163;0;7;0;0;2;3;2;A01
201500016163;0;7;0;0;2;5;2;B01
201500016164;0;7;0;0;2;1;2;A01
201500016164;0;10;0;0;2;5;2;B01
201500016165;0;7;0;0;2;4;0;B01
201500016165;0;7;0;0;2;1;2;A01
201500016165;0;7;0;0;2;4;2;D01
201500016165;0;7;0;0;2;4;2;C01
201500016166;0;7;0;2;0;1;19;A01
201500016167;0;33;0;0;0;0;2;A01
201500016168;0;7;0;0;2;1;13;A01
201500016168;0;7;0;2;2;7;21;B01
201500016169;0;7;0;3;0;2;11;A01
201500016170;0;32;0;15;2;1;1;B01
201500016170;0;7;0;0;2;3;15;A01
201500016171;0;7;0;0;2;3;1;A01