num_acc;senc;catv;occutc;obs;obsm;choc;manv;num_veh
201500016171;0;38;0;0;2;6;1;B01
201500016172;0;7;0;0;2;7;2;B01
201500016172;0;7;0;0;2;3;9;A01
201500016173;0;10;0;0;2;6;23;B01
201500016173;0;34;0;0;2;1;2;A01
201500016174;0;7;0;0;2;5;0;B01
201500016174;0;37;0;0;2;3;1;A01
201500016175;0;7;0;0;2;1;1;B01
201500016175;0;30;0;0;2;7;15;A01
201500016176;0;7;0;0;2;1;2;B01
201500016176;0;10;0;0;2;1;19;A01
201500016177;0;7;0;0;2;3;1;B01
201500016177;0;7;0;0;2;3;1;A01
201500016178;0;37;0;0;2;1;2;A01
201500016178;0;7;0;0;2;4;1;B01
201500016179;0;7;0;4;0;6;1;B01
201500016179;0;7;0;0;2;2;14;A01
201500016180;1;7;0;0;2;7;15;A01
201500016180;0;33;0;0;2;1;1;B01
201500016181;0;7;0;0;2;1;2;A01
201500016181;0;7;0;0;0;4;1;B01
201500016182;0;7;0;0;2;1;1;B01
201500016182;0;7;0;0;2;7;1;A01
201500016183;2;7;0;3;0;1;1;A01
201500016184;0;33;0;0;2;1;1;B01
201500016184;0;7;0;0;2;3;15;A01
201500016185;0;7;0;0;2;4;2;B01
201500016185;0;7;0;0;2;1;2;A01
201500016186;0;33;0;11;2;1;17;A01
201500016186;0;15;0;0;2;8;1;B01
201500016187;0;7;0;0;2;4;2;B01
201500016187;0;7;0;0;2;1;2;A01
201500016188;0;7;0;0;1;1;1;A01
201500016189;0;7;0;4;0;1;0;A01
201500016190;0;7;0;0;2;7;1;B01
201500016190;0;7;0;0;2;1;19;A01
201500016191;0;7;0;0;2;8;10;A01
201500016191;0;7;0;0;2;1;1;B01
201500016192;0;7;0;0;1;4;4;A01
201500016193;0;7;0;0;1;3;1;A01
201500016194;0;7;0;0;2;1;5;A01
201500016194;0;7;0;0;2;1;1;B01
201500016195;0;7;0;0;2;2;1;B01
201500016195;0;7;0;0;2;1;1;A01
201500016196;0;7;0;0;2;4;2;A01
201500016196;0;10;0;0;2;1;2;B01
201500016197;0;7;0;0;2;2;15;A01
201500016197;0;7;0;0;2;3;2;B01
201500016198;0;30;0;0;2;1;1;B01
201500016198;0;7;0;0;2;2;15;A01
201500016199;0;7;0;0;2;3;1;B01
201500016199;0;7;0;0;2;1;1;A01
201500016200;0;10;0;3;2;3;1;A01
201500016200;0;7;0;0;2;8;1;B01
201500016201;0;7;0;4;0;1;0;A01
201500016202;0;10;0;0;0;3;9;A01
201500016202;0;30;0;0;2;5;15;B01
201500016203;0;7;0;0;2;4;2;B01
201500016203;0;7;0;0;2;1;2;A01
201500016204;0;34;0;0;2;1;1;B01
201500016204;0;7;0;0;2;5;9;A01
201500016205;0;7;0;8;2;4;15;B01
201500016205;0;10;0;0;2;4;1;A01
201500016206;0;7;0;0;2;1;19;A01
201500016206;0;7;0;0;2;7;1;B01
201500016207;0;7;0;0;1;5;0;A01
201500016208;1;7;0;0;2;3;13;Z01
201500016208;0;7;0;0;2;3;1;A01
201500016209;0;7;0;0;2;3;2;A01
201500016209;0;7;0;0;0;5;2;B01
201500016210;0;7;0;2;0;1;1;A01
201500016211;0;7;0;0;2;1;2;B01
201500016211;0;7;0;0;2;3;2;A01
201500016212;0;7;0;0;2;2;1;B01
201500016212;0;7;0;0;2;7;1;A01
201500016213;0;7;0;15;0;1;1;A01
201500016214;0;7;0;4;0;1;1;A01
201500016215;0;7;0;0;2;1;1;B01
201500016215;0;7;0;0;2;7;15;A01
201500016216;0;7;0;0;2;1;2;B01
201500016216;0;13;0;0;2;5;2;A01
201500016217;0;7;0;0;2;6;0;B01
201500016217;0;7;0;0;2;2;2;A01
201500016218;0;32;0;0;2;1;17;A01
201500016218;0;7;0;0;0;8;15;B01
201500016219;0;7;0;0;2;1;2;A01
201500016219;0;7;0;0;0;4;1;B01
201500016220;1;99;0;0;0;0;0;A01
201500016220;0;7;0;0;0;4;2;B01
201500016221;0;7;0;0;2;7;15;B01
201500016221;0;30;0;0;2;2;17;A01
201500016222;0;7;0;0;1;2;1;A01
201500016223;0;7;0;0;2;1;1;B01
201500016223;0;7;0;0;2;4;1;A01
201500016223;0;7;0;0;2;1;1;D01
201500016223;0;7;0;0;2;1;1;C01
201500016224;0;7;0;0;2;1;2;A01
201500016224;0;7;0;0;2;4;2;B01
201500016225;0;7;0;0;2;2;0;A01
201500016225;0;7;0;0;2;6;0;B01
201500016226;0;7;0;0;0;7;0;B01
201500016226;0;7;0;0;0;1;0;A01
201500016227;1;7;0;0;2;5;0;A01
201500016227;0;7;0;0;2;5;1;B01
201500016227;0;7;0;0;2;0;0;C01
201500016228;0;7;0;0;2;5;2;A01
201500016228;0;7;0;0;2;1;2;B01
201500016229;0;7;0;0;2;3;16;A01
201500016229;0;1;0;0;2;0;1;B01
201500016230;0;7;0;4;0;0;0;A01
201500016231;0;33;0;0;2;1;1;B01
201500016231;0;7;0;0;0;8;9;A01
201500016232;0;7;0;0;2;8;19;A01
201500016232;0;13;0;0;2;1;1;B01
201500016233;0;7;0;0;2;1;1;B01
201500016233;0;7;0;0;2;8;1;A01
201500016234;0;10;0;0;1;2;1;A01
201500016235;0;7;0;0;2;3;15;B01
201500016235;0;7;0;0;2;2;17;A01
201500016236;0;7;0;0;2;3;2;A01
201500016236;0;7;0;0;0;5;2;B01
201500016237;0;7;0;0;2;3;1;A01
201500016237;0;7;0;0;2;1;1;B01
201500016238;0;15;0;0;2;5;23;B01
201500016238;0;14;0;0;2;3;11;A01
201500016239;0;1;0;0;0;0;0;B01
201500016239;0;7;0;0;2;7;14;A01
201500016240;0;10;0;0;0;0;0;A01
201500016240;0;2;0;0;0;0;0;B01
201500016241;0;7;0;0;0;9;2;A01
201500016242;0;7;0;0;0;9;1;A01
201500016243;0;7;0;0;1;3;1;A01
201500016244;0;7;0;13;0;3;1;A01
201500016245;0;7;0;0;6;0;0;A01
201500016246;0;7;0;4;0;3;0;A01
201500016247;0;30;0;0;0;8;17;A01
201500016248;0;7;0;0;0;0;0;A01
201500016249;0;7;0;0;1;1;16;A01
201500016250;0;7;0;12;0;5;16;A01
201500016251;0;7;0;0;2;3;19;A01
201500016251;0;7;0;0;0;7;1;B01
201500016252;0;7;0;0;2;1;1;B01
201500016252;0;7;0;0;2;3;15;A01
201500016253;0;33;0;0;2;3;1;A01
201500016253;0;7;0;0;2;6;15;B01
201500016254;0;7;0;0;1;3;2;A01
201500016255;0;7;0;2;0;1;1;A01
201500016256;0;7;0;0;0;0;0;A01
201500016256;0;10;0;0;0;0;0;B01
201500016257;0;7;0;0;0;4;1;B01
201500016257;0;7;0;0;0;1;1;A01
201500016258;0;7;0;0;2;1;1;B01
201500016258;0;7;0;0;2;3;15;A01
201500016259;0;7;0;8;0;0;0;A01
201500016260;0;7;0;0;2;0;6;A01
201500016260;0;32;0;0;2;1;1;B01
201500016261;0;7;0;0;0;0;0;A01
201500016261;0;7;0;0;0;0;0;B01
201500016262;0;7;0;0;2;3;1;A01
201500016262;0;7;0;0;2;4;15;B01
201500016263;0;7;0;0;1;2;2;A01
201500016264;0;7;0;11;0;1;16;A01
201500016265;0;7;0;0;2;6;11;A01
201500016265;0;7;0;0;2;2;1;B02
201500016266;0;7;0;0;2;2;17;A01
201500016266;0;7;0;0;2;3;1;B02
201500016267;0;16;0;0;0;7;1;A01
201500016268;0;7;0;0;2;4;2;A01
201500016268;0;7;0;0;2;4;2;B02
201500016268;0;10;0;0;2;1;2;C03
201500016268;0;7;0;0;2;1;2;D04
201500016269;0;10;0;0;2;1;2;A01
201500016269;0;7;0;0;0;4;2;B02
201500016270;0;7;0;5;2;1;17;A01
201500016270;0;17;0;0;0;6;1;B02
201500016271;0;10;0;3;0;3;1;A01
201500016272;0;7;0;0;2;1;14;A01
201500016272;0;17;0;0;2;4;1;B02
201500016273;0;7;0;4;0;3;1;A01
201500016274;0;7;0;0;2;5;2;A01
201500016274;0;7;0;0;2;6;2;B02
201500016274;0;7;0;0;2;1;2;C03
201500016274;0;7;0;0;2;1;2;D04
201500016275;0;7;0;0;0;2;21;A01
201500016276;0;7;0;4;6;1;21;A01
201500016276;0;7;0;0;2;1;2;B02
201500016277;0;7;0;0;0;0;1;A01
201500016277;0;33;0;0;2;3;21;B02
201500016277;0;7;0;0;2;2;17;C03
201500016278;0;7;0;0;2;2;11;A01
201500016278;0;14;0;0;0;6;1;B02
201500016279;0;7;0;0;2;1;2;A01
201500016279;0;17;0;0;0;4;1;B02
201500016280;0;7;0;3;0;1;13;A01
201500016281;0;7;0;1;2;1;2;A01
201500016281;0;7;0;0;0;4;1;B02
201500016282;0;17;0;4;0;1;13;A01
201500016283;0;7;0;0;2;1;2;A01
201500016283;0;7;0;0;0;4;2;B02
201500016284;0;7;0;0;2;1;2;A01
201500016284;0;7;0;0;2;4;1;B02
201500016285;0;7;0;2;0;1;14;A01
201500016286;0;7;0;0;2;1;2;A01
201500016286;0;7;0;0;2;4;2;B02
201500016287;0;7;0;0;0;0;1;A01
201500016288;0;7;0;0;2;2;1;A01
201500016288;0;7;0;0;2;4;1;B02
201500016289;0;7;0;0;2;1;2;A01
201500016289;0;7;0;0;0;4;2;B02
201500016289;0;7;0;0;0;4;2;C03
201500016290;0;7;0;0;2;2;17;A01
201500016290;0;17;0;0;0;8;1;B02
201500016291;0;7;0;3;1;2;21;A01
201500016292;0;15;0;0;0;5;23;A01
201500016292;0;14;0;1;0;2;2;B02
201500016293;0;7;0;0;2;1;9;A01
201500016293;0;7;0;0;2;2;1;B02
201500016294;0;7;0;0;2;2;1;A01
201500016294;0;7;0;0;2;6;1;B02
201500016295;0;7;0;0;1;3;1;A01
201500016296;0;7;0;0;0;2;1;B02
201500016296;0;10;0;0;1;7;1;A01
201500016297;0;7;0;0;9;3;1;A01
201500016298;0;7;0;1;1;1;1;A01
201500016298;0;17;0;0;2;5;23;B02
201500016299;0;7;0;0;2;6;23;A01
201500016299;0;15;0;0;2;3;1;B02
201500016299;0;7;0;0;2;2;13;C03
201500016300;0;17;0;16;0;8;1;A01
201500016301;0;33;0;0;0;8;1;A01
201500016302;0;14;0;0;2;8;1;A01
201500016302;0;1;0;0;2;1;1;B02
201500016303;0;33;0;0;2;7;17;B02
201500016303;0;10;0;0;2;8;15;A01
201500016304;0;30;0;0;2;1;10;B02
201500016304;0;17;0;0;2;2;1;A01
201500016305;0;7;0;4;0;3;17;A01
201500016306;0;7;0;0;2;1;2;B02
201500016306;0;7;0;0;2;1;1;D04
201500016306;0;7;0;0;2;4;2;A01
201500016306;0;7;0;0;2;1;1;C03
201500016307;0;10;0;3;0;2;14;A01
201500016308;0;14;0;8;0;2;14;A01
201500016309;0;7;0;0;0;2;14;A01
201500016310;0;14;0;0;2;2;12;B02
201500016310;0;7;0;0;2;3;11;A01
201500016311;0;7;0;13;0;9;0;A01
201500016312;0;7;0;0;2;3;1;A01
201500016312;0;7;0;0;2;5;1;B02
201500016313;0;7;0;13;0;2;1;A01
201500016314;0;1;0;0;2;7;13;B02
201500016314;0;7;0;0;9;6;16;A01
201500016315;0;7;0;0;2;1;5;A01
201500016315;0;7;0;0;2;1;1;B02
201500016316;0;7;0;0;2;1;1;B02
201500016316;0;7;0;0;2;3;15;A01
201500016317;0;7;0;0;0;1;1;A01
201500016318;0;7;0;0;2;3;13;A01
201500016318;0;33;0;0;2;1;1;B02
201500016319;0;31;0;0;9;0;2;A01
201500016320;0;33;0;0;2;1;17;A01
201500016320;0;7;0;0;2;6;15;B02
201500016321;0;10;0;0;2;1;1;C03
201500016321;0;7;0;0;2;8;24;A01
201500016321;0;7;0;0;2;1;13;B02
201500016322;0;7;0;12;0;2;1;A01
201500016323;0;7;0;13;0;7;1;A01
201500016324;0;7;0;0;0;0;2;D04
201500016324;0;7;0;0;2;3;1;B02
201500016324;0;7;0;0;2;3;13;C03
201500016324;0;7;0;0;2;2;1;A01
201500016325;0;7;0;0;1;2;1;A01
201500016326;0;7;0;0;2;6;17;A01
201500016326;0;10;0;0;2;3;1;B02
201500016327;0;17;0;0;2;3;1;B02
201500016327;0;7;0;0;2;3;13;A01
201500016328;0;7;0;3;0;1;0;A01
201500016329;0;7;0;3;0;1;1;A01
201500016330;0;10;0;13;0;2;14;A01
201500016331;0;10;0;13;0;3;11;A01
201500016332;0;15;0;0;0;6;24;A01
201500016332;0;30;0;1;0;1;2;B02
201500016333;0;7;0;11;0;1;0;A01
201500016334;0;7;0;0;0;9;1;A01
201500016335;0;7;0;0;2;6;2;A01
201500016335;0;10;0;0;2;6;2;B02
201500016336;0;7;0;3;0;3;1;A01
201500016337;0;7;0;0;2;2;2;A01
201500016337;0;7;0;0;2;6;2;B02
201500016338;0;7;0;0;0;1;1;A01
201500016339;0;7;0;0;2;8;1;A01
201500016339;0;15;0;0;2;1;1;B02
201500016340;0;10;0;3;0;0;2;A01
201500016341;0;10;0;0;0;0;1;A01
201500016342;0;10;0;0;9;6;1;A01
201500016342;0;7;0;0;9;8;2;B02
201500016342;0;7;0;0;0;1;1;C03
201500016342;0;7;0;0;0;0;1;D04
201500016343;0;38;27;14;0;0;1;A01
201500016344;0;14;0;13;0;3;1;A01
201500016345;0;7;0;0;2;1;1;A01
201500016345;0;7;0;0;2;8;1;B02
201500016346;0;7;0;0;2;3;1;B02
201500016346;0;7;0;0;2;3;13;A01
201500016347;0;7;0;13;0;2;1;A01
201500016348;0;7;0;0;2;3;1;B02
201500016348;0;7;0;0;2;3;1;A01
201500016349;0;7;0;0;2;7;1;B02
201500016349;0;2;0;0;2;1;19;A01
201500016350;0;7;0;0;2;1;5;A01
201500016350;0;2;0;0;2;1;1;B02
201500016351;0;1;0;0;2;8;1;B02
201500016351;0;7;0;0;2;8;1;A01
201500016352;0;7;0;0;2;3;10;A01
201500016352;0;30;0;0;2;2;1;B02
201500016353;0;7;0;0;2;1;1;A01
201500016353;0;31;0;0;2;1;13;B02
201500016354;0;10;0;0;2;1;17;C03
201500016354;0;31;0;0;2;3;9;A01
201500016354;0;7;0;0;2;2;17;B02
201500016355;0;14;0;0;2;1;1;B02
201500016355;0;7;0;8;2;7;1;A01
201500016355;0;7;0;0;0;3;23;C03
201500016355;0;7;0;0;0;0;23;D04
201500016356;0;7;0;3;0;3;1;A01
201500016357;0;7;0;8;0;8;0;A01
201500016358;0;7;0;0;0;1;1;C01
201500016358;0;7;0;0;0;3;13;A01
201500016358;0;14;0;0;2;3;1;B01
201500016359;0;7;0;0;0;3;1;A01
201500016360;0;15;0;0;2;3;1;B01
201500016360;0;7;0;0;2;3;13;A01
201500016361;0;7;0;0;0;8;15;A01
201500016361;0;7;0;0;2;1;1;B01
201500016362;0;33;0;0;2;2;21;A01
201500016362;0;7;0;0;2;3;15;B02
201500016363;0;7;0;0;1;0;2;A01
201500016364;0;7;0;13;0;3;1;A01
201500016365;0;7;0;2;0;2;1;A01
201500016366;0;7;0;0;9;3;13;A01
201500016366;0;1;0;0;0;3;1;B02
201500016367;0;7;0;0;0;1;13;A01
201500016367;0;7;0;0;0;3;1;B02
201500016368;0;7;0;0;0;5;15;A01
201500016368;0;33;0;0;2;1;1;B02
201500016369;0;33;0;0;2;1;1;A01
201500016369;0;7;0;0;2;3;1;B02
201500016370;0;7;0;0;2;3;2;B02
201500016370;0;2;0;0;2;1;13;A01
201500016371;0;10;0;2;0;2;1;A01
201500016372;0;7;0;0;2;1;1;A01
201500016372;0;7;0;0;2;4;23;B01
201500016373;0;37;15;0;1;7;1;A01
201500016374;0;7;0;0;1;1;16;A01
201500016375;0;7;0;0;2;8;9;A01
201500016375;0;30;0;0;2;1;1;B01
201500016376;0;7;0;13;0;9;14;A01
201500016377;0;10;0;0;1;2;1;A01
201500016378;0;1;0;0;2;1;23;B01
201500016378;0;7;0;0;2;1;15;A01
201500016379;0;7;0;0;1;1;16;A01
201500016380;0;2;0;7;0;1;14;A01
201500016381;0;2;0;0;2;1;17;A01
201500016381;0;10;0;0;2;8;15;B01
201500016382;0;7;0;15;0;2;0;A01
201500016383;0;7;0;0;2;1;1;A01
201500016383;0;7;0;0;2;4;23;B01
201500016383;0;7;0;0;0;4;23;C01
201500016384;0;3;0;8;2;5;0;A01
201500016384;0;7;0;0;2;3;0;B01
201500016385;0;7;0;0;1;1;17;A01
201500016386;0;7;0;5;0;1;1;A01
201500016387;0;7;0;0;2;1;1;A01
201500016387;0;7;0;0;2;4;23;B01
201500016388;0;7;0;0;1;1;1;A01
201500016389;0;30;0;0;1;2;17;A01
201500016390;0;7;0;0;1;1;9;A01
201500016391;0;7;0;0;1;4;20;A01
201500016392;0;7;0;0;2;1;15;A01
201500016392;0;7;0;0;2;1;1;B01
201500016393;0;7;0;7;1;3;1;B01
201500016393;0;7;0;0;2;3;15;A01
201500016394;0;33;0;1;2;1;1;A01
201500016394;0;7;0;0;2;4;1;B01
201500016395;0;7;0;0;2;8;9;A01
201500016395;0;1;0;0;2;1;1;B01
201500016396;0;37;10;0;1;1;1;A01
201500016397;0;30;0;0;1;1;1;A01
201500016398;0;7;0;0;1;4;4;A01
201500016399;0;3;0;0;1;2;1;A01
201500016400;0;7;0;0;1;3;1;A01
201500016401;1;7;0;0;1;1;1;Z01
201500016402;0;1;0;0;1;1;1;A01
201500016403;1;33;0;6;1;1;1;Z01
201500016404;0;2;0;0;2;3;1;B01
201500016404;0;7;0;0;2;3;15;A01
201500016405;0;1;0;0;1;1;1;A01
201500016406;0;7;0;0;2;8;15;B01
201500016406;0;7;0;8;2;1;1;A01
201500016407;0;7;0;0;1;3;15;A01
201500016408;0;33;0;0;1;1;1;A01
201500016409;0;33;0;0;2;5;1;B01
201500016409;0;7;0;0;2;1;9;A01
201500016410;1;7;0;0;2;1;1;Z01
201500016410;0;1;0;0;2;4;1;A01
201500016411;0;7;0;0;2;1;1;B01
201500016411;0;7;0;7;2;7;15;A01
201500016412;0;2;0;8;0;1;14;A01
201500016413;0;33;0;0;1;2;21;A01
201500016414;0;7;0;0;2;2;1;A01
201500016414;0;7;0;0;2;6;1;B01
201500016415;0;7;0;0;2;8;15;A01
201500016415;0;30;0;0;2;1;1;B01
201500016416;0;33;0;0;2;1;1;A01
201500016416;0;7;0;0;2;7;23;B01
201500016417;0;7;0;2;0;1;14;A01
201500016418;0;33;0;0;2;2;1;B01
201500016418;0;10;0;0;2;6;11;A01
201500016419;0;7;0;0;2;3;13;A01
201500016419;0;7;0;0;2;1;1;B01
201500016420;0;7;0;0;1;2;1;A01
201500016421;0;33;0;0;2;1;1;B01
201500016421;0;7;0;0;2;8;15;A01
201500016422;0;7;0;0;1;2;16;A01
201500016422;0;7;0;0;0;0;0;B01
201500016423;0;7;0;0;1;3;21;A01
201500016424;0;7;0;2;0;4;14;A01
201500016425;0;33;0;12;0;1;1;A01
201500016426;1;7;0;0;1;3;1;A01
201500016427;0;7;0;0;2;6;13;A01
201500016427;0;32;0;0;2;1;1;B01
201500016428;0;2;0;1;0;1;1;A01
201500016429;0;10;0;0;2;7;1;B01
201500016429;0;30;0;0;2;8;16;A01
201500016430;0;7;0;0;1;1;1;A01
201500016431;0;1;0;0;2;7;1;B01
201500016431;0;10;0;0;2;1;19;A01
201500016432;0;7;0;0;2;2;15;A01
201500016432;0;33;0;0;2;3;16;B01
201500016433;0;37;10;0;1;5;21;A01
201500016434;0;7;0;0;1;2;15;A01
201500016435;0;7;0;0;2;2;13;A01
201500016435;0;2;0;0;2;1;1;B01
201500016436;0;7;0;0;1;3;1;A01
201500016437;0;10;0;0;2;1;1;B01
201500016437;0;7;0;0;2;7;15;A01
201500016438;0;7;0;0;1;1;1;A01
201500016439;0;40;0;0;1;3;1;A01
201500016440;0;7;0;0;2;3;13;A01
201500016440;0;37;0;0;2;3;1;B01
201500016441;0;7;0;0;2;1;1;A01
201500016441;0;7;0;6;2;8;1;B01
201500016442;0;1;0;0;2;4;12;B01
201500016442;0;10;0;0;2;3;1;A01
201500016443;0;7;0;0;2;1;11;A01
201500016443;0;7;0;0;2;4;1;B01
201500016444;0;34;0;0;2;7;1;B01
201500016444;0;7;0;0;2;1;19;A01
201500016445;0;33;0;0;2;1;21;A01
201500016445;1;7;0;0;2;8;19;Z01
201500016446;0;33;0;0;2;2;17;A01
201500016446;0;10;0;0;2;8;15;B01
201500016447;0;7;0;0;2;8;10;A01
201500016447;0;30;0;0;2;1;1;B01
201500016447;0;2;0;0;2;1;1;C01
201500016448;0;7;0;0;1;1;1;A01
201500016449;0;2;0;0;2;2;1;A01
201500016449;0;7;0;0;2;3;15;B01
201500016450;0;2;0;0;2;1;1;A01
201500016450;0;7;0;0;2;6;1;B01
201500016451;0;7;0;0;2;1;15;A01
201500016451;0;31;0;0;2;8;1;B01
201500016452;0;7;0;0;1;1;20;A01
201500016453;0;10;0;0;2;7;16;A01
201500016453;0;37;0;0;2;3;1;B01
201500016454;0;31;0;0;2;1;21;A01
201500016454;0;7;0;0;2;3;16;B01
201500016455;0;7;0;0;2;1;1;A01
201500016455;0;7;0;0;2;8;15;B01
201500016456;0;7;0;0;2;9;1;A01
201500016456;0;7;0;0;2;1;1;B02
201500016457;0;7;0;0;2;4;23;A01
201500016457;0;2;0;0;2;1;2;B02
201500016458;0;7;0;3;0;1;0;A01
201500016459;0;7;0;0;2;1;1;B02
201500016459;0;7;0;0;2;3;19;A01
201500016460;0;2;0;0;2;3;1;B01
201500016461;0;7;0;0;2;1;1;A01
201500016461;0;7;0;0;2;7;15;B01
201500016462;0;30;0;0;2;7;1;B01
201500016462;0;7;0;0;2;4;4;A01
201500016463;0;30;0;0;2;1;1;A01
201500016463;0;7;0;0;0;5;2;B01
201500016464;0;7;0;0;0;0;0;A01
201500016465;0;7;0;0;2;8;1;A01
201500016465;1;7;0;0;2;0;0;B01
201500016466;0;2;0;0;0;0;1;A01
201500016467;0;7;0;0;2;5;19;A01
201500016467;0;30;0;0;2;1;1;B01
201500016468;0;7;0;0;1;0;0;A01
201500016469;0;7;0;13;0;2;14;A01
201500016470;0;7;0;1;1;0;0;A01
201500016471;0;7;0;0;2;1;1;A01
201500016471;0;7;0;0;0;2;1;B01
201500016472;0;7;0;1;1;1;0;A01
201500016473;0;2;0;0;2;1;2;A01
201500016473;0;7;0;0;9;5;1;B01
201500016474;0;7;0;0;2;4;1;B01
201500016474;0;33;0;0;2;1;2;A01
201500016475;0;7;0;0;2;3;0;A01
201500016475;0;31;0;0;2;5;1;B01
201500016476;0;7;0;0;1;1;1;A01
201500016477;0;33;0;0;5;1;2;A01
201500016478;0;7;0;0;2;2;15;A01
201500016478;0;7;0;0;2;1;1;B01
201500016479;0;7;0;0;2;1;1;B02
201500016479;0;7;0;0;2;1;13;A01
201500016480;0;7;0;0;2;3;13;A01
201500016480;0;10;0;0;2;3;1;B02
201500016481;0;7;0;0;2;6;1;C03
201500016481;0;7;0;0;2;3;1;B02
201500016481;0;7;0;0;2;3;13;A01
201500016482;0;7;0;13;0;1;14;A01
201500016483;0;7;0;0;2;1;1;A01
201500016483;0;7;0;0;2;1;0;D04
201500016483;0;7;0;0;2;1;1;C03
201500016483;0;14;0;0;2;3;1;B02
201500016484;0;7;0;8;0;2;13;A01
201500016485;0;33;0;13;0;1;1;A01
201500016486;0;7;0;0;1;2;16;A01
201500016487;0;3;0;0;2;2;1;A01
201500016487;0;1;0;0;2;3;15;B02
201500016488;0;33;0;0;0;0;1;A01
201500016489;0;1;0;0;2;8;16;A01
201500016489;0;21;0;0;2;6;1;B02
201500016490;0;35;0;0;2;8;1;A01
201500016490;0;7;0;0;2;1;15;B02
201500016491;0;7;0;0;2;3;1;B02
201500016491;0;7;0;0;2;3;13;A01
201500016492;0;33;0;13;0;1;17;A01
201500016493;0;99;0;6;0;4;0;A01
201500016494;0;7;0;2;0;1;0;A01
201500016495;0;10;0;0;2;3;1;B02
201500016495;0;7;0;0;2;1;17;A01
201500016495;0;7;0;0;2;1;1;C03
201500016496;0;33;0;0;0;0;1;A01
201500016497;1;7;0;0;1;2;1;A01
201500016498;0;33;0;13;0;8;1;A01
201500016499;0;7;0;6;0;2;1;A01
201500016500;0;7;0;6;0;3;1;A01
201500016501;0;2;0;13;0;1;1;A01
201500016502;0;10;0;0;2;8;10;A01
201500016502;0;14;0;0;2;2;1;B02
201500016503;0;7;0;13;0;3;1;A01
201500016504;0;7;0;0;1;2;1;A01
201500016505;0;7;0;0;2;3;19;B02
201500016505;0;33;0;0;2;1;1;A01
201500016506;0;7;0;13;0;3;13;A01
201500016507;0;2;0;0;1;1;1;A01
201500016508;0;7;0;13;0;3;11;A01
201500016509;0;2;0;0;2;4;15;A01
201500016509;0;7;0;0;2;2;2;B02
201500016510;0;7;0;0;2;3;13;A01
201500016510;0;17;0;0;2;3;1;B02
201500016511;0;7;0;13;0;2;0;A01
201500016512;0;36;0;2;0;1;1;A01
201500016513;0;7;0;0;2;1;1;B02
201500016513;0;7;0;0;2;1;15;A01
201500016514;0;7;0;0;2;1;13;A01
201500016514;0;7;0;0;2;1;1;B02
201500016515;0;7;0;0;1;3;1;A01
201500016516;0;7;0;0;0;1;1;B02
201500016516;0;7;0;0;0;3;15;A01
201500016517;0;2;0;1;0;1;0;A01
201500016518;0;7;0;0;1;5;17;A01
201500016519;0;7;0;1;0;2;0;A01
201500016520;0;7;0;13;0;1;1;A01
201500016521;0;10;0;13;0;3;1;A01
201500016522;0;7;0;0;2;2;19;B02
201500016522;0;7;0;0;2;1;1;A01
201500016523;0;31;0;0;0;0;1;A01
201500016524;0;7;0;0;2;2;19;A01
201500016524;0;7;0;0;2;1;1;B02
201500016525;0;7;0;0;0;6;1;A01
201500016525;0;33;0;0;2;2;2;B02
201500016526;0;7;0;0;1;1;1;A01
201500016527;0;14;0;0;0;3;1;A01
201500016528;0;7;0;14;0;1;2;A01
201500016529;0;7;0;0;2;1;1;B02
201500016529;0;10;0;0;2;2;15;A01
201500016530;0;7;0;16;0;9;1;A01
201500016531;0;7;0;0;2;2;13;A01
201500016531;0;7;0;0;2;1;1;B02
201500016532;0;30;0;0;2;1;13;A01
201500016532;0;17;0;0;2;6;0;B02
201500016533;0;7;0;13;0;1;1;A01
201500016534;0;7;0;0;1;3;15;A01
201500016535;0;7;0;0;2;1;1;B02
201500016535;0;7;0;0;2;6;23;A01
201500016536;0;7;0;0;2;1;1;A01
201500016536;0;7;0;0;2;3;1;B02
201500016537;0;7;0;13;0;9;1;A01
201500016538;0;7;0;0;2;2;13;A01
201500016538;0;7;0;0;2;5;1;B02
201500016539;0;35;0;0;0;0;1;A01
201500016540;0;30;0;0;6;1;1;A01
201500016541;0;7;0;13;2;7;13;A01
201500016541;0;7;0;13;2;1;1;B01
201500016542;0;10;0;0;2;4;23;C01
201500016542;0;7;0;0;2;4;23;B01
201500016542;0;7;0;0;2;1;2;A01
201500016543;1;7;0;0;1;0;0;A01
201500016544;0;30;0;1;0;2;14;A01
201500016545;0;7;0;0;1;0;15;A01
201500016546;0;33;0;0;2;2;1;B01
201500016546;0;1;0;0;2;3;19;A01
201500016547;0;7;0;0;2;7;19;A01
201500016547;0;7;0;0;2;1;1;B01
201500016548;0;10;0;0;2;3;2;A01
201500016548;0;34;0;0;2;4;23;B01
201500016549;0;7;0;0;2;2;15;A01
201500016549;0;7;0;0;2;3;1;B01
201500016550;0;7;0;0;1;1;20;A01
201500016551;0;30;0;1;0;1;1;A01
201500016552;0;10;0;1;0;3;19;A01
201500016552;0;7;0;0;2;2;24;B01
201500016553;0;30;0;0;2;1;2;A01
201500016553;0;7;0;0;2;5;16;B01
201500016554;0;3;0;2;0;1;1;A01
201500016555;0;7;0;0;2;5;15;B01
201500016555;0;7;0;0;2;3;2;A01