num_acc;senc;catv;occutc;obs;obsm;choc;manv;num_veh
201500016556;0;7;0;8;2;3;19;A01
201500016556;0;99;0;0;2;2;1;B01
201500016557;0;7;0;0;2;2;1;A01
201500016557;0;7;0;0;2;3;15;B01
201500016558;0;7;0;0;0;6;16;B01
201500016558;0;7;0;0;2;2;2;A01
201500016559;0;7;0;0;2;1;1;A01
201500016559;0;7;0;0;2;3;1;B02
201500016560;0;16;0;16;0;1;1;A01
201500016561;0;7;0;2;0;3;1;A01
201500016562;0;7;0;0;2;3;9;B02
201500016562;0;7;0;0;2;1;1;A01
201500016563;0;7;0;0;2;7;19;B02
201500016563;0;7;0;0;2;1;1;A01
201500016564;0;30;0;0;2;1;1;A01
201500016564;0;7;0;0;0;7;1;B02
201500016565;0;7;0;3;2;7;13;A01
201500016565;0;7;0;3;2;1;1;B02
201500016566;0;14;0;6;2;1;1;B02
201500016566;0;7;0;0;2;1;13;A01
201500016567;0;33;0;13;0;1;1;A01
201500016568;0;7;0;13;0;3;13;A01
201500016569;0;7;0;6;0;3;1;A01
201500016570;0;33;0;0;2;1;11;B02
201500016570;0;33;0;0;2;4;1;A01
201500016571;0;7;0;0;1;1;1;A01
201500016572;0;7;0;0;1;1;1;A01
201500016573;0;33;0;0;0;0;1;A01
201500016574;0;33;0;0;0;0;16;A01
201500016575;0;7;0;0;0;3;0;A01
201500016576;0;15;0;0;2;8;13;B02
201500016576;0;33;0;0;2;8;1;A01
201500016577;0;33;0;0;2;7;1;A01
201500016577;0;10;0;0;2;1;15;B02
201500016578;0;7;0;0;2;7;2;A01
201500016578;0;33;0;0;2;3;2;B02
201500016579;0;30;0;0;0;1;14;A01
201500016580;0;7;0;0;2;2;13;A01
201500016580;0;33;0;0;2;1;1;B02
201500016581;0;33;0;3;0;2;1;B02
201500016581;0;33;0;0;0;0;1;A01
201500016582;0;2;0;0;2;1;1;B02
201500016582;0;10;0;0;2;3;17;A01
201500016583;0;7;0;0;2;3;1;B02
201500016583;0;7;0;0;2;1;13;A01
201500016584;0;7;0;0;2;3;1;B02
201500016584;0;7;0;0;2;3;17;A01
201500016585;0;7;0;0;2;7;1;A01
201500016585;0;7;0;0;2;3;1;B02
201500016586;0;7;0;0;2;2;2;A01
201500016586;0;7;0;0;2;3;2;B02
201500016587;0;7;0;0;2;5;6;A01
201500016587;0;7;0;0;2;3;1;B02
201500016588;0;7;0;8;0;1;1;A01
201500016589;0;33;0;0;2;4;1;B02
201500016589;0;33;0;0;2;1;1;A01
201500016589;0;7;0;0;2;3;15;C03
201500016590;0;31;0;8;0;1;1;A01
201500016591;0;99;0;0;0;6;1;B02
201500016591;0;7;0;0;2;2;21;A01
201500016592;0;7;0;0;2;3;1;B02
201500016592;0;7;0;0;2;1;13;A01
201500016593;0;7;0;13;0;9;1;A01
201500016594;0;7;0;6;0;1;13;A01
201500016595;0;7;0;0;0;1;1;A01
201500016596;0;7;0;0;2;;9;B01
201500016596;0;7;0;0;2;7;2;A01
201500016597;0;7;0;0;2;3;1;B02
201500016597;0;10;0;0;2;1;13;A01
201500016598;0;7;0;0;2;2;15;A01
201500016598;0;1;0;0;2;1;1;B02
201500016599;0;7;0;0;2;1;15;A01
201500016599;0;7;0;0;2;1;1;B02
201500016600;0;33;0;0;2;2;1;A01
201500016600;0;1;0;0;2;2;19;B02
201500016601;0;3;0;15;0;1;5;A01
201500016602;0;7;0;0;2;6;1;A01
201500016602;0;7;0;0;2;1;23;B02
201500016603;0;7;0;0;2;1;1;C03
201500016603;0;7;0;0;2;3;1;B02
201500016603;0;7;0;0;2;2;13;A01
201500016604;0;7;0;0;2;7;1;B01
201500016604;0;7;0;15;2;3;1;A01
201500016605;0;7;0;0;2;7;15;A01
201500016605;0;7;0;0;2;1;1;B01
201500016606;0;10;0;10;0;9;13;A01
201500016607;0;7;0;0;2;1;2;A01
201500016607;0;7;0;0;0;4;2;B01
201500016608;0;7;0;1;0;1;13;A01
201500016609;0;7;0;15;0;1;14;A01
201500016610;0;7;0;0;2;1;2;A01
201500016610;0;7;0;15;0;4;2;B01
201500016611;0;7;0;7;0;1;14;A01
201500016612;0;2;0;0;2;1;17;A01
201500016612;0;7;0;0;2;8;15;B01
201500016613;0;7;0;15;0;1;13;A01
201500016614;0;7;0;0;2;2;15;A01
201500016614;0;7;0;0;2;1;1;B01
201500016615;0;7;0;0;1;1;1;A01
201500016616;0;7;0;0;2;3;13;A01
201500016616;0;7;0;0;2;3;1;B01
201500016617;0;2;0;16;0;0;14;A01
201500016618;0;2;0;0;0;2;21;C01
201500016618;0;3;0;0;2;1;5;A01
201500016618;0;2;0;0;2;1;1;B01
201500016619;0;15;0;0;2;2;16;A01
201500016619;0;2;0;0;2;1;1;B01
201500016620;0;7;0;0;2;2;12;A01
201500016620;0;7;0;0;2;6;1;B01
201500016621;0;10;0;0;2;2;15;A01
201500016621;0;33;0;0;2;1;1;B01
201500016622;0;7;0;15;0;1;14;A01
201500016623;0;30;0;0;2;8;1;A01
201500016623;0;7;0;0;2;1;1;B01
201500016624;0;33;0;12;0;9;14;A01
201500016625;0;2;0;15;0;1;14;A01
201500016626;0;1;0;12;0;1;1;A01
201500016627;0;7;0;0;1;1;1;A01
201500016628;0;7;0;0;1;2;1;A01
201500016629;0;30;0;0;2;4;23;B01
201500016629;0;7;0;0;2;1;2;A01
201500016630;0;33;0;0;2;1;2;A01
201500016630;0;7;0;0;2;4;2;B01
201500016631;0;7;0;0;2;3;13;A01
201500016631;0;7;0;13;2;3;21;B01
201500016632;0;30;0;0;2;1;1;A01
201500016632;0;7;0;0;2;6;15;B01
201500016633;0;7;0;0;2;1;16;A01
201500016633;0;2;0;0;2;3;13;B01
201500016634;0;7;0;0;2;4;4;A01
201500016634;0;33;0;0;2;7;1;B01
201500016635;0;7;0;6;1;1;14;A01
201500016636;0;7;0;0;2;1;2;A01
201500016636;0;30;0;0;2;4;15;B01
201500016637;0;10;0;0;1;4;20;A01
201500016638;0;7;0;3;0;8;13;A01
201500016639;0;10;0;0;2;1;9;A01
201500016639;0;7;0;2;2;6;1;B01
201500016640;0;7;0;16;0;9;1;A01
201500016641;0;7;0;0;2;1;1;A01
201500016641;0;7;0;0;2;8;1;B01
201500016642;0;2;0;0;2;1;1;B01
201500016642;0;10;0;0;2;8;15;A01
201500016643;0;7;0;0;2;8;15;A01
201500016643;0;7;0;0;2;1;1;B01
201500016643;0;10;0;0;2;1;1;C01
201500016644;0;30;0;16;0;7;9;A01
201500016645;0;7;0;13;0;7;21;A01
201500016646;0;7;0;8;0;1;14;A01
201500016647;0;7;0;0;2;1;2;A01
201500016647;0;15;0;0;2;4;1;B01
201500016648;0;14;0;0;2;1;2;A01
201500016648;0;7;0;0;2;4;23;B01
201500016649;0;2;0;0;2;1;17;A01
201500016649;0;7;0;0;2;3;15;B01
201500016650;0;7;0;13;0;2;14;A01
201500016651;0;7;0;0;2;7;15;A01
201500016651;0;2;0;0;2;1;1;B01
201500016652;0;10;0;0;2;6;1;C01
201500016652;0;7;0;0;2;3;13;A01
201500016652;0;7;0;0;2;8;1;B01
201500016653;0;7;0;0;2;1;2;A01
201500016653;0;7;0;0;2;4;23;B01
201500016654;0;7;0;1;2;8;9;A01
201500016654;0;7;0;0;2;1;1;B01
201500016655;0;7;0;6;0;1;13;A01
201500016656;0;7;0;0;1;3;15;A01
201500016657;0;7;0;0;2;8;10;A01
201500016657;0;7;0;0;2;1;1;B01
201500016658;0;7;0;16;0;9;1;A01
201500016659;0;30;0;0;0;0;1;A01
201500016660;0;30;0;0;2;8;1;B01
201500016660;1;7;0;0;2;0;0;A01
201500016661;0;7;0;0;1;1;1;A01
201500016662;0;7;0;0;1;2;1;A01
201500016663;0;7;0;0;2;2;9;A01
201500016663;0;1;0;0;2;7;1;A02
201500016664;0;7;0;8;0;1;1;A01
201500016665;0;7;0;8;0;4;21;A01
201500016666;0;1;0;0;2;1;5;A02
201500016666;0;7;0;0;2;5;17;A01
201500016667;0;7;0;0;2;8;15;A01
201500016667;0;7;0;0;2;1;1;B02
201500016668;0;7;0;13;0;7;1;A01
201500016669;0;10;0;16;0;1;14;A01
201500016670;0;7;0;16;0;1;13;A01
201500016671;0;33;0;0;0;1;1;B01
201500016671;0;7;0;0;0;3;15;A02
201500016672;0;7;0;0;2;1;17;A01
201500016672;0;7;0;0;2;1;1;B02
201500016672;0;7;0;0;2;8;1;C03
201500016673;0;7;0;0;2;2;13;A01
201500016673;0;7;0;0;2;1;1;B02
201500016674;0;7;0;0;2;2;19;A01
201500016674;0;30;0;0;2;1;1;B02
201500016675;0;7;0;0;1;2;1;A01
201500016676;0;7;0;13;0;9;19;A01
201500016677;0;7;0;13;0;1;13;A01
201500016678;0;7;0;8;0;8;1;A01
201500016679;0;7;0;6;0;3;13;A01
201500016680;0;7;0;0;2;3;1;B02
201500016680;0;7;0;0;2;3;5;A01
201500016681;0;7;0;0;2;7;1;A01
201500016681;0;7;0;0;2;1;1;B01
201500016682;0;7;0;13;0;8;1;A01
201500016682;0;7;0;0;2;1;1;B02
201500016683;0;7;0;0;6;9;1;A01
201500016684;0;20;0;0;2;4;0;B02
201500016684;0;7;0;0;2;2;1;A01
201500016685;0;7;0;6;0;3;1;A01
201500016686;0;31;0;0;2;1;1;B01
201500016686;0;7;0;0;2;2;1;A01
201500016687;0;7;0;0;2;1;1;A01
201500016687;0;21;0;0;2;6;1;B01
201500016688;0;15;0;0;2;2;1;B02
201500016688;0;7;0;0;2;2;5;A01
201500016689;0;7;0;0;2;1;0;B01
201500016689;0;7;0;0;2;1;13;A01
201500016690;0;7;0;0;2;8;15;B02
201500016690;0;33;0;0;2;7;17;A01
201500016691;0;7;0;0;0;7;13;A01
201500016692;0;1;0;0;2;1;1;B02
201500016692;0;7;0;0;2;3;15;A01
201500016693;0;7;0;0;2;1;19;B01
201500016693;0;10;0;0;2;3;1;A01
201500016694;0;7;0;0;2;5;23;C01
201500016694;0;14;0;0;2;3;15;B01
201500016694;0;15;0;0;2;3;1;A01
201500016695;0;30;0;0;2;1;1;B01
201500016695;0;7;0;0;2;7;20;A01
201500016696;0;31;0;0;2;1;1;B01
201500016696;0;3;0;0;0;8;19;A01
201500016697;0;7;0;0;0;9;0;A01
201500016698;0;7;0;0;2;8;15;B01
201500016698;0;31;0;0;2;2;17;A01
201500016699;0;7;0;2;0;1;0;A01
201500016700;2;7;0;2;0;3;1;A01
201500016701;0;7;0;2;0;1;0;A01
201500016702;0;7;0;0;2;7;19;B02
201500016702;0;7;0;0;2;1;1;A01
201500016703;0;7;0;13;0;8;1;A01
201500016704;0;7;0;0;2;2;1;B02
201500016704;0;33;0;0;2;1;5;A01
201500016705;0;14;0;16;0;8;1;A01
201500016706;0;1;0;0;2;1;15;B02
201500016706;0;7;0;0;0;2;21;A01
201500016707;0;7;0;0;2;1;15;A01
201500016707;0;7;0;0;2;1;1;B02
201500016708;0;7;0;3;0;7;1;A01
201500016709;0;7;0;2;0;1;1;A01
201500016710;0;30;0;0;0;0;0;A01
201500016711;0;7;0;6;2;2;13;A01
201500016711;0;7;0;0;2;2;1;B02
201500016712;0;7;0;0;2;3;10;B02
201500016712;0;7;0;8;2;7;1;A01
201500016713;0;7;0;0;0;0;17;A01
201500016714;0;7;0;0;2;3;15;A01
201500016714;0;2;0;0;2;1;1;B02
201500016715;0;7;0;0;0;3;1;A01
201500016715;0;7;0;0;0;3;1;B02
201500016716;0;7;0;2;0;7;13;A01
201500016717;0;7;0;0;0;9;1;A01
201500016718;0;33;0;0;2;1;17;A01
201500016718;0;7;0;0;2;8;15;B02
201500016719;0;7;0;0;2;1;19;B02
201500016719;0;7;0;0;2;3;1;A01
201500016720;0;7;0;0;2;1;1;B02
201500016720;0;7;0;0;2;8;19;A01
201500016721;0;7;0;13;0;2;1;A01
201500016722;0;7;0;0;2;2;17;B02
201500016722;0;1;0;0;2;8;15;A01
201500016723;0;7;0;0;2;3;1;A01
201500016723;0;7;0;0;2;3;1;B02
201500016724;0;7;0;0;2;1;9;B02
201500016724;0;7;0;0;2;2;1;A01
201500016725;0;7;0;0;1;2;1;A01
201500016726;0;7;0;0;2;1;16;A01
201500016726;0;7;0;0;2;1;1;B02
201500016727;0;33;0;0;0;9;1;A01
201500016728;0;36;0;0;2;3;1;A01
201500016728;0;7;0;0;2;3;16;B02
201500016729;0;33;0;0;2;1;1;B02
201500016729;0;7;0;0;2;4;4;A01
201500016730;0;7;0;13;0;1;1;A01
201500016731;0;7;0;0;2;9;1;A01
201500016731;0;14;0;0;2;4;1;B02
201500016731;0;10;0;0;2;1;1;C03
201500016732;0;7;0;2;0;1;13;A01
201500016733;0;33;0;0;2;7;1;A01
201500016733;0;33;0;0;2;9;1;B02
201500016734;0;7;0;0;2;4;23;C03
201500016734;0;7;0;0;2;2;2;A01
201500016734;0;7;0;0;2;4;23;B02
201500016735;0;7;0;0;2;3;1;B02
201500016735;0;2;0;0;2;3;1;A01
201500016736;0;7;0;0;2;1;13;A01
201500016736;0;7;0;0;2;1;1;B02
201500016737;0;2;0;0;2;1;1;B02
201500016737;0;7;0;0;2;3;9;A01
201500016738;0;7;0;0;1;1;1;A01
201500016739;0;7;0;0;0;0;1;A01
201500016739;0;7;0;0;2;1;13;B02
201500016739;0;7;0;0;2;1;1;C03
201500016740;0;10;0;0;2;1;1;B02
201500016740;0;7;0;0;2;7;1;A01
201500016741;0;14;0;0;2;1;1;A01
201500016741;0;7;0;0;2;7;19;B02
201500016742;0;7;0;13;0;9;1;A01
201500016743;0;7;0;0;2;2;15;A01
201500016743;0;7;0;0;0;3;1;B01
201500016744;0;31;0;0;0;8;1;A01
201500016745;0;7;0;0;2;7;15;A01
201500016745;0;7;0;0;2;7;1;B02
201500016746;0;7;0;15;0;1;1;A01
201500016747;0;32;0;16;0;3;13;A01
201500016748;0;7;0;0;2;3;19;B02
201500016748;0;7;0;0;2;2;21;A01
201500016749;0;33;0;0;2;2;17;A01
201500016749;0;7;0;0;2;3;15;B02
201500016750;0;2;0;0;0;0;1;A01
201500016751;0;7;0;0;1;1;1;A01
201500016752;0;31;0;0;2;7;21;B02
201500016752;0;7;0;0;2;3;9;A01
201500016753;0;7;0;6;0;1;1;A01
201500016754;0;7;0;6;0;1;14;A01
201500016755;0;33;0;0;2;1;14;A01
201500016756;0;14;0;0;0;0;1;A01
201500016757;0;15;0;0;2;3;1;A01
201500016757;0;7;0;0;2;0;15;B01
201500016758;0;7;0;8;0;9;1;A01
201500016759;0;7;0;0;1;7;1;A01
201500016760;0;33;0;14;2;1;1;A01
201500016760;0;10;0;0;2;1;1;B02
201500016761;0;7;0;0;1;1;1;A01
201500016762;0;36;0;13;0;0;1;A01
201500016763;0;7;0;0;1;2;1;A01
201500016764;0;33;0;0;2;1;1;A01
201500016764;0;7;0;0;2;8;15;B02
201500016765;0;33;0;14;0;3;2;A01
201500016765;0;10;0;0;0;5;23;B02
201500016766;0;7;0;0;2;3;23;B02
201500016766;0;7;0;0;2;1;1;A01
201500016767;0;33;0;0;2;1;1;A01
201500016767;0;7;0;0;2;3;9;B02
201500016768;0;7;0;0;2;1;1;B02
201500016768;0;7;0;0;2;7;1;A01
201500016769;0;7;0;0;2;3;15;A01
201500016769;0;2;0;0;2;1;1;B02
201500016770;0;7;0;0;2;3;5;A01
201500016770;0;33;0;0;2;8;1;B02
201500016771;0;33;0;4;0;8;15;A01
201500016772;0;7;0;0;1;2;0;A01
201500016773;0;7;0;2;0;1;13;A01
201500016774;0;33;0;0;0;5;23;A01
201500016775;0;7;0;2;0;1;0;A01
201500016776;0;7;0;0;2;3;6;A01
201500016776;0;7;0;0;2;1;1;B02
201500016777;0;21;0;0;0;1;1;A01
201500016778;0;7;0;2;0;1;1;A01
201500016779;0;33;0;0;0;0;17;A01
201500016780;0;2;0;0;2;1;1;A01
201500016780;0;7;0;0;2;8;15;B02
201500016781;0;7;0;0;2;1;1;B02
201500016781;0;7;0;0;2;2;13;A01
201500016782;0;7;0;13;0;1;1;A01
201500016783;0;7;0;2;0;1;1;A01
201500016784;0;33;0;13;0;3;1;A01
201500016785;0;7;0;2;0;1;0;A01
201500016786;0;7;0;0;2;2;1;B02
201500016786;0;7;0;0;2;3;9;A01
201500016787;0;7;0;0;0;4;1;A01
201500016787;0;30;0;0;0;1;2;B02
201500016788;0;7;0;13;0;2;1;A01
201500016789;0;7;0;0;2;3;15;A01
201500016789;0;31;0;0;2;3;1;B02
201500016790;0;7;0;0;0;0;17;A01
201500016791;0;7;0;0;2;3;17;A01
201500016791;0;7;0;0;2;3;1;B02
201500016792;0;7;0;13;0;9;15;A01
201500016793;0;33;0;0;2;1;19;A01
201500016793;0;10;0;0;2;3;21;B02
201500016794;0;10;0;2;0;2;0;A01
201500016795;0;7;0;0;2;7;13;A01
201500016795;0;7;0;0;2;1;1;B02
201500016796;0;7;0;13;0;1;1;A01
201500016797;0;7;0;0;2;3;1;A01
201500016797;0;7;0;0;2;3;1;B02
201500016798;0;7;0;13;0;1;1;A01
201500016799;0;31;0;8;0;1;1;A01
201500016800;0;7;0;2;0;2;1;A01
201500016801;0;7;0;6;0;3;1;A01
201500016802;0;7;0;0;0;0;1;A01
201500016803;0;7;0;0;2;2;19;A01
201500016803;0;10;0;0;2;6;19;B02
201500016804;0;7;0;0;1;1;1;A01
201500016805;0;7;0;0;2;1;19;B02
201500016805;0;7;0;6;0;7;1;A01
201500016806;0;10;0;2;0;2;1;A01
201500016807;0;31;0;0;2;3;1;B02
201500016807;0;7;0;0;2;1;15;A01
201500016808;0;7;0;0;2;1;13;A01
201500016808;0;7;0;0;2;1;1;B02
201500016809;0;14;0;0;2;3;1;B02
201500016809;0;33;0;0;2;1;13;A01
201500016810;0;7;0;0;2;1;1;B02
201500016810;0;7;0;0;2;1;13;A01
201500016811;0;33;0;0;2;1;1;A01
201500016811;0;7;0;0;2;7;19;B02
201500016812;0;7;0;0;2;2;1;B02
201500016812;0;33;0;0;2;7;13;A01
201500016813;0;34;0;6;0;1;1;A01
201500016814;0;36;0;6;0;2;1;A01
201500016815;0;7;0;0;2;3;15;A01
201500016815;0;7;0;0;2;1;1;B02
201500016816;0;10;0;1;0;3;13;A01
201500016816;0;20;0;0;2;3;24;B02
201500016817;0;2;0;0;2;7;15;A01
201500016817;0;7;0;0;2;1;1;B02
201500016818;0;7;0;0;2;4;20;A01
201500016818;0;30;0;0;2;1;2;B02
201500016819;0;33;0;12;0;1;1;A01
201500016820;0;30;0;5;2;1;2;A01
201500016820;0;7;0;0;2;8;1;B02
201500016821;0;7;0;0;1;1;15;A01
201500016822;0;7;0;0;0;3;13;A01
201500016823;0;30;0;0;2;1;1;A01
201500016823;0;7;0;0;2;3;15;B02
201500016824;0;2;0;0;2;1;13;A01
201500016824;0;7;0;0;2;2;1;B02
201500016825;0;7;0;0;2;3;13;A01
201500016825;0;10;0;0;2;3;21;B02
201500016826;0;31;0;0;2;8;1;A01
201500016826;0;7;0;0;2;8;2;B02
201500016827;0;7;0;6;0;1;1;A01
201500016828;0;7;0;0;9;1;1;A01
201500016828;0;1;0;0;2;8;19;B02
201500016829;0;7;0;0;1;2;1;A01
201500016830;0;7;0;0;9;1;1;A01
201500016830;0;99;0;0;2;7;1;B02
201500016831;0;10;0;0;1;2;1;A01
201500016832;0;33;0;0;2;8;13;A01
201500016832;0;7;0;0;2;8;1;B02
201500016833;0;1;0;0;1;1;1;A01
201500016834;0;7;0;0;2;6;1;A01
201500016834;0;7;0;0;2;2;21;B02
201500016834;0;7;0;0;2;8;1;C03
201500016834;0;33;0;0;2;1;17;D04
201500016834;0;33;0;0;0;0;21;E05
201500016835;0;33;0;0;1;1;1;A01
201500016836;0;7;0;0;2;2;15;A01
201500016836;0;7;0;0;2;1;1;B02
201500016837;0;7;0;0;2;7;1;A01
201500016837;0;1;0;0;2;1;1;B02
201500016838;0;7;0;0;2;3;15;A01
201500016838;0;7;0;0;2;1;1;B02
201500016838;0;7;0;0;2;1;1;C03
201500016839;0;30;0;0;2;3;16;A01
201500016839;0;7;0;0;2;3;1;B02
201500016840;0;33;0;7;0;1;6;A01
201500016841;0;7;0;13;0;9;17;A01
201500016842;0;7;0;0;2;1;5;A01
201500016842;0;7;0;0;2;1;1;B02
201500016843;0;7;0;0;2;8;1;A01
201500016843;0;21;0;0;2;8;1;B02
201500016844;0;7;0;0;0;7;1;A01
201500016845;0;7;0;0;2;1;1;B02
201500016845;0;7;0;0;0;7;19;A01
201500016846;0;30;0;0;0;1;1;A01
201500016847;0;10;0;0;1;2;1;A01
201500016848;0;7;0;0;2;8;1;B02
201500016848;0;33;0;0;2;1;11;A01
201500016848;0;7;0;0;2;3;1;C03
201500016849;0;7;0;0;1;2;1;A01
201500016850;0;7;0;2;0;1;13;A01
201500016851;0;7;0;0;2;1;1;B02
201500016851;0;7;0;0;2;3;13;A01
201500016852;0;7;0;0;2;1;5;A01
201500016852;0;7;0;0;2;1;1;B02
201500016853;0;7;0;0;2;0;1;A01
201500016853;0;7;0;0;2;3;1;B02
201500016854;0;7;0;0;2;3;21;B02
201500016854;0;7;0;0;2;3;13;A01
201500016855;0;7;0;0;0;4;13;B02
201500016855;0;33;0;0;2;1;17;A01
201500016856;0;3;0;10;0;1;1;A01
201500016857;0;7;0;0;1;1;1;A01
201500016858;0;7;0;0;1;1;0;A01
201500016859;0;33;0;0;0;0;1;A01
201500016860;0;7;0;0;0;3;1;B02
201500016860;0;7;0;0;0;3;17;A01
201500016861;0;30;0;16;0;7;1;A01
201500016862;0;31;0;0;0;7;19;A01
201500016863;0;33;0;0;0;1;1;A01
201500016864;0;1;0;0;2;0;0;B02
201500016864;0;7;0;0;2;3;5;A01
201500016865;0;7;0;0;2;2;15;A01
201500016865;0;31;0;0;2;7;1;B02
201500016866;0;7;0;2;0;1;14;A01
201500016867;0;7;0;0;2;1;1;A01
201500016867;0;2;0;0;2;1;1;B02
201500016868;0;33;0;0;0;8;1;A01
201500016869;0;30;0;0;2;1;0;A01
201500016869;0;7;0;0;2;5;9;B02
201500016870;0;7;0;0;2;3;0;B02
201500016870;0;31;0;0;2;1;0;A01
201500016871;0;33;0;0;2;1;1;B02
201500016871;0;7;0;0;0;1;15;A01
201500016872;0;7;0;13;0;1;1;A01
201500016873;0;7;0;0;2;1;1;B02
201500016873;0;7;0;0;2;7;13;A01
201500016874;0;7;0;0;0;1;1;A01
201500016874;0;1;0;0;0;1;15;B02
201500016875;0;7;0;2;0;2;1;A01
201500016876;0;31;0;0;2;1;1;A01
201500016876;0;7;0;0;2;1;13;B02
201500016877;0;7;0;0;0;9;1;A01
201500016878;0;31;0;0;2;1;13;A01
201500016878;0;7;0;0;2;2;1;B02
201500016879;0;10;0;6;0;3;13;A01
201500016880;0;7;0;0;2;3;1;A01
201500016880;0;10;0;0;2;1;15;B02
201500016881;0;10;0;0;2;6;1;A01
201500016881;0;1;0;0;2;1;1;B02
201500016882;0;14;0;13;0;1;1;A01
201500016883;0;7;0;0;2;7;19;A01
201500016883;0;7;0;0;2;1;1;B02
201500016884;0;7;0;0;2;2;2;A01
201500016884;0;1;0;0;2;4;1;B02
201500016885;0;15;0;6;0;1;1;A01
201500016886;0;7;0;0;1;2;1;A01
201500016887;0;7;0;0;2;1;1;B01
201500016887;0;7;0;0;2;5;15;A01
201500016887;0;7;0;0;2;8;23;C02
201500016888;0;33;0;2;0;1;1;A01
201500016889;0;7;0;0;2;3;1;B02
201500016889;0;36;0;0;2;2;19;A01
201500016890;0;7;0;13;0;3;13;A01
201500016891;0;7;0;15;0;9;1;A01
201500016892;0;7;0;8;0;8;1;A01
201500016893;0;7;0;13;0;1;1;A01
201500016894;0;7;0;15;0;1;1;A01
201500016895;0;7;0;13;0;1;1;A01
201500016896;0;7;0;2;0;3;1;A01
201500016897;0;7;0;0;2;1;13;A01
201500016897;0;7;0;0;2;7;21;B02
201500016898;0;7;0;0;2;1;13;A01
201500016898;0;7;0;0;2;3;1;B02
201500016898;0;7;0;0;2;7;1;C03
201500016899;0;33;0;0;0;0;1;A01
201500016900;0;7;0;0;2;3;1;A01
201500016900;0;7;0;0;2;1;19;B02
201500016901;0;10;0;0;2;6;24;A01
201500016901;0;15;0;1;0;2;14;B02
201500016902;0;10;0;0;2;1;15;A01
201500016902;0;7;0;0;2;3;1;B02
201500016903;0;33;0;0;2;1;17;A01
201500016903;0;14;0;0;2;6;15;B02
201500016904;0;31;0;0;2;2;17;A01
201500016904;0;14;0;0;2;3;1;B02
201500016905;0;7;0;2;0;1;1;A01
201500016906;0;7;0;13;0;1;1;A01
201500016907;0;7;0;0;2;1;1;B02
201500016907;0;7;0;0;2;7;21;C03
201500016907;0;7;0;0;2;1;13;A01
201500016908;0;7;0;15;0;1;1;A01
201500016909;0;7;0;0;1;7;1;A01
201500016910;0;7;0;0;1;3;1;A01
201500016911;0;7;0;13;0;1;13;A01
201500016912;0;2;0;0;0;1;1;A01
201500016913;0;21;0;0;2;0;1;A01
201500016913;0;38;0;0;2;0;1;B02
201500016914;0;10;0;0;2;1;1;B02
201500016914;0;7;0;0;2;7;19;A01
201500016915;0;30;0;14;0;8;1;A01
201500016916;0;33;0;7;0;7;1;A01
201500016917;0;7;0;2;0;3;1;A01
201500016918;0;21;0;13;0;1;1;A01
201500016919;0;7;0;0;2;2;1;A01
201500016919;0;7;0;0;2;5;1;B02
201500016920;0;2;0;0;2;7;1;B02
201500016920;0;7;0;0;2;3;9;A01
201500016921;0;7;0;13;0;1;1;A01
201500016922;0;7;0;0;1;3;1;A01
201500016923;0;30;0;0;2;1;1;A01
201500016923;0;14;0;0;2;3;1;B02
201500016924;0;31;0;0;2;7;1;B02
201500016924;0;7;0;0;2;3;15;A01
201500016925;0;10;0;16;0;0;14;A01
201500016926;0;7;0;0;2;3;9;A01
201500016926;0;2;0;0;2;1;1;B02
201500016927;0;33;0;0;2;1;1;A01
201500016927;0;7;0;0;2;8;15;B02
201500016928;0;2;0;0;2;1;1;B02
201500016928;0;10;0;0;2;8;15;A01
201500016929;0;10;0;0;2;8;1;B02
201500016929;0;10;0;0;2;8;1;A01
201500016930;0;21;0;0;2;0;1;A01
201500016930;0;1;0;0;2;0;17;B02
201500016931;0;7;0;0;1;0;1;A01
201500016932;0;7;0;13;0;9;1;A01
201500016933;1;33;0;0;1;0;1;A01
201500016934;0;7;0;6;0;7;1;A01
201500016935;0;33;0;0;0;0;15;A01
201500016936;0;7;0;6;0;9;1;A01
201500016937;0;38;3;0;2;1;1;A01
201500016937;0;7;0;0;2;1;1;B01
201500016938;0;7;0;0;0;0;19;A01
201500016938;0;2;0;0;0;1;0;B02
201500016939;0;14;0;0;2;3;1;A01
201500016939;0;7;0;0;2;3;1;B02
201500016940;0;7;0;0;0;1;1;A01
201500016941;0;7;0;0;1;2;1;A01
201500016942;0;7;0;0;2;1;17;A01
201500016942;0;7;0;0;2;8;19;B02
201500016943;0;7;0;0;2;1;1;A01
201500016943;0;10;0;0;2;3;1;B02
201500016944;0;7;0;2;0;1;1;A01
201500016945;0;7;0;0;2;1;13;A01
201500016945;0;7;0;0;2;8;1;B02
201500016945;0;7;0;0;2;8;1;C03
201500016946;0;7;0;0;1;3;1;A01
201500016947;0;7;0;0;2;7;1;B02
201500016947;0;3;0;0;2;1;1;A01
201500016948;0;14;0;13;0;7;1;A01
201500016949;0;7;0;16;0;0;1;A01
201500016950;0;7;0;0;2;1;13;A01
201500016950;0;7;0;0;2;1;21;B02
201500016951;0;7;0;13;0;1;14;A01
201500016952;0;7;0;0;0;9;21;A01
201500016953;0;10;0;10;0;1;13;A01