num_acc;senc;catv;occutc;obs;obsm;choc;manv;num_veh
201500016954;0;7;0;0;0;1;1;A01
201500016955;0;2;0;0;2;1;1;A01
201500016955;0;7;0;0;2;2;1;B02
201500016956;0;7;0;0;1;1;1;A01
201500016957;0;7;0;1;0;3;1;A01
201500016957;0;7;0;0;2;3;24;B02
201500016958;0;7;0;0;2;2;2;A01
201500016958;0;1;0;0;2;4;2;B02
201500016959;0;31;0;1;0;1;1;A01
201500016960;0;33;0;0;6;8;1;A01
201500016961;0;10;0;0;0;6;15;A01
201500016961;0;17;0;0;2;1;1;B02
201500016961;0;17;0;0;2;0;0;C03
201500016962;0;7;0;0;0;3;1;A01
201500016962;0;7;0;0;0;3;1;B02
201500016963;0;7;0;0;0;1;1;B01
201500016963;0;7;0;0;0;1;5;A02
201500016964;0;7;0;7;0;0;17;A01
201500016965;0;7;0;0;2;1;13;A01
201500016965;0;15;0;0;2;1;1;B02
201500016966;0;7;0;0;0;7;15;A01
201500016966;0;2;0;0;2;1;1;B02
201500016967;0;7;0;2;0;1;14;A01
201500016968;0;2;0;8;0;1;1;A01
201500016969;0;7;0;2;0;1;13;A01
201500016970;0;7;0;5;0;1;13;A01
201500016971;0;30;0;0;0;1;14;A01
201500016972;0;7;0;0;2;1;1;C03
201500016972;0;10;0;0;2;3;1;B02
201500016972;0;10;0;0;2;1;13;A01
201500016973;0;30;0;0;2;1;19;A01
201500016973;0;7;0;0;2;3;1;B02
201500016974;0;10;0;0;1;2;1;A01
201500016975;0;7;0;0;2;7;13;A01
201500016975;0;7;0;0;2;1;1;B02
201500016976;0;7;0;0;2;3;1;A01
201500016976;0;7;0;0;2;1;0;B02
201500016977;0;7;0;2;0;1;1;A01
201500016978;0;7;0;0;2;1;13;A01
201500016978;0;7;0;0;2;1;1;B01
201500016979;0;7;0;0;2;3;13;A01
201500016979;0;14;0;0;2;8;1;B02
201500016980;0;7;0;12;2;3;21;B02
201500016980;0;7;0;0;2;0;15;A01
201500016981;0;33;0;0;2;1;1;B01
201500016981;0;10;0;0;2;5;19;A01
201500016982;0;33;0;13;0;7;1;A01
201500016983;0;7;0;10;0;1;1;A01
201500016984;0;7;0;13;0;3;1;A01
201500016985;0;1;0;7;0;1;1;A01
201500016986;0;10;0;0;2;1;1;A01
201500016986;0;14;0;0;2;8;1;B01
201500016987;0;7;0;2;0;1;1;A01
201500016988;0;7;0;0;2;3;17;A01
201500016988;0;2;0;0;2;1;1;B02
201500016989;0;1;0;0;2;1;1;A01
201500016989;0;10;0;0;0;3;15;B01
201500016990;0;10;0;8;0;2;1;A01
201500016991;0;7;0;2;0;1;13;A01
201500016992;0;7;0;15;0;3;13;A01
201500016993;0;7;0;0;2;2;2;A01
201500016993;0;1;0;0;2;4;1;B02
201500016994;0;7;0;2;0;3;1;A01
201500016995;0;33;0;13;0;1;1;A01
201500016996;0;7;0;2;0;3;1;A01
201500016997;0;33;0;0;2;1;17;A01
201500016997;0;7;0;0;2;2;1;B01
201500016998;0;7;0;6;0;1;1;A01
201500016999;0;30;0;0;2;3;1;B01
201500016999;0;7;0;0;2;2;15;A01
201500017000;0;7;0;0;1;8;1;A01
201500017001;0;2;0;0;2;0;1;A01
201500017002;0;7;0;0;2;2;13;A01
201500017002;0;7;0;0;2;2;1;B02
201500017003;0;31;0;0;2;3;1;B01
201500017003;0;14;0;0;2;8;15;A02
201500017004;0;7;0;13;0;2;17;A01
201500017005;0;31;0;0;2;1;1;B01
201500017005;0;7;0;0;2;3;15;A01
201500017006;0;7;0;0;2;1;1;C03
201500017006;0;15;0;0;2;8;1;B02
201500017006;0;7;0;0;2;1;17;A01
201500017007;0;7;0;0;2;1;1;B02
201500017007;0;7;0;0;2;1;13;A01
201500017008;0;7;0;0;2;2;1;A01
201500017008;0;7;0;0;2;1;13;B02
201500017009;0;7;0;8;0;7;1;A01
201500017010;0;7;0;0;2;3;13;A01
201500017010;0;7;0;0;2;8;1;C03
201500017010;0;7;0;0;2;3;1;B02
201500017011;0;7;0;0;2;8;19;A01
201500017011;0;7;0;0;2;1;1;B02
201500017012;0;7;0;0;2;1;1;B02
201500017012;0;7;0;0;2;7;15;A01
201500017013;0;7;0;13;0;2;1;A01
201500017014;0;31;0;0;0;7;1;A01
201500017015;0;7;0;13;0;3;14;A01
201500017016;0;7;0;0;2;1;1;B02
201500017016;0;7;0;0;2;2;1;A01
201500017017;0;17;0;0;2;8;1;B02
201500017017;0;7;0;0;2;3;13;A01
201500017017;0;10;0;0;2;1;1;D04
201500017018;0;7;0;0;1;1;1;A01
201500017019;0;10;0;0;2;1;1;A01
201500017019;0;7;0;0;2;7;19;B02
201500017020;0;7;0;8;1;8;1;A01
201500017021;0;7;0;0;2;2;16;A01
201500017021;0;1;0;0;2;1;1;B02
201500017022;0;7;0;0;0;1;1;A01
201500017023;0;13;0;1;1;5;1;A01
201500017024;0;7;0;13;0;1;1;A01
201500017025;0;7;0;0;2;1;1;B02
201500017025;0;7;0;0;2;3;15;A01
201500017026;0;7;0;13;0;0;1;A01
201500017027;0;7;0;1;1;1;1;A01
201500017027;0;7;0;0;0;8;24;C03
201500017027;0;37;6;0;0;6;24;B02
201500017028;0;7;0;0;0;1;13;A01
201500017029;0;7;0;0;2;3;1;A01
201500017029;0;7;0;0;2;6;19;B02
201500017030;0;7;0;0;2;3;1;B02
201500017030;0;7;0;0;2;1;13;A01
201500017031;0;7;0;0;2;3;1;B02
201500017031;0;15;0;0;2;6;1;C03
201500017031;0;7;0;0;2;3;13;A01
201500017032;0;7;0;0;2;6;1;B02
201500017032;0;1;0;0;2;2;1;A01
201500017033;0;7;0;0;2;7;1;B02
201500017033;0;21;0;0;2;1;15;A01
201500017034;0;33;0;0;6;3;1;A01
201500017035;0;7;0;13;0;2;1;A01
201500017036;0;33;0;0;2;1;1;B02
201500017036;0;7;0;0;2;1;1;A01
201500017037;0;10;0;13;0;1;1;A01
201500017038;0;7;0;16;0;9;1;A01
201500017039;0;1;0;0;2;1;15;A01
201500017039;0;10;0;0;2;7;1;B02
201500017040;0;7;0;0;2;1;13;A01
201500017040;0;7;0;0;2;1;1;B02
201500017041;0;7;0;0;2;2;13;A01
201500017041;0;15;0;0;2;3;21;B02
201500017042;0;7;0;2;0;1;1;A01
201500017043;0;7;0;0;2;8;15;A01
201500017043;0;17;0;0;2;3;15;B02
201500017044;0;15;0;0;2;3;1;A01
201500017044;0;7;0;0;2;5;17;B02
201500017045;0;7;0;16;0;1;1;A01
201500017046;0;7;0;0;2;8;15;B02
201500017046;0;33;0;0;2;7;17;A01
201500017047;0;7;0;0;2;1;1;A01
201500017047;0;3;0;0;2;4;23;B02
201500017048;0;7;0;16;0;9;1;A01
201500017049;0;10;0;0;1;1;1;A01
201500017050;0;7;0;13;0;1;13;A01
201500017051;0;30;0;0;0;0;1;A01
201500017052;0;7;0;2;0;1;1;A01
201500017053;0;7;0;13;0;1;1;A01
201500017054;0;7;0;8;0;1;1;A01
201500017055;0;7;0;2;0;1;1;A01
201500017056;0;7;0;14;0;9;1;A01
201500017057;0;7;0;2;6;1;21;A01
201500017058;0;33;0;0;6;1;1;A01
201500017059;0;7;0;0;2;6;1;B02
201500017059;0;7;0;0;2;1;13;A01
201500017060;0;7;0;0;0;5;16;A01
201500017060;0;30;0;0;2;1;1;B02
201500017061;0;7;0;2;0;7;0;A01
201500017062;0;7;0;0;2;1;19;A01
201500017062;0;33;0;0;2;8;1;B02
201500017063;0;33;0;14;0;1;0;A01
201500017064;0;7;0;0;1;1;1;A01
201500017065;0;10;0;2;0;1;1;A01
201500017066;0;7;0;2;0;8;17;A01
201500017067;0;7;0;1;2;1;1;B02
201500017067;0;10;0;;2;7;15;A01
201500017068;0;33;0;0;2;1;17;B02
201500017068;0;7;0;0;2;3;15;A01
201500017069;0;33;0;0;2;1;1;B02
201500017069;0;7;0;0;2;3;15;A01
201500017070;0;15;0;0;2;7;16;A01
201500017070;0;1;0;0;2;3;18;B02
201500017071;0;7;0;0;2;1;1;B02
201500017071;0;7;0;0;2;1;13;A01
201500017072;0;1;0;0;2;1;2;B02
201500017072;1;7;0;0;2;3;2;A01
201500017073;0;33;0;0;2;1;1;A01
201500017073;0;7;0;0;2;1;1;B02
201500017074;0;33;0;0;2;1;17;B02
201500017074;0;7;0;0;2;8;17;A01
201500017075;0;7;0;0;0;0;14;A01
201500017076;0;7;0;0;1;6;4;A01
201500017077;0;7;0;3;0;1;6;A01
201500017078;0;10;0;0;2;3;13;A01
201500017078;0;7;0;0;2;3;1;B02
201500017078;0;7;0;0;2;3;1;C03
201500017079;0;7;0;0;9;2;1;B02
201500017079;0;33;0;0;2;0;1;A01
201500017080;0;7;0;0;2;2;13;A01
201500017080;0;7;0;0;2;2;21;B02
201500017081;0;10;0;2;0;1;1;A01
201500017082;0;33;0;0;2;1;1;B02
201500017082;0;10;0;0;2;3;15;A01
201500017083;0;30;0;12;0;1;1;A01
201500017084;0;34;0;0;2;1;1;A01
201500017084;0;10;0;0;2;3;15;B02
201500017085;0;7;0;0;1;2;1;A01
201500017086;0;10;0;2;0;2;1;A01
201500017087;0;37;20;0;1;2;0;A01
201500017088;0;33;0;13;0;1;15;A01
201500017089;0;7;0;0;0;1;13;A01
201500017089;0;7;0;0;0;1;1;B02
201500017090;0;33;0;0;2;1;1;B02
201500017090;0;7;0;0;2;7;15;A01
201500017091;0;2;0;0;2;1;5;B02
201500017091;0;7;0;0;2;3;5;A01
201500017092;0;7;0;0;1;1;1;A01
201500017093;0;7;0;0;2;3;19;A01
201500017093;0;7;0;0;2;7;1;B02
201500017094;0;7;0;0;2;1;1;B02
201500017094;0;7;0;0;2;1;13;A01
201500017095;0;1;0;0;2;1;17;B02
201500017095;0;7;0;0;2;3;10;A01
201500017096;0;2;0;0;0;3;0;A01
201500017097;0;7;0;0;2;5;19;A01
201500017097;0;33;0;0;2;7;1;B02
201500017098;0;33;0;0;2;1;19;A01
201500017098;0;7;0;0;2;3;1;B02
201500017099;0;7;0;0;0;3;15;A01
201500017099;0;1;0;0;0;1;1;B02
201500017100;0;7;0;2;0;3;1;A01
201500017101;0;15;0;10;0;2;1;A01
201500017102;0;7;0;0;2;1;15;A01
201500017102;0;7;0;0;2;1;1;B02
201500017103;0;2;0;0;2;1;19;A01
201500017103;0;10;0;0;0;8;1;B02
201500017104;0;7;0;0;2;2;1;A01
201500017104;0;2;0;0;2;2;15;B02
201500017105;0;7;0;0;2;4;23;B02
201500017105;0;7;0;0;0;4;23;C03
201500017105;0;3;0;0;2;1;1;A01
201500017106;0;31;0;12;0;1;16;A01
201500017107;0;7;0;2;0;1;1;A01
201500017108;0;7;0;0;2;2;1;A01
201500017108;0;30;0;0;2;1;1;B02
201500017109;0;7;0;2;0;1;14;A01
201500017110;0;1;0;0;2;4;1;C03
201500017110;0;1;0;0;2;4;1;B02
201500017110;0;14;0;0;2;2;2;A01
201500017111;0;7;0;8;0;8;1;A01
201500017112;0;7;0;0;2;3;1;B02
201500017112;0;30;0;0;2;2;15;A01
201500017113;0;7;0;0;2;2;15;A01
201500017113;0;30;0;0;2;1;1;B02
201500017114;0;30;0;0;2;1;1;B02
201500017114;0;7;0;0;2;3;1;A01
201500017115;0;7;0;6;0;1;16;A01
201500017116;0;7;0;0;2;2;13;A01
201500017116;0;7;0;0;2;3;1;B02
201500017117;0;7;0;0;2;1;17;A01
201500017117;0;7;0;0;0;8;15;B02
201500017118;0;33;0;0;2;1;21;B02
201500017118;0;7;0;0;2;1;13;A01
201500017119;0;7;0;2;0;1;1;A01
201500017120;0;7;0;0;2;2;1;B02
201500017120;0;7;0;0;2;2;13;A01
201500017121;0;7;0;0;1;1;1;A01
201500017122;0;7;0;0;2;0;0;A01
201500017122;0;7;0;0;2;0;0;B02
201500017123;0;7;0;0;1;2;1;A01
201500017124;0;36;0;13;0;2;1;A01
201500017125;0;7;0;0;2;3;16;A01
201500017125;0;7;0;0;2;3;1;B02
201500017126;0;33;0;0;0;0;1;A01
201500017127;0;10;0;4;0;1;1;A01
201500017128;0;7;0;13;0;9;1;A01
201500017129;0;14;0;0;0;0;0;A01
201500017130;0;7;0;0;0;1;1;A01
201500017130;0;7;0;0;0;7;1;B02
201500017131;0;1;0;0;2;3;1;A01
201500017132;0;7;0;0;0;0;0;A01
201500017132;0;7;0;0;0;0;0;B02
201500017133;0;7;0;0;0;0;0;B02
201500017133;0;31;0;0;0;0;0;A01
201500017134;0;7;0;0;2;2;1;A01
201500017134;0;7;0;0;2;3;1;B02
201500017135;0;10;0;0;0;4;15;A01
201500017135;0;10;0;0;2;1;1;B02
201500017136;0;7;0;16;0;9;1;A01
201500017137;0;7;0;0;0;0;1;A01
201500017138;0;33;0;2;0;1;1;A01
201500017139;0;7;0;8;0;7;21;A01
201500017140;0;7;0;6;0;1;1;A01
201500017141;0;30;0;0;0;1;1;A01
201500017142;0;7;0;13;0;8;1;A01
201500017143;0;3;0;0;0;6;2;B02
201500017143;0;10;0;0;2;2;2;A01
201500017144;0;7;0;0;2;7;15;A01
201500017144;0;33;0;0;2;1;1;B02
201500017145;0;2;0;0;0;7;1;A01
201500017146;0;7;0;0;2;3;1;B02
201500017146;0;7;0;0;2;3;13;A01
201500017147;0;7;0;0;2;1;1;A01
201500017147;0;7;0;0;2;1;13;B02
201500017148;0;1;0;1;;1;2;A02
201500017148;0;7;0;0;0;3;22;A01
201500017149;0;10;0;0;2;4;1;C03
201500017149;0;7;0;0;2;1;1;A01
201500017149;0;7;0;0;2;4;1;B02
201500017150;0;31;0;0;2;2;17;B02
201500017150;0;35;0;0;2;3;1;A01
201500017151;0;7;0;0;1;1;0;A01
201500017151;0;7;0;0;0;0;23;B02
201500017152;0;30;0;0;2;1;0;A01
201500017152;0;7;0;0;2;1;0;B02
201500017153;0;7;0;1;2;1;11;A01
201500017153;0;7;0;0;2;3;15;B02
201500017153;0;7;0;0;2;3;23;C03
201500017154;0;3;0;0;2;1;1;B02
201500017154;0;7;0;0;2;1;15;A01
201500017155;0;7;0;0;2;1;13;A01
201500017155;0;10;0;0;2;1;1;B02
201500017156;0;7;0;0;0;6;15;A01
201500017156;0;7;0;0;2;1;17;B02
201500017157;0;30;0;0;0;8;1;A01
201500017158;0;7;0;0;6;2;1;A01
201500017158;0;7;0;0;2;1;1;B02
201500017159;0;7;0;0;2;1;1;B02
201500017159;0;33;0;0;2;1;5;A01
201500017160;0;33;0;0;0;7;1;A01
201500017161;0;33;0;1;2;1;1;A01
201500017161;0;33;0;0;0;1;1;B02
201500017161;0;7;0;0;0;8;24;C03
201500017162;0;31;0;0;2;1;1;C03
201500017162;0;7;0;0;2;6;1;A01
201500017162;0;14;0;0;2;8;1;B02
201500017163;0;1;0;1;0;2;1;A01
201500017164;0;7;0;0;2;7;15;A01
201500017164;0;7;0;0;2;1;1;B02
201500017165;0;10;0;0;1;1;20;A01
201500017166;0;7;0;0;0;0;0;A01
201500017167;0;7;0;2;0;8;1;A01
201500017168;0;7;0;0;0;4;23;A01
201500017168;0;7;0;0;0;4;0;B02
201500017168;0;7;0;0;0;1;0;C03
201500017169;0;7;0;6;0;1;19;A01
201500017170;0;39;0;0;1;3;1;A01
201500017171;0;1;0;0;2;0;0;B02
201500017171;0;7;0;0;2;1;9;A01
201500017172;0;37;0;0;2;7;17;A01
201500017172;0;21;0;0;2;8;1;B02
201500017173;0;7;0;0;0;0;9;A01
201500017173;0;1;0;0;0;0;0;B02
201500017174;0;31;0;0;0;8;10;A01
201500017174;0;7;0;0;2;1;1;B02
201500017175;0;7;0;0;2;1;1;B02
201500017175;0;7;0;0;2;1;5;A01
201500017176;0;7;0;0;2;1;17;A01
201500017176;0;38;0;0;2;1;1;B02
201500017177;0;7;0;0;2;6;2;A01
201500017177;0;33;0;0;2;1;2;B02
201500017178;0;7;0;0;0;0;0;B02
201500017178;0;7;0;0;0;0;0;A01
201500017179;0;7;0;0;1;1;1;A01
201500017180;0;10;0;0;1;2;1;A01
201500017181;0;7;0;0;1;1;1;A01
201500017182;2;10;0;0;2;1;19;A01
201500017182;0;10;0;0;2;3;1;B02
201500017183;0;7;0;0;1;2;21;A01
201500017183;0;7;0;0;2;6;23;B02
201500017184;0;7;0;11;0;1;0;A01
201500017185;0;7;0;0;2;7;15;A01
201500017185;0;30;0;0;2;1;1;B02
201500017186;0;7;0;0;1;2;1;A01
201500017187;0;7;0;0;2;1;1;A01
201500017187;0;7;0;0;2;1;1;B02
201500017187;0;7;0;0;2;1;1;C03
201500017188;0;7;0;0;2;1;0;B02
201500017188;0;7;0;0;2;1;13;A01
201500017188;0;7;0;0;2;1;21;C03
201500017189;0;7;0;0;2;1;1;A01
201500017189;0;7;0;0;2;1;16;B02
201500017190;0;30;0;0;2;1;2;A01
201500017190;0;7;0;0;2;4;2;B02
201500017191;0;10;0;0;2;3;15;A01
201500017191;0;10;0;0;2;1;1;B02
201500017192;0;7;0;0;2;3;9;A01
201500017192;0;1;0;0;2;1;16;B02
201500017193;0;7;0;0;0;0;0;A01
201500017194;0;7;0;6;0;1;0;A01
201500017195;0;36;0;0;0;9;0;A01
201500017196;0;7;0;0;0;0;0;B02
201500017196;0;7;0;0;0;0;0;C03
201500017196;0;2;0;0;0;0;0;A01
201500017197;0;7;0;0;1;0;0;A01
201500017198;0;7;0;0;1;1;16;A01
201500017199;0;10;0;0;0;2;13;A01
201500017200;0;10;0;13;0;7;13;A01
201500017201;0;7;0;0;1;2;1;A01
201500017202;0;14;0;0;2;1;15;A01
201500017202;0;7;0;0;2;1;1;B02
201500017203;0;33;0;0;2;1;17;A01
201500017203;0;7;0;0;2;3;1;B02
201500017204;0;7;0;0;9;8;9;A01
201500017204;0;1;0;0;2;7;1;B02
201500017205;0;10;0;0;0;9;1;A01
201500017206;0;14;0;0;2;2;1;A01
201500017206;0;7;0;0;2;3;19;B02
201500017207;0;10;0;13;0;1;15;A01
201500017208;0;3;0;0;0;4;1;B02
201500017208;0;7;0;0;2;1;1;A01
201500017209;0;7;0;0;2;8;1;D04
201500017209;0;7;0;0;2;2;1;C03
201500017209;0;7;0;2;2;8;17;A01
201500017209;0;10;0;0;2;8;1;B02
201500017210;0;7;0;0;0;1;5;A01
201500017211;0;7;0;2;0;1;1;A01
201500017212;0;7;0;0;2;3;1;B02
201500017212;0;7;0;0;2;3;13;A01
201500017213;0;10;0;6;0;1;5;A01
201500017213;0;10;0;6;0;1;0;B02
201500017214;0;33;0;14;0;8;1;A01
201500017215;0;31;0;12;0;0;1;A01
201500017216;0;7;0;0;0;0;0;A01
201500017217;0;7;0;0;0;0;0;A01
201500017217;0;30;0;0;0;0;0;B02
201500017218;0;7;0;6;0;1;1;A01
201500017219;0;7;0;0;0;1;1;B02
201500017219;0;7;0;0;0;7;1;A01
201500017220;0;33;0;0;2;1;13;A01
201500017220;0;7;0;0;2;1;1;B02
201500017221;0;7;0;0;2;1;1;B02
201500017221;0;7;0;0;2;3;9;A01
201500017222;0;7;0;0;2;1;1;B02
201500017222;0;10;0;0;2;2;15;A01
201500017223;0;33;0;6;0;7;1;A01
201500017224;0;7;0;13;0;1;1;A01
201500017225;0;34;0;0;2;1;13;A01
201500017225;0;15;0;0;2;8;1;B02
201500017226;0;17;0;0;2;3;1;B02
201500017226;0;34;0;0;2;1;13;A01
201500017227;0;1;0;0;2;1;13;A01
201500017227;0;38;0;0;9;1;1;B02
201500017228;0;7;0;2;0;2;0;A01
201500017229;0;7;0;0;2;8;1;B02
201500017229;0;33;0;0;2;1;13;A01
201500017230;0;31;0;9;0;1;1;A01
201500017231;0;7;0;4;0;2;1;A01
201500017232;0;14;0;0;2;3;1;B02
201500017232;0;7;0;0;2;3;13;A01
201500017233;0;7;0;3;2;1;1;B02
201500017233;0;7;0;0;2;1;1;A01
201500017234;0;7;0;13;0;1;1;A01
201500017235;0;7;0;6;0;8;13;A01
201500017236;0;7;0;0;2;2;19;C01
201500017236;0;10;0;0;2;3;23;B01
201500017236;0;7;0;0;2;1;1;A01
201500017237;0;7;0;0;2;9;1;B01
201500017237;0;33;0;0;2;7;13;A01
201500017238;0;7;0;2;0;7;13;A01
201500017239;0;7;0;0;1;2;16;A01
201500017240;0;33;0;0;6;1;21;A01
201500017240;0;33;0;0;2;1;21;B01
201500017241;0;7;0;13;0;3;13;A01
201500017242;0;30;0;0;2;1;2;B01
201500017242;0;21;0;0;2;4;1;A01
201500017243;0;7;0;0;2;1;15;A01
201500017243;0;33;0;0;2;1;1;B01
201500017244;0;7;0;0;2;1;17;A01
201500017244;0;7;0;0;2;8;15;B01
201500017245;0;10;0;0;2;1;13;A01
201500017245;0;7;0;0;2;2;1;B01
201500017246;0;7;0;13;0;9;1;A01
201500017247;0;7;0;13;0;2;1;A01
201500017248;0;7;0;0;1;4;1;A01
201500017249;0;3;0;0;2;1;1;B01
201500017249;0;7;0;0;2;1;1;A01
201500017250;0;7;0;0;1;3;1;A01
201500017251;0;7;0;0;1;3;1;A01
201500017252;0;15;0;3;0;1;1;A01
201500017253;0;7;0;0;2;1;1;A01
201500017253;0;3;0;0;2;7;19;B01
201500017254;0;7;0;0;2;1;1;A01
201500017254;0;21;0;0;2;8;19;B01
201500017255;0;7;0;0;2;3;13;A01
201500017255;0;7;0;0;2;3;2;B01
201500017256;0;7;0;0;2;8;13;A01
201500017256;0;7;0;0;2;0;1;B01
201500017257;0;7;0;13;0;1;1;A01
201500017258;0;3;0;0;0;1;13;B01
201500017258;0;7;0;0;0;0;1;C01
201500017259;0;33;0;0;2;1;2;A01
201500017259;0;7;0;0;2;8;15;B01
201500017260;0;31;0;0;2;1;17;A01
201500017260;0;7;0;0;2;3;15;B01
201500017261;0;7;0;13;0;1;1;A01
201500017262;0;33;0;13;0;0;1;A01
201500017263;0;7;0;0;0;5;1;B01
201500017263;0;30;0;0;2;1;2;A01
201500017264;0;10;0;0;2;4;15;B01
201500017264;0;3;0;0;2;1;2;A01
201500017265;0;7;0;0;2;3;11;B01
201500017265;0;7;0;0;2;3;1;A01
201500017266;0;7;0;0;1;3;1;A01
201500017267;0;7;0;0;2;1;17;A01
201500017267;0;30;0;0;0;8;15;B01
201500017268;0;7;0;0;2;2;5;A01
201500017268;0;7;0;0;2;2;1;B01
201500017269;0;7;0;0;0;1;1;B01
201500017269;0;7;0;0;0;1;13;A01
201500017270;0;7;0;13;0;9;1;A01
201500017271;0;10;0;0;1;2;1;A01
201500017272;0;7;0;0;2;8;1;B01
201500017272;0;7;0;0;2;1;15;A01
201500017273;0;33;0;0;2;0;1;A01
201500017273;0;1;0;0;2;0;1;B01
201500017274;0;10;0;0;2;2;19;A01
201500017274;0;33;0;0;2;1;1;B01
201500017275;0;33;0;0;2;1;17;A01
201500017275;0;7;0;0;2;8;15;B01
201500017276;0;33;0;0;2;2;1;B01
201500017276;0;10;0;0;2;2;15;A01
201500017277;0;7;0;0;1;3;1;A01
201500017278;0;7;0;2;0;2;1;A01
201500017279;0;7;0;6;0;8;15;A01
201500017279;0;7;0;0;2;1;13;B01
201500017280;0;7;0;0;2;1;1;A01
201500017280;0;7;0;0;2;7;15;B01
201500017281;0;30;0;13;0;3;1;A01
201500017282;0;7;0;0;2;5;19;B01
201500017282;0;10;0;0;0;1;1;A01
201500017283;0;7;0;6;0;1;1;A01
201500017284;0;7;0;0;0;2;9;A01
201500017284;0;7;0;0;0;1;1;B01
201500017285;0;7;0;0;2;1;1;A01
201500017285;0;30;0;0;2;7;9;B01
201500017286;0;33;0;13;0;3;17;A01
201500017287;0;3;0;0;2;3;1;A01
201500017287;0;7;0;0;2;2;19;B01
201500017288;0;7;0;0;2;1;1;A01
201500017288;0;99;0;0;2;1;15;B01
201500017289;0;7;0;13;0;1;14;A01
201500017290;0;7;0;6;0;3;1;A01
201500017291;0;7;0;0;2;7;15;A01
201500017291;0;7;0;0;2;1;1;B01
201500017292;0;2;0;0;2;1;1;B02
201500017292;0;7;0;;;2;15;A01
201500017293;0;14;0;0;2;2;0;A01
201500017293;0;1;0;0;2;2;0;B02
201500017294;0;10;0;0;2;3;1;A01
201500017294;0;7;0;0;;3;1;B02
201500017295;0;33;0;13;0;1;17;A01
201500017296;0;33;0;0;2;1;1;A01
201500017296;0;7;0;0;;5;23;B02
201500017297;0;30;0;6;6;1;1;A01
201500017298;0;33;0;0;2;7;1;A01
201500017298;0;7;0;0;;6;1;B02
201500017299;0;7;0;6;0;1;1;A01
201500017300;0;2;0;0;;1;1;A01
201500017300;0;10;0;0;2;3;1;B02
201500017301;0;1;0;0;0;1;1;A01
201500017302;0;14;0;3;0;9;13;A01
201500017303;0;7;0;13;0;9;13;A01
201500017304;0;7;0;13;0;9;1;A01
201500017305;0;33;0;0;0;1;14;A01
201500017306;0;7;0;0;;1;1;B02
201500017306;0;7;0;0;2;8;9;A01
201500017307;0;14;0;0;0;6;1;B02
201500017307;0;33;0;0;2;1;21;A01
201500017308;0;7;0;0;0;5;23;C03
201500017308;0;7;0;0;2;1;2;A01
201500017308;0;7;0;0;0;5;13;B02
201500017309;0;7;0;3;0;2;1;A01
201500017310;0;7;0;13;0;9;14;A01
201500017311;0;7;0;13;0;1;13;A01
201500017312;0;7;0;0;0;9;1;A01
201500017313;0;7;0;13;0;0;14;A01
201500017314;0;7;0;13;0;9;13;A01
201500017315;0;7;0;13;0;1;14;A01
201500017316;0;7;0;13;0;9;21;A01
201500017317;0;7;0;0;2;3;1;B02
201500017317;0;7;0;0;2;3;1;A01
201500017318;0;30;0;0;2;3;1;A01
201500017318;1;7;0;0;2;8;13;B01
201500017319;0;7;0;0;1;2;1;A01
201500017320;0;36;0;6;0;1;14;A01
201500017321;0;7;0;0;2;8;1;B02
201500017321;0;1;0;0;2;2;1;A01
201500017322;0;31;0;0;0;0;14;A01
201500017323;0;7;0;13;0;2;1;A01
201500017324;0;7;0;0;2;1;1;A01
201500017324;0;7;0;0;2;4;23;B02
201500017325;0;7;0;0;2;2;10;A01
201500017325;0;31;0;0;2;1;1;B02
201500017326;0;7;0;13;0;1;1;A01
201500017327;0;7;0;13;0;9;14;A01
201500017328;0;30;0;0;2;8;1;B01
201500017328;0;10;0;0;2;2;19;A01
201500017328;0;7;0;0;2;1;23;C01
201500017329;0;7;0;8;0;8;14;A01
201500017330;0;7;0;0;2;6;17;A01
201500017330;0;33;0;13;2;2;17;B01
201500017331;0;30;0;0;0;0;1;A01
201500017332;0;7;0;16;0;9;14;A01
201500017333;0;7;0;0;2;3;13;A01
201500017333;0;7;0;0;2;2;1;B02
201500017334;0;7;0;0;1;2;1;A01
201500017335;0;33;0;0;2;1;1;A01
201500017335;0;21;0;0;2;2;13;B02
201500017336;0;7;0;0;2;8;23;B02
201500017336;0;15;0;0;2;3;1;A01
201500017337;0;7;0;0;6;1;1;A01
201500017338;0;2;0;0;2;8;1;A01
201500017338;0;10;0;0;2;6;23;B02
201500017338;0;2;0;0;2;1;1;C03
201500017339;0;7;0;0;2;1;15;A01
201500017339;0;33;0;0;2;3;21;B02
201500017340;0;21;0;0;2;8;1;A01
201500017340;0;10;0;0;2;7;17;B01
201500017341;0;7;0;15;0;8;14;A01
201500017342;0;7;0;15;0;1;13;A01
201500017343;0;10;0;0;1;3;1;A01
201500017344;0;7;0;0;2;2;1;B01
201500017344;0;7;0;0;2;3;15;A01
201500017345;0;7;0;0;1;2;1;A01
201500017346;0;30;0;13;0;1;14;A01
201500017347;0;7;0;0;2;5;15;A01
201500017347;0;33;0;3;2;1;21;B01
201500017348;0;33;0;0;2;1;2;B01