num_acc;senc;catv;occutc;obs;obsm;choc;manv;num_veh
201500017348;0;10;0;0;2;8;10;A01
201500017349;0;30;0;0;2;1;17;A01
201500017349;0;1;0;0;2;8;1;B01
201500017350;0;31;0;0;2;2;17;A01
201500017350;0;7;0;0;2;8;23;B01
201500017351;0;7;0;0;0;9;14;A01
201500017352;0;3;0;16;0;9;14;A01
201500017353;0;33;0;3;0;7;14;A01
201500017354;0;7;0;0;2;8;15;A01
201500017354;0;1;0;0;2;2;17;B01
201500017355;0;30;0;0;2;3;15;B02
201500017355;0;7;0;0;2;7;1;A01
201500017356;0;7;0;0;2;3;21;A01
201500017356;2;10;0;0;2;3;13;B01
201500017357;0;7;0;0;0;4;23;A01
201500017357;0;7;0;0;2;4;23;B02
201500017357;0;7;0;0;2;1;2;C03
201500017358;0;7;0;0;2;2;15;A01
201500017358;0;7;0;0;2;1;1;B02
201500017359;0;7;0;13;0;1;21;A01
201500017360;0;7;0;0;2;3;1;B01
201500017360;0;7;0;0;2;1;13;A01
201500017361;0;7;0;6;2;2;17;A01
201500017361;0;7;0;0;2;3;15;B02
201500017362;0;15;0;0;2;1;1;B01
201500017362;0;7;0;0;2;4;23;A01
201500017363;0;7;0;2;0;7;1;A01
201500017364;0;7;0;0;2;3;15;A01
201500017364;0;10;0;0;2;3;1;B02
201500017365;0;10;0;6;0;3;13;A01
201500017366;0;2;0;0;2;1;1;B01
201500017366;0;7;0;0;2;3;15;A01
201500017367;0;7;0;2;0;1;13;A01
201500017368;0;33;0;0;0;8;1;A01
201500017369;0;33;0;0;2;7;15;A01
201500017369;0;2;0;0;2;1;1;B02
201500017370;0;7;0;13;0;8;13;A01
201500017371;0;30;0;12;0;7;14;A01
201500017372;0;7;0;15;0;1;14;A01
201500017373;0;33;0;13;0;1;14;A01
201500017374;0;7;0;8;0;9;14;A01
201500017375;0;30;0;0;1;1;1;A01
201500017376;0;33;0;0;0;0;1;A01
201500017377;0;7;0;6;0;2;1;A01
201500017378;0;7;0;0;0;4;16;A01
201500017378;0;32;0;0;2;7;2;B02
201500017379;0;33;0;6;0;8;1;A01
201500017380;0;30;0;0;2;1;1;A01
201500017380;0;31;0;0;0;1;1;B02
201500017381;0;36;0;10;0;0;1;A01
201500017382;0;7;0;0;2;1;1;B02
201500017382;0;7;0;0;2;1;13;A01
201500017383;0;99;0;0;1;1;1;A01
201500017384;0;32;0;0;2;1;2;A01
201500017384;0;7;0;0;2;6;1;B02
201500017385;0;33;0;0;2;1;1;A01
201500017385;0;7;0;0;2;8;1;B02
201500017386;0;31;0;0;2;1;1;A01
201500017386;0;7;0;0;2;3;10;B02
201500017387;0;2;0;0;2;1;1;A01
201500017387;0;7;0;0;2;3;10;B02
201500017388;0;7;0;0;2;3;15;A01
201500017388;0;32;0;0;2;8;1;B02
201500017389;0;31;0;0;9;7;1;A01
201500017390;0;31;0;0;2;3;17;A01
201500017390;0;34;0;0;2;8;0;B02
201500017391;0;33;0;13;0;2;1;A01
201500017392;0;14;0;0;2;7;11;A01
201500017392;0;32;0;0;2;1;1;B02
201500017393;0;7;0;0;0;3;1;B02
201500017393;0;10;0;0;0;3;13;A01
201500017394;0;33;0;0;2;1;13;A01
201500017394;0;33;0;0;2;3;1;B02
201500017395;0;1;0;0;0;0;1;A01
201500017396;0;36;0;0;0;1;0;A01
201500017397;0;7;0;10;0;1;1;A01
201500017398;0;7;0;8;0;0;0;A01
201500017399;0;33;0;0;0;0;1;A01
201500017400;0;10;0;0;2;2;15;A01
201500017400;0;33;0;0;0;0;0;B02
201500017401;0;7;0;13;0;1;11;A01
201500017402;0;7;0;0;2;3;1;B02
201500017402;0;7;0;0;2;1;13;A01
201500017403;0;33;0;8;0;2;1;A01
201500017404;0;7;0;0;0;1;1;B02
201500017404;0;7;0;0;0;8;1;A01
201500017405;0;7;0;0;0;0;15;A01
201500017405;0;33;0;0;2;0;1;B02
201500017406;0;7;0;14;0;1;1;B02
201500017406;0;2;0;0;2;8;23;A01
201500017407;0;7;0;0;2;3;1;A01
201500017407;0;17;0;0;2;3;1;B02
201500017408;0;7;0;0;2;5;15;A01
201500017408;0;2;0;0;2;1;13;B02
201500017409;0;2;0;0;2;1;13;A01
201500017409;0;7;0;0;2;1;1;B02
201500017410;0;7;0;15;1;2;1;A01
201500017411;0;7;0;0;1;3;16;A01
201500017412;0;7;0;15;0;1;1;A01
201500017413;0;32;0;13;0;3;1;A01
201500017414;0;7;0;0;2;3;9;B02
201500017414;0;33;0;0;2;1;1;A01
201500017415;0;30;0;8;0;5;1;A01
201500017416;0;7;0;0;0;4;23;B02
201500017416;0;30;0;0;2;1;2;A01
201500017417;0;33;0;0;2;1;1;A01
201500017417;0;7;0;0;2;3;2;B02
201500017418;0;7;0;0;2;0;0;A01
201500017418;0;7;0;0;2;1;1;B02
201500017419;0;3;0;0;2;8;15;A01
201500017419;0;7;0;0;2;2;17;B02
201500017420;0;7;0;16;0;9;1;A01
201500017421;0;33;0;16;0;0;0;A01
201500017422;0;7;0;0;2;1;1;B02
201500017422;0;7;0;0;2;1;1;A01
201500017423;0;3;0;13;0;1;13;A01
201500017424;0;21;0;0;2;3;1;B02
201500017424;0;7;0;0;2;8;13;A01
201500017425;0;7;0;0;2;3;1;B02
201500017425;0;7;0;2;2;3;5;A01
201500017426;0;7;0;2;0;9;0;A01
201500017427;0;7;0;0;1;1;1;A01
201500017428;0;7;0;0;0;3;1;A01
201500017428;0;7;0;0;0;3;13;B02
201500017429;0;13;0;6;0;1;5;A01
201500017430;0;10;0;2;0;1;5;A01
201500017431;0;7;0;0;2;3;19;A01
201500017431;0;7;0;0;2;1;1;B02
201500017432;0;33;0;13;0;1;1;A01
201500017433;0;14;0;0;0;4;23;A01
201500017433;0;7;0;1;0;1;1;B02
201500017434;0;33;0;0;2;1;21;A01
201500017434;0;7;0;0;2;3;19;B02
201500017435;0;7;0;0;2;1;0;C03
201500017435;0;7;0;0;2;1;13;A01
201500017435;0;7;0;0;2;1;0;B02
201500017436;0;32;0;8;0;1;1;A01
201500017437;0;7;0;6;1;2;14;A01
201500017438;0;7;0;0;2;1;17;A01
201500017438;0;33;0;0;2;1;1;B02
201500017439;0;7;0;0;0;0;0;A01
201500017440;0;7;0;0;0;0;0;A01
201500017441;0;10;0;0;1;2;16;A01
201500017442;0;7;0;0;1;1;15;A01
201500017443;0;1;0;0;1;1;1;A01
201500017444;0;7;0;7;0;1;14;A01
201500017445;0;3;0;1;0;1;1;A01
201500017446;2;7;0;13;0;9;1;A01
201500017447;0;7;0;8;0;8;13;A01
201500017448;0;3;0;8;0;9;21;A01
201500017449;0;34;0;0;2;1;2;A01
201500017449;0;7;0;0;2;4;2;B01
201500017450;0;7;0;0;2;1;2;A01
201500017450;0;7;0;0;2;4;2;B01
201500017451;0;7;0;0;1;7;1;A01
201500017452;0;7;0;0;2;7;1;A01
201500017452;0;7;0;0;2;1;1;B01
201500017453;0;10;0;0;1;4;4;A01
201500017454;0;7;0;13;0;9;21;A01
201500017455;0;30;0;0;2;1;2;A01
201500017455;0;30;0;0;2;4;2;B01
201500017456;0;7;0;0;2;6;16;B01
201500017456;0;30;0;0;2;1;1;A01
201500017457;0;33;0;0;2;7;1;A01
201500017457;0;7;0;0;2;1;9;B01
201500017458;0;1;0;0;0;0;1;A01
201500017459;0;7;0;0;2;6;15;B01
201500017459;0;33;0;0;2;1;1;A01
201500017460;0;7;0;0;2;4;1;B01
201500017460;0;7;0;0;2;3;23;C01
201500017460;0;7;0;0;2;1;9;A01
201500017461;0;7;0;0;2;1;1;B01
201500017461;0;7;0;0;2;8;9;A01
201500017462;0;7;0;0;1;4;4;A01
201500017463;0;7;0;0;2;8;15;A01
201500017463;0;30;0;0;2;1;1;B01
201500017464;0;7;0;0;2;1;1;A01
201500017464;0;1;0;0;2;1;1;B01
201500017465;0;7;0;0;1;1;1;A01
201500017466;0;7;0;0;2;3;0;B01
201500017466;0;7;0;0;2;3;1;A01
201500017467;0;30;0;0;2;7;17;A01
201500017467;0;7;0;0;2;8;1;B01
201500017468;0;33;0;0;2;1;17;A01
201500017468;0;7;0;0;2;6;15;B01
201500017469;0;38;0;0;1;1;1;A01
201500017469;0;7;0;8;0;5;1;B01
201500017470;0;32;0;0;1;1;0;A01
201500017471;0;33;0;0;2;1;1;B01
201500017471;0;7;0;0;2;8;9;A01
201500017472;0;7;0;0;1;1;1;A01
201500017473;0;3;0;0;0;9;1;A01
201500017474;0;7;0;0;2;3;15;A01
201500017474;0;7;0;0;2;3;1;B01
201500017475;0;7;0;0;2;1;16;A01
201500017475;0;30;0;0;2;7;15;B01
201500017476;0;33;0;0;2;1;1;B01
201500017476;0;7;0;0;2;6;9;A01
201500017477;0;30;0;0;0;7;16;A01
201500017478;0;7;0;0;2;1;13;A01
201500017478;0;7;0;13;2;1;1;B01
201500017479;0;7;0;0;1;1;1;A01
201500017480;0;30;0;0;0;8;1;A01
201500017481;0;7;0;0;1;1;1;A01
201500017482;0;7;0;0;2;2;1;B01
201500017482;0;30;0;0;2;1;1;A01
201500017483;0;7;0;0;2;1;1;B01
201500017483;0;7;0;0;2;2;15;A01
201500017484;0;7;0;0;2;1;19;A01
201500017484;0;7;0;9;2;8;1;B01
201500017485;0;7;0;0;1;1;1;A01
201500017486;0;30;0;0;2;1;1;B01
201500017486;0;7;0;0;2;8;15;A01
201500017487;0;7;0;2;0;3;2;A01
201500017488;0;7;0;0;1;4;4;A01
201500017489;0;7;0;0;1;0;0;A01
201500017490;0;7;0;8;0;1;1;A01
201500017491;0;7;0;0;0;0;0;A01
201500017491;0;7;0;0;2;4;23;B01
201500017492;0;1;0;0;2;7;1;B01
201500017492;0;7;0;0;2;3;9;A01
201500017493;0;2;0;0;0;0;0;A01
201500017494;0;30;0;0;0;8;1;A01
201500017495;0;7;0;0;2;2;1;A01
201500017495;0;7;0;0;2;3;1;B01
201500017496;0;7;0;11;2;7;16;B01
201500017496;0;7;0;0;2;1;1;A01
201500017497;0;7;0;15;1;1;20;A01
201500017498;0;7;0;0;2;8;9;A01
201500017498;0;7;0;0;2;7;1;B01
201500017499;0;7;0;0;1;2;9;A01
201500017500;0;7;0;0;1;1;1;A01
201500017501;0;33;0;3;0;1;1;A01
201500017502;0;7;0;0;1;2;19;A01
201500017503;0;31;0;10;0;7;2;A01
201500017504;0;7;0;0;2;3;1;B02
201500017504;0;7;0;0;2;3;1;A01
201500017505;0;31;0;8;0;0;1;A01
201500017506;0;20;0;0;1;1;1;A01
201500017507;0;33;0;13;0;0;17;A01
201500017508;0;14;0;3;0;9;1;A01
201500017509;0;7;0;0;2;1;1;C03
201500017509;0;7;0;0;2;3;1;B02
201500017509;0;7;0;0;2;3;13;A01
201500017510;0;31;0;3;0;2;14;A01
201500017511;0;7;0;13;0;2;1;A01
201500017512;0;10;0;0;2;3;0;B02
201500017512;0;7;0;0;2;2;1;A01
201500017513;0;33;0;0;2;8;1;A01
201500017513;0;14;0;0;2;3;15;B02
201500017514;0;7;0;0;2;1;1;B02
201500017514;0;7;0;0;2;1;1;A01
201500017515;0;30;0;0;2;1;13;B02
201500017515;0;7;0;0;2;1;1;A01
201500017516;0;1;0;0;2;1;5;A01
201500017516;0;7;0;0;2;3;15;B02
201500017517;0;7;0;8;0;1;13;A01
201500017518;0;7;0;0;2;1;15;B02
201500017518;0;7;0;0;2;1;1;A01
201500017519;0;7;0;13;0;9;1;A01
201500017520;0;33;0;0;0;8;1;A01
201500017521;0;33;0;0;2;8;1;C03
201500017521;0;33;0;0;2;1;1;B02
201500017521;0;7;0;0;2;3;13;A01
201500017521;0;33;0;0;0;0;1;D04
201500017522;0;31;0;0;6;1;0;A01
201500017523;0;7;0;13;0;7;1;A01
201500017524;0;7;0;13;0;3;1;A01
201500017525;0;7;0;0;2;1;1;B02
201500017525;0;7;0;0;2;1;21;A01
201500017525;0;7;0;0;0;0;19;C03
201500017526;0;7;0;0;1;2;0;A01
201500017527;0;7;0;0;0;2;1;A01
201500017528;0;3;0;2;0;1;13;A01
201500017529;0;10;0;13;0;1;1;A01
201500017530;0;7;0;0;2;2;15;A01
201500017530;0;2;0;0;2;1;1;B02
201500017531;0;7;0;0;2;8;13;A01
201500017531;0;7;0;0;2;3;1;B02
201500017532;0;33;0;0;2;3;14;A01
201500017532;0;10;0;0;2;2;16;B02
201500017533;0;7;0;0;1;1;15;A01
201500017534;0;10;0;0;2;1;15;A01
201500017534;0;33;0;0;2;1;1;B02
201500017535;0;7;0;0;0;7;15;A01
201500017535;0;31;0;0;2;1;1;B02
201500017536;0;15;0;1;0;2;2;A01
201500017536;0;7;0;0;2;4;2;B02
201500017536;0;7;0;1;0;4;2;C03
201500017536;0;7;0;0;2;4;2;D04
201500017537;0;7;0;0;1;2;2;A01
201500017538;0;7;0;0;1;4;4;A01
201500017539;0;7;0;13;0;9;1;A01
201500017540;0;30;0;0;0;3;0;A01
201500017540;0;7;0;0;0;3;1;B02
201500017541;0;7;0;13;0;3;13;A01
201500017542;0;7;0;0;2;7;19;B02
201500017542;0;7;0;0;2;1;1;A01
201500017543;0;7;0;0;2;3;1;A01
201500017543;0;7;0;0;2;3;1;B02
201500017544;0;7;0;0;2;3;0;B02
201500017544;0;7;0;0;2;3;1;A01
201500017545;0;7;0;0;0;1;0;A01
201500017546;0;2;0;0;2;3;16;A01
201500017546;1;21;0;0;2;6;15;B02
201500017547;0;7;0;8;2;7;15;A01
201500017547;0;7;0;0;2;1;1;B02
201500017548;0;7;0;0;2;3;5;A01
201500017548;0;10;0;0;2;3;1;B02
201500017549;0;15;0;0;0;0;23;A01
201500017550;0;30;0;0;2;1;13;A01
201500017550;0;7;0;0;2;3;1;B02
201500017551;0;7;0;0;2;3;13;A01
201500017551;0;15;0;0;2;3;1;B02
201500017552;0;7;0;0;2;1;1;B02
201500017552;0;15;0;0;2;1;1;A01
201500017553;0;17;0;0;2;2;2;B02
201500017553;0;7;0;0;2;8;19;A01
201500017554;0;7;0;3;0;1;1;A01
201500017555;0;7;0;13;0;1;2;A01
201500017556;0;7;0;16;0;1;14;A01
201500017557;0;7;0;0;2;1;13;A01
201500017557;0;7;0;0;2;1;1;B02
201500017557;0;14;0;0;2;3;1;C03
201500017558;0;7;0;13;0;2;21;A01
201500017559;0;7;0;6;0;2;1;A01
201500017560;0;7;0;2;0;3;1;A01
201500017561;0;7;0;6;0;2;1;A01
201500017562;0;7;0;0;2;1;2;A01
201500017562;0;7;0;0;0;8;1;B02
201500017563;0;7;0;0;1;1;16;A01
201500017564;0;7;0;2;;1;14;A01
201500017565;0;7;0;13;0;1;13;A01
201500017566;0;7;0;2;0;7;17;A01
201500017567;0;15;0;0;0;7;1;A01
201500017567;0;30;0;0;2;1;9;B02
201500017568;0;7;0;6;0;2;0;A01
201500017569;0;33;0;0;2;1;1;B01
201500017569;0;7;0;0;2;8;19;A02
201500017570;0;15;0;0;2;1;1;B02
201500017570;0;10;0;0;2;1;13;A01
201500017571;0;7;0;0;2;1;13;A01
201500017571;0;10;0;0;2;1;1;B02
201500017572;0;7;0;0;2;3;1;A01
201500017572;0;1;0;0;2;6;19;B02
201500017573;0;7;0;0;6;1;21;A01
201500017574;0;7;0;0;2;1;1;A01
201500017574;0;7;0;0;2;1;1;B02
201500017575;0;30;0;0;2;1;15;A01
201500017575;0;7;0;0;2;3;1;B02
201500017576;0;7;0;0;2;1;17;A01
201500017576;0;13;0;0;2;1;1;B02
201500017577;0;7;0;0;2;3;15;B02
201500017577;0;31;0;0;2;1;17;A01
201500017578;0;7;0;2;0;2;1;A01
201500017579;0;7;0;0;2;1;1;B02
201500017579;0;7;0;0;2;1;13;A01
201500017580;0;7;0;8;0;7;1;A01
201500017581;0;7;0;0;2;8;10;A01
201500017581;0;31;0;0;2;1;17;B02
201500017582;0;7;0;0;2;3;16;A01
201500017582;0;1;0;0;2;7;1;B02
201500017583;0;33;0;13;0;1;1;A01
201500017584;0;7;0;0;2;2;1;A01
201500017584;0;7;0;0;2;1;1;B02
201500017585;0;7;0;0;2;3;1;A01
201500017585;0;7;0;0;2;1;13;B02
201500017586;0;33;0;0;0;2;1;A01
201500017587;0;7;0;0;0;9;1;A01
201500017588;0;7;0;0;0;6;1;C03
201500017588;0;33;0;0;2;8;13;A01
201500017588;0;7;0;0;0;8;1;B02
201500017589;0;36;0;14;0;1;1;A01
201500017590;0;33;0;0;0;9;1;A01
201500017591;0;10;0;0;2;1;21;A01
201500017591;0;7;0;0;2;3;15;B02
201500017592;0;7;0;0;2;2;21;A01
201500017592;0;14;0;0;2;6;23;B02
201500017593;0;7;0;0;2;8;15;A01
201500017593;0;2;0;0;2;1;17;B02
201500017594;0;7;0;0;2;1;1;B02
201500017594;0;33;0;0;2;1;13;A01
201500017594;0;7;0;0;2;1;1;C03
201500017595;0;7;0;0;9;2;17;A01
201500017595;0;1;0;0;2;3;11;B02
201500017596;0;17;0;0;2;3;1;A01
201500017596;0;7;0;0;2;3;21;B02
201500017597;0;30;0;13;0;2;14;A01
201500017598;0;7;0;0;2;1;17;A01
201500017598;0;7;0;0;2;3;13;B02
201500017599;0;7;0;0;2;6;1;C03
201500017599;0;7;0;0;2;8;13;A01
201500017599;0;21;0;0;2;6;1;B02
201500017600;0;7;0;0;2;2;15;A01
201500017600;0;10;0;0;2;1;1;B02
201500017601;0;30;0;9;0;1;1;A01
201500017602;0;1;0;0;2;4;1;B02
201500017602;0;7;0;0;2;3;9;A01
201500017603;0;33;0;0;2;1;1;B02
201500017603;0;7;0;0;2;8;19;A01
201500017604;0;33;0;13;0;2;1;A01
201500017605;0;7;0;8;2;2;17;B02
201500017605;0;7;0;6;2;8;15;A01
201500017606;0;7;0;0;2;3;15;B02
201500017606;0;7;0;0;2;2;17;A01
201500017607;0;7;0;0;2;1;19;A01
201500017607;0;7;0;0;0;8;0;B02
201500017608;0;3;0;0;0;2;19;A01
201500017608;0;33;0;0;2;3;1;B02
201500017609;0;33;0;13;0;9;1;A01
201500017610;0;10;0;0;1;3;1;A01
201500017611;0;10;0;0;1;8;21;A01
201500017612;0;7;0;0;1;1;0;A01
201500017613;0;33;0;0;2;2;1;A01
201500017613;0;7;0;0;2;6;1;B02
201500017614;0;7;0;2;0;3;1;A01
201500017615;0;7;0;0;2;7;1;A01
201500017615;0;1;0;0;2;8;1;B02
201500017616;0;7;0;13;0;1;1;A01
201500017617;0;7;0;0;0;0;0;A01
201500017618;0;7;0;0;2;3;17;A01
201500017618;0;10;0;0;2;3;1;B02
201500017619;0;2;0;0;2;8;9;A01
201500017619;0;7;0;0;2;1;1;B02
201500017620;0;7;0;0;2;2;15;A01
201500017620;0;30;0;0;2;1;1;B02
201500017621;0;7;0;0;2;1;1;B02
201500017621;0;7;0;0;2;1;1;A01
201500017622;0;31;0;0;0;8;1;A01
201500017623;0;7;0;0;2;7;15;A01
201500017623;0;7;0;0;2;1;1;B02
201500017624;0;14;0;0;2;2;13;A01
201500017624;0;7;0;0;2;3;1;C03
201500017625;2;7;0;0;2;1;13;A01
201500017625;0;7;0;0;2;3;1;B02
201500017625;0;7;0;0;2;3;21;C03
201500017626;0;1;0;0;2;1;13;A01
201500017626;0;7;0;0;9;3;1;B02
201500017627;0;1;0;0;2;8;13;A01
201500017627;0;10;0;0;2;8;13;B02
201500017628;0;1;0;1;0;1;1;A01
201500017629;0;7;0;16;0;1;1;A01
201500017630;0;7;0;0;2;3;3;A01
201500017630;0;7;0;0;2;1;0;B02
201500017631;0;7;0;0;2;1;13;A01
201500017631;0;7;0;0;2;1;1;B02
201500017632;0;7;0;0;2;1;5;A01
201500017632;0;14;0;0;2;1;1;B02
201500017633;0;7;0;0;9;1;1;A01
201500017633;0;1;0;0;2;4;1;B02
201500017634;0;10;0;0;2;2;15;A01
201500017634;0;33;0;0;2;1;1;B02
201500017635;0;2;0;0;2;2;1;B02
201500017635;0;7;0;0;2;6;4;A01
201500017636;0;7;0;3;0;9;1;A01
201500017637;1;7;0;0;2;3;17;A01
201500017637;0;33;0;0;2;3;1;B02
201500017638;0;7;0;0;1;2;1;A01
201500017639;0;7;0;0;2;3;17;A01
201500017639;0;7;0;0;2;3;1;B02
201500017639;0;7;0;0;2;6;1;C03
201500017640;0;10;0;0;2;3;0;A01
201500017640;0;7;0;0;2;3;0;B02
201500017641;0;2;0;0;2;3;0;B02
201500017641;0;7;0;0;2;7;0;A01
201500017642;0;7;0;0;2;3;1;B02
201500017642;0;7;0;0;2;3;1;A01
201500017643;0;7;0;0;2;3;1;A01
201500017643;0;7;0;0;2;3;1;B02
201500017644;0;7;0;13;0;2;1;A01
201500017645;0;10;0;0;2;1;21;B02
201500017645;0;7;0;0;2;7;13;A01
201500017646;0;33;0;0;0;0;14;A01
201500017647;0;33;0;0;0;0;21;A01
201500017647;0;33;0;0;9;1;1;B02
201500017648;0;7;0;0;1;3;1;A01
201500017649;0;10;0;2;0;1;13;A01
201500017650;0;1;0;0;2;1;5;A01
201500017650;0;7;0;0;2;1;5;B02
201500017651;0;33;0;0;0;4;2;B02
201500017651;0;33;0;0;2;1;2;A01
201500017652;0;7;0;0;2;3;1;B02
201500017652;0;7;0;0;2;2;9;A01
201500017653;0;7;0;0;2;1;13;A01
201500017653;0;14;0;0;2;1;1;B02
201500017654;0;7;0;0;1;1;1;A01
201500017655;0;7;0;16;0;9;14;A01
201500017656;0;7;0;0;2;1;13;A01
201500017656;0;7;0;0;2;1;1;B02
201500017657;0;7;0;16;0;1;13;A01
201500017658;0;33;0;7;0;1;14;A01
201500017659;0;7;0;0;1;2;1;A01
201500017660;0;7;0;0;2;3;1;A01
201500017660;0;7;0;0;2;3;5;B02
201500017661;0;7;0;0;1;2;14;A01
201500017662;0;7;0;0;1;1;1;A01
201500017663;0;7;0;0;0;7;4;B02
201500017663;0;7;0;0;2;2;1;A01
201500017664;0;7;0;0;2;1;15;A01
201500017664;0;7;0;0;2;1;1;B02
201500017665;0;7;0;0;2;1;14;B02
201500017665;0;7;0;2;0;2;14;A01
201500017666;0;7;0;16;0;9;14;A01
201500017667;0;7;0;0;2;1;1;B02
201500017667;0;1;0;0;2;8;19;A01
201500017668;0;33;0;0;2;1;1;B02
201500017668;0;7;0;0;2;3;15;A01
201500017669;0;1;0;0;0;0;13;B02
201500017669;0;31;0;0;2;1;17;A01
201500017670;0;7;0;0;2;7;5;A01
201500017670;0;14;0;0;2;1;1;B02
201500017671;0;7;0;16;0;9;1;A01
201500017672;0;7;0;0;2;3;1;B02
201500017672;0;7;0;0;2;3;13;A01
201500017673;0;33;0;0;0;1;1;B02
201500017673;0;7;0;0;0;3;15;A01
201500017674;0;7;0;13;0;1;1;A01
201500017675;0;33;0;13;0;9;14;A01
201500017676;0;15;0;13;0;3;13;A01
201500017677;0;33;0;14;0;9;17;A01
201500017678;0;7;0;0;2;1;1;C03
201500017678;0;10;0;0;2;5;17;A01
201500017678;0;7;0;0;2;3;13;B02
201500017679;0;7;0;2;0;1;13;A01
201500017680;0;7;0;13;0;1;21;A02
201500017681;0;7;0;0;2;8;19;B02
201500017681;0;7;0;0;2;1;1;A01
201500017682;0;7;0;0;2;3;15;A01
201500017682;0;30;0;0;2;1;1;B02
201500017683;0;7;0;0;2;3;13;A01
201500017683;0;7;0;0;2;1;1;B02
201500017683;0;7;0;0;2;1;1;C03
201500017684;0;7;0;0;2;4;24;B02
201500017684;0;7;0;1;0;1;14;A01
201500017685;1;14;0;0;1;2;1;A01
201500017686;0;33;0;6;0;1;13;A01
201500017687;0;7;0;0;0;7;9;A01
201500017687;0;30;0;0;2;1;1;B02
201500017688;0;7;0;2;0;1;14;A01
201500017689;0;7;0;0;2;7;1;A01
201500017689;0;1;0;0;2;2;5;B02
201500017690;0;7;0;0;2;2;17;B02
201500017690;0;7;0;0;2;6;11;A01
201500017690;0;7;0;0;2;8;1;C03
201500017691;0;7;0;0;2;2;1;B02
201500017691;0;7;0;0;2;1;9;A01
201500017692;0;7;0;0;2;3;1;A01
201500017692;0;1;0;0;0;8;19;B02
201500017693;0;7;0;6;0;8;19;A01
201500017694;0;7;0;0;1;3;9;A01
201500017695;0;7;0;0;0;2;1;A01
201500017695;0;1;0;0;2;1;19;C03
201500017695;0;1;0;0;2;1;19;B02
201500017696;0;10;0;0;1;1;9;A01
201500017697;0;10;0;0;1;3;15;A01
201500017698;0;7;0;0;2;2;1;A01
201500017698;0;1;0;0;2;3;19;B02
201500017699;0;30;0;0;0;8;1;B02
201500017699;1;7;0;0;2;7;2;A01
201500017700;0;7;0;0;2;1;2;A01
201500017700;0;7;0;0;0;4;1;B02
201500017701;0;7;0;2;0;2;13;A01
201500017702;0;7;0;6;0;1;14;A01
201500017703;0;33;0;0;2;2;1;A01
201500017703;0;7;0;0;0;5;15;B02
201500017704;0;7;0;0;4;3;1;A01
201500017704;0;39;9;0;2;1;1;B02
201500017705;0;7;0;2;0;1;17;A01
201500017706;0;7;0;0;0;9;14;A01
201500017707;0;7;0;0;2;4;23;B02
201500017707;0;7;0;0;2;4;23;A01
201500017707;0;7;0;0;2;1;1;C03
201500017708;0;3;0;0;2;7;1;B02
201500017708;0;7;0;0;2;1;13;A01
201500017709;0;7;0;0;2;2;15;A01
201500017709;0;7;0;0;2;1;1;B02
201500017710;0;7;0;0;2;1;1;B02
201500017710;0;7;0;0;2;1;15;A01
201500017711;0;10;0;0;2;1;1;A01
201500017711;0;7;0;0;2;3;1;B02
201500017712;0;14;0;0;2;1;1;C03
201500017712;0;7;0;0;2;3;1;B02
201500017712;0;7;0;0;2;3;17;A01
201500017713;0;7;0;0;2;8;1;A01
201500017713;0;7;0;0;2;1;0;B02
201500017714;0;7;0;2;0;2;1;A01
201500017715;0;33;0;0;0;1;1;A01
201500017716;0;33;0;0;2;8;2;B02
201500017716;0;7;0;0;2;7;20;A01
201500017717;0;7;0;13;0;1;1;A01
201500017718;0;7;0;0;2;2;15;A01
201500017718;0;1;0;0;2;1;1;B02
201500017719;0;7;0;0;9;3;1;A01
201500017719;0;31;0;0;0;0;0;B02
201500017720;0;14;0;0;2;3;1;B02
201500017720;0;15;0;0;2;3;13;A01
201500017721;0;7;0;13;0;3;1;A01
201500017722;0;31;0;0;2;3;1;A01
201500017722;0;7;0;0;2;6;15;B02
201500017723;0;2;0;0;2;2;1;A01
201500017723;0;7;0;0;2;3;1;B02
201500017724;1;7;0;0;1;1;0;A01
201500017725;0;7;0;0;0;5;15;A01
201500017725;0;1;0;0;0;1;1;B02
201500017726;0;30;0;0;2;1;1;A01
201500017726;0;7;0;0;2;7;15;B02
201500017727;0;7;0;2;0;2;1;A01
201500017728;0;7;0;0;9;1;1;B02
201500017728;0;31;0;0;2;1;13;A01
201500017729;0;33;0;0;2;1;1;A01
201500017729;0;10;0;0;2;2;10;B02
201500017730;0;7;0;9;1;3;23;A01
201500017731;0;14;0;0;0;8;1;A01
201500017731;0;1;0;0;2;8;13;B02
201500017732;0;1;0;0;0;0;0;A01
201500017733;0;7;0;0;0;2;0;A01
201500017733;0;1;0;0;0;4;2;B02
201500017734;0;33;0;0;0;0;0;A01
201500017735;0;7;0;0;0;9;13;A01
201500017736;0;36;0;3;0;1;0;A01
201500017737;0;33;0;8;0;0;1;A01
201500017738;0;7;0;2;0;1;1;A01
201500017739;0;1;0;0;2;7;1;A01
201500017739;0;7;0;0;2;1;1;B02
201500017740;0;10;0;0;2;3;1;B02
201500017740;0;7;0;0;2;3;13;A01
201500017741;0;7;0;0;2;3;13;A01
201500017741;0;7;0;0;2;8;2;B02
201500017742;0;10;0;0;2;1;2;B02