num_acc;senc;catv;occutc;obs;obsm;choc;manv;num_veh
201500017742;0;7;0;0;2;7;19;A01
201500017743;0;7;0;0;2;1;1;B02
201500017743;0;7;0;0;2;8;9;A01
201500017744;0;7;0;0;0;0;1;A01
201500017745;0;10;0;0;0;7;1;A01
201500017745;0;21;0;0;2;1;19;B02
201500017746;0;7;0;0;2;3;15;A01
201500017746;0;31;0;0;2;8;1;B02
201500017747;0;10;0;0;1;1;1;A01
201500017748;0;7;0;0;2;3;1;B02
201500017748;0;7;0;0;2;3;1;A01
201500017749;0;7;0;0;1;6;4;A01
201500017750;0;7;0;2;0;1;1;A01
201500017751;0;7;0;0;9;3;1;C03
201500017751;0;7;0;0;9;3;1;B02
201500017751;0;17;0;0;0;0;1;A01
201500017752;0;33;0;0;0;0;0;A01
201500017753;0;33;0;6;0;1;14;A01
201500017754;0;15;0;0;9;3;17;A01
201500017754;0;2;0;0;0;8;15;B02
201500017755;0;7;0;2;0;2;1;A01
201500017756;0;7;0;0;1;1;1;A01
201500017757;0;7;0;0;2;8;1;B02
201500017757;0;2;0;0;2;8;1;A01
201500017758;0;7;0;0;1;3;1;A01
201500017759;0;7;0;0;0;9;1;A01
201500017760;0;7;0;13;0;2;1;A01
201500017761;0;32;0;0;2;1;1;B02
201500017761;0;7;0;0;2;7;1;A01
201500017762;0;10;0;0;1;5;1;A01
201500017763;0;36;0;6;0;1;2;A01
201500017764;0;7;0;0;2;3;1;A01
201500017764;0;7;0;0;2;3;1;B02
201500017765;0;7;0;0;2;1;2;B02
201500017765;0;7;0;0;2;8;5;C03
201500017765;0;7;0;0;2;4;2;A01
201500017766;0;7;0;0;2;7;1;A01
201500017766;0;7;0;0;2;1;1;B02
201500017767;0;7;0;0;2;1;2;A01
201500017767;0;7;0;0;2;5;23;B02
201500017767;0;7;0;0;2;5;23;C03
201500017768;0;7;0;0;1;3;1;A01
201500017769;0;7;0;0;2;1;9;A01
201500017769;0;31;0;0;0;7;1;B02
201500017770;0;2;0;0;1;1;1;A01
201500017771;0;7;0;0;2;2;13;A01
201500017771;0;7;0;0;2;3;1;B02
201500017771;0;7;0;0;2;2;21;C03
201500017772;0;2;0;0;2;1;17;A01
201500017772;0;7;0;0;2;3;1;B02
201500017773;0;7;0;0;2;1;13;A01
201500017773;0;7;0;0;2;1;1;B02
201500017774;0;7;0;0;0;8;0;A01
201500017774;0;1;0;0;0;0;0;B02
201500017775;0;7;0;0;1;0;1;A01
201500017776;0;7;0;0;0;1;0;A01
201500017777;0;7;0;0;2;2;15;A01
201500017777;0;7;0;0;2;1;1;B02
201500017778;0;7;0;0;1;1;1;A01
201500017779;0;7;0;0;0;3;13;A01
201500017780;0;30;0;11;0;1;1;A01
201500017781;0;7;0;6;0;3;13;A01
201500017782;0;33;0;0;0;0;15;A01
201500017783;0;7;0;0;2;1;2;A01
201500017783;0;33;0;0;0;4;2;B02
201500017784;0;7;0;2;0;3;14;A01
201500017785;0;33;0;0;2;8;1;A01
201500017785;0;7;0;0;2;1;19;B02
201500017786;0;7;0;2;0;7;1;A01
201500017787;0;7;0;0;2;1;6;A01
201500017787;0;7;0;0;2;1;13;B02
201500017788;0;7;0;13;0;1;14;A01
201500017789;0;10;0;0;1;7;16;A01
201500017790;0;2;0;0;2;1;1;B02
201500017790;0;7;0;0;2;7;15;A01
201500017791;0;7;0;0;2;1;13;A01
201500017791;0;10;0;0;2;1;1;B02
201500017792;0;15;0;0;2;3;1;B02
201500017792;0;7;0;0;2;3;13;A01
201500017793;0;7;0;8;0;1;13;A01
201500017794;0;7;0;0;2;4;23;B02
201500017794;0;7;0;0;2;1;1;A01
201500017795;0;7;0;0;0;3;13;A01
201500017795;0;33;0;0;0;7;17;B02
201500017796;0;10;0;0;2;3;1;B02
201500017796;0;30;0;0;2;3;16;A01
201500017797;0;7;0;13;0;2;1;A01
201500017798;0;21;0;0;2;8;1;B02
201500017798;0;7;0;0;2;8;1;A01
201500017799;0;7;0;0;0;5;13;A01
201500017799;0;7;0;0;2;1;1;B02
201500017800;0;7;0;0;0;0;5;B02
201500017800;0;7;0;0;2;0;12;A01
201500017801;0;7;0;0;2;3;15;A01
201500017801;0;30;0;0;2;8;1;B02
201500017802;0;1;0;0;2;1;15;B02
201500017802;0;15;0;0;2;7;1;A01
201500017803;0;7;0;7;0;1;1;A01
201500017804;0;7;0;13;0;1;1;A01
201500017805;0;14;0;0;2;3;1;B02
201500017805;0;10;0;0;2;3;13;A01
201500017806;0;7;0;0;2;3;1;B02
201500017806;0;3;0;0;2;8;15;A01
201500017807;0;7;0;0;2;3;19;A01
201500017807;0;33;0;0;2;8;1;B02
201500017808;0;7;0;1;1;3;1;A01
201500017808;0;7;0;0;2;0;23;B02
201500017809;0;7;0;0;2;1;15;A01
201500017809;0;1;0;0;2;7;1;B02
201500017810;1;7;0;0;2;2;17;B02
201500017810;0;1;0;0;2;1;1;A01
201500017811;0;33;0;13;0;1;14;A01
201500017812;0;34;0;0;2;1;17;B02
201500017812;0;7;0;0;0;3;15;A01
201500017813;0;36;0;6;0;1;0;A01
201500017814;0;7;0;6;0;1;1;A01
201500017815;0;7;0;0;1;1;1;A01
201500017816;0;7;0;0;2;2;2;A01
201500017816;0;1;0;0;0;4;2;B02
201500017817;0;33;0;0;2;2;1;B02
201500017817;0;10;0;0;2;1;15;A01
201500017818;0;7;0;0;2;1;0;B02
201500017818;0;7;0;0;2;1;1;A01
201500017819;0;10;0;0;1;3;1;A01
201500017820;0;7;0;0;2;1;2;A01
201500017820;0;2;0;0;0;4;2;B02
201500017821;0;7;0;0;0;1;1;A01
201500017822;1;7;0;0;2;5;15;A01
201500017822;0;30;0;0;2;1;1;B02
201500017823;0;7;0;0;2;2;15;A01
201500017823;0;33;0;0;2;1;1;B02
201500017824;0;10;0;0;1;8;1;A01
201500017825;0;2;0;0;2;1;1;B02
201500017825;0;7;0;0;2;3;1;A01
201500017826;0;7;0;0;4;2;19;A01
201500017826;0;39;0;;;;;B02
201500017827;0;7;0;0;0;9;1;A01
201500017828;0;7;0;2;0;1;0;A01
201500017829;0;30;0;0;0;6;23;B02
201500017829;0;7;0;0;2;2;21;A01
201500017830;0;31;0;0;0;0;0;A01
201500017831;0;7;0;0;2;1;0;B02
201500017831;0;7;0;0;2;1;1;A01
201500017832;0;33;0;0;2;1;1;A01
201500017832;0;10;0;0;2;2;15;B02
201500017833;0;14;0;2;0;2;14;A01
201500017834;0;7;0;6;0;3;14;A01
201500017835;0;7;0;2;0;1;2;A01
201500017836;0;7;0;13;0;1;1;A01
201500017837;0;7;0;3;2;1;21;B02
201500017837;0;33;0;0;2;1;13;A01
201500017838;0;7;0;0;2;3;1;B02
201500017838;0;7;0;0;2;7;13;A01
201500017839;0;7;0;0;2;1;1;B02
201500017839;0;7;0;0;2;3;19;A01
201500017840;0;2;0;0;2;8;13;B02
201500017840;0;7;0;0;2;2;17;A01
201500017841;0;7;0;0;2;3;1;B02
201500017841;0;7;0;0;2;3;13;A01
201500017842;0;7;0;0;0;1;1;B02
201500017842;0;7;0;0;0;1;13;A01
201500017843;0;7;0;0;0;7;15;B02
201500017843;0;33;0;0;2;1;1;A01
201500017844;0;7;0;8;0;3;13;A01
201500017845;0;7;0;0;2;0;1;C03
201500017845;0;7;0;0;2;1;13;A01
201500017845;0;7;0;0;2;2;1;B02
201500017846;0;7;0;0;2;1;1;B02
201500017846;0;7;0;0;2;3;1;A01
201500017847;0;10;0;0;2;2;1;B02
201500017847;0;7;0;0;2;6;13;A01
201500017848;0;7;0;0;2;1;11;A01
201500017848;0;10;0;0;2;8;15;B02
201500017849;0;7;0;0;2;3;1;A01
201500017849;0;7;0;0;2;3;13;B02
201500017850;0;1;0;0;2;8;15;A01
201500017850;0;10;0;0;2;2;1;B02
201500017851;0;7;0;0;2;1;13;A01
201500017851;0;7;0;0;2;1;1;B02
201500017852;0;7;0;0;0;1;1;A01
201500017853;0;7;0;0;1;2;1;A01
201500017854;0;31;0;0;0;1;14;A01
201500017855;0;33;0;13;0;8;17;A01
201500017856;0;7;0;0;2;2;17;A01
201500017856;0;7;0;0;2;3;1;B02
201500017857;0;7;0;12;0;2;14;A01
201500017858;0;7;0;6;0;7;1;A01
201500017859;0;7;0;2;0;1;13;A01
201500017860;0;7;0;13;0;1;1;A01
201500017861;0;10;0;0;1;1;1;A01
201500017862;0;7;0;0;2;3;13;B02
201500017862;0;7;0;0;2;3;1;A01
201500017863;0;7;0;8;0;2;1;A01
201500017864;0;31;0;0;2;5;2;A01
201500017864;0;21;0;0;2;3;2;B02
201500017865;0;7;0;0;0;1;1;A01
201500017866;0;34;0;0;6;1;1;A01
201500017867;0;33;0;0;2;1;17;A01
201500017867;0;7;0;0;2;3;1;B02
201500017868;0;7;0;0;2;3;1;A01
201500017868;0;30;0;0;2;1;9;B02
201500017869;0;7;0;2;0;3;0;A01
201500017870;0;2;0;0;1;1;1;A01
201500017871;0;7;0;0;2;2;5;A01
201500017871;0;10;0;0;2;3;1;B02
201500017872;0;30;0;0;1;1;1;A01
201500017873;0;7;0;13;0;1;0;A01
201500017874;0;7;0;0;2;3;1;A01
201500017874;0;7;0;0;2;3;1;B02
201500017875;0;7;0;13;0;2;1;A01
201500017876;0;7;0;0;2;3;1;B02
201500017876;0;7;0;0;2;3;13;A01
201500017877;0;7;0;2;0;9;1;A01
201500017878;0;7;0;0;1;7;1;A01
201500017879;0;33;0;0;0;8;13;A01
201500017880;0;10;0;0;1;1;0;A01
201500017881;0;2;0;0;2;1;13;A01
201500017881;0;2;0;0;2;1;1;B02
201500017882;0;33;0;9;0;1;14;A01
201500017883;0;10;0;0;0;3;15;A01
201500017883;0;7;0;0;2;2;1;B02
201500017884;0;10;0;2;0;1;2;A01
201500017885;0;7;0;0;0;7;1;A01
201500017885;0;10;0;0;2;1;1;B02
201500017886;0;10;0;0;1;6;4;A01
201500017887;0;7;0;0;2;1;1;B02
201500017887;0;7;0;0;2;1;9;A01
201500017888;0;33;0;13;0;0;16;A01
201500017889;0;7;0;0;2;3;15;A01
201500017889;0;30;0;0;2;1;1;B02
201500017890;0;7;0;0;2;3;13;A01
201500017890;0;7;0;0;2;3;1;B02
201500017891;0;1;0;0;2;3;1;A01
201500017891;0;7;0;0;2;3;1;B02
201500017892;0;7;0;0;2;6;13;A01
201500017892;0;7;0;0;2;8;1;B02
201500017893;0;33;0;0;2;8;1;B01
201500017893;0;7;0;0;2;1;1;A02
201500017894;0;2;0;0;1;1;1;A01
201500017895;0;7;0;0;2;5;14;A01
201500017895;0;7;0;0;2;1;1;B02
201500017895;0;7;0;0;2;2;23;C03
201500017896;0;10;0;0;1;1;1;A01
201500017897;0;15;0;13;0;2;9;A01
201500017898;0;33;0;0;2;2;17;A01
201500017898;0;7;0;0;2;3;15;B02
201500017899;0;7;0;0;0;6;15;A01
201500017899;0;33;0;0;2;1;17;B02
201500017900;0;7;0;0;2;1;1;B02
201500017900;0;7;0;0;2;8;19;A01
201500017901;0;7;0;0;2;3;13;A01
201500017901;0;10;0;0;2;3;1;B02
201500017902;0;31;0;0;2;7;1;B02
201500017902;0;7;0;0;2;1;15;A01
201500017903;0;7;0;0;2;3;13;A01
201500017903;0;10;0;0;2;3;1;B02
201500017904;0;7;0;13;0;1;1;A01
201500017905;0;7;0;0;2;2;1;A01
201500017905;0;14;0;0;2;3;0;B02
201500017906;0;7;0;0;1;4;4;A01
201500017907;0;2;0;0;2;2;15;A01
201500017907;0;7;0;0;2;3;1;B02
201500017907;0;7;0;0;2;6;1;C03
201500017908;0;7;0;0;2;2;17;A01
201500017908;0;14;0;0;2;3;17;B02
201500017909;0;7;0;0;1;1;16;A01
201500017910;0;7;0;0;2;3;19;B02
201500017910;0;7;0;0;2;2;1;A01
201500017911;0;7;0;2;0;1;1;A01
201500017912;0;7;0;0;2;1;13;A01
201500017912;0;7;0;0;2;1;1;B02
201500017913;0;30;0;0;0;8;2;A01
201500017914;0;7;0;0;2;1;1;A01
201500017914;0;7;0;0;2;7;13;B02
201500017915;0;7;0;0;2;1;13;A01
201500017915;0;7;0;0;2;3;1;B02
201500017916;0;7;0;0;1;2;1;A01
201500017917;0;7;0;13;0;1;1;A01
201500017918;0;7;0;0;2;1;1;B02
201500017918;0;31;0;0;2;1;15;A01
201500017919;0;7;0;16;0;1;15;A01
201500017920;0;33;0;0;2;9;21;A01
201500017920;0;7;0;0;0;6;15;B02
201500017920;0;7;0;0;2;8;1;C03
201500017921;0;7;0;0;2;7;15;A01
201500017921;0;17;0;0;2;8;1;B02
201500017922;0;7;0;0;2;8;13;A01
201500017922;0;15;0;0;2;2;1;B02
201500017923;0;7;0;0;0;9;1;A01
201500017924;0;10;0;0;2;1;1;A01
201500017924;0;7;0;0;2;1;1;B02
201500017924;0;7;0;0;2;8;1;C03
201500017925;0;7;0;0;2;7;17;A01
201500017925;0;1;0;0;2;8;15;B02
201500017926;0;7;0;0;2;2;1;A01
201500017926;0;2;0;0;2;1;15;B02
201500017927;0;7;0;0;2;8;16;B02
201500017927;0;7;0;0;2;1;1;A01
201500017928;0;33;0;0;2;1;0;A01
201500017928;0;7;0;0;2;3;15;B02
201500017929;0;7;0;0;2;2;1;A01
201500017929;0;7;0;0;2;3;15;B02
201500017930;0;7;0;0;2;1;13;A01
201500017930;0;7;0;0;2;1;1;B02
201500017931;0;7;0;0;0;2;19;B02
201500017931;0;7;0;0;2;1;1;A01
201500017932;0;10;0;0;2;3;15;A01
201500017932;0;33;0;0;2;1;1;B02
201500017933;0;7;0;0;1;1;15;A01
201500017934;0;14;0;0;0;1;1;B02
201500017934;0;7;0;0;2;8;15;A01
201500017935;0;33;0;12;2;8;17;A01
201500017935;0;7;0;0;2;8;15;B02
201500017936;0;33;0;5;0;1;13;A01
201500017937;0;7;0;0;1;3;9;A01
201500017938;0;7;0;0;2;7;15;A01
201500017938;0;7;0;0;2;1;1;B02
201500017939;0;36;0;0;0;0;1;A01
201500017940;0;1;0;0;0;0;1;A01
201500017941;0;7;0;0;1;3;15;A01
201500017942;0;7;0;0;2;8;15;A01
201500017942;0;33;0;0;2;1;17;B02
201500017943;0;7;0;0;2;8;1;A01
201500017943;0;2;0;0;2;1;13;B02
201500017944;0;7;0;0;0;6;14;A01
201500017944;0;2;0;0;2;2;2;B02
201500017945;0;30;0;0;2;0;21;A01
201500017946;0;7;0;0;2;2;1;A01
201500017946;0;10;0;0;2;3;15;B02
201500017947;0;7;0;13;0;3;1;A01
201500017948;0;10;0;0;2;3;13;A01
201500017948;0;14;0;0;2;3;1;B02
201500017949;0;30;0;0;0;3;1;A01
201500017950;0;10;0;13;0;1;0;A01
201500017951;0;7;0;0;2;3;13;A01
201500017951;0;7;0;0;2;3;1;B02
201500017952;0;1;0;0;2;8;15;A01
201500017952;0;7;0;0;2;2;17;B02
201500017953;0;7;0;0;2;1;1;A01
201500017953;0;7;0;0;2;1;13;B02
201500017954;0;33;0;0;0;0;1;A01
201500017955;0;7;0;2;0;1;1;A01
201500017956;0;30;0;0;2;8;19;B02
201500017956;0;7;0;0;2;3;1;A01
201500017957;0;7;0;0;2;1;1;A01
201500017957;0;7;0;0;2;3;0;B02
201500017958;0;7;0;0;2;1;1;A01
201500017958;0;30;0;0;2;2;15;B02
201500017958;0;30;0;0;2;2;15;C03
201500017959;0;7;0;10;0;1;1;A01
201500017960;0;7;0;0;2;3;1;A01
201500017960;0;7;0;0;2;3;15;B02
201500017961;0;10;0;0;2;1;1;A01
201500017961;0;7;0;0;2;3;15;B02
201500017962;0;7;0;0;2;2;15;A01
201500017962;0;33;0;0;2;3;1;B02
201500017963;0;7;0;0;2;2;2;A01
201500017963;0;1;0;0;0;4;1;B02
201500017964;0;31;0;0;9;1;17;A01
201500017964;0;1;0;0;2;8;15;B02
201500017965;0;7;0;0;0;0;15;A01
201500017965;0;7;0;13;0;2;1;B02
201500017966;0;7;0;6;0;1;1;A01
201500017967;0;7;0;0;2;2;1;B02
201500017967;0;7;0;0;2;8;1;A01
201500017968;0;7;0;0;2;1;15;A01
201500017968;0;7;0;0;2;3;1;B02
201500017969;0;30;0;1;0;1;1;A01
201500017969;0;7;0;0;0;6;0;B02
201500017970;0;7;0;13;0;1;14;A01
201500017971;0;7;0;0;2;8;1;A01
201500017971;0;14;0;0;2;2;1;B02
201500017972;0;30;0;0;2;4;2;A01
201500017972;0;7;0;0;2;1;2;B02
201500017973;0;7;0;0;0;8;1;A01
201500017973;0;1;0;0;0;1;16;B02
201500017974;0;7;0;0;2;2;13;A01
201500017974;0;7;0;0;2;1;1;B02
201500017975;0;30;0;0;0;0;1;A01
201500017976;0;7;0;13;0;3;13;A01
201500017977;0;7;0;0;2;1;13;A01
201500017977;0;7;0;0;2;1;1;B02
201500017977;0;10;0;0;2;1;1;C03
201500017978;0;10;0;0;2;7;17;B02
201500017978;0;7;0;0;2;9;17;C03
201500017978;0;21;0;0;2;8;1;A01
201500017978;0;7;0;0;2;1;17;D04
201500017979;0;33;0;0;0;1;1;A01
201500017980;0;15;0;0;2;2;1;A01
201500017980;0;7;0;0;2;3;15;B02
201500017981;0;7;0;3;0;7;1;A01
201500017982;0;10;0;0;2;3;15;A01
201500017982;0;2;0;0;2;9;17;B02
201500017983;0;7;0;2;0;1;14;A01
201500017984;0;7;0;3;0;3;13;A01
201500017985;0;33;0;0;0;1;1;A01
201500017986;0;1;0;0;2;1;15;A01
201500017986;0;7;0;0;2;1;1;B02
201500017987;0;33;0;0;6;3;17;A01
201500017988;0;7;0;13;0;9;1;A01
201500017989;0;7;0;0;1;3;1;A01
201500017990;0;33;0;0;0;7;1;A01
201500017991;0;33;0;5;0;8;1;A01
201500017992;0;7;0;15;0;5;1;A01
201500017993;0;7;0;2;0;1;13;A01
201500017994;0;7;0;0;1;0;17;A01
201500017995;0;7;0;0;2;3;0;A01
201500017995;0;15;0;0;2;1;1;B02
201500017996;0;36;0;13;0;2;1;A01
201500017997;0;31;0;0;0;4;0;B02
201500017997;0;31;0;0;2;1;2;A01
201500017998;0;7;0;5;0;2;1;A01
201500017999;0;33;0;0;2;1;1;B02
201500017999;0;7;0;0;2;8;6;A01
201500018000;0;7;0;2;0;1;14;A01
201500018001;0;7;0;0;2;3;1;A01
201500018001;0;7;0;0;2;3;1;B02
201500018002;0;7;0;0;2;3;2;B02
201500018002;0;33;0;0;2;1;2;A01
201500018003;0;1;0;0;2;6;2;B02
201500018003;0;14;0;0;2;2;2;A01
201500018003;0;1;0;0;2;6;2;C03
201500018004;0;33;0;4;0;1;1;A01
201500018005;0;7;0;2;0;7;13;A01
201500018006;0;7;0;0;2;2;15;A01
201500018006;0;7;0;0;2;1;1;B02
201500018007;0;33;0;10;0;7;1;A01
201500018008;0;7;0;0;2;3;15;B02
201500018008;0;33;0;0;2;1;17;A01
201500018009;0;7;0;0;2;1;0;B02
201500018009;0;7;0;0;2;1;13;A01
201500018010;0;7;0;0;2;3;13;B02
201500018010;0;7;0;0;2;3;1;A01
201500018011;0;7;0;8;0;3;0;A01
201500018012;0;7;0;0;2;2;9;B02
201500018012;0;7;0;0;2;8;1;A01
201500018013;0;7;0;0;2;3;1;B02
201500018013;0;7;0;0;2;3;13;A01
201500018014;0;7;0;0;0;1;0;B02
201500018014;0;10;0;0;2;1;1;A01
201500018015;0;7;0;13;0;9;1;A01
201500018016;0;7;0;0;1;2;1;A01
201500018017;0;13;0;0;2;5;2;B02
201500018017;0;17;0;0;2;4;2;A01
201500018018;0;7;0;0;1;2;1;A01
201500018019;0;7;0;2;0;1;0;A01
201500018020;0;7;0;2;0;2;13;A01
201500018021;0;7;0;13;0;1;13;A01
201500018022;0;7;0;6;0;3;1;A01
201500018023;0;33;0;0;2;3;13;A01
201500018023;0;31;0;0;0;1;21;C03
201500018023;0;7;0;0;2;3;13;B02
201500018024;0;31;0;0;2;1;1;B02
201500018024;0;7;0;0;2;2;15;A01
201500018025;0;7;0;0;1;1;16;A01
201500018026;1;7;0;0;1;0;0;Z01
201500018027;0;32;0;0;2;2;1;B01
201500018027;0;7;0;0;2;3;9;A01
201500018028;0;33;0;0;2;0;1;B01
201500018028;0;14;0;0;2;6;19;A01
201500018029;0;7;0;1;0;2;1;A01
201500018030;0;1;0;0;2;4;1;B01
201500018030;0;13;0;0;2;1;1;A01
201500018031;0;7;0;0;2;2;1;B01
201500018031;0;7;0;0;2;1;13;A01
201500018032;0;31;0;9;0;1;13;A01
201500018033;0;7;0;0;2;5;23;B01
201500018033;0;33;0;0;2;3;2;A01
201500018034;0;7;0;0;2;2;0;B01
201500018034;0;30;0;0;2;1;19;A01
201500018035;0;7;0;0;2;1;10;A01
201500018035;0;7;0;0;2;7;1;B01
201500018036;0;7;0;0;1;3;1;A01
201500018037;0;14;0;0;2;2;1;B02
201500018037;0;7;0;13;9;8;10;A01
201500018038;0;7;0;0;2;2;15;A01
201500018038;0;7;0;0;2;8;23;C03
201500018038;0;7;0;0;2;1;1;B02
201500018039;0;31;0;14;0;1;1;A01
201500018040;0;1;0;0;2;1;1;B02
201500018040;0;10;0;0;9;7;1;A01
201500018041;0;7;0;0;1;1;1;A01
201500018042;0;7;0;2;0;3;1;A01
201500018043;0;7;0;0;2;1;1;B02
201500018043;0;7;0;0;2;1;15;A01
201500018044;1;7;0;0;1;3;1;A01
201500018045;0;7;0;2;0;1;1;A01
201500018046;0;7;0;0;2;1;17;A01
201500018046;0;7;0;0;2;2;1;C03
201500018046;0;7;0;0;2;1;1;B02
201500018047;0;10;0;0;0;0;0;A01
201500018048;0;7;0;6;0;1;1;A01
201500018049;0;7;0;0;2;1;1;A01
201500018049;0;7;0;0;2;2;19;B02
201500018050;0;7;0;0;0;9;1;A01
201500018051;0;30;0;0;0;0;1;A01
201500018052;0;7;0;0;2;2;17;A01
201500018052;0;1;0;0;0;0;0;B02
201500018052;0;1;0;0;2;4;1;C03
201500018053;0;21;0;0;2;1;1;A01
201500018053;0;33;0;0;2;1;1;B02
201500018054;0;33;0;13;0;0;1;A01
201500018055;0;7;0;0;2;3;1;A01
201500018055;0;7;0;0;2;2;19;B02
201500018056;0;7;0;6;0;3;1;A01
201500018057;0;7;0;0;2;2;2;A01
201500018057;0;1;0;0;0;4;2;B02
201500018058;0;7;0;16;0;9;1;A01
201500018059;0;7;0;0;0;3;15;A01
201500018059;0;2;0;0;0;2;17;B02
201500018060;0;30;0;12;0;1;16;A01
201500018061;0;7;0;0;2;3;1;A01
201500018061;0;7;0;0;2;3;1;B02
201500018062;0;7;0;0;2;1;1;A01
201500018062;0;7;0;0;2;7;1;B02
201500018063;0;7;0;0;2;1;1;A01
201500018063;0;7;0;0;2;7;19;B02
201500018064;0;7;0;13;0;1;1;A01
201500018065;0;7;0;0;2;3;1;B02
201500018065;0;7;0;0;2;3;1;A01
201500018066;0;7;0;0;2;7;1;A01
201500018066;0;30;0;0;2;8;2;B02
201500018067;0;7;0;0;2;1;1;B02
201500018067;0;7;0;0;2;1;19;A01
201500018068;0;3;0;6;0;3;13;A01
201500018069;0;7;0;0;2;3;1;A01
201500018069;0;2;0;0;2;7;1;B02
201500018070;0;7;0;8;0;8;1;A01
201500018071;0;7;0;6;0;8;1;A01
201500018072;0;33;0;0;0;0;0;A01
201500018073;0;7;0;0;0;2;15;A01
201500018073;0;10;0;0;0;1;1;B02
201500018074;0;7;0;8;0;1;1;A01
201500018075;0;7;0;0;2;1;1;A01
201500018075;0;7;0;0;2;8;15;B02
201500018076;0;10;0;14;0;3;1;A01
201500018076;0;7;0;0;2;5;23;B02
201500018076;0;7;0;0;2;1;1;C03
201500018077;0;7;0;0;1;6;1;A01
201500018078;0;7;0;0;2;7;1;A01
201500018078;0;7;0;0;2;1;1;B02
201500018079;0;7;0;0;2;1;1;A01
201500018079;0;7;0;0;0;8;19;B02
201500018080;0;7;0;0;2;2;15;A01
201500018080;0;7;0;0;2;1;1;B02
201500018081;0;7;0;0;2;1;19;A01
201500018081;0;7;0;0;2;3;1;B02
201500018082;0;30;0;12;0;2;1;A01
201500018083;0;7;0;0;9;2;1;A01
201500018083;0;1;0;0;2;8;15;B02
201500018084;0;7;0;6;0;3;1;A01
201500018085;0;33;0;0;2;1;1;B02
201500018085;0;7;0;0;2;1;15;A01
201500018086;0;7;0;0;2;1;15;B02
201500018086;0;7;0;0;2;1;13;A01
201500018087;0;7;0;6;0;5;1;A01
201500018088;0;30;0;0;0;0;13;A01
201500018088;0;7;0;0;2;2;21;B02
201500018089;0;10;0;6;0;1;1;A01
201500018090;0;10;0;0;2;5;17;A01
201500018090;0;1;0;0;2;1;1;B02
201500018091;0;7;0;0;2;6;19;A01
201500018091;0;7;0;0;2;1;1;B02
201500018092;0;7;0;8;0;7;0;A01
201500018093;0;7;0;0;2;2;21;A01
201500018093;0;1;0;0;0;8;1;B02
201500018094;0;7;0;0;2;3;17;A01
201500018094;0;1;0;0;2;8;19;B02
201500018095;0;7;0;0;1;3;15;A01
201500018096;0;7;0;0;2;3;11;B02
201500018096;0;33;0;0;2;1;17;A01
201500018097;0;7;0;0;2;3;4;A01
201500018097;0;1;0;0;2;1;1;B02
201500018098;0;10;0;13;0;3;1;A01
201500018099;0;7;0;0;9;1;1;A01
201500018099;0;39;1;0;4;8;1;B02
201500018100;0;7;0;0;2;1;5;A01
201500018100;0;14;0;0;2;2;1;B02
201500018101;0;7;0;6;0;1;1;A01
201500018102;0;7;0;0;2;1;13;A01
201500018102;0;7;0;0;2;1;21;B02
201500018103;0;7;0;1;0;1;13;A01
201500018104;0;10;0;0;2;3;2;A01
201500018104;0;14;0;0;0;5;15;B02
201500018105;0;7;0;2;0;7;1;A01
201500018106;0;7;0;0;0;9;14;A01
201500018107;0;7;0;13;0;1;13;A01
201500018108;0;7;0;2;0;9;13;A01
201500018109;0;7;0;2;0;3;1;A01
201500018110;0;7;0;2;0;2;15;A01
201500018111;0;33;0;12;0;3;1;A01
201500018112;0;7;0;6;0;1;14;A01
201500018113;0;2;0;0;2;1;1;B02
201500018113;0;7;0;0;2;8;0;A01
201500018114;0;7;0;8;0;1;14;A01
201500018115;0;7;0;2;6;3;1;A01
201500018116;0;7;0;0;2;3;19;B02
201500018116;0;7;0;0;2;1;1;A01
201500018117;0;7;0;0;2;3;13;A01
201500018117;0;7;0;0;2;3;21;B02
201500018118;0;7;0;0;6;9;21;A01
201500018119;0;7;0;0;2;7;19;B02
201500018119;0;10;0;0;2;2;1;A01
201500018120;0;7;0;0;1;2;1;A01
201500018121;0;7;0;2;0;1;0;A01
201500018122;0;7;0;0;2;1;13;A01
201500018122;0;7;0;0;2;1;1;B02
201500018123;1;7;0;0;1;0;0;A01
201500018124;0;33;0;0;6;1;1;A01
201500018125;0;7;0;2;0;2;13;A01
201500018126;0;7;0;13;0;2;14;A01
201500018127;0;7;0;4;0;3;14;A01
201500018128;0;7;0;13;0;9;1;A01
201500018129;0;1;0;0;2;3;1;A01
201500018129;0;1;0;0;2;2;1;B02
201500018130;1;99;0;0;2;8;17;A01
201500018130;0;33;0;0;2;2;17;B02
201500018131;0;7;0;8;0;7;1;A01
201500018132;0;7;0;0;2;6;15;A01
201500018132;0;33;0;0;2;2;2;B02
201500018133;0;7;0;0;2;2;1;A01
201500018133;0;7;0;0;2;8;9;B02
201500018134;0;30;0;1;0;1;21;A01
201500018134;0;7;0;0;2;2;24;B02
201500018135;0;7;0;0;2;7;15;A01
201500018135;0;7;0;0;2;1;1;B02
201500018135;0;10;0;0;2;3;23;C03
201500018136;0;7;0;0;2;3;1;A01
201500018136;0;30;0;0;2;3;1;B02