num_acc;senc;catv;occutc;obs;obsm;choc;manv;num_veh
201500018137;0;7;0;0;2;8;1;A01
201500018137;0;7;0;0;2;1;9;B02
201500018138;0;10;0;0;2;1;19;A01
201500018138;0;33;0;0;2;3;1;B02
201500018139;0;7;0;2;0;1;1;A01
201500018140;0;7;0;0;2;3;1;B02
201500018140;0;7;0;0;2;3;1;A01
201500018141;0;7;0;6;0;4;1;A01
201500018142;0;7;0;0;2;1;1;A01
201500018142;0;1;0;0;2;7;15;B02
201500018143;0;7;0;2;0;1;13;A01
201500018144;0;7;0;2;0;1;1;A01
201500018145;0;7;0;0;0;1;1;A01
201500018146;0;7;0;13;2;3;19;A01
201500018146;0;2;0;0;2;1;1;B02
201500018147;0;7;0;0;2;5;17;A01
201500018147;0;7;0;0;2;3;1;B02
201500018148;0;10;0;0;1;6;4;A01
201500018149;0;7;0;0;0;0;0;A01
201500018149;0;7;0;0;0;0;0;B02
201500018150;0;7;0;0;0;0;0;A01
201500018150;0;31;0;0;0;0;0;B02
201500018151;0;15;0;0;2;1;14;B02
201500018151;0;7;0;0;2;1;13;A01
201500018152;0;10;0;0;2;1;15;A01
201500018152;0;30;0;0;2;6;16;B02
201500018153;0;10;0;0;2;3;19;B02
201500018153;0;10;0;0;2;2;1;A01
201500018154;0;7;0;0;2;1;15;A01
201500018154;0;2;0;0;2;1;1;B02
201500018155;0;7;0;0;1;3;21;A01
201500018156;0;7;0;0;2;2;21;B02
201500018156;0;36;0;0;2;8;10;A01
201500018157;0;15;0;0;2;3;21;B02
201500018157;0;10;0;0;2;1;13;A01
201500018158;0;7;0;2;0;1;1;A01
201500018159;0;30;0;16;0;0;1;A01
201500018160;0;7;0;0;4;8;1;A01
201500018160;0;39;1;0;2;1;1;B02
201500018161;0;7;0;0;2;3;2;A01
201500018161;0;33;0;0;2;4;15;B02
201500018162;0;7;0;0;0;1;0;C03
201500018162;0;7;0;0;0;8;0;B02
201500018162;0;7;0;0;0;1;13;A01
201500018163;0;7;0;0;1;4;4;A01
201500018164;0;7;0;0;2;3;1;B02
201500018164;0;7;0;0;2;3;1;A01
201500018165;0;7;0;0;0;6;1;B02
201500018165;0;33;0;0;2;1;1;C03
201500018165;0;7;0;0;0;0;4;A01
201500018166;0;7;0;3;0;7;1;A01
201500018167;0;33;0;8;2;2;17;A01
201500018167;0;10;0;0;2;8;15;B02
201500018168;0;10;0;0;2;1;13;A01
201500018168;0;7;0;0;2;3;1;B02
201500018169;0;7;0;0;1;1;1;A01
201500018170;0;7;0;0;2;8;13;A01
201500018170;0;7;0;0;2;3;1;B02
201500018171;0;7;0;2;0;7;1;A01
201500018172;0;7;0;2;0;9;14;A01
201500018173;0;7;0;0;2;1;1;B02
201500018173;0;30;0;0;2;1;1;A01
201500018174;2;7;0;2;0;2;1;A01
201500018175;0;7;0;0;2;3;13;A01
201500018175;0;7;0;0;2;1;21;B02
201500018176;0;33;0;0;2;1;19;A01
201500018176;0;7;0;0;2;3;1;C03
201500018176;0;7;0;0;2;8;1;B02
201500018177;0;7;0;0;2;3;1;B02
201500018177;0;7;0;0;2;8;15;A01
201500018178;0;33;0;0;0;0;1;A01
201500018179;0;7;0;0;2;8;19;A01
201500018179;0;7;0;0;2;2;1;B02
201500018180;0;33;0;15;0;1;1;A01
201500018181;0;7;0;0;0;1;1;C03
201500018181;0;10;0;0;2;1;21;A01
201500018181;0;10;0;0;2;6;2;B02
201500018182;0;7;0;13;6;9;1;A01
201500018183;0;3;0;6;0;3;1;A01
201500018184;0;7;0;0;2;3;16;A01
201500018184;0;7;0;0;2;1;1;B02
201500018185;0;33;0;0;2;1;2;A01
201500018185;0;7;0;0;2;8;10;B02
201500018186;0;33;0;16;0;8;1;A01
201500018187;0;7;0;13;0;2;21;A01
201500018188;0;7;0;0;1;1;1;A01
201500018189;0;14;0;13;0;2;1;A01
201500018190;0;33;0;2;0;1;1;A01
201500018191;0;7;0;0;2;3;13;A01
201500018191;0;10;0;0;2;3;1;B02
201500018192;0;7;0;13;0;1;1;A01
201500018193;0;1;0;0;2;4;1;B02
201500018193;0;7;0;0;2;2;1;A01
201500018194;0;7;0;13;0;2;1;A01
201500018195;0;33;0;0;2;1;1;A01
201500018195;0;7;0;0;2;8;15;B02
201500018196;0;7;0;8;0;1;1;A01
201500018197;0;10;0;0;2;8;13;A01
201500018197;0;3;0;0;2;1;1;B02
201500018198;0;7;0;0;2;3;1;A01
201500018198;0;30;0;0;2;1;1;B02
201500018199;0;10;0;0;9;7;17;A01
201500018199;0;1;0;0;2;3;2;B02
201500018200;0;33;0;0;2;1;17;A01
201500018200;0;7;0;0;0;3;1;B02
201500018200;0;7;0;0;0;5;15;C03
201500018200;0;7;0;0;0;8;1;D04
201500018201;0;7;0;0;1;2;1;A01
201500018202;0;7;0;0;2;1;13;A01
201500018202;0;10;0;0;2;1;1;B02
201500018203;0;30;0;0;2;1;1;B02
201500018203;0;7;0;0;2;3;15;A01
201500018204;0;7;0;2;0;9;1;A01
201500018205;0;7;0;0;2;3;13;A01
201500018205;0;7;0;0;2;3;1;B02
201500018206;0;1;0;0;2;1;1;A01
201500018206;0;36;0;0;2;1;1;B02
201500018207;0;7;0;0;2;1;15;A01
201500018207;0;2;0;0;2;1;1;B02
201500018208;0;7;0;0;2;0;1;A01
201500018208;0;1;0;0;2;4;1;B02
201500018209;0;7;0;0;2;3;1;A01
201500018209;0;2;0;0;2;7;1;B02
201500018210;0;33;0;0;2;1;1;B02
201500018210;0;7;0;0;2;7;1;A01
201500018211;0;33;0;0;0;2;1;A01
201500018212;0;7;0;0;2;3;19;A01
201500018212;0;7;0;0;2;2;1;B02
201500018213;0;7;0;3;0;1;1;A01
201500018214;0;30;0;0;2;1;1;A01
201500018214;0;7;0;0;2;2;0;B02
201500018215;0;7;0;0;2;2;13;A01
201500018215;0;7;0;0;2;2;1;B02
201500018216;0;7;0;13;2;1;13;A01
201500018216;0;7;0;1;0;7;2;B02
201500018217;0;7;0;14;0;1;1;A01
201500018218;0;7;0;0;2;1;15;A01
201500018218;0;7;0;0;2;3;1;B02
201500018219;0;7;0;0;2;1;5;A01
201500018219;0;7;0;0;2;3;5;B02
201500018220;0;99;0;0;0;0;19;A01
201500018221;0;30;0;0;0;8;1;A01
201500018222;0;33;0;0;2;1;1;A01
201500018222;0;7;0;0;2;8;9;B02
201500018223;0;33;0;0;2;1;13;A01
201500018223;0;7;0;0;2;3;1;B02
201500018224;0;7;0;6;0;3;1;A01
201500018225;0;30;0;0;2;8;17;A01
201500018226;0;7;0;13;0;2;1;A01
201500018227;0;7;0;0;1;2;1;A01
201500018228;0;7;0;0;2;5;15;A01
201500018228;0;10;0;0;2;3;1;B02
201500018229;0;7;0;13;0;1;1;A01
201500018230;0;7;0;0;2;1;13;A01
201500018230;0;7;0;0;2;6;1;C03
201500018230;0;7;0;0;2;1;1;B02
201500018231;0;33;0;13;0;1;1;A01
201500018232;0;7;0;0;2;3;1;C03
201500018232;0;7;0;0;2;4;15;B02
201500018232;0;15;0;0;2;1;1;A01
201500018233;0;7;0;13;0;2;1;A01
201500018234;0;33;0;0;2;1;2;B02
201500018234;0;7;0;0;0;8;10;A01
201500018235;0;7;0;8;0;3;13;A01
201500018236;0;7;0;13;0;3;1;A01
201500018237;0;7;0;0;2;1;1;A01
201500018237;0;1;0;0;2;7;19;B02
201500018238;0;7;0;13;0;8;1;A01
201500018239;0;33;0;0;6;1;1;A01
201500018240;0;7;0;2;0;1;16;A01
201500018241;0;33;0;0;2;7;21;B02
201500018241;0;7;0;0;2;5;15;A01
201500018241;0;7;0;0;2;8;21;C03
201500018242;0;7;0;0;2;3;13;A01
201500018242;0;15;0;0;2;3;1;B02
201500018243;0;17;0;0;2;1;1;A01
201500018243;0;7;0;0;2;3;15;B02
201500018244;0;14;0;0;2;3;13;A01
201500018244;0;33;0;0;2;3;1;B02
201500018245;0;10;0;0;2;1;1;A01
201500018245;0;7;0;0;2;3;13;B02
201500018246;0;17;0;0;2;1;1;B02
201500018246;0;7;0;0;2;1;5;A01
201500018247;0;3;0;0;2;1;15;A01
201500018247;0;1;0;0;2;8;1;B02
201500018248;0;7;0;2;6;7;1;A01
201500018249;0;7;0;0;2;5;5;A01
201500018249;0;7;0;0;2;1;1;B02
201500018250;0;7;0;0;0;9;14;A01
201500018251;0;7;0;13;0;1;1;A01
201500018252;0;7;0;0;2;5;15;B02
201500018252;0;7;0;0;2;3;21;C03
201500018252;0;7;0;0;2;1;1;A01
201500018253;0;33;0;0;2;3;1;A01
201500018253;0;7;0;0;2;2;15;B02
201500018254;0;7;0;13;0;3;1;A01
201500018255;0;7;0;13;0;1;13;A01
201500018256;0;7;0;0;2;1;1;A01
201500018256;0;7;0;0;2;4;15;B02
201500018257;0;7;0;13;0;9;0;A01
201500018258;0;33;0;0;2;1;1;B02
201500018258;0;21;0;0;0;3;15;A01
201500018259;0;10;0;0;1;2;1;A01
201500018260;0;10;0;13;0;1;1;A01
201500018261;0;1;0;0;2;4;2;B02
201500018261;0;7;0;0;2;2;2;A01
201500018262;0;7;0;0;1;2;1;A01
201500018263;0;7;0;0;2;1;1;B02
201500018263;0;7;0;0;2;5;15;A01
201500018264;0;1;0;0;2;7;1;B02
201500018264;0;99;0;0;2;1;1;A01
201500018265;0;7;0;13;0;1;1;A01
201500018266;0;3;0;0;2;3;19;A01
201500018266;0;33;0;0;2;7;17;B02
201500018267;0;7;0;0;2;8;15;B02
201500018267;0;33;0;0;2;1;1;A01
201500018268;0;33;0;0;0;8;0;A01
201500018269;0;7;0;0;1;2;1;A01
201500018270;0;30;0;6;0;1;1;A01
201500018271;0;30;0;1;0;1;1;A01
201500018272;0;7;0;0;2;3;13;A01
201500018272;0;7;0;0;2;3;1;B02
201500018272;0;10;0;0;2;1;1;C03
201500018273;0;7;0;0;2;3;13;A01
201500018273;0;7;0;0;2;3;1;B02
201500018274;0;7;0;0;2;8;13;A01
201500018274;0;10;0;0;2;8;1;B02
201500018275;0;7;0;0;2;5;15;B02
201500018275;0;33;0;0;2;1;1;A01
201500018276;0;33;0;3;0;8;13;A01
201500018277;0;33;0;2;6;1;21;A01
201500018278;0;7;0;0;2;8;1;B02
201500018278;0;14;0;0;2;1;1;A01
201500018279;0;7;0;0;2;3;1;B02
201500018279;0;7;0;0;2;3;13;A01
201500018280;0;7;0;0;2;1;1;B02
201500018280;0;7;0;0;0;7;1;A01
201500018281;0;7;0;6;0;3;13;A01
201500018282;0;7;0;0;2;3;19;B02
201500018282;0;30;0;0;2;2;19;A01
201500018283;0;7;0;2;0;1;0;A01
201500018284;0;7;0;0;2;1;11;B02
201500018284;0;7;0;0;2;1;1;A01
201500018285;0;1;0;0;0;0;0;A01
201500018286;0;33;0;0;2;1;1;B02
201500018286;0;33;0;0;0;7;10;A01
201500018287;0;10;0;13;0;2;1;A01
201500018288;0;7;0;0;2;1;5;A01
201500018288;0;7;0;0;2;1;1;B02
201500018289;0;7;0;0;2;1;2;A01
201500018289;0;7;0;0;2;7;13;B02
201500018290;0;7;0;0;1;1;2;A01
201500018291;0;7;0;0;2;3;15;A01
201500018291;0;33;0;0;2;8;1;B02
201500018292;0;7;0;0;2;1;1;A01
201500018292;0;7;0;0;2;1;1;B02
201500018293;0;7;0;6;0;1;13;A01
201500018294;0;7;0;0;9;2;2;A01
201500018295;0;33;0;0;2;0;1;A01
201500018295;0;7;0;0;2;2;1;B02
201500018296;0;33;0;0;0;0;1;A01
201500018297;0;7;0;13;0;1;10;A01
201500018298;0;7;0;2;0;7;2;A01
201500018299;0;7;0;0;2;3;2;B02
201500018299;0;7;0;0;2;2;19;A01
201500018300;0;2;0;16;0;1;1;A01
201500018301;0;2;0;1;0;1;2;A01
201500018301;0;10;0;0;2;4;23;B02
201500018302;0;7;0;13;0;2;0;A01
201500018303;0;7;0;0;1;1;1;A01
201500018304;0;7;0;13;0;2;14;A01
201500018305;0;7;0;0;2;1;13;A01
201500018305;0;7;0;0;2;3;1;B02
201500018306;0;33;0;0;2;1;1;B02
201500018306;0;10;0;0;2;3;15;A01
201500018307;0;7;0;0;0;9;1;A01
201500018308;0;7;0;0;1;2;1;A01
201500018309;0;7;0;0;2;4;23;B02
201500018309;0;7;0;0;2;1;1;A01
201500018310;0;7;0;2;0;8;1;A01
201500018311;0;10;0;0;0;9;1;A01
201500018312;0;7;0;13;0;3;1;A01
201500018313;0;1;0;0;2;1;1;B02
201500018313;0;7;0;0;2;2;21;A01
201500018314;0;7;0;0;2;2;9;A01
201500018314;0;1;0;0;0;4;0;B02
201500018315;0;7;0;0;1;3;0;A01
201500018316;0;7;0;0;1;2;1;A01
201500018317;0;7;0;0;2;1;1;A01
201500018317;0;7;0;0;2;1;13;B02
201500018318;1;7;0;0;1;0;4;Z01
201500018319;0;33;0;4;0;3;1;A01
201500018320;0;10;0;10;0;1;17;A01
201500018321;0;2;0;12;0;8;1;A01
201500018322;0;7;0;0;0;2;1;A01
201500018323;0;7;0;8;0;7;15;A01
201500018324;0;99;0;2;0;1;13;A01
201500018325;0;7;0;2;0;9;13;A01
201500018326;0;7;0;0;2;1;1;A01
201500018326;0;31;0;0;2;3;1;B02
201500018327;0;7;0;0;2;3;13;A01
201500018327;0;15;0;0;2;3;1;B02
201500018328;0;33;0;6;0;1;13;A01
201500018329;0;7;0;0;6;1;21;A01
201500018330;0;7;0;0;2;7;15;A01
201500018330;0;7;0;0;2;1;1;B02
201500018331;0;7;0;2;0;2;1;A01
201500018332;0;33;0;0;2;1;1;A01
201500018332;0;7;0;0;2;8;15;B02
201500018333;1;7;0;0;1;0;0;A01
201500018334;0;7;0;0;0;0;17;A01
201500018335;0;10;0;0;2;2;17;A01
201500018335;0;7;0;0;2;1;1;B02
201500018336;0;7;0;2;0;1;1;A01
201500018337;0;7;0;0;2;1;13;A01
201500018337;0;14;0;0;0;0;0;B02
201500018338;0;7;0;13;0;6;13;A01
201500018339;0;7;0;0;2;3;15;A01
201500018339;0;30;0;0;2;1;1;B02
201500018340;0;7;0;0;1;1;1;A01
201500018341;0;7;0;0;2;8;0;A01
201500018341;0;3;0;0;2;1;1;B02
201500018342;0;10;0;14;0;1;1;A01
201500018342;0;7;0;0;2;1;1;B02
201500018342;0;7;0;0;0;7;15;C03
201500018343;0;7;0;0;2;3;0;A01
201500018343;0;21;0;0;2;3;1;B02
201500018344;0;33;0;0;2;1;1;A01
201500018344;0;7;0;0;0;4;1;B02
201500018345;0;10;0;0;0;2;17;A01
201500018345;0;1;0;0;0;4;1;B02
201500018346;0;7;0;8;2;1;1;B02
201500018346;0;7;0;8;2;2;19;A01
201500018347;0;10;0;6;0;1;1;A01
201500018348;0;30;0;0;0;0;1;A01
201500018349;0;7;0;0;2;3;13;A01
201500018349;0;7;0;0;2;3;1;B02
201500018350;0;7;0;6;0;3;19;A01
201500018351;0;7;0;0;2;7;13;A01
201500018351;0;30;0;0;2;1;1;B02
201500018352;0;10;0;0;1;8;1;A01
201500018353;0;7;0;2;0;1;1;A01
201500018354;0;30;0;0;0;0;1;A01
201500018355;0;7;0;2;0;5;14;A01
201500018356;0;10;0;0;2;8;9;A01
201500018356;0;30;0;0;2;1;1;B02
201500018357;0;3;0;0;2;3;15;A01
201500018357;0;7;0;0;2;3;1;B02
201500018358;0;10;0;0;2;3;15;A01
201500018358;0;30;0;0;2;6;1;B02
201500018359;0;7;0;0;0;1;15;A01
201500018359;0;1;0;0;0;8;1;B02
201500018360;0;7;0;6;0;1;1;A01
201500018361;0;7;0;0;0;7;0;A01
201500018361;0;7;0;0;2;1;1;B02
201500018362;0;7;0;0;0;3;13;A01
201500018362;0;7;0;0;0;3;2;B02
201500018363;0;7;0;0;2;2;15;A01
201500018363;0;30;0;0;2;5;1;B02
201500018364;0;10;0;13;0;1;13;A01
201500018365;0;7;0;0;0;9;1;A01
201500018366;0;33;0;0;0;0;1;A01
201500018367;0;7;0;0;2;3;15;A01
201500018367;0;33;0;0;2;1;1;B02
201500018368;0;7;0;0;0;9;1;A01
201500018369;0;2;0;0;5;1;21;A01
201500018370;0;7;0;0;1;1;15;A01
201500018370;0;7;0;9;0;8;1;B02
201500018371;0;10;0;0;2;1;1;A01
201500018371;0;2;0;0;2;1;1;B02
201500018372;0;7;0;2;0;1;1;A01
201500018373;0;7;0;0;2;2;15;A01
201500018373;0;7;0;0;2;3;1;B02
201500018373;0;7;0;0;2;1;23;C03
201500018374;0;7;0;0;1;1;21;A01
201500018374;0;7;0;0;2;1;15;B02
201500018375;0;7;0;0;2;1;13;A01
201500018375;0;14;0;0;2;1;1;B02
201500018376;0;33;0;0;2;1;15;A01
201500018376;0;7;0;0;2;1;1;B02
201500018377;0;33;0;0;2;1;17;A01
201500018377;0;7;0;0;2;3;1;B02
201500018378;0;10;0;0;2;1;1;A01
201500018378;0;7;0;0;2;4;23;B02
201500018379;0;7;0;0;2;1;14;A01
201500018379;0;7;0;0;2;1;21;B02
201500018380;0;7;0;0;0;1;15;A01
201500018380;0;30;0;0;0;3;1;B02
201500018381;0;7;0;13;0;1;1;A01
201500018382;0;7;0;11;1;8;15;A01
201500018383;0;7;0;0;0;3;1;A01
201500018383;0;10;0;0;0;1;13;B02
201500018384;0;7;0;3;0;1;1;A01
201500018385;0;7;0;0;2;1;13;A01
201500018385;0;7;0;0;2;1;21;B02
201500018385;0;7;0;14;0;3;21;C03
201500018386;0;7;0;0;2;1;1;A01
201500018386;0;7;0;0;2;1;1;B02
201500018387;0;10;0;0;1;4;4;A01
201500018388;0;33;0;6;0;1;1;A01
201500018389;0;7;0;0;2;3;19;A01
201500018389;0;33;0;0;2;1;1;B02
201500018390;0;7;0;0;9;8;10;A01
201500018390;0;33;0;0;2;7;1;B02
201500018391;0;7;0;8;0;1;1;A01
201500018392;0;7;0;16;0;3;1;A01
201500018393;0;7;0;0;2;1;1;A01
201500018393;0;7;0;0;2;3;19;B02
201500018394;0;30;0;0;2;1;1;A01
201500018394;0;7;0;0;2;5;6;B02
201500018394;0;7;0;0;2;2;1;C03
201500018395;0;36;0;14;0;1;2;A01
201500018395;0;7;0;0;0;5;23;B02
201500018396;0;7;0;2;0;1;1;A01
201500018397;0;7;0;13;0;2;1;A01
201500018398;0;33;0;;;;;A01
201500018399;0;7;0;;;;;A01
201500018400;0;7;0;0;1;6;20;A01
201500018401;0;7;0;0;2;1;13;A01
201500018401;0;17;0;0;2;1;1;B02
201500018402;0;17;0;0;2;2;2;A01
201500018402;0;30;0;0;2;6;15;B02
201500018403;0;7;0;2;0;3;13;A01
201500018404;0;7;0;0;1;2;21;A01
201500018405;0;7;0;8;0;2;1;A01
201500018406;0;30;0;0;2;7;1;B02
201500018406;0;7;0;0;2;1;9;A01
201500018407;0;7;0;0;1;1;1;A01
201500018408;0;7;0;2;0;9;1;A01
201500018409;0;7;0;0;2;2;9;A01
201500018409;0;32;0;0;2;1;1;B02
201500018410;0;7;0;0;1;4;4;A01
201500018411;0;7;0;2;0;1;19;A01
201500018412;0;7;0;8;0;3;13;A01
201500018413;0;7;0;;2;;;A01
201500018413;0;1;0;;2;;19;B02
201500018414;0;7;0;13;0;3;19;A01
201500018415;0;7;0;0;2;3;15;A01
201500018415;0;2;0;0;2;8;1;B02
201500018416;0;7;0;1;0;8;1;A01
201500018417;0;7;0;15;0;9;1;A01
201500018418;0;14;0;0;2;3;5;B02
201500018418;0;7;0;13;2;3;5;A01
201500018419;1;7;0;0;2;0;0;B02
201500018419;0;2;0;0;2;0;0;A01
201500018420;0;7;0;0;0;1;0;B02
201500018420;0;7;0;0;0;7;0;A01
201500018421;0;7;0;2;0;1;1;A01
201500018422;0;7;0;0;0;8;1;B02
201500018422;0;7;0;0;0;0;1;A01
201500018423;0;7;0;0;2;3;1;B02
201500018423;0;7;0;0;2;1;1;A01
201500018424;0;30;0;8;0;1;1;A01
201500018425;0;7;0;13;0;9;1;A01
201500018426;0;7;0;0;0;3;1;B02
201500018426;0;7;0;0;0;3;1;A01
201500018427;0;7;0;0;1;1;1;A01
201500018428;0;7;0;0;2;2;1;A01
201500018428;0;7;0;0;2;1;1;B02
201500018429;0;7;0;;1;1;;A01
201500018430;0;33;0;0;6;1;1;A01
201500018431;0;7;0;6;0;7;1;A01
201500018432;0;14;0;0;1;0;1;A01
201500018433;0;7;0;13;0;1;1;A01
201500018434;0;7;0;0;2;3;19;A01
201500018434;0;31;0;0;2;1;1;B02
201500018435;0;30;0;0;0;8;1;B02
201500018435;0;7;0;0;2;1;15;A01
201500018436;0;7;0;13;0;2;16;A01
201500018437;0;7;0;0;2;1;1;B02
201500018437;0;2;0;0;2;1;1;A01
201500018438;0;7;0;0;2;1;1;B02
201500018438;0;7;0;0;2;8;1;A01
201500018439;0;7;0;13;0;1;1;A01
201500018440;0;33;0;0;2;1;1;B02
201500018440;0;7;0;0;2;7;1;A01
201500018441;0;7;0;0;2;3;1;A01
201500018441;0;7;0;0;2;3;1;B02
201500018442;0;14;0;0;0;7;0;A01
201500018443;0;14;0;0;2;3;1;B02
201500018443;0;10;0;0;2;3;0;A01
201500018444;0;14;0;0;0;0;1;A01
201500018445;0;7;0;0;1;2;1;A01
201500018446;0;7;0;2;0;2;1;A01
201500018447;0;7;0;0;2;3;6;A01
201500018447;0;33;0;0;2;1;1;B02
201500018448;0;7;0;2;0;1;17;A01
201500018449;0;7;0;0;2;1;1;A01
201500018449;0;7;0;0;2;8;15;B02
201500018450;0;7;0;13;0;2;1;A01
201500018451;0;7;0;0;2;2;1;A01
201500018451;0;1;0;0;2;1;19;B02
201500018452;0;7;0;0;2;3;1;B01
201500018452;0;7;0;0;2;1;1;A01
201500018453;0;7;0;0;2;3;15;A01
201500018453;0;33;0;0;2;1;2;B02
201500018454;0;7;0;0;2;1;19;A01
201500018454;0;33;0;0;2;7;1;B02
201500018455;0;36;0;13;0;8;1;A01
201500018456;0;10;0;0;2;1;1;B01
201500018456;0;7;0;0;2;7;13;A01
201500018457;0;7;0;2;0;3;13;A01
201500018458;0;7;0;0;2;3;1;B02
201500018458;0;7;0;0;2;3;1;A01
201500018459;0;7;0;0;2;5;1;B02
201500018459;0;14;0;0;2;6;24;A01
201500018460;0;7;0;0;1;7;1;A01
201500018461;0;10;0;0;2;1;19;B02
201500018461;0;7;0;8;2;8;1;A01
201500018462;0;17;0;0;2;3;13;A01
201500018462;0;38;490;0;2;3;1;B02
201500018463;0;7;0;2;0;8;1;A01
201500018464;0;7;0;0;0;3;0;A01
201500018465;0;17;0;0;2;2;1;A01
201500018465;0;10;0;0;2;3;19;B02
201500018466;0;7;0;2;0;7;17;A01
201500018467;0;7;0;16;0;9;19;A01
201500018468;0;7;0;0;6;4;23;A01
201500018468;0;32;0;1;0;1;2;B02
201500018469;0;1;0;0;2;1;5;A01
201500018469;0;33;0;0;2;1;1;B02
201500018470;0;7;0;13;0;4;2;A01
201500018470;0;13;0;0;2;1;2;B02
201500018471;0;2;0;0;2;0;2;A01
201500018472;0;7;0;0;2;2;1;A01
201500018472;0;7;0;0;2;1;1;B02
201500018473;0;7;0;0;0;0;15;D04
201500018473;0;10;0;0;2;1;1;B02
201500018473;0;10;0;0;2;2;1;A01
201500018473;0;7;0;0;0;3;1;C03
201500018474;0;7;0;3;0;1;0;A01
201500018475;0;15;0;0;0;4;2;A01
201500018475;0;10;0;0;2;1;2;B02
201500018476;0;7;0;3;0;2;1;A01
201500018477;0;7;0;5;0;1;1;A01
201500018478;0;7;0;2;0;1;1;A01
201500018479;0;7;0;0;2;7;1;A01
201500018479;0;1;0;0;2;4;1;B02
201500018480;0;7;0;2;0;2;1;A01
201500018481;0;3;0;2;0;2;1;A01
201500018482;0;7;0;0;2;1;0;A01
201500018482;0;1;0;0;0;8;0;B02
201500018483;0;7;0;6;0;5;1;A01
201500018484;0;7;0;2;0;1;1;A01
201500018485;0;7;0;2;0;1;13;A01
201500018486;0;7;0;0;2;7;17;A01
201500018486;0;30;0;0;2;8;15;B02
201500018487;0;33;0;14;0;1;1;A01
201500018488;0;7;0;0;0;9;14;A01
201500018489;0;7;0;0;0;2;1;A01
201500018490;0;7;0;8;0;1;1;A01
201500018491;0;7;0;6;0;1;1;A01
201500018492;0;7;0;2;0;1;1;A01
201500018493;0;7;0;0;2;3;1;A01
201500018493;0;10;0;0;2;1;1;B02
201500018494;0;7;0;0;2;1;1;B02
201500018494;0;7;0;0;2;1;15;A01
201500018495;0;3;0;2;0;1;1;A01
201500018496;0;10;0;0;2;4;4;A01
201500018496;0;30;0;0;2;1;1;B02
201500018497;0;10;0;8;0;1;1;A01
201500018498;0;7;0;8;0;1;13;A01
201500018499;0;30;0;5;0;7;1;A01
201500018500;0;7;0;0;0;1;1;A01
201500018501;0;30;0;0;2;1;19;B02
201500018501;0;7;0;0;2;3;1;A01
201500018502;0;7;0;0;0;9;1;A01
201500018503;0;7;0;0;2;3;0;B02
201500018503;0;17;0;0;2;2;19;A01
201500018504;0;7;0;0;2;7;19;A01
201500018504;0;7;0;0;2;1;1;B02
201500018505;0;30;0;0;2;8;13;A01
201500018505;0;10;0;0;2;8;1;B02
201500018506;0;7;0;0;2;1;19;A01
201500018506;0;7;0;0;2;7;1;B02
201500018507;0;7;0;2;0;7;13;A01
201500018508;0;14;0;0;0;7;1;A01
201500018508;0;1;0;0;2;1;19;B02
201500018509;0;30;0;13;0;7;1;A01
201500018510;0;7;0;0;0;0;0;A01
201500018510;0;7;0;0;0;0;0;B02
201500018511;0;30;0;0;0;0;1;A01
201500018512;0;33;0;3;0;9;1;A01
201500018513;0;7;0;8;0;1;1;A01
201500018514;0;10;0;0;2;1;1;B02
201500018514;0;7;0;0;2;4;1;A01
201500018515;0;7;0;0;2;7;19;A01
201500018515;0;7;0;0;2;1;1;B02
201500018516;0;7;0;0;2;8;1;A01
201500018516;0;10;0;0;2;1;1;B02
201500018517;0;30;0;6;0;1;0;A01
201500018518;0;7;0;0;2;1;1;A01
201500018518;0;7;0;0;2;3;1;B02
201500018519;0;7;0;0;2;1;1;D04
201500018519;0;7;0;0;2;2;19;A01
201500018519;0;7;0;0;2;6;23;B02
201500018519;0;10;0;0;2;6;23;C03
201500018520;0;7;0;1;0;2;1;A01
201500018521;0;7;0;0;0;3;1;A01
201500018522;0;30;0;13;0;1;14;A01
201500018523;0;7;0;0;2;3;13;A01
201500018523;0;7;0;0;2;3;1;B02
201500018524;0;7;0;13;0;3;1;A01
201500018525;0;7;0;15;0;1;0;A01
201500018526;0;7;0;0;2;7;1;A01
201500018526;0;7;0;0;2;1;1;B02
201500018527;0;7;0;0;2;1;15;A01
201500018527;0;33;0;0;2;1;1;B02
201500018528;0;7;0;0;2;1;1;B02
201500018528;0;7;0;0;2;8;19;A01
201500018529;0;15;0;0;2;1;1;B02
201500018529;0;7;0;0;2;1;13;A01
201500018530;0;7;0;0;2;2;1;B02
201500018530;0;2;0;0;2;8;10;A01
201500018531;0;7;0;0;2;1;13;A01
201500018531;0;33;0;0;2;1;1;B02
201500018532;0;7;0;0;0;1;13;A01
201500018533;0;7;0;0;2;8;19;A01
201500018533;0;33;0;0;2;1;1;B02
201500018534;0;7;0;0;2;3;15;A01
201500018534;0;33;0;0;2;1;1;B02
201500018534;0;7;0;0;2;1;24;C03
201500018535;1;7;0;0;0;0;0;A01
201500018535;0;1;0;0;0;8;2;B02
201500018536;0;33;0;0;0;0;13;A01
201500018537;0;33;0;15;0;1;1;A01
201500018538;0;1;0;0;2;1;19;A01
201500018538;0;7;0;0;9;7;1;B02
201500018539;0;37;1;0;2;3;1;B02
201500018539;0;7;0;0;2;1;1;A01