num_acc;senc;catv;occutc;obs;obsm;choc;manv;num_veh
201500018540;0;7;0;1;0;2;14;A01
201500018541;0;7;0;2;0;1;14;A01
201500018542;0;7;0;0;2;1;15;A01
201500018542;0;30;0;0;2;1;1;B02
201500018543;0;7;0;0;2;9;13;A01
201500018543;0;14;0;0;2;3;1;B02
201500018543;0;7;0;0;2;8;1;C03
201500018544;0;7;0;2;0;2;1;A01
201500018545;0;7;0;0;2;1;1;A01
201500018545;0;10;0;0;2;1;1;B02
201500018546;0;30;0;1;0;1;1;A01
201500018547;0;7;0;0;2;1;1;A01
201500018547;0;7;0;0;2;4;1;C03
201500018547;0;7;0;0;2;4;1;B02
201500018548;0;7;0;0;2;6;1;A01
201500018548;0;1;0;0;2;1;19;B02
201500018549;0;7;0;0;0;1;13;A01
201500018549;0;7;0;0;0;3;1;B02
201500018550;0;33;0;0;2;7;17;A01
201500018550;0;7;0;0;2;8;17;B02
201500018551;0;7;0;0;2;3;17;A01
201500018551;0;13;0;0;2;3;1;B02
201500018552;0;7;0;13;0;9;14;A01
201500018553;0;10;0;9;2;1;17;A01
201500018553;0;7;0;3;2;6;15;B02
201500018554;0;7;0;0;2;1;1;A01
201500018554;0;7;0;0;2;4;15;B02
201500018555;0;30;0;0;2;3;13;A01
201500018555;0;21;0;0;2;6;1;B02
201500018556;0;7;0;0;1;7;1;A01
201500018557;0;2;0;0;2;8;1;A01
201500018557;0;7;0;0;2;2;19;B02
201500018558;0;7;0;6;0;1;13;A01
201500018559;0;2;0;0;2;4;1;A01
201500018559;0;30;0;0;2;1;1;B02
201500018560;0;30;0;0;2;2;15;B02
201500018560;0;7;0;0;2;1;1;A01
201500018561;0;7;0;4;2;2;19;A01
201500018561;0;7;0;4;2;1;1;B02
201500018562;0;7;0;0;9;2;1;A01
201500018562;0;1;0;0;2;4;1;B02
201500018563;0;15;0;0;0;8;13;A01
201500018564;0;7;0;15;2;7;0;B02
201500018564;0;10;0;0;2;1;21;A01
201500018565;0;7;0;0;1;1;1;A01
201500018566;0;31;0;0;2;8;19;A01
201500018566;0;10;0;0;2;2;1;B02
201500018567;0;7;0;0;0;8;1;A01
201500018567;0;39;50;0;4;1;1;B02
201500018568;0;7;0;0;0;9;0;A01
201500018569;0;33;0;0;0;7;1;A01
201500018570;0;2;0;10;0;8;1;A01
201500018571;0;7;0;13;0;1;1;A01
201500018572;0;7;0;13;0;9;1;A01
201500018573;0;7;0;0;2;3;13;A01
201500018573;0;14;0;0;2;3;1;B02
201500018573;0;14;0;0;2;2;1;C03
201500018573;0;7;0;0;2;1;1;D04
201500018574;0;33;0;15;0;1;1;A01
201500018575;0;2;0;0;2;1;13;A01
201500018575;0;15;0;0;2;8;1;B02
201500018576;0;7;0;0;2;1;13;A01
201500018576;0;7;0;0;2;1;1;B02
201500018577;0;7;0;0;9;7;17;A01
201500018577;0;1;0;0;2;7;2;B02
201500018578;0;7;0;0;2;2;13;A01
201500018578;0;15;0;0;2;1;1;B02
201500018579;0;21;0;0;1;2;2;A01
201500018580;0;7;0;0;2;7;15;A01
201500018580;0;7;0;0;2;1;1;B02
201500018581;0;1;0;0;0;8;1;A01
201500018581;0;21;0;0;2;5;17;B02
201500018582;0;7;0;0;2;1;11;A01
201500018582;0;7;0;0;2;1;1;B02
201500018583;0;33;0;0;2;1;2;A01
201500018583;0;7;0;0;2;4;2;B02
201500018584;0;7;0;0;0;9;14;A01
201500018585;0;7;0;2;0;8;1;A01
201500018586;0;7;0;8;0;1;1;A01
201500018587;0;7;0;0;2;8;19;A01
201500018587;0;7;0;0;2;1;1;B02
201500018588;0;31;0;2;0;2;11;A01
201500018589;0;7;0;0;2;3;15;A01
201500018589;0;33;0;0;2;1;1;B02
201500018590;0;33;0;13;0;1;13;A01
201500018591;0;2;0;0;0;0;2;A01
201500018592;0;7;0;2;0;7;14;A01
201500018593;0;7;0;0;2;2;1;A01
201500018593;0;7;0;0;2;1;19;B02
201500018594;0;7;0;0;2;1;1;A01
201500018594;0;7;0;0;2;7;19;B02
201500018595;0;7;0;1;0;1;1;A01
201500018596;0;7;0;0;2;1;21;B02
201500018596;0;7;0;0;2;1;1;A01
201500018597;0;7;0;8;0;8;1;A01
201500018598;0;17;0;0;2;2;1;B02
201500018598;0;7;0;0;2;2;13;A01
201500018599;0;7;0;0;1;1;1;A01
201500018600;0;7;0;0;2;1;2;A01
201500018600;0;7;0;0;2;4;2;B02
201500018601;0;7;0;0;2;1;1;A01
201500018601;0;7;0;0;2;8;0;B02
201500018602;0;33;0;0;2;1;17;A01
201500018602;0;21;0;0;2;3;15;B02
201500018603;0;7;0;4;0;2;1;A01
201500018604;0;7;0;1;1;1;1;A01
201500018605;0;10;0;0;2;1;15;A01
201500018605;0;7;0;0;2;2;1;B02
201500018605;0;7;0;0;2;1;1;C03
201500018606;0;17;0;0;9;7;1;B02
201500018606;0;2;0;0;2;4;1;A01
201500018607;0;20;0;0;2;5;4;A01
201500018607;0;33;0;0;2;1;1;B02
201500018608;0;10;0;0;2;1;1;A01
201500018608;0;7;0;0;2;4;15;B02
201500018608;0;7;0;0;2;8;1;C03
201500018609;0;10;0;0;2;7;15;A01
201500018609;0;1;0;0;2;1;1;B02
201500018610;0;10;0;0;2;1;13;A01
201500018610;0;7;0;0;2;3;1;B02
201500018611;0;7;0;0;2;2;17;A01
201500018611;0;3;0;0;0;6;1;B02
201500018612;0;7;0;13;0;1;13;A01
201500018613;0;7;0;13;0;1;14;A01
201500018614;0;33;0;8;0;1;1;A01
201500018615;0;36;0;0;2;3;16;A01
201500018615;0;7;0;0;2;1;1;B02
201500018616;0;33;0;14;0;0;1;A01
201500018617;0;7;0;0;2;8;17;A01
201500018617;0;7;0;0;2;2;1;B02
201500018618;0;7;0;2;0;1;1;A01
201500018619;0;10;0;0;2;2;2;A01
201500018619;0;2;0;0;2;6;2;B02
201500018620;0;7;0;0;2;2;17;A01
201500018620;0;7;0;0;2;3;17;B02
201500018620;0;7;0;0;2;8;1;C03
201500018621;0;7;0;0;2;1;5;A01
201500018621;0;7;0;0;2;1;1;B02
201500018622;0;7;0;6;1;1;13;A01
201500018623;0;7;0;0;2;2;15;A01
201500018623;0;33;0;0;2;1;1;B02
201500018624;0;33;0;1;0;3;1;A01
201500018624;0;7;0;0;2;5;24;B02
201500018625;0;7;0;0;2;1;13;A01
201500018625;0;7;0;0;2;1;1;B02
201500018626;0;7;0;0;0;5;24;C03
201500018626;0;33;0;1;0;1;1;A01
201500018626;0;33;0;12;0;7;1;B02
201500018627;0;31;0;1;2;1;1;A01
201500018627;0;7;0;0;2;7;19;B02
201500018627;0;7;0;0;2;1;23;C03
201500018628;0;7;0;0;2;2;1;A01
201500018628;0;7;0;0;2;1;9;B02
201500018629;0;7;0;0;0;8;1;A01
201500018630;0;32;0;0;1;2;1;A01
201500018631;0;7;0;0;2;8;13;A01
201500018631;0;7;0;0;2;8;1;B02
201500018632;0;7;0;0;2;2;19;A01
201500018632;0;7;0;0;2;6;1;B02
201500018633;0;7;0;0;0;3;1;B02
201500018633;0;7;0;0;2;2;17;A01
201500018634;0;2;0;0;2;1;15;A01
201500018634;0;7;0;0;2;2;1;B02
201500018635;0;7;0;0;0;2;21;A01
201500018636;0;7;0;0;1;5;4;A01
201500018637;0;7;0;0;2;3;1;A01
201500018637;0;10;0;0;2;3;1;B02
201500018638;0;10;0;0;2;3;13;A01
201500018638;0;7;0;0;2;3;1;B02
201500018639;0;7;0;0;2;3;1;A01
201500018639;0;38;10;0;2;3;1;B02
201500018640;0;10;0;0;2;1;1;A01
201500018640;0;10;0;0;2;7;19;B02
201500018641;0;10;0;0;2;3;1;A01
201500018641;0;15;0;0;0;5;15;B02
201500018642;0;1;0;0;2;2;1;A01
201500018642;0;7;0;0;9;3;16;B02
201500018643;0;33;0;0;2;1;1;A01
201500018643;0;30;0;0;2;8;15;B02
201500018644;0;10;0;0;2;2;15;A01
201500018644;0;10;0;0;2;2;1;B02
201500018644;0;7;0;0;2;8;23;C03
201500018645;0;7;0;6;0;8;1;A01
201500018646;0;30;0;0;2;1;1;B02
201500018646;0;7;0;0;2;3;1;A01
201500018647;0;10;0;0;9;7;17;A01
201500018647;0;1;0;0;2;8;1;B02
201500018648;0;7;0;0;2;1;1;A01
201500018648;0;30;0;0;2;1;13;B02
201500018649;0;7;0;0;2;2;1;A01
201500018649;0;7;0;0;2;6;15;B02
201500018650;0;7;0;2;0;1;1;A01
201500018651;0;7;0;0;2;1;13;A01
201500018651;0;17;0;0;2;8;1;B02
201500018652;0;7;0;2;0;8;1;A01
201500018653;0;7;0;0;0;1;6;A01
201500018654;0;7;0;0;0;1;1;A01
201500018655;0;7;0;0;1;2;17;A01
201500018656;0;33;0;0;2;1;1;A01
201500018656;0;7;0;0;2;7;13;B02
201500018657;0;10;0;0;1;5;1;A01
201500018658;0;7;0;0;2;1;13;A01
201500018658;0;7;0;0;2;1;1;B02
201500018659;0;14;0;0;2;7;19;B02
201500018659;0;33;0;0;2;1;1;A01
201500018660;0;3;0;0;2;1;5;A01
201500018660;0;7;0;0;2;1;1;B02
201500018661;0;7;0;2;0;2;0;A01
201500018662;0;7;0;2;0;1;13;A01
201500018663;0;1;0;0;0;0;21;A01
201500018664;0;7;0;0;0;0;1;A01
201500018664;0;7;0;0;0;0;5;B02
201500018665;0;7;0;8;0;1;19;A01
201500018666;0;10;0;13;0;1;1;A01
201500018667;0;14;0;11;0;1;1;A01
201500018668;0;7;0;0;2;6;1;B02
201500018668;0;33;0;0;2;2;21;A01
201500018669;0;33;0;0;5;8;1;A01
201500018670;0;33;0;0;0;7;1;A01
201500018671;0;7;0;0;2;6;2;B02
201500018671;0;7;0;0;2;3;2;A01
201500018672;0;33;0;5;0;1;0;A01
201500018673;0;7;0;0;2;1;15;A01
201500018673;0;7;0;0;2;8;15;B02
201500018674;0;10;0;0;1;3;1;A01
201500018675;0;33;0;0;2;4;5;A01
201500018675;0;7;0;0;2;3;15;B02
201500018676;0;7;0;2;0;8;1;A01
201500018677;0;7;0;0;2;3;9;A01
201500018677;0;2;0;0;2;2;1;B02
201500018678;0;33;0;0;2;1;17;B02
201500018678;0;7;0;0;2;8;10;A01
201500018679;0;7;0;0;1;2;1;A01
201500018680;0;33;0;0;2;1;1;A01
201500018680;0;7;0;0;2;8;15;B02
201500018681;0;7;0;0;0;1;1;B02
201500018681;0;33;0;0;2;1;17;A01
201500018681;0;7;0;0;0;6;1;C03
201500018681;0;7;0;0;0;6;1;D04
201500018682;0;7;0;0;2;1;13;A01
201500018682;0;7;0;0;0;1;1;B02
201500018683;0;33;0;16;0;1;1;A01
201500018684;0;7;0;0;2;3;13;A01
201500018684;0;7;0;0;2;3;21;B02
201500018685;0;33;0;0;0;7;1;A01
201500018686;0;33;0;0;2;1;17;A01
201500018686;0;7;0;0;2;6;15;B02
201500018687;0;7;0;0;2;3;16;A01
201500018687;0;7;0;0;2;3;15;B02
201500018688;0;7;0;13;0;3;13;A01
201500018689;0;7;0;15;2;1;1;A01
201500018689;0;7;0;0;2;1;1;B02
201500018690;0;7;0;8;0;1;1;A01
201500018691;0;33;0;12;0;1;1;A01
201500018692;0;2;0;0;2;7;15;A01
201500018692;0;7;0;0;2;1;1;B02
201500018693;0;7;0;2;0;1;1;A01
201500018694;0;2;0;0;2;7;2;B02
201500018694;0;2;0;0;2;8;2;A01
201500018695;0;7;0;13;0;9;1;A01
201500018696;0;7;0;0;2;3;1;B02
201500018696;0;7;0;0;2;3;13;A01
201500018697;0;33;0;13;0;1;1;A01
201500018698;0;7;0;2;0;7;13;A01
201500018699;0;30;0;0;0;5;15;A01
201500018700;0;7;0;2;0;1;13;A01
201500018701;0;7;0;0;1;2;1;A01
201500018702;0;7;0;0;2;7;11;A01
201500018702;0;33;0;0;2;1;1;B02
201500018703;0;7;0;0;2;2;17;A01
201500018703;0;21;0;0;2;4;15;B02
201500018704;0;7;0;0;9;7;1;A01
201500018704;0;1;0;0;2;1;1;B02
201500018705;0;7;0;2;0;1;1;A01
201500018706;0;33;0;13;0;1;1;A01
201500018707;0;7;0;2;0;2;1;A01
201500018708;0;7;0;0;2;3;1;B02
201500018708;0;7;0;0;2;3;13;A01
201500018709;0;7;0;0;0;0;24;D04
201500018709;0;7;0;0;2;7;1;B02
201500018709;0;7;0;0;2;1;1;C03
201500018709;0;7;0;3;1;1;13;A01
201500018710;0;7;0;0;2;1;2;A01
201500018710;0;7;0;0;0;4;2;B02
201500018711;0;37;1;0;1;5;15;B01
201500018712;0;7;0;6;0;2;14;A01
201500018713;0;7;0;2;0;1;1;A01
201500018714;0;7;0;8;0;3;1;A01
201500018715;0;7;0;0;2;1;13;A01
201500018715;0;7;0;0;2;1;1;B02
201500018716;0;7;0;0;1;3;1;A01
201500018717;0;33;0;9;0;7;1;B02
201500018717;0;7;0;0;2;1;9;A01
201500018718;0;7;0;6;0;1;16;A01
201500018719;0;7;0;0;2;1;1;B02
201500018719;0;7;0;0;2;7;1;A01
201500018720;0;7;0;2;0;6;1;A01
201500018721;2;7;0;11;0;2;11;A01
201500018722;0;7;0;0;2;2;15;A01
201500018722;0;7;0;0;2;1;1;B02
201500018722;0;7;0;0;2;3;23;C03
201500018723;0;7;0;2;0;1;1;A01
201500018724;0;33;0;13;0;0;1;A01
201500018725;0;7;0;13;0;2;1;A01
201500018726;0;3;0;0;2;6;10;A01
201500018726;0;33;0;0;2;1;17;B02
201500018727;0;1;0;0;2;1;1;B02
201500018727;0;10;0;0;2;1;15;A01
201500018728;0;7;0;0;2;3;13;A01
201500018728;0;7;0;0;2;3;1;B02
201500018728;0;10;0;0;2;1;1;C03
201500018729;0;7;0;0;1;1;9;A01
201500018730;0;7;0;0;2;1;1;A01
201500018730;0;7;0;0;0;7;1;B02
201500018731;0;7;0;2;0;9;14;A01
201500018732;0;7;0;0;2;3;15;A01
201500018732;0;2;0;0;2;3;1;B02
201500018732;0;7;0;0;2;3;23;C03
201500018733;0;33;0;0;0;9;1;A01
201500018734;0;7;0;0;2;3;1;B02
201500018734;0;7;0;0;2;3;1;A01
201500018735;0;33;0;0;2;1;1;B02
201500018735;0;7;0;0;2;2;19;A01
201500018736;0;7;0;0;2;2;1;B02
201500018736;0;7;0;9;2;2;15;A01
201500018737;0;7;0;0;2;7;1;B02
201500018737;0;2;0;0;2;1;1;A01
201500018738;0;7;0;0;0;8;1;A01
201500018739;0;7;0;0;1;5;1;A01
201500018740;0;7;0;0;2;3;19;A01
201500018740;0;2;0;0;2;1;15;B02
201500018741;0;7;0;0;2;1;1;A01
201500018741;0;1;0;0;2;8;15;B02
201500018742;0;10;0;2;0;1;13;A01
201500018743;0;7;0;0;2;3;13;A01
201500018743;0;7;0;0;2;6;2;C03
201500018743;0;17;0;0;2;3;21;B02
201500018744;0;7;0;0;2;8;19;A01
201500018744;0;7;0;0;2;1;1;B02
201500018745;0;7;0;0;4;8;1;A01
201500018745;0;39;0;0;2;2;1;B02
201500018746;0;14;0;0;2;1;2;B02
201500018746;0;3;0;0;0;4;2;A01
201500018747;0;30;0;0;0;1;0;A01
201500018748;0;7;0;16;2;1;13;A01
201500018748;0;10;0;0;2;1;2;B02
201500018749;0;7;0;6;0;9;1;A01
201500018750;0;7;0;1;0;1;2;A01
201500018751;0;7;0;2;0;3;13;A01
201500018752;0;7;0;0;2;4;1;B02
201500018752;0;7;0;0;2;1;1;A01
201500018753;0;33;0;0;2;1;1;C03
201500018753;0;21;0;0;0;8;15;A01
201500018754;0;10;0;13;0;1;1;A01
201500018755;0;7;0;0;2;2;1;C03
201500018755;0;30;0;0;0;4;1;A01
201500018755;0;7;0;0;2;9;1;B02
201500018756;0;7;0;6;2;3;1;A01
201500018757;0;7;0;0;2;2;1;B02
201500018757;0;7;0;0;2;8;16;A01
201500018758;0;33;0;0;2;5;1;A01
201500018758;0;7;0;0;2;0;15;B02
201500018759;0;7;0;0;2;1;1;A01
201500018759;0;7;0;0;2;1;1;B02
201500018760;0;7;0;0;2;8;13;A01
201500018760;0;10;0;0;2;1;1;B02
201500018761;0;30;0;0;2;8;19;B02
201500018761;0;7;0;0;2;1;1;A01
201500018762;0;7;0;2;0;8;1;A01
201500018763;0;7;0;0;0;9;1;A01
201500018764;0;10;0;0;0;1;13;A01
201500018765;0;7;0;8;0;1;1;A01
201500018766;0;14;0;0;2;1;1;B02
201500018766;0;7;0;0;2;1;13;A01
201500018767;0;2;0;0;2;1;13;A01
201500018767;0;7;0;0;2;3;1;B02
201500018768;0;7;0;0;2;1;1;B02
201500018768;0;10;0;0;2;1;1;A01
201500018769;0;7;0;0;1;2;1;A01
201500018770;0;2;0;13;0;1;14;A01
201500018771;0;7;0;0;2;3;1;A01
201500018771;0;7;0;0;2;2;1;B02
201500018772;0;2;0;6;0;3;1;A01
201500018773;0;7;0;8;0;3;13;A01
201500018774;0;2;0;1;0;1;1;A01
201500018775;0;7;0;0;2;1;1;A01
201500018775;0;7;0;0;2;2;9;B02
201500018776;0;2;0;0;2;1;1;B02
201500018776;0;7;0;0;2;2;15;A01
201500018777;0;1;0;0;2;5;15;B02
201500018777;1;7;0;0;9;1;9;A01
201500018778;0;7;0;0;2;1;1;B02
201500018778;0;30;0;0;2;1;13;A01
201500018779;0;33;0;13;0;2;1;A01
201500018780;0;14;0;0;2;2;1;A01
201500018780;0;1;0;0;2;1;1;B02
201500018781;0;7;0;0;2;2;1;B02
201500018781;0;33;0;0;2;1;15;A01
201500018782;0;7;0;0;2;2;1;B02
201500018782;0;2;0;0;2;1;15;A01
201500018783;0;7;0;14;0;9;14;A01
201500018784;0;7;0;8;0;3;1;A01
201500018785;0;7;0;0;2;2;2;A01
201500018785;0;2;0;0;0;4;2;B02
201500018786;0;7;0;2;0;2;1;A01
201500018787;0;7;0;1;1;1;1;A01
201500018787;0;7;0;0;0;6;24;B02
201500018788;0;7;0;0;0;4;15;B02
201500018788;0;33;0;0;2;1;0;A01
201500018789;0;7;0;0;2;2;1;B02
201500018789;0;7;0;0;2;1;11;A01
201500018790;0;7;0;0;2;1;15;A01
201500018790;0;17;0;0;2;3;1;B02
201500018791;0;7;0;0;2;7;1;B02
201500018791;0;30;0;0;2;1;1;A01
201500018792;0;30;0;3;0;2;2;A01
201500018793;0;7;0;2;6;1;0;A01
201500018794;0;7;0;0;2;2;17;A01
201500018794;0;1;0;0;2;8;15;B02
201500018795;0;7;0;0;1;1;1;A01
201500018796;0;33;0;0;6;1;1;A01
201500018797;0;10;0;0;2;6;1;B02
201500018797;0;31;0;0;2;1;1;A01
201500018798;0;31;0;0;2;1;1;A01
201500018798;0;7;0;0;2;8;23;B02
201500018799;0;10;0;0;1;2;1;A01
201500018800;0;7;0;2;0;2;14;A01
201500018801;0;30;0;0;2;1;1;B02
201500018801;0;7;0;0;2;7;1;A01
201500018802;0;7;0;0;2;7;1;B02
201500018802;0;1;0;0;2;1;1;A01
201500018803;0;33;0;0;2;9;1;A01
201500018803;0;7;0;0;2;3;1;B02
201500018804;0;7;0;8;0;1;1;A01
201500018805;0;7;0;0;1;1;1;A01
201500018806;0;10;0;0;2;1;13;A01
201500018806;0;7;0;0;2;1;1;B02
201500018807;0;7;0;13;0;2;14;A01
201500018808;0;10;0;0;2;1;1;A01
201500018808;0;33;0;0;0;7;1;B02
201500018809;0;15;0;0;0;4;2;B02
201500018809;0;7;0;0;2;1;2;A01
201500018810;0;7;0;13;0;1;13;A01
201500018811;0;7;0;0;2;3;13;A01
201500018811;0;15;0;0;2;3;1;B02
201500018812;0;2;0;1;0;1;14;A01
201500018813;0;7;0;13;0;2;1;A01
201500018814;0;33;0;0;2;1;1;A01
201500018814;0;7;0;0;0;3;15;B02
201500018815;0;7;0;0;1;1;1;A01
201500018816;0;7;0;16;0;5;1;A01
201500018817;0;31;0;15;0;1;1;A01
201500018818;0;7;0;6;0;3;1;A01
201500018819;0;7;0;2;0;1;14;A01
201500018820;0;33;0;0;2;2;17;A01
201500018820;0;21;0;0;2;6;1;B02
201500018821;0;7;0;0;2;2;1;A01
201500018821;0;7;0;0;2;8;1;B02
201500018822;0;32;0;0;0;8;2;A01
201500018823;0;7;0;2;0;7;1;A01
201500018824;0;33;0;0;2;1;21;A01
201500018824;0;21;0;0;0;6;17;B02
201500018825;0;7;0;16;0;0;1;A01
201500018826;0;7;0;0;0;9;1;A01
201500018827;0;33;0;0;0;3;1;A01
201500018828;0;7;0;0;1;3;1;A01
201500018829;0;7;0;0;2;2;9;A01
201500018829;0;33;0;0;2;8;15;B02
201500018830;0;7;0;8;0;1;1;A01
201500018831;0;7;0;0;0;2;14;A01
201500018831;0;7;0;1;0;0;13;B02
201500018832;0;7;0;2;0;1;1;A01
201500018833;0;7;0;0;0;0;1;A01
201500018834;0;7;0;8;0;6;1;A01
201500018835;0;31;0;0;2;1;1;B02
201500018835;0;7;0;0;9;5;15;A01
201500018836;0;7;0;0;2;3;9;A01
201500018836;0;1;0;0;2;7;0;B02
201500018837;0;7;0;0;2;1;1;A01
201500018837;0;14;0;0;2;1;1;B02
201500018838;0;34;0;0;1;1;0;A01
201500018839;0;7;0;0;2;2;9;A01
201500018839;0;33;0;0;2;1;1;B02
201500018840;0;7;0;2;0;2;1;A01
201500018841;0;33;0;0;2;1;1;B02
201500018841;0;10;0;1;0;3;9;A01
201500018842;0;10;0;0;2;2;1;A01
201500018842;0;1;0;0;2;4;1;B02
201500018843;0;33;0;0;2;1;13;A01
201500018843;0;7;0;0;2;1;1;B02
201500018844;0;7;0;0;2;3;16;A01
201500018844;0;1;0;0;2;1;1;B02
201500018845;0;7;0;1;0;2;13;A01
201500018846;0;7;0;0;0;0;1;A01
201500018847;0;14;0;0;2;3;15;A01
201500018847;0;32;0;0;2;1;1;B02
201500018848;0;30;0;0;0;0;17;A01
201500018848;0;30;0;;0;0;0;B02
201500018849;0;7;0;0;2;1;1;B02
201500018849;0;7;0;0;2;1;13;A01
201500018850;0;7;0;0;2;5;16;B02
201500018850;0;1;0;0;2;3;1;A01
201500018851;0;7;0;16;0;9;1;A01
201500018852;0;30;0;0;2;1;1;A01
201500018852;0;7;0;0;2;2;15;B02
201500018853;0;7;0;0;2;1;1;B02
201500018853;0;7;0;3;2;1;5;A01
201500018854;0;30;0;0;2;1;1;B02
201500018854;0;7;0;0;2;3;13;A01
201500018855;0;33;0;0;2;3;21;A01
201500018855;0;7;0;0;2;6;9;B02
201500018856;0;7;0;6;0;3;13;A01
201500018857;0;33;0;0;2;6;1;A01
201500018857;0;7;0;0;2;1;9;B02
201500018858;0;7;0;2;0;1;21;A01
201500018859;0;7;0;0;2;1;1;B02
201500018859;0;7;0;0;2;1;13;A01
201500018860;0;7;0;8;0;2;14;A01
201500018861;0;33;0;0;2;1;17;B02
201500018861;0;7;0;0;2;8;15;A01
201500018862;0;7;0;0;1;4;4;A01
201500018863;0;31;0;0;0;0;1;A01
201500018864;0;7;0;0;2;3;23;C03
201500018864;0;7;0;0;2;1;1;B02
201500018864;0;7;0;0;2;1;15;A01
201500018865;0;7;0;0;2;3;17;A01
201500018865;0;7;0;0;2;3;1;B02
201500018866;0;1;0;0;0;4;2;B02
201500018866;0;7;0;0;2;2;2;A01
201500018867;0;14;0;0;2;8;15;A01
201500018867;0;7;0;0;2;3;1;B02
201500018868;0;7;0;0;2;6;2;A01
201500018868;0;33;0;0;2;7;2;B02
201500018868;0;21;0;0;0;0;13;C03
201500018868;0;99;0;0;0;0;13;D04
201500018869;0;31;0;0;0;1;1;B02
201500018869;0;7;0;0;2;2;15;A01
201500018870;0;7;0;0;0;1;1;A01
201500018871;0;7;0;13;0;2;1;A01
201500018872;0;7;0;13;0;9;13;A01
201500018873;0;7;0;6;0;3;1;A01
201500018874;0;7;0;0;2;7;12;A01
201500018874;0;7;0;0;2;8;1;B02
201500018874;0;7;0;0;2;8;1;C03
201500018874;0;7;0;0;2;4;1;D04
201500018874;0;7;0;0;2;8;1;E05
201500018875;0;7;0;0;2;2;1;A01
201500018875;0;1;0;0;2;1;15;B02
201500018876;0;7;0;0;2;8;19;A01
201500018876;0;7;0;0;2;2;21;B02
201500018877;0;7;0;0;2;3;1;A01
201500018877;0;7;0;0;2;3;1;B02
201500018878;0;7;0;0;2;8;1;C03
201500018878;0;10;0;0;2;3;1;B02
201500018878;0;7;0;0;2;1;13;A01
201500018879;0;30;0;6;0;1;0;A01
201500018880;0;10;0;0;2;6;2;B02
201500018880;0;33;0;0;2;1;2;A01
201500018881;0;33;0;0;2;7;13;A01
201500018881;0;7;0;0;2;1;0;B02
201500018882;0;7;0;0;2;1;1;A01
201500018882;0;7;0;0;2;1;13;B02
201500018883;0;7;0;0;2;2;2;A01
201500018883;0;1;0;0;2;4;2;B02
201500018884;0;7;0;13;0;1;1;A01
201500018885;0;7;0;0;2;8;1;B02
201500018885;0;7;0;0;2;1;13;A01
201500018886;0;7;0;0;2;3;1;B02
201500018886;0;7;0;0;2;3;13;A01
201500018887;0;7;0;6;0;1;0;A01
201500018888;0;7;0;0;2;1;1;B02
201500018888;0;7;0;0;2;1;13;A01
201500018888;0;7;0;0;2;8;1;C03
201500018889;0;7;0;0;1;3;1;A01
201500018890;0;7;0;0;2;1;1;A01
201500018890;0;7;0;0;2;8;15;B02
201500018891;0;10;0;0;2;5;15;B02
201500018891;0;10;0;0;2;3;1;A01
201500018892;0;7;0;0;2;1;1;B02
201500018892;0;7;0;0;2;1;1;C03
201500018892;0;7;0;0;2;1;13;A01
201500018893;0;7;0;0;2;1;1;B02
201500018893;0;7;0;0;2;1;13;A01
201500018894;0;7;0;0;2;8;1;C03
201500018894;0;7;0;0;2;1;5;A01
201500018894;0;7;0;0;2;1;1;B02
201500018895;0;7;0;0;0;1;1;A01
201500018896;0;10;0;0;0;4;2;A01
201500018896;0;33;0;0;2;1;2;B02
201500018897;0;7;0;13;0;2;1;A01
201500018898;0;7;0;0;0;1;1;A01
201500018899;0;7;0;0;2;2;17;A01
201500018899;0;17;0;0;2;6;1;B02
201500018899;0;7;0;0;2;3;1;C03
201500018900;0;7;0;0;2;3;1;B02
201500018900;0;7;0;0;2;3;13;A01
201500018901;0;33;0;0;2;3;13;A01
201500018901;0;7;0;0;2;8;1;B02
201500018902;0;7;0;0;0;0;9;A01
201500018902;0;2;0;0;2;0;1;B02
201500018903;0;7;0;2;2;3;6;A01
201500018903;0;7;0;0;2;3;1;B02
201500018904;0;7;0;0;1;2;1;A01
201500018905;0;1;0;0;2;3;1;A01
201500018906;0;7;0;0;0;2;1;A01
201500018906;0;1;0;0;0;4;1;B02
201500018907;0;1;0;0;2;8;1;B02
201500018907;0;7;0;0;2;1;9;A01
201500018908;0;7;0;0;2;5;19;A01
201500018908;0;30;0;0;2;1;1;B02
201500018909;0;33;0;0;2;2;1;B02
201500018909;0;7;0;0;2;2;15;A01
201500018910;0;33;0;0;5;1;1;A01
201500018911;0;7;0;0;9;7;17;A01
201500018911;0;1;0;0;2;8;2;B02
201500018912;0;7;0;2;0;8;13;A01
201500018913;0;7;0;0;9;1;9;A01
201500018913;0;1;0;0;2;1;1;B02
201500018914;0;7;0;13;0;1;0;A01
201500018915;0;7;0;0;2;3;1;B02
201500018915;0;7;0;0;2;5;14;A01
201500018916;0;33;0;13;0;8;1;A01
201500018917;0;33;0;8;0;7;1;A01
201500018918;0;7;0;0;1;3;1;A01
201500018919;0;7;0;0;9;7;19;B02
201500018919;0;1;0;0;2;7;1;A01
201500018920;0;10;0;2;0;5;0;A01
201500018921;0;7;0;2;0;3;1;A01
201500018922;0;2;0;0;2;1;1;B02
201500018922;0;7;0;0;2;2;15;A01