num_acc;senc;catv;occutc;obs;obsm;choc;manv;num_veh
201500019308;0;2;0;0;0;0;0;A01
201500019309;0;7;0;15;0;1;2;A01
201500019310;0;7;0;0;2;1;16;A01
201500019310;0;32;0;0;2;8;2;B01
201500019311;0;2;0;0;2;1;2;B01
201500019311;0;7;0;0;2;2;15;A01
201500019312;0;33;0;0;1;1;2;A01
201500019313;0;7;0;0;2;4;1;B01
201500019313;0;7;0;0;2;1;1;A01
201500019314;0;7;0;0;2;1;2;A01
201500019314;0;7;0;0;2;7;2;B01
201500019315;0;7;0;0;0;1;0;A01
201500019316;0;7;0;0;1;1;0;A01
201500019317;0;7;0;0;2;1;2;A01
201500019317;0;10;0;0;0;4;2;C01
201500019317;0;7;0;0;2;4;2;B01
201500019318;0;30;0;0;2;8;9;B01
201500019318;1;7;0;0;2;2;7;Z01
201500019319;0;1;0;1;0;1;2;B01
201500019319;0;7;0;0;9;0;24;A01
201500019320;0;7;0;0;2;4;1;B01
201500019320;0;7;0;0;2;1;2;A01
201500019321;0;7;0;1;0;1;2;A01
201500019322;0;7;0;0;2;4;0;B01
201500019322;0;7;0;0;2;1;2;A01
201500019323;0;2;0;0;2;1;2;A01
201500019323;0;7;0;0;2;4;1;B01
201500019324;0;35;0;0;1;1;2;A01
201500019325;0;7;0;0;2;1;1;A01
201500019325;0;7;0;0;2;8;2;B01
201500019326;0;7;0;8;0;1;2;A01
201500019327;0;7;0;0;2;1;15;A01
201500019327;0;30;0;0;2;1;2;B01
201500019328;0;7;0;0;2;4;23;A01
201500019328;0;7;0;0;2;6;2;B01
201500019328;0;13;0;0;2;2;2;C01
201500019328;0;7;0;0;2;1;2;D01
201500019329;0;7;0;0;2;1;2;A01
201500019329;0;7;0;0;2;4;2;B01
201500019330;0;3;0;0;2;2;2;A01
201500019330;0;1;0;0;2;2;1;B01
201500019331;0;2;0;0;0;0;1;A01
201500019332;0;1;0;0;2;7;19;A01
201500019332;0;7;0;0;2;5;1;B01
201500019333;0;7;0;0;2;2;2;A01
201500019333;0;34;0;0;2;8;2;B01
201500019334;0;7;0;0;2;2;2;B01
201500019334;0;33;0;0;2;1;1;A01
201500019335;0;7;0;0;0;2;2;B01
201500019335;0;7;0;0;2;7;2;A01
201500019336;1;30;0;0;1;7;1;Z01
201500019337;0;2;0;0;2;1;5;B01
201500019337;0;7;0;0;2;1;1;A01
201500019338;0;1;0;0;2;7;2;B01
201500019338;0;7;0;0;2;1;21;A01
201500019339;0;35;0;0;0;1;18;A01
201500019340;0;33;0;0;2;4;23;B01
201500019340;2;7;0;0;2;1;2;A01
201500019341;0;33;0;0;2;7;1;A01
201500019341;0;7;0;0;2;1;10;B01
201500019342;0;33;0;0;2;7;17;B01
201500019342;0;7;0;0;2;8;2;A01
201500019343;0;2;0;0;0;9;2;A01
201500019344;0;7;0;2;1;1;1;A01
201500019345;0;7;0;0;2;4;2;A01
201500019345;0;7;0;0;2;4;2;C01
201500019345;0;7;0;0;2;1;2;B01
201500019346;0;1;0;0;2;4;2;A01
201500019347;0;7;0;0;2;3;1;B01
201500019347;0;7;0;0;2;2;1;A01
201500019348;0;34;0;0;2;1;2;B01
201500019348;0;7;0;0;2;7;15;A01
201500019349;0;1;0;0;2;6;1;B01
201500019349;0;7;0;0;2;2;1;A01
201500019350;0;7;0;0;2;7;2;B01
201500019350;0;7;0;0;2;1;1;A01
201500019351;0;7;0;0;2;1;2;A01
201500019351;0;7;0;0;2;1;2;B01
201500019351;0;7;0;0;0;4;2;C01
201500019352;0;33;0;0;2;2;2;B01
201500019352;0;7;0;0;2;6;2;A01
201500019353;0;33;0;0;2;7;17;B01
201500019353;0;7;0;0;2;1;15;A01
201500019354;0;7;0;1;2;8;2;A01
201500019354;0;1;0;0;0;1;2;B01
201500019355;0;1;0;0;2;1;2;B01
201500019355;0;7;0;0;2;5;22;A01
201500019356;0;7;0;0;2;4;2;B01
201500019356;0;30;0;0;2;1;2;A01
201500019357;0;7;0;0;1;2;2;A01
201500019358;0;7;0;0;2;1;2;A01
201500019358;0;7;0;0;2;4;2;C01
201500019358;0;7;0;0;2;4;2;B01
201500019359;0;2;0;0;2;1;18;B01
201500019359;0;7;0;0;2;7;16;A01
201500019360;0;7;0;0;2;3;2;B01
201500019360;0;2;0;0;2;1;2;A01
201500019361;0;10;0;0;2;8;2;B01
201500019361;0;7;0;0;2;1;2;A01
201500019362;0;2;0;0;2;7;2;B01
201500019362;0;7;0;0;2;4;4;A01
201500019363;0;7;0;0;2;1;2;B01
201500019363;0;7;0;0;2;4;2;A01
201500019364;0;33;0;0;0;9;2;A01
201500019365;0;7;0;0;2;3;1;B01
201500019365;0;7;0;0;2;2;1;A01
201500019366;0;2;0;0;5;1;2;A01
201500019367;0;1;0;0;2;8;15;B01
201500019367;0;7;0;0;2;1;2;A01
201500019368;0;31;0;0;2;1;17;A01
201500019368;0;1;0;0;2;8;1;B01
201500019369;0;7;0;0;2;8;1;B01
201500019369;0;7;0;0;2;1;1;A01
201500019370;0;2;0;0;2;1;2;B01
201500019370;0;7;0;0;2;4;2;A01
201500019371;0;7;0;14;0;3;13;A01
201500019372;0;30;0;0;2;2;17;B01
201500019372;0;7;0;0;9;8;17;A01
201500019373;0;32;0;0;0;1;1;A01
201500019374;0;7;0;0;9;2;1;A01
201500019374;0;1;0;0;2;1;1;B01
201500019375;0;7;0;0;2;4;0;A01
201500019375;0;7;0;0;2;1;2;B01
201500019376;0;7;0;0;2;1;0;A01
201500019376;0;1;0;0;2;1;0;B01
201500019377;0;32;0;0;2;1;2;B01
201500019377;0;7;0;0;2;3;9;A01
201500019378;0;34;0;9;0;7;1;A01
201500019379;0;30;0;0;0;0;0;A01
201500019380;0;2;0;0;2;1;9;A01
201500019380;0;7;0;0;2;3;1;B01
201500019381;0;7;0;15;0;1;14;A01
201500019382;0;7;0;0;2;4;2;C01
201500019382;0;7;0;0;2;1;2;A01
201500019382;0;7;0;0;2;4;2;B01
201500019383;0;2;0;16;0;0;0;A01
201500019384;0;7;0;0;1;1;1;A01
201500019385;0;7;0;0;2;1;2;B01
201500019385;0;7;0;0;2;1;11;A01
201500019386;0;7;0;0;2;1;2;B01
201500019386;0;7;0;0;2;4;2;A01
201500019387;0;7;0;13;0;0;1;C01
201500019388;0;7;0;0;2;4;2;B01
201500019388;0;7;0;0;2;1;2;A01
201500019388;0;7;0;0;2;4;15;C01
201500019389;0;7;0;16;0;9;14;A01
201500019390;0;10;0;0;0;2;1;B01
201500019390;0;7;0;0;2;1;1;A01
201500019391;0;7;0;0;2;4;2;A01
201500019391;0;7;0;0;2;1;2;B01
201500019392;0;1;0;0;2;1;19;B01
201500019392;0;33;0;0;2;2;1;A01
201500019393;0;33;0;0;2;1;2;B01
201500019393;0;7;0;0;2;4;2;A01
201500019394;0;7;0;0;2;4;2;A01
201500019394;0;7;0;0;2;1;2;B01
201500019395;0;33;0;0;9;1;2;A01
201500019396;0;7;0;2;2;4;2;B01
201500019396;0;33;0;2;2;1;2;A01
201500019397;0;7;0;0;2;1;19;A01
201500019397;0;1;0;0;2;7;2;B01
201500019398;0;1;0;0;2;7;2;B01
201500019398;0;7;0;0;2;1;9;A01
201500019399;0;7;0;0;2;4;2;A01
201500019399;0;13;0;0;2;1;2;B01
201500019400;0;1;0;0;2;1;2;B01
201500019400;0;7;0;0;2;5;2;A01
201500019401;0;2;0;0;0;1;1;A01
201500019402;0;7;0;0;1;3;15;A01
201500019403;0;2;0;0;0;8;1;A01
201500019404;0;7;0;0;2;1;2;C01
201500019404;0;7;0;0;2;4;2;B01
201500019404;0;7;0;0;2;4;2;A01
201500019405;0;7;0;0;2;1;2;B01
201500019405;0;7;0;0;2;4;2;A01
201500019406;0;7;0;0;1;1;2;A01
201500019407;0;1;0;0;2;8;10;A01
201500019407;0;33;0;0;2;1;1;B01
201500019408;0;7;0;0;2;4;2;A01
201500019408;0;30;0;0;2;1;2;B01
201500019409;0;7;0;0;2;4;2;A01
201500019409;0;7;0;0;2;4;2;B01
201500019410;0;7;0;0;2;3;15;B01
201500019410;0;2;0;0;2;1;17;A01
201500019411;0;7;0;0;2;2;15;B01
201500019411;0;2;0;0;2;3;1;A01
201500019412;0;33;0;0;2;1;2;B01
201500019412;0;7;0;0;2;4;11;A01
201500019413;0;7;0;0;2;4;2;A01
201500019413;0;7;0;0;2;4;2;B01
201500019413;0;7;0;0;2;1;2;C01
201500019414;0;7;0;0;2;4;2;A01
201500019414;0;7;0;0;2;1;2;B01
201500019415;0;1;0;0;2;1;1;A01
201500019415;1;7;0;0;2;5;15;B01
201500019416;0;7;0;0;1;1;1;A01
201500019417;0;7;0;0;2;1;2;A01
201500019417;0;1;0;0;2;4;2;B01
201500019418;0;7;0;0;1;1;0;A01
201500019419;0;15;0;0;2;4;2;B01
201500019419;0;15;0;0;2;1;2;A01
201500019420;0;7;0;0;2;4;2;A01
201500019420;0;10;0;0;2;1;2;B01
201500019421;0;7;0;0;2;8;20;A01
201500019421;0;30;0;0;2;1;2;B01
201500019422;0;30;0;0;2;1;2;A01
201500019422;0;7;0;0;2;4;2;B01
201500019423;0;7;0;0;2;1;2;A01
201500019423;0;10;0;0;2;4;2;B01
201500019423;0;7;0;0;2;4;2;C01
201500019424;0;1;0;0;2;8;19;B01
201500019424;0;7;0;0;2;2;16;A01
201500019425;0;7;0;0;2;1;1;A01
201500019425;0;1;0;0;2;1;5;B01
201500019426;0;1;0;0;0;7;1;A01
201500019427;0;1;0;0;1;1;1;A01
201500019428;0;2;0;0;0;1;1;A01
201500019429;0;1;0;0;2;2;1;B01
201500019429;0;7;0;0;2;3;1;A01
201500019430;0;1;0;0;2;7;0;B01
201500019430;0;7;0;0;2;1;1;A01
201500019431;0;33;0;0;2;4;2;B01
201500019431;0;7;0;0;2;1;2;A01
201500019432;0;7;0;6;0;1;1;A01
201500019433;0;33;0;3;0;7;3;A01
201500019434;0;2;0;16;0;7;1;A01
201500019435;0;7;0;0;2;3;1;B01
201500019435;0;30;0;0;2;1;13;A01
201500019436;0;7;0;0;2;4;2;A01
201500019436;0;7;0;0;2;1;2;B01
201500019437;0;7;0;0;1;2;1;A01
201500019438;0;7;0;0;1;1;1;A01
201500019439;0;7;0;9;0;1;1;A01
201500019440;0;7;0;0;2;4;20;A01
201500019440;0;2;0;0;2;7;9;B01
201500019441;0;7;0;0;2;4;2;A01
201500019441;0;7;0;0;2;1;2;B01
201500019442;0;1;0;0;1;1;1;A01
201500019443;0;7;0;0;1;1;1;A01
201500019444;0;2;0;0;2;1;14;B01
201500019444;0;7;0;0;2;5;2;A01
201500019444;0;7;0;0;2;8;24;C01
201500019445;0;7;0;0;2;1;1;B01
201500019445;0;7;0;0;2;1;15;A01
201500019445;0;7;0;0;2;8;1;C01
201500019446;0;7;0;0;1;1;1;A01
201500019447;0;7;0;3;0;7;1;A01
201500019448;0;7;0;0;2;3;19;A01
201500019448;0;7;0;0;2;2;19;B01
201500019449;0;7;0;0;2;1;1;B01
201500019449;0;7;0;0;2;3;15;A01
201500019450;0;33;0;0;2;8;14;A01
201500019450;0;7;0;0;2;7;2;B01
201500019451;0;7;0;0;2;4;2;B01
201500019451;0;7;0;0;2;1;2;A01
201500019452;0;7;0;0;2;4;1;A01
201500019452;0;2;0;0;2;1;2;B01
201500019453;0;7;0;0;2;1;2;A01
201500019453;0;1;0;0;2;8;19;B01
201500019454;0;2;0;0;2;1;1;B01
201500019454;0;1;0;0;2;1;9;A01
201500019455;0;7;0;0;2;7;2;A01
201500019455;0;1;0;0;2;8;2;B01
201500019456;0;7;0;0;2;3;1;A01
201500019456;0;7;0;0;2;7;19;B01
201500019457;0;2;0;0;0;0;1;A01
201500019458;0;7;0;0;2;7;15;A01
201500019458;0;33;0;0;2;1;1;B01
201500019459;0;7;0;0;2;1;1;B01
201500019459;0;7;0;0;2;1;19;A01
201500019460;0;7;0;0;2;7;16;A01
201500019460;0;1;0;0;2;1;14;B01
201500019461;0;7;0;0;2;2;1;A01
201500019461;0;1;0;0;2;8;19;B01
201500019462;0;7;0;0;1;1;1;A01
201500019463;0;7;0;0;2;7;20;A01
201500019463;0;2;0;0;2;1;14;B01
201500019464;0;33;0;0;2;1;1;A01
201500019464;0;7;0;0;2;1;1;B01
201500019465;0;7;0;3;0;8;1;A01
201500019466;0;7;0;0;2;1;1;A01
201500019466;0;7;0;0;2;4;23;B01
201500019467;0;7;0;0;2;1;1;A01
201500019467;0;1;0;0;2;7;19;B01
201500019468;0;7;0;0;1;4;20;A01
201500019469;0;7;0;0;2;7;19;A01
201500019469;0;7;0;0;2;1;19;B01
201500019470;0;7;0;0;1;1;15;A01
201500019471;0;7;0;0;2;1;2;B01
201500019471;0;7;0;0;2;8;19;A01
201500019472;0;7;0;0;2;1;1;A01
201500019472;0;7;0;0;2;7;15;B01
201500019473;0;7;0;0;2;1;2;A01
201500019473;0;7;0;0;2;4;2;B01
201500019474;0;1;0;0;0;0;0;A01
201500019475;0;7;0;0;1;1;2;A01
201500019476;0;33;0;0;0;1;2;A01
201500019477;1;1;0;0;9;0;17;B01
201500019477;0;1;0;0;9;7;2;A01
201500019478;0;2;0;0;0;9;2;A01
201500019479;0;7;0;0;2;2;9;A01
201500019479;0;33;0;0;2;8;7;B01
201500019480;0;30;0;0;0;0;0;A01
201500019481;0;30;0;0;2;9;2;A01
201500019481;0;7;0;0;2;7;2;B01
201500019482;0;10;0;0;2;1;2;A01
201500019482;0;7;0;0;2;9;2;B01
201500019482;0;7;0;0;2;4;2;C01
201500019483;0;7;0;0;2;1;1;A01
201500019483;0;30;0;0;2;1;1;B01
201500019484;0;7;0;16;0;7;14;A01
201500019485;0;7;0;0;2;8;22;A01
201500019485;0;1;0;1;0;1;1;B01
201500019486;0;7;0;8;0;9;1;A01
201500019487;0;7;0;0;1;2;1;A01
201500019488;0;7;0;0;2;3;9;A01
201500019488;0;30;0;0;2;7;1;B01
201500019489;0;7;0;6;0;1;1;A01
201500019490;0;7;0;0;1;4;24;A01
201500019491;0;7;0;0;0;1;15;A01
201500019491;0;30;0;0;2;1;5;B01
201500019492;0;7;0;0;0;0;0;A01
201500019493;0;7;0;0;2;1;2;A01
201500019493;0;7;0;0;2;4;1;B01
201500019494;0;7;0;0;0;8;2;A01
201500019494;0;33;0;0;2;1;0;B01
201500019495;0;34;0;0;2;1;17;A01
201500019495;0;7;0;0;2;1;1;B01
201500019496;0;7;0;0;0;4;2;A01
201500019496;0;7;0;0;0;4;2;B01
201500019496;0;7;0;0;0;1;2;C01
201500019497;0;2;0;0;2;1;1;A01
201500019497;0;7;0;0;2;6;10;B01
201500019498;0;7;0;2;0;1;14;A01
201500019499;0;31;0;0;2;7;1;B01
201500019499;0;7;0;0;2;8;9;A01
201500019500;0;7;0;0;2;2;0;A01
201500019500;0;30;0;2;2;1;2;B01
201500019501;0;7;0;0;2;1;13;A01
201500019501;0;2;0;0;2;1;1;B01
201500019502;0;2;0;0;0;0;2;A01
201500019503;0;7;0;0;2;1;2;A01
201500019503;0;7;0;0;2;4;2;B01
201500019504;0;7;0;0;0;4;2;A01
201500019504;0;7;0;0;0;1;2;B01
201500019505;0;1;0;0;2;1;5;A01
201500019505;0;7;0;0;2;1;1;B01
201500019506;0;7;0;0;0;4;2;A01
201500019506;0;7;0;0;0;1;2;B01
201500019507;0;33;0;12;0;8;21;A01
201500019508;0;30;0;0;2;1;2;A01
201500019508;0;7;0;0;2;4;2;B01
201500019509;0;7;0;0;9;1;2;A01
201500019509;0;1;0;0;0;4;2;B01
201500019510;0;7;0;0;2;8;22;A01
201500019510;0;1;0;0;2;1;1;B01
201500019511;0;7;0;0;1;1;1;A01
201500019512;0;2;0;0;0;1;5;A01
201500019512;0;7;0;0;2;1;5;B01
201500019513;0;7;0;0;2;1;2;A01
201500019513;0;7;0;0;2;4;2;B01
201500019514;0;7;0;0;0;1;1;A01
201500019515;0;7;0;0;2;1;1;A01
201500019515;0;2;0;0;2;7;1;B01
201500019516;0;30;0;0;2;1;1;B01
201500019516;0;7;0;0;2;6;15;A01
201500019517;0;7;0;1;0;1;14;A01
201500019517;0;7;0;0;2;1;24;B01
201500019518;0;7;0;0;2;2;2;A01
201500019518;0;2;0;0;0;4;2;B01
201500019519;0;7;0;0;2;1;1;A01
201500019519;0;7;0;0;2;4;1;B01
201500019520;0;7;0;0;2;4;1;B01
201500019520;0;33;0;0;2;1;1;A01
201500019521;0;33;0;0;0;0;9;A01
201500019522;0;7;0;0;1;3;1;A01
201500019523;0;2;0;0;2;7;9;A01
201500019523;0;7;0;0;2;8;0;B01
201500019524;0;7;0;0;1;1;15;B01
201500019525;0;7;0;0;2;1;1;A01
201500019525;0;1;0;0;2;4;1;B01
201500019526;0;7;0;0;1;6;1;A01
201500019527;0;7;0;0;2;4;1;B01
201500019527;0;7;0;0;2;1;1;A01
201500019528;0;7;0;1;0;1;20;A01
201500019529;0;7;0;0;2;2;0;B01
201500019529;0;7;0;0;2;3;19;A01
201500019530;0;7;0;0;2;1;1;A01
201500019530;0;7;0;0;2;4;1;B01
201500019531;0;30;0;0;2;1;1;A01
201500019531;0;7;0;0;2;2;16;B01
201500019532;0;7;0;0;1;1;0;A01
201500019533;0;7;0;0;2;3;22;A01
201500019533;0;1;0;0;2;1;1;B01
201500019534;0;7;0;0;2;4;1;C01
201500019534;0;7;0;0;2;4;1;B01
201500019534;0;7;0;0;2;4;1;D01
201500019534;0;7;0;0;2;1;1;A01
201500019535;0;2;0;0;2;1;0;A01
201500019535;0;7;0;0;2;6;0;B01
201500019536;0;7;0;0;2;1;1;A01
201500019536;0;7;0;0;2;4;1;B01
201500019536;0;7;0;0;2;4;1;C01
201500019537;1;1;0;0;1;0;0;Z01
201500019538;0;30;0;0;2;1;1;A01
201500019538;0;7;0;0;2;1;1;B01
201500019539;0;7;0;0;2;2;1;B01
201500019539;0;7;0;0;2;1;15;A01
201500019540;0;2;0;0;2;0;0;A01
201500019540;0;30;0;0;2;0;0;B01
201500019541;0;7;0;0;2;1;1;A01
201500019541;0;7;0;0;2;8;15;B01
201500019542;0;30;0;0;0;0;0;A01
201500019542;0;7;0;0;2;1;1;B01
201500019543;0;2;0;12;0;0;0;A01
201500019544;0;7;0;0;1;1;1;A01
201500019545;0;1;0;0;1;0;1;A01
201500019546;0;7;0;0;2;1;1;A01
201500019546;0;7;0;0;2;4;15;B01
201500019547;1;7;0;0;1;0;0;A01
201500019548;0;2;0;0;2;8;1;B01
201500019548;0;10;0;0;2;2;15;A01
201500019549;0;1;0;0;2;1;1;A01
201500019549;0;7;0;0;2;4;1;B01
201500019550;0;7;0;0;2;1;1;A01
201500019550;0;7;0;0;2;4;1;B01
201500019551;0;7;0;0;2;1;1;A01
201500019551;0;33;0;0;2;7;1;B01
201500019552;0;7;0;0;1;1;0;A01
201500019553;0;7;0;0;2;4;1;B01
201500019553;0;7;0;0;2;1;1;A01
201500019554;0;7;0;0;1;1;1;A01
201500019555;0;33;0;0;2;1;1;A01
201500019555;0;7;0;0;2;1;1;B01
201500019556;0;7;0;0;2;1;1;A01
201500019556;0;7;0;0;2;7;1;B01
201500019557;0;7;0;0;2;4;2;B01
201500019557;0;3;0;0;2;1;2;A01
201500019558;0;7;0;6;0;1;1;A01
201500019559;0;7;0;8;0;1;1;A01
201500019560;0;7;0;0;2;1;1;A01
201500019560;0;7;0;0;2;7;1;B01
201500019561;0;7;0;0;2;6;15;B01
201500019561;0;33;0;0;2;1;2;A01
201500019562;0;7;0;0;9;1;17;A01
201500019562;0;1;0;0;2;8;1;B01
201500019563;0;7;0;0;2;4;2;B01
201500019563;0;2;0;0;2;1;2;A01
201500019564;0;33;0;5;0;7;1;A01
201500019565;0;7;0;0;2;8;1;B01
201500019565;0;7;0;0;2;1;13;A01
201500019566;0;7;0;0;2;1;1;B01
201500019566;0;30;0;0;2;1;15;A01
201500019567;0;7;0;0;2;1;19;A01
201500019567;0;30;0;0;2;2;15;B01
201500019568;0;7;0;0;2;8;15;B01
201500019568;0;32;0;0;2;1;17;A01
201500019569;0;33;0;0;2;8;17;A01
201500019569;0;1;0;0;2;1;19;B01
201500019570;0;33;0;15;0;2;1;A01
201500019571;0;1;0;0;2;1;0;B01
201500019571;0;1;0;0;2;1;1;A01
201500019572;0;33;0;0;0;7;1;A01
201500019573;1;14;0;0;0;0;0;Z01
201500019573;0;1;0;0;2;0;9;B01
201500019574;0;32;0;0;2;1;1;A01
201500019574;0;7;0;0;2;8;9;B01
201500019575;0;7;0;0;2;2;16;A01
201500019575;0;1;0;0;2;1;1;B01
201500019576;0;31;0;0;2;1;1;A01
201500019576;0;7;0;0;2;3;1;B01
201500019577;0;7;0;0;2;1;1;B01
201500019577;0;7;0;3;2;8;1;A01
201500019578;0;7;0;0;2;3;13;A01
201500019578;0;2;0;0;2;1;1;B01
201500019579;0;7;0;2;0;1;1;A01
201500019580;0;7;0;0;1;4;4;A01
201500019581;0;1;0;0;2;1;1;A01
201500019581;0;1;0;0;2;1;1;B01
201500019582;0;7;0;0;2;1;1;A01
201500019582;0;1;0;0;0;4;1;B01
201500019583;0;7;0;0;2;3;15;B01
201500019583;0;30;0;0;2;1;17;A01
201500019584;0;7;0;0;2;2;1;B01
201500019584;0;7;0;0;2;1;1;A01
201500019585;0;7;0;0;2;2;9;A01
201500019585;0;32;0;0;2;1;1;B01
201500019586;0;30;0;12;0;0;1;A01
201500019587;0;32;0;0;0;7;1;A01
201500019588;0;7;0;0;2;0;1;A01
201500019589;0;7;0;6;0;0;1;A01
201500019590;0;2;0;0;2;1;1;B01
201500019590;0;7;0;0;2;7;15;A01
201500019591;0;7;0;0;2;8;15;B01
201500019591;0;33;0;0;2;8;2;A01
201500019592;0;7;0;0;2;3;1;B01
201500019592;0;30;0;0;2;7;17;A01
201500019593;0;1;0;0;1;1;1;A01
201500019594;0;2;0;7;0;0;0;A01
201500019595;0;2;0;0;0;1;1;A01
201500019596;0;7;0;0;0;0;0;A01
201500019597;0;1;0;0;2;1;1;A01
201500019597;0;37;4;0;2;4;1;B01
201500019598;0;30;0;0;2;1;1;A01
201500019598;0;10;0;0;2;4;1;B01
201500019599;0;1;0;0;2;1;1;A01
201500019599;0;7;0;0;2;0;1;B01
201500019600;0;7;0;1;0;1;14;A01
201500019600;0;7;0;0;2;4;24;B01
201500019601;0;30;0;0;2;1;1;A01
201500019601;0;7;0;0;2;4;1;B01
201500019602;0;7;0;0;2;1;1;B01
201500019602;0;30;0;0;2;7;1;A01
201500019603;0;7;0;0;2;1;1;A01
201500019603;0;7;0;0;2;5;4;B01
201500019604;0;7;0;0;1;1;1;A01
201500019605;0;34;0;0;1;1;1;A01
201500019606;0;2;0;0;2;1;2;A01
201500019606;0;7;0;0;2;4;2;B01
201500019607;0;7;0;0;2;8;0;B01
201500019607;0;7;0;0;2;1;0;A01
201500019608;0;17;0;0;2;0;1;A01
201500019608;0;7;0;0;2;3;1;C03
201500019609;0;7;0;3;0;9;0;A01
201500019610;0;15;0;3;0;1;1;A01
201500019611;0;33;0;0;0;2;1;A01
201500019612;0;7;0;4;0;1;1;A01
201500019613;0;17;0;0;2;3;1;B02
201500019613;0;7;0;0;2;4;1;A01
201500019614;0;15;0;0;0;8;0;A01
201500019615;0;7;0;13;0;1;1;A01
201500019616;0;7;0;4;0;1;1;A01
201500019617;0;7;0;0;2;1;1;A01
201500019617;0;30;0;0;2;1;19;B01
201500019618;0;7;0;0;2;1;1;A01
201500019618;0;7;0;0;2;4;23;B01
201500019618;0;7;0;0;2;1;1;C01
201500019619;0;7;0;0;1;0;0;A01
201500019620;0;7;0;0;0;8;1;A01
201500019621;0;7;0;0;0;0;21;B01
201500019621;0;10;0;0;2;7;1;A01
201500019622;0;33;0;0;2;1;2;A01
201500019622;0;7;0;0;0;0;0;B01
201500019623;0;7;0;0;0;4;17;B01
201500019623;0;7;0;0;2;1;1;A01
201500019624;0;7;0;0;2;1;2;A01
201500019624;0;7;0;0;0;0;0;B01
201500019625;0;1;0;0;0;1;1;A01
201500019626;0;7;0;0;2;7;17;B01
201500019626;0;7;0;0;2;1;1;A01
201500019627;0;7;0;0;1;1;1;A01
201500019628;0;33;0;0;2;1;2;A01
201500019628;0;7;0;0;0;0;0;B01
201500019629;0;7;0;0;0;4;1;B01
201500019629;0;7;0;0;2;1;1;A01
201500019630;0;7;0;0;0;1;0;A01
201500019630;0;1;0;0;0;0;0;B01
201500019631;0;7;0;7;0;1;1;A01
201500019632;0;7;0;0;2;3;19;A01
201500019632;0;30;0;0;0;0;1;B01
201500019633;0;7;0;0;2;3;1;A01
201500019633;0;7;0;0;2;2;1;B01
201500019634;0;7;0;0;1;4;4;A01
201500019635;0;7;0;0;2;1;9;A01
201500019635;0;1;0;0;2;1;1;B01
201500019636;0;7;0;0;1;1;1;A01
201500019637;1;99;0;0;2;2;0;Z01
201500019637;0;32;0;0;2;7;1;A01
201500019638;0;7;0;0;0;0;14;A01
201500019639;1;99;0;0;1;2;0;Z01
201500019640;0;7;0;1;0;1;14;A01
201500019641;0;7;0;0;0;0;0;B01
201500019641;0;7;0;0;0;0;0;A01
201500019642;0;7;0;0;1;0;0;A01
201500019643;0;7;0;0;2;1;0;A01
201500019643;0;1;0;0;0;0;0;B01
201500019644;0;1;0;0;2;1;1;B01
201500019644;0;7;0;0;0;4;23;A01
201500019645;0;15;0;0;9;7;2;A01
201500019645;0;1;0;0;2;8;1;B01
201500019646;0;7;0;0;2;8;1;A01
201500019646;0;7;0;0;2;1;1;B01
201500019647;0;7;0;0;2;1;9;A01
201500019647;0;1;0;0;0;1;1;B01
201500019648;0;7;0;0;2;1;9;A01
201500019648;0;7;0;0;0;2;1;B01
201500019649;0;2;0;0;2;4;1;A01
201500019649;0;7;0;0;2;1;1;B01
201500019650;0;7;0;0;0;4;1;B01
201500019650;0;7;0;0;2;1;1;A01
201500019651;0;33;0;0;2;1;1;B01
201500019651;0;7;0;0;2;1;9;A01
201500019652;0;7;0;0;1;3;1;A01
201500019653;0;1;0;0;0;1;1;B01
201500019653;0;7;0;0;2;3;9;A01
201500019654;0;7;0;0;2;0;1;B01
201500019654;0;7;0;0;2;0;9;A01
201500019655;0;3;0;0;0;0;14;A01
201500019656;0;7;0;0;0;4;0;B01
201500019656;0;7;0;0;0;1;0;A01
201500019657;1;7;0;0;0;1;0;A01
201500019657;0;2;0;0;0;2;0;B01
201500019658;0;7;0;0;0;1;2;A01
201500019658;0;7;0;0;0;4;2;B01
201500019659;0;1;0;0;2;4;9;B01
201500019659;0;7;0;0;2;1;1;A01
201500019660;0;7;0;0;0;1;13;A01
201500019661;0;7;0;0;2;1;9;A01
201500019661;0;7;0;0;0;7;1;B01
201500019662;0;7;0;0;0;4;1;B01
201500019662;0;7;0;0;0;1;1;A01
201500019663;0;7;0;0;1;1;1;A01
201500019664;0;7;0;0;0;2;20;B01
201500019664;0;2;0;0;2;1;18;A01
201500019665;0;7;0;0;2;1;14;A01
201500019665;0;30;0;0;2;1;1;B01
201500019666;0;30;0;0;0;1;16;B01
201500019666;0;7;0;0;2;1;1;A01
201500019667;0;7;0;0;0;4;2;A01
201500019667;0;7;0;0;2;1;2;B01
201500019668;0;7;0;0;1;4;4;A01
201500019669;1;7;0;0;1;0;0;A01
201500019670;0;2;0;0;2;0;0;A01
201500019670;0;7;0;0;0;4;15;B01
201500019671;0;2;0;0;2;1;2;A01
201500019671;0;7;0;0;0;0;23;B01
201500019672;0;30;0;0;0;0;0;B01
201500019672;0;7;0;0;2;5;15;A01
201500019673;0;7;0;0;2;1;2;A01
201500019673;0;7;0;0;0;4;1;B01
201500019674;0;7;0;0;0;0;0;B01
201500019674;0;1;0;0;0;0;0;A01
201500019675;0;7;0;0;1;0;0;A01
201500019676;0;7;0;10;0;1;6;A01
201500019677;0;7;0;0;0;1;2;A01
201500019677;0;7;0;0;0;4;2;B01