num_acc;senc;catv;occutc;obs;obsm;choc;manv;num_veh
201500019678;0;2;0;0;0;0;0;A01
201500019678;0;7;0;0;0;0;0;B01
201500019679;0;7;0;0;2;2;10;A01
201500019679;0;7;0;0;2;1;2;B01
201500019679;0;7;0;0;2;1;0;C01
201500019680;0;7;0;0;2;1;15;A01
201500019680;0;2;0;0;2;1;0;B01
201500019681;0;10;0;0;2;5;2;A01
201500019681;0;7;0;0;2;0;0;B01
201500019682;0;10;0;4;0;3;21;A01
201500019683;0;7;0;13;0;1;1;A01
201500019684;0;15;0;0;2;2;14;A01
201500019684;0;15;0;;2;4;24;C02
201500019684;0;15;0;;2;6;24;B02
201500019685;0;17;0;3;0;2;1;A01
201500019686;0;15;0;11;0;1;14;A01
201500019687;0;10;0;0;2;3;10;A01
201500019687;0;33;0;0;2;1;17;B02
201500019688;0;33;0;0;2;1;5;B02
201500019688;0;7;0;0;2;8;15;A01
201500019689;0;10;0;0;0;5;16;B02
201500019689;0;33;0;0;2;1;1;A01
201500019690;0;7;0;0;2;0;;A01
201500019690;0;7;0;0;2;2;0;B02
201500019691;0;7;0;0;2;8;11;A01
201500019691;0;33;0;0;2;1;17;B02
201500019692;0;33;0;0;2;1;17;A01
201500019692;0;10;0;0;2;3;15;B02
201500019693;0;31;0;13;0;9;1;A01
201500019694;0;7;0;0;2;1;5;A01
201500019694;0;14;0;0;2;1;0;B02
201500019695;0;7;0;0;1;2;15;A01
201500019696;0;7;0;0;2;3;19;A01
201500019696;0;33;0;0;2;1;1;B02
201500019697;0;30;0;0;2;1;17;A01
201500019697;0;7;0;0;2;6;17;B02
201500019698;0;7;0;0;1;7;1;A01
201500019699;0;7;0;0;2;3;1;B02
201500019699;0;7;0;0;2;3;15;A01
201500019699;0;7;0;0;2;8;1;C03
201500019700;0;7;0;0;1;1;1;A01
201500019701;0;7;0;2;0;3;1;A01
201500019702;0;7;0;0;2;2;16;B02
201500019702;0;7;0;0;2;3;18;A01
201500019703;0;10;0;0;2;7;1;A01
201500019703;0;1;0;0;2;6;1;B02
201500019704;0;7;0;0;1;2;0;A01
201500019705;0;1;0;0;2;8;9;B02
201500019705;0;7;0;0;2;2;1;A01
201500019706;0;1;0;0;2;1;19;B02
201500019706;0;7;0;0;2;2;1;A01
201500019707;0;7;0;5;0;1;17;A01
201500019708;0;31;0;0;0;0;1;A01
201500019709;0;7;0;0;2;1;17;A01
201500019709;0;7;0;0;2;8;15;B02
201500019710;0;7;0;0;2;3;1;A01
201500019710;0;7;0;0;2;3;1;B02
201500019711;0;7;0;0;2;1;13;A01
201500019711;0;7;0;13;2;1;1;B02
201500019712;0;7;0;0;2;1;13;A01
201500019712;0;10;0;0;2;3;1;B02
201500019713;0;7;0;2;0;2;2;A01
201500019714;0;2;0;0;2;8;15;B02
201500019714;0;10;0;0;2;1;1;A01
201500019715;0;7;0;0;2;6;16;B02
201500019715;0;10;0;3;2;2;0;A01
201500019716;0;31;0;13;0;0;1;A01
201500019717;0;7;0;0;2;3;13;A01
201500019717;0;7;0;0;2;3;1;B02
201500019718;0;7;0;0;2;2;1;A01
201500019718;0;1;0;0;2;8;19;B02
201500019719;0;7;0;0;2;3;1;A01
201500019719;0;7;0;0;2;3;1;B02
201500019720;0;10;0;0;2;2;17;B02
201500019720;0;7;0;0;2;5;16;A01
201500019721;0;30;0;1;0;1;1;A01
201500019722;0;7;0;0;2;1;15;A01
201500019722;0;7;0;0;2;7;1;B02
201500019723;0;33;0;13;0;8;1;A01
201500019724;0;10;0;0;2;1;1;B02
201500019724;0;3;0;0;2;2;15;A01
201500019725;0;33;0;13;0;0;13;A01
201500019725;0;10;0;0;0;0;15;B02
201500019726;0;7;0;0;0;9;1;A01
201500019727;0;7;0;13;0;1;13;A01
201500019728;0;33;0;0;2;1;13;A01
201500019728;0;7;0;0;2;1;1;B02
201500019729;0;7;0;13;0;3;1;A01
201500019730;0;7;0;0;2;3;1;A01
201500019730;0;1;0;0;2;1;16;B02
201500019731;0;7;0;0;2;7;13;A01
201500019731;0;7;0;0;2;1;1;B02
201500019732;0;7;0;13;0;1;0;A01
201500019733;0;7;0;16;0;9;1;A01
201500019734;0;7;0;13;0;7;21;A01
201500019735;0;7;0;14;0;1;1;A01
201500019736;0;7;0;14;0;7;16;A01
201500019736;0;30;0;0;2;1;17;B02
201500019737;0;7;0;1;1;3;13;A01
201500019738;0;7;0;2;0;5;13;A01
201500019739;0;21;0;0;2;1;1;B02
201500019739;0;7;0;0;2;8;1;A01
201500019740;0;7;0;2;0;3;13;A01
201500019741;0;30;0;0;0;8;1;A01
201500019742;0;7;0;2;0;1;1;A01
201500019743;0;7;0;0;2;3;1;A01
201500019743;0;7;0;0;2;3;1;B02
201500019744;1;10;0;0;1;2;1;A01
201500019745;0;7;0;2;0;3;1;A01
201500019746;0;10;0;0;1;2;1;A01
201500019747;0;7;0;0;2;3;1;A01
201500019747;0;7;0;0;2;3;1;B02
201500019748;0;7;0;8;0;2;14;A01
201500019749;0;7;0;2;0;3;13;A01
201500019750;0;7;0;13;0;3;13;A01
201500019751;0;7;0;0;1;1;1;A01
201500019752;0;7;0;0;2;8;15;B02
201500019752;0;17;0;0;2;1;1;A01
201500019753;0;7;0;0;0;3;10;A01
201500019753;0;7;0;0;2;1;1;B02
201500019754;0;14;0;2;0;1;17;A01
201500019755;0;17;0;13;0;7;1;A01
201500019756;0;15;0;0;2;3;1;B02
201500019756;0;7;0;0;2;3;13;A01
201500019757;0;14;0;0;2;3;1;B02
201500019757;0;7;0;0;2;3;13;A01
201500019758;0;99;0;3;2;9;2;B02
201500019758;0;17;0;0;2;1;2;A01
201500019759;0;31;0;0;2;1;1;A01
201500019759;0;14;0;0;2;5;15;B02
201500019760;0;15;0;0;9;7;1;A01
201500019760;0;20;0;0;0;1;19;B02
201500019761;0;7;0;13;0;1;1;A01
201500019762;0;17;0;0;0;6;15;B02
201500019762;0;33;0;0;2;1;17;A01
201500019763;0;7;0;0;2;1;2;A01
201500019763;0;17;0;0;0;0;1;B02
201500019764;0;7;0;4;2;3;2;A01
201500019764;0;7;0;0;9;2;2;B02
201500019765;0;10;0;0;1;2;1;A01
201500019766;0;7;0;0;2;3;16;A01
201500019766;0;17;0;0;2;1;1;B02
201500019767;0;33;0;0;2;2;2;A01
201500019767;0;33;0;0;2;6;23;B02
201500019768;0;7;0;3;0;2;15;A01
201500019769;0;7;0;13;0;9;17;A01
201500019770;0;17;0;0;0;8;6;A01
201500019771;0;7;0;0;2;9;1;D04
201500019771;0;7;0;0;2;9;1;E05
201500019771;0;7;0;0;2;9;1;B02
201500019771;0;7;0;0;2;9;1;C03
201500019771;0;7;0;0;2;9;1;F06
201500019771;0;7;0;0;2;4;1;A01
201500019772;0;7;0;3;0;1;1;A01
201500019773;0;7;0;3;0;9;1;A01
201500019774;0;7;0;0;2;9;21;A01
201500019774;0;15;0;0;2;1;1;B02
201500019775;0;7;0;0;2;3;17;C03
201500019775;0;7;0;0;0;2;17;A01
201500019775;0;17;0;0;0;3;1;B02
201500019776;0;7;0;3;0;1;1;A01
201500019777;0;7;0;0;2;8;1;A01
201500019777;0;10;0;0;2;1;1;B02
201500019778;0;7;0;0;9;1;19;B02
201500019778;0;1;0;0;2;7;1;A01
201500019779;0;1;0;0;2;1;16;A01
201500019779;0;3;0;0;0;2;15;B02
201500019780;0;7;0;0;2;2;15;B02
201500019780;0;33;0;0;2;1;0;A01
201500019781;0;10;0;0;2;1;1;A01
201500019781;0;7;0;0;2;8;15;B02
201500019782;0;7;0;0;2;1;2;B02
201500019782;0;7;0;0;2;1;2;C03
201500019782;0;7;0;0;2;6;13;A01
201500019783;0;33;0;0;2;0;1;B02
201500019783;0;7;0;0;2;8;19;A01
201500019784;0;10;0;0;2;8;1;A01
201500019784;0;2;0;0;2;7;19;B02
201500019785;0;33;0;8;0;1;13;A01
201500019786;0;2;0;0;0;1;17;B02
201500019786;0;7;0;0;0;3;15;A01
201500019787;0;14;0;0;0;5;16;B02
201500019787;0;1;0;0;2;1;19;A01
201500019788;0;31;0;0;2;7;1;B02
201500019788;0;14;0;0;2;8;9;A01
201500019789;0;7;0;0;2;1;1;B02
201500019789;0;7;0;0;2;1;13;A01
201500019790;0;30;0;0;0;0;1;A01
201500019791;0;7;0;0;1;2;1;A01
201500019792;0;7;0;0;2;1;13;A01
201500019792;0;20;0;0;2;8;10;B02
201500019793;0;7;0;0;2;1;1;A01
201500019793;0;33;0;0;2;8;19;B02
201500019794;0;7;0;13;0;1;14;A01
201500019795;0;33;0;0;2;1;1;B02
201500019795;0;7;0;0;2;3;16;A01
201500019796;0;7;0;10;0;9;1;A01
201500019797;0;7;0;0;2;7;1;A01
201500019797;0;13;0;0;2;1;21;B02
201500019798;0;33;0;2;0;1;14;A01
201500019799;0;33;0;0;0;0;1;A01
201500019800;0;7;0;0;2;1;1;A01
201500019800;0;7;0;0;2;2;1;B02
201500019801;0;7;0;0;2;3;1;B02
201500019801;0;7;0;0;2;1;15;A01
201500019802;0;7;0;2;0;1;1;A01
201500019803;0;7;0;0;2;6;16;A01
201500019803;0;7;0;0;2;1;15;B02
201500019804;0;2;0;0;2;1;0;B02
201500019804;0;7;0;0;2;3;16;A01
201500019805;0;33;0;0;2;1;17;A01
201500019805;0;7;0;0;0;8;15;B02
201500019806;0;7;0;0;2;3;13;A01
201500019806;0;7;0;0;2;3;1;B02
201500019807;0;7;0;0;2;8;19;A01
201500019807;0;7;0;0;2;2;1;B02
201500019808;0;33;0;0;2;1;13;A01
201500019808;0;38;1;0;2;3;1;B02
201500019809;0;7;0;0;2;1;5;A01
201500019809;0;7;0;0;2;1;1;B01
201500019810;0;33;0;8;0;1;14;A01
201500019811;0;7;0;13;2;7;13;A01
201500019811;0;7;0;0;2;1;1;B01
201500019812;0;7;0;13;0;3;13;A01
201500019813;0;7;0;0;2;1;15;A01
201500019813;0;7;0;0;2;1;1;B02
201500019814;0;7;0;0;2;7;1;B02
201500019814;0;7;0;0;2;1;1;A01
201500019815;0;10;0;0;2;2;1;A01
201500019815;0;31;0;0;2;1;1;B02
201500019815;0;7;0;0;0;0;23;C03
201500019816;0;33;0;0;0;1;0;A01
201500019817;0;7;0;0;0;4;1;A01
201500019817;0;33;0;0;2;1;1;B02
201500019818;0;7;0;13;0;1;0;A01
201500019819;0;7;0;2;0;2;1;A01
201500019820;0;7;0;3;2;2;13;A01
201500019820;0;10;0;0;2;7;21;B02
201500019821;0;7;0;0;2;1;1;A01
201500019821;0;10;0;0;2;1;1;B02
201500019822;0;7;0;6;0;2;0;A01
201500019823;0;7;0;0;2;1;13;A01
201500019823;0;15;0;0;2;3;1;B02
201500019824;0;17;0;0;2;1;21;A01
201500019824;0;1;0;0;2;8;9;B02
201500019825;0;7;0;3;0;8;13;A01
201500019826;0;7;0;13;0;2;14;A01
201500019827;0;30;0;0;0;0;1;A01
201500019828;0;7;0;0;1;0;0;A01
201500019829;0;7;0;0;2;1;1;A01
201500019829;0;21;0;0;2;6;1;B02
201500019829;0;7;0;0;2;9;5;C03
201500019830;0;7;0;2;0;3;13;A01
201500019831;0;7;0;0;2;3;1;B02
201500019831;0;33;0;0;2;3;13;A01
201500019832;0;7;0;7;0;2;1;A01
201500019833;0;7;0;0;1;3;9;A01
201500019834;1;2;0;0;1;0;0;Z01
201500019835;0;1;0;0;2;1;1;B01
201500019835;0;10;0;0;2;5;15;A01
201500019836;0;7;0;3;0;1;1;A01
201500019837;0;7;0;0;0;5;1;A01
201500019837;0;1;0;0;2;1;15;B01
201500019838;0;1;0;0;2;6;19;B01
201500019838;0;7;0;0;2;1;1;A01
201500019839;0;2;0;0;0;7;1;A01
201500019840;0;2;0;0;2;1;1;A01
201500019840;0;7;0;0;2;4;1;B01
201500019841;0;7;0;0;1;3;1;A01
201500019842;0;30;0;0;2;1;1;A01
201500019842;0;7;0;0;2;4;1;B01
201500019843;0;2;0;0;1;5;1;A01
201500019844;0;7;0;6;0;1;15;A01
201500019845;0;2;0;0;2;1;1;B01
201500019845;0;7;0;0;2;2;15;A01
201500019846;0;7;0;0;0;2;1;B01
201500019846;0;1;0;0;2;3;16;A01
201500019847;0;7;0;0;2;1;1;A01
201500019847;0;7;0;0;2;2;1;C01
201500019847;0;38;0;0;2;3;1;D01
201500019847;0;7;0;0;2;1;1;B01
201500019848;0;7;0;0;1;2;1;A01
201500019849;0;30;0;0;2;3;1;B01
201500019849;0;7;0;0;2;2;1;A01
201500019850;0;3;0;0;1;2;1;A01
201500019851;0;7;0;8;2;2;1;C01
201500019851;0;30;0;0;2;7;19;B01
201500019851;0;30;0;0;2;1;19;A01
201500019852;0;7;0;0;2;1;9;A01
201500019852;0;33;0;0;2;7;1;B01
201500019853;0;7;0;0;0;2;19;A01
201500019853;0;7;0;0;2;6;1;B01
201500019854;0;7;0;16;0;9;17;A01
201500019855;0;7;0;0;9;1;1;B01
201500019855;0;31;0;0;2;1;19;A01
201500019856;0;7;0;0;1;1;15;A01
201500019857;0;7;0;0;2;1;1;A01
201500019857;0;2;0;0;2;1;13;B01
201500019858;0;33;0;0;0;7;1;A01
201500019859;0;7;0;0;1;3;1;A01
201500019860;0;7;0;0;1;3;13;A01
201500019861;0;7;0;0;2;1;13;A01
201500019861;0;7;0;0;2;1;1;B01
201500019861;0;7;0;0;2;8;1;C01
201500019862;0;33;0;16;0;7;1;A01
201500019862;0;7;0;0;0;0;23;B01
201500019863;0;7;0;0;2;3;1;A01
201500019863;0;7;0;0;2;1;1;B01
201500019864;0;7;0;13;0;2;1;A01
201500019865;0;10;0;0;2;1;15;A01
201500019865;0;33;0;0;2;1;1;B01
201500019866;0;33;0;12;0;1;13;A01
201500019867;0;7;0;0;2;8;15;B01
201500019867;0;7;0;0;2;3;1;A01
201500019868;0;7;0;0;1;1;16;A01
201500019869;0;31;0;0;2;1;1;B01
201500019869;0;7;0;0;2;7;15;A01
201500019870;0;7;0;0;1;3;1;B01
201500019870;0;7;0;0;2;1;13;A01
201500019871;0;7;0;0;1;1;1;A01
201500019872;0;7;0;0;0;8;19;A01
201500019872;0;15;0;0;2;1;1;B01
201500019873;0;10;0;3;0;9;18;A01
201500019874;0;7;0;0;2;1;1;A01
201500019874;0;32;0;0;2;8;15;B01
201500019875;0;7;0;0;2;3;15;A01
201500019875;0;30;0;0;2;1;1;B01
201500019876;0;7;0;0;2;1;1;B01
201500019876;0;7;0;0;2;1;15;A01
201500019877;0;7;0;0;1;7;1;A01
201500019878;0;7;0;0;2;2;15;A01
201500019878;0;34;0;0;2;1;1;B01
201500019879;1;7;0;0;2;0;0;A01
201500019879;0;7;0;0;2;5;0;B01
201500019880;0;7;0;0;1;1;16;A01
201500019881;0;1;0;0;2;1;1;B01
201500019881;0;7;0;0;2;3;15;A01
201500019882;0;7;0;2;0;1;14;A01
201500019883;0;7;0;0;2;6;17;A01
201500019883;0;7;0;0;2;1;1;B01
201500019884;0;33;0;0;1;1;11;A01
201500019885;0;7;0;0;0;1;13;A01
201500019886;0;33;0;0;2;1;1;B02
201500019886;0;7;0;0;0;6;19;A01
201500019887;0;7;0;16;0;9;14;A01
201500019888;0;7;0;0;2;8;15;B02
201500019888;0;33;0;0;2;1;17;A01
201500019889;0;7;0;6;0;1;16;A01
201500019890;0;33;0;14;0;1;1;A01
201500019890;0;7;0;0;0;5;0;B02
201500019891;0;7;0;0;2;2;13;A01
201500019891;0;7;0;0;2;1;1;B02
201500019892;0;7;0;0;2;5;13;A01
201500019892;0;7;0;0;2;1;1;B02
201500019893;0;7;0;0;1;6;4;A01
201500019894;0;7;0;0;0;1;1;A01
201500019895;0;7;0;0;0;1;1;A01
201500019896;0;7;0;6;0;1;1;A01
201500019897;0;10;0;0;1;5;1;A01
201500019898;0;7;0;0;2;2;1;A01
201500019898;0;7;0;0;2;1;1;B02
201500019899;0;7;0;8;0;1;19;A01
201500019900;0;7;0;4;0;8;1;A01
201500019901;0;7;0;13;0;1;14;A01
201500019902;0;14;0;0;2;7;19;A01
201500019902;0;7;0;0;2;1;1;B02
201500019903;0;14;0;0;2;2;2;A01
201500019903;0;17;0;0;2;6;1;B02
201500019904;0;14;0;13;0;7;1;A01
201500019905;0;7;0;0;2;3;1;B02
201500019905;0;14;0;0;2;8;1;A01
201500019906;0;15;0;3;0;3;6;A01
201500019907;0;10;0;0;2;6;24;B02
201500019907;0;10;0;1;1;3;1;A01
201500019908;0;7;0;3;0;1;1;A01
201500019909;0;7;0;0;2;2;1;A01
201500019909;0;7;0;0;2;3;1;B02
201500019910;0;7;0;0;0;7;19;A01
201500019910;0;7;0;0;0;1;1;B02
201500019911;0;7;0;13;0;1;1;A01
201500019912;0;7;0;13;2;4;17;A01
201500019912;0;17;0;0;2;2;21;B02
201500019913;0;7;0;0;0;1;1;A01
201500019914;0;7;0;13;0;1;14;A01
201500019915;0;7;0;13;0;1;1;A01
201500019916;0;7;0;4;0;9;17;A01
201500019917;0;7;0;3;0;3;1;A01
201500019918;0;7;0;13;0;2;17;A01
201500019919;0;7;0;4;0;2;5;A01
201500019920;0;7;0;0;2;3;9;A01
201500019920;0;7;0;0;0;7;1;B02
201500019921;0;7;0;0;2;1;2;A01
201500019921;0;7;0;0;0;4;2;B02
201500019922;0;7;0;0;2;1;1;A01
201500019922;0;10;0;0;2;1;1;B02
201500019922;0;7;0;0;2;4;1;C03
201500019922;0;7;0;0;0;4;1;D04
201500019923;0;7;0;0;2;9;1;B02
201500019923;0;7;0;0;2;2;17;A01
201500019924;0;7;0;4;0;2;1;A01
201500019925;0;7;0;7;0;9;1;A01
201500019926;0;7;0;1;0;0;2;E01
201500019926;0;7;0;0;0;0;0;D01
201500019926;0;7;0;1;0;1;2;A01
201500019926;0;7;0;3;0;8;2;B01
201500019926;0;7;0;3;0;8;2;C01
201500019927;0;17;0;0;0;0;0;C01
201500019927;0;7;0;0;2;1;0;A01
201500019928;0;17;0;3;0;8;1;A01
201500019929;0;33;0;0;0;1;0;A01
201500019930;0;7;0;0;2;3;1;B02
201500019930;0;15;0;0;0;6;11;A01
201500019931;0;17;0;0;2;1;2;A01
201500019931;0;7;0;0;2;4;2;B02
201500019932;0;7;0;0;0;9;12;A01
201500019933;0;7;0;0;2;1;2;A01
201500019933;0;7;0;0;2;4;2;B02
201500019934;0;7;0;0;2;0;1;A01
201500019934;0;7;0;0;0;0;0;B02
201500019935;0;7;0;13;0;1;17;A01
201500019936;0;7;0;1;1;1;14;A01
201500019936;0;7;0;0;2;4;24;B02
201500019937;0;14;0;10;0;2;14;A01
201500019938;0;7;0;0;2;5;2;A01
201500019939;0;7;0;0;0;1;1;A01
201500019939;0;7;0;0;0;4;1;B02
201500019940;0;33;0;4;0;7;1;A01
201500019941;0;15;0;4;0;9;1;A01
201500019942;0;21;0;0;0;8;15;B02
201500019942;0;37;25;0;0;1;17;A01
201500019943;0;7;0;0;2;1;2;A01
201500019943;0;3;0;0;2;4;2;B02
201500019944;0;7;0;0;0;4;1;A01
201500019944;0;7;0;0;0;4;1;B02
201500019944;0;7;0;0;0;4;1;C03
201500019944;0;7;0;0;2;1;1;D04
201500019945;0;10;0;0;0;4;23;A01
201500019945;0;7;0;14;2;3;21;B02
201500019946;0;14;0;0;0;0;0;A01
201500019947;0;7;0;4;2;4;1;A01
201500019947;0;7;0;0;2;1;2;B02
201500019948;0;7;0;0;2;1;0;C03
201500019948;0;7;0;3;2;4;2;B02
201500019948;0;7;0;0;9;0;2;A01
201500019949;0;7;0;0;2;1;2;A01
201500019949;0;7;0;0;0;4;0;B02
201500019950;0;33;0;3;2;1;2;A01
201500019950;0;7;0;0;0;6;0;B02
201500019951;0;7;0;0;2;4;2;B02
201500019951;0;7;0;0;0;4;0;C03
201500019951;0;10;0;0;2;1;2;A01
201500019952;0;7;0;3;0;1;13;A01
201500019952;0;7;0;0;2;1;1;B02
201500019953;0;7;0;0;2;1;17;A01
201500019953;0;7;0;0;0;4;1;B02
201500019954;0;7;0;3;0;9;1;A01
201500019955;0;7;0;8;0;1;14;A01
201500019956;0;7;0;3;0;1;1;A01
201500019957;0;33;0;0;2;6;3;A01
201500019957;0;7;0;0;0;2;1;B02
201500019958;0;7;0;3;0;2;1;A01
201500019959;0;7;0;4;0;3;11;A01
201500019960;0;7;0;4;0;1;0;A01
201500019961;0;7;0;8;0;1;1;A01
201500019962;0;7;0;0;2;3;13;A01
201500019962;0;7;0;0;0;3;1;B02
201500019963;0;15;0;6;0;3;13;A01
201500019964;0;15;0;0;2;5;2;B02
201500019964;0;7;0;0;2;1;2;A01
201500019965;0;15;0;0;2;1;14;B02
201500019965;0;7;0;0;2;1;13;A01
201500019966;0;7;0;0;2;6;1;B02
201500019966;0;7;0;0;2;2;1;A01
201500019967;0;7;0;13;0;9;17;A01
201500019968;0;7;0;0;2;1;1;A01
201500019968;0;7;0;0;2;1;11;B02
201500019969;0;7;0;0;2;6;23;C03
201500019969;0;7;0;14;2;9;13;A01
201500019969;0;15;0;0;2;3;1;B02
201500019970;0;10;0;0;1;7;1;A01
201500019971;0;7;0;0;2;4;2;A01
201500019971;0;7;0;0;2;4;2;B02
201500019971;0;7;0;0;2;4;2;C03
201500019971;0;7;0;0;2;4;2;D04
201500019971;0;7;0;0;2;1;2;E05
201500019972;0;10;0;3;0;3;1;A01
201500019973;0;7;0;3;0;3;1;A01
201500019974;0;7;0;0;2;1;1;A01
201500019974;0;7;0;0;0;4;2;B02
201500019975;0;7;0;1;1;2;21;C02
201500019975;0;7;0;0;2;6;24;B01
201500019976;0;7;0;0;0;9;1;A01
201500019977;0;7;0;0;2;1;2;A01
201500019977;0;7;0;0;2;7;1;B02
201500019978;0;7;0;0;2;1;2;A01
201500019978;0;10;0;0;2;4;2;B02
201500019979;0;7;0;1;1;5;14;D04
201500019980;0;7;0;13;0;9;21;A01
201500019981;0;7;0;3;0;3;17;A01
201500019982;0;7;0;0;2;1;1;B02
201500019982;0;7;0;3;2;6;21;C03
201500019982;0;7;0;0;2;1;2;A01
201500019982;0;17;0;0;2;4;1;D04
201500019983;0;7;0;13;0;1;14;A01
201500019984;0;7;0;13;0;9;14;A01
201500019985;0;7;0;3;0;2;14;A01
201500019986;0;7;0;1;0;1;14;A01
201500019987;0;17;0;0;2;3;1;C01
201500019987;0;7;0;0;2;8;17;B01
201500019987;0;17;0;3;2;1;6;A01
201500019987;0;10;0;0;2;1;1;D01
201500019988;0;7;0;0;2;1;1;B01
201500019988;0;7;0;1;0;2;14;A01
201500019989;0;7;0;13;0;1;1;A01
201500019990;0;7;0;0;0;0;1;A01
201500019991;0;33;0;0;0;8;1;A01
201500019992;0;7;0;0;0;9;14;A01
201500019993;0;7;0;0;0;4;23;A01
201500019993;0;7;0;0;2;1;2;B01
201500019994;0;7;0;1;0;2;2;B01
201500019994;0;7;0;0;0;6;24;A01
201500019995;0;7;0;0;1;2;21;A01
201500019996;0;3;0;0;0;4;1;A01
201500019996;0;7;0;0;0;1;2;B01
201500019997;0;7;0;0;2;6;21;A01
201500019997;0;17;0;0;2;6;9;B01
201500019998;0;21;0;3;2;6;1;A01
201500019998;0;10;0;0;2;2;21;B01
201500019999;0;7;0;13;0;9;14;A01
201500020000;0;10;0;0;0;9;1;A01
201500020000;0;14;0;0;2;9;17;B01
201500020001;0;7;0;13;0;1;1;A01
201500020002;0;7;0;9;2;1;2;A01
201500020002;0;7;0;0;0;4;2;B01
201500020003;0;7;0;0;2;3;9;A01
201500020003;0;7;0;0;2;6;23;B01
201500020004;0;7;0;0;2;3;15;A01
201500020004;0;7;0;0;2;8;1;B01
201500020005;0;32;0;0;2;1;17;B01
201500020005;0;7;0;0;2;3;15;A01
201500020006;0;2;0;16;0;1;1;A01
201500020007;0;7;0;0;2;4;9;B01
201500020007;0;7;0;;2;1;1;A01
201500020008;0;7;0;0;2;1;9;A01
201500020008;0;7;0;0;2;4;1;B01
201500020009;0;31;0;0;2;1;17;A01
201500020009;0;7;0;0;2;8;15;B01
201500020010;0;7;0;0;1;1;1;A01
201500020011;0;2;0;0;9;3;1;B01
201500020011;0;1;0;0;2;1;19;A01
201500020012;0;7;0;0;2;1;1;C01
201500020012;0;3;0;0;2;3;13;A01
201500020012;0;7;0;0;2;3;1;B01
201500020013;0;7;0;0;2;2;15;B01
201500020013;0;2;0;0;2;2;17;A01
201500020014;0;7;0;0;1;5;4;A01
201500020015;0;7;0;6;0;1;14;A01
201500020016;0;2;0;0;2;1;13;B01
201500020016;0;7;0;0;2;0;15;A01
201500020017;0;7;0;0;2;8;1;B01
201500020017;0;7;0;0;2;3;13;A01
201500020017;0;7;0;0;2;3;1;D01
201500020017;0;10;0;0;2;6;1;C01
201500020018;0;1;0;0;2;1;1;B01
201500020018;0;7;0;0;2;1;15;A01
201500020019;0;7;0;0;2;3;13;A01
201500020019;0;7;0;15;2;3;1;B01
201500020020;0;7;0;1;0;2;14;A01
201500020021;0;7;0;0;2;2;1;B01
201500020021;0;7;0;0;2;3;16;A01
201500020022;0;7;0;0;2;4;1;B01
201500020022;0;7;0;0;2;1;1;A01
201500020023;0;2;0;0;2;2;17;A01
201500020023;0;10;0;0;2;3;15;B01
201500020024;0;30;0;0;2;3;15;B01
201500020024;0;30;0;0;2;2;17;A01
201500020025;0;7;0;0;2;1;1;B01
201500020025;0;7;0;0;2;8;19;A01
201500020026;0;7;0;0;1;1;1;A01
201500020027;0;15;0;0;2;1;1;A01
201500020027;0;10;0;15;0;4;15;B01
201500020028;0;7;0;0;2;2;1;B01
201500020028;0;33;0;0;2;1;13;A01
201500020029;0;1;0;0;2;9;1;B01
201500020029;0;7;0;0;9;1;16;A01
201500020030;0;7;0;0;2;3;1;B01
201500020030;0;30;0;0;2;1;1;A01
201500020031;0;7;0;0;2;3;13;A01
201500020031;0;7;0;0;2;1;1;B01
201500020031;0;7;0;13;2;3;1;D01
201500020031;0;7;0;0;2;4;2;C01
201500020032;0;7;0;0;0;4;1;B01
201500020032;0;7;0;0;2;2;2;A01
201500020033;0;2;0;0;2;1;1;B01
201500020033;0;7;0;0;2;7;15;A01
201500020034;0;7;0;0;2;3;15;A01
201500020034;0;2;0;0;2;8;1;B01
201500020035;0;7;0;0;1;1;1;A01
201500020036;0;33;0;0;2;1;17;A01
201500020036;0;7;0;0;2;8;15;B01
201500020037;0;7;0;8;0;1;16;A01
201500020038;0;7;0;0;1;2;1;A01
201500020039;0;7;0;0;1;2;1;A01
201500020040;0;7;0;0;2;8;1;B01
201500020040;0;7;0;0;2;1;1;A01
201500020041;0;1;0;16;0;7;1;A01
201500020042;0;7;0;0;2;5;1;B02
201500020042;0;7;0;0;2;7;5;A01
201500020043;0;7;0;0;2;8;1;A01
201500020043;0;7;0;0;2;1;2;B02
201500020044;0;33;0;0;2;1;1;A01
201500020044;0;7;0;0;2;2;1;B02
201500020045;0;7;0;13;0;1;1;A01
201500020046;0;7;0;0;1;4;4;A01
201500020047;0;30;0;0;2;1;2;A01
201500020047;0;7;0;0;2;4;2;B02
201500020048;0;31;0;0;0;1;1;B02
201500020048;0;10;0;0;2;3;15;A01
201500020049;0;33;0;0;0;0;0;A01
201500020050;0;7;0;8;0;1;1;A01
201500020051;0;7;0;0;0;9;13;A01
201500020052;0;31;0;2;0;1;2;A01
201500020053;0;7;0;0;0;1;14;A01
201500020053;0;1;0;0;2;1;1;B02
201500020054;0;33;0;0;6;7;1;A01
201500020055;0;7;0;0;2;7;15;A01
201500020055;0;30;0;0;2;1;1;B02
201500020056;0;7;0;0;2;2;2;B02
201500020056;0;1;0;0;2;4;2;A01