num_acc;senc;catv;occutc;obs;obsm;choc;manv;num_veh
201500020057;0;7;0;0;0;3;13;A01
201500020058;0;30;0;0;2;8;1;B02
201500020058;0;21;0;0;2;3;15;A01
201500020059;0;7;0;0;1;3;1;A01
201500020060;0;7;0;0;2;1;1;B02
201500020060;0;7;0;2;2;1;14;A01
201500020061;0;7;0;0;2;3;1;B02
201500020061;0;10;0;0;2;0;1;A01
201500020062;0;10;0;0;1;3;1;A01
201500020063;0;7;0;0;1;1;1;B01
201500020064;0;33;0;0;0;9;1;A01
201500020065;0;33;0;0;1;1;17;A01
201500020066;0;7;0;0;2;3;2;C03
201500020066;0;7;0;0;0;3;1;B02
201500020066;0;7;0;0;0;2;13;A01
201500020067;0;7;0;0;2;2;15;B02
201500020067;0;1;0;0;2;7;1;A01
201500020068;0;7;0;0;0;2;1;A01
201500020069;0;1;0;0;2;8;1;B02
201500020069;0;7;0;0;2;3;15;A01
201500020070;0;7;0;0;1;3;1;A01
201500020071;0;10;0;0;2;3;1;A01
201500020071;0;1;0;0;2;1;1;B02
201500020072;0;7;0;0;0;3;0;C03
201500020072;0;30;0;0;0;3;0;A01
201500020072;0;7;0;0;0;2;0;B02
201500020073;0;7;0;0;2;1;1;B02
201500020073;0;2;0;0;2;1;11;A01
201500020074;0;30;0;0;2;1;1;B02
201500020074;0;1;0;0;2;8;15;A01
201500020075;0;1;0;16;0;1;1;A01
201500020076;0;1;0;0;2;8;1;B02
201500020076;1;13;0;0;9;7;17;A01
201500020077;0;7;0;0;2;7;16;A01
201500020077;0;33;0;0;2;1;1;B02
201500020078;0;7;0;0;0;3;0;B02
201500020078;0;7;0;0;0;3;0;A01
201500020079;0;32;0;0;2;1;5;B02
201500020079;0;7;0;0;2;1;5;A01
201500020080;0;7;0;0;1;2;0;A01
201500020081;0;7;0;0;0;9;17;A01
201500020082;0;7;0;0;1;2;1;A01
201500020083;0;10;0;0;0;9;1;A01
201500020084;0;17;0;0;2;2;1;B02
201500020084;0;7;0;0;2;2;13;A01
201500020085;0;7;0;0;2;2;1;B02
201500020085;0;7;0;0;2;3;15;A01
201500020086;0;31;0;7;0;1;1;A01
201500020087;0;33;0;0;2;9;1;B02
201500020087;0;17;0;0;2;3;16;A01
201500020088;0;31;0;0;0;0;0;A01
201500020089;0;7;0;0;2;4;9;A01
201500020089;0;7;0;0;2;1;2;B02
201500020090;0;7;0;0;2;7;15;B02
201500020090;0;33;0;0;2;1;1;A01
201500020091;0;10;0;0;2;3;13;A01
201500020091;0;7;0;0;2;8;1;B02
201500020092;0;7;0;0;2;5;24;C03
201500020092;0;36;0;1;2;1;5;A01
201500020092;0;7;0;0;2;1;1;B02
201500020093;0;7;0;0;0;9;1;A01
201500020094;0;7;0;0;2;2;15;A01
201500020094;0;10;0;0;2;1;1;B01
201500020095;0;7;0;1;0;1;1;A01
201500020096;0;7;0;0;2;3;15;B01
201500020096;0;7;0;0;2;2;9;A01
201500020097;0;7;0;0;1;1;1;A01
201500020098;0;10;0;0;1;3;1;A01
201500020099;0;30;0;0;1;1;17;A01
201500020100;0;7;0;0;1;7;1;A01
201500020101;0;7;0;0;2;4;23;B01
201500020101;0;7;0;0;2;1;2;A01
201500020102;0;7;0;9;0;1;1;A01
201500020103;0;7;0;0;1;2;14;A01
201500020104;0;7;0;0;2;4;23;B01
201500020104;0;7;0;0;2;1;2;A01
201500020105;0;7;0;0;1;1;1;A01
201500020106;0;7;0;0;2;4;23;B01
201500020106;0;7;0;0;2;1;1;A01
201500020107;0;7;0;0;1;4;4;A01
201500020108;0;7;0;0;2;1;1;B01
201500020108;0;7;0;2;2;1;1;A01
201500020109;0;7;0;0;1;2;1;A01
201500020110;0;7;0;0;2;1;1;A01
201500020110;0;7;0;0;2;8;1;B01
201500020111;0;7;0;0;2;4;2;C01
201500020111;0;7;0;0;2;1;2;A01
201500020111;0;7;0;0;2;4;2;B01
201500020112;0;7;0;0;2;1;2;A01
201500020112;0;7;0;0;2;4;23;B01
201500020113;0;7;0;3;0;1;1;A01
201500020114;0;2;0;12;0;0;1;A01
201500020115;0;2;0;12;0;1;1;A01
201500020116;0;2;0;1;0;1;1;A01
201500020117;0;2;0;0;2;1;9;A01
201500020117;0;7;0;0;2;2;1;B01
201500020118;0;2;0;1;0;1;1;A01
201500020119;0;7;0;0;1;0;1;A01
201500020120;0;7;0;15;0;1;1;A01
201500020121;0;7;0;0;2;1;1;B01
201500020121;0;30;0;0;2;1;19;A01
201500020122;0;7;0;0;2;1;1;A01
201500020122;0;33;0;0;2;8;1;B01
201500020123;0;7;0;0;1;4;4;A01
201500020124;0;7;0;0;2;3;1;B01
201500020124;0;35;0;0;2;1;9;A01
201500020125;0;31;0;0;2;1;1;A01
201500020125;0;7;0;0;2;4;1;B01
201500020126;0;2;0;0;2;1;1;A01
201500020126;0;7;0;0;2;7;20;B01
201500020127;0;7;0;6;0;1;0;A01
201500020128;0;33;0;0;2;1;17;B01
201500020128;0;10;0;0;2;3;15;A01
201500020129;0;10;0;6;0;1;1;A01
201500020130;1;7;0;0;1;2;1;Z01
201500020131;0;7;0;0;2;4;1;B01
201500020131;0;7;0;0;2;1;1;A01
201500020132;0;7;0;0;2;4;2;B01
201500020132;0;7;0;0;2;4;2;C01
201500020132;0;7;0;0;2;1;2;A01
201500020133;0;30;0;0;2;1;17;A01
201500020133;0;7;0;0;2;1;1;B01
201500020134;0;7;0;0;1;0;0;A01
201500020135;0;2;0;0;2;1;1;B01
201500020135;0;7;0;0;2;1;15;A01
201500020136;0;33;0;0;2;4;23;C01
201500020136;0;7;0;0;2;4;23;B01
201500020136;0;7;0;0;2;1;1;A01
201500020137;0;7;0;1;0;1;1;A01
201500020138;0;7;0;0;2;4;23;C01
201500020138;0;7;0;0;2;4;23;B01
201500020138;0;7;0;0;2;1;2;A01
201500020139;0;7;0;0;2;4;2;B01
201500020139;0;7;0;0;2;1;2;A01
201500020140;0;7;0;0;2;7;15;A01
201500020140;0;7;0;0;2;1;1;B01
201500020141;0;7;0;10;0;1;1;A01
201500020142;0;7;0;0;2;1;2;A01
201500020142;0;7;0;0;2;4;2;B01
201500020143;0;30;0;0;1;2;1;A01
201500020144;0;7;0;0;2;6;9;A01
201500020144;0;30;0;0;2;1;1;B01
201500020145;0;99;0;0;2;3;9;A01
201500020145;0;30;0;0;2;1;1;B01
201500020146;0;7;0;0;2;2;15;A01
201500020146;0;7;0;0;2;1;1;B01
201500020147;0;7;0;0;1;1;1;A01
201500020148;0;7;0;0;2;6;15;A01
201500020148;0;33;0;0;2;1;15;B01
201500020149;0;32;0;0;0;0;1;A01
201500020150;0;7;0;0;2;1;9;A01
201500020150;0;7;0;0;2;8;0;B01
201500020151;0;1;0;0;2;8;1;B01
201500020151;0;7;0;0;2;3;9;A01
201500020152;0;31;0;0;2;1;1;B01
201500020152;0;7;0;0;2;7;15;A01
201500020153;0;7;0;0;1;1;16;A01
201500020154;0;32;0;2;0;1;0;A01
201500020155;0;7;0;0;2;1;23;B01
201500020155;0;7;0;0;2;3;16;A01
201500020156;0;31;0;0;0;0;0;A01
201500020157;0;7;0;0;2;1;2;A01
201500020157;0;33;0;0;2;4;23;B01
201500020158;0;30;0;0;0;0;0;A01
201500020159;0;7;0;7;0;1;1;A01
201500020160;0;7;0;0;2;6;15;A01
201500020160;0;7;0;0;2;1;1;B01
201500020161;0;7;0;0;2;4;2;B01
201500020161;0;7;0;0;2;1;2;A01
201500020162;0;7;0;0;2;2;1;B01
201500020162;0;1;0;0;2;1;9;A01
201500020163;0;7;0;0;2;1;1;B01
201500020163;0;7;0;0;2;1;13;A01
201500020164;0;14;0;0;2;1;2;A01
201500020164;0;7;0;0;2;4;23;B01
201500020165;0;33;0;1;2;1;17;A01
201500020165;0;7;0;0;2;3;15;B01
201500020166;1;1;0;0;0;0;0;Z01
201500020166;0;32;0;0;2;7;17;B01
201500020167;0;2;0;0;2;1;17;B01
201500020167;0;7;0;0;2;1;19;A01
201500020168;0;1;0;0;2;1;1;B01
201500020168;0;7;0;0;2;1;15;A01
201500020169;1;7;0;0;2;1;19;A01
201500020169;0;33;0;0;2;1;1;B01
201500020170;0;7;0;0;2;1;1;B01
201500020170;0;7;0;0;2;2;15;A01
201500020171;0;1;0;0;2;1;1;B01
201500020171;0;7;0;0;2;8;9;A01
201500020172;0;10;0;0;2;3;9;B01
201500020172;0;2;0;0;2;1;17;A01
201500020173;0;7;0;0;1;1;1;A01
201500020174;0;7;0;0;2;1;2;A01
201500020174;0;7;0;0;2;4;23;B01
201500020175;0;7;0;0;2;1;13;A01
201500020175;0;7;0;6;2;7;9;B01
201500020176;0;7;0;0;2;1;2;A01
201500020176;0;7;0;0;2;4;23;B01
201500020177;0;7;0;0;1;0;1;A01
201500020178;0;34;0;0;2;1;2;B01
201500020178;0;7;0;0;2;3;9;A01
201500020179;0;2;0;0;2;1;2;A01
201500020179;0;2;0;0;2;4;1;B01
201500020180;0;2;0;0;0;1;1;A01
201500020181;0;7;0;0;1;1;1;A01
201500020182;0;2;0;0;2;1;1;B01
201500020182;0;7;0;0;2;3;9;A01
201500020183;0;31;0;0;0;1;1;A01
201500020184;0;7;0;0;1;7;0;A01
201500020185;0;7;0;0;2;3;0;A01
201500020185;0;1;0;0;2;1;1;B01
201500020186;0;7;0;7;0;7;1;A01
201500020187;0;7;0;0;2;3;1;B01
201500020187;0;2;0;0;2;1;9;A01
201500020188;0;2;0;0;2;1;2;A01
201500020188;0;7;0;0;2;6;0;B01
201500020189;0;7;0;0;2;1;1;A01
201500020189;0;7;0;0;2;4;1;B01
201500020190;0;31;0;0;2;1;1;B01
201500020190;0;7;0;0;2;3;9;A01
201500020191;0;7;0;0;2;8;15;A01
201500020191;0;2;0;0;2;1;17;B01
201500020192;0;30;0;0;0;0;1;A01
201500020193;0;10;0;0;2;4;1;B01
201500020193;0;7;0;0;2;1;1;A01
201500020194;0;7;0;0;2;2;2;A01
201500020194;0;1;0;0;2;4;3;B01
201500020195;2;3;0;0;1;1;1;A01
201500020196;0;7;0;11;0;9;1;A01
201500020197;0;30;0;0;2;1;1;B01
201500020197;0;7;0;0;2;3;15;A01
201500020198;0;7;0;0;2;7;9;A01
201500020198;0;30;0;0;2;1;1;B01
201500020199;0;7;0;0;1;8;1;A01
201500020200;0;1;0;0;2;4;1;B01
201500020200;0;7;0;0;2;1;0;A01
201500020201;0;7;0;0;1;1;1;A01
201500020202;0;7;0;0;1;4;4;A01
201500020203;0;30;0;0;2;9;1;A01
201500020203;0;7;0;0;2;1;1;B01
201500020204;0;7;0;0;2;1;1;A01
201500020204;0;7;0;0;2;4;2;B01
201500020205;0;7;0;0;2;1;1;B01
201500020205;0;7;0;0;2;1;15;A01
201500020206;0;7;0;0;1;0;15;A01
201500020207;0;7;0;0;2;7;0;B01
201500020207;0;7;0;0;2;1;9;A01
201500020208;0;10;0;0;1;1;1;A01
201500020209;0;7;0;0;2;2;1;B01
201500020209;0;7;0;0;2;1;9;A01
201500020210;0;1;0;0;2;1;2;B01
201500020210;1;10;0;0;2;4;4;Z01
201500020211;0;2;0;0;2;1;17;A01
201500020211;0;7;0;0;2;8;15;B01
201500020212;0;7;0;0;2;1;1;A01
201500020212;0;7;0;0;2;4;1;B01
201500020213;0;30;0;0;2;1;1;A01
201500020213;0;7;0;0;2;4;1;B01
201500020214;0;30;0;0;2;1;17;A01
201500020214;0;7;0;0;2;8;15;B01
201500020215;0;7;0;0;2;5;2;B01
201500020215;0;2;0;0;2;1;2;A01
201500020216;0;1;0;0;2;1;1;B01
201500020216;0;7;0;0;2;7;15;A01
201500020217;0;33;0;0;2;8;17;B02
201500020217;0;7;0;0;2;6;2;C03
201500020217;0;7;0;0;2;1;16;A01
201500020218;0;7;0;0;2;1;0;B02
201500020218;0;7;0;0;2;1;13;A01
201500020219;0;7;0;0;2;7;15;A01
201500020219;0;2;0;0;2;8;1;B02
201500020220;0;14;0;4;2;5;23;A01
201500020220;0;17;0;1;0;3;13;B02
201500020221;0;30;0;0;2;1;1;A01
201500020221;0;7;0;0;2;7;15;B02
201500020222;0;7;0;2;0;3;1;A01
201500020223;0;31;0;0;0;0;1;A01
201500020223;0;31;0;0;0;0;1;B02
201500020224;0;31;0;0;0;0;1;A01
201500020225;0;7;0;0;2;4;1;A01
201500020225;0;7;0;0;2;1;1;B02
201500020226;0;33;0;0;2;8;0;B02
201500020226;0;33;0;0;2;4;0;D04
201500020226;0;33;0;0;2;1;0;C03
201500020226;0;33;0;0;2;7;13;A01
201500020227;0;10;0;2;0;2;1;A01
201500020228;0;1;0;0;2;1;1;B02
201500020228;0;7;0;0;0;4;1;A01
201500020229;0;33;0;0;1;1;1;B02
201500020229;0;7;0;0;2;3;9;A01
201500020230;0;7;0;0;1;3;1;A01
201500020231;0;7;0;0;2;1;1;A01
201500020231;0;2;0;0;2;7;1;B01
201500020232;0;7;0;1;0;1;14;A01
201500020233;0;99;0;8;0;7;1;A01
201500020234;0;7;0;0;1;1;21;A01
201500020235;0;7;0;0;6;4;1;A01
201500020235;0;33;0;14;6;1;1;B01
201500020236;1;14;0;0;1;1;1;A01
201500020237;0;7;0;0;1;1;2;A01
201500020238;0;7;0;0;1;1;0;A01
201500020239;0;7;0;0;1;2;21;A01
201500020240;0;7;0;0;2;1;1;B01
201500020240;0;7;0;0;2;8;1;A01
201500020241;0;7;0;3;2;3;13;A01
201500020241;0;7;0;0;2;3;1;B01
201500020242;0;7;0;0;2;3;2;A01
201500020242;0;7;0;9;0;6;15;B01
201500020243;0;7;0;0;2;1;13;A01
201500020243;0;7;0;0;2;3;1;B01
201500020244;0;10;0;0;2;1;2;A01
201500020244;0;7;0;0;2;1;16;B01
201500020245;0;30;0;0;2;1;1;A01
201500020245;0;7;0;0;2;1;15;B01
201500020246;0;1;0;1;0;7;5;A01
201500020247;0;7;0;0;2;1;1;A01
201500020247;0;7;0;0;2;7;1;B01
201500020248;0;7;0;0;0;1;0;A01
201500020249;0;2;0;1;0;1;1;B01
201500020250;0;10;0;0;1;3;1;A01
201500020251;0;33;0;16;0;1;1;A01
201500020252;0;2;0;0;0;1;1;A01
201500020253;0;7;0;0;2;2;1;A01
201500020253;0;7;0;0;2;1;15;B02
201500020254;0;7;0;0;2;3;15;A01
201500020254;0;33;0;0;2;3;1;B02
201500020255;0;2;0;0;2;3;1;A01
201500020255;0;7;0;0;2;3;15;B02
201500020256;0;7;0;0;2;1;1;B01
201500020256;0;7;0;0;2;1;19;A01
201500020257;0;7;0;0;1;2;11;A01
201500020258;0;1;0;0;2;0;0;A01
201500020258;0;7;0;0;2;1;1;B01
201500020259;0;7;0;9;0;1;1;A01
201500020260;0;7;0;0;2;1;1;B01
201500020260;0;7;0;4;2;8;19;A01
201500020261;0;10;0;0;1;1;1;A01
201500020262;0;33;0;0;2;7;1;B01
201500020262;0;7;0;0;2;8;0;A01
201500020263;0;33;0;0;2;7;1;B01
201500020263;0;7;0;0;2;3;19;A01
201500020264;0;7;0;0;2;1;19;A01
201500020264;0;7;0;0;2;2;1;B01
201500020264;0;7;0;0;2;3;1;C01
201500020265;0;7;0;0;2;6;17;A01
201500020265;0;1;0;0;2;3;16;B01
201500020266;1;7;0;0;2;5;17;A01
201500020266;0;2;0;0;2;3;0;B01
201500020267;0;2;0;0;1;1;15;A01
201500020268;0;7;0;0;2;1;9;A01
201500020268;0;7;0;0;2;7;1;B01
201500020269;0;7;0;0;1;1;15;A01
201500020270;0;7;0;0;1;1;1;A01
201500020271;0;7;0;0;1;1;2;A01
201500020272;0;7;0;0;1;2;1;A01
201500020273;0;7;0;0;9;1;1;A01
201500020273;0;20;0;0;2;7;0;B01
201500020274;0;10;0;0;2;3;19;A01
201500020274;0;7;0;0;2;2;1;B01
201500020275;0;7;0;0;1;2;2;A01
201500020276;0;7;0;0;1;2;1;A01
201500020277;0;7;0;0;2;3;15;A01
201500020277;0;7;0;1;2;2;1;B01
201500020278;0;7;0;4;2;4;1;B01
201500020278;1;7;0;0;2;1;2;Z01
201500020279;0;7;0;8;0;7;1;A01
201500020280;0;33;0;0;2;1;1;B01
201500020280;0;7;0;0;2;3;15;A01
201500020281;0;10;0;0;2;3;16;A01
201500020281;0;1;0;0;2;1;1;B01
201500020282;0;7;0;0;2;3;15;B01
201500020282;0;30;0;0;2;2;1;A01
201500020283;0;33;0;0;2;1;1;B01
201500020283;0;7;0;0;2;2;15;A01
201500020284;0;7;0;0;2;2;15;A01
201500020284;0;33;0;0;2;1;1;B01
201500020285;0;7;0;0;4;8;15;A01
201500020285;0;40;0;0;2;1;1;B01
201500020286;0;2;0;0;2;1;1;A01
201500020286;0;7;0;0;2;7;1;B01
201500020287;0;7;0;0;1;1;1;A01
201500020288;0;7;0;0;1;1;1;A01
201500020289;0;33;0;0;2;0;0;B01
201500020289;0;7;0;0;2;0;0;A01
201500020290;0;33;0;0;2;1;1;A01
201500020290;0;7;0;0;2;0;0;B01
201500020291;0;37;0;0;2;2;15;A01
201500020291;0;32;0;0;2;1;1;B01
201500020292;0;1;0;0;0;0;0;A01
201500020293;0;33;0;0;1;1;1;A01
201500020294;0;7;0;0;2;0;0;A01
201500020294;0;1;0;0;0;0;0;B01
201500020295;0;30;0;0;1;1;1;A01
201500020296;0;7;0;0;2;3;1;B01
201500020296;0;30;0;0;2;2;1;A01
201500020297;0;37;10;0;1;0;0;A01
201500020298;0;7;0;0;2;0;0;A01
201500020298;0;30;0;0;2;0;0;B01
201500020299;0;7;0;0;2;8;1;B01
201500020299;0;2;0;0;2;1;1;A01
201500020300;0;7;0;0;2;3;15;A01
201500020300;0;33;0;0;2;1;1;B01
201500020301;0;33;0;11;2;2;1;A01
201500020301;0;1;0;0;2;6;13;B01
201500020302;0;7;0;0;2;1;1;A01
201500020302;0;1;0;0;2;0;0;B01
201500020303;0;2;0;0;2;1;1;A01
201500020303;0;7;0;0;2;6;1;B01
201500020304;0;7;0;0;2;1;0;A01
201500020304;0;7;0;0;2;6;0;B01
201500020304;0;7;0;0;2;1;0;C01
201500020305;0;7;0;6;0;1;0;A01
201500020306;0;7;0;0;1;1;1;A01
201500020307;0;7;0;0;1;1;1;A01
201500020308;1;99;0;0;1;0;0;Z01
201500020309;0;33;0;0;0;0;0;B01
201500020309;0;33;0;0;2;0;0;A01
201500020310;2;7;0;6;0;1;0;A01
201500020311;0;7;0;0;2;7;23;C01
201500020311;2;7;0;0;2;1;1;A01
201500020311;0;7;0;0;2;4;23;B01
201500020312;0;7;0;0;1;2;0;A01
201500020313;0;7;0;0;2;0;0;B01
201500020313;0;30;0;0;2;2;0;A01
201500020314;0;33;0;6;2;0;0;A01
201500020314;0;7;0;0;2;0;0;B01
201500020315;0;31;0;0;2;7;1;B01
201500020315;1;7;0;0;2;1;1;Z01
201500020316;0;7;0;0;0;7;1;A01
201500020316;0;1;0;0;2;8;0;B01
201500020317;0;2;0;0;2;1;15;A01
201500020317;0;7;0;0;2;3;1;B01
201500020318;1;7;0;0;1;0;0;A01
201500020319;0;33;0;0;2;0;0;B01
201500020319;0;7;0;0;2;1;15;A01
201500020320;0;7;0;0;2;1;1;A01
201500020320;0;7;0;3;2;8;13;B01
201500020321;0;7;0;11;1;2;1;A01
201500020322;0;2;0;0;2;1;1;B01
201500020322;0;7;0;0;2;1;15;A01
201500020323;0;7;0;0;2;1;1;B01
201500020323;0;7;0;0;2;1;1;A01
201500020324;0;7;0;0;0;8;19;A01
201500020324;0;7;0;0;0;1;1;B02
201500020325;0;7;0;0;2;3;0;B02
201500020325;0;7;0;0;2;3;0;A01
201500020326;0;33;0;13;0;7;14;A01
201500020327;0;7;0;13;6;1;21;A01
201500020328;0;31;0;0;2;6;15;B02
201500020328;0;33;0;0;2;1;1;A01
201500020329;0;32;0;0;0;2;1;A01
201500020330;0;36;0;6;0;1;1;A01
201500020331;0;7;0;0;0;2;1;A01
201500020331;0;7;0;0;0;3;1;B02
201500020332;0;7;0;0;2;1;1;A01
201500020332;0;7;0;0;0;4;23;B02
201500020333;0;7;0;8;0;1;1;A01
201500020334;0;3;0;0;2;1;2;A01
201500020334;0;7;0;0;0;4;2;B01
201500020335;0;14;0;13;0;1;1;A01
201500020336;0;10;0;0;2;2;15;A01
201500020336;0;7;0;0;2;1;1;B01
201500020337;0;7;0;0;0;2;14;A01
201500020338;0;7;0;0;2;1;2;A01
201500020338;0;7;0;0;2;4;2;B01
201500020338;0;7;0;0;2;1;2;C01
201500020339;0;33;0;0;0;1;0;A01
201500020340;0;33;0;0;2;3;17;A01
201500020340;0;7;0;0;0;3;15;B01
201500020341;0;7;0;0;0;0;10;A01
201500020341;0;7;0;13;0;0;21;B01
201500020342;0;30;0;15;0;6;18;A01
201500020343;0;7;0;0;2;8;1;A01
201500020343;0;2;0;0;2;8;1;B01
201500020344;0;7;0;8;0;2;15;A01
201500020344;1;2;0;0;0;0;5;Z01
201500020345;0;31;0;0;1;1;1;A01
201500020346;0;38;1;0;2;1;1;A01
201500020346;0;7;0;0;2;4;23;B01
201500020347;0;10;0;0;2;5;2;A01
201500020347;0;1;0;0;2;8;2;B01
201500020348;0;7;0;0;0;9;0;A01
201500020349;0;7;0;0;2;2;15;A01
201500020349;0;30;0;0;2;0;1;B01
201500020350;0;7;0;0;9;2;16;A01
201500020350;0;1;0;0;2;1;19;B01
201500020351;0;33;0;0;2;2;0;A01
201500020351;0;7;0;0;0;6;0;B01
201500020352;0;7;0;0;2;3;13;A01
201500020352;0;7;0;0;2;8;1;B01
201500020353;0;7;0;15;0;1;1;A01
201500020354;0;7;0;0;2;2;1;A01
201500020354;0;1;0;0;0;1;1;B01
201500020355;0;7;0;0;2;7;15;A01
201500020355;0;7;0;0;2;3;1;B01
201500020356;0;10;0;0;0;1;15;A01
201500020356;0;2;0;0;0;0;0;B01
201500020357;0;1;0;0;0;0;0;A01
201500020358;0;7;0;1;0;4;6;A01
201500020359;0;7;0;0;1;2;1;A01
201500020360;0;7;0;0;1;1;1;A01
201500020361;0;7;0;0;1;1;1;A01
201500020362;0;7;0;0;2;1;11;A01
201500020362;0;7;0;0;2;1;1;B01
201500020362;0;7;0;1;0;1;1;C01
201500020363;0;7;0;13;0;0;1;A01
201500020364;0;7;0;0;2;7;15;A01
201500020364;0;30;0;0;2;0;0;B01
201500020365;0;7;0;0;2;3;9;A01
201500020365;0;7;0;0;2;3;1;B01
201500020366;0;7;0;13;0;7;14;A01
201500020367;0;7;0;0;1;2;1;A01
201500020368;0;10;0;0;2;7;0;B01
201500020368;0;7;0;0;2;2;1;A01
201500020369;0;7;0;7;0;1;14;A01
201500020370;0;7;0;3;2;1;14;A01
201500020370;0;7;0;0;2;7;0;B01
201500020371;0;7;0;0;1;7;1;A01
201500020372;0;7;0;0;2;7;9;A01
201500020372;0;1;0;0;2;8;9;B01
201500020373;0;7;0;0;1;1;1;A01
201500020374;0;7;0;6;0;1;0;B01
201500020374;1;7;0;0;0;0;0;Z01
201500020375;0;33;0;0;0;1;1;A01
201500020376;0;7;0;0;2;5;15;A01
201500020376;0;2;0;0;2;2;1;B01
201500020377;0;7;0;0;2;3;16;A01
201500020377;0;1;0;0;2;1;19;B01
201500020378;0;7;0;0;1;4;20;A01
201500020379;0;7;0;0;2;3;9;A01
201500020379;0;2;0;0;2;1;17;B01
201500020380;0;10;0;0;2;3;9;A01
201500020380;0;7;0;0;2;7;1;B01
201500020381;0;7;0;0;1;2;1;A01
201500020382;0;7;0;0;2;1;9;B01
201500020382;0;7;0;0;2;1;15;A01
201500020383;0;2;0;0;2;1;1;A01
201500020383;0;7;0;0;0;4;15;B01
201500020384;0;7;0;0;2;1;1;A01
201500020384;0;7;0;0;0;4;1;B01
201500020385;0;7;0;0;1;6;4;A01
201500020386;0;7;0;0;2;8;10;A01
201500020386;0;33;0;0;2;1;1;B01
201500020387;0;7;0;0;1;2;1;A01
201500020388;0;33;0;3;0;0;1;A01
201500020389;0;7;0;0;0;3;13;A01
201500020389;0;17;0;0;2;3;1;B01
201500020390;0;7;0;0;2;1;2;A01
201500020390;0;7;0;0;2;4;2;B01
201500020391;0;7;0;0;2;2;1;A01
201500020391;0;7;0;0;2;2;1;B01
201500020392;0;7;0;0;0;0;0;A01
201500020393;0;7;0;0;2;4;2;A01
201500020393;0;7;0;0;2;4;2;B01
201500020393;0;7;0;0;2;3;0;C01
201500020393;0;7;0;0;0;0;0;D01
201500020394;0;7;0;0;2;1;13;A01
201500020394;0;7;0;12;2;8;1;B01
201500020395;0;2;0;1;0;2;14;A01
201500020396;0;7;0;0;1;3;0;A01
201500020397;0;32;0;0;2;7;1;B01
201500020397;1;7;0;0;2;0;0;Z01
201500020398;0;7;0;0;2;5;1;B01
201500020398;0;7;0;0;2;2;0;A01
201500020399;0;33;0;0;2;0;0;B01
201500020399;0;2;0;0;2;0;0;A01
201500020400;0;7;0;11;0;1;0;A01
201500020401;0;7;0;1;2;1;1;A01
201500020401;0;7;0;0;0;4;23;B01
201500020402;0;30;0;0;2;8;1;A01
201500020402;0;7;0;0;2;7;17;B01
201500020403;0;7;0;4;0;0;0;A01
201500020404;0;2;0;0;2;1;1;A01
201500020404;0;7;0;0;0;5;0;B01
201500020405;0;7;0;0;2;3;2;A01
201500020405;0;7;0;0;2;5;2;B01
201500020406;0;37;41;0;2;2;1;A01
201500020406;0;7;0;0;2;3;15;B01
201500020407;0;3;0;1;0;2;14;A01
201500020408;0;7;0;8;2;3;1;B01
201500020408;0;7;0;0;2;1;1;A01
201500020409;0;7;0;0;2;1;15;A01
201500020409;0;33;0;0;2;8;1;B01
201500020410;0;1;0;15;0;0;1;A01
201500020411;0;7;0;16;2;1;19;A01
201500020411;0;7;0;0;2;3;1;B01
201500020412;0;7;0;0;2;1;13;A01
201500020412;0;7;0;0;2;1;1;B01
201500020413;0;33;0;0;2;5;1;B01
201500020413;0;30;0;0;2;1;16;A01
201500020414;0;7;0;0;2;4;2;A01
201500020414;0;7;0;0;2;1;2;B01
201500020414;0;7;0;0;2;1;2;C01
201500020414;0;7;0;0;2;1;2;D01
201500020414;0;7;0;0;2;1;2;E01
201500020414;0;7;0;0;2;1;2;F02
201500020415;0;7;0;0;2;1;1;A01
201500020415;0;7;0;0;0;4;1;B01
201500020416;0;30;0;0;1;1;17;A01
201500020417;0;7;0;0;2;3;0;A01
201500020417;0;7;0;0;2;3;15;B01
201500020418;0;7;0;3;0;1;0;A01
201500020419;0;30;0;0;2;1;1;B01
201500020419;0;7;0;0;2;8;9;A01
201500020420;0;7;0;0;1;2;1;A01
201500020421;0;7;0;2;0;0;1;A01
201500020422;0;7;0;0;2;3;2;A01
201500020422;0;7;0;14;0;3;2;B01
201500020423;0;7;0;0;2;2;2;A01
201500020423;0;7;0;0;2;6;1;B01
201500020424;0;7;0;0;0;0;15;A01
201500020424;0;33;0;0;0;0;1;B01
201500020425;0;30;0;12;0;0;1;A01
201500020426;1;10;0;0;2;0;14;A01
201500020426;0;1;0;0;2;1;1;B01
201500020427;0;7;0;6;0;1;16;A01
201500020428;0;7;0;0;2;3;15;A01
201500020428;0;7;0;0;2;3;1;B01
201500020429;0;7;0;13;0;8;1;A01
201500020430;0;2;0;0;2;1;5;A01
201500020430;0;7;0;0;2;3;1;B01
201500020430;0;2;0;0;2;1;2;C01
201500020430;0;2;0;0;2;1;2;D01
201500020431;0;7;0;0;2;1;13;A01
201500020431;0;7;0;0;2;1;1;B01
201500020432;0;7;0;6;0;4;4;A01
201500020433;0;30;0;0;0;1;1;A01
201500020434;0;7;0;0;2;1;13;A01
201500020434;0;10;0;0;2;3;1;B01
201500020435;0;7;0;0;2;3;19;A01
201500020435;0;37;3;0;2;3;1;B01
201500020436;0;7;0;1;0;1;20;A01
201500020436;0;7;0;0;2;1;0;B01
201500020437;0;2;0;0;2;8;0;A01