num_acc;senc;catv;occutc;obs;obsm;choc;manv;num_veh
201500020438;0;7;0;3;0;1;1;A01
201500020439;0;7;0;0;2;1;1;A01
201500020439;0;1;0;0;2;7;15;B01
201500020440;0;7;0;0;2;3;2;A01
201500020440;0;7;0;0;2;3;2;B01
201500020440;0;7;0;0;2;3;2;C01
201500020441;0;7;0;0;2;4;2;A01
201500020441;1;7;0;0;2;1;2;B01
201500020442;0;7;0;0;2;3;0;A01
201500020442;0;7;0;0;2;3;0;B01
201500020442;0;7;0;1;0;0;0;C01
201500020443;0;33;0;0;2;1;0;A01
201500020443;0;7;0;0;0;0;0;B01
201500020444;0;7;0;0;1;3;1;A01
201500020445;0;30;0;0;2;1;17;A01
201500020445;0;7;0;0;2;6;0;B01
201500020445;0;7;0;0;2;3;1;C01
201500020446;0;7;0;0;1;8;1;A01
201500020447;0;1;0;0;1;1;1;A01
201500020448;0;7;0;0;2;3;13;A01
201500020448;0;7;0;0;2;3;1;B01
201500020449;0;7;0;8;0;1;1;A01
201500020450;0;7;0;0;1;7;1;A01
201500020451;0;30;0;0;1;1;0;A01
201500020452;0;7;0;3;0;3;14;A01
201500020453;0;7;0;8;0;2;14;A01
201500020454;0;7;0;0;2;3;1;A01
201500020454;0;7;0;0;2;3;15;B01
201500020454;0;7;0;0;2;3;0;C01
201500020455;0;7;0;0;2;3;5;A01
201500020455;0;7;0;0;2;3;1;B01
201500020456;0;10;0;0;2;1;1;A01
201500020456;0;7;0;0;2;4;1;B01
201500020456;0;7;0;0;2;4;1;C01
201500020457;0;7;0;16;0;8;0;A01
201500020458;0;7;0;0;2;0;1;B01
201500020458;0;7;0;0;2;8;15;A01
201500020459;0;31;0;0;2;1;1;B01
201500020459;0;7;0;0;2;3;9;A01
201500020460;0;30;0;0;0;0;1;A01
201500020461;0;7;0;0;2;3;0;A01
201500020461;0;7;0;0;2;8;1;B01
201500020462;0;7;0;0;1;3;20;A01
201500020463;0;7;0;0;2;2;15;A01
201500020463;0;30;0;0;2;3;16;B01
201500020464;0;7;0;2;0;1;13;A01
201500020465;0;10;0;0;2;7;16;A01
201500020465;0;1;0;0;2;3;1;B01
201500020466;0;10;0;0;1;4;4;A01
201500020467;1;7;0;0;1;1;16;Z01
201500020468;0;7;0;0;2;8;9;A01
201500020468;0;7;0;0;2;1;1;B01
201500020469;1;99;0;0;1;2;0;Z01
201500020470;0;7;0;0;2;3;10;A01
201500020470;0;2;0;0;2;1;1;B01
201500020471;0;7;0;0;1;3;1;A01
201500020472;0;2;0;0;9;0;1;A01
201500020473;0;7;0;15;0;1;1;A01
201500020474;0;7;0;13;0;3;1;A01
201500020475;0;7;0;0;1;2;1;A01
201500020476;0;30;0;0;0;0;1;A01
201500020477;0;2;0;16;0;0;1;A01
201500020478;0;7;0;0;1;1;1;A01
201500020479;0;7;0;13;0;7;1;A01
201500020480;0;31;0;0;2;1;1;B01
201500020480;0;7;0;0;0;6;9;A01
201500020481;0;7;0;0;2;1;2;A01
201500020481;0;37;1;0;2;5;2;B01
201500020482;0;31;0;0;2;1;1;A01
201500020482;0;7;0;0;2;1;15;B01
201500020483;0;7;0;0;2;8;9;A01
201500020483;0;1;0;0;2;7;1;B01
201500020484;0;2;0;16;0;0;1;A01
201500020485;0;7;0;0;2;1;19;A01
201500020485;0;7;0;0;2;8;19;B01
201500020486;0;7;0;1;1;2;20;A01
201500020487;0;7;0;13;0;1;1;A01
201500020488;0;7;0;0;1;8;1;A01
201500020489;0;7;0;0;0;4;15;V01
201500020489;0;7;0;0;2;1;0;A01
201500020490;0;7;0;0;2;2;15;A01
201500020490;0;2;0;0;2;1;1;B01
201500020491;0;7;0;0;1;3;1;A01
201500020492;0;7;0;0;1;1;1;A01
201500020493;0;7;0;8;1;3;14;A01
201500020494;0;2;0;0;2;1;2;B01
201500020494;0;7;0;0;2;3;15;A01
201500020495;0;7;0;0;2;1;0;A01
201500020495;0;7;0;0;2;7;19;B01
201500020496;0;7;0;0;2;2;15;A01
201500020496;0;2;0;0;0;8;1;B01
201500020497;0;7;0;0;1;4;4;A01
201500020498;0;7;0;0;1;3;15;A01
201500020499;0;7;0;0;2;5;15;A01
201500020499;0;33;0;0;2;1;1;B01
201500020500;0;30;0;0;2;1;17;A01
201500020500;0;1;0;0;2;1;1;B01
201500020501;0;7;0;0;1;2;0;A01
201500020502;0;7;0;0;2;1;13;A01
201500020502;0;10;0;0;2;1;0;B01
201500020503;0;7;0;0;1;3;0;A01
201500020504;0;7;0;0;1;1;0;A01
201500020505;0;7;0;0;1;1;1;A01
201500020506;0;7;0;0;2;3;1;B01
201500020506;0;30;0;0;2;3;17;A01
201500020506;0;7;0;0;0;3;1;Z01
201500020506;0;7;0;0;2;2;2;C01
201500020506;0;2;0;14;0;1;13;D01
201500020507;0;7;0;9;0;1;1;A01
201500020508;0;7;0;6;0;1;19;A01
201500020509;0;32;0;0;2;1;17;A01
201500020509;0;7;0;0;2;3;15;B01
201500020510;0;7;0;0;1;8;1;A01
201500020511;0;7;0;0;2;1;1;A01
201500020511;0;1;0;0;2;1;19;B01
201500020512;0;10;0;0;1;2;21;A01
201500020513;0;7;0;0;1;1;1;A01
201500020514;0;7;0;0;2;1;15;A01
201500020514;0;7;0;0;2;1;1;B01
201500020515;0;7;0;0;2;0;16;A01
201500020515;0;1;0;0;2;4;1;B01
201500020516;0;7;0;0;2;2;15;A01
201500020516;0;33;0;0;2;1;1;B01
201500020517;0;7;0;0;2;3;1;B01
201500020517;0;2;0;0;2;1;1;A01
201500020518;0;7;0;0;2;2;1;A01
201500020518;0;7;0;0;2;7;1;B01
201500020519;0;7;0;0;1;2;15;A01
201500020520;0;33;0;0;2;1;1;B01
201500020520;0;7;0;0;2;1;10;A01
201500020521;0;7;0;0;1;0;1;A01
201500020522;0;7;0;0;2;8;16;A01
201500020522;0;2;0;0;2;1;1;B01
201500020523;0;7;0;0;2;4;2;A01
201500020523;0;7;0;0;0;4;2;B01
201500020524;0;32;0;0;2;1;3;A01
201500020524;0;7;0;0;2;3;9;B01
201500020525;0;7;0;0;2;1;13;A01
201500020525;0;31;0;0;2;1;1;B01
201500020526;0;7;0;0;2;1;1;A01
201500020526;0;7;0;0;2;1;1;B01
201500020527;0;7;0;0;1;2;1;A01
201500020528;0;7;0;0;1;2;0;A01
201500020529;0;7;0;0;2;3;16;A01
201500020529;0;7;0;0;2;7;1;B01
201500020530;0;7;0;0;1;2;2;A01
201500020531;0;7;0;0;1;0;16;A01
201500020532;0;7;0;0;2;6;1;B01
201500020532;0;17;0;0;2;2;12;A01
201500020533;1;7;0;0;2;2;10;A01
201500020533;0;31;0;0;2;8;1;B01
201500020534;0;10;0;0;1;1;1;A01
201500020535;1;7;0;0;1;2;1;A01
201500020536;0;7;0;0;2;1;1;B01
201500020536;0;7;0;0;2;0;19;A01
201500020537;0;7;0;0;2;3;1;B01
201500020537;2;7;0;0;2;1;0;A01
201500020538;0;2;0;0;1;1;1;A01
201500020539;0;7;0;0;1;0;1;A01
201500020540;0;7;0;0;2;1;1;A01
201500020540;0;1;0;0;2;4;1;B01
201500020541;0;2;0;12;0;1;0;A01
201500020542;0;7;0;0;2;6;20;A01
201500020542;0;33;0;0;2;1;21;B01
201500020543;0;7;0;0;1;1;1;A01
201500020544;0;7;0;0;0;0;0;A01
201500020544;0;7;0;0;0;0;0;B01
201500020545;0;7;0;1;0;1;0;A01
201500020546;0;1;0;0;1;0;0;A01
201500020547;0;7;0;0;2;1;5;A01
201500020547;0;7;0;0;2;1;1;B01
201500020548;0;7;0;11;0;1;6;A01
201500020549;1;7;0;0;1;1;0;A01
201500020550;0;7;0;0;0;0;0;A01
201500020550;0;7;0;0;0;0;0;B01
201500020551;0;1;0;0;1;0;0;A01
201500020552;0;7;0;12;0;2;16;A01
201500020553;0;7;0;0;1;1;15;A01
201500020554;1;30;0;0;1;0;0;A01
201500020555;0;2;0;12;0;3;1;A01
201500020556;0;2;0;0;2;0;1;A01
201500020556;0;7;0;0;2;0;1;B01
201500020557;0;7;0;0;2;1;2;A01
201500020557;0;7;0;0;2;4;2;B01
201500020558;0;7;0;0;1;0;0;A01
201500020559;0;7;0;0;2;7;1;B01
201500020559;0;30;0;0;2;8;11;A01
201500020560;0;33;0;0;0;0;0;A01
201500020560;0;16;0;0;0;0;0;C01
201500020560;0;7;0;0;0;0;0;B01
201500020561;0;33;0;0;2;1;13;A01
201500020561;0;7;0;0;2;3;1;B01
201500020562;0;33;0;0;2;5;1;B01
201500020562;0;7;0;0;2;1;23;C01
201500020562;0;7;0;0;2;3;15;A01
201500020563;0;7;0;0;2;0;0;A01
201500020563;0;7;0;0;2;0;0;B01
201500020564;0;7;0;0;2;1;1;A01
201500020564;0;7;0;0;2;4;20;B01
201500020565;0;1;0;0;2;1;1;B01
201500020565;0;7;0;0;2;8;0;A01
201500020566;0;7;0;0;0;0;0;A01
201500020566;0;34;0;0;2;1;1;B01
201500020567;0;10;0;0;2;0;0;A01
201500020567;0;1;0;0;2;0;0;B01
201500020568;0;33;0;0;0;0;0;B01
201500020568;0;7;0;0;0;0;0;A01
201500020569;0;7;0;0;0;0;0;B01
201500020569;0;1;0;0;0;0;0;A01
201500020570;1;7;0;0;1;0;0;A01
201500020571;0;7;0;0;2;1;1;B01
201500020571;2;7;0;6;2;7;15;A01
201500020572;0;7;0;0;2;2;1;B01
201500020572;0;7;0;0;2;3;16;A01
201500020573;0;7;0;0;2;1;2;A01
201500020573;0;7;0;0;2;4;2;B01
201500020573;0;7;0;0;2;4;2;C01
201500020574;0;7;0;0;0;0;0;A01
201500020574;0;34;0;0;2;0;0;B01
201500020575;0;1;0;0;2;0;0;A01
201500020575;0;37;1;0;2;0;0;B01
201500020576;0;7;0;0;1;0;0;A01
201500020577;0;10;0;0;1;2;1;A01
201500020578;0;7;0;5;0;9;14;A01
201500020579;0;32;0;0;2;1;16;A01
201500020579;0;10;0;0;2;1;2;B01
201500020580;0;7;0;16;0;0;0;A01
201500020581;0;1;0;0;2;1;19;A01
201500020581;0;10;0;0;2;5;1;B01
201500020582;0;7;0;0;2;2;1;A01
201500020582;0;7;0;0;2;2;1;B01
201500020583;0;7;0;0;0;0;0;B01
201500020583;0;7;0;0;2;1;15;A01
201500020584;0;1;0;0;2;1;1;B01
201500020584;0;7;0;0;2;3;15;A01
201500020585;0;32;0;0;0;8;1;A01
201500020586;0;7;0;12;0;1;1;A01
201500020587;0;1;0;0;2;1;5;A01
201500020587;0;7;0;0;2;2;21;B01
201500020588;2;7;0;0;2;1;2;A01
201500020588;0;7;0;0;2;4;2;B01
201500020588;0;7;0;0;2;4;2;C01
201500020589;0;1;0;0;0;0;0;A01
201500020590;0;7;0;0;2;2;1;B01
201500020590;0;7;0;0;2;3;9;A01
201500020591;0;1;0;0;2;8;15;B01
201500020591;0;7;0;0;2;3;9;A01
201500020592;0;30;0;8;0;1;5;A01
201500020593;0;10;0;0;2;4;2;A01
201500020593;0;10;0;0;0;4;2;C01
201500020593;0;10;0;0;2;4;2;B01
201500020594;0;10;0;0;0;0;0;B01
201500020594;0;2;0;0;0;0;0;A01
201500020595;0;7;0;0;2;1;1;B01
201500020595;0;10;0;0;2;3;15;A01
201500020596;0;34;0;0;0;0;0;B01
201500020596;0;10;0;0;0;0;0;A01
201500020597;0;31;0;0;0;0;0;A01
201500020598;0;7;0;0;0;0;0;B01
201500020598;0;10;0;0;0;0;0;A01
201500020599;0;31;0;0;0;0;0;A01
201500020600;0;7;0;0;0;0;0;A01
201500020601;0;7;0;0;2;0;1;B01
201500020601;0;30;0;0;2;0;12;A01
201500020602;0;7;0;0;2;3;11;A01
201500020602;0;13;0;0;2;2;1;B01
201500020603;0;7;0;0;1;1;1;A01
201500020604;0;2;0;0;2;1;1;A01
201500020604;0;7;0;0;2;7;15;B01
201500020605;0;7;0;0;2;1;2;A01
201500020605;0;7;0;0;2;4;2;B01
201500020605;0;7;0;0;0;4;2;C01
201500020606;1;7;0;0;1;0;1;A01
201500020607;0;99;0;0;2;5;16;A01
201500020607;0;7;0;0;2;1;1;B01
201500020608;0;7;0;4;0;3;19;A01
201500020609;0;30;0;16;0;0;1;A01
201500020610;0;7;0;0;2;1;2;A01
201500020610;0;7;0;0;2;4;2;B01
201500020611;0;7;0;0;1;1;16;A01
201500020612;0;7;0;0;2;3;1;B01
201500020612;0;1;0;0;2;1;9;A01
201500020613;0;7;0;6;0;1;1;A01
201500020614;0;7;0;0;2;5;9;A01
201500020614;0;1;0;0;2;1;1;B01
201500020615;0;1;0;0;0;0;0;A01
201500020616;0;7;0;0;0;0;0;A01
201500020617;0;7;0;0;0;0;18;A01
201500020617;0;7;0;4;0;0;1;B01
201500020618;0;7;0;0;1;2;9;A01
201500020619;0;7;0;0;0;0;0;A01
201500020620;0;33;0;0;0;8;1;A01
201500020621;0;7;0;0;2;0;2;B01
201500020621;1;7;0;0;0;0;0;Z01
201500020622;0;2;0;0;2;1;1;B01
201500020622;0;7;0;0;2;2;15;A01
201500020623;0;7;0;0;1;1;15;A01
201500020624;0;1;0;0;0;0;0;A01
201500020625;0;33;0;0;0;8;1;A01
201500020626;0;2;0;0;2;1;1;A01
201500020626;0;7;0;0;2;7;15;B01
201500020627;0;7;0;10;0;1;1;A01
201500020628;0;7;0;0;2;2;15;A01
201500020628;0;33;0;0;2;1;1;B01
201500020629;0;7;0;0;2;1;15;A01
201500020629;0;31;0;0;0;0;0;B01
201500020630;0;7;0;0;2;1;1;B01
201500020630;0;7;0;0;2;2;1;A01
201500020631;0;7;0;0;2;3;16;A01
201500020631;0;30;0;0;2;1;1;B01
201500020632;0;7;0;0;1;1;0;A01
201500020633;0;7;0;0;2;8;22;A01
201500020633;0;1;0;1;0;1;1;B01
201500020634;0;7;0;0;1;2;16;A01
201500020635;0;10;0;0;0;0;0;A01
201500020635;0;10;0;0;0;0;0;B01
201500020636;0;7;0;0;2;1;15;A01
201500020636;0;7;0;0;2;1;1;B01
201500020637;0;7;0;0;1;1;1;A01
201500020638;0;7;0;0;2;2;15;A01
201500020638;0;7;0;0;2;3;1;B01
201500020639;0;7;0;0;2;0;9;A01
201500020639;0;7;0;0;2;1;1;B01
201500020640;0;7;0;0;1;4;4;A01
201500020641;0;1;0;0;2;1;19;A01
201500020641;1;1;0;0;2;0;0;Z01
201500020642;0;7;0;0;1;1;1;A01
201500020643;0;7;0;6;0;7;1;A01
201500020644;0;7;0;0;2;4;20;A01
201500020644;0;1;0;0;0;0;0;B01
201500020645;1;7;0;0;1;0;1;A01
201500020646;0;33;0;0;1;1;1;A01
201500020647;0;7;0;0;1;1;1;A01
201500020648;0;7;0;0;2;3;9;A01
201500020648;0;1;0;0;2;7;0;B01
201500020649;0;7;0;0;1;0;1;A01
201500020650;0;7;0;0;1;1;20;A01
201500020651;0;7;0;0;2;3;15;A01
201500020651;0;2;0;0;2;1;2;B01
201500020652;0;7;0;0;2;4;2;A01
201500020652;2;7;0;0;2;1;2;B01
201500020653;0;7;0;10;0;1;13;A01
201500020654;0;7;0;6;0;1;0;A01
201500020655;0;7;0;0;1;0;0;A01
201500020656;0;7;0;0;0;1;0;A01
201500020656;0;2;0;0;0;0;0;B01
201500020657;0;10;0;0;2;8;15;B01
201500020657;0;31;0;0;2;1;17;A01
201500020658;0;33;0;1;0;0;0;B01
201500020659;0;7;0;12;0;1;0;A01
201500020659;0;7;0;0;2;6;0;B01
201500020660;0;7;0;0;1;1;14;A01
201500020661;0;7;0;0;0;0;15;A01
201500020662;0;30;0;0;0;1;13;A01
201500020663;0;7;0;0;2;3;13;A01
201500020663;0;7;0;0;2;3;0;B01
201500020663;0;7;0;0;2;2;0;C01
201500020664;0;7;0;2;0;1;0;A01
201500020665;0;37;1;0;1;0;0;A01
201500020666;0;7;0;0;1;3;0;A01
201500020667;0;10;0;0;1;1;1;A01
201500020667;0;7;0;0;2;3;1;B01
201500020668;0;7;0;0;1;1;1;A01
201500020669;0;7;0;0;0;0;0;A01
201500020669;0;37;1;0;2;0;1;B01
201500020670;0;7;0;0;9;1;15;A01
201500020670;0;2;0;0;2;1;1;B01
201500020671;0;2;0;0;2;7;2;B01
201500020671;0;31;0;0;2;7;2;A01
201500020672;1;7;0;0;1;1;0;A01
201500020673;0;7;0;0;0;4;2;A01
201500020673;0;2;0;0;2;1;2;B01
201500020674;0;7;0;0;2;3;13;A01
201500020674;0;7;0;0;2;1;1;B01
201500020675;0;7;0;0;1;8;2;A01
201500020676;0;7;0;0;1;1;2;A01
201500020677;0;7;0;0;2;3;1;B01
201500020677;0;7;0;0;2;3;1;A01
201500020677;0;7;0;0;9;0;0;C01
201500020678;0;7;0;0;2;4;2;A01
201500020678;0;7;0;0;2;1;2;B01
201500020679;0;32;0;0;0;8;0;A01
201500020680;0;7;0;0;2;1;1;B01
201500020680;0;7;0;0;0;2;13;A01
201500020681;0;1;0;0;0;0;0;B01
201500020681;0;1;0;0;0;0;0;A01
201500020682;0;7;0;0;2;1;2;A01
201500020682;0;7;0;0;2;1;2;B01
201500020682;0;7;0;0;2;0;0;C01
201500020683;0;7;0;0;2;1;2;C01
201500020683;0;7;0;0;2;4;2;A01
201500020683;0;7;0;0;2;1;2;B01
201500020684;0;7;0;16;0;8;5;A01
201500020684;0;7;0;0;0;1;1;B01
201500020685;0;7;0;0;1;2;15;A01
201500020686;0;7;0;1;0;1;13;A01
201500020687;0;7;0;0;2;3;13;A01
201500020687;0;7;0;0;2;3;1;B01
201500020688;0;7;0;0;1;3;15;A01
201500020689;0;1;0;0;2;7;2;B01
201500020689;0;7;0;0;2;1;9;A01
201500020690;0;7;0;0;2;1;9;A01
201500020690;0;1;0;0;2;0;0;B01
201500020691;0;7;0;0;2;3;13;A01
201500020691;0;15;0;0;2;3;1;B01
201500020691;0;7;0;0;9;0;0;C01
201500020692;0;2;0;0;2;1;2;A01
201500020692;0;7;0;0;2;3;0;B01
201500020693;0;7;0;0;2;2;19;A01
201500020693;0;7;0;0;2;3;1;B01
201500020694;0;33;0;0;2;8;1;B01
201500020694;0;7;0;0;2;3;15;A01
201500020695;0;7;0;0;2;9;13;A01
201500020696;0;1;0;1;0;8;2;A01
201500020697;0;7;0;0;2;5;2;B01
201500020697;0;1;0;0;2;1;15;A01
201500020698;0;2;0;0;2;9;2;B01
201500020698;0;7;0;0;2;7;15;A01
201500020699;0;33;0;0;0;2;1;A01
201500020700;0;7;0;0;0;0;0;A01
201500020700;0;1;0;0;0;0;0;B01
201500020701;0;7;0;0;1;1;16;A01
201500020702;0;7;0;0;2;2;1;A01
201500020702;0;1;0;0;2;1;1;B01
201500020703;0;7;0;0;0;0;0;A01
201500020704;0;7;0;0;0;0;0;A01
201500020704;0;1;0;0;2;8;1;B01
201500020705;0;7;0;0;0;1;15;A01
201500020705;0;7;0;0;2;8;0;B01
201500020706;0;2;0;0;2;1;1;A01
201500020706;0;7;0;0;2;2;1;B01
201500020707;0;7;0;0;2;8;10;A01
201500020707;0;7;0;0;2;1;2;B01
201500020708;0;7;0;0;1;0;0;A01
201500020709;0;7;0;0;0;0;0;A01
201500020709;0;1;0;0;0;0;0;B01
201500020710;0;7;0;1;0;2;15;A01
201500020710;0;7;0;0;2;8;24;B01
201500020711;0;7;0;0;0;0;0;A01
201500020711;0;1;0;0;0;0;0;B01
201500020712;0;1;0;0;2;0;0;B01
201500020712;0;7;0;0;9;1;0;A01
201500020713;0;7;0;0;1;0;0;A01
201500020714;0;7;0;0;1;1;0;A01
201500020715;0;7;0;0;2;1;0;A01
201500020715;0;7;0;0;2;2;0;B01
201500020716;0;7;0;0;1;1;9;A01
201500020717;0;7;0;0;2;1;13;A01
201500020717;0;7;0;0;2;1;1;B01
201500020718;0;7;0;0;1;7;1;A01
201500020719;0;7;0;0;1;1;1;A01
201500020720;0;7;0;0;1;3;1;A01
201500020721;0;7;0;0;0;9;0;A01
201500020722;0;32;0;8;0;3;1;A01
201500020723;0;7;0;0;2;1;1;B02
201500020723;0;7;0;0;2;1;15;A01
201500020724;0;7;0;6;0;1;1;A01
201500020725;0;7;0;0;2;1;15;A01
201500020725;0;1;0;0;2;8;1;B02
201500020726;0;7;0;0;2;2;15;B02
201500020726;0;7;0;0;2;1;1;A01
201500020727;0;2;0;2;0;1;1;A01
201500020728;0;14;0;2;0;3;19;A01
201500020729;0;15;0;0;2;3;13;A01
201500020729;0;15;0;0;2;3;1;B02
201500020730;0;7;0;0;2;1;13;A01
201500020730;0;7;0;0;2;1;13;B02
201500020731;0;7;0;0;2;5;13;A01
201500020731;0;7;0;0;2;1;1;B02
201500020732;0;7;0;0;2;2;9;C03
201500020732;0;10;0;0;2;1;0;B02
201500020732;0;33;0;0;2;1;0;A01
201500020733;0;7;0;0;2;2;2;A01
201500020733;0;1;0;0;0;4;2;B02
201500020734;0;7;0;0;1;2;1;A01
201500020735;0;7;0;0;1;1;1;A01
201500020736;0;33;0;0;2;8;1;A01
201500020736;0;15;0;0;0;3;6;B02
201500020737;0;1;0;0;2;4;1;A01
201500020737;0;7;0;0;2;3;19;B02
201500020738;0;30;0;0;0;7;1;A01
201500020738;0;10;0;0;2;1;1;B02
201500020739;0;7;0;0;0;1;1;B02
201500020739;0;7;0;0;0;1;5;A01
201500020740;0;38;2;0;2;2;1;B02
201500020740;0;7;0;0;2;8;16;A01
201500020741;0;15;0;0;0;1;21;B02
201500020741;0;1;0;0;0;8;13;A01
201500020742;0;7;0;2;0;7;0;A01
201500020743;0;7;0;0;0;2;1;A01
201500020743;0;7;0;0;0;3;15;B02
201500020744;0;7;0;2;0;9;1;A01
201500020745;0;7;0;2;0;1;1;A01
201500020746;0;30;0;15;0;1;1;B02
201500020746;0;7;0;1;0;7;1;A01
201500020747;0;7;0;0;2;2;2;A01
201500020747;0;1;0;0;0;3;2;B02
201500020748;0;7;0;0;2;8;15;A01
201500020748;0;33;0;0;2;1;17;B02
201500020749;0;7;0;0;9;6;1;A01
201500020749;0;1;0;0;2;1;1;B02
201500020750;0;7;0;0;1;4;4;A01
201500020751;0;33;0;0;2;1;1;A01
201500020751;0;7;0;0;2;8;15;B02
201500020752;0;30;0;14;0;2;1;A01
201500020753;0;7;0;0;2;1;5;A01
201500020753;0;7;0;0;2;1;0;C03
201500020753;0;7;0;0;2;1;1;B02
201500020754;0;33;0;0;2;1;1;A01
201500020754;0;10;0;0;2;6;15;B02
201500020755;0;7;0;0;1;2;1;A01
201500020756;0;7;0;2;0;1;14;A01
201500020757;0;2;0;0;0;0;21;A01
201500020758;0;7;0;0;2;1;5;A01
201500020758;0;7;0;0;2;1;1;B02
201500020759;0;7;0;0;2;8;15;B02
201500020759;0;33;0;0;2;7;17;A01
201500020760;0;7;0;0;1;8;1;A01
201500020761;0;7;0;0;2;1;1;A01
201500020761;0;10;0;0;2;1;0;B02
201500020762;0;7;0;0;2;1;1;B02
201500020762;0;30;0;0;2;1;5;A01
201500020763;0;7;0;0;2;3;5;D04
201500020763;0;32;0;0;2;8;5;A01
201500020763;0;7;0;0;2;3;5;C03
201500020763;0;32;0;0;0;0;2;B02
201500020764;0;31;0;0;2;1;1;B02
201500020764;0;7;0;0;2;4;1;C03
201500020764;0;7;0;0;2;1;13;A01
201500020765;0;10;0;0;1;2;1;A01
201500020766;0;15;0;0;0;3;13;B02
201500020766;0;14;0;0;0;3;1;A01
201500020767;0;10;0;0;1;1;1;A01
201500020768;0;30;0;0;2;1;5;B02
201500020768;0;7;0;0;2;3;1;A01
201500020769;0;7;0;0;2;2;1;B02
201500020769;0;7;0;0;2;1;13;A01
201500020770;0;7;0;0;0;0;13;A01
201500020771;0;7;0;0;1;3;1;A01
201500020772;0;7;0;0;2;1;13;A01
201500020772;0;7;0;0;2;1;1;B02
201500020773;0;7;0;0;1;2;1;A01
201500020774;0;7;0;0;2;1;1;B02
201500020774;0;7;0;0;2;1;13;A01
201500020775;0;7;0;0;2;7;15;A01
201500020775;0;7;0;0;2;3;1;B01
201500020776;0;7;0;0;2;3;6;A01
201500020776;0;32;0;0;2;1;1;B01
201500020777;0;2;0;0;2;7;1;A01
201500020777;0;7;0;0;2;1;1;B01
201500020778;0;7;0;0;1;2;1;A01
201500020779;0;10;0;0;2;6;17;A01
201500020779;0;33;0;0;2;2;2;B01
201500020780;0;7;0;0;2;1;1;A01
201500020780;0;7;0;0;2;7;1;B01
201500020781;0;7;0;0;2;8;1;B01
201500020781;0;7;0;0;2;1;15;A01
201500020782;2;7;0;14;0;1;1;A01
201500020783;0;7;0;0;1;1;1;A01
201500020784;0;7;0;0;1;0;0;A01
201500020785;0;7;0;0;2;1;0;A01
201500020785;0;21;0;0;0;4;2;B01
201500020786;0;7;0;0;2;6;9;A01
201500020786;0;1;0;0;2;1;15;B01
201500020787;1;3;0;0;2;0;0;A01
201500020787;0;7;0;0;2;0;0;A02
201500020788;0;10;0;0;2;4;6;A01
201500020788;0;7;0;0;2;1;2;B01
201500020788;0;7;0;0;2;1;2;C01
201500020789;2;7;0;0;2;1;17;A01
201500020789;0;7;0;0;2;1;1;B01
201500020790;0;7;0;0;1;1;1;A01
201500020791;0;15;0;0;2;3;1;A01
201500020791;0;7;0;0;2;1;1;B01
201500020792;0;7;0;0;1;3;1;A01
201500020793;0;7;0;0;2;1;1;A01
201500020793;0;2;0;0;2;8;19;B01
201500020794;0;7;0;0;9;1;17;A01
201500020794;0;1;0;0;0;4;1;B01
201500020795;0;7;0;0;1;0;0;A01
201500020796;0;33;0;0;2;1;17;A01
201500020796;0;7;0;0;2;7;15;B01
201500020797;0;7;0;0;1;0;0;A01
201500020798;0;7;0;8;0;1;0;A01
201500020799;0;7;0;0;2;2;1;A01
201500020799;0;7;0;0;0;3;9;B01
201500020799;0;7;0;0;0;1;1;C01
201500020800;0;7;0;0;2;7;15;A01
201500020800;0;33;0;0;2;1;1;B01
201500020801;0;2;0;0;2;1;1;A01
201500020801;0;7;0;0;0;3;1;B01
201500020802;0;7;0;0;2;4;6;A01
201500020802;0;7;0;0;2;1;1;B01
201500020803;0;15;0;0;2;8;1;A01
201500020803;0;7;0;0;2;1;1;B01
201500020803;0;7;0;0;2;3;1;C01
201500020804;0;7;0;0;2;1;2;A01
201500020804;0;7;0;0;1;4;2;B01
201500020805;0;7;0;0;2;8;17;A01
201500020805;0;33;0;0;2;5;15;B01
201500020806;0;2;0;0;2;1;19;A01
201500020806;0;7;0;0;2;3;1;B01
201500020807;0;7;0;0;2;8;20;A01
201500020807;0;30;0;0;2;2;1;B01
201500020808;0;7;0;0;1;2;1;A01
201500020809;0;7;0;0;2;1;0;A01
201500020809;0;1;0;0;2;2;0;B01
201500020810;0;7;0;0;2;8;13;A01
201500020810;0;2;0;0;2;2;17;B01
201500020811;0;7;0;0;2;8;0;A01
201500020811;0;1;0;1;0;0;0;B01
201500020812;0;7;0;0;2;3;9;A01
201500020812;0;7;0;0;2;1;1;B01
201500020813;0;7;0;0;2;3;13;A01
201500020813;0;7;0;0;2;1;1;B01
201500020814;0;1;0;0;2;8;18;A01
201500020814;0;7;0;0;2;7;16;B01
201500020815;0;7;0;0;2;1;1;A01
201500020815;0;7;0;0;2;3;2;B01
201500020816;0;7;0;0;2;1;0;B01
201500020816;0;2;0;0;2;3;0;A01
201500020817;0;2;0;0;2;8;9;A01
201500020817;0;7;0;0;2;3;1;B01
201500020818;0;7;0;0;2;3;9;A01
201500020818;0;30;0;0;2;1;1;B01
201500020819;0;7;0;12;0;0;0;A01
201500020819;0;2;0;0;2;8;1;B01
201500020820;0;7;0;0;2;1;0;A01
201500020820;0;7;0;0;2;8;0;B01
201500020821;0;30;0;0;2;1;0;A01
201500020821;0;1;0;0;2;6;19;B01
201500020822;0;7;0;0;1;2;1;A01
201500020823;0;1;0;0;1;0;21;A01
201500020824;0;7;0;2;0;3;14;A01