num_acc;senc;catv;occutc;obs;obsm;choc;manv;num_veh
201500020825;0;7;0;0;1;1;1;A01
201500020826;0;7;0;0;2;7;15;A01
201500020826;0;30;0;0;2;1;6;B01
201500020827;0;7;0;0;2;1;1;A01
201500020827;0;1;0;0;0;4;1;B01
201500020828;0;7;0;0;1;1;0;A01
201500020829;0;7;0;0;2;7;15;A01
201500020829;0;7;0;0;2;1;1;B01
201500020830;0;7;0;0;1;1;0;A01
201500020831;0;7;0;0;2;3;9;A01
201500020831;0;33;0;0;0;0;0;B01
201500020832;0;7;0;0;0;4;2;A01
201500020832;0;7;0;0;2;1;2;B01
201500020833;0;7;0;0;2;1;0;A01
201500020833;0;7;0;0;2;1;13;B01
201500020834;0;1;0;0;2;7;0;B01
201500020834;0;7;0;0;2;0;0;A01
201500020835;0;7;0;0;1;1;1;A01
201500020836;0;7;0;0;2;2;9;A01
201500020836;0;2;0;0;2;7;1;B01
201500020837;0;7;0;0;2;1;0;A01
201500020837;0;7;0;0;2;3;0;B01
201500020838;0;7;0;0;2;8;0;B01
201500020838;0;7;0;0;2;1;0;A01
201500020839;0;7;0;0;2;3;13;A01
201500020839;0;7;0;0;2;8;1;B01
201500020840;0;7;0;0;2;1;1;A01
201500020840;0;7;0;0;0;4;23;B01
201500020841;0;1;0;0;2;1;19;A01
201500020841;0;7;0;0;0;5;1;B01
201500020842;0;7;0;0;2;1;2;A01
201500020842;0;7;0;0;2;4;2;B01
201500020843;0;7;0;0;2;2;14;A01
201500020843;0;7;0;0;2;3;20;B01
201500020844;0;7;0;0;2;7;14;A01
201500020844;0;1;0;0;2;8;1;B01
201500020845;0;7;0;0;2;1;1;A01
201500020845;0;7;0;0;0;4;23;B01
201500020846;0;7;0;0;2;2;5;A01
201500020846;0;7;0;0;2;3;1;B01
201500020847;0;7;0;0;2;2;9;A01
201500020847;0;14;0;0;2;6;1;B01
201500020848;0;7;0;0;2;7;0;B01
201500020848;0;7;0;0;2;1;19;A01
201500020849;0;7;0;0;2;2;17;A01
201500020849;0;2;0;0;2;3;15;B01
201500020850;0;7;0;0;2;1;2;A01
201500020850;0;7;0;0;2;0;2;B01
201500020850;0;7;0;0;0;4;0;C01
201500020851;0;7;0;0;2;1;1;A01
201500020851;0;31;0;0;2;6;15;B01
201500020852;0;7;0;0;2;1;1;A01
201500020852;0;7;0;0;0;4;23;B01
201500020853;0;7;0;0;1;3;1;A01
201500020854;0;7;0;0;2;1;1;A01
201500020854;0;7;0;0;2;4;1;B01
201500020855;0;7;0;0;1;0;0;A01
201500020856;0;7;0;0;2;2;0;A01
201500020856;0;1;0;0;2;1;1;B01
201500020857;0;7;0;0;2;3;0;A01
201500020857;0;7;0;0;2;3;0;B01
201500020858;0;30;0;0;2;1;2;A01
201500020858;0;7;0;0;2;5;16;B01
201500020859;0;31;0;0;2;7;17;A01
201500020859;0;7;0;0;2;3;15;B01
201500020860;0;7;0;0;2;1;1;A01
201500020860;0;7;0;0;2;4;1;B01
201500020860;0;7;0;0;2;4;23;C01
201500020861;0;7;0;0;2;2;1;A01
201500020861;0;1;0;0;0;4;1;B01
201500020862;0;2;0;0;2;1;15;A01
201500020862;0;7;0;0;2;1;1;B01
201500020863;0;7;0;0;2;1;2;A01
201500020863;0;7;0;0;2;1;2;B01
201500020863;0;7;0;0;2;1;0;C01
201500020864;0;7;0;0;2;2;0;A01
201500020864;0;30;0;0;2;2;0;B01
201500020865;0;7;0;0;1;1;9;A01
201500020866;0;2;0;0;2;1;1;A01
201500020866;0;2;0;0;2;1;1;B01
201500020866;0;7;0;0;2;4;23;C01
201500020866;0;37;1;0;2;3;23;D01
201500020867;0;2;0;0;2;2;19;A01
201500020867;0;7;0;0;2;1;1;B01
201500020868;0;7;0;0;2;3;0;A01
201500020868;0;7;0;0;2;3;0;B01
201500020869;0;7;0;0;2;1;2;A01
201500020869;0;10;0;0;2;4;2;B01
201500020870;0;7;0;0;2;1;2;A01
201500020870;0;7;0;0;2;4;2;B01
201500020871;0;7;0;0;2;3;19;A01
201500020871;0;33;0;0;2;1;0;B01
201500020872;0;10;0;0;2;1;0;A01
201500020872;0;7;0;0;2;4;0;B01
201500020873;0;7;0;0;2;1;0;A01
201500020873;0;7;0;0;2;1;0;B01
201500020874;0;7;0;0;1;1;0;A01
201500020875;0;7;0;0;2;6;0;A01
201500020875;0;1;0;0;2;0;0;B01
201500020876;0;31;0;0;0;9;1;A01
201500020876;0;7;0;0;0;0;9;B01
201500020877;0;15;0;0;2;2;0;B01
201500020877;0;7;0;0;2;1;0;A01
201500020878;0;7;0;0;1;0;0;A01
201500020879;0;1;0;0;2;1;5;A01
201500020879;0;7;0;0;0;0;0;B01
201500020880;0;7;0;0;0;0;0;A01
201500020880;0;7;0;0;0;4;1;B01
201500020881;0;7;0;0;2;2;9;A01
201500020881;0;1;0;0;2;2;1;B01
201500020882;0;2;0;0;2;1;1;A01
201500020882;0;7;0;0;2;4;23;B01
201500020883;0;1;0;0;2;7;0;A01
201500020883;0;7;0;0;2;1;0;B01
201500020884;0;1;0;0;2;8;0;B01
201500020884;0;7;0;0;2;1;0;A01
201500020885;0;30;0;0;2;7;17;A01
201500020885;0;7;0;0;2;8;15;B01
201500020886;0;10;0;0;2;3;9;A01
201500020886;0;7;0;0;2;2;1;B01
201500020887;0;7;0;0;2;2;1;A01
201500020887;0;10;0;0;2;5;23;B01
201500020888;0;31;0;0;2;8;2;B01
201500020888;0;7;0;0;2;1;9;A01
201500020889;0;7;0;0;1;1;1;A01
201500020890;0;7;0;0;2;1;13;A01
201500020890;0;7;0;0;2;3;2;B01
201500020891;0;7;0;0;1;0;0;A01
201500020892;0;32;0;0;2;0;1;A01
201500020892;0;7;0;0;2;0;0;B01
201500020893;0;30;0;0;2;0;0;A01
201500020893;0;7;0;0;2;1;1;B01
201500020894;0;7;0;0;2;1;2;A01
201500020894;0;7;0;0;2;1;5;B01
201500020895;2;7;0;13;0;0;1;A01
201500020896;0;7;0;0;1;0;0;A01
201500020897;0;7;0;0;2;4;2;A01
201500020897;0;7;0;0;2;1;2;B01
201500020897;0;7;0;0;2;3;2;C01
201500020897;1;7;0;0;0;4;0;Z01
201500020898;0;7;0;0;2;3;24;A01
201500020898;0;1;0;1;0;1;2;B01
201500020899;0;7;0;4;0;8;17;A01
201500020900;0;7;0;0;2;9;1;A01
201500020900;0;7;0;0;2;9;1;B01
201500020900;1;7;0;0;2;0;0;Z01
201500020901;0;7;0;0;1;3;2;A01
201500020902;0;7;0;0;1;3;2;A01
201500020903;0;7;0;0;2;3;9;A01
201500020903;0;7;0;0;2;2;1;B01
201500020904;0;1;0;0;2;0;1;A01
201500020904;0;14;0;0;2;0;0;B01
201500020905;0;7;0;0;2;7;16;A01
201500020905;0;1;0;0;2;1;2;B01
201500020906;0;7;0;0;2;7;15;A01
201500020906;0;7;0;0;2;1;2;B01
201500020907;0;31;0;0;2;6;19;A01
201500020907;0;7;0;0;2;3;2;B01
201500020908;0;7;0;0;2;0;1;B01
201500020908;0;7;0;0;2;0;0;A01
201500020909;0;7;0;0;1;0;0;A01
201500020910;0;10;0;0;1;7;1;A01
201500020911;0;1;0;0;2;0;0;B01
201500020911;0;7;0;0;2;4;9;A01
201500020912;0;7;0;0;1;1;2;A01
201500020913;0;7;0;0;2;1;2;A01
201500020913;0;7;0;0;1;1;2;B01
201500020914;0;7;0;0;1;4;20;A01
201500020915;0;33;0;0;2;0;0;B01
201500020915;0;7;0;0;2;0;15;A01
201500020916;0;7;0;0;2;0;15;A01
201500020916;0;2;0;0;2;1;2;B01
201500020917;0;7;0;2;0;8;1;A01
201500020918;0;7;0;0;2;2;15;A01
201500020918;0;7;0;0;2;0;1;B01
201500020919;0;7;0;0;2;5;9;A01
201500020919;0;32;0;0;2;1;0;B01
201500020919;0;7;0;0;2;1;0;C01
201500020920;0;7;0;0;2;1;9;A01
201500020920;0;1;0;0;2;7;2;B01
201500020921;0;7;0;0;1;0;9;A01
201500020922;0;7;0;0;2;1;0;A01
201500020922;0;7;0;0;2;4;1;B01
201500020922;0;7;0;0;2;4;1;C01
201500020923;0;33;0;3;0;3;2;A01
201500020924;0;7;0;0;2;1;2;B01
201500020924;0;32;0;0;2;7;2;A01
201500020925;0;30;0;14;0;1;2;A01
201500020926;0;7;0;0;1;1;20;A01
201500020927;0;7;0;7;2;0;0;B01
201500020927;0;7;0;0;2;0;0;A01
201500020928;0;10;0;0;1;4;4;A01
201500020929;0;7;0;3;0;8;1;A01
201500020930;0;7;0;0;2;1;2;A01
201500020930;0;7;0;0;2;4;1;B01
201500020931;0;7;0;0;1;3;2;A01
201500020931;0;7;0;0;1;1;2;B01
201500020932;0;31;0;0;2;1;1;B01
201500020932;0;7;0;0;2;2;1;A01
201500020933;0;34;0;2;0;1;13;A01
201500020934;0;7;0;0;2;2;1;A01
201500020934;0;7;0;0;2;3;1;B01
201500020935;0;7;0;0;2;3;9;A01
201500020935;0;32;0;0;2;0;1;B01
201500020936;0;7;0;0;2;3;13;A01
201500020936;0;7;0;0;2;3;1;B01
201500020936;0;7;0;0;2;9;1;C01
201500020937;0;33;0;0;2;1;7;A01
201500020937;0;7;0;0;2;7;16;B01
201500020938;0;7;0;0;2;1;1;A01
201500020938;0;33;0;16;0;4;1;B01
201500020939;0;7;0;0;2;4;1;A01
201500020939;0;7;0;0;2;0;1;B01
201500020939;0;7;0;0;2;1;2;C01
201500020940;0;1;0;0;2;1;9;A01
201500020940;0;7;0;0;2;2;2;B01
201500020941;0;7;0;0;1;3;2;A01
201500020942;0;7;0;0;2;0;1;A01
201500020942;0;33;0;0;0;0;0;B01
201500020943;0;7;0;16;0;9;0;A01
201500020944;0;10;0;0;1;3;1;A01
201500020945;0;7;0;0;2;3;9;A01
201500020945;0;31;0;0;0;0;0;B01
201500020946;0;7;0;0;1;4;4;A01
201500020947;1;7;0;0;1;1;0;Z01
201500020948;0;7;0;0;1;1;1;A01
201500020949;0;10;0;0;2;3;2;A01
201500020949;0;33;0;0;0;5;23;B01
201500020950;0;7;0;0;1;5;4;A01
201500020951;0;7;0;6;0;1;1;A01
201500020952;0;7;0;0;2;2;22;A01
201500020952;0;1;0;0;2;3;2;B01
201500020953;0;2;0;0;2;1;0;A01
201500020953;0;7;0;0;2;8;15;B01
201500020953;0;7;0;0;2;4;24;C01
201500020954;1;7;0;0;2;1;1;Z01
201500020954;0;1;0;0;2;0;1;A01
201500020955;0;7;0;15;2;8;2;B01
201500020955;0;7;0;8;2;1;2;A01
201500020956;0;7;0;15;0;1;0;A01
201500020957;0;7;0;0;0;9;0;A01
201500020958;0;37;3;0;1;2;2;A01
201500020959;0;37;4;0;1;2;2;A01
201500020960;0;7;0;0;2;1;9;A01
201500020960;0;1;0;0;2;7;2;B01
201500020961;0;7;0;15;0;8;1;A01
201500020962;0;7;0;0;2;3;15;A01
201500020962;0;34;0;0;2;3;1;B02
201500020963;0;7;0;2;0;1;0;A01
201500020964;0;10;0;0;2;6;15;A01
201500020964;0;10;0;0;2;3;1;B02
201500020965;0;7;0;0;2;3;1;B02
201500020965;0;7;0;0;2;1;1;C03
201500020965;0;7;0;0;2;3;13;A01
201500020966;0;33;0;16;0;0;14;A01
201500020967;0;3;0;0;0;2;14;A01
201500020968;0;30;0;10;0;7;14;A01
201500020969;0;33;0;0;2;3;17;A01
201500020969;0;7;0;0;2;1;1;B02
201500020970;0;14;0;0;0;6;9;A01
201500020970;0;31;0;0;2;1;1;B02
201500020971;0;1;0;0;2;1;1;B02
201500020971;0;7;0;0;2;3;16;A01
201500020972;0;7;0;0;2;3;13;A01
201500020972;0;7;0;0;2;3;1;B02
201500020973;0;7;0;0;0;6;1;B02
201500020973;0;32;0;0;2;1;1;A01
201500020974;0;7;0;0;2;5;1;B02
201500020974;0;33;0;0;2;1;13;A01
201500020975;0;30;0;3;0;0;19;A01
201500020976;0;7;0;0;2;3;1;A01
201500020976;0;7;0;0;2;9;1;B02
201500020976;0;7;0;0;2;1;1;C03
201500020977;0;7;0;0;1;1;5;A01
201500020978;0;30;0;0;2;1;13;A01
201500020978;0;7;0;0;2;3;1;B02
201500020979;0;33;0;0;2;1;13;A01
201500020979;0;7;0;0;2;1;1;B02
201500020980;0;7;0;0;2;1;1;B02
201500020980;0;31;0;0;2;1;13;A01
201500020981;0;14;0;0;2;1;1;A01
201500020981;0;14;0;0;2;8;19;B02
201500020982;0;7;0;4;0;7;1;A01
201500020983;0;7;0;2;0;1;1;A01
201500020984;0;31;0;0;2;4;1;A01
201500020984;0;7;0;0;2;3;15;B02
201500020985;0;2;0;0;2;4;1;B02
201500020985;0;7;0;0;2;1;1;A01
201500020986;0;7;0;0;2;8;15;A01
201500020986;0;33;0;0;2;1;1;B02
201500020987;0;7;0;0;2;8;1;C03
201500020987;0;10;0;3;2;9;1;A01
201500020987;0;7;0;0;2;8;1;B02
201500020988;0;7;0;0;2;2;1;A01
201500020988;0;7;0;0;2;3;1;B02
201500020989;0;7;0;6;0;3;1;A01
201500020990;0;7;0;6;0;1;1;A01
201500020991;0;7;0;0;2;8;1;B02
201500020991;0;33;0;0;2;8;1;A01
201500020992;0;7;0;6;0;1;13;A01
201500020993;0;7;0;2;0;1;13;A01
201500020994;0;7;0;0;0;0;14;A01
201500020995;0;7;0;0;2;1;13;B02
201500020995;0;17;0;0;2;1;1;A01
201500020996;0;7;0;0;1;2;1;A01
201500020997;0;7;0;0;2;5;13;A01
201500020997;0;10;0;0;2;1;1;B02
201500020998;0;7;0;8;0;1;9;A01
201500020999;0;7;0;0;2;6;1;A01
201500020999;0;10;0;0;2;3;1;B02
201500021000;0;7;0;12;1;5;20;A01
201500021001;0;7;0;0;2;7;1;B02
201500021001;0;7;0;0;2;1;9;A01
201500021002;0;14;0;0;1;2;1;A01
201500021003;1;99;0;0;1;0;0;A01
201500021004;0;7;0;0;2;1;1;A01
201500021004;0;7;0;0;2;1;15;B02
201500021005;0;7;0;0;2;1;1;A01
201500021005;0;7;0;0;2;9;1;B02
201500021005;0;7;0;0;2;4;15;C03
201500021006;0;7;0;0;2;3;6;A01
201500021006;0;31;0;0;2;1;1;B02
201500021007;0;1;0;0;0;1;0;A01
201500021007;0;14;0;0;0;8;1;B02
201500021008;0;7;0;0;1;2;1;A01
201500021009;0;33;0;12;0;6;1;A01
201500021010;0;7;0;0;2;8;1;A01
201500021010;0;33;0;0;2;7;1;B02
201500021011;0;7;0;2;0;2;1;A01
201500021012;0;7;0;4;0;9;1;A01
201500021013;0;7;0;0;0;4;2;B02
201500021013;0;7;0;0;2;1;1;A01
201500021014;0;7;0;4;2;2;17;A01
201500021014;0;14;0;0;0;6;1;B02
201500021015;0;7;0;3;0;8;17;A01
201500021016;0;7;0;13;0;1;21;A01
201500021017;0;7;0;4;0;3;13;A01
201500021018;0;15;0;0;0;0;1;A01
201500021019;0;7;0;0;2;1;2;A01
201500021019;0;14;0;0;2;5;2;B02
201500021020;0;7;0;4;0;3;11;A01
201500021020;0;7;0;4;0;3;11;B02
201500021020;0;7;0;0;0;6;11;C03
201500021021;0;7;0;0;2;1;1;A01
201500021021;0;7;0;0;2;4;1;B02
201500021022;0;15;0;0;2;2;2;A01
201500021022;0;7;0;0;2;6;2;B02
201500021023;0;10;0;0;2;1;1;A01
201500021023;0;15;0;0;0;6;1;B02
201500021024;0;7;0;0;2;3;1;A01
201500021024;0;7;0;0;2;5;1;B02
201500021025;0;7;0;4;2;3;1;A01
201500021025;0;14;0;0;2;5;2;B02
201500021026;0;14;0;0;2;1;2;A01
201500021026;0;7;0;0;0;4;0;C03
201500021027;0;7;0;0;1;2;1;A01
201500021028;0;7;0;0;2;1;16;B01
201500021028;0;7;0;0;2;1;15;A01
201500021029;0;7;0;0;0;0;0;A01
201500021029;0;1;0;0;0;0;0;B01
201500021030;0;7;0;0;1;6;4;A01
201500021031;0;7;0;0;2;1;1;A01
201500021031;0;30;0;0;2;1;1;B01
201500021032;0;7;0;0;0;0;0;B01
201500021032;0;7;0;0;0;0;0;A01
201500021033;0;1;0;0;2;0;2;B01
201500021033;0;7;0;0;2;1;2;A01
201500021034;0;30;0;0;2;0;0;B01
201500021034;0;7;0;0;2;0;0;A01
201500021035;2;7;0;0;1;2;2;A01
201500021036;0;7;0;0;2;0;0;B01
201500021036;0;7;0;0;2;0;0;A01
201500021037;0;7;0;0;2;1;0;A01
201500021037;0;7;0;0;0;3;1;B01
201500021038;0;7;0;0;2;3;15;A01
201500021038;0;7;0;0;0;8;1;B01
201500021039;0;7;0;0;2;3;15;A01
201500021039;0;2;0;0;0;1;17;B01
201500021040;0;37;0;0;1;1;1;A01
201500021041;0;10;0;0;1;4;0;A01
201500021042;0;30;0;0;2;7;1;B01
201500021042;0;7;0;0;2;1;9;A01
201500021043;0;7;0;0;1;2;0;A01
201500021044;0;7;0;0;0;0;0;B01
201500021044;0;30;0;0;0;0;0;A01
201500021045;0;7;0;0;2;3;13;A01
201500021045;0;7;0;0;2;8;1;B01
201500021045;0;7;0;0;0;0;21;C01
201500021046;0;7;0;0;0;0;0;A01
201500021046;0;33;0;0;0;0;0;B01
201500021047;0;30;0;0;1;1;19;A01
201500021048;0;7;0;0;1;1;1;A01
201500021049;0;7;0;0;1;0;0;A01
201500021050;0;1;0;0;0;0;0;B01
201500021050;0;7;0;0;0;0;0;A01
201500021051;1;7;0;0;2;2;12;B02
201500021051;0;33;0;0;2;3;2;A01
201500021052;0;7;0;0;2;1;2;A01
201500021052;0;33;0;0;2;7;23;E05
201500021052;0;7;0;0;2;4;23;D04
201500021052;0;7;0;0;2;6;23;B02
201500021052;0;7;0;0;2;5;23;C03
201500021053;0;7;0;0;2;4;23;B02
201500021053;0;10;0;0;2;1;2;A01
201500021054;0;7;0;0;1;4;4;A01
201500021055;0;33;0;0;2;1;1;B01
201500021055;0;7;0;0;2;3;15;A01
201500021056;0;10;0;0;1;1;1;A01
201500021057;0;7;0;0;1;2;1;A01
201500021058;0;33;0;0;0;3;15;B01
201500021058;0;7;0;0;2;8;16;A01
201500021059;0;7;0;0;2;8;10;A01
201500021059;0;33;0;0;2;1;1;B01
201500021060;0;7;0;0;2;3;1;B01
201500021060;1;7;0;0;0;0;0;A01
201500021060;0;1;0;0;2;1;1;Y01
201500021061;0;31;0;0;2;1;1;B01
201500021061;0;7;0;0;2;3;15;A01
201500021062;0;7;0;2;0;1;1;A01
201500021063;0;33;0;0;2;0;1;B01
201500021063;0;7;0;0;2;3;15;A01
201500021064;0;33;0;0;2;8;11;B02
201500021064;0;33;0;0;2;7;1;A01
201500021065;0;10;0;0;2;2;2;A01
201500021065;0;7;0;0;2;4;2;B02
201500021066;0;7;0;0;0;9;1;A01
201500021067;0;7;0;13;2;6;18;A01
201500021067;0;7;0;0;2;2;1;B02
201500021068;0;7;0;3;0;1;17;A01
201500021069;0;7;0;0;2;1;2;A01
201500021069;0;7;0;4;2;4;2;B02
201500021070;0;7;0;0;2;8;19;A01
201500021070;0;14;0;0;2;1;1;B02
201500021071;0;17;0;3;2;3;1;B02
201500021071;0;7;0;0;2;3;13;A01
201500021072;0;7;0;0;2;3;1;B02
201500021072;0;10;0;0;2;3;13;A01
201500021073;0;7;0;13;0;9;14;A01
201500021074;0;7;0;3;0;8;13;A01
201500021075;0;10;0;4;2;2;17;A01
201500021075;0;21;0;0;2;6;1;B01
201500021076;0;7;0;0;2;1;1;B02
201500021076;0;33;0;0;2;1;13;A01
201500021077;0;7;0;0;2;3;1;A01
201500021077;0;31;0;0;2;1;1;B02
201500021078;0;34;0;13;0;1;1;A01
201500021079;0;7;0;0;2;2;9;A01
201500021079;0;33;0;0;2;7;3;B02
201500021080;0;7;0;0;1;3;20;A01
201500021081;0;7;0;0;2;3;13;A01
201500021081;0;7;0;0;2;6;1;B02
201500021082;0;7;0;0;2;1;17;A01
201500021083;0;33;0;0;2;7;1;B02
201500021083;0;7;0;0;2;3;19;A01
201500021084;0;10;0;0;2;1;21;A01
201500021084;0;15;0;0;2;3;1;B02
201500021084;0;15;0;0;2;3;1;C03
201500021085;0;15;0;0;2;3;13;A01
201500021085;0;7;0;0;2;8;1;B02
201500021085;0;10;0;0;2;3;13;C03
201500021085;0;7;0;0;9;1;1;D04
201500021086;0;17;0;0;2;5;13;A01
201500021086;0;7;0;0;2;8;1;B02
201500021086;0;7;0;0;2;1;1;C03
201500021087;0;1;0;1;0;1;1;A01
201500021088;0;7;0;0;2;1;1;B01
201500021088;0;30;0;0;2;1;15;A01
201500021089;0;7;0;0;2;4;1;B01
201500021089;0;30;0;0;2;1;1;A01
201500021090;0;14;0;3;2;3;21;B01
201500021090;0;7;0;3;2;3;1;A01
201500021091;0;7;0;0;1;1;1;A01
201500021092;0;7;0;0;1;3;1;A01
201500021093;0;7;0;0;1;0;0;A01
201500021094;0;7;0;0;0;0;0;A01
201500021095;0;7;0;0;2;3;1;B01
201500021095;0;30;0;0;2;1;1;A01
201500021096;0;1;0;0;0;0;0;B01
201500021096;0;10;0;0;2;1;19;A01
201500021097;0;33;0;0;2;8;1;B01
201500021097;1;7;0;0;2;2;15;A01
201500021098;0;7;0;0;2;5;15;A01
201500021098;0;33;0;0;2;1;1;B01
201500021099;0;7;0;0;1;0;1;A01
201500021100;0;37;0;0;1;2;16;A01
201500021101;0;7;0;0;1;1;0;A01
201500021102;0;7;0;0;2;3;1;B02
201500021102;0;3;0;0;2;8;15;A01
201500021103;0;7;0;0;2;3;17;A01
201500021103;0;7;0;0;2;3;1;B02
201500021104;0;10;0;3;2;4;23;A01
201500021104;0;10;0;1;1;1;1;D04
201500021105;0;14;0;0;2;3;0;A01
201500021105;0;10;0;0;2;3;0;B02
201500021106;0;17;0;3;2;2;6;A01
201500021106;0;7;0;0;2;6;1;B02
201500021106;0;17;0;0;2;2;1;C03
201500021106;0;7;0;0;0;0;1;D04
201500021107;0;14;0;6;0;3;0;A01
201500021108;0;7;0;16;0;1;0;A01
201500021109;0;17;0;0;2;6;1;A01
201500021109;0;17;0;0;2;3;1;B02
201500021110;0;7;0;0;2;2;1;A01
201500021110;0;38;36;0;2;1;1;B02
201500021111;0;33;0;8;0;4;1;A01
201500021112;0;10;0;0;2;2;20;A01
201500021112;0;33;0;0;2;1;1;B02
201500021113;0;7;0;2;0;2;14;A01
201500021114;0;7;0;1;0;1;15;A01
201500021115;0;30;0;0;2;3;11;B02
201500021115;0;7;0;0;2;2;1;A01
201500021116;0;7;0;0;2;1;17;B02
201500021116;0;33;0;0;2;1;1;A01
201500021117;0;10;0;0;1;2;1;A01
201500021118;0;7;0;0;2;5;1;B02
201500021118;0;7;0;0;2;5;1;A01
201500021119;0;7;0;0;2;3;19;B02
201500021119;0;7;0;0;2;2;1;A01
201500021120;0;7;0;3;9;1;2;A01
201500021121;0;7;0;0;2;6;11;A01
201500021121;0;33;0;0;2;2;1;B02
201500021122;0;7;0;2;0;3;12;A01
201500021123;0;10;0;0;2;4;2;B02
201500021123;0;15;0;1;0;2;2;A01
201500021124;0;7;0;13;0;2;1;A01
201500021125;0;33;0;0;2;1;1;A01
201500021125;0;7;0;0;0;4;1;B02
201500021126;0;7;0;4;2;1;1;B02
201500021126;0;17;0;4;0;3;1;A01
201500021126;0;7;0;14;0;1;1;C03
201500021127;0;7;0;0;0;0;0;A01
201500021128;0;7;0;13;0;1;14;A01
201500021129;0;7;0;0;2;5;17;D01
201500021129;0;7;0;0;2;7;17;C01
201500021129;0;7;0;0;2;8;0;A01
201500021129;0;10;0;0;2;1;1;B01
201500021130;0;7;0;0;0;5;2;A01
201500021130;0;7;0;1;0;2;0;B01
201500021131;0;7;0;4;0;1;11;A01
201500021132;0;15;0;0;2;3;1;B02
201500021132;0;7;0;0;2;8;13;A01
201500021133;0;10;0;0;2;1;12;A01
201500021133;0;15;0;0;0;4;1;B02
201500021134;0;7;0;0;0;4;2;C03
201500021134;0;7;0;0;2;1;1;A01
201500021134;0;7;0;0;0;4;2;B02
201500021135;0;7;0;0;2;3;1;A01
201500021135;0;7;0;0;2;3;1;B02
201500021136;0;7;0;14;0;1;14;A01
201500021137;0;17;0;0;2;6;9;A01
201500021137;0;10;0;0;2;2;1;B02
201500021138;0;32;0;0;2;1;13;A01
201500021138;0;14;0;0;2;1;1;B01
201500021139;0;7;0;0;2;3;1;B02
201500021139;0;7;0;0;2;3;13;A01
201500021140;0;7;0;0;0;9;14;A01
201500021141;0;10;0;0;2;1;15;A01
201500021141;0;31;0;0;2;1;1;B02
201500021142;0;7;0;0;2;5;12;A01
201500021142;0;33;0;0;2;3;1;B02
201500021143;0;37;0;0;1;5;7;A01
201500021144;0;7;0;6;0;1;1;A01
201500021145;0;7;0;0;1;2;1;A01
201500021146;0;7;0;0;1;1;1;A01
201500021147;0;7;0;0;1;7;17;A01
201500021148;0;14;0;0;2;1;9;A01
201500021148;0;7;0;0;2;7;1;B01
201500021149;0;7;0;0;1;2;15;A01
201500021150;0;7;0;0;0;0;0;A01
201500021151;0;7;0;0;2;2;15;B01
201500021151;0;30;0;0;2;3;0;A01
201500021152;0;10;0;0;2;3;1;B01
201500021152;0;7;0;0;2;1;13;A01
201500021153;0;7;0;0;2;4;2;B01
201500021153;0;30;0;0;2;0;2;A01
201500021154;0;7;0;0;9;7;9;A01
201500021154;0;1;0;0;0;6;2;B01
201500021155;1;7;0;0;1;0;0;A01
201500021156;0;7;0;0;2;3;1;B01
201500021156;0;7;0;0;2;1;15;A01
201500021157;0;7;0;0;2;7;1;B01
201500021157;0;7;0;0;2;1;15;A01
201500021158;0;7;0;6;0;3;13;A01
201500021159;0;7;0;0;1;3;16;A01
201500021160;0;7;0;0;2;1;0;A01
201500021160;0;7;0;0;2;1;2;B01
201500021161;0;1;0;0;0;1;0;C01
201500021161;0;1;0;0;0;1;1;B01
201500021161;0;7;0;0;2;7;19;A01
201500021162;0;10;0;0;2;4;2;B01
201500021162;0;7;0;0;2;1;2;A01
201500021163;0;7;0;0;1;1;20;A01
201500021164;0;7;0;2;0;1;1;A01
201500021165;0;7;0;0;2;4;23;C01
201500021165;0;7;0;0;2;1;1;A01
201500021165;0;7;0;0;2;4;23;B01
201500021166;0;7;0;0;2;4;1;B01
201500021166;0;7;0;0;2;1;1;A01
201500021167;0;2;0;0;0;0;0;A01
201500021168;0;7;0;1;0;9;1;A01
201500021169;0;7;0;0;2;3;15;A01
201500021169;0;1;0;0;2;1;1;B01
201500021170;0;7;0;0;2;6;4;A01
201500021170;0;1;0;0;2;1;2;B01
201500021171;0;7;0;0;2;4;1;A01
201500021171;0;7;0;0;2;1;2;D01
201500021171;0;7;0;0;2;1;2;B01
201500021171;0;7;0;0;2;4;2;C01
201500021172;0;7;0;14;0;1;1;A01
201500021172;0;7;0;0;0;0;0;B01
201500021173;0;7;0;0;2;3;1;C01
201500021173;0;7;0;0;2;1;13;A01
201500021173;0;7;0;0;2;8;1;B01
201500021174;0;7;0;0;2;1;2;A01
201500021174;0;7;0;0;2;4;0;B01
201500021175;0;2;0;0;0;0;0;A01
201500021176;0;7;0;0;1;3;15;A01
201500021177;0;7;0;0;0;1;13;A01
201500021178;0;2;0;0;2;3;1;A01
201500021179;0;7;0;13;0;1;14;A01
201500021180;0;2;0;0;2;1;5;B01
201500021180;0;7;0;0;2;3;9;A01
201500021181;0;15;0;0;2;3;2;A01
201500021181;0;7;0;0;2;4;2;C01
201500021181;0;10;0;0;2;4;2;D01
201500021181;0;7;0;0;2;4;2;B01
201500021182;0;7;0;0;0;0;0;B01
201500021182;0;7;0;0;0;0;0;C01
201500021182;0;7;0;0;0;0;0;A01
201500021183;0;30;0;0;0;0;0;A01
201500021184;0;7;0;1;0;2;1;A01
201500021185;0;7;0;0;0;0;0;B01
201500021185;0;7;0;0;0;0;0;A01