num_acc;senc;catv;occutc;obs;obsm;choc;manv;num_veh
201500021186;0;1;0;0;2;8;15;B01
201500021186;0;7;0;0;2;2;15;A01
201500021187;0;7;0;0;2;7;13;A01
201500021187;0;7;0;0;0;0;0;B01
201500021188;0;7;0;0;2;4;2;B01
201500021188;0;2;0;0;2;9;2;A01
201500021189;0;7;0;0;1;3;1;A01
201500021190;0;7;0;0;1;3;1;A01
201500021191;0;7;0;0;2;7;1;B01
201500021191;0;7;0;0;2;3;9;A01
201500021192;0;7;0;0;2;3;9;A01
201500021192;0;2;0;0;2;7;1;B01
201500021193;0;1;0;0;2;7;16;B01
201500021193;0;7;0;0;2;8;16;A01
201500021194;0;7;0;0;2;4;2;C01
201500021194;0;7;0;0;2;1;2;A01
201500021194;0;7;0;0;2;4;2;B01
201500021195;0;1;0;0;2;8;9;B01
201500021195;0;7;0;0;9;1;1;A01
201500021196;0;7;0;0;2;7;1;A01
201500021196;0;7;0;0;2;1;1;B01
201500021197;0;33;0;0;1;3;2;A01
201500021198;0;2;0;0;2;7;1;B01
201500021198;0;7;0;0;2;1;15;A01
201500021199;0;7;0;0;2;2;1;B01
201500021199;0;7;0;0;2;3;19;A01
201500021200;0;2;0;0;0;0;0;A01
201500021201;0;7;0;3;0;1;1;A01
201500021202;0;7;0;15;1;3;1;A01
201500021203;0;2;0;0;0;0;21;A01
201500021204;0;7;0;0;2;8;10;A01
201500021204;0;7;0;0;2;1;1;B01
201500021205;0;7;0;0;1;0;0;A01
201500021206;0;10;0;0;2;1;2;A01
201500021206;0;10;0;0;9;4;2;B01
201500021207;0;1;0;0;0;0;0;A01
201500021208;0;7;0;1;1;1;1;A01
201500021209;0;1;0;0;2;1;0;A01
201500021209;0;99;0;0;2;2;0;B01
201500021210;0;7;0;0;1;2;1;A01
201500021211;0;7;0;0;2;0;0;A01
201500021211;0;7;0;0;2;5;2;B01
201500021212;0;7;0;0;2;2;1;B01
201500021212;0;7;0;0;2;8;20;A01
201500021213;0;7;0;10;0;9;1;A01
201500021214;0;7;0;0;2;1;15;A01
201500021214;0;1;0;0;2;8;1;B01
201500021215;0;32;0;0;2;1;2;A01
201500021215;0;7;0;0;2;5;2;B01
201500021216;0;7;0;0;0;0;0;B01
201500021216;0;7;0;9;0;0;16;A01
201500021217;0;1;0;0;2;0;19;B01
201500021217;0;7;0;0;9;0;1;A01
201500021218;0;7;0;0;1;1;1;A01
201500021219;0;37;0;0;1;2;1;A01
201500021220;0;7;0;0;2;0;0;B01
201500021220;0;32;0;0;2;2;1;A01
201500021221;1;7;0;0;1;0;0;Z01
201500021222;0;7;0;0;2;7;1;B01
201500021222;0;7;0;0;2;4;20;A01
201500021223;0;7;0;0;1;1;15;A01
201500021224;0;7;0;0;2;1;2;A01
201500021224;0;7;0;0;0;4;2;B01
201500021225;0;7;0;0;0;1;21;A01
201500021226;0;7;0;0;2;1;9;B01
201500021226;0;7;0;0;2;1;5;A01
201500021227;0;7;0;0;2;4;2;B01
201500021227;0;7;0;0;2;4;0;C01
201500021227;0;7;0;0;2;1;2;A01
201500021228;0;7;0;0;9;5;15;A01
201500021228;0;2;0;0;2;0;0;B01
201500021228;0;7;0;0;2;1;2;C01
201500021229;0;7;0;0;2;3;15;B01
201500021229;0;1;0;0;2;1;2;A01
201500021230;0;7;0;1;0;1;13;A01
201500021231;0;7;0;8;0;3;0;A01
201500021232;0;7;0;8;0;1;16;A01
201500021233;0;7;0;0;2;1;2;A01
201500021233;0;7;0;0;2;4;2;B01
201500021233;0;7;0;0;2;4;2;C01
201500021233;0;7;0;0;2;4;2;D01
201500021234;0;7;0;0;1;3;2;A01
201500021235;0;7;0;0;2;1;1;B01
201500021235;0;7;0;0;2;2;1;A01
201500021236;0;7;0;0;2;7;19;A01
201500021236;0;1;0;0;2;3;1;B01
201500021237;0;7;0;0;2;5;15;B01
201500021237;0;10;0;0;2;3;2;A01
201500021238;0;2;0;0;2;2;1;A01
201500021238;0;7;0;0;2;5;0;B01
201500021239;0;7;0;0;1;1;1;A01
201500021240;0;7;0;14;0;4;2;B01
201500021240;0;7;0;14;0;1;1;A01
201500021241;0;36;0;0;0;9;0;A01
201500021242;0;7;0;0;1;2;1;A01
201500021243;0;1;0;0;9;0;2;A01
201500021243;0;7;0;0;9;0;1;B01
201500021244;0;30;0;0;0;0;0;A01
201500021244;0;7;0;0;9;4;0;B01
201500021245;0;31;0;0;2;1;2;A01
201500021245;0;7;0;0;2;6;2;B01
201500021246;0;7;0;0;0;0;17;A01
201500021247;0;1;0;0;0;0;0;A01
201500021248;0;7;0;4;0;3;16;A01
201500021249;0;1;0;0;0;0;15;B01
201500021249;1;7;0;0;9;0;0;Z01
201500021250;0;7;0;0;2;1;2;A01
201500021250;0;7;0;0;2;4;2;B01
201500021251;2;7;0;0;2;1;0;A01
201500021251;0;7;0;0;2;1;1;B01
201500021252;0;7;0;0;9;0;2;C01
201500021252;0;7;0;0;9;0;0;B01
201500021252;0;7;0;0;9;0;0;A01
201500021253;0;7;0;0;2;4;2;B01
201500021253;0;31;0;0;2;1;2;A01
201500021254;0;7;0;0;1;6;1;B01
201500021255;0;33;0;0;1;1;5;A01
201500021256;0;7;0;0;1;2;15;A01
201500021257;0;7;0;0;9;4;0;B01
201500021257;0;7;0;0;9;1;0;A01
201500021258;0;33;0;0;1;2;0;A01
201500021259;0;1;0;0;2;0;14;A01
201500021260;0;7;0;0;2;5;11;B01
201500021260;0;7;0;0;2;3;3;A01
201500021261;0;7;0;0;1;0;1;A01
201500021262;0;7;0;0;1;7;0;A01
201500021263;0;33;0;0;2;2;1;B01
201500021263;0;7;0;0;2;3;1;A01
201500021264;0;99;0;0;0;0;0;A01
201500021265;0;7;0;0;9;0;0;B01
201500021265;0;1;0;0;2;0;0;A01
201500021266;0;30;0;1;0;1;1;A01
201500021267;0;7;0;2;0;1;19;A01
201500021268;0;37;0;0;1;1;0;A01
201500021269;0;33;0;0;2;1;17;B01
201500021269;0;7;0;0;2;6;11;A01
201500021270;0;7;0;0;2;5;1;B01
201500021270;0;1;0;0;2;3;18;A01
201500021271;0;7;0;0;2;8;15;A01
201500021271;0;31;0;0;2;1;1;B01
201500021272;0;7;0;0;2;3;9;A01
201500021272;0;32;0;0;2;5;1;B01
201500021273;0;10;0;0;0;0;0;B01
201500021273;0;7;0;0;0;0;0;A01
201500021274;0;10;0;0;9;3;15;A01
201500021274;0;1;0;0;2;1;1;B01
201500021275;0;33;0;0;0;0;0;A01
201500021275;0;7;0;0;0;0;0;B01
201500021276;0;33;0;0;2;8;1;B01
201500021276;0;7;0;0;2;2;15;A01
201500021277;0;7;0;0;1;2;2;A01
201500021278;0;2;0;0;2;7;1;B01
201500021278;0;7;0;0;2;1;15;A01
201500021279;0;2;0;0;0;7;15;A01
201500021280;0;37;1;0;1;2;1;A01
201500021281;0;33;0;9;0;1;1;A01
201500021282;0;7;0;0;2;8;1;B02
201500021282;0;7;0;0;2;2;15;A01
201500021282;0;7;0;1;0;2;1;C03
201500021283;0;7;0;8;0;1;1;A01
201500021284;0;7;0;0;2;3;1;B02
201500021284;0;7;0;0;2;3;13;A01
201500021285;0;10;0;0;1;8;1;A01
201500021286;0;1;0;0;2;3;13;B02
201500021286;0;7;0;0;9;2;2;A01
201500021287;0;7;0;0;2;3;13;A01
201500021287;0;10;0;0;2;3;2;B02
201500021288;0;1;0;0;2;7;2;B02
201500021288;0;7;0;0;2;3;9;A01
201500021289;0;7;0;0;2;1;1;A01
201500021289;0;2;0;0;2;8;1;B02
201500021290;0;7;0;0;4;2;1;A01
201500021290;0;39;0;0;2;1;1;B02
201500021291;0;7;0;0;2;1;13;A01
201500021291;0;7;0;0;2;1;1;B02
201500021292;0;7;0;0;2;3;15;B02
201500021292;0;2;0;0;2;2;17;A01
201500021293;0;7;0;6;0;1;1;A01
201500021294;0;1;0;0;1;1;1;A01
201500021295;0;7;0;16;0;9;1;A01
201500021296;0;2;0;0;0;0;0;A01
201500021297;0;1;0;0;0;1;1;A01
201500021298;0;7;0;0;2;1;1;A01
201500021298;0;7;0;0;2;4;1;B01
201500021299;0;7;0;13;0;9;0;A01
201500021300;0;7;0;0;2;4;1;B01
201500021300;0;7;0;0;2;1;2;A01
201500021300;0;7;0;0;2;1;1;C01
201500021301;0;7;0;0;2;4;2;B01
201500021301;0;7;0;0;2;1;2;A01
201500021302;0;7;0;0;2;1;2;A01
201500021302;0;7;0;0;2;4;2;B01
201500021303;0;7;0;0;2;1;17;A01
201500021303;0;17;0;0;2;1;1;B01
201500021304;1;30;0;0;9;0;0;A01
201500021304;1;99;0;0;9;0;0;Z01
201500021305;0;17;0;0;2;1;1;A01
201500021305;0;7;0;0;2;4;1;B01
201500021306;0;2;0;0;2;1;1;A01
201500021306;0;7;0;0;2;4;1;B01
201500021307;0;7;0;0;2;1;1;B01
201500021307;0;7;0;0;2;1;17;A01
201500021308;0;10;0;0;2;4;1;B01
201500021308;0;32;0;0;2;1;1;A01
201500021309;0;7;0;0;2;7;20;A01
201500021309;0;32;0;0;2;1;1;B01
201500021310;0;33;0;0;0;9;17;A01
201500021310;0;7;0;0;2;8;15;B01
201500021311;0;33;0;6;0;9;1;A01
201500021312;0;10;0;0;2;1;1;B01
201500021312;0;7;0;0;2;1;1;A01
201500021313;0;2;0;0;2;8;5;A01
201500021313;0;7;0;0;2;1;1;B01
201500021314;0;33;0;0;9;1;0;A01
201500021315;0;33;0;0;2;9;0;B01
201500021315;0;33;0;0;2;9;0;A01
201500021316;0;7;0;0;2;1;0;C01
201500021316;0;7;0;0;2;3;13;A01
201500021316;0;7;0;0;2;1;1;B01
201500021317;0;33;0;0;2;1;1;B01
201500021317;0;7;0;1;2;8;9;A01
201500021318;0;7;0;0;1;1;1;A01
201500021319;0;7;0;0;2;3;15;A01
201500021319;0;7;0;0;2;1;1;B01
201500021320;0;7;0;0;2;1;17;A01
201500021320;0;7;0;0;2;1;1;B01
201500021321;0;32;0;0;2;1;2;A01
201500021321;0;7;0;0;2;7;16;B01
201500021322;0;7;0;2;0;1;0;A01
201500021323;0;7;0;0;2;8;15;A01
201500021323;0;2;0;0;2;1;1;B01
201500021324;1;14;0;0;1;0;0;A01
201500021325;0;7;0;0;2;2;17;A01
201500021325;0;14;0;0;2;0;1;B02
201500021326;0;17;0;4;0;3;6;A01
201500021327;0;17;0;0;0;0;2;A01
201500021327;0;17;0;0;2;1;2;C03
201500021328;0;14;0;4;0;3;13;A01
201500021329;0;7;0;4;0;9;1;A01
201500021330;0;7;0;1;0;8;1;A01
201500021330;0;15;0;0;0;6;23;B02
201500021330;0;7;0;0;9;1;1;C03
201500021331;0;7;0;3;0;1;14;A01
201500021332;0;10;0;3;2;2;14;A01
201500021332;0;17;0;0;0;6;1;B02
201500021332;0;7;0;4;2;1;21;C03
201500021332;0;10;0;0;2;8;1;D04
201500021333;0;7;0;8;0;1;1;A01
201500021334;0;33;0;0;2;1;2;A01
201500021334;0;10;0;0;2;3;0;C03
201500021334;0;7;0;0;0;6;0;B02
201500021335;0;33;0;4;0;1;1;A01
201500021336;0;33;0;0;2;1;17;A01
201500021336;0;7;0;0;2;1;1;B02
201500021337;0;30;0;0;0;1;17;B02
201500021337;0;7;0;0;0;3;15;A01
201500021338;0;33;0;0;0;1;1;A01
201500021338;0;7;0;0;0;3;1;B02
201500021339;0;7;0;13;0;2;14;A01
201500021340;0;7;0;8;0;1;1;A01
201500021341;0;7;0;0;2;8;1;A01
201500021341;0;1;0;0;2;1;9;B02
201500021342;0;7;0;2;0;3;1;A01
201500021343;0;7;0;3;0;1;1;A01
201500021344;0;7;0;13;0;7;1;A01
201500021345;0;7;0;3;0;4;2;A01
201500021345;0;7;0;0;2;4;2;B02
201500021345;0;7;0;3;2;4;2;C03
201500021345;0;7;0;3;0;7;2;D04
201500021346;0;7;0;0;0;4;2;A01
201500021346;0;7;0;0;0;4;2;B02
201500021346;0;14;0;0;2;1;2;C03
201500021347;0;7;0;3;0;3;13;A01
201500021348;0;7;0;13;0;9;14;A01
201500021349;0;7;0;0;2;4;2;A01
201500021349;0;7;0;0;2;1;2;B02
201500021350;0;7;0;0;2;4;2;A01
201500021350;0;7;0;0;2;1;2;B02
201500021351;0;7;0;13;0;1;1;A01
201500021352;0;7;0;3;0;6;0;A01
201500021353;0;7;0;13;0;2;14;A01
201500021354;0;7;0;0;2;1;2;A01
201500021354;0;10;0;0;2;4;2;B02
201500021355;0;7;0;3;0;3;0;A01
201500021356;0;7;0;0;2;1;2;A01
201500021356;0;7;0;3;2;4;1;B02
201500021356;0;7;0;3;2;8;1;C03
201500021357;0;7;0;3;0;9;1;A01
201500021358;0;10;0;13;2;2;17;A01
201500021358;0;17;0;0;2;6;1;B02
201500021359;0;15;0;3;2;1;6;A01
201500021359;0;7;0;0;2;6;1;B02
201500021359;0;7;0;0;2;1;1;C03
201500021360;0;7;0;0;0;4;2;A01
201500021360;0;7;0;0;2;1;2;B02
201500021360;0;7;0;0;2;1;2;C03
201500021360;0;7;0;0;2;1;2;D04
201500021360;0;7;0;0;2;1;2;E05
201500021361;0;7;0;0;2;7;17;A01
201500021361;0;7;0;0;2;8;1;B02
201500021362;0;7;0;2;0;9;14;A01
201500021363;0;7;0;13;0;2;14;A01
201500021364;0;7;0;13;0;7;14;A01
201500021365;0;7;0;0;2;4;2;A01
201500021365;0;7;0;0;2;1;2;B02
201500021366;0;10;0;13;0;2;2;A01
201500021367;0;15;0;1;1;2;1;A01
201500021368;0;10;0;0;0;3;0;A01
201500021369;0;7;0;7;0;1;1;A01
201500021369;0;14;0;0;2;4;23;B02
201500021369;0;14;0;1;0;1;2;C03
201500021370;0;7;0;8;0;1;1;A01
201500021371;0;7;0;0;0;4;2;A01
201500021371;0;7;0;0;0;4;2;B02
201500021371;0;7;0;0;0;4;2;C03
201500021371;0;7;0;0;0;1;2;D04
201500021372;0;10;0;13;2;2;14;A01
201500021372;0;7;0;13;0;8;14;B02
201500021373;0;7;0;13;0;3;0;A01
201500021374;0;10;0;0;2;1;2;A01
201500021374;0;7;0;0;2;1;2;B02
201500021374;0;7;0;0;2;2;2;C03
201500021374;0;10;0;0;2;4;2;D04
201500021375;0;7;0;0;0;1;2;A01
201500021376;0;7;0;0;1;2;1;A01
201500021377;0;7;0;3;0;2;1;A01
201500021378;0;10;0;0;2;1;2;A01
201500021378;0;7;0;0;2;4;2;B02
201500021378;0;7;0;0;2;4;2;C03
201500021378;0;7;0;0;2;5;2;D04
201500021379;0;7;0;0;2;1;2;A01
201500021379;0;7;0;0;2;4;2;B02
201500021379;0;7;0;0;2;4;2;C03
201500021379;0;7;0;0;2;4;2;D04
201500021379;0;7;0;0;2;4;2;E05
201500021379;0;7;0;0;2;4;2;F06
201500021380;0;7;0;0;0;8;23;A01
201500021380;0;10;0;0;2;1;2;B02
201500021381;0;7;0;13;0;1;1;A01
201500021382;0;7;0;0;2;2;17;A01
201500021382;0;7;0;0;2;8;11;B02
201500021383;0;7;0;13;0;1;1;A01
201500021384;0;7;0;0;0;4;2;A01
201500021384;0;7;0;0;2;4;2;B02
201500021384;0;7;0;0;2;1;2;C03
201500021385;0;7;0;0;2;2;1;A01
201500021385;0;15;0;0;0;6;12;B02
201500021386;0;14;0;3;0;9;1;A01
201500021387;0;7;0;0;2;3;12;A01
201500021387;1;7;0;0;2;0;17;B02
201500021388;0;7;0;0;2;8;1;A01
201500021388;0;7;0;0;2;2;17;B02
201500021388;0;7;0;0;0;0;1;C03
201500021389;0;7;0;13;0;1;16;A01
201500021390;0;10;0;6;0;1;1;A01
201500021391;0;7;0;3;0;2;21;A01
201500021392;0;7;0;0;2;1;2;A01
201500021392;0;7;0;0;2;4;2;B02
201500021393;0;7;0;13;0;1;1;A01
201500021394;0;10;0;3;0;2;1;A01
201500021395;0;7;0;3;0;1;12;A01
201500021396;0;7;0;13;0;1;2;A01
201500021397;0;7;0;13;0;2;14;A01
201500021398;0;7;0;0;0;2;1;A01
201500021399;0;33;0;0;0;7;1;A01
201500021400;0;15;0;0;0;4;2;A01
201500021400;0;10;0;0;0;1;2;B02
201500021401;0;7;0;3;2;2;14;A01
201500021401;0;10;0;0;2;3;1;B02
201500021402;0;7;0;3;0;1;14;A01
201500021403;0;7;0;13;2;6;14;A01
201500021403;0;7;0;13;2;1;2;B02
201500021404;0;7;0;13;0;1;16;A01
201500021405;0;7;0;3;0;2;17;A01
201500021406;0;10;0;1;0;1;1;A01
201500021406;0;15;0;0;2;6;1;D04
201500021407;0;7;0;13;0;2;2;A01
201500021408;0;7;0;8;0;7;13;A01
201500021409;0;7;0;3;2;3;11;A01
201500021409;0;7;0;0;2;3;1;C03
201500021410;0;7;0;0;2;2;13;A01
201500021410;0;7;0;0;0;6;1;B02
201500021411;0;7;0;3;0;8;17;A01
201500021412;0;7;0;13;0;9;13;A01
201500021413;0;7;0;0;2;3;1;B02
201500021413;0;7;0;0;2;3;5;A01
201500021414;0;7;0;0;2;2;2;A01
201500021414;0;7;0;0;2;3;1;B02
201500021415;0;7;0;0;2;4;1;B02
201500021415;0;14;0;0;0;4;1;C03
201500021415;0;14;0;0;2;1;1;A01
201500021416;0;7;0;0;1;1;2;A01
201500021417;0;10;0;0;2;3;1;B02
201500021417;0;7;0;13;2;1;1;A01
201500021418;0;33;0;13;0;1;2;A01
201500021419;0;7;0;13;0;2;1;A01
201500021420;0;7;0;0;2;4;2;B02
201500021420;0;7;0;0;2;1;2;A01
201500021421;0;33;0;0;2;1;5;A01
201500021421;0;7;0;0;2;2;1;B02
201500021422;0;34;0;0;0;8;1;A01
201500021423;0;33;0;0;2;4;2;B02
201500021423;0;7;0;0;2;1;2;A01
201500021424;0;7;0;2;0;1;1;A01
201500021425;0;33;0;0;6;1;1;A01
201500021426;0;2;0;6;0;7;1;A01
201500021427;0;7;0;2;0;1;14;A01
201500021428;0;7;0;2;0;1;13;A01
201500021429;0;33;0;0;0;0;0;A01
201500021430;0;7;0;0;1;2;2;A01
201500021431;0;1;0;0;0;0;1;A01
201500021432;0;7;0;0;0;3;1;B02
201500021432;0;7;0;0;0;3;15;A01
201500021433;0;7;0;0;2;3;9;B02
201500021433;0;7;0;0;2;2;1;A01
201500021434;0;7;0;8;0;1;1;A01
201500021435;0;33;0;0;0;1;21;A01
201500021436;0;7;0;16;0;9;19;A01
201500021437;0;7;0;2;0;1;13;A01
201500021438;0;33;0;0;2;8;1;A01
201500021438;0;7;0;0;2;8;1;B02
201500021439;0;7;0;0;2;3;1;B02
201500021439;0;7;0;0;2;2;15;A01
201500021440;0;99;0;2;0;2;1;B02
201500021440;0;10;0;0;0;0;1;A01
201500021441;0;33;0;16;0;0;0;A01
201500021442;0;21;0;0;0;3;15;B02
201500021442;0;33;0;0;2;1;17;A01
201500021443;0;33;0;12;0;1;13;A01
201500021444;0;7;0;0;2;1;1;B02
201500021444;0;7;0;0;2;1;5;A01
201500021445;0;7;0;0;0;5;5;A01
201500021446;0;7;0;0;2;1;0;B02
201500021446;0;7;0;0;2;1;0;A01
201500021447;0;32;0;4;0;9;1;A01
201500021448;0;30;0;0;2;3;1;B02
201500021448;0;38;1;0;2;5;17;A01
201500021449;0;31;0;0;1;1;1;A01
201500021450;0;31;0;12;0;7;14;A01
201500021451;0;7;0;1;2;1;13;A01
201500021451;0;13;0;0;2;1;1;B02
201500021452;0;7;0;0;1;1;1;A01
201500021453;0;7;0;0;1;2;1;A01
201500021454;0;7;0;0;0;0;16;A01
201500021454;0;7;0;0;2;5;1;B02
201500021454;0;33;0;0;2;1;1;C03
201500021455;0;10;0;8;0;9;13;A01
201500021456;0;33;0;0;2;1;19;A01
201500021456;0;7;0;0;2;2;1;B02
201500021457;0;14;0;0;0;8;1;B02
201500021457;0;33;0;0;0;8;17;A01
201500021458;0;7;0;0;2;8;1;A01
201500021459;0;33;0;16;0;9;17;A01
201500021460;1;7;0;14;1;1;1;A01
201500021461;0;7;0;8;2;7;15;A01
201500021461;0;7;0;0;2;1;1;B02
201500021462;0;7;0;0;2;3;1;A01
201500021462;0;1;0;0;2;7;1;B02
201500021463;0;36;0;13;0;2;1;A01
201500021464;2;7;0;6;0;3;1;A01
201500021465;0;1;0;0;2;8;1;B02
201500021465;0;7;0;0;9;1;19;A01
201500021466;0;7;0;0;2;7;1;A01
201500021466;0;7;0;0;2;1;1;B02
201500021467;0;7;0;3;0;8;13;A01
201500021468;0;7;0;0;2;2;1;A01
201500021468;0;10;0;3;0;3;9;B02
201500021469;0;7;0;0;2;1;2;A01
201500021469;0;7;0;0;2;4;1;B02
201500021469;0;7;0;0;2;1;2;C03
201500021470;0;7;0;0;2;2;13;A01
201500021470;0;15;0;0;2;2;15;B02
201500021471;0;10;0;0;0;0;1;A01
201500021472;0;7;0;0;2;1;2;A01
201500021472;0;7;0;0;0;4;2;B02
201500021473;0;7;0;0;2;2;17;A01
201500021473;0;15;0;0;0;0;1;B02
201500021474;0;7;0;4;0;3;1;A01
201500021475;0;7;0;7;0;1;1;A01
201500021476;0;7;0;4;2;1;17;A01
201500021476;0;7;0;0;2;6;1;B02
201500021477;0;7;0;0;2;2;2;A01
201500021477;0;17;0;0;0;6;2;B02
201500021478;0;7;0;4;0;1;1;A01
201500021479;0;7;0;0;2;1;2;A01
201500021479;0;7;0;0;2;4;2;B02
201500021480;0;7;0;4;0;2;17;A01
201500021480;0;7;0;0;0;4;23;B02
201500021480;0;7;0;1;0;1;0;C03
201500021481;0;7;0;0;2;2;15;A01
201500021481;0;36;0;0;2;3;1;B02
201500021482;0;7;0;0;2;1;1;B01
201500021482;0;7;0;0;2;1;21;A02
201500021483;0;7;0;2;0;2;5;A01
201500021484;0;99;0;13;0;1;1;A01
201500021485;0;7;0;16;0;9;1;A01
201500021486;0;7;0;0;2;3;15;A01
201500021486;0;33;0;0;2;1;1;B02
201500021487;0;30;0;0;2;1;1;B02
201500021487;0;7;0;0;9;2;2;A01
201500021488;0;7;0;0;2;3;1;B02
201500021488;0;7;0;0;2;3;13;A01
201500021489;0;7;0;0;2;3;13;A01
201500021489;0;7;0;0;2;3;1;B02
201500021490;0;13;0;0;2;3;1;B02
201500021490;0;7;0;0;2;3;13;A01
201500021491;0;7;0;0;2;4;23;B02
201500021491;0;7;0;1;1;1;1;A01
201500021492;0;7;0;0;1;2;19;A01
201500021493;0;10;0;2;0;2;2;A01
201500021494;0;7;0;0;2;2;15;A01
201500021494;0;7;0;0;2;3;1;B02
201500021495;0;7;0;0;1;3;1;A01
201500021496;0;10;0;0;1;6;4;A01
201500021497;0;7;0;0;1;1;1;A01
201500021498;0;7;0;0;0;2;1;A01
201500021498;0;30;0;0;0;1;1;B02
201500021499;0;2;0;0;2;8;15;B02
201500021499;0;7;0;0;2;7;17;A01
201500021500;0;7;0;0;1;1;1;A01
201500021501;0;7;0;0;2;3;1;A01
201500021501;0;7;0;0;2;3;15;B01
201500021502;0;7;0;0;2;1;2;A01
201500021502;0;7;0;0;0;0;0;B01
201500021503;0;7;0;0;2;3;15;A01
201500021503;0;7;0;0;2;1;1;B01
201500021504;1;10;0;0;1;3;1;A01
201500021505;0;7;0;0;1;0;0;A01
201500021506;0;1;0;0;2;1;21;B01
201500021506;0;7;0;0;2;1;15;A01
201500021507;0;7;0;0;0;0;0;A01
201500021507;0;1;0;0;2;1;0;B01
201500021508;0;2;0;0;2;2;1;A01
201500021508;0;7;0;0;2;1;15;B01
201500021509;0;30;0;0;2;4;1;A01
201500021509;0;15;0;0;0;4;0;B01
201500021510;0;32;0;0;2;1;17;A01
201500021510;0;7;0;0;2;8;15;B01
201500021511;0;7;0;0;2;1;2;A01
201500021511;0;7;0;0;2;4;2;B01
201500021512;0;30;0;0;2;3;1;A01
201500021512;0;7;0;0;2;7;16;B01
201500021513;0;7;0;0;1;1;1;A01
201500021514;0;7;0;0;2;0;5;A01
201500021514;0;2;0;0;2;1;1;B01
201500021515;0;7;0;0;1;1;1;A01
201500021516;0;7;0;0;2;1;6;A01
201500021516;0;33;0;0;0;0;0;B01
201500021517;0;33;0;0;2;1;1;B01
201500021517;0;7;0;0;2;3;9;A01
201500021518;0;1;0;0;2;1;1;B01
201500021518;0;7;0;0;2;3;16;A01
201500021519;0;7;0;0;1;1;1;A01
201500021520;0;7;0;0;2;3;1;B01
201500021520;1;7;0;0;2;1;0;Z01
201500021521;0;33;0;0;2;1;1;A01
201500021521;0;7;0;0;2;8;1;B01
201500021522;0;1;0;0;2;1;0;A01
201500021522;0;7;0;0;2;6;0;B01
201500021523;0;7;0;0;2;2;15;A01
201500021523;0;30;0;0;2;1;1;B01
201500021524;0;2;0;0;2;7;2;A01
201500021524;0;7;0;0;2;8;15;B01
201500021525;0;33;0;0;2;3;1;A01
201500021525;0;7;0;0;2;1;15;B01
201500021526;0;30;0;0;2;1;9;A01
201500021526;0;7;0;0;2;2;1;B01
201500021527;0;7;0;0;2;1;2;A01
201500021527;0;7;0;0;0;6;1;B01
201500021528;0;7;0;0;2;8;22;A01
201500021528;0;1;0;1;0;1;1;B01
201500021529;0;7;0;0;2;6;9;A01
201500021529;0;7;0;0;2;1;1;B01
201500021530;0;32;0;0;1;0;0;A01
201500021531;0;1;0;0;2;1;5;A01
201500021531;0;7;0;0;9;2;0;B01
201500021532;0;10;0;0;2;2;1;A01
201500021532;0;7;0;0;2;3;1;B01
201500021533;0;30;0;0;2;5;12;A01
201500021533;0;7;0;0;2;1;1;B01
201500021534;2;7;0;0;2;3;15;A01
201500021534;0;30;0;0;2;2;17;B01
201500021535;0;13;0;1;0;1;6;A01
201500021536;0;7;0;0;1;2;1;A01
201500021537;0;7;0;0;1;1;9;A01
201500021538;0;7;0;0;2;5;1;A01
201500021538;0;7;0;0;2;1;9;B01
201500021539;0;7;0;0;1;7;1;A01
201500021540;0;7;0;12;0;1;1;A01
201500021541;0;7;0;0;1;1;1;A01
201500021542;0;37;1;0;1;0;0;A01
201500021543;0;7;0;2;0;8;0;A01
201500021544;0;7;0;0;2;2;0;A01
201500021544;0;30;0;0;0;0;0;B01
201500021545;0;7;0;0;2;2;16;A01
201500021545;0;31;0;0;0;6;1;B01
201500021546;0;7;0;0;1;0;0;A01
201500021547;0;10;0;0;2;1;1;A01
201500021547;0;7;0;0;2;4;1;B01
201500021547;0;7;0;0;0;4;1;C01
201500021548;0;7;0;0;1;4;4;A01
201500021549;0;1;0;0;2;1;1;A01
201500021549;0;7;0;0;2;3;9;B01
201500021550;0;7;0;0;2;3;19;A01
201500021550;0;30;0;0;2;1;1;B01
201500021551;0;2;0;0;0;0;0;A01
201500021552;0;7;0;0;2;1;0;A01
201500021552;0;7;0;6;2;2;1;B01
201500021553;0;40;1;0;2;1;1;B01
201500021553;0;7;0;0;4;0;19;A01
201500021554;0;7;0;0;1;3;6;A01
201500021555;0;7;0;0;2;2;0;A01
201500021555;0;7;0;0;2;0;0;B01
201500021555;0;7;0;0;0;0;0;C01
201500021556;0;14;0;0;2;1;1;B01
201500021556;0;7;0;0;2;8;19;A01
201500021557;0;7;0;0;2;1;1;A01
201500021557;0;7;0;0;2;4;0;B01
201500021557;0;7;0;0;2;4;0;C01
201500021558;0;7;0;0;2;1;1;A01
201500021558;0;7;0;0;2;0;0;B01
201500021558;0;7;0;0;2;4;0;C01
201500021559;0;7;0;0;1;1;16;A01
201500021560;0;7;0;0;1;3;1;A01
201500021561;0;1;0;0;2;3;0;A01
201500021561;0;7;0;0;2;2;0;B01
201500021562;0;7;0;0;1;2;0;A01
201500021563;0;7;0;0;2;0;0;A01
201500021563;0;7;0;0;2;4;0;B01
201500021564;0;33;0;0;2;1;0;A01
201500021564;0;7;0;0;2;6;0;B01
201500021565;0;7;0;0;2;1;1;A01
201500021565;0;10;0;0;2;8;1;B01