num_acc;senc;catv;occutc;obs;obsm;choc;manv;num_veh
201500022309;0;7;0;0;2;3;9;B02
201500022310;0;33;0;16;0;0;0;A01
201500022311;0;7;0;0;2;3;1;C03
201500022311;0;7;0;0;2;3;13;A01
201500022311;0;7;0;0;2;1;1;D04
201500022311;0;33;0;0;2;8;1;B02
201500022312;0;7;0;0;2;3;13;A01
201500022312;0;7;0;0;2;3;1;B02
201500022313;0;10;0;13;0;2;15;A01
201500022314;0;36;0;0;2;1;13;A01
201500022314;0;14;0;0;2;1;1;B02
201500022315;0;30;0;0;2;1;21;A01
201500022315;0;7;0;0;2;5;1;B02
201500022315;0;7;0;0;2;1;24;C03
201500022316;0;2;0;0;2;7;13;B02
201500022316;0;7;0;0;2;4;10;A01
201500022317;0;14;0;0;2;7;1;B02
201500022317;0;7;0;0;2;3;1;A01
201500022318;0;7;0;0;2;2;15;A01
201500022318;0;7;0;0;2;3;1;B02
201500022319;0;7;0;5;2;7;1;B02
201500022319;0;7;0;0;2;2;19;A01
201500022320;0;7;0;16;0;3;16;A01
201500022321;0;7;0;0;6;0;1;A01
201500022322;0;7;0;0;2;3;1;A01
201500022322;0;7;0;0;2;3;1;B02
201500022323;0;7;0;16;0;1;13;A01
201500022324;0;7;0;0;1;2;1;A01
201500022325;0;7;0;0;2;1;1;B02
201500022325;0;7;0;0;2;7;15;A01
201500022326;0;7;0;0;0;3;0;A01
201500022326;0;10;0;0;0;3;1;B02
201500022327;0;31;0;0;2;1;1;B02
201500022327;0;7;0;0;2;1;15;A01
201500022328;0;7;0;2;2;7;1;A01
201500022328;0;7;0;0;2;1;1;B02
201500022329;0;7;0;0;2;1;1;A01
201500022329;0;7;0;0;2;1;13;B02
201500022330;0;7;0;0;2;2;1;A01
201500022330;0;7;0;0;;6;1;B02
201500022331;0;7;0;0;;8;1;B02
201500022331;0;33;0;0;2;8;13;A01
201500022332;0;7;0;13;0;1;13;A01
201500022333;0;7;0;0;2;4;23;D04
201500022333;0;21;0;0;0;6;2;B02
201500022333;0;7;0;14;0;1;5;E05
201500022333;0;7;0;0;9;3;5;C03
201500022333;0;7;0;0;2;1;2;A01
201500022334;0;7;0;0;2;1;1;B02
201500022334;0;7;0;0;2;1;5;A01
201500022335;0;30;0;0;2;6;2;B02
201500022335;0;33;0;0;2;2;2;A01
201500022336;0;7;0;2;0;1;1;A01
201500022337;0;7;0;2;0;1;1;A01
201500022338;0;7;0;0;2;5;2;B01
201500022338;0;30;0;0;2;1;2;A01
201500022339;0;7;0;0;2;3;0;A01
201500022339;0;7;0;0;2;3;0;B01
201500022340;0;7;0;1;0;2;14;A01
201500022341;0;7;0;0;2;0;0;A01
201500022341;0;1;0;0;2;1;1;B01
201500022342;1;7;0;0;1;0;0;A01
201500022343;0;7;0;13;0;0;13;A01
201500022344;0;1;0;0;2;1;1;B01
201500022344;0;7;0;0;2;5;15;A01
201500022345;0;7;0;13;0;1;1;A01
201500022346;0;7;0;0;1;1;1;A01
201500022347;0;7;0;0;2;2;1;A01
201500022347;0;2;0;0;2;1;9;B01
201500022348;0;7;0;0;2;3;0;A01
201500022348;0;7;0;6;2;2;0;B01
201500022349;0;7;0;0;2;4;2;B01
201500022349;0;7;0;0;2;1;0;A01
201500022349;0;7;0;0;2;4;2;C01
201500022350;0;7;0;0;1;3;1;A01
201500022351;0;7;0;0;9;7;0;A01
201500022351;0;1;0;0;2;0;16;B01
201500022352;0;7;0;12;0;2;0;A01
201500022353;0;7;0;8;0;9;13;A01
201500022354;0;10;0;0;2;0;0;B01
201500022354;0;7;0;0;2;4;2;A01
201500022355;0;7;0;0;1;2;1;A01
201500022356;0;7;0;0;2;2;15;B01
201500022356;0;7;0;0;2;1;1;A01
201500022357;0;7;0;0;1;1;9;A01
201500022358;0;7;0;15;9;9;13;A01
201500022359;0;1;0;0;2;4;1;B01
201500022359;0;7;0;0;9;2;17;A01
201500022360;0;31;0;3;0;2;1;A01
201500022361;0;7;0;16;0;1;1;A01
201500022362;0;7;0;0;2;5;1;B01
201500022362;0;7;0;0;2;1;1;A01
201500022363;0;7;0;9;0;2;0;A01
201500022364;0;2;0;0;0;0;1;A01
201500022365;0;7;0;0;0;9;1;A01
201500022366;0;7;0;0;2;1;1;A01
201500022366;0;7;0;0;2;4;15;B01
201500022367;0;7;0;0;2;1;2;A01
201500022367;0;7;0;0;1;1;1;B01
201500022368;0;7;0;0;1;0;0;A01
201500022369;0;2;0;0;2;8;2;B01
201500022369;0;7;0;0;2;1;2;A01
201500022370;0;1;0;0;2;1;1;B01
201500022370;0;7;0;0;2;2;15;A01
201500022371;0;7;0;0;2;1;1;A01
201500022371;0;7;0;0;2;4;1;B01
201500022372;0;7;0;0;2;1;2;A01
201500022372;0;7;0;0;2;6;0;B01
201500022373;0;1;0;0;2;8;15;B01
201500022373;0;7;0;0;9;2;1;A01
201500022374;0;31;0;0;0;1;1;A01
201500022375;0;33;0;0;0;8;1;A01
201500022376;0;7;0;0;1;2;0;A01
201500022377;0;7;0;16;2;3;1;A01
201500022377;0;7;0;0;2;3;5;B01
201500022378;0;7;0;0;2;1;9;A01
201500022378;0;7;0;0;2;5;0;B01
201500022379;0;7;0;0;2;1;1;A01
201500022379;0;7;0;0;2;4;15;B01
201500022380;0;10;0;0;1;4;20;A01
201500022381;0;7;0;0;2;3;0;B01
201500022381;0;7;0;0;2;3;15;A01
201500022382;0;7;0;13;0;1;1;A01
201500022383;0;7;0;0;2;2;1;A01
201500022383;0;99;0;0;2;6;1;B01
201500022384;0;1;0;0;2;8;13;B01
201500022384;0;7;0;0;2;7;1;A01
201500022385;0;7;0;2;0;1;1;A01
201500022386;0;7;0;1;2;3;9;A01
201500022386;0;7;0;0;2;2;1;B02
201500022386;0;7;0;0;2;3;0;C03
201500022387;0;7;0;5;0;1;1;A01
201500022388;0;14;0;0;2;3;21;A01
201500022388;0;7;0;0;2;1;1;B02
201500022389;1;10;0;0;2;7;6;A01
201500022389;0;30;0;0;2;1;1;B02
201500022390;0;7;0;0;1;3;13;A01
201500022391;0;7;0;0;2;7;1;B01
201500022391;0;31;0;0;2;0;0;A01
201500022392;0;33;0;0;2;3;1;B01
201500022392;0;7;0;0;2;3;1;A01
201500022393;0;7;0;0;2;8;0;A01
201500022393;0;33;0;0;2;1;0;B01
201500022394;0;7;0;8;0;1;0;A01
201500022395;0;7;0;0;2;0;0;A01
201500022395;0;1;0;0;2;0;0;B01
201500022396;0;7;0;0;1;1;0;A01
201500022397;0;7;0;0;2;0;0;A01
201500022397;0;33;0;0;2;1;0;B01
201500022398;0;20;0;0;2;4;23;B01
201500022398;0;7;0;0;2;1;2;A01
201500022399;0;7;0;0;1;2;0;A01
201500022400;0;7;0;0;2;1;0;A01
201500022400;0;33;0;0;2;3;1;B01
201500022401;0;7;0;0;1;0;0;A01
201500022402;0;7;0;0;2;3;0;A01
201500022402;0;33;0;0;2;0;0;B01
201500022403;0;7;0;0;2;1;0;A01
201500022403;0;7;0;0;0;4;0;C01
201500022403;0;7;0;0;2;4;0;B01
201500022404;0;30;0;0;1;1;1;A01
201500022405;0;10;0;0;2;7;12;A01
201500022405;0;32;0;0;2;8;1;B01
201500022406;0;33;0;0;1;1;1;A01
201500022407;0;7;0;0;1;8;0;A01
201500022408;0;7;0;0;2;7;0;B01
201500022408;0;33;0;0;2;3;0;A01
201500022409;0;7;0;0;2;0;0;B01
201500022409;0;7;0;0;2;6;0;A01
201500022410;0;7;0;0;2;1;0;A01
201500022410;0;7;0;0;2;4;0;B01
201500022411;0;7;0;14;0;1;0;A01
201500022412;0;7;0;0;1;1;15;A01
201500022413;0;7;0;0;2;7;0;A01
201500022413;0;1;0;0;2;0;0;B01
201500022414;0;7;0;0;0;0;1;A01
201500022415;0;30;0;15;2;1;17;B01
201500022415;0;7;0;0;9;8;15;A01
201500022416;0;7;0;0;2;1;0;A01
201500022416;0;30;0;0;2;1;1;B01
201500022417;0;31;0;0;2;0;0;A01
201500022417;0;7;0;0;2;0;0;B01
201500022418;0;31;0;0;2;3;1;B01
201500022418;0;7;0;0;2;1;15;A01
201500022419;0;7;0;0;2;0;0;B01
201500022419;0;14;0;0;2;0;0;A01
201500022420;0;10;0;0;0;1;0;A01
201500022421;0;7;0;0;1;2;15;A01
201500022422;0;7;0;0;1;2;1;A01
201500022423;0;7;0;0;2;0;0;B01
201500022423;0;7;0;0;2;0;0;C01
201500022423;0;7;0;0;2;0;0;A01
201500022424;0;1;0;0;2;0;0;B01
201500022424;0;7;0;0;2;0;0;A01
201500022425;0;33;0;0;2;0;0;B01
201500022425;0;7;0;0;2;0;0;A01
201500022426;0;7;0;0;2;1;1;A01
201500022426;0;7;0;0;2;1;1;B01
201500022427;0;30;0;0;2;1;0;A01
201500022427;0;7;0;0;0;1;0;B01
201500022428;0;37;1;0;1;2;15;A01
201500022429;0;1;0;0;0;0;0;B01
201500022429;0;7;0;0;0;0;0;A01
201500022430;0;31;0;0;2;2;0;A01
201500022430;0;7;0;0;2;2;0;B01
201500022431;0;7;0;0;2;8;0;B01
201500022431;0;7;0;0;2;1;0;A01
201500022432;0;7;0;0;1;0;0;A01
201500022433;0;7;0;0;2;1;0;A01
201500022433;0;33;0;0;2;0;0;B01
201500022434;1;7;0;0;2;0;0;Z01
201500022434;0;1;0;0;2;8;0;B01
201500022435;0;30;0;0;2;0;0;B01
201500022435;0;7;0;0;2;0;0;A01
201500022436;0;1;0;0;2;0;0;A01
201500022436;0;7;0;0;2;0;0;B01
201500022437;0;7;0;0;2;0;0;B01
201500022437;0;7;0;0;2;0;0;A01
201500022438;0;7;0;0;2;0;0;B01
201500022438;0;7;0;0;2;0;0;A01
201500022439;0;7;0;0;2;5;1;B01
201500022439;0;33;0;0;2;1;2;A01
201500022440;0;34;0;0;2;0;0;A01
201500022440;0;7;0;0;2;0;0;B01
201500022441;0;33;0;0;0;0;0;A01
201500022442;0;7;0;0;2;3;11;A01
201500022442;0;33;0;0;2;2;0;B01
201500022443;0;34;0;0;2;1;0;A01
201500022443;0;7;0;0;0;0;0;B01
201500022444;0;7;0;0;2;4;1;B01
201500022444;0;7;0;0;2;1;1;A01
201500022445;0;7;0;0;2;1;0;A01
201500022445;0;7;0;0;2;1;0;B01
201500022446;0;7;0;0;9;1;0;A01
201500022446;0;1;0;0;2;0;0;B01
201500022447;0;33;0;0;9;1;0;A01
201500022448;0;34;0;0;0;1;0;A01
201500022449;0;30;0;0;2;1;0;A01
201500022449;1;99;0;0;0;0;0;Z01
201500022450;0;7;0;0;2;6;1;A01
201500022451;0;10;0;0;2;1;1;B01
201500022451;0;10;0;0;2;3;15;A01
201500022452;0;33;0;0;2;1;1;B01
201500022452;0;7;0;0;2;2;15;A01
201500022453;0;7;0;0;2;0;0;A01
201500022453;0;7;0;0;2;0;0;B01
201500022454;0;7;0;0;2;4;1;A01
201500022454;0;7;0;0;2;1;1;B01
201500022455;0;7;0;0;2;0;0;B01
201500022455;0;7;0;0;2;0;0;A01
201500022456;0;7;0;0;0;0;0;A01
201500022457;0;10;0;0;0;0;0;A01
201500022457;0;1;0;1;0;1;1;B01
201500022458;0;7;0;0;2;0;0;A01
201500022458;0;31;0;0;2;0;0;B01
201500022459;0;7;0;0;2;0;11;B01
201500022459;0;33;0;0;2;7;3;A01
201500022460;0;10;0;0;2;0;15;B01
201500022460;0;33;0;0;2;0;17;A01
201500022461;0;7;0;0;2;0;0;B01
201500022461;0;10;0;0;2;0;0;A01
201500022462;0;7;0;0;2;3;11;A01
201500022462;0;33;0;0;2;2;1;B01
201500022463;0;7;0;0;1;1;0;A01
201500022464;0;7;0;0;2;1;2;A01
201500022464;0;33;0;0;2;4;0;B01
201500022465;0;7;0;0;2;0;0;A01
201500022465;0;7;0;0;2;0;0;B01
201500022466;0;7;0;0;1;0;1;A01
201500022467;0;7;0;0;2;2;0;A01
201500022467;0;32;0;0;2;1;0;B01
201500022468;0;7;0;0;2;5;15;B01
201500022468;0;7;0;0;2;3;15;A01
201500022469;0;7;0;0;2;0;0;B01
201500022469;0;7;0;0;2;0;0;A01
201500022470;0;7;0;0;2;4;15;B01
201500022470;0;33;0;0;2;1;1;A01
201500022471;0;7;0;0;2;1;0;A01
201500022472;0;7;0;0;1;3;0;A01
201500022473;0;3;0;0;0;4;0;B01
201500022473;0;7;0;0;2;0;0;A01
201500022474;0;32;0;0;2;8;1;B01
201500022474;0;7;0;0;2;2;0;A01
201500022475;0;1;0;0;2;0;0;B01
201500022475;0;10;0;0;9;7;0;A01
201500022476;0;7;0;0;2;9;0;B01
201500022476;0;7;0;0;2;1;1;A01
201500022476;0;7;0;0;2;4;1;C01
201500022477;0;32;0;0;2;0;0;B01
201500022477;0;7;0;0;2;0;0;A01
201500022478;0;7;0;1;0;9;14;A01
201500022479;0;7;0;0;2;8;0;A01
201500022479;0;33;0;0;2;7;0;B01
201500022480;0;7;0;0;2;4;1;A01
201500022480;1;7;0;0;2;0;0;Z01
201500022481;0;7;0;0;2;8;1;A01
201500022481;0;15;0;0;2;0;0;B01
201500022482;0;7;0;0;1;2;1;A01
201500022483;0;30;0;0;2;1;1;A01
201500022483;0;7;0;0;2;8;0;B01
201500022484;0;7;0;0;2;2;7;A01
201500022484;0;7;0;0;0;0;0;B01
201500022485;0;7;0;0;1;0;0;A01
201500022486;0;33;0;0;2;1;1;B01
201500022486;0;7;0;0;2;8;1;A01
201500022487;0;32;0;0;2;1;0;B01
201500022487;0;7;0;0;2;1;0;A01
201500022488;0;7;0;0;2;8;17;B01
201500022488;0;7;0;0;2;1;0;A01
201500022489;0;7;0;1;1;0;0;A01
201500022490;0;7;0;0;1;3;1;A01
201500022491;0;7;0;0;1;0;0;A01
201500022492;0;7;0;0;2;0;0;A01
201500022492;0;7;0;0;2;8;0;B01
201500022493;0;7;0;14;0;1;13;A01
201500022494;0;1;0;0;0;0;0;B01
201500022494;0;7;0;0;0;0;0;A01
201500022495;0;32;0;0;0;1;0;A01
201500022496;0;31;0;0;2;1;17;A01
201500022496;0;7;0;0;2;1;15;B01
201500022497;0;7;0;5;0;0;0;A01
201500022497;0;7;0;0;0;9;0;B01
201500022498;0;31;0;0;1;1;7;A01
201500022499;0;7;0;0;0;6;0;B01
201500022500;0;7;0;0;2;1;1;B01
201500022500;0;7;0;0;2;8;10;A01
201500022501;0;1;0;0;2;0;0;B01
201500022501;0;7;0;0;0;0;0;A01
201500022502;0;7;0;0;2;1;1;B01
201500022502;0;7;0;0;2;1;17;A01
201500022503;0;1;0;0;0;0;0;A01
201500022504;0;31;0;0;2;1;1;B01
201500022504;0;7;0;0;2;5;4;A01
201500022505;0;1;0;0;2;0;0;B01
201500022505;0;7;0;0;2;0;0;A01
201500022506;0;7;0;0;2;3;0;A01
201500022506;0;33;0;0;2;0;0;B01
201500022507;0;32;0;0;1;1;1;A01
201500022508;0;33;0;0;2;0;0;A01
201500022508;0;7;0;0;2;3;0;B01
201500022509;0;7;0;0;0;4;1;B01
201500022509;0;7;0;0;2;1;2;A01
201500022510;0;7;0;0;2;1;1;B01
201500022510;0;7;0;0;2;1;5;A01
201500022511;0;31;0;0;0;7;0;A01
201500022511;0;7;0;0;0;0;0;B01
201500022512;0;7;0;0;0;0;0;A01
201500022513;0;7;0;0;1;1;1;A01
201500022514;0;10;0;0;1;0;0;A01
201500022515;0;7;0;0;1;7;1;A01
201500022516;1;10;0;0;2;0;0;Z01
201500022516;0;31;0;0;2;1;1;A01
201500022517;0;2;0;0;2;1;0;A01
201500022517;0;7;0;0;0;4;0;B01
201500022518;0;7;0;0;2;0;0;B01
201500022518;0;33;0;0;2;7;14;A01
201500022519;0;7;0;0;0;1;0;A01
201500022520;0;31;0;0;2;0;0;B01
201500022520;0;7;0;0;2;0;0;A01
201500022521;0;30;0;0;2;8;0;A01
201500022521;0;7;0;0;2;2;1;B01
201500022522;0;7;0;1;2;3;14;A01
201500022522;1;7;0;0;2;0;0;Z01
201500022523;0;7;0;0;1;5;0;A01
201500022524;0;33;0;0;0;7;0;A01
201500022525;0;7;0;0;2;4;2;B01
201500022525;0;7;0;0;2;2;2;A01
201500022526;0;7;0;0;2;2;1;A01
201500022526;0;7;0;0;2;3;1;B01
201500022527;0;7;0;0;1;0;0;A01
201500022528;0;7;0;0;2;1;1;B01
201500022528;0;33;0;0;0;8;0;A01
201500022529;0;1;0;0;2;8;0;B01
201500022529;0;14;0;0;2;7;0;A01
201500022530;0;7;0;0;2;1;0;A01
201500022530;0;7;0;0;2;4;0;B01
201500022531;0;33;0;0;2;0;0;A01
201500022532;0;7;0;0;1;0;0;A01
201500022533;2;30;0;0;2;1;0;Z01
201500022533;0;30;0;0;2;1;0;B01
201500022534;0;7;0;1;1;0;0;A01
201500022535;0;7;0;0;2;0;0;A01
201500022535;0;31;0;0;2;0;0;B01
201500022536;0;33;0;0;0;0;0;A01
201500022537;0;7;0;0;2;6;0;B01
201500022537;0;2;0;0;2;1;0;A01
201500022538;0;2;0;0;2;0;0;A01
201500022538;0;7;0;0;2;0;0;B01
201500022539;0;7;0;0;2;0;0;B01
201500022539;0;1;0;0;2;0;0;A01
201500022540;0;7;0;0;2;0;0;A01
201500022540;0;30;0;0;2;0;0;B01
201500022541;0;7;0;0;2;2;15;A01
201500022541;0;1;0;0;2;1;1;B01
201500022542;0;7;0;0;2;0;0;B01
201500022542;0;1;0;0;2;0;0;A01
201500022543;0;7;0;0;1;3;1;A01
201500022544;0;33;0;0;0;1;0;A01
201500022545;0;3;0;0;2;1;0;A01
201500022545;0;7;0;0;2;4;0;C01
201500022545;0;7;0;0;2;4;0;B01
201500022546;0;7;0;0;2;8;1;B01
201500022546;0;32;0;3;2;7;13;A01
201500022547;0;7;0;0;2;3;0;B01
201500022547;0;30;0;0;2;2;0;A01
201500022548;0;7;0;0;2;8;1;A01
201500022548;0;30;0;0;2;2;0;B01
201500022549;0;7;0;0;2;8;1;B01
201500022549;0;30;0;1;2;2;15;A01
201500022550;0;7;0;0;2;5;0;B01
201500022550;0;2;0;0;2;1;1;A01
201500022551;0;7;0;9;0;0;0;A01
201500022552;0;7;0;0;2;1;1;A01
201500022552;0;7;0;0;2;4;1;B01
201500022553;0;7;0;0;1;2;0;A01
201500022554;0;7;0;0;2;0;1;B01
201500022554;0;7;0;0;2;6;0;A01
201500022555;0;7;0;0;1;1;0;A01
201500022556;0;7;0;0;2;7;1;A01
201500022556;0;7;0;0;2;1;15;B01
201500022557;0;30;0;0;0;0;0;A01
201500022558;0;33;0;0;2;7;1;B01
201500022558;0;7;0;0;2;8;15;A01
201500022559;0;14;0;0;2;2;12;A01
201500022559;0;7;0;3;2;8;1;B01
201500022560;0;31;0;0;2;7;1;A01
201500022560;1;7;0;0;2;0;15;Z01
201500022561;0;7;0;0;2;2;1;A01
201500022561;0;2;0;0;2;6;1;B01
201500022562;0;7;0;0;2;4;1;B01
201500022562;0;7;0;0;2;1;1;A01
201500022563;0;7;0;0;2;5;0;A01
201500022563;0;7;0;0;2;1;0;B01
201500022564;0;33;0;0;2;7;1;B01
201500022564;0;7;0;0;2;4;1;C01
201500022564;0;7;0;0;2;2;12;A01
201500022565;0;7;0;0;2;0;0;A01
201500022566;0;33;0;0;2;7;17;A01
201500022566;0;7;0;0;2;1;15;B01
201500022567;1;7;0;0;1;0;0;Z01
201500022568;0;7;0;0;1;2;17;A01
201500022569;0;33;0;0;2;7;0;A01
201500022569;0;7;0;0;2;5;0;B01
201500022570;0;1;0;0;2;7;0;B01
201500022570;0;7;0;0;2;1;1;A01
201500022571;0;33;0;0;2;7;0;A01
201500022571;0;7;0;0;2;5;0;B01
201500022572;0;7;0;0;0;9;0;A01
201500022573;0;7;0;0;2;3;15;A01
201500022573;0;1;0;0;2;1;1;B01
201500022574;0;1;0;0;2;1;1;A01
201500022574;0;7;0;0;2;2;1;B01
201500022575;0;7;0;0;1;1;1;A01
201500022576;0;1;0;0;2;8;0;A01
201500022576;0;10;0;0;9;7;0;B01
201500022577;0;2;0;0;2;7;17;A01
201500022577;0;7;0;0;2;8;0;B01
201500022578;0;7;0;0;2;3;1;B01
201500022578;0;7;0;0;2;8;15;A01
201500022579;2;7;0;0;2;1;1;A01
201500022579;0;7;0;0;2;3;1;B01
201500022580;0;30;0;0;2;7;0;B01
201500022580;0;7;0;0;2;8;0;A01
201500022581;0;7;0;0;2;1;1;A01
201500022581;0;7;0;0;2;4;1;B01
201500022582;0;7;0;0;0;9;1;A01
201500022583;0;7;0;0;2;4;1;B01
201500022583;0;7;0;0;2;1;1;A01
201500022583;0;7;0;0;2;4;1;C01
201500022584;0;33;0;0;2;1;0;A01
201500022584;0;7;0;0;2;2;15;B01
201500022585;0;7;0;0;2;8;0;A01
201500022585;0;33;0;0;2;1;0;B01
201500022586;0;30;0;0;2;0;0;B01
201500022586;0;1;0;0;2;7;0;A01
201500022587;0;7;0;0;2;0;15;A01
201500022587;0;33;0;0;2;0;0;B01
201500022588;0;7;0;0;2;1;0;A01
201500022588;0;7;0;0;2;9;0;C01
201500022588;0;7;0;0;2;4;0;D01
201500022588;0;7;0;0;2;9;0;B01
201500022589;0;7;0;0;2;2;12;A01
201500022589;0;7;0;0;2;8;1;B01
201500022590;0;7;0;0;2;1;0;A01
201500022591;0;1;0;0;0;1;1;B01
201500022591;0;7;0;0;2;5;15;A01
201500022592;0;30;0;0;2;7;0;B01
201500022592;0;7;0;0;2;8;0;A01
201500022593;0;2;0;0;2;1;2;A01
201500022593;0;7;0;0;2;4;0;B01
201500022594;0;7;0;0;1;1;1;A01
201500022595;0;7;0;0;2;0;0;B01
201500022595;0;2;0;0;0;0;10;A01
201500022596;0;7;0;0;2;0;0;B01
201500022596;0;33;0;0;2;0;0;A01
201500022597;0;33;0;0;2;0;1;A01
201500022597;0;7;0;0;2;0;15;B01
201500022598;0;37;1;0;2;1;0;B01
201500022598;0;7;0;0;2;8;0;A01
201500022599;0;33;0;0;0;7;1;B01
201500022599;0;7;0;0;0;0;15;A01
201500022600;0;7;0;0;2;1;0;A01
201500022600;0;33;0;0;2;1;0;B01
201500022601;0;1;0;0;2;8;19;B01
201500022601;0;10;0;0;2;1;1;A01
201500022602;0;33;0;0;2;0;0;B01
201500022602;0;7;0;0;2;0;0;A01
201500022603;0;7;0;0;2;2;1;A01
201500022603;0;1;0;0;2;0;0;B01
201500022604;0;40;1;0;2;0;0;B01
201500022604;0;7;0;0;4;0;2;A01
201500022605;0;7;0;0;2;1;13;A01
201500022605;0;7;0;0;2;1;1;B01
201500022606;0;7;0;0;2;3;16;A01
201500022606;0;32;0;0;2;2;1;B01
201500022607;0;34;0;0;2;0;0;A01
201500022607;0;7;0;0;2;6;10;B01
201500022608;0;32;0;0;1;0;0;Z01
201500022609;0;7;0;0;2;4;1;B01
201500022609;0;7;0;0;2;3;1;A01
201500022610;0;7;0;0;2;3;15;A01
201500022610;0;32;0;0;2;1;1;B01
201500022611;0;7;0;0;2;0;0;A01
201500022611;0;7;0;0;2;0;0;B01
201500022612;0;32;0;0;0;0;0;A01
201500022613;0;7;0;0;2;0;1;B01
201500022613;0;7;0;0;2;0;1;A01
201500022614;0;31;0;0;2;0;0;B01
201500022614;0;7;0;0;2;0;0;A01
201500022615;0;7;0;0;0;9;0;A01
201500022616;0;7;0;0;2;4;1;B01
201500022616;0;2;0;0;2;1;1;A01
201500022617;0;7;0;0;2;1;1;A01
201500022617;0;2;0;0;2;9;1;B01
201500022617;0;7;0;0;2;4;1;C01
201500022618;1;7;0;0;2;1;0;Z01
201500022618;0;7;0;0;2;4;1;B01
201500022619;0;7;0;0;2;0;16;B01
201500022619;0;37;1;0;2;0;0;A01
201500022620;0;7;0;0;2;0;0;A01
201500022620;0;7;0;0;2;0;0;B01
201500022621;0;7;0;0;0;9;1;A01
201500022622;0;1;0;0;1;1;1;A01
201500022623;0;10;0;4;2;4;1;B01
201500022623;0;10;0;0;2;1;1;A01
201500022624;0;7;0;0;2;1;1;A01
201500022624;0;7;0;0;2;1;1;B01
201500022624;0;7;0;0;2;4;1;C01
201500022625;0;7;0;0;2;0;11;A01
201500022625;0;2;0;0;2;0;17;B01
201500022626;0;33;0;0;2;1;1;A01
201500022626;0;7;0;0;2;5;1;B01
201500022627;0;7;0;0;1;1;15;A01
201500022628;0;31;0;0;1;0;0;A01
201500022629;1;2;0;0;1;0;0;Z01
201500022630;0;7;0;0;2;0;10;A01
201500022630;0;33;0;0;2;0;1;B01
201500022631;0;33;0;0;2;0;0;A01
201500022631;0;7;0;0;2;0;0;B01
201500022632;0;7;0;0;2;0;1;B01
201500022632;0;7;0;0;2;0;1;C01
201500022632;0;7;0;0;2;0;1;A01
201500022633;0;7;0;0;2;4;1;B01
201500022633;0;7;0;0;2;1;1;A01
201500022634;0;7;0;0;2;4;1;B01
201500022634;0;7;0;0;2;1;1;A01
201500022635;0;7;0;0;2;1;1;A01
201500022635;0;7;0;0;2;4;1;B01
201500022636;2;2;0;0;1;0;0;Z01
201500022637;0;33;0;0;2;1;0;B01
201500022637;0;7;0;0;2;0;0;A01
201500022638;0;33;0;0;2;1;1;A01
201500022638;0;7;0;0;2;4;1;B01
201500022639;0;13;0;0;2;3;1;A01
201500022639;0;7;0;0;2;4;1;B01
201500022640;0;7;0;0;1;8;15;A01
201500022641;0;33;0;0;2;3;0;A01
201500022641;0;7;0;0;2;0;1;B01
201500022642;0;7;0;0;2;3;16;B01
201500022642;0;1;0;0;2;1;0;A01
201500022643;0;1;0;0;2;0;1;B01
201500022643;0;7;0;0;2;0;1;A01
201500022644;0;33;0;0;2;0;0;A01
201500022644;0;7;0;0;2;0;15;B01
201500022645;1;7;0;0;1;0;0;Z01
201500022646;0;7;0;0;1;0;4;A01
201500022647;0;7;0;0;2;0;0;A01
201500022647;0;1;0;0;2;0;0;B01
201500022648;0;31;0;0;2;0;1;B01
201500022648;0;7;0;0;2;0;17;A01
201500022649;0;31;0;0;2;0;1;A01
201500022649;0;7;0;0;2;0;15;B01
201500022650;0;33;0;0;0;0;0;A01
201500022650;0;7;0;0;2;8;1;B01
201500022651;0;7;0;0;2;3;2;A01
201500022651;0;33;0;0;2;4;2;B01
201500022652;0;31;0;0;2;1;15;A01
201500022652;1;7;0;0;2;0;1;Z01
201500022653;0;7;0;0;2;4;1;C01
201500022653;0;7;0;0;2;1;1;A01
201500022653;0;7;0;0;2;4;1;B01
201500022654;0;7;0;0;2;2;0;A01
201500022654;0;7;0;0;2;0;0;B01
201500022654;0;10;0;0;2;2;1;C01
201500022655;0;10;0;0;0;9;0;A01
201500022656;0;14;0;0;1;0;4;A01
201500022657;0;33;0;0;2;1;1;B01
201500022657;0;7;0;0;2;1;15;A01
201500022658;0;32;0;0;2;1;1;A01
201500022658;0;7;0;0;2;0;9;B01
201500022659;0;7;0;0;2;3;15;A01
201500022659;0;33;0;0;2;3;1;B01
201500022660;1;7;0;0;2;0;0;Z01
201500022660;0;7;0;0;2;4;0;C01
201500022660;0;7;0;0;2;4;0;B01
201500022661;0;7;0;0;1;0;0;A01
201500022662;0;10;0;0;2;0;16;A01
201500022662;0;1;0;0;2;0;0;B01
201500022663;0;33;0;0;2;0;0;A01
201500022663;0;7;0;0;2;0;15;B01
201500022664;0;7;0;0;0;6;0;B01
201500022664;0;30;0;0;2;2;0;A01
201500022665;0;7;0;0;2;0;2;C01
201500022665;0;7;0;0;2;4;2;B01
201500022665;0;7;0;0;2;0;2;A01
201500022666;0;7;0;0;2;4;1;C01
201500022666;0;7;0;0;2;1;1;A01
201500022666;0;7;0;0;2;4;1;B01
201500022667;0;7;0;0;2;1;1;A01
201500022667;0;7;0;0;2;4;1;B01
201500022668;0;34;0;0;2;0;15;A01
201500022668;1;7;0;0;0;0;0;Z01
201500022669;0;1;0;0;2;1;1;B01
201500022669;0;7;0;0;2;2;9;A01
201500022670;0;7;0;0;2;3;9;B01