num_acc;senc;catv;occutc;obs;obsm;choc;manv;num_veh
201500022670;0;1;0;0;2;1;1;A01
201500022671;0;33;0;0;2;1;15;A01
201500022671;0;7;0;0;2;8;15;B01
201500022672;0;7;0;0;2;0;13;A01
201500022672;0;1;0;0;2;0;13;B01
201500022673;0;2;0;0;2;0;0;A01
201500022673;0;7;0;0;2;0;15;B01
201500022674;0;7;0;0;1;0;1;A01
201500022675;0;33;0;0;2;0;17;A01
201500022675;0;7;0;0;2;0;1;B01
201500022676;0;7;0;0;2;8;15;A01
201500022676;0;32;0;0;2;1;17;B01
201500022677;0;7;0;0;9;6;15;B01
201500022677;0;2;0;0;2;1;17;A01
201500022678;0;33;0;0;2;8;18;A01
201500022678;0;7;0;0;2;7;12;B01
201500022679;0;33;0;0;2;9;1;A01
201500022679;0;7;0;0;2;7;0;B01
201500022680;0;7;0;6;0;1;1;A01
201500022681;0;7;0;2;0;1;16;A01
201500022682;0;33;0;0;2;7;1;B01
201500022682;0;7;0;0;2;2;15;A01
201500022683;0;31;0;0;0;0;0;A01
201500022684;0;7;0;0;1;1;1;A01
201500022685;0;32;0;0;2;8;1;B01
201500022685;0;33;0;0;2;8;15;A01
201500022686;0;7;0;0;2;4;1;C01
201500022686;0;7;0;0;2;1;1;A01
201500022686;0;7;0;0;2;1;1;B01
201500022687;0;33;0;0;0;0;0;A01
201500022688;1;99;0;0;0;0;0;Z01
201500022688;0;15;0;0;2;0;0;C01
201500022688;0;7;0;0;2;0;0;A01
201500022688;0;7;0;0;2;5;0;B01
201500022689;0;33;0;0;2;7;0;B01
201500022689;0;7;0;0;2;8;11;A01
201500022690;0;7;0;0;2;3;1;B01
201500022690;0;7;0;0;2;2;0;A01
201500022691;0;7;0;0;1;3;0;A01
201500022692;1;2;0;0;1;0;0;Z01
201500022693;0;7;0;0;2;4;2;B01
201500022693;0;7;0;0;2;4;2;C01
201500022693;0;7;0;0;2;1;2;A01
201500022694;0;20;0;0;2;2;15;A01
201500022694;0;7;0;0;2;1;0;B01
201500022695;0;2;0;1;1;0;1;A01
201500022696;0;7;0;0;0;2;0;A01
201500022697;0;32;0;0;2;1;0;A01
201500022697;0;7;0;0;2;8;1;B01
201500022698;0;7;0;0;2;5;0;B01
201500022698;0;33;0;0;2;1;0;A01
201500022699;0;7;0;0;1;1;16;A01
201500022700;0;32;0;0;2;0;16;A01
201500022700;1;7;0;0;0;0;0;Z01
201500022701;0;7;0;0;1;3;15;A01
201500022702;0;7;0;0;2;8;1;B01
201500022702;0;7;0;0;2;1;16;A01
201500022703;0;7;0;0;1;1;16;A01
201500022704;1;32;0;0;1;0;0;Z01
201500022705;0;33;0;0;2;1;2;B01
201500022705;0;7;0;0;2;4;2;A01
201500022706;0;7;0;0;2;7;1;B01
201500022706;0;10;0;0;2;3;15;A01
201500022707;0;10;0;0;2;3;15;A01
201500022707;0;7;0;0;2;7;1;B01
201500022708;0;7;0;0;2;3;11;A01
201500022708;0;33;0;0;2;1;1;B01
201500022709;0;10;0;0;2;8;1;A01
201500022709;0;33;0;0;2;1;15;B01
201500022710;0;7;0;0;0;1;4;C01
201500022710;0;7;0;0;2;2;15;A01
201500022710;0;33;0;0;2;1;1;B01
201500022711;0;7;0;0;2;2;15;A01
201500022711;0;31;0;0;2;1;1;B01
201500022712;0;7;0;0;1;1;1;A01
201500022713;0;7;0;0;2;1;1;B01
201500022713;0;7;0;0;2;6;14;A01
201500022714;1;7;0;0;1;0;0;Z01
201500022715;0;7;0;0;0;9;0;A01
201500022716;0;15;0;0;9;9;1;A01
201500022717;0;7;0;0;2;8;1;B01
201500022717;0;7;0;0;2;1;0;A01
201500022718;0;7;0;0;2;1;1;A01
201500022718;0;7;0;0;2;3;1;B01
201500022719;0;7;0;0;1;1;15;A01
201500022720;0;7;0;0;1;1;1;A01
201500022721;0;7;0;0;2;1;1;A01
201500022721;0;7;0;0;2;4;1;C01
201500022721;0;7;0;0;2;9;1;B01
201500022722;0;10;0;0;2;2;9;A01
201500022722;0;33;0;0;2;1;1;B01
201500022723;0;7;0;0;2;1;1;A01
201500022723;0;7;0;0;2;4;1;B01
201500022724;0;7;0;0;1;3;0;A01
201500022725;0;37;1;0;1;1;15;A01
201500022726;0;34;0;0;0;0;0;A01
201500022727;0;7;0;0;2;6;1;A01
201500022727;1;7;0;0;2;1;11;Z01
201500022728;0;7;0;0;2;1;0;A01
201500022728;0;7;0;0;2;2;1;C01
201500022728;0;7;0;0;2;1;1;B01
201500022729;0;7;0;0;2;1;15;A01
201500022729;0;34;0;0;2;1;1;B01
201500022730;0;13;0;0;2;6;4;A01
201500022730;0;1;0;0;2;4;0;B01
201500022731;0;7;0;0;2;1;0;A01
201500022731;0;31;0;0;2;6;1;B01
201500022732;0;7;0;0;1;1;1;A01
201500022733;0;10;0;0;2;0;0;A01
201500022733;0;33;0;0;2;0;0;B01
201500022734;0;7;0;0;1;1;1;A01
201500022735;0;31;0;0;0;1;0;A01
201500022736;0;7;0;0;2;6;1;B01
201500022736;0;2;0;0;2;1;1;A01
201500022737;0;7;0;0;2;4;1;B01
201500022737;0;7;0;0;2;9;1;A01
201500022737;0;7;0;0;2;4;1;C01
201500022738;0;7;0;0;2;3;1;A01
201500022738;0;7;0;0;2;2;0;B01
201500022739;0;7;0;0;2;4;1;A01
201500022739;0;2;0;0;2;1;1;B01
201500022740;0;33;0;0;2;1;17;A01
201500022740;0;7;0;0;2;6;0;B01
201500022741;0;7;0;0;2;3;15;B01
201500022741;0;7;0;3;2;1;1;A01
201500022742;0;7;0;0;2;1;1;B01
201500022742;0;31;0;0;2;0;0;A01
201500022743;2;7;0;1;0;1;0;A01
201500022744;0;17;0;0;2;2;12;A01
201500022744;0;7;0;0;2;8;1;B01
201500022745;0;7;0;0;2;4;0;A01
201500022745;0;37;1;0;2;1;0;B01
201500022746;0;7;0;0;2;4;0;B01
201500022746;0;7;0;0;2;4;0;C01
201500022746;0;7;0;0;2;1;0;A01
201500022746;0;7;0;0;2;4;0;D01
201500022747;0;7;0;1;0;1;0;A01
201500022748;0;7;0;0;1;7;1;A01
201500022749;0;7;0;0;2;5;1;A01
201500022749;0;31;0;0;2;4;0;B01
201500022750;1;7;0;0;2;0;0;Z01
201500022750;0;31;0;0;2;4;0;A01
201500022751;0;2;0;0;2;1;0;B01
201500022751;0;7;0;0;2;2;15;A01
201500022752;0;2;0;0;2;1;0;A01
201500022752;0;7;0;0;2;1;0;B01
201500022753;0;99;0;0;1;2;0;A01
201500022754;0;33;0;0;2;7;1;B01
201500022754;0;7;0;0;2;6;11;A01
201500022755;0;7;0;4;2;1;1;A01
201500022755;0;7;0;0;2;1;1;B01
201500022756;1;7;0;0;0;0;0;Z01
201500022756;0;1;0;0;0;0;0;A01
201500022757;0;7;0;0;1;0;1;A01
201500022758;0;7;0;0;2;0;0;A01
201500022758;0;32;0;0;2;1;1;B01
201500022759;1;7;0;0;2;8;13;Z01
201500022759;0;7;0;0;2;7;1;A01
201500022760;0;7;0;0;2;5;0;B01
201500022760;0;33;0;0;2;1;0;A01
201500022761;0;7;0;0;2;3;0;A01
201500022761;0;33;0;0;2;1;0;B01
201500022762;0;2;0;0;0;0;0;B01
201500022762;0;7;0;0;2;4;0;A01
201500022763;0;7;0;0;0;1;0;A01
201500022763;0;7;0;0;0;2;0;B01
201500022764;0;31;0;0;2;1;16;A01
201500022764;1;7;0;0;0;6;13;Z01
201500022765;1;7;0;0;1;0;0;A01
201500022766;0;7;0;0;1;1;1;A01
201500022767;0;7;0;0;2;1;1;A01
201500022767;0;7;0;0;2;4;1;B01
201500022768;0;2;0;0;0;9;1;A01
201500022769;0;7;0;0;2;5;1;B01
201500022769;0;33;0;0;2;3;0;A01
201500022770;0;2;0;0;0;1;1;A01
201500022771;0;1;0;0;2;1;1;A01
201500022771;0;7;0;0;2;4;1;B01
201500022772;0;7;0;0;2;2;1;A01
201500022772;0;7;0;0;2;1;1;B01
201500022773;0;7;0;3;0;1;0;A01
201500022774;0;7;0;0;2;4;1;B01
201500022774;0;33;0;0;2;1;1;A01
201500022775;0;7;0;0;2;7;0;A01
201500022775;0;7;0;0;2;6;0;B01
201500022776;0;7;0;1;0;1;1;A01
201500022777;0;7;0;0;2;6;15;A01
201500022777;0;32;0;0;2;8;1;B01
201500022778;0;7;0;0;2;3;0;B01
201500022778;0;33;0;0;2;1;0;A01
201500022779;0;30;0;0;2;7;1;B01
201500022779;0;7;0;0;2;7;15;A01
201500022780;0;7;0;0;2;3;1;C01
201500022780;0;7;0;0;2;2;9;B01
201500022780;0;34;0;0;2;1;1;A01
201500022781;0;7;0;0;2;1;19;A01
201500022781;0;7;0;0;2;3;1;B01
201500022782;0;7;0;0;2;2;1;C01
201500022782;0;7;0;0;2;1;9;B01
201500022782;1;7;0;0;2;3;1;A01
201500022783;0;7;0;0;2;1;15;A01
201500022783;0;7;0;0;2;3;1;C01
201500022783;0;32;0;0;2;1;1;B01
201500022784;0;30;0;0;2;1;2;A01
201500022784;0;7;0;0;2;5;1;B01
201500022785;0;7;0;0;2;4;1;B01
201500022785;0;7;0;0;2;1;1;A01
201500022786;0;7;0;0;2;5;1;B01
201500022786;0;30;0;0;2;1;1;A01
201500022787;0;37;1;0;1;2;0;A01
201500022788;0;7;0;0;2;1;1;B01
201500022788;0;7;0;0;2;8;19;A01
201500022789;0;7;0;0;2;8;13;A01
201500022790;0;1;0;0;0;0;0;B01
201500022790;1;10;0;0;0;0;0;A01
201500022791;0;1;0;0;2;2;19;B01
201500022791;0;7;0;0;2;1;16;A01
201500022792;0;2;0;0;2;0;0;B01
201500022792;0;2;0;0;2;0;0;A01
201500022793;0;7;0;0;2;0;0;B01
201500022793;0;33;0;0;2;0;0;A01
201500022794;0;7;0;0;1;2;1;A01
201500022795;0;2;0;0;2;0;1;B01
201500022795;0;7;0;0;2;3;9;A01
201500022796;0;7;0;3;0;1;1;A01
201500022797;0;10;0;0;2;0;0;A01
201500022797;0;15;0;0;2;0;0;B01
201500022798;0;7;0;0;2;4;1;B01
201500022798;0;7;0;0;2;1;1;A01
201500022799;0;34;0;0;2;8;3;A01
201500022799;0;7;0;0;2;7;12;B01
201500022800;0;7;0;0;2;4;0;B01
201500022800;0;7;0;0;2;1;0;A01
201500022801;0;7;0;0;2;1;1;B01
201500022801;0;10;0;0;2;2;1;A01
201500022802;0;10;0;0;2;2;12;A01
201500022802;0;7;0;0;2;6;1;B01
201500022803;0;38;1;0;1;3;1;A01
201500022804;0;31;0;0;2;0;0;B01
201500022804;0;33;0;0;2;0;15;A01
201500022805;1;7;0;0;1;0;0;Z01
201500022806;0;7;0;0;2;7;19;A01
201500022806;0;7;0;0;2;1;1;B01
201500022807;0;31;0;0;2;1;0;A01
201500022807;0;10;0;0;2;8;0;B01
201500022808;0;7;0;0;2;6;1;C01
201500022808;0;7;0;0;2;4;1;B01
201500022808;0;7;0;0;2;1;1;A01
201500022809;0;7;0;0;2;8;0;B01
201500022809;0;2;0;0;0;0;0;A01
201500022810;0;7;0;0;2;2;1;B01
201500022810;0;7;0;0;2;2;11;A01
201500022811;0;7;0;0;2;4;1;B01
201500022811;0;7;0;0;2;4;1;C01
201500022811;0;7;0;0;2;1;1;A01
201500022812;0;30;0;0;2;1;1;A01
201500022812;0;32;0;0;2;8;1;B01
201500022813;0;33;0;0;0;0;15;A01
201500022814;0;7;0;0;2;1;1;A01
201500022814;0;7;0;0;2;2;1;B01
201500022814;0;7;0;0;2;4;1;C01
201500022815;0;7;0;0;2;1;15;A01
201500022815;0;30;0;0;2;7;1;B01
201500022816;0;31;0;0;2;4;1;B01
201500022816;0;30;0;0;2;1;18;A01
201500022817;1;7;0;0;1;2;17;A01
201500022818;0;7;0;0;2;7;0;A01
201500022818;0;1;0;0;2;4;0;B01
201500022819;0;7;0;0;2;7;16;B01
201500022819;0;7;0;0;2;3;0;A01
201500022820;0;7;0;0;2;4;1;D01
201500022820;0;7;0;0;2;1;1;A01
201500022820;0;7;0;0;2;4;1;B01
201500022820;0;7;0;0;2;4;1;C01
201500022821;0;7;0;0;2;7;1;A01
201500022821;0;7;0;0;2;6;1;C01
201500022821;1;7;0;0;0;0;0;Z01
201500022821;0;7;0;0;2;4;0;D01
201500022821;0;7;0;0;2;8;23;B01
201500022822;0;7;0;0;2;3;15;A01
201500022822;0;33;0;0;2;7;1;B01
201500022823;1;7;0;0;2;1;1;Z01
201500022823;0;1;0;0;2;0;0;B01
201500022824;0;7;0;0;1;1;1;A01
201500022825;0;7;0;0;2;8;15;B01
201500022825;0;32;0;0;2;1;17;A01
201500022826;0;7;0;0;2;2;16;A01
201500022826;0;33;0;0;2;0;0;B01
201500022827;0;7;0;0;1;0;0;A01
201500022828;0;7;0;0;2;3;15;A01
201500022828;0;32;0;0;2;1;1;B01
201500022829;0;31;0;0;2;1;1;B01
201500022829;0;14;0;0;2;7;15;A01
201500022830;0;1;0;0;2;1;1;B01
201500022830;0;7;0;0;2;1;15;A01
201500022831;0;32;0;0;2;8;1;A01
201500022831;0;7;0;0;2;6;1;B01
201500022832;0;7;0;0;2;5;0;B01
201500022832;0;2;0;0;2;1;0;A01
201500022833;0;33;0;0;2;2;1;B01
201500022833;0;7;0;0;2;8;20;A01
201500022834;0;7;0;0;2;6;1;B01
201500022834;0;10;0;0;2;1;1;A01
201500022835;0;37;1;0;2;2;1;B01
201500022835;0;30;0;0;2;1;15;A01
201500022836;0;7;0;0;2;0;0;B01
201500022836;1;30;0;0;2;0;0;Z01
201500022837;0;1;0;0;2;7;1;A01
201500022837;0;7;0;0;2;3;1;B01
201500022838;0;7;0;0;2;3;15;A01
201500022838;0;31;0;0;2;1;1;B01
201500022839;0;7;0;0;2;4;1;B01
201500022839;0;7;0;0;2;4;1;D01
201500022839;0;7;0;0;2;4;1;C01
201500022839;0;7;0;0;2;1;1;A01
201500022840;0;7;0;0;2;0;2;A01
201500022840;1;7;0;0;2;0;0;Z01
201500022841;0;7;0;0;2;8;11;A01
201500022841;0;33;0;0;2;7;1;B01
201500022842;0;33;0;0;2;1;1;B01
201500022842;0;7;0;0;2;6;10;A01
201500022843;0;7;0;0;2;0;1;B01
201500022843;0;7;0;0;2;0;1;C01
201500022843;0;7;0;0;2;0;1;A01
201500022844;0;7;0;0;2;7;2;A01
201500022844;0;7;0;0;2;3;0;B01
201500022845;0;7;0;0;1;3;16;A01
201500022846;0;20;0;0;0;9;1;A01
201500022847;0;7;0;0;2;3;10;A01
201500022847;0;33;0;0;2;7;1;B01
201500022848;1;7;0;0;2;0;15;Z01
201500022848;0;31;0;0;2;1;1;A01
201500022849;0;7;0;0;2;3;0;B01
201500022849;0;32;0;0;2;9;1;A01
201500022850;0;7;0;0;2;1;1;A01
201500022850;0;7;0;0;2;7;1;B01
201500022851;0;7;0;0;2;4;0;E01
201500022851;0;7;0;0;2;4;0;B01
201500022851;0;7;0;0;2;4;0;D01
201500022851;0;10;0;0;2;1;0;A01
201500022851;0;7;0;0;2;4;0;C01
201500022852;0;7;0;0;2;6;10;A01
201500022852;0;7;0;0;2;1;1;B01
201500022853;0;7;0;0;2;7;1;B01
201500022853;0;7;0;0;2;1;1;A01
201500022854;0;3;0;0;1;1;0;A01
201500022855;0;1;0;0;2;0;0;A01
201500022855;1;7;0;0;2;0;0;Z01
201500022856;0;7;0;0;2;2;1;B01
201500022856;0;10;0;0;2;9;15;A01
201500022857;0;32;0;0;2;3;18;A01
201500022857;0;7;0;0;2;3;1;B01
201500022858;0;33;0;0;2;8;1;A01
201500022858;0;7;0;0;0;6;11;B01
201500022859;0;33;0;0;2;7;17;A01
201500022859;0;10;0;0;2;8;9;B01
201500022860;0;1;0;0;2;1;1;B01
201500022860;0;7;0;0;2;0;16;A01
201500022861;0;10;0;0;1;0;16;A01
201500022862;0;31;0;0;2;9;1;B01
201500022862;0;7;0;0;2;3;15;A01
201500022863;0;1;0;1;2;1;0;B01
201500022864;0;7;0;0;2;6;1;B01
201500022864;0;7;0;0;2;1;1;A01
201500022865;2;7;0;0;2;3;0;A01
201500022865;0;7;0;0;2;3;15;B01
201500022866;0;32;0;0;2;1;16;A01
201500022866;0;7;0;0;2;5;16;B01
201500022867;0;7;0;0;1;1;16;A01
201500022868;0;2;0;0;2;1;0;B01
201500022868;0;38;1;0;2;8;0;A01
201500022869;0;33;0;0;2;1;17;A01
201500022869;0;7;0;0;2;3;1;B01
201500022870;0;30;0;1;0;1;0;A01
201500022871;0;7;0;0;1;1;0;A01
201500022872;0;7;0;0;2;1;5;A01
201500022872;0;7;0;0;2;1;0;B01
201500022873;0;7;0;0;2;6;15;B01
201500022873;0;31;0;0;2;7;0;A01
201500022874;0;33;0;0;2;1;1;B01
201500022874;0;7;0;0;2;2;0;A01
201500022875;0;7;0;0;1;3;1;A01
201500022876;0;33;0;0;2;2;1;B01
201500022876;0;7;0;0;2;1;15;A01
201500022877;0;7;0;1;0;9;1;A01
201500022878;0;33;0;0;0;7;1;A01
201500022879;0;33;0;5;0;7;14;A01
201500022880;0;7;0;0;2;7;15;A01
201500022880;0;7;0;0;2;1;1;B01
201500022881;0;7;0;0;2;1;1;B01
201500022881;0;7;0;0;2;4;1;A01
201500022882;0;7;0;0;2;2;1;A01
201500022882;0;33;0;0;2;1;1;B01
201500022883;0;2;0;0;2;8;1;A01
201500022883;1;7;0;0;0;0;0;Z01
201500022884;0;7;0;0;2;4;1;C01
201500022884;0;7;0;0;2;9;1;B01
201500022884;0;10;0;0;2;1;1;A01
201500022885;0;7;0;0;1;1;1;A01
201500022885;1;7;0;0;0;0;0;Z01
201500022886;0;7;0;0;2;8;0;B01
201500022886;0;33;0;0;1;1;1;A01
201500022887;0;31;0;0;2;9;1;A01
201500022887;0;7;0;0;2;4;1;B01
201500022888;0;1;0;0;2;1;1;B01
201500022888;0;7;0;0;2;2;9;A01
201500022889;0;7;0;0;2;7;16;B01
201500022889;0;30;0;0;2;1;1;A01
201500022890;0;7;0;0;0;9;1;A01
201500022891;0;7;0;0;2;3;0;A01
201500022891;0;33;0;0;2;1;1;B01
201500022892;0;7;0;0;2;1;1;A01
201500022892;0;7;0;0;2;4;1;B01
201500022893;0;2;0;0;2;2;17;A01
201500022893;0;7;0;0;2;8;15;B01
201500022894;0;7;0;0;2;4;1;C01
201500022894;0;7;0;0;2;9;1;B01
201500022894;0;7;0;0;2;1;1;A01
201500022895;0;7;0;0;1;1;1;A01
201500022896;0;7;0;0;2;3;0;B01
201500022896;0;7;0;0;2;2;15;A01
201500022897;0;7;0;0;2;4;1;B01
201500022897;0;7;0;0;2;1;1;A01
201500022898;0;32;0;0;1;7;1;A01
201500022899;0;1;0;0;2;1;0;B01
201500022899;0;7;0;0;2;3;0;A01
201500022900;0;7;0;0;0;1;0;A01
201500022901;0;7;0;0;1;1;15;A01
201500022902;0;2;0;0;2;1;1;B01
201500022902;0;7;0;0;2;3;20;A01
201500022903;0;33;0;0;2;1;0;A01
201500022903;0;7;0;0;2;8;0;B01
201500022904;0;7;0;0;2;1;0;B01
201500022904;0;1;0;0;2;0;0;A01
201500022905;0;7;0;0;2;9;1;A01
201500022905;0;15;0;0;2;4;1;C01
201500022905;0;7;0;0;2;4;1;B01
201500022906;1;7;0;0;0;3;15;Z01
201500022906;0;30;0;0;2;1;1;A01
201500022907;0;32;0;0;2;8;0;A01
201500022908;0;7;0;0;2;3;15;B01
201500022908;0;7;0;0;2;2;0;A01
201500022909;0;7;0;0;2;6;4;A01
201500022909;0;33;0;0;2;0;0;B01
201500022910;0;7;0;0;2;1;0;A01
201500022910;0;7;0;0;2;4;0;C01
201500022910;0;7;0;0;2;4;0;B01
201500022911;0;2;0;0;2;1;0;B01
201500022911;0;7;0;0;2;7;0;A01
201500022912;0;7;0;0;2;2;15;A01
201500022912;0;31;0;0;0;1;1;B01
201500022913;0;2;0;0;2;1;1;B01
201500022913;1;10;0;0;2;3;19;Z01
201500022914;0;7;0;0;2;3;1;B01
201500022914;0;7;0;0;2;3;13;A01
201500022915;0;14;0;0;2;1;0;A01
201500022915;0;7;0;0;2;4;0;B01
201500022916;0;7;0;0;2;6;0;B01
201500022916;0;14;0;0;2;1;0;A01
201500022917;0;7;0;0;1;3;0;A01
201500022918;0;2;0;0;2;1;0;B01
201500022918;0;7;0;0;2;3;0;A01
201500022919;0;7;0;0;2;4;0;B01
201500022919;0;10;0;0;2;1;0;A01
201500022919;0;7;0;0;2;4;0;C01
201500022920;0;7;0;0;2;2;1;B01
201500022920;0;7;0;0;2;3;0;A01
201500022921;0;20;0;0;2;0;0;A01
201500022921;0;31;0;0;2;0;0;B01
201500022922;0;1;0;0;2;5;19;A01
201500022922;0;7;0;0;2;3;1;B01
201500022923;0;2;0;9;0;1;1;A01
201500022924;0;2;0;1;0;9;1;A01
201500022925;0;30;0;0;2;9;5;A01
201500022925;0;7;0;0;2;1;1;B01
201500022926;0;7;0;0;2;1;9;A01
201500022926;0;1;0;0;2;0;0;B01
201500022927;0;7;0;0;2;8;1;B01
201500022927;0;1;0;0;2;0;0;A01
201500022928;1;7;0;0;1;1;0;Z01
201500022929;0;7;0;0;1;0;1;A01
201500022930;0;2;0;0;2;0;0;A01
201500022930;0;7;0;0;2;0;0;B01
201500022931;0;33;0;0;2;1;1;B01
201500022931;0;7;0;0;2;8;0;A01
201500022932;0;1;0;0;1;0;1;A01
201500022933;0;30;0;0;1;1;1;A01
201500022934;0;7;0;0;2;9;0;A01
201500022934;0;7;0;0;2;7;1;B01
201500022935;0;7;0;0;2;1;15;A01
201500022935;0;7;0;0;2;1;1;B01
201500022936;1;7;0;0;2;0;0;Z01
201500022936;0;1;0;0;2;0;0;B01
201500022937;0;7;0;0;1;0;0;A01
201500022938;0;1;0;0;2;1;1;A01
201500022938;0;7;0;0;2;1;1;B01
201500022939;0;31;0;0;2;7;0;B01
201500022939;0;7;0;0;2;3;15;A01
201500022940;0;7;0;0;2;3;11;A01
201500022940;0;7;0;0;2;2;1;B01
201500022941;0;33;0;0;0;1;0;A01
201500022942;0;7;0;0;2;3;0;C01
201500022942;0;33;0;0;2;4;0;A01
201500022942;0;7;0;0;2;3;0;B01
201500022943;0;30;0;0;2;1;1;B01
201500022943;0;7;0;0;2;3;9;A01
201500022944;0;7;0;0;2;7;15;B01
201500022944;0;33;0;0;2;1;1;A01
201500022945;0;7;0;0;2;6;11;A01
201500022945;0;33;0;0;2;1;1;B01
201500022946;0;15;0;4;0;8;0;A01
201500022947;0;15;0;0;2;1;1;A01
201500022947;0;7;0;0;2;4;1;B01
201500022947;0;7;0;0;2;4;0;C01
201500022947;0;14;0;0;2;4;1;D01
201500022948;0;7;0;0;2;4;0;A01
201500022948;0;7;0;0;2;4;0;B01
201500022949;0;7;0;0;2;0;0;A01
201500022949;0;1;0;0;0;1;0;B01
201500022950;0;2;0;0;2;4;1;A01
201500022950;1;7;0;0;2;1;1;Z01
201500022951;0;1;0;0;2;8;15;A01
201500022951;0;7;0;0;2;7;0;B01
201500022952;0;7;0;0;2;2;1;A01
201500022952;0;7;0;0;2;3;15;B01
201500022953;0;7;0;4;0;1;0;A01
201500022954;0;7;0;0;2;3;0;B01
201500022954;0;2;0;0;2;7;0;A01
201500022955;0;7;0;0;2;7;16;B01
201500022955;0;30;0;0;1;8;1;A01
201500022956;1;7;0;0;2;0;0;Z01
201500022956;0;2;0;0;2;6;1;A01
201500022957;0;7;0;0;2;8;1;B01
201500022957;0;7;0;0;2;1;0;A01
201500022958;0;7;0;0;2;4;0;B01
201500022958;0;30;0;0;2;1;0;A01
201500022959;0;7;0;0;2;3;0;C01
201500022959;0;14;0;0;2;2;0;A01
201500022959;0;7;0;0;2;6;1;B01
201500022960;0;7;0;0;2;4;0;C01
201500022960;0;7;0;0;2;1;0;A01
201500022960;0;7;0;0;2;4;0;B01
201500022961;2;10;0;0;2;2;9;A01
201500022961;0;7;0;0;2;6;1;B01
201500022962;0;2;0;0;2;4;0;B01
201500022962;0;7;0;0;2;1;0;A01
201500022963;0;7;0;0;2;3;0;B01
201500022963;0;7;0;0;2;3;0;A01
201500022964;0;7;0;0;1;1;1;A01
201500022965;0;7;0;0;2;6;1;C01
201500022965;0;7;0;0;2;9;1;B01
201500022965;0;7;0;0;2;4;1;D01
201500022965;0;7;0;0;2;1;17;A01
201500022966;0;7;0;0;2;3;13;B01
201500022966;0;33;0;0;2;7;17;A01
201500022967;0;7;0;0;2;4;1;B01
201500022967;0;7;0;0;2;1;1;A01
201500022968;0;33;0;0;2;8;0;B01
201500022968;0;7;0;0;2;5;0;A01
201500022969;0;33;0;0;2;1;0;A01
201500022969;0;7;0;0;2;2;15;B01
201500022970;0;7;0;0;2;9;0;A01
201500022970;0;7;0;0;2;6;0;B01
201500022970;0;7;0;0;2;8;0;D01
201500022970;0;7;0;0;2;1;0;C01
201500022971;0;7;0;0;2;4;0;A01
201500022971;0;15;0;0;2;1;0;B01
201500022972;0;7;0;0;1;3;1;A01
201500022973;0;30;0;0;1;8;1;A01
201500022974;0;7;0;0;2;1;15;A01
201500022974;0;33;0;0;2;1;1;B01
201500022975;0;33;0;0;2;1;1;A01
201500022975;0;7;0;0;2;4;2;B01
201500022976;1;7;0;0;1;3;7;Z01
201500022977;0;7;0;0;2;1;0;A01
201500022977;0;7;0;0;2;1;9;B01
201500022978;0;7;0;0;2;4;0;B01
201500022978;0;7;0;0;2;2;0;A01
201500022979;0;7;0;0;2;4;1;A01
201500022979;0;7;0;0;2;9;1;B01
201500022979;0;7;0;0;2;0;0;D01
201500022979;0;7;0;0;2;4;2;C01
201500022980;0;7;0;0;2;6;0;B01
201500022980;0;7;0;0;2;2;0;A01
201500022981;0;1;0;0;2;1;19;B01
201500022981;0;10;0;0;2;3;1;A01
201500022982;0;7;0;0;2;1;1;A01
201500022982;0;7;0;0;2;4;1;B01
201500022983;0;7;0;0;1;2;0;A01
201500022984;0;7;0;0;2;4;1;B01
201500022984;0;7;0;0;2;2;1;A01
201500022985;0;7;0;0;2;6;1;B01
201500022985;0;7;0;0;2;2;1;A01
201500022986;0;7;0;0;2;9;1;B01
201500022986;0;7;0;0;2;2;0;A01
201500022986;0;7;0;0;2;9;1;C01
201500022986;0;7;0;0;2;6;1;D01
201500022987;1;7;0;0;2;7;0;Z01
201500022987;0;2;0;0;2;1;1;A01
201500022988;0;7;0;0;2;7;0;A01
201500022988;0;31;0;0;2;7;0;B01
201500022989;0;33;0;0;2;1;0;B01
201500022989;0;10;0;0;2;7;0;A01
201500022990;1;7;0;0;2;0;0;Z01
201500022990;0;1;0;0;2;0;0;A01
201500022991;0;33;0;0;2;1;0;A01
201500022991;0;7;0;0;2;8;0;B01
201500022992;0;7;0;0;2;8;0;A01
201500022992;0;31;0;0;2;8;1;B01
201500022993;0;7;0;0;2;1;15;A01
201500022993;0;7;0;0;2;3;0;B01
201500022994;0;33;0;0;2;1;0;A01
201500022994;0;7;0;0;2;3;15;B01
201500022995;0;7;0;0;2;4;0;B01
201500022995;0;7;0;0;2;5;0;C01
201500022995;0;13;0;0;2;0;0;A01
201500022996;0;7;0;0;2;4;1;B01
201500022996;0;7;0;0;2;1;1;A01
201500022997;0;7;0;0;2;8;15;A01
201500022997;0;31;0;0;2;7;1;B01
201500022998;0;7;0;0;2;3;0;A01
201500022998;0;30;0;0;2;9;0;B01
201500022999;0;7;0;0;2;8;0;B01
201500022999;0;10;0;0;2;7;0;A01
201500022999;0;7;0;0;2;7;0;C01
201500023000;0;10;0;0;2;1;0;A01
201500023000;0;2;0;0;2;4;0;B01
201500023001;0;30;0;0;2;1;1;B01
201500023001;0;7;0;0;2;1;15;A01
201500023002;0;1;0;0;2;1;1;B01
201500023002;0;7;0;0;2;3;15;A01
201500023003;0;32;0;0;2;9;1;B01
201500023003;0;7;0;0;2;3;15;A01
201500023004;0;7;0;0;2;7;15;A01