num_acc;senc;catv;occutc;obs;obsm;choc;manv;num_veh
201500023364;0;7;0;0;1;1;15;A01
201500023365;0;7;0;0;2;3;2;A01
201500023365;0;7;0;0;0;4;1;B01
201500023366;0;7;0;0;2;1;1;A01
201500023366;0;7;0;0;2;7;1;B01
201500023367;0;1;0;0;2;4;15;A01
201500023367;0;7;0;0;2;1;1;B01
201500023368;0;2;0;0;2;6;15;A01
201500023368;1;7;0;0;2;0;1;Z01
201500023369;0;15;0;0;2;7;16;B01
201500023369;0;33;0;0;2;3;18;A01
201500023370;0;10;0;0;2;1;1;B01
201500023370;0;10;0;0;0;4;23;C01
201500023370;0;33;0;0;2;1;1;A01
201500023371;0;7;0;0;1;1;13;A01
201500023372;0;2;0;0;0;2;21;A01
201500023373;0;7;0;0;0;0;1;B01
201500023373;0;1;0;0;2;1;1;A01
201500023374;0;7;0;0;0;5;1;B01
201500023374;0;2;0;0;2;3;2;A01
201500023375;0;7;0;0;0;4;23;B01
201500023375;0;7;0;0;2;1;1;A01
201500023376;0;7;0;0;1;1;1;A01
201500023377;0;2;0;0;2;1;17;B01
201500023377;0;7;0;0;0;3;15;A01
201500023378;0;7;0;0;2;1;1;A01
201500023378;0;10;0;0;0;8;16;B01
201500023379;0;7;0;0;2;2;15;B01
201500023379;0;2;0;0;2;1;18;A01
201500023380;0;7;0;0;2;3;15;A01
201500023380;0;2;0;0;2;1;17;B01
201500023381;0;7;0;0;0;8;22;A01
201500023381;0;1;0;1;0;1;1;B01
201500023382;0;40;0;0;2;1;1;B01
201500023382;0;10;0;0;0;2;1;A01
201500023383;0;7;0;0;2;1;1;B01
201500023383;0;7;0;0;2;1;13;A01
201500023384;0;7;0;0;2;1;1;A01
201500023384;0;7;0;0;0;4;15;B01
201500023385;0;7;0;0;1;4;4;A01
201500023386;1;31;0;0;1;0;0;Z01
201500023387;0;7;0;0;2;1;1;B01
201500023387;0;7;0;0;2;7;1;A01
201500023388;0;7;0;0;0;3;1;B01
201500023388;0;30;0;0;2;1;1;A01
201500023389;0;13;0;0;2;1;1;A01
201500023389;0;7;0;0;0;4;23;B01
201500023390;0;7;0;0;2;1;1;B01
201500023390;0;7;0;7;2;1;1;A01
201500023391;0;10;0;0;2;8;11;A01
201500023391;0;1;0;0;0;0;1;B01
201500023392;0;7;0;0;0;1;15;A01
201500023392;0;31;0;0;2;2;1;B01
201500023393;0;7;0;0;2;1;13;A01
201500023393;0;7;0;0;0;4;1;B01
201500023393;0;7;0;0;2;1;1;C01
201500023394;0;2;0;0;9;1;1;A01
201500023395;0;40;0;0;2;3;1;B01
201500023395;0;7;0;0;4;1;1;A01
201500023396;0;7;0;0;2;1;17;A01
201500023396;0;7;0;0;0;8;1;B01
201500023397;0;1;0;0;2;1;16;B01
201500023397;0;7;0;0;2;3;15;A01
201500023398;0;7;0;0;2;1;2;A01
201500023398;0;7;0;0;0;4;23;B01
201500023399;0;7;0;0;2;1;15;A01
201500023399;0;10;0;0;2;0;1;C01
201500023399;0;7;0;0;2;1;1;B01
201500023400;0;31;0;0;0;6;1;A01
201500023400;0;7;0;0;2;1;1;B01
201500023401;0;1;0;0;2;1;1;A01
201500023401;0;7;0;0;2;3;16;B01
201500023402;0;33;0;0;1;0;1;A01
201500023403;0;33;0;0;0;0;1;A01
201500023404;0;1;0;0;2;1;1;A01
201500023404;1;7;0;0;2;0;0;Z01
201500023405;0;7;0;0;2;3;16;A01
201500023405;0;2;0;0;0;1;1;B01
201500023406;0;7;0;0;1;1;16;A01
201500023407;1;7;0;0;2;0;0;Z01
201500023407;0;7;0;0;0;0;0;B01
201500023408;0;7;0;0;2;5;15;A01
201500023408;0;33;0;0;2;1;1;B01
201500023409;0;2;0;0;1;1;17;A01
201500023410;0;10;0;0;0;0;15;A01
201500023410;0;7;0;6;0;1;21;B01
201500023411;0;7;0;0;2;8;13;A01
201500023411;0;33;0;0;0;7;15;B01
201500023412;0;7;0;0;0;8;1;B01
201500023412;0;7;0;0;2;2;15;A01
201500023413;0;7;0;0;2;2;15;A01
201500023413;0;2;0;0;0;1;1;B01
201500023414;0;7;0;0;1;3;21;A01
201500023415;0;30;0;0;0;1;1;A01
201500023416;0;1;0;0;0;4;1;B01
201500023416;1;7;0;0;2;1;1;Z01
201500023417;0;1;0;0;2;0;1;B01
201500023417;0;1;0;0;2;0;1;A01
201500023418;0;7;0;0;2;1;15;A01
201500023418;0;1;0;0;2;1;1;B01
201500023419;0;7;0;0;0;8;15;B01
201500023419;0;33;0;0;2;1;1;A01
201500023420;0;10;0;0;2;7;15;A01
201500023420;0;33;0;0;2;1;1;B01
201500023421;0;7;0;0;2;2;15;A01
201500023421;0;33;0;0;2;3;1;B01
201500023422;1;7;0;0;1;0;0;Z01
201500023423;0;1;0;0;2;1;2;A01
201500023423;0;7;0;0;0;4;15;B01
201500023424;0;7;0;0;0;4;2;B01
201500023424;0;7;0;0;2;1;2;A01
201500023425;0;7;0;9;0;1;1;A01
201500023426;0;30;0;0;0;0;1;A01
201500023427;0;2;0;0;2;1;17;A01
201500023427;0;7;0;0;0;0;15;B01
201500023428;0;7;0;0;0;2;16;B01
201500023428;0;1;0;0;2;1;8;A01
201500023429;0;7;0;0;2;7;1;B01
201500023429;0;1;0;0;2;1;1;A01
201500023430;0;33;0;8;0;7;1;A01
201500023431;0;10;0;0;1;7;15;A01
201500023432;0;7;0;0;0;4;2;B01
201500023432;0;7;0;0;2;1;2;A01
201500023433;0;7;0;0;1;3;1;A01
201500023434;0;7;0;0;0;4;23;C01
201500023434;0;7;0;0;2;1;1;A01
201500023434;0;7;0;0;2;1;1;B01
201500023435;0;7;0;0;0;8;15;A01
201500023435;0;33;0;0;2;1;1;B01
201500023436;0;1;0;0;2;1;1;A01
201500023436;0;7;0;0;2;8;15;B01
201500023437;0;7;0;0;1;1;1;A01
201500023438;0;2;0;0;2;2;17;A01
201500023438;0;7;0;0;0;3;15;B01
201500023439;0;7;0;0;2;1;1;A01
201500023439;0;7;0;0;2;1;1;B01
201500023440;0;7;0;14;0;1;1;A01
201500023441;0;7;0;0;2;7;16;A01
201500023441;0;37;8;0;2;1;7;B01
201500023442;0;7;0;0;2;8;1;B01
201500023442;0;1;0;0;2;1;1;A01
201500023443;0;7;0;3;0;7;15;A01
201500023443;0;7;0;0;2;1;1;B01
201500023444;0;7;0;1;0;3;1;A01
201500023445;0;7;0;0;0;4;23;B01
201500023445;0;7;0;0;2;1;2;A01
201500023446;0;1;0;0;2;1;1;A01
201500023446;0;7;0;0;0;8;23;B01
201500023447;0;1;0;0;2;1;1;B01
201500023447;0;1;0;0;2;1;1;A01
201500023448;0;2;0;0;0;4;16;B01
201500023448;0;1;0;0;2;8;1;A01
201500023449;0;30;0;0;0;2;14;B01
201500023449;0;31;0;0;2;3;18;A01
201500023450;0;7;0;0;0;7;16;B01
201500023450;0;1;0;0;2;1;5;A01
201500023451;0;33;0;0;2;1;1;B01
201500023451;0;7;0;0;0;5;15;A01
201500023452;0;7;0;0;2;1;1;A01
201500023452;0;2;0;0;0;4;1;B01
201500023453;0;1;0;0;2;1;1;B01
201500023453;0;7;0;0;2;1;15;A01
201500023454;0;1;0;0;2;0;1;B01
201500023454;0;7;0;0;2;1;1;A01
201500023455;0;10;0;0;1;1;1;A01
201500023456;0;7;0;0;2;8;16;A01
201500023456;0;7;0;0;2;1;1;B01
201500023457;0;7;0;0;0;4;1;B01
201500023457;0;7;0;0;2;1;2;A01
201500023458;0;7;0;0;0;7;1;B01
201500023458;0;7;0;0;2;3;10;A01
201500023459;0;10;0;0;2;2;1;A01
201500023459;0;33;0;0;2;1;1;B01
201500023460;0;3;0;1;0;7;4;A01
201500023461;0;7;0;0;1;3;15;A01
201500023462;0;7;0;0;1;3;1;A01
201500023463;0;1;0;0;2;1;5;C01
201500023463;0;1;0;0;2;1;5;B01
201500023463;0;7;0;0;0;2;16;A01
201500023464;0;7;0;0;2;8;15;A01
201500023464;0;37;1;0;2;2;1;B01
201500023465;0;7;0;2;2;1;1;A01
201500023465;0;7;0;0;2;3;1;B01
201500023466;0;15;0;0;0;1;1;B01
201500023466;0;7;0;0;2;1;1;A01
201500023467;0;30;0;0;2;1;13;A01
201500023467;0;7;0;0;0;3;1;B01
201500023468;0;7;0;1;0;1;1;A01
201500023469;0;7;0;0;2;1;2;A01
201500023469;0;7;0;2;0;4;4;B01
201500023470;0;7;0;0;2;2;16;A01
201500023470;0;1;0;0;2;1;1;B01
201500023471;0;7;0;0;2;7;16;A01
201500023471;0;10;0;0;2;3;1;B01
201500023472;0;7;0;0;2;1;2;A01
201500023472;0;7;0;0;2;4;23;B01
201500023472;0;7;0;0;0;4;23;C01
201500023473;0;7;0;0;2;1;2;A01
201500023473;0;7;0;0;0;5;23;B01
201500023474;0;7;0;0;0;4;23;B01
201500023474;0;7;0;0;2;1;2;A01
201500023475;0;40;120;0;2;7;1;B01
201500023475;0;7;0;0;0;2;15;A01
201500023476;0;10;0;1;0;0;0;A01
201500023476;0;7;0;0;0;8;24;B01
201500023477;0;10;0;2;0;1;1;A01
201500023478;0;2;0;0;1;1;1;A01
201500023479;0;30;0;0;0;0;1;A01
201500023479;0;7;0;0;2;3;1;B01
201500023480;0;7;0;0;0;4;23;B01
201500023480;0;10;0;0;2;1;1;A01
201500023481;0;7;0;0;2;1;1;A01
201500023481;0;7;0;0;0;4;23;B01
201500023482;0;7;0;1;0;7;9;A01
201500023482;0;7;0;0;0;0;0;B01
201500023483;0;7;0;0;2;1;1;B01
201500023483;0;7;0;0;0;4;23;C01
201500023483;0;10;0;0;2;1;1;A01
201500023484;0;2;0;11;0;1;1;A01
201500023485;0;7;0;0;2;4;20;A01
201500023485;0;1;0;0;0;1;1;B01
201500023486;0;10;0;15;0;1;1;A01
201500023487;0;7;0;0;2;7;16;B01
201500023487;0;30;0;0;2;3;1;A01
201500023488;0;7;0;0;2;4;2;B01
201500023488;0;7;0;0;0;4;2;C01
201500023488;0;7;0;0;2;1;2;A01
201500023489;0;31;0;0;2;7;17;A01
201500023489;0;7;0;0;2;3;15;B01
201500023490;0;7;0;0;0;0;0;B01
201500023490;0;7;0;0;0;0;0;A01
201500023491;0;7;0;6;0;2;1;A01
201500023492;0;20;0;0;0;8;17;A01
201500023493;0;7;0;9;2;9;1;B01
201500023493;0;7;0;0;2;1;10;A01
201500023494;0;33;0;0;2;6;1;A01
201500023494;0;7;0;0;2;1;10;B01
201500023495;0;99;0;14;0;1;1;A01
201500023496;0;1;0;0;2;1;5;A01
201500023496;0;7;0;0;0;8;16;B01
201500023497;0;31;0;0;2;1;1;A01
201500023497;0;7;0;0;2;3;15;B01
201500023498;0;7;0;0;4;1;15;A01
201500023498;0;40;0;0;2;7;1;B01
201500023499;0;1;0;0;2;8;15;A01
201500023499;0;31;0;0;2;1;15;B01
201500023500;0;3;0;0;2;1;1;A01
201500023500;0;33;0;0;2;7;1;B01
201500023501;0;10;0;0;2;1;1;A01
201500023501;0;7;0;0;0;4;23;B01
201500023502;0;7;0;0;2;3;15;A01
201500023502;0;1;0;0;0;5;1;B01
201500023503;0;33;0;8;0;7;1;A01
201500023504;0;34;0;0;2;1;1;B01
201500023504;0;10;0;0;2;8;1;A01
201500023505;0;10;0;0;2;1;1;A01
201500023505;0;7;0;0;0;4;23;C01
201500023505;0;7;0;0;2;1;23;B01
201500023506;0;7;0;0;2;8;15;A01
201500023506;0;7;0;0;2;1;1;B01
201500023507;0;7;0;0;2;1;1;B01
201500023507;0;30;0;0;2;1;17;A01
201500023508;0;7;0;0;0;4;23;C01
201500023508;0;7;0;0;2;1;23;B01
201500023508;0;7;0;0;2;1;1;A01
201500023509;0;1;0;0;1;1;1;A01
201500023510;0;7;0;0;1;1;15;A01
201500023511;0;1;0;0;2;1;1;B01
201500023511;0;10;0;0;2;8;9;A01
201500023512;0;33;0;0;2;1;1;B01
201500023512;0;7;0;0;0;7;19;A01
201500023513;0;7;0;0;1;1;1;A01
201500023514;0;7;0;0;1;1;1;A01
201500023515;1;7;0;0;2;1;1;Z01
201500023515;0;2;0;0;0;4;17;A01
201500023516;0;2;0;0;2;1;5;A01
201500023516;0;7;0;0;2;2;1;B01
201500023517;0;7;0;0;2;1;1;B01
201500023517;0;1;0;0;0;1;15;A01
201500023518;0;7;0;0;2;2;1;B01
201500023518;0;31;0;0;2;2;18;A01
201500023519;0;31;0;0;0;7;1;A01
201500023520;0;10;0;0;1;2;1;A01
201500023521;0;7;0;0;2;3;1;A01
201500023521;0;10;0;0;2;2;1;B01
201500023522;0;40;0;0;2;1;1;B01
201500023522;0;1;0;0;4;1;15;A01
201500023523;0;2;0;8;0;7;1;A01
201500023524;0;7;0;0;1;1;1;A01
201500023525;0;7;0;0;1;0;15;A01
201500023526;0;7;0;0;0;6;24;B01
201500023526;0;7;0;1;0;2;16;A01
201500023527;0;10;0;0;1;1;15;A01
201500023528;0;7;0;0;2;1;1;A01
201500023528;0;7;0;0;0;7;1;B01
201500023529;0;1;0;0;0;0;0;B01
201500023529;0;10;0;0;0;7;1;A01
201500023530;0;1;0;9;0;7;1;A01
201500023531;0;2;0;0;0;2;16;A01
201500023532;0;1;0;1;0;1;1;B01
201500023532;0;7;0;0;2;8;22;A01
201500023533;0;2;0;0;2;1;15;A01
201500023533;0;10;0;0;2;2;1;B01
201500023534;0;33;0;0;2;1;1;B01
201500023534;0;7;0;0;0;7;15;A01
201500023535;0;34;0;12;0;1;15;A01
201500023536;0;31;0;1;2;9;1;B01
201500023536;0;7;0;0;0;2;2;C01
201500023536;0;7;0;0;0;8;22;A01
201500023537;1;7;0;0;1;0;1;Z01
201500023538;0;7;0;0;2;3;1;B01
201500023538;0;34;0;0;2;1;1;A01
201500023539;0;7;0;0;2;3;13;A01
201500023539;0;33;0;1;2;7;1;B01
201500023540;0;1;0;0;0;3;2;B01
201500023540;0;7;0;0;2;7;17;A01
201500023541;0;7;0;1;0;9;1;A01
201500023542;0;31;0;0;2;1;1;B01
201500023542;0;7;0;0;2;1;1;A01
201500023543;0;7;0;0;2;4;2;B01
201500023543;0;31;0;0;2;0;2;A01
201500023544;0;14;0;7;2;1;1;A01
201500023544;0;7;0;8;2;2;1;B01
201500023545;0;10;0;0;2;3;1;B01
201500023545;0;30;0;0;2;1;1;A01
201500023546;0;10;0;0;0;0;0;B01
201500023546;0;7;0;0;2;1;1;A01
201500023547;1;7;0;0;1;2;10;Z01
201500023548;0;7;0;0;2;7;15;A01
201500023548;0;7;0;0;2;1;1;B01
201500023549;0;7;0;0;2;7;1;B01
201500023549;0;33;0;0;2;7;18;A01
201500023550;0;7;0;0;2;3;2;A01
201500023550;0;7;0;0;2;5;2;B01
201500023551;0;32;0;0;2;1;1;B01
201500023551;0;7;0;0;0;8;10;A01
201500023552;0;7;0;0;0;1;15;B01
201500023552;0;30;0;0;2;1;17;A01
201500023553;0;7;0;0;2;1;1;B01
201500023553;0;7;0;0;2;1;13;A01
201500023554;0;33;0;0;2;1;1;A01
201500023554;0;7;0;0;0;8;15;B01
201500023555;0;7;0;1;2;1;5;A01
201500023555;0;10;0;0;2;2;1;B01
201500023556;0;7;0;0;0;8;15;A01
201500023556;0;2;0;0;2;1;1;B01
201500023557;0;31;0;0;2;7;5;A01
201500023557;0;7;0;0;0;1;16;B01
201500023558;0;7;0;0;1;3;16;A01
201500023559;0;7;0;0;1;2;1;A01
201500023560;0;33;0;0;2;1;1;A01
201500023560;0;10;0;0;0;3;23;B01
201500023561;0;7;0;0;0;3;15;B01
201500023561;0;1;0;0;2;1;17;A01
201500023562;0;7;0;0;2;7;16;A01
201500023562;0;1;0;0;2;8;1;B01
201500023563;0;7;0;0;2;2;1;A01
201500023563;0;7;0;0;0;6;23;B01
201500023564;0;7;0;0;0;4;1;B01
201500023564;0;33;0;0;2;1;21;A01
201500023565;0;2;0;0;2;1;15;A01
201500023565;0;7;0;0;0;1;1;B01
201500023566;0;10;0;0;1;0;4;A01
201500023567;0;7;0;0;0;8;1;B01
201500023567;1;7;0;0;2;1;1;Z01
201500023568;0;7;0;0;2;3;9;A01
201500023568;0;1;0;0;0;1;1;B01
201500023569;0;1;0;0;1;3;5;A01
201500023570;0;7;0;0;0;8;1;B01
201500023570;0;7;0;0;2;1;1;A01
201500023571;0;7;0;0;0;1;1;A01
201500023571;0;10;0;0;2;1;13;B01
201500023572;0;7;0;0;0;5;15;B01
201500023572;0;1;0;0;2;1;16;A01
201500023573;0;3;0;0;0;3;16;A01
201500023573;0;1;0;0;2;1;1;B01
201500023574;0;1;0;0;2;1;19;B01
201500023574;0;7;0;0;2;2;1;A01
201500023575;0;1;0;0;2;1;1;B01
201500023575;0;7;0;0;0;7;15;A01
201500023576;0;7;0;0;1;2;1;A01
201500023577;0;7;0;0;0;1;15;A01
201500023577;0;33;0;0;2;1;1;B01
201500023578;0;10;0;0;2;0;9;A01
201500023578;0;2;0;0;2;2;1;B01
201500023579;0;15;0;0;1;4;4;A01
201500023580;0;7;0;0;2;1;0;B01
201500023580;0;7;0;0;0;7;0;A01
201500023581;0;7;0;0;0;8;1;B01
201500023581;0;15;0;0;2;7;14;A01
201500023582;0;33;0;0;2;1;1;A01
201500023582;0;7;0;0;0;4;16;B01
201500023583;0;10;0;0;2;1;2;A01
201500023583;0;7;0;0;0;4;2;B01
201500023584;0;7;0;5;2;0;0;B01
201500023584;0;7;0;0;2;0;0;A01
201500023585;0;7;0;0;0;4;23;B01
201500023585;0;2;0;0;2;7;2;A01
201500023586;0;31;0;0;2;1;1;B01
201500023586;0;7;0;0;0;3;9;A01
201500023587;0;30;0;0;2;1;1;B01
201500023587;0;7;0;0;0;7;1;A01
201500023588;0;1;0;0;2;1;1;B01
201500023588;0;7;0;0;0;8;23;A01
201500023589;0;7;0;0;2;2;16;A01
201500023589;0;30;0;0;2;8;18;B01
201500023590;0;7;0;0;2;1;1;B01
201500023590;0;7;0;0;0;8;1;A01
201500023591;0;1;0;0;2;1;1;A01
201500023591;0;7;0;0;2;6;16;B01
201500023592;0;7;0;0;2;1;15;A01
201500023592;0;33;0;0;0;8;1;B01
201500023593;0;7;0;0;0;1;15;B01
201500023593;0;34;0;0;2;1;1;A01
201500023594;0;7;0;0;2;1;1;A01
201500023594;0;7;0;0;0;4;23;B01
201500023595;0;7;0;0;0;6;15;B01
201500023595;0;30;0;0;2;1;16;A01
201500023596;0;1;0;0;1;0;1;A01
201500023597;0;7;0;0;0;1;1;B01
201500023597;1;7;0;0;2;0;1;Z01
201500023598;0;7;0;0;2;1;13;A01
201500023598;0;2;0;0;2;7;1;B01
201500023599;0;33;0;0;2;1;17;A01
201500023599;0;7;0;0;0;6;15;B01
201500023600;0;7;0;0;0;4;23;C01
201500023600;0;7;0;0;2;1;1;A01
201500023600;0;7;0;0;2;1;23;B01
201500023601;0;7;0;0;1;7;1;A01
201500023602;0;7;0;0;2;1;1;A01
201500023602;0;1;0;0;2;0;1;B01
201500023603;0;7;0;0;0;8;10;A01
201500023603;0;33;0;0;2;1;21;B01
201500023604;0;7;0;2;0;4;16;B01
201500023604;0;10;0;0;2;1;2;A01
201500023605;0;7;0;0;0;7;15;B01
201500023605;0;31;0;0;2;8;17;A01
201500023606;0;7;0;0;2;3;9;A01
201500023606;0;1;0;0;0;1;1;B01
201500023607;0;7;0;0;2;2;1;B01
201500023607;0;1;0;0;2;0;1;A01
201500023608;0;7;0;0;0;7;1;B01
201500023608;0;33;0;0;2;1;5;A01
201500023609;0;7;0;0;1;3;1;A01
201500023610;0;1;0;0;0;4;15;B01
201500023610;0;7;0;0;2;1;15;A01
201500023611;0;7;0;0;1;1;1;A01
201500023612;0;31;0;0;2;8;1;A01
201500023612;0;7;0;0;2;1;1;B01
201500023613;0;7;0;0;2;2;15;A01
201500023613;0;30;0;0;2;1;1;B01
201500023614;0;33;0;14;1;3;1;A01
201500023615;0;7;0;0;2;1;22;A01
201500023615;0;10;0;1;0;2;1;B01
201500023616;0;7;0;0;2;1;15;A01
201500023616;0;33;0;0;2;7;1;B01
201500023617;0;7;0;0;0;5;1;B01
201500023617;0;7;0;0;2;1;1;A01
201500023618;0;1;0;0;2;9;1;B01
201500023618;0;10;0;0;2;1;15;A01
201500023619;0;7;0;0;0;6;2;B01
201500023619;0;31;0;0;2;1;2;A01
201500023620;0;7;0;0;0;8;10;A01
201500023620;0;7;0;0;2;2;1;B01
201500023621;0;7;0;0;2;1;1;C01
201500023621;0;7;0;0;0;4;2;B01
201500023621;0;7;0;0;2;2;2;A01
201500023622;0;1;0;0;2;1;5;A01
201500023622;0;10;0;0;2;7;16;B01
201500023623;0;7;0;0;2;1;9;A01
201500023623;0;7;0;14;0;0;0;B01
201500023624;0;7;0;0;0;4;23;A01
201500023624;0;33;0;0;2;1;1;B01
201500023625;0;32;0;0;2;1;1;A01
201500023625;0;7;0;0;2;2;15;B01
201500023626;0;7;0;0;2;8;1;B01
201500023626;0;32;0;0;2;1;16;A01
201500023627;1;7;0;0;1;0;0;Z01
201500023628;0;7;0;0;1;3;15;A01
201500023629;0;7;0;0;0;7;1;B01
201500023629;0;7;0;0;2;3;15;A01
201500023630;0;37;5;0;2;3;7;B01
201500023630;0;7;0;0;2;7;16;A01
201500023631;0;7;0;0;2;1;1;B01
201500023631;0;7;0;0;2;1;13;A01
201500023632;0;7;0;0;2;3;15;A01
201500023632;0;7;0;0;2;1;23;C01
201500023632;0;7;0;0;2;3;1;B01
201500023633;0;32;0;0;2;0;5;A01
201500023633;0;7;0;0;2;1;1;B01
201500023634;0;7;0;0;2;3;13;A01
201500023634;0;7;0;0;0;3;1;B01
201500023635;0;1;0;0;0;1;1;B01
201500023635;0;7;0;0;2;1;15;A01
201500023636;0;33;0;3;0;7;1;A01
201500023637;0;7;0;0;0;0;23;B01
201500023637;0;7;0;0;2;2;2;A01
201500023638;0;34;0;0;2;1;1;A01
201500023638;0;7;0;0;2;2;15;B01
201500023639;0;33;0;0;2;1;1;A01
201500023639;0;1;0;0;2;1;19;B01
201500023640;0;33;0;0;2;3;1;A01
201500023640;0;7;0;0;2;7;16;B01
201500023641;0;7;0;0;2;2;16;A01
201500023641;0;2;0;0;2;8;1;B01
201500023642;0;7;0;0;2;3;16;A01
201500023642;0;1;0;0;0;1;1;B01
201500023643;0;7;0;0;0;8;1;B01
201500023643;0;7;0;0;2;1;1;A01
201500023644;0;33;0;0;2;1;2;A01
201500023644;0;7;0;0;0;6;15;B01
201500023645;0;7;0;0;2;1;1;B01
201500023645;0;7;0;0;0;5;15;A01
201500023646;0;1;0;0;1;0;1;A01
201500023647;0;10;0;0;0;8;15;B01
201500023647;0;33;0;0;2;1;1;A01
201500023648;0;7;0;0;0;6;11;A01
201500023648;0;34;0;0;2;2;1;B01
201500023649;0;1;0;0;2;1;8;A01
201500023649;0;7;0;0;2;0;16;B01
201500023650;0;1;0;0;0;0;1;A01
201500023651;0;7;0;0;2;3;15;B01
201500023651;0;1;0;0;2;1;15;A01
201500023652;0;7;0;0;0;4;23;B01
201500023652;0;2;0;0;2;1;2;A01
201500023653;0;7;0;0;0;4;23;B01
201500023653;0;10;0;0;2;1;2;A01
201500023654;0;7;0;0;1;3;15;A01
201500023655;0;33;0;0;0;0;0;B01
201500023655;0;7;0;0;2;7;15;A01
201500023656;0;1;0;0;2;1;1;B01
201500023656;0;7;0;0;2;8;1;A01
201500023657;0;2;0;0;0;7;1;A01
201500023658;0;7;0;0;1;1;15;A01
201500023659;0;7;0;1;2;1;7;B01
201500023659;0;7;0;0;2;3;1;A01
201500023660;0;7;0;0;2;3;1;B01
201500023660;0;7;0;0;2;2;15;A01
201500023661;0;30;0;0;2;1;17;B01
201500023661;0;7;0;0;2;8;15;A01
201500023662;0;7;0;0;2;5;2;B01
201500023662;0;33;0;0;2;1;2;A01
201500023662;0;7;0;0;2;3;23;C01
201500023663;0;3;0;0;2;1;15;A01
201500023663;0;7;0;0;2;3;1;B01
201500023664;0;7;0;0;2;3;1;B01
201500023664;0;7;0;0;2;1;1;A01
201500023665;0;7;0;0;2;2;16;B01
201500023665;0;1;0;0;2;1;8;A01
201500023666;0;10;0;0;1;0;16;A01
201500023667;0;1;0;0;2;0;13;B01
201500023667;0;10;0;0;2;0;1;A01
201500023668;0;2;0;0;2;1;1;A01
201500023668;1;7;0;0;0;0;0;Z01
201500023669;0;7;0;8;0;1;1;A01
201500023670;0;2;0;12;0;9;1;A01
201500023671;0;7;0;0;0;4;1;B01
201500023671;0;7;0;0;2;1;2;A01
201500023672;0;30;0;0;0;7;1;A01
201500023673;0;7;0;0;0;4;23;B01
201500023673;0;2;0;1;0;1;2;A01
201500023674;0;33;0;1;2;9;1;A01
201500023674;0;7;0;0;2;3;1;B01
201500023675;0;7;0;0;0;9;1;A01
201500023676;0;40;80;0;1;1;1;A01
201500023677;0;7;0;0;2;1;2;B01
201500023677;0;7;0;0;0;4;23;A01
201500023678;0;7;0;0;2;3;13;A01
201500023678;0;7;0;0;2;8;1;B01
201500023679;0;7;0;0;1;1;1;A01
201500023680;0;30;0;0;2;8;16;A01
201500023680;0;7;0;0;2;7;1;B01
201500023681;0;7;0;0;0;7;19;A01
201500023681;0;7;0;0;2;1;1;B01
201500023682;0;7;0;0;2;2;15;A01
201500023682;0;31;0;0;2;1;1;B01
201500023683;0;7;0;0;2;2;15;A01
201500023683;0;33;0;0;2;1;1;B01
201500023684;0;7;0;0;2;1;17;A01
201500023684;0;7;0;0;0;1;1;B01
201500023685;0;10;0;0;2;1;0;A01
201500023685;0;34;0;0;2;7;1;B01
201500023686;0;10;0;0;1;7;15;A01
201500023687;0;1;0;0;2;3;13;A01
201500023687;0;37;1;0;2;7;7;B01
201500023688;0;31;0;0;2;8;1;A01
201500023688;0;10;0;0;2;8;15;B01
201500023689;0;2;0;1;0;9;1;A01
201500023690;0;7;0;0;2;1;2;A01
201500023690;0;33;0;0;2;4;2;B01
201500023691;0;33;0;9;0;7;1;A01
201500023692;0;37;1;0;2;1;15;B01
201500023692;0;7;0;0;2;7;1;A01
201500023693;0;7;0;0;2;1;16;A01
201500023693;0;7;0;0;2;4;2;B01
201500023693;0;7;0;0;2;4;16;C01
201500023694;0;7;0;0;2;1;1;A01
201500023694;0;7;0;0;2;1;1;B01
201500023695;0;33;0;3;0;1;1;A01
201500023696;0;1;0;0;2;1;1;A01
201500023696;1;7;0;0;2;0;4;Z01
201500023697;0;7;0;0;2;3;15;A01
201500023697;0;30;0;0;2;1;1;B01
201500023698;0;7;0;0;2;1;1;A01
201500023698;0;7;0;0;2;7;1;B01
201500023699;0;1;0;9;0;1;1;A01
201500023700;0;7;0;8;0;1;1;A01
201500023701;0;7;0;3;0;1;1;A01
201500023702;0;7;0;0;1;1;15;A01
201500023703;0;7;0;0;0;7;1;B01
201500023703;0;2;0;0;2;1;11;A01
201500023704;0;1;0;0;2;1;19;A01
201500023704;0;33;0;0;0;1;1;B01
201500023705;0;7;0;0;2;3;10;A01
201500023705;0;34;0;0;2;1;1;B01
201500023706;0;1;0;0;2;1;1;B01
201500023706;0;10;0;0;2;7;15;A01
201500023707;0;33;0;12;0;2;1;A01
201500023708;0;1;0;0;2;9;1;B01
201500023708;0;10;0;0;2;1;16;A01
201500023709;0;7;0;0;2;0;1;A01
201500023709;0;1;0;0;0;1;1;B01
201500023710;0;34;0;0;1;7;21;A01
201500023711;0;7;0;0;2;1;1;A01
201500023711;0;1;0;0;0;8;1;B01
201500023712;0;7;0;0;1;0;1;A01
201500023713;0;7;0;0;2;1;1;A01
201500023713;0;7;0;0;0;4;15;B01
201500023714;0;7;0;0;1;0;1;A01
201500023715;0;1;0;0;2;1;2;A01
201500023715;0;31;0;0;0;5;4;B01