num_acc;senc;catv;occutc;obs;obsm;choc;manv;num_veh
201500024059;0;15;0;0;0;5;1;B01
201500024060;0;7;0;0;0;0;0;B01
201500024060;0;7;0;0;2;1;1;A01
201500024061;0;7;0;0;2;1;1;A01
201500024061;0;2;0;0;2;8;1;B01
201500024062;1;7;0;0;1;1;0;Z01
201500024063;0;1;0;0;2;8;19;A01
201500024063;0;7;0;0;2;1;1;B01
201500024064;0;7;0;0;0;8;15;A01
201500024064;0;40;0;0;2;2;1;B01
201500024065;0;7;0;0;2;8;1;B01
201500024065;0;7;0;0;2;7;17;A01
201500024066;0;30;0;0;2;1;17;A01
201500024066;0;7;0;0;2;8;15;B01
201500024067;0;7;0;0;0;7;15;A01
201500024067;0;30;0;0;2;1;1;B01
201500024068;0;10;0;0;1;1;1;A01
201500024069;0;37;0;0;1;1;1;A01
201500024070;0;7;0;0;0;0;15;A01
201500024070;0;31;0;0;2;1;1;B01
201500024071;0;31;0;0;0;7;15;A01
201500024071;0;1;0;0;2;1;1;B01
201500024072;0;7;0;0;1;1;16;A01
201500024073;0;2;0;0;1;1;18;A01
201500024074;0;30;0;0;2;8;1;B01
201500024074;0;7;0;0;2;1;1;A01
201500024075;0;1;0;0;1;1;1;A01
201500024076;0;33;0;0;2;1;1;A01
201500024076;0;7;0;0;2;4;1;C01
201500024076;0;7;0;0;0;4;1;B01
201500024077;0;7;0;0;0;4;1;B01
201500024077;0;7;0;0;2;1;2;A01
201500024078;0;10;0;0;0;2;15;A01
201500024078;0;33;0;0;2;1;1;B01
201500024079;0;7;0;0;2;4;1;A01
201500024079;1;7;0;0;2;1;1;Z01
201500024080;0;2;0;0;2;1;1;B01
201500024080;0;7;0;0;0;7;15;A01
201500024081;0;30;0;0;2;1;1;B01
201500024081;0;7;0;0;2;7;15;A01
201500024082;0;7;0;0;2;1;1;B01
201500024082;0;14;0;0;2;1;1;A01
201500024083;0;33;0;0;2;1;15;A01
201500024083;0;7;0;0;2;1;1;B01
201500024084;0;7;0;0;1;1;16;A01
201500024085;2;10;0;1;1;1;1;Z01
201500024086;0;7;0;0;0;7;16;A01
201500024086;0;40;60;0;2;1;1;B01
201500024087;0;10;0;0;2;7;1;A01
201500024087;0;1;0;0;2;2;15;B01
201500024088;0;32;0;0;0;8;1;B01
201500024088;0;10;0;0;2;8;15;A01
201500024089;0;30;0;0;1;1;1;A01
201500024090;0;1;0;0;2;1;15;B01
201500024090;0;7;0;0;2;7;1;A01
201500024091;0;1;0;0;0;0;1;B01
201500024091;0;7;0;0;2;3;15;A01
201500024092;0;10;0;0;2;8;10;A01
201500024092;0;30;0;0;2;1;1;B01
201500024093;0;7;0;0;2;2;1;B01
201500024093;0;7;0;0;0;5;15;A01
201500024094;0;7;0;0;2;1;15;A01
201500024094;0;33;0;0;2;1;0;B01
201500024095;1;7;0;0;2;1;1;Z01
201500024095;0;33;0;0;2;1;1;B01
201500024096;0;31;0;0;2;1;1;B01
201500024096;0;7;0;0;0;7;15;A01
201500024097;0;7;0;0;2;8;16;A01
201500024097;0;32;0;0;2;1;16;B01
201500024098;0;1;0;0;0;9;1;B01
201500024098;0;7;0;0;2;7;1;A01
201500024099;0;1;0;1;0;4;1;A01
201500024100;0;7;0;0;2;1;15;A01
201500024100;0;30;0;0;2;1;1;B01
201500024101;0;7;0;0;1;3;1;A01
201500024102;0;2;0;0;2;1;1;B01
201500024102;0;7;0;0;0;5;15;A01
201500024103;0;7;0;6;0;1;15;A01
201500024104;0;2;0;0;2;1;1;A01
201500024104;0;7;0;0;0;6;15;B01
201500024105;0;33;0;0;0;1;17;B01
201500024105;0;7;0;0;0;0;0;A01
201500024106;0;31;0;0;2;8;15;A01
201500024106;0;7;0;0;2;7;1;B01
201500024107;0;33;0;0;1;1;1;A01
201500024108;0;7;0;0;2;1;1;B01
201500024108;0;7;0;6;0;8;1;A01
201500024109;0;7;0;0;0;8;0;B01
201500024109;0;7;0;0;0;1;0;A01
201500024110;0;7;0;1;0;1;1;A01
201500024111;0;10;0;0;2;1;1;B01
201500024111;0;7;0;0;2;1;15;A01
201500024112;0;10;0;0;2;2;1;B01
201500024112;0;1;0;0;2;1;19;A01
201500024113;0;33;0;0;2;1;1;A01
201500024113;0;7;0;0;0;8;15;B01
201500024114;0;7;0;0;2;1;0;B01
201500024114;0;7;0;0;2;7;1;A01
201500024115;0;7;0;0;2;1;2;A01
201500024115;0;7;0;0;0;4;1;C01
201500024115;0;7;0;0;2;4;2;B01
201500024116;0;7;0;14;0;1;1;A01
201500024117;0;7;0;0;2;8;15;A01
201500024117;0;31;0;0;2;1;1;B01
201500024118;0;7;0;0;1;5;1;A01
201500024119;0;7;0;0;1;3;1;A01
201500024120;0;7;0;0;0;1;1;C01
201500024120;0;10;0;0;2;1;1;B01
201500024120;0;7;0;0;2;1;1;A01
201500024121;0;7;0;1;0;2;1;A01
201500024121;0;2;0;0;2;4;23;B01
201500024122;0;7;0;0;0;6;1;B01
201500024122;0;7;0;0;2;1;1;A01
201500024123;0;34;0;0;2;1;1;B01
201500024123;0;7;0;0;2;7;15;A01
201500024124;0;7;0;0;0;7;15;A01
201500024124;0;33;0;0;2;1;1;B01
201500024125;0;7;0;0;0;9;1;A01
201500024126;0;30;0;0;2;0;1;A01
201500024127;0;7;0;0;1;3;1;A01
201500024128;0;2;0;0;2;1;1;B01
201500024128;0;7;0;0;0;8;1;A01
201500024129;1;37;1;1;0;0;1;Z01
201500024129;0;7;0;0;0;8;23;B01
201500024130;0;7;0;0;2;3;15;A01
201500024130;0;2;0;0;0;8;1;B01
201500024131;0;2;0;0;0;1;20;B01
201500024131;0;7;0;0;0;7;4;A01
201500024132;0;1;0;0;0;7;1;B01
201500024132;0;7;0;0;2;1;1;A01
201500024133;1;1;0;0;1;1;1;B01
201500024134;0;31;0;0;2;1;1;A01
201500024134;0;30;0;0;0;4;15;B01
201500024135;0;7;0;0;2;1;15;A01
201500024135;0;33;0;0;2;1;1;B01
201500024136;0;33;0;0;2;8;1;B01
201500024136;0;7;0;0;2;2;13;A01
201500024137;0;32;0;0;1;1;5;A01
201500024138;0;7;0;1;0;2;1;A01
201500024138;0;7;0;0;0;6;24;B01
201500024139;0;7;0;0;2;3;15;B01
201500024139;0;7;0;0;0;6;24;C01
201500024139;0;33;0;1;2;1;1;A01
201500024140;0;7;0;0;0;3;13;B01
201500024140;0;7;0;0;0;3;1;D01
201500024140;0;7;0;0;2;3;1;C01
201500024140;0;10;0;0;2;2;13;A01
201500024141;0;33;0;0;1;1;0;A01
201500024142;0;37;1;0;2;2;1;A01
201500024142;0;1;0;0;2;0;1;B01
201500024143;0;2;0;0;2;1;1;B01
201500024143;0;7;0;0;2;5;15;A01
201500024144;0;7;0;6;0;1;1;A01
201500024145;0;7;0;0;0;4;23;B01
201500024145;0;7;0;0;2;1;2;A01
201500024146;1;7;0;0;1;1;0;Z01
201500024147;0;7;0;0;1;2;1;A01
201500024148;0;7;0;0;1;2;16;A01
201500024149;0;7;0;15;0;2;1;A01
201500024150;0;7;0;0;2;1;2;A01
201500024150;0;7;0;0;0;4;2;B01
201500024151;0;7;0;0;1;0;15;A01
201500024152;0;14;0;0;2;2;16;A01
201500024152;0;7;0;0;2;9;18;B01
201500024153;0;1;0;0;2;0;1;B01
201500024153;0;7;0;0;2;0;1;A01
201500024154;0;7;0;0;0;1;10;B01
201500024154;0;30;0;0;2;3;17;A01
201500024155;0;1;0;0;2;1;1;B01
201500024155;0;7;0;0;2;1;13;A01
201500024156;0;7;0;0;2;2;15;A01
201500024156;0;33;0;0;2;1;1;B01
201500024157;0;7;0;0;2;1;1;A01
201500024157;0;31;0;0;2;0;1;B01
201500024158;0;7;0;0;2;3;17;A01
201500024158;0;33;0;0;2;1;1;B01
201500024159;0;7;0;0;2;3;9;A01
201500024159;0;7;0;0;2;1;1;B01
201500024160;0;7;0;1;1;0;1;A01
201500024161;0;31;0;0;2;1;16;B01
201500024161;0;7;0;0;2;1;15;A01
201500024162;0;7;0;0;1;3;15;A01
201500024163;1;7;0;0;1;0;1;Z01
201500024164;0;30;0;0;2;9;1;B01
201500024164;0;7;0;0;2;1;9;A01
201500024165;0;7;0;0;2;1;1;B01
201500024165;0;7;0;0;2;3;15;A01
201500024166;1;7;0;0;2;1;16;Z01
201500024166;0;1;0;0;2;4;1;B01
201500024167;0;10;0;0;1;3;15;A01
201500024168;0;7;0;0;2;0;16;B01
201500024168;0;1;0;0;2;1;5;A01
201500024169;0;7;0;0;0;6;23;B01
201500024169;0;10;0;0;2;2;1;A01
201500024170;0;14;0;0;0;6;16;B01
201500024170;0;7;0;0;2;1;1;C01
201500024170;0;7;0;0;2;9;1;A01
201500024171;0;2;0;0;2;7;1;B01
201500024171;0;7;0;0;2;1;15;A01
201500024172;0;7;0;0;2;3;15;B01
201500024172;0;30;0;0;2;2;17;A01
201500024173;0;33;0;0;2;1;1;B01
201500024173;0;7;0;0;2;3;10;A01
201500024174;0;7;0;0;2;3;1;B01
201500024174;0;10;0;0;2;1;1;A01
201500024175;1;30;0;0;1;1;1;Z01
201500024176;0;10;0;0;2;2;10;A01
201500024176;0;33;0;0;2;1;1;B01
201500024177;0;7;0;0;2;3;1;B01
201500024177;0;7;0;0;2;3;15;A01
201500024178;0;7;0;0;2;2;16;A01
201500024178;0;1;0;0;2;3;1;B01
201500024179;0;7;0;0;0;4;16;B01
201500024179;0;1;0;0;2;1;2;A01
201500024180;0;7;0;0;1;7;1;A01
201500024181;0;7;0;1;0;9;23;C01
201500024181;0;7;0;0;0;4;23;D01
201500024181;0;10;0;1;0;1;1;A01
201500024181;0;10;0;1;0;9;23;B01
201500024182;0;7;0;0;2;2;1;A01
201500024182;0;34;0;0;2;1;1;B01
201500024183;0;2;0;0;1;3;1;A01
201500024184;0;7;0;0;0;6;15;A01
201500024184;0;31;0;0;2;2;1;B01
201500024185;0;7;0;0;2;3;1;B01
201500024185;0;7;0;0;2;3;13;A01
201500024186;0;14;0;0;0;8;1;B01
201500024186;0;7;0;0;2;1;1;A01
201500024187;0;31;0;1;0;0;1;A01
201500024188;0;7;0;0;2;1;1;B01
201500024188;0;10;0;0;2;1;15;A01
201500024189;0;7;0;0;0;5;16;B01
201500024189;0;31;0;0;2;1;2;A01
201500024190;0;7;0;0;1;4;4;A01
201500024191;0;2;0;0;2;3;1;B01
201500024191;0;7;0;0;0;1;15;A01
201500024192;0;37;1;0;0;2;7;A01
201500024192;0;7;0;0;0;4;23;B01
201500024193;0;7;0;0;2;1;15;A01
201500024193;0;33;0;0;2;1;1;B01
201500024194;0;37;1;0;2;1;2;A01
201500024194;0;7;0;0;0;4;16;B01
201500024195;0;7;0;0;1;1;1;A01
201500024196;0;10;0;0;1;2;17;A01
201500024197;0;7;0;0;2;5;14;A01
201500024197;1;14;0;0;2;0;1;Z01
201500024198;0;2;0;0;2;1;15;A01
201500024198;0;10;0;0;2;8;23;B01
201500024199;0;14;0;0;0;4;2;B01
201500024199;0;7;0;0;2;1;2;A01
201500024200;0;7;0;0;1;3;1;A01
201500024201;0;7;0;0;0;9;1;A01
201500024202;0;7;0;0;1;1;1;A01
201500024203;0;37;1;0;2;2;1;B01
201500024203;0;13;0;0;2;1;9;A01
201500024204;0;2;0;0;2;1;1;A01
201500024204;0;7;0;0;2;7;1;B01
201500024205;0;7;0;2;6;3;1;A01
201500024206;0;7;0;0;1;1;1;A01
201500024207;0;7;0;0;0;1;1;B01
201500024207;0;7;0;0;2;1;5;A01
201500024208;0;33;0;8;0;1;1;A01
201500024209;0;7;0;0;1;0;16;A01
201500024210;0;7;0;0;2;1;1;B01
201500024210;0;7;0;1;2;1;1;A01
201500024211;0;7;0;6;0;0;0;A01
201500024212;0;10;0;0;2;1;1;A01
201500024212;0;7;0;0;0;8;1;B01
201500024213;0;7;0;0;2;1;1;B01
201500024213;0;7;0;0;0;3;16;A01
201500024214;0;7;0;0;1;1;1;A01
201500024215;0;7;0;0;0;1;1;B01
201500024215;0;7;0;1;2;1;1;A01
201500024216;0;7;0;0;0;7;15;A01
201500024216;0;2;0;0;2;1;1;B01
201500024217;0;7;0;0;2;1;15;A01
201500024217;0;2;0;0;2;1;1;B01
201500024218;0;10;0;0;0;0;22;A01
201500024218;0;1;0;0;0;0;13;B01
201500024219;0;40;0;0;1;0;1;A01
201500024220;0;7;0;0;2;3;15;A01
201500024220;0;7;0;0;2;8;1;B01
201500024221;0;2;0;0;2;1;1;B01
201500024221;0;7;0;0;0;1;15;A01
201500024222;0;7;0;0;2;1;1;A01
201500024222;0;1;0;0;0;1;1;B01
201500024223;0;34;0;0;1;1;1;A01
201500024224;0;32;0;0;0;3;15;B01
201500024224;0;10;0;0;2;6;16;A01
201500024225;0;7;0;1;0;2;1;A01
201500024226;0;7;0;0;2;2;13;B01
201500024226;0;33;0;0;0;1;1;A01
201500024227;0;7;0;0;0;1;4;B01
201500024227;0;2;0;0;2;1;15;A01
201500024228;0;33;0;0;1;1;1;A01
201500024229;0;7;0;0;2;1;15;A01
201500024229;0;31;0;0;2;1;1;B01
201500024230;0;7;0;0;2;1;1;B01
201500024230;0;7;0;0;2;1;1;A01
201500024231;0;7;0;0;0;8;15;A01
201500024231;0;7;0;0;2;1;1;B01
201500024232;0;10;0;0;1;2;1;A01
201500024233;0;7;0;0;0;4;16;B01
201500024233;0;7;0;0;2;1;2;A01
201500024234;0;7;0;0;2;3;13;A01
201500024234;0;7;0;4;2;1;1;B01
201500024235;0;30;0;0;0;4;14;B01
201500024235;0;7;0;0;2;3;1;A01
201500024236;0;7;0;0;0;8;9;B01
201500024236;0;10;0;0;2;6;4;A01
201500024237;0;7;0;0;2;2;1;A01
201500024237;0;7;0;0;0;5;15;B01
201500024237;0;33;0;0;0;1;1;C01
201500024238;0;10;0;0;2;1;1;A01
201500024238;0;7;0;0;0;4;2;B01
201500024239;0;10;0;0;0;3;15;B01
201500024239;0;2;0;0;2;3;2;A01
201500024239;0;7;0;0;0;3;24;C01
201500024240;0;7;0;0;1;3;1;A01
201500024241;0;33;0;1;0;2;1;A01
201500024242;0;7;0;0;2;1;2;A01
201500024242;0;7;0;0;0;4;2;B01
201500024243;0;7;0;0;0;4;23;B01
201500024243;0;14;0;0;2;1;1;A01
201500024244;0;7;0;0;2;2;1;A01
201500024244;0;7;0;0;2;1;16;B01
201500024245;0;30;0;0;2;1;1;B01
201500024245;0;7;0;0;2;2;15;A01
201500024246;0;30;0;0;0;9;1;A01
201500024247;0;33;0;0;2;1;1;B01
201500024247;0;7;0;0;2;7;15;A01
201500024248;0;30;0;0;2;1;18;A01
201500024248;0;7;0;0;0;2;16;B01
201500024249;1;7;0;0;1;0;1;Z01
201500024250;0;7;0;0;2;7;15;A01
201500024250;0;33;0;0;2;1;1;B01
201500024251;0;2;0;0;2;7;1;B01
201500024251;1;10;0;0;2;8;17;Z01
201500024252;0;7;0;0;2;1;16;A01
201500024252;0;1;0;0;2;0;19;B01
201500024253;0;7;0;0;2;1;9;A01
201500024253;0;1;0;0;2;1;1;B01
201500024254;0;7;0;0;2;7;15;A01
201500024254;0;1;0;0;2;1;1;B01
201500024255;0;37;1;0;0;1;23;B01
201500024255;0;7;0;0;2;1;13;A01
201500024256;0;7;0;0;2;7;15;A01
201500024256;0;7;0;0;2;1;1;B01
201500024257;0;7;0;0;2;2;1;A01
201500024257;0;2;0;0;2;1;16;B01
201500024258;0;1;0;0;2;1;1;B01
201500024258;0;7;0;0;2;1;16;A01
201500024259;0;10;0;0;2;7;6;A01
201500024259;0;2;0;0;2;1;1;B01
201500024260;0;7;0;0;2;0;21;A01
201500024260;0;33;0;0;0;1;1;B01
201500024261;0;7;0;8;0;1;1;A01
201500024262;0;32;0;8;0;1;1;A01
201500024263;0;7;0;8;0;1;13;A01
201500024264;0;7;0;0;2;3;1;B01
201500024264;0;10;0;0;2;2;13;A01
201500024265;0;7;0;0;1;3;21;A01
201500024266;0;1;0;0;2;1;1;A01
201500024266;0;10;0;0;2;1;1;B01
201500024267;0;37;1;0;2;8;1;B01
201500024267;0;7;0;11;2;2;13;A01
201500024268;0;7;0;0;1;1;1;A01
201500024269;0;7;0;0;2;1;15;A01
201500024269;0;7;0;0;2;1;1;B01
201500024270;0;7;0;0;0;4;23;B01
201500024270;0;3;0;0;2;1;1;A01
201500024271;0;7;0;0;0;4;23;C01
201500024271;0;33;0;0;2;1;1;A01
201500024271;0;10;0;0;2;1;23;B01
201500024272;0;7;0;0;0;4;1;A01
201500024272;0;7;0;0;2;1;1;Z01
201500024273;0;10;0;0;0;4;15;A01
201500024273;0;33;0;0;2;1;1;B01
201500024274;0;7;0;0;2;1;1;A01
201500024274;0;7;0;1;0;3;2;B01
201500024275;0;33;0;0;2;1;17;A01
201500024275;0;7;0;0;2;3;15;B01
201500024276;0;33;0;1;2;1;1;B01
201500024276;0;7;0;0;0;2;15;A01
201500024277;0;7;0;0;2;7;15;A01
201500024277;0;2;0;0;2;1;0;B01
201500024278;0;1;0;0;2;1;1;A01
201500024278;0;7;0;0;0;5;15;B01
201500024279;0;7;0;1;0;2;1;A01
201500024280;0;10;0;0;2;1;1;A01
201500024280;0;7;0;0;2;2;1;B01
201500024281;0;7;0;0;2;1;1;A01
201500024281;0;7;0;0;2;3;15;B01
201500024282;0;7;0;0;2;8;15;B01
201500024282;0;7;0;0;2;1;17;A01
201500024283;0;7;0;0;2;2;1;B01
201500024283;0;7;0;0;2;3;15;A01
201500024284;0;7;0;0;1;1;1;A01
201500024285;0;7;0;0;2;1;2;A01
201500024285;0;7;0;0;0;4;1;B01
201500024286;0;40;150;0;1;1;1;A01
201500024287;0;7;0;7;0;1;15;A01
201500024288;0;1;0;1;0;1;1;B01
201500024288;0;7;0;0;0;3;22;A01
201500024289;0;7;0;0;0;1;1;A01
201500024289;0;7;0;0;2;1;1;B01
201500024290;0;7;0;8;2;1;1;A01
201500024290;0;7;0;0;2;1;1;B01
201500024291;0;7;0;0;1;2;15;A01
201500024292;0;10;0;0;0;5;24;B02
201500024292;0;33;0;5;2;1;1;A01
201500024293;0;10;0;0;0;7;16;A01
201500024293;0;1;0;0;2;1;1;B02
201500024294;0;34;0;0;0;0;1;B02
201500024294;0;7;0;0;0;0;9;A01
201500024295;0;33;0;0;2;1;1;B02
201500024295;0;7;0;0;2;8;11;A01
201500024296;0;31;0;0;2;1;2;B02
201500024296;0;7;0;0;0;4;1;A01
201500024297;0;33;0;8;0;1;1;A01
201500024298;0;30;0;0;1;1;1;A01
201500024299;0;7;0;0;0;1;1;B02
201500024299;0;31;0;0;0;1;19;A01
201500024300;0;7;0;0;2;1;9;A01
201500024300;0;33;0;0;2;1;1;B02
201500024301;0;7;0;2;0;1;1;A01
201500024302;0;33;0;0;2;3;1;B02
201500024302;0;7;0;0;2;2;16;A01
201500024303;0;7;0;0;2;3;11;A01
201500024303;0;32;0;0;2;6;1;B02
201500024304;0;7;0;0;0;2;1;A01
201500024305;0;7;0;0;2;1;15;A01
201500024305;0;31;0;0;2;8;18;B02
201500024306;0;10;0;0;2;2;16;A01
201500024306;0;30;0;0;2;1;0;B02
201500024307;0;10;0;0;2;2;15;A01
201500024307;0;33;0;0;2;1;0;B02
201500024308;0;7;0;0;1;2;1;A01
201500024309;0;33;0;12;0;1;1;A01
201500024310;0;34;0;0;0;7;1;A01
201500024311;0;31;0;0;2;1;1;A01
201500024311;0;7;0;0;2;5;16;B02
201500024312;0;34;0;0;2;1;17;B02
201500024312;0;10;0;0;2;6;15;A01
201500024313;0;7;0;0;0;1;15;A01
201500024313;0;7;0;0;0;3;1;B02
201500024314;0;33;0;0;0;1;1;A01
201500024314;0;14;0;0;0;0;0;B02
201500024315;0;31;0;0;2;1;1;B01
201500024315;0;7;0;0;2;1;15;A01
201500024316;0;7;0;3;0;1;0;A01
201500024317;0;7;0;0;2;3;11;A01
201500024317;0;33;0;0;2;1;1;B01
201500024318;0;2;0;0;2;1;15;A01
201500024318;0;7;0;0;2;3;1;B01
201500024319;0;7;0;0;2;2;1;B01
201500024319;0;7;0;0;2;1;1;C01
201500024319;0;7;0;0;2;1;0;A01
201500024320;0;7;0;0;2;8;1;B01
201500024320;0;7;0;0;2;1;13;A01
201500024320;0;7;0;0;2;1;1;C01
201500024321;0;7;0;0;1;1;1;A01
201500024322;0;33;0;0;0;0;0;A01
201500024323;0;7;0;0;2;2;17;A01
201500024323;0;7;0;2;2;4;1;B01
201500024324;0;33;0;8;0;0;1;A01
201500024325;0;7;0;0;2;0;1;B01
201500024325;0;7;0;0;2;0;16;A01
201500024326;0;1;0;0;0;0;0;A01
201500024326;0;1;0;0;0;0;0;B01
201500024327;0;30;0;0;2;1;17;A01
201500024327;0;7;0;0;2;3;15;B01
201500024328;0;7;0;0;2;1;17;A01
201500024328;0;7;0;0;2;1;1;B01
201500024329;0;7;0;0;2;1;19;B01
201500024329;0;32;0;0;2;7;1;A01
201500024330;0;7;0;0;2;2;0;A01
201500024330;0;1;0;0;2;1;0;B01
201500024331;0;7;0;0;1;1;1;A01
201500024332;0;10;0;0;2;7;1;B01
201500024332;0;1;0;0;2;1;19;A01
201500024333;0;7;0;0;0;9;16;A01
201500024334;0;33;0;0;2;1;1;B01
201500024334;0;7;0;0;2;5;15;A01
201500024335;0;33;0;0;0;1;1;B01
201500024335;0;7;0;0;0;2;15;A01
201500024336;0;7;0;0;2;3;1;A01
201500024336;0;10;0;0;2;5;0;B01
201500024337;0;14;0;0;1;7;1;A01
201500024338;0;7;0;8;0;0;0;A01
201500024339;0;7;0;0;1;1;15;A01
201500024340;0;7;0;0;1;2;1;A01
201500024341;0;7;0;0;2;3;1;C01
201500024341;0;7;0;0;2;3;13;A01
201500024341;0;10;0;0;2;1;1;B01
201500024342;0;2;0;0;2;7;9;A01
201500024342;0;2;0;0;2;1;1;B01
201500024343;0;7;0;0;1;0;0;A01
201500024344;0;7;0;0;2;1;1;B01
201500024344;0;33;0;0;9;1;5;A01
201500024345;0;7;0;0;0;0;0;A01
201500024346;0;7;0;0;2;3;15;A01
201500024346;0;33;0;0;2;2;1;B01
201500024347;0;10;0;0;9;1;1;C01
201500024347;0;30;0;0;2;1;1;B01
201500024347;0;10;0;0;2;3;16;A01
201500024348;1;7;0;0;1;3;1;Z01
201500024349;0;2;0;0;2;1;5;B01
201500024349;1;7;0;0;2;1;1;Z01
201500024350;0;7;0;0;2;3;15;A01
201500024350;0;7;0;0;2;0;1;B01
201500024351;0;7;0;0;1;2;1;A01
201500024352;0;1;0;0;1;0;0;A01
201500024353;0;33;0;0;2;1;1;B01
201500024353;0;7;0;0;2;3;10;A01
201500024354;0;30;0;0;2;1;1;A01
201500024354;0;30;0;0;2;8;0;B01
201500024355;0;1;0;0;0;0;0;Z01
201500024356;0;36;0;1;0;0;0;A01
201500024357;0;7;0;6;0;1;1;A01
201500024358;0;7;0;0;2;7;1;B01
201500024358;0;7;0;8;2;1;6;A01
201500024358;0;7;0;0;2;4;1;C01
201500024358;0;7;0;0;2;4;1;D01
201500024359;0;33;0;0;2;7;1;B01
201500024359;0;7;0;0;2;1;16;A01
201500024360;1;7;0;0;1;0;0;Z01
201500024361;0;32;0;0;2;7;1;B01
201500024361;1;7;0;0;2;1;9;A01
201500024362;0;7;0;0;2;1;13;A01
201500024362;0;7;0;1;2;1;1;B01
201500024362;0;7;0;1;2;1;1;D01
201500024363;1;7;0;0;2;1;0;A01
201500024363;0;30;0;1;2;1;1;B01
201500024364;0;7;0;0;2;3;0;A01
201500024364;0;7;0;0;0;0;0;B01
201500024365;0;7;0;0;1;1;0;A01
201500024366;0;7;0;8;0;0;0;A01
201500024367;1;7;0;0;1;1;1;A01
201500024368;0;31;0;0;0;0;1;A01
201500024369;0;7;0;0;2;4;2;B01
201500024369;0;15;0;0;2;1;1;A01
201500024370;0;7;0;0;1;1;17;A01
201500024371;0;10;0;13;0;9;1;A01
201500024372;0;31;0;0;2;1;1;B01
201500024372;0;7;0;0;2;8;9;A01
201500024373;0;33;0;0;2;7;1;B01
201500024373;0;7;0;0;2;3;11;A01
201500024374;0;7;0;0;2;3;1;B01
201500024374;0;2;0;0;2;1;19;A01
201500024375;0;7;0;0;2;6;9;A01
201500024375;0;7;0;0;2;1;1;B01
201500024376;0;7;0;0;1;1;1;A01
201500024377;0;7;0;0;2;7;1;B01
201500024377;0;2;0;0;2;1;1;A01
201500024378;0;7;0;0;2;1;1;B01
201500024378;0;7;0;0;2;3;1;A01
201500024379;0;7;0;0;2;1;13;A01
201500024379;0;7;0;0;2;1;1;B01
201500024380;0;33;0;0;2;1;17;A01
201500024380;0;7;0;0;2;8;15;B01
201500024381;0;7;0;0;1;2;1;A01
201500024382;0;30;0;7;2;4;1;A01
201500024382;0;7;0;0;2;2;1;B01
201500024383;0;3;0;0;2;4;0;B01
201500024383;0;7;0;0;2;1;1;A01
201500024384;0;7;0;0;2;8;1;B01
201500024384;0;2;0;0;1;1;17;A01
201500024385;0;7;0;2;0;5;1;A01
201500024386;0;7;0;0;1;1;15;A01
201500024387;0;7;0;0;1;1;1;B01
201500024387;0;7;0;0;1;1;1;A01
201500024388;0;7;0;0;2;4;1;B01
201500024388;0;7;0;0;2;1;2;A01
201500024389;0;7;0;0;2;1;1;A01
201500024389;0;7;0;0;2;4;1;B01
201500024390;0;7;0;0;1;2;0;A01
201500024391;1;7;0;0;2;3;2;Z01
201500024391;0;7;0;8;2;1;1;B01
201500024392;0;7;0;0;2;4;1;B01
201500024392;0;7;0;0;2;1;1;A01
201500024393;0;34;0;0;2;1;0;B01
201500024393;0;7;0;0;2;1;17;A01
201500024393;0;7;0;0;2;2;0;C01
201500024394;0;7;0;13;0;1;1;A01
201500024395;0;34;0;0;2;0;21;B01
201500024395;0;7;0;0;2;6;13;A01
201500024396;0;7;0;0;1;2;1;A01
201500024397;0;7;0;0;2;1;15;A01
201500024397;0;1;0;0;2;3;1;B01
201500024398;1;7;0;0;1;0;0;Z01
201500024399;0;7;0;4;0;3;0;A01
201500024400;0;7;0;0;2;3;15;A01
201500024400;0;30;0;0;2;1;1;B01
201500024401;0;7;0;0;2;3;1;B01
201500024401;0;31;0;0;2;2;15;A01
201500024402;0;7;0;0;2;7;15;A01
201500024403;0;7;0;0;1;1;1;A01
201500024404;0;7;0;0;2;3;3;A01
201500024404;0;32;0;0;2;8;5;B01
201500024405;0;1;0;0;0;4;2;B01
201500024405;0;7;0;0;0;2;2;A01
201500024406;0;7;0;0;0;8;10;B01
201500024406;0;7;0;0;2;2;2;A01
201500024407;0;7;0;0;2;2;9;A01
201500024407;0;7;0;0;2;1;1;B01
201500024408;0;31;0;0;2;8;1;B01
201500024408;0;7;0;0;2;1;1;A01
201500024409;0;7;0;0;1;2;1;A01
201500024410;0;2;0;0;2;7;2;A01
201500024410;0;2;0;0;2;3;2;B01
201500024411;0;7;0;11;0;1;14;A01
201500024412;0;7;0;14;2;8;10;A01
201500024412;0;40;0;0;4;1;1;B01
201500024413;0;7;0;12;2;1;1;B01
201500024413;0;7;0;15;2;1;13;A01
201500024414;0;3;0;0;2;1;1;B01
201500024414;0;30;0;0;2;1;15;A01
201500024415;0;7;0;0;2;4;1;B01
201500024415;0;7;0;4;0;2;12;A01
201500024416;0;33;0;0;2;1;2;A01
201500024416;0;7;0;0;0;5;23;B01
201500024417;0;7;0;0;2;4;15;B01
201500024417;0;14;0;0;2;3;5;C01
201500024417;0;7;0;0;2;1;15;A01
201500024418;0;7;0;14;0;4;2;B01
201500024418;0;10;0;14;0;4;2;C01
201500024418;0;7;0;14;0;1;2;A01
201500024419;0;33;0;0;2;1;2;A01
201500024419;0;7;0;0;0;2;16;B01
201500024420;0;7;0;0;2;1;1;B01