num_acc;senc;catv;occutc;obs;obsm;choc;manv;num_veh
201500024420;0;7;0;0;2;3;1;A01
201500024421;0;32;0;0;2;1;1;A01
201500024421;0;7;0;0;2;6;15;B01
201500024422;0;34;0;0;2;4;1;B01
201500024422;0;7;0;0;2;1;1;A01
201500024423;0;7;0;0;2;3;13;A01
201500024423;0;7;0;0;2;3;1;B01
201500024424;0;7;0;15;0;1;0;A01
201500024425;0;7;0;0;2;3;16;B01
201500024425;0;7;0;0;2;2;19;A01
201500024426;0;7;0;0;2;2;11;A01
201500024426;0;33;0;14;2;1;5;B01
201500024427;0;1;0;0;4;0;19;B01
201500024427;0;40;0;0;2;3;1;A01
201500024428;0;7;0;9;1;2;0;A01
201500024429;0;2;0;6;2;1;21;B01
201500024429;0;7;0;0;2;8;15;A01
201500024430;0;7;0;0;1;2;1;B01
201500024431;0;7;0;0;1;2;1;A01
201500024432;0;33;0;0;2;1;21;A01
201500024432;0;7;0;0;2;6;1;B01
201500024433;0;7;0;0;2;7;15;A01
201500024433;0;34;0;0;2;1;1;B01
201500024434;0;7;0;0;2;2;15;A01
201500024434;0;7;0;0;2;1;1;B01
201500024435;0;33;0;0;2;7;17;A01
201500024435;0;7;0;0;2;3;1;C01
201500024435;0;7;0;0;2;8;1;B01
201500024436;0;7;0;0;1;8;1;A01
201500024437;0;1;0;0;2;7;9;B01
201500024437;0;7;0;0;2;1;1;A01
201500024438;0;7;0;0;1;2;0;A01
201500024439;0;7;0;0;1;2;1;A01
201500024440;0;7;0;0;2;4;2;B01
201500024440;0;7;0;0;2;1;2;A01
201500024441;0;1;0;0;2;0;1;A01
201500024441;0;7;0;0;0;0;16;B01
201500024442;0;7;0;0;0;3;0;B01
201500024442;0;30;0;0;2;1;11;A01
201500024443;0;7;0;0;2;7;1;C01
201500024443;0;7;0;0;2;8;22;A01
201500024443;0;1;0;0;2;1;1;B01
201500024444;0;1;0;0;0;0;0;B01
201500024444;0;10;0;0;0;0;0;A01
201500024445;0;7;0;0;2;0;23;C01
201500024445;0;7;0;0;0;0;23;D01
201500024445;0;33;0;0;2;1;1;B01
201500024445;0;10;0;0;2;2;15;A01
201500024446;0;7;0;2;0;1;0;A01
201500024447;0;33;0;0;2;3;1;A01
201500024447;1;7;0;0;2;3;15;Z01
201500024448;0;34;0;0;2;7;17;B01
201500024448;0;7;0;0;2;3;11;A01
201500024449;0;7;0;0;2;8;10;A01
201500024449;0;32;0;0;0;0;0;B01
201500024450;0;7;0;0;9;4;2;B01
201500024450;0;7;0;0;2;1;2;A01
201500024451;0;7;0;0;2;1;15;A01
201500024451;0;7;0;0;2;1;1;B01
201500024452;2;7;0;8;0;1;1;A01
201500024453;0;7;0;0;0;7;1;A01
201500024453;0;2;0;0;2;1;1;B01
201500024454;0;7;0;0;2;5;15;A01
201500024454;0;31;0;0;2;1;1;B01
201500024455;0;7;0;0;1;2;16;A01
201500024456;0;7;0;0;1;1;1;A01
201500024456;0;7;0;0;2;1;15;B01
201500024457;0;10;0;0;1;6;1;A01
201500024458;0;7;0;0;2;3;11;A01
201500024458;0;7;0;0;2;3;1;B01
201500024459;0;7;0;0;2;9;1;A01
201500024459;0;2;0;0;0;0;0;B01
201500024460;0;30;0;0;2;1;1;B01
201500024460;0;7;0;0;2;1;5;A01
201500024461;0;7;0;1;1;4;15;A01
201500024461;1;7;0;0;2;1;2;Z01
201500024462;0;7;0;0;2;3;15;A01
201500024462;0;31;0;0;2;1;17;B01
201500024463;0;7;0;0;1;8;15;A01
201500024464;0;7;0;0;2;1;2;A01
201500024464;0;7;0;0;0;7;15;B01
201500024465;0;2;0;0;2;1;1;B01
201500024465;0;7;0;0;2;2;15;A01
201500024466;0;7;0;0;2;1;1;A01
201500024466;0;7;0;0;2;3;1;B01
201500024467;0;7;0;11;0;1;14;A01
201500024468;0;33;0;0;2;1;1;A01
201500024468;0;7;0;0;2;2;15;B01
201500024469;0;1;0;0;2;8;1;A01
201500024469;1;7;0;0;2;0;15;Z01
201500024470;0;15;0;0;0;3;10;A01
201500024470;0;33;0;0;2;1;13;B01
201500024471;0;33;0;0;2;1;21;A01
201500024471;0;14;0;0;2;8;15;B01
201500024472;0;7;0;0;1;3;15;A01
201500024473;2;7;0;0;2;2;1;Z01
201500024473;0;7;0;0;2;3;16;A01
201500024474;1;7;0;0;1;0;15;Z01
201500024475;0;1;0;14;0;1;1;A01
201500024476;0;1;0;0;2;1;0;B01
201500024476;0;7;0;0;2;5;15;A01
201500024477;0;2;0;0;2;7;17;A01
201500024477;0;7;0;0;2;3;1;B01
201500024478;0;7;0;0;2;3;15;A01
201500024478;0;1;0;0;2;1;1;B01
201500024479;0;7;0;0;9;7;16;A01
201500024479;0;1;0;0;2;6;1;B01
201500024480;0;7;0;0;2;2;15;A01
201500024480;0;32;0;0;2;1;1;B01
201500024481;0;10;0;0;2;1;15;A01
201500024481;0;33;0;0;2;1;1;B01
201500024482;0;7;0;0;1;2;0;A01
201500024483;0;33;0;0;0;8;1;A01
201500024484;0;33;0;0;2;1;2;A01
201500024484;0;7;0;0;2;6;1;B01
201500024485;0;7;0;0;2;1;1;A01
201500024485;0;7;0;0;2;8;1;B01
201500024486;0;7;0;0;0;0;0;B01
201500024486;0;7;0;0;2;2;15;A01
201500024487;0;7;0;0;1;1;1;A01
201500024488;0;7;0;0;2;2;15;A01
201500024488;0;32;0;0;2;1;1;B01
201500024489;0;7;0;0;1;7;1;A01
201500024490;0;7;0;0;2;3;9;A01
201500024490;0;7;0;0;2;2;1;B01
201500024491;0;7;0;0;2;1;1;A01
201500024491;0;33;0;0;2;7;0;B01
201500024492;0;7;0;0;2;3;19;A01
201500024492;0;33;0;0;2;1;1;B01
201500024493;0;7;0;0;2;2;15;A01
201500024493;0;33;0;0;2;1;1;B01
201500024494;0;7;0;0;2;1;2;A01
201500024494;0;7;0;0;2;4;2;B01
201500024495;0;14;0;0;0;7;2;A01
201500024496;0;7;0;0;2;1;15;A01
201500024496;0;33;0;0;2;8;0;B01
201500024497;0;33;0;0;2;1;10;A01
201500024497;0;7;0;0;0;0;1;B01
201500024498;0;33;0;0;2;8;2;A01
201500024499;0;33;0;0;2;1;17;B01
201500024499;0;7;0;0;2;8;15;A01
201500024500;0;7;0;0;1;3;15;A01
201500024501;0;7;0;0;2;1;5;A01
201500024501;0;7;0;0;2;1;1;B01
201500024502;0;2;0;0;2;1;1;B01
201500024502;0;10;0;0;2;7;15;A01
201500024503;0;7;0;0;1;3;1;A01
201500024504;0;7;0;0;2;4;23;B01
201500024504;0;7;0;0;0;4;23;D01
201500024504;0;10;0;0;2;4;23;C01
201500024504;0;7;0;0;2;1;1;A01
201500024505;0;7;0;0;0;4;23;B01
201500024505;0;1;0;0;2;1;2;A01
201500024506;0;32;0;0;2;1;11;A01
201500024506;0;7;0;0;0;6;23;B01
201500024507;0;34;0;0;2;1;2;B01
201500024507;0;7;0;0;0;6;16;A01
201500024508;0;33;0;0;2;1;1;B01
201500024508;0;7;0;0;2;1;15;A01
201500024509;0;1;0;0;2;1;5;B01
201500024509;0;7;0;0;2;1;16;A01
201500024510;0;7;0;0;1;3;0;A01
201500024511;0;33;0;0;2;0;0;A01
201500024511;0;7;0;0;2;3;0;B01
201500024512;0;31;0;0;2;1;1;B01
201500024512;0;7;0;0;2;3;15;A01
201500024513;0;34;0;0;1;0;0;A01
201500024514;0;1;0;0;2;1;1;B01
201500024514;0;7;0;0;2;2;15;A01
201500024515;0;32;0;8;0;1;1;A01
201500024516;0;7;0;0;0;0;0;A01
201500024517;0;34;0;0;2;1;1;A01
201500024517;0;7;0;0;2;8;15;B01
201500024518;0;7;0;0;2;3;16;B01
201500024518;0;33;0;0;2;7;17;A01
201500024519;0;7;0;0;2;1;1;B01
201500024519;0;1;0;0;2;0;5;A01
201500024520;0;7;0;0;1;3;1;A01
201500024521;0;7;0;0;2;3;0;A01
201500024521;0;7;0;0;2;0;0;B01
201500024522;0;10;0;0;1;4;4;A01
201500024523;0;31;0;0;2;1;2;A01
201500024523;0;7;0;0;0;6;2;B01
201500024524;0;7;0;0;1;1;1;A01
201500024525;0;15;0;3;0;1;2;A01
201500024526;1;7;0;0;2;0;19;A01
201500024526;0;33;0;0;2;2;0;B01
201500024527;0;7;0;0;0;4;23;C01
201500024527;0;7;0;0;2;1;1;A01
201500024527;0;7;0;0;2;4;23;B01
201500024528;0;7;0;11;0;1;1;A01
201500024529;0;7;0;0;2;1;0;B01
201500024529;2;7;0;0;2;1;0;A01
201500024530;0;30;0;0;0;7;14;A01
201500024531;0;7;0;0;0;6;2;B01
201500024531;0;33;0;0;2;1;12;A01
201500024532;0;38;30;0;2;1;1;B01
201500024532;0;7;0;0;2;0;16;A01
201500024533;0;2;0;0;2;1;3;A01
201500024533;0;7;0;0;2;6;1;B01
201500024534;0;33;0;0;1;1;1;A01
201500024535;0;7;0;0;1;1;1;A01
201500024536;0;7;0;0;1;1;2;A01
201500024537;0;30;0;0;2;4;2;B01
201500024537;0;7;0;0;2;2;2;A01
201500024538;0;7;0;0;1;1;1;A01
201500024539;0;2;0;0;2;1;1;B01
201500024539;0;1;0;0;2;1;17;A01
201500024540;0;7;0;0;2;1;23;B01
201500024540;0;7;0;0;2;1;7;A01
201500024541;2;7;0;0;2;1;1;A01
201500024541;0;7;0;0;2;7;15;B01
201500024542;0;7;0;0;2;6;15;B01
201500024542;0;33;0;0;2;1;1;A01
201500024543;2;7;0;12;0;1;16;A01
201500024543;0;7;0;12;0;7;15;B01
201500024544;0;33;0;12;0;0;0;A01
201500024545;0;32;0;2;0;1;0;A01
201500024546;0;7;0;0;2;7;1;B01
201500024546;0;7;0;0;2;1;10;A01
201500024547;0;7;0;12;0;7;16;A01
201500024548;0;7;0;0;1;1;1;A01
201500024549;0;7;0;0;9;0;0;A01
201500024550;0;7;0;0;2;2;21;B01
201500024550;0;7;0;0;2;3;10;A01
201500024551;0;7;0;0;2;3;15;B01
201500024551;0;1;0;0;2;1;0;A01
201500024552;0;7;0;0;2;4;2;B01
201500024552;0;7;0;0;2;4;15;C01
201500024552;0;7;0;0;2;1;2;A01
201500024553;0;7;0;0;1;2;0;A01
201500024554;0;2;0;0;2;1;5;A01
201500024554;0;10;0;0;2;3;15;B01
201500024555;0;7;0;0;1;3;1;A01
201500024556;0;7;0;0;0;0;0;A01
201500024556;0;34;0;0;2;1;1;B01
201500024557;0;7;0;0;0;5;1;A01
201500024557;1;7;0;0;2;3;3;Z01
201500024558;0;7;0;0;2;7;1;B01
201500024558;0;32;0;0;2;3;9;A01
201500024559;0;7;0;0;2;3;1;B01
201500024559;0;7;0;0;2;3;5;A01
201500024560;0;7;0;0;2;7;15;A01
201500024560;0;33;0;0;2;1;1;B01
201500024561;0;33;0;0;1;1;17;A01
201500024562;0;7;0;0;1;3;1;A01
201500024563;0;7;0;0;2;6;1;B01
201500024563;1;10;0;0;2;3;1;A01
201500024564;0;7;0;0;1;1;3;A01
201500024565;0;7;0;0;2;4;23;B01
201500024565;0;10;0;0;2;1;2;A01
201500024566;0;7;0;0;2;1;21;C01
201500024566;0;33;0;0;2;4;15;B01
201500024566;0;7;0;0;2;1;0;A01
201500024567;0;7;0;0;0;6;0;B01
201500024567;0;7;0;0;2;2;17;A01
201500024568;0;7;0;0;9;1;15;A01
201500024568;0;1;0;0;2;8;1;B01
201500024569;0;7;0;0;2;7;1;A01
201500024569;0;30;0;0;2;3;1;B01
201500024570;0;7;0;0;2;1;0;B01
201500024570;0;33;0;0;1;1;21;A01
201500024571;0;31;0;0;2;1;1;B01
201500024571;0;14;0;0;2;6;14;A01
201500024572;0;7;0;0;2;1;1;A01
201500024572;0;7;0;0;2;4;0;B01
201500024573;0;1;0;0;2;1;1;B01
201500024573;0;10;0;0;2;1;15;A01
201500024574;0;33;0;0;2;1;1;B01
201500024574;0;7;0;0;2;1;15;A01
201500024575;0;34;0;0;2;1;1;B01
201500024575;0;7;0;0;2;2;15;A01
201500024576;0;33;0;0;2;1;1;A01
201500024576;0;17;0;0;2;5;10;B01
201500024577;0;34;0;0;0;1;1;B01
201500024577;1;7;0;0;0;7;15;A01
201500024578;0;7;0;0;1;3;1;A01
201500024579;0;7;0;5;2;1;0;A01
201500024579;0;7;0;0;2;2;0;B01
201500024580;0;33;0;12;0;0;0;A01
201500024581;1;33;0;0;1;1;0;A01
201500024582;0;30;0;0;2;1;1;B01
201500024582;0;7;0;0;2;1;15;A01
201500024583;0;33;0;0;2;1;1;B01
201500024583;0;7;0;0;2;2;19;A01
201500024584;0;33;0;0;0;8;1;A01
201500024585;0;31;0;0;0;7;9;A01
201500024586;0;7;0;0;2;8;1;B01
201500024586;0;30;0;0;2;7;2;A01
201500024587;0;7;0;0;2;6;1;C01
201500024587;0;7;0;0;2;1;2;A01
201500024587;0;7;0;0;2;4;2;B01
201500024588;0;7;0;0;1;3;15;A01
201500024589;0;7;0;0;1;3;1;A01
201500024590;0;7;0;0;1;1;16;A01
201500024591;0;1;0;0;2;8;1;A01
201500024591;0;7;0;0;2;1;0;B01
201500024592;0;30;0;0;2;1;1;A01
201500024592;0;7;0;0;2;1;16;B01
201500024593;0;32;0;0;2;1;1;B01
201500024593;0;7;0;0;2;2;15;A01
201500024594;0;32;0;0;1;1;1;A01
201500024595;0;7;0;0;2;4;23;B01
201500024595;0;7;0;0;2;1;2;A01
201500024596;0;1;0;0;1;3;21;A01
201500024597;0;7;0;0;1;1;1;A01
201500024598;0;7;0;0;2;3;15;A01
201500024598;0;33;0;0;2;7;15;B01
201500024599;0;2;0;0;0;1;17;B01
201500024599;0;7;0;0;0;3;15;A01
201500024600;0;7;0;1;1;5;24;A01
201500024601;0;7;0;0;0;0;0;A01
201500024601;0;7;0;0;0;4;1;B01
201500024602;0;7;0;0;2;1;1;A01
201500024602;0;32;0;0;2;1;1;B01
201500024603;0;32;0;0;1;1;1;A01
201500024604;0;7;0;0;0;6;1;B01
201500024604;0;10;0;0;2;2;17;A01
201500024605;0;33;0;0;2;7;1;A01
201500024605;0;7;0;0;0;8;1;B01
201500024606;0;7;0;0;0;0;11;B01
201500024606;0;33;0;12;0;7;11;A01
201500024607;0;33;0;0;2;1;1;B01
201500024607;0;7;0;0;2;7;10;A01
201500024608;0;7;0;0;2;2;15;A01
201500024608;0;31;0;0;2;8;1;B01
201500024609;0;7;0;0;2;2;1;B01
201500024609;0;7;0;0;2;3;11;A01
201500024609;0;10;0;0;2;8;11;C01
201500024610;0;31;0;0;2;1;1;B01
201500024610;1;7;0;0;2;4;16;A01
201500024611;0;7;0;0;2;4;2;B01
201500024611;0;7;0;0;2;1;2;A01
201500024612;0;7;0;0;1;1;1;A01
201500024613;0;7;0;0;2;1;2;A01
201500024613;0;7;0;0;2;4;2;C01
201500024613;0;7;0;0;2;4;2;B01
201500024614;0;7;0;0;2;7;19;B01
201500024614;0;7;0;0;2;3;19;A01
201500024615;0;7;0;0;1;3;0;A01
201500024616;0;7;0;0;2;4;15;B01
201500024616;0;33;0;0;2;8;1;A01
201500024617;0;7;0;0;2;5;1;B01
201500024617;0;7;0;0;2;3;9;A01
201500024618;0;32;0;0;2;1;1;B01
201500024618;0;7;0;0;2;3;15;A01
201500024619;1;7;0;1;1;7;1;Z01
201500024620;0;7;0;0;2;3;12;B01
201500024620;0;33;0;0;2;8;16;A01
201500024621;0;33;0;0;2;1;23;B01
201500024621;0;7;0;0;2;3;15;A01
201500024622;0;10;0;0;1;4;4;A01
201500024623;0;33;0;0;2;3;1;B01
201500024623;0;7;0;0;2;7;15;A01
201500024624;0;7;0;0;2;4;1;C01
201500024624;0;10;0;0;2;1;1;A01
201500024624;0;7;0;0;2;4;1;B01
201500024625;0;40;0;0;1;2;1;A01
201500024626;0;7;0;0;2;4;2;B01
201500024626;0;7;0;0;2;4;2;C01
201500024626;2;7;0;0;2;1;2;A01
201500024627;0;31;0;0;2;1;0;A01
201500024627;0;7;0;0;2;1;0;B01
201500024628;0;7;0;0;2;4;23;B01
201500024628;0;2;0;0;2;1;1;A01
201500024629;1;7;0;0;1;2;14;A01
201500024630;0;7;0;0;1;3;1;A01
201500024631;0;33;0;0;0;0;0;A01
201500024632;1;7;0;0;0;0;0;A01
201500024632;0;2;0;0;2;1;1;B01
201500024633;0;32;0;0;2;2;17;A01
201500024633;0;7;0;0;2;3;13;B01
201500024634;0;7;0;0;2;2;15;A01
201500024634;0;1;0;0;2;1;1;B01
201500024635;0;10;0;0;1;4;4;A01
201500024636;0;10;0;0;1;4;4;A01
201500024637;0;7;0;0;1;1;1;A01
201500024638;0;7;0;0;2;1;17;A01
201500024638;0;7;0;0;2;0;1;D01
201500024638;0;7;0;0;2;6;1;C01
201500024638;0;7;0;0;2;1;0;B01
201500024639;2;7;0;0;2;2;0;A01
201500024639;0;30;0;0;2;1;1;B01
201500024640;0;7;0;0;2;8;1;C01
201500024640;0;7;0;0;2;1;1;B01
201500024640;0;7;0;0;2;1;13;A01
201500024641;0;7;0;0;2;1;1;A01
201500024641;0;7;0;0;2;3;1;B01
201500024642;0;33;0;0;1;1;1;B01
201500024643;0;7;0;0;2;3;1;B01
201500024643;0;7;0;0;2;1;0;A01
201500024644;0;7;0;0;2;8;15;B01
201500024644;0;33;0;0;2;1;17;A01
201500024645;0;7;0;0;1;2;0;A01
201500024646;0;1;0;0;1;1;5;A01
201500024647;0;7;0;0;2;2;15;A01
201500024647;0;32;0;0;2;1;1;B01
201500024648;0;7;0;0;2;1;1;A01
201500024648;0;7;0;0;2;7;0;B01
201500024649;0;33;0;0;2;7;15;A01
201500024649;0;30;0;0;2;1;1;B01
201500024650;0;32;0;0;2;1;8;A01
201500024650;0;7;0;0;0;3;1;B01
201500024651;0;32;0;12;0;7;1;A01
201500024652;0;7;0;0;2;3;1;B01
201500024652;0;7;0;0;2;2;19;A01
201500024653;2;10;0;0;1;4;4;Z01
201500024654;0;7;0;0;1;3;1;A01
201500024655;0;33;0;0;1;1;1;A01
201500024656;0;7;0;0;2;0;1;A01
201500024656;0;7;0;0;2;1;1;B01
201500024657;0;7;0;0;2;0;1;B01
201500024657;0;10;0;0;2;1;6;A01
201500024658;0;7;0;0;2;2;0;B01
201500024658;0;10;0;0;2;1;0;A01
201500024659;0;7;0;0;2;2;2;A01
201500024659;0;7;0;0;0;4;2;C01
201500024659;0;33;0;0;0;4;2;B01
201500024660;0;7;0;0;1;1;1;A01
201500024661;0;7;0;15;0;1;0;A01
201500024662;0;7;0;0;2;0;0;B01
201500024662;0;7;0;0;0;0;0;A01
201500024663;0;7;0;0;1;2;0;A01
201500024664;0;7;0;8;0;2;0;A01
201500024664;0;7;0;8;0;1;0;B01
201500024665;0;32;0;0;2;1;1;B01
201500024665;0;7;0;0;2;1;15;A01
201500024666;0;33;0;0;2;1;1;B01
201500024666;0;7;0;0;2;3;1;A01
201500024667;0;7;0;0;1;2;1;A01
201500024668;0;7;0;0;2;7;15;A01
201500024668;0;33;0;0;2;1;1;B01
201500024668;0;33;0;0;2;1;1;C01
201500024668;0;7;0;0;2;1;0;D01
201500024669;0;7;0;0;1;1;0;A01
201500024670;0;7;0;13;0;1;0;A01
201500024671;0;32;0;0;2;1;1;B01
201500024671;0;7;0;0;2;7;19;A01
201500024672;0;7;0;0;2;0;0;B01
201500024672;0;7;0;1;0;9;1;A01
201500024672;0;10;0;0;2;5;0;C01
201500024673;0;7;0;0;2;3;20;A01
201500024673;0;31;0;1;0;1;1;B01
201500024674;0;7;0;0;2;0;0;B01
201500024674;0;7;0;3;0;0;0;A01
201500024675;0;7;0;0;0;1;13;A01
201500024676;0;7;0;16;0;1;13;A01
201500024677;0;7;0;0;2;8;15;A01
201500024677;0;7;0;0;2;1;21;B01
201500024678;0;32;0;0;2;2;21;B01
201500024678;0;7;0;0;2;1;16;A01
201500024679;0;7;0;0;2;2;15;A01
201500024679;0;33;0;0;2;1;1;B01
201500024680;0;2;0;16;0;8;14;A01
201500024681;0;10;0;0;2;4;2;B01
201500024681;0;10;0;0;2;2;2;A01
201500024682;0;34;0;0;1;1;1;A01
201500024683;0;7;0;0;2;6;15;B01
201500024683;0;30;0;0;2;1;17;A01
201500024684;0;33;0;0;2;1;1;B01
201500024684;0;7;0;0;2;7;15;A01
201500024685;0;7;0;0;2;6;2;B01
201500024685;0;30;0;0;2;1;2;A01
201500024686;0;33;0;0;2;1;2;A01
201500024686;0;7;0;0;2;6;1;B01
201500024687;0;7;0;0;2;1;1;B01
201500024687;0;33;0;0;2;2;13;A01
201500024688;0;7;0;0;9;1;1;D01
201500024688;0;7;0;0;2;1;5;A01
201500024688;0;10;0;0;9;3;1;C01
201500024688;0;7;0;0;2;1;1;B01
201500024689;0;33;0;0;2;1;1;A01
201500024689;0;17;0;0;2;5;15;B01
201500024690;0;33;0;0;1;7;1;A01
201500024691;0;7;0;13;0;9;13;A01
201500024692;1;7;0;0;2;5;17;A01
201500024692;0;30;0;0;2;1;1;B01
201500024693;0;7;0;0;2;3;1;B01
201500024693;0;7;0;0;2;1;13;A01
201500024694;0;7;0;0;2;1;0;B01
201500024694;0;30;0;0;2;7;1;A01
201500024695;0;7;0;0;1;1;20;A01
201500024696;0;7;0;0;2;2;17;A01
201500024696;0;7;0;0;2;8;0;B01
201500024697;0;7;0;1;0;3;13;A01
201500024698;0;7;0;0;2;3;15;A01
201500024698;0;2;0;0;2;1;1;B01
201500024699;0;7;0;0;2;1;1;B01
201500024699;0;7;0;0;2;8;15;A01
201500024700;0;7;0;0;1;1;1;A01
201500024701;0;7;0;0;2;2;15;A01
201500024701;0;32;0;0;2;1;1;B01
201500024702;0;33;0;3;2;1;1;A01
201500024702;0;7;0;0;2;1;1;B01
201500024703;0;7;0;4;0;1;0;A01
201500024704;0;7;0;0;1;3;2;A01
201500024705;0;7;0;13;0;9;13;A01
201500024706;0;37;0;0;0;0;15;B01
201500024706;0;2;0;12;0;0;1;A01
201500024707;0;7;0;0;1;2;16;A01
201500024708;0;7;0;0;2;3;15;A01
201500024708;0;2;0;0;2;0;0;B01
201500024709;0;7;0;0;0;8;22;A01
201500024709;0;1;0;1;0;1;2;C01
201500024709;0;1;0;1;0;1;2;B01
201500024710;0;30;0;0;2;0;0;B01
201500024710;0;7;0;0;2;2;9;A01
201500024711;0;7;0;0;1;3;0;A01
201500024712;0;7;0;0;2;3;15;B01
201500024712;0;2;0;0;2;1;2;A01
201500024713;0;7;0;0;1;5;4;A01
201500024714;0;7;0;0;2;1;1;B01
201500024714;0;7;0;0;2;8;19;A01
201500024715;0;7;0;0;2;8;15;A01
201500024715;0;7;0;0;2;1;1;B01
201500024716;0;7;0;0;1;1;2;A01
201500024717;0;7;0;0;2;6;15;B01
201500024717;0;2;0;0;2;1;1;A01
201500024718;0;7;0;0;2;1;9;A01
201500024718;0;30;0;0;2;2;1;B01
201500024719;0;7;0;0;2;3;1;B01
201500024719;0;7;0;0;2;7;15;A01
201500024720;0;7;0;0;0;0;0;A01
201500024721;0;7;0;0;1;2;1;A01
201500024722;0;7;0;0;2;1;2;A01
201500024722;0;7;0;0;2;4;23;B01
201500024723;0;7;0;0;2;0;16;A01
201500024723;0;1;0;0;2;0;1;B01
201500024724;0;7;0;0;2;1;23;B01
201500024724;0;7;0;0;2;4;23;C01
201500024724;0;7;0;0;2;1;2;A01
201500024725;0;33;0;0;2;8;1;A01
201500024725;0;7;0;0;2;2;15;B01
201500024726;0;10;0;0;2;5;1;B01
201500024726;0;33;0;0;2;1;15;A01
201500024727;0;7;0;0;1;2;1;A01
201500024728;0;7;0;0;2;1;16;A01
201500024728;0;10;0;0;2;2;1;B01
201500024729;0;7;0;0;2;1;15;A01
201500024729;0;30;0;0;2;1;1;B01
201500024730;0;7;0;11;0;1;1;A01
201500024731;0;7;0;0;2;4;23;B01
201500024731;0;30;0;0;2;2;2;A01
201500024732;0;7;0;0;2;9;2;A01
201500024732;0;7;0;0;2;2;2;B01
201500024733;0;7;0;3;0;0;1;A01
201500024734;0;7;0;2;0;1;0;A01
201500024735;0;7;0;0;2;3;1;B01
201500024735;0;7;0;0;2;1;1;A01
201500024736;0;1;0;0;2;1;1;B01
201500024736;0;10;0;0;2;8;22;A01
201500024737;0;7;0;0;2;2;1;A01
201500024737;0;7;0;0;2;3;1;B01
201500024738;0;7;0;12;0;1;1;A01
201500024739;0;7;0;0;2;1;15;A01
201500024739;2;7;0;0;2;3;1;B01
201500024739;0;7;0;0;2;1;1;C01
201500024740;0;7;0;0;2;4;2;B01
201500024740;0;7;0;0;2;1;2;A01
201500024741;0;7;0;11;0;3;1;A01
201500024742;0;33;0;0;0;1;1;A01
201500024743;0;1;0;0;2;1;1;A01
201500024743;0;7;0;0;2;2;23;B01
201500024744;0;7;0;0;2;1;0;A01
201500024744;0;7;0;0;2;4;0;B01
201500024745;0;7;0;4;0;0;14;A01
201500024746;0;7;0;0;2;2;16;A01
201500024746;0;1;0;0;2;1;1;B01
201500024747;0;1;0;0;2;1;1;B01
201500024747;0;7;0;0;2;2;16;A01
201500024748;0;7;0;0;1;0;0;A01
201500024749;0;33;0;0;2;8;2;A01
201500024749;0;33;0;0;2;4;2;B01
201500024750;0;7;0;0;2;4;10;A01
201500024750;0;7;0;0;2;6;1;D01
201500024750;0;7;0;0;2;1;1;B01
201500024750;0;7;0;0;2;1;1;C01
201500024751;0;7;0;9;0;3;1;A01
201500024752;0;31;0;0;2;8;1;B01
201500024752;0;7;0;0;2;0;9;A01
201500024753;0;7;0;0;2;1;2;A01
201500024753;0;7;0;0;2;4;23;B01
201500024753;0;7;0;0;2;4;23;C01
201500024754;0;7;0;0;2;1;15;B01
201500024754;0;7;0;0;2;9;1;A01
201500024755;0;7;0;0;1;1;1;A01
201500024756;0;7;0;0;2;7;15;A01
201500024756;0;33;0;0;2;1;1;B01
201500024757;0;7;0;9;0;1;13;A01
201500024758;0;32;0;16;9;8;1;B01
201500024758;0;7;0;0;9;0;15;A01
201500024759;0;7;0;0;1;1;1;A01
201500024760;0;7;0;13;0;9;1;A01
201500024761;0;1;0;0;2;0;0;B01
201500024761;0;7;0;0;2;0;0;A01
201500024762;0;7;0;0;2;3;1;B01
201500024762;0;7;0;0;2;7;15;A01
201500024763;0;7;0;0;0;0;0;A01
201500024764;0;7;0;0;1;3;1;A01
201500024765;0;7;0;16;0;0;1;A01
201500024766;0;7;0;0;1;0;1;A01
201500024767;0;7;0;0;0;0;0;A01
201500024768;0;32;0;0;0;0;1;A01
201500024769;0;7;0;0;1;1;15;A01
201500024770;0;10;0;0;2;6;1;A01
201500024770;0;10;0;0;2;1;2;B01
201500024771;0;37;30;0;1;2;1;A01
201500024772;0;7;0;0;2;1;16;A01
201500024772;0;34;0;0;2;7;1;B01
201500024773;0;7;0;0;1;1;1;A01
201500024774;0;7;0;0;2;4;2;B01
201500024774;0;7;0;0;2;1;2;A01
201500024775;0;10;0;0;2;3;15;A01
201500024775;0;10;0;0;2;1;17;B01
201500024776;0;7;0;0;1;1;1;A01
201500024777;0;7;0;0;2;2;1;B01
201500024777;0;7;0;0;2;1;0;A01
201500024778;0;7;0;9;0;1;1;A01
201500024779;0;7;0;0;2;4;2;B01
201500024779;0;7;0;0;2;1;2;A01
201500024780;0;7;0;0;2;6;23;B01
201500024780;0;30;0;0;2;7;17;A01
201500024781;0;7;0;0;2;8;15;B01
201500024781;0;34;0;0;2;3;1;A01
201500024782;0;10;0;0;2;4;23;B01
201500024782;0;30;0;0;2;1;2;A01
201500024783;0;7;0;0;1;1;16;A01
201500024784;0;10;0;0;0;0;24;A01
201500024784;0;1;0;0;0;0;0;B01
201500024785;0;2;0;0;0;8;15;A01
201500024786;0;7;0;8;0;1;1;A01