num_acc;senc;catv;occutc;obs;obsm;choc;manv;num_veh
201500024787;0;7;0;0;0;0;0;A01
201500024787;0;7;0;0;0;0;0;B01
201500024788;0;7;0;13;0;8;1;A01
201500024789;0;7;0;2;0;1;0;A01
201500024790;0;7;0;0;2;3;9;A01
201500024790;0;10;0;0;2;1;1;B01
201500024791;1;7;0;0;2;1;2;Z01
201500024791;0;1;0;0;2;4;2;B01
201500024792;0;7;0;0;1;1;0;A01
201500024793;0;1;0;0;2;0;1;B01
201500024793;0;7;0;0;2;7;16;A01
201500024794;0;7;0;0;2;5;1;C01
201500024794;0;7;0;0;2;8;11;A01
201500024794;0;33;0;13;2;1;1;B01
201500024795;0;30;0;0;0;0;1;A01
201500024796;0;7;0;0;1;3;1;A01
201500024797;0;7;0;0;2;8;1;B01
201500024797;0;7;0;9;2;1;1;A01
201500024798;0;7;0;0;1;0;15;A01
201500024799;0;7;0;3;0;9;1;A01
201500024800;0;7;0;0;2;4;23;B01
201500024800;0;7;0;0;2;1;9;A01
201500024801;0;7;0;0;2;8;1;A01
201500024801;0;1;0;0;2;0;19;B01
201500024802;0;7;0;0;2;1;1;A01
201500024802;0;1;0;0;2;0;1;B01
201500024803;0;7;0;0;2;2;10;A01
201500024803;0;33;0;8;2;1;1;B01
201500024804;0;7;0;0;2;1;2;B01
201500024804;0;7;0;0;2;4;2;A01
201500024805;0;7;0;2;0;1;1;A01
201500024806;0;7;0;4;0;1;1;A01
201500024807;0;7;0;0;2;7;1;A01
201500024807;0;7;0;0;2;5;15;B01
201500024808;0;1;0;0;2;1;0;A01
201500024808;0;7;0;0;2;2;9;B01
201500024809;0;7;0;0;2;1;1;B01
201500024809;0;10;0;0;2;3;1;A01
201500024810;0;7;0;0;2;1;9;A01
201500024810;0;17;0;0;2;8;1;B01
201500024811;0;31;0;0;2;1;1;B01
201500024811;0;10;0;0;2;3;15;A01
201500024812;0;1;0;0;2;1;1;B01
201500024812;0;7;0;0;2;0;16;A01
201500024813;0;10;0;0;2;1;1;A01
201500024813;0;7;0;0;2;4;23;B01
201500024813;0;7;0;0;2;4;23;C01
201500024814;0;7;0;0;2;5;16;A01
201500024814;0;33;0;0;2;3;1;B01
201500024815;0;14;0;0;1;6;16;A01
201500024816;0;7;0;0;2;1;15;A01
201500024816;0;7;0;0;2;1;1;B01
201500024817;0;2;0;0;2;1;1;B01
201500024817;0;7;0;0;2;1;15;A01
201500024818;0;7;0;13;0;1;1;A01
201500024819;0;7;0;3;0;1;1;A01
201500024820;0;7;0;0;2;1;1;A01
201500024820;0;10;0;0;2;4;1;B01
201500024821;0;30;0;16;0;0;1;A01
201500024822;0;7;0;0;2;1;1;B01
201500024822;0;7;0;0;2;3;15;A01
201500024823;0;1;0;0;2;7;0;B01
201500024823;0;7;0;0;2;1;9;A01
201500024824;0;7;0;0;2;1;0;B01
201500024824;0;7;0;0;2;8;1;A01
201500024825;0;7;0;9;0;1;15;A01
201500024826;0;10;0;0;2;2;14;A01
201500024826;0;7;0;0;2;2;1;B01
201500024826;0;7;0;0;2;0;1;C01
201500024827;0;7;0;12;2;6;16;A01
201500024828;0;1;0;0;2;2;1;B01
201500024828;1;7;0;0;2;0;0;A01
201500024829;0;31;0;0;2;1;2;A01
201500024829;0;7;0;0;2;4;23;B01
201500024830;1;7;0;0;2;0;0;A01
201500024830;0;30;0;0;2;7;1;B01
201500024831;0;30;0;14;0;3;1;A01
201500024832;0;7;0;0;0;1;1;A01
201500024833;0;7;0;0;1;3;1;A01
201500024834;0;7;0;0;1;0;15;A01
201500024835;0;7;0;12;0;1;0;A01
201500024836;0;7;0;0;2;1;23;A01
201500024836;0;7;0;0;2;4;1;B01
201500024837;0;7;0;0;0;4;24;C01
201500024837;1;7;0;1;0;1;0;Z01
201500024838;0;1;0;0;2;0;1;B01
201500024838;0;7;0;0;2;1;15;A01
201500024839;0;7;0;0;1;1;1;A01
201500024840;0;34;0;0;0;7;15;A01
201500024841;0;7;0;2;0;1;1;A01
201500024842;0;7;0;12;0;1;1;A01
201500024843;0;7;0;0;2;2;15;A01
201500024843;0;10;0;0;2;1;1;B01
201500024844;0;7;0;0;2;1;1;A01
201500024844;0;30;0;0;2;1;15;B01
201500024845;0;17;0;16;0;7;15;A01
201500024846;0;7;0;0;2;2;1;A01
201500024846;0;32;0;0;2;1;1;B01
201500024847;0;7;0;0;2;1;1;B01
201500024847;0;7;0;0;2;1;16;A01
201500024848;0;30;0;0;2;1;2;A01
201500024848;0;7;0;0;2;4;23;B01
201500024849;0;10;0;0;2;9;23;B01
201500024849;0;7;0;0;2;1;2;A01
201500024849;0;7;0;0;2;4;23;D01
201500024849;0;7;0;0;2;9;23;C01
201500024850;0;7;0;2;0;1;1;A01
201500024851;0;7;0;0;2;6;1;A01
201500024851;0;33;0;0;2;1;1;B01
201500024852;0;1;0;0;0;0;0;B01
201500024852;0;7;0;0;0;0;0;A01
201500024853;0;30;0;16;0;1;1;A01
201500024854;0;7;0;0;1;1;1;A01
201500024855;0;7;0;0;1;1;1;A01
201500024856;0;7;0;0;2;2;1;A01
201500024856;0;7;0;0;2;1;1;B01
201500024857;0;7;0;0;2;3;15;A01
201500024857;0;7;0;0;2;1;1;B01
201500024858;0;33;0;0;2;8;18;A01
201500024858;0;10;0;0;2;7;22;B01
201500024859;0;14;0;0;1;2;16;A01
201500024860;0;7;0;0;2;1;15;A01
201500024860;0;33;0;0;2;8;1;B01
201500024861;0;7;0;15;0;1;1;A01
201500024862;0;7;0;0;2;3;16;A01
201500024862;0;30;0;9;2;1;1;B01
201500024862;0;10;0;0;2;3;9;C01
201500024863;0;7;0;0;2;3;15;B01
201500024863;0;33;0;0;2;6;17;A01
201500024864;1;7;0;0;2;1;16;A01
201500024864;0;1;0;0;2;0;1;B01
201500024865;0;10;0;0;1;1;16;A01
201500024866;0;7;0;0;2;1;1;A01
201500024866;0;7;0;0;0;4;1;B01
201500024867;0;7;0;0;2;1;15;A01
201500024867;0;1;0;0;2;1;1;B01
201500024868;0;7;0;0;2;1;1;B01
201500024868;0;7;0;0;2;1;1;A01
201500024869;0;30;0;0;2;1;17;A01
201500024869;0;7;0;0;2;3;15;B01
201500024870;0;7;0;0;2;1;15;A01
201500024870;0;1;0;0;2;1;1;B01
201500024871;0;7;0;0;2;4;2;B01
201500024871;0;10;0;0;2;1;2;A01
201500024872;0;1;0;0;2;1;17;B01
201500024872;0;7;0;0;2;3;16;A01
201500024872;0;1;0;0;2;1;17;C01
201500024873;0;7;0;0;2;6;23;C01
201500024873;0;7;0;0;2;1;2;A01
201500024873;0;7;0;0;2;4;23;B01
201500024874;0;7;0;15;0;1;1;A01
201500024875;0;7;0;12;0;9;16;A01
201500024876;0;7;0;1;1;4;4;A01
201500024877;0;30;0;0;2;7;1;A01
201500024877;0;7;0;0;2;3;15;B01
201500024878;0;7;0;0;2;8;0;A01
201500024878;0;1;0;0;0;0;0;B01
201500024879;0;7;0;0;2;1;2;A01
201500024879;0;7;0;0;2;4;2;D01
201500024879;0;7;0;0;2;4;2;C01
201500024879;0;7;0;0;2;4;2;B01
201500024880;0;30;0;0;2;0;2;A01
201500024880;0;7;0;0;2;4;2;B01
201500024881;0;7;0;6;0;1;1;A01
201500024882;0;7;0;3;2;1;2;A01
201500024882;0;7;0;0;2;6;2;C01
201500024882;0;7;0;0;2;3;2;B01
201500024883;0;30;0;0;2;1;1;A01
201500024883;0;7;0;0;2;2;16;B01
201500024884;0;30;0;14;0;0;1;A01
201500024885;0;7;0;0;2;1;9;A01
201500024885;0;1;0;0;2;7;1;B01
201500024886;0;7;0;0;2;1;2;A01
201500024886;0;7;0;0;2;4;2;B01
201500024887;0;7;0;0;2;2;15;A01
201500024887;0;7;0;0;2;1;1;B01
201500024888;0;33;0;16;0;8;1;A01
201500024889;0;1;0;0;2;1;1;B01
201500024889;0;2;0;0;2;1;1;A01
201500024890;0;33;0;0;1;1;21;A01
201500024891;0;1;0;0;2;1;0;B01
201500024891;0;30;0;0;2;7;1;A01
201500024892;0;7;0;0;2;1;2;A01
201500024892;0;7;0;0;2;4;2;B01
201500024893;0;7;0;6;0;1;1;A01
201500024894;0;7;0;0;1;0;0;A01
201500024895;0;7;0;0;2;4;23;B01
201500024895;0;1;0;0;2;1;15;A01
201500024896;0;15;0;0;2;7;16;A01
201500024896;0;1;0;0;2;1;1;B01
201500024897;0;10;0;0;2;4;2;B01
201500024897;0;7;0;0;2;4;2;C01
201500024897;0;7;0;0;2;1;2;A01
201500024898;0;33;0;0;2;1;1;A01
201500024898;0;7;0;0;2;6;15;B01
201500024899;0;1;0;0;0;0;1;A01
201500024900;0;7;0;0;2;1;2;A01
201500024900;0;7;0;0;2;4;2;B01
201500024901;0;7;0;0;2;2;10;A01
201500024901;0;31;0;0;2;1;0;B01
201500024902;0;30;0;12;0;0;1;A01
201500024903;0;37;0;0;2;1;1;B01
201500024903;0;1;0;0;2;1;0;A01
201500024904;1;7;0;0;1;1;1;A01
201500024905;0;7;0;0;2;1;2;B01
201500024905;0;7;0;0;2;1;2;A01
201500024905;0;7;0;0;2;4;2;C01
201500024906;0;7;0;0;1;1;9;A01
201500024907;0;7;0;0;2;1;15;B01
201500024907;0;7;0;0;2;1;1;A01
201500024908;0;17;0;0;2;1;2;A01
201500024908;0;7;0;0;2;4;2;B01
201500024909;0;1;0;1;0;1;1;B01
201500024909;0;7;0;0;2;8;22;A01
201500024910;0;30;0;16;0;8;1;A01
201500024911;0;7;0;0;1;1;1;A01
201500024912;0;7;0;0;2;1;2;B01
201500024912;0;7;0;0;2;4;2;C01
201500024912;0;7;0;0;2;1;2;A01
201500024913;1;7;0;0;2;1;1;Z01
201500024913;0;33;0;0;2;1;1;B01
201500024914;0;7;0;0;1;1;1;B01
201500024914;0;10;0;0;2;1;1;A01
201500024915;0;7;0;0;2;7;1;B01
201500024915;0;17;0;0;2;3;9;A01
201500024916;0;1;0;0;2;1;2;A01
201500024916;0;7;0;0;2;4;23;B01
201500024917;0;1;0;0;2;1;1;B01
201500024917;0;7;0;0;2;1;1;A01
201500024918;0;1;0;0;2;0;0;B01
201500024918;0;7;0;0;2;3;15;A01
201500024919;0;7;0;0;2;2;1;B01
201500024919;0;2;0;0;2;5;1;A01
201500024920;0;31;0;0;2;1;1;B01
201500024920;0;10;0;0;2;1;9;A01
201500024921;0;10;0;0;2;4;2;C01
201500024921;0;7;0;0;2;1;2;A01
201500024921;0;7;0;0;2;4;2;B01
201500024922;0;33;0;0;2;8;9;A01
201500024922;0;7;0;0;2;2;1;B01
201500024923;0;7;0;4;0;0;16;A01
201500024924;1;7;0;0;1;1;1;Z01
201500024925;0;7;0;0;2;1;1;A01
201500024925;0;7;0;8;2;9;1;B01
201500024926;0;1;0;0;2;6;0;B01
201500024926;0;7;0;0;2;1;1;A01
201500024927;0;7;0;0;2;1;15;A01
201500024927;0;30;0;0;2;1;1;B01
201500024928;0;7;0;0;1;2;1;A01
201500024929;0;33;0;0;2;1;2;A01
201500024930;0;7;0;16;0;9;1;A01
201500024931;0;7;0;0;2;4;23;B01
201500024931;0;7;0;0;2;1;2;A01
201500024931;0;7;0;0;2;4;23;C01
201500024932;0;1;0;0;2;1;1;B01
201500024932;0;7;0;0;2;3;1;A01
201500024933;0;7;0;0;2;1;1;B01
201500024933;0;7;0;0;2;7;1;A01
201500024934;0;7;0;16;0;3;1;A01
201500024935;0;7;0;3;2;1;1;A01
201500024935;0;7;0;0;2;3;1;B01
201500024936;0;7;0;0;2;8;0;B01
201500024936;0;7;0;0;2;2;0;A01
201500024937;0;7;0;8;2;1;1;A01
201500024937;0;7;0;0;2;3;1;B01
201500024938;0;31;0;0;2;1;1;A01
201500024938;0;7;0;0;2;3;9;B01
201500024939;0;7;0;0;2;1;1;A01
201500024939;0;33;0;0;2;1;1;B01
201500024940;0;17;0;0;2;2;14;A01
201500024940;0;7;0;0;2;6;15;B01
201500024941;0;1;0;0;2;8;19;A01
201500024941;0;10;0;0;2;5;16;B01
201500024942;0;7;0;1;0;3;1;A01
201500024943;0;1;0;0;1;1;1;A01
201500024944;0;7;0;0;2;1;2;A01
201500024944;0;7;0;0;2;4;2;B01
201500024945;0;32;0;0;1;2;1;A01
201500024946;0;17;0;16;0;7;0;A01
201500024947;0;7;0;0;2;2;15;A01
201500024947;0;30;0;0;2;1;1;B01
201500024948;0;7;0;0;2;1;2;D01
201500024948;0;7;0;0;2;1;2;C01
201500024948;0;7;0;0;2;1;2;A01
201500024948;0;7;0;0;2;4;2;B01
201500024949;0;1;0;0;0;1;22;B01
201500024949;0;7;0;0;2;8;22;A01
201500024950;0;10;0;0;2;1;2;A01
201500024950;0;10;0;0;1;4;23;B01
201500024951;0;7;0;0;2;5;1;A01
201500024951;0;1;0;0;2;1;1;B01
201500024952;0;7;0;0;2;1;1;A01
201500024952;0;7;0;0;2;8;1;B01
201500024953;0;30;0;16;0;7;16;A01
201500024954;0;17;0;0;2;1;2;A01
201500024954;0;7;0;0;2;4;23;B01
201500024955;1;7;0;0;2;1;1;A01
201500024955;0;1;0;0;2;7;0;B01
201500024956;0;7;0;0;2;1;15;A01
201500024956;0;7;0;0;2;0;1;B01
201500024957;0;7;0;0;2;1;1;A01
201500024957;0;10;0;0;2;5;1;B01
201500024958;0;17;0;0;2;8;1;B01
201500024958;0;17;0;0;2;6;1;C01
201500024958;0;7;0;0;2;5;0;A01
201500024959;0;7;0;0;2;1;1;A01
201500024959;0;7;0;0;2;4;23;B01
201500024959;0;7;0;0;2;4;23;C01
201500024960;0;1;0;0;2;1;1;B01
201500024960;0;7;0;0;2;7;16;A01
201500024961;0;7;0;0;2;7;15;A01
201500024961;0;2;0;0;2;1;1;B01
201500024962;0;7;0;0;2;1;9;A01
201500024962;0;33;0;0;2;7;1;B01
201500024963;0;7;0;0;2;1;1;B01
201500024963;0;7;0;0;2;1;1;A01
201500024964;1;7;0;0;1;0;0;A01
201500024965;0;1;0;0;2;4;19;A01
201500024965;0;7;0;0;2;8;15;B01
201500024966;0;34;0;0;2;4;0;B01
201500024966;0;7;0;0;2;1;10;A01
201500024967;0;30;0;0;0;1;1;A01
201500024968;0;7;0;0;2;1;2;A01
201500024968;0;7;0;0;2;4;2;B01
201500024969;0;7;0;0;2;1;1;A01
201500024969;0;7;0;0;2;4;0;B01
201500024970;0;7;0;0;2;1;2;A01
201500024970;0;7;0;0;2;4;2;B01
201500024971;0;33;0;0;2;7;1;B01
201500024971;0;7;0;0;2;2;15;A01
201500024972;0;7;0;0;2;7;1;B01
201500024972;0;1;0;0;0;0;19;A01
201500024973;0;37;1;0;1;2;1;A01
201500024974;0;7;0;0;2;1;2;A01
201500024974;0;7;0;0;2;4;2;B01
201500024975;0;10;0;0;2;4;4;A01
201500024975;0;7;0;0;2;1;23;B01
201500024976;0;7;0;14;0;1;1;A01
201500024977;0;7;0;0;2;4;0;B01
201500024977;0;7;0;0;2;1;1;A01
201500024978;0;3;0;0;2;1;2;A01
201500024978;0;7;0;0;2;4;23;B01
201500024979;0;10;0;0;2;2;21;B01
201500024979;0;7;0;0;2;1;5;A01
201500024980;0;7;0;0;2;8;11;A01
201500024980;0;17;0;0;2;7;1;B01
201500024981;0;2;0;0;0;3;23;B01
201500024981;0;10;0;0;2;2;2;A01
201500024982;0;7;0;0;2;1;2;A01
201500024982;0;33;0;0;2;4;23;B01
201500024983;0;7;0;0;2;2;1;A01
201500024983;0;7;0;0;2;8;1;B01
201500024983;0;7;0;4;2;7;1;C01
201500024984;0;7;0;0;2;1;2;A01
201500024984;0;7;0;0;2;4;23;B01
201500024985;0;7;0;0;0;0;0;A01
201500024986;0;7;0;3;0;1;1;A01
201500024987;0;7;0;0;0;0;0;A01
201500024987;0;1;0;0;0;0;0;B01
201500024988;0;7;0;0;2;6;1;A01
201500024988;0;30;0;0;2;1;1;B01
201500024989;0;7;0;1;0;0;0;A01
201500024990;0;7;0;0;2;6;1;B01
201500024990;0;7;0;0;2;1;1;A01
201500024991;0;10;0;0;2;1;2;A01
201500024991;0;7;0;0;2;4;23;B01
201500024992;0;33;0;0;0;0;0;A01
201500024993;0;10;0;0;2;7;1;B01
201500024993;0;7;0;0;2;8;13;A01
201500024994;0;7;0;9;0;3;1;A01
201500024995;0;2;0;0;1;1;0;A01
201500024996;0;7;0;0;2;1;1;B01
201500024996;0;7;0;4;2;1;1;A01
201500024997;0;7;0;0;2;0;0;A01
201500024997;0;7;0;0;2;3;15;B01
201500024998;0;17;0;0;2;1;1;C01
201500024998;0;7;0;0;2;6;9;A01
201500024998;0;7;0;0;2;1;1;B01
201500024999;0;7;0;0;2;4;23;B01
201500024999;0;30;0;0;2;1;1;A01
201500025000;0;1;0;0;2;0;15;B01
201500025000;0;7;0;0;2;1;15;A01
201500025001;0;7;0;15;0;1;1;A01
201500025002;0;7;0;0;2;2;15;A01
201500025002;0;33;0;0;2;1;1;B01
201500025003;0;1;0;0;2;1;9;A01
201500025003;0;37;1;0;2;2;1;B01
201500025004;0;7;0;0;2;4;2;B01
201500025004;0;7;0;0;2;1;2;A01
201500025004;0;10;0;0;2;4;2;C01
201500025005;0;30;0;0;0;0;1;A01
201500025006;0;1;0;0;2;0;2;C01
201500025006;0;1;0;0;0;0;0;D01
201500025006;0;7;0;0;2;7;0;A01
201500025006;0;7;0;0;2;8;1;B01
201500025007;0;7;0;0;2;4;2;C01
201500025007;0;7;0;0;2;1;2;A01
201500025007;0;7;0;0;2;4;2;B01
201500025008;0;7;0;0;2;4;1;B01
201500025008;0;7;0;0;2;1;2;A01
201500025009;0;7;0;0;2;4;2;C01
201500025009;0;7;0;0;2;1;2;A01
201500025009;0;7;0;0;0;0;0;D01
201500025009;0;7;0;0;2;4;2;B01
201500025010;0;7;0;0;2;1;1;A01
201500025010;0;7;0;0;2;7;1;B01
201500025011;0;7;0;0;2;9;1;A01
201500025012;0;7;0;0;2;6;1;B01
201500025012;0;7;0;0;2;1;1;A01
201500025013;0;7;0;16;0;9;1;A01
201500025014;0;7;0;0;2;4;23;B01
201500025014;0;17;0;0;2;1;12;A01
201500025015;0;7;0;1;1;2;1;A01
201500025016;0;30;0;12;2;1;1;A01
201500025017;0;1;0;0;2;1;1;B01
201500025017;0;7;0;0;2;1;15;A01
201500025018;0;7;0;0;2;2;15;A01
201500025018;0;7;0;0;2;1;1;B01
201500025019;0;2;0;16;0;0;1;A01
201500025020;0;7;0;16;0;9;1;A01
201500025021;0;7;0;0;0;0;0;A01
201500025021;0;7;0;0;0;0;0;B01
201500025022;0;10;0;0;2;1;2;A01
201500025022;0;10;0;0;2;4;2;B01
201500025023;0;7;0;15;0;1;1;A01
201500025024;0;7;0;1;1;7;21;A01
201500025025;0;7;0;0;2;1;2;A01
201500025025;0;7;0;0;2;4;23;B01
201500025026;0;7;0;0;0;0;0;A01
201500025027;0;1;0;0;2;1;1;B01
201500025027;0;7;0;0;2;1;15;A01
201500025028;0;10;0;0;1;1;1;A01
201500025029;0;7;0;0;2;4;1;C01
201500025029;0;7;0;0;2;1;2;A01
201500025029;0;7;0;0;2;4;2;B01
201500025030;0;33;0;16;0;8;1;A01
201500025031;0;7;0;0;2;4;23;B01
201500025031;0;7;0;0;2;1;2;A01
201500025032;0;7;0;0;2;1;2;A01
201500025032;0;7;0;0;2;4;2;C01
201500025032;0;7;0;0;2;4;2;D01
201500025032;0;7;0;0;2;4;2;B01
201500025033;1;7;0;0;2;1;0;Z01
201500025033;0;7;0;0;2;5;1;B01
201500025034;0;2;0;0;2;1;1;A01
201500025034;0;7;0;0;2;2;15;B01
201500025035;0;7;0;12;0;1;1;A01
201500025036;0;7;0;0;2;5;16;A01
201500025036;0;1;0;0;2;1;1;B01
201500025037;0;31;0;16;0;0;1;A01
201500025038;0;7;0;0;0;0;1;B01
201500025038;0;7;0;11;0;1;1;A01
201500025039;0;7;0;0;2;3;1;B01
201500025039;0;7;0;0;2;3;1;A01
201500025040;0;1;0;0;2;1;1;B01
201500025040;0;7;0;0;2;4;1;A01
201500025041;0;7;0;0;1;1;1;A01
201500025042;0;7;0;12;0;1;1;A01
201500025043;0;7;0;0;2;2;15;A01
201500025043;0;2;0;0;2;1;1;B01
201500025044;0;7;0;0;2;2;1;B01
201500025044;0;2;0;0;2;1;1;A01
201500025045;1;7;0;0;1;2;1;A01
201500025046;0;10;0;0;2;2;1;A01
201500025046;0;7;0;0;2;8;15;B01
201500025047;0;7;0;0;2;4;14;C01
201500025047;0;7;0;0;2;6;14;B01
201500025047;0;7;0;0;2;2;13;A01
201500025048;0;30;0;0;2;1;1;A01
201500025048;0;7;0;0;2;6;9;B01
201500025049;0;2;0;0;2;8;1;B01
201500025049;0;7;0;0;2;3;15;A01
201500025050;0;7;0;0;1;1;1;A01
201500025051;0;2;0;0;2;1;1;B01
201500025051;0;7;0;0;2;1;10;A01
201500025052;0;7;0;0;2;4;23;A01
201500025052;0;7;0;0;2;1;2;D01
201500025052;0;7;0;0;2;1;2;C01
201500025052;0;7;0;0;2;1;21;B01
201500025053;0;7;0;14;0;1;1;A01
201500025054;0;7;0;4;0;1;1;A01
201500025055;0;10;0;0;1;4;4;A01
201500025056;0;7;0;13;0;8;1;A01
201500025057;0;7;0;0;2;4;2;B01
201500025057;0;7;0;0;2;4;2;C01
201500025057;0;7;0;0;2;1;2;A01
201500025058;0;7;0;0;2;1;15;A01
201500025058;0;30;0;0;2;3;1;B01
201500025059;0;7;0;0;2;1;2;A01
201500025059;0;7;0;0;2;4;2;B01
201500025060;0;7;0;0;2;4;2;B01
201500025060;0;7;0;0;2;1;2;A01
201500025060;0;7;0;0;2;4;2;C01
201500025061;0;7;0;0;2;2;1;B01
201500025061;1;37;1;0;2;0;0;A01
201500025062;0;7;0;16;0;9;1;A01
201500025063;0;7;0;0;2;2;15;B01
201500025063;0;30;0;0;2;1;1;A01
201500025064;0;7;0;16;0;9;1;A01
201500025065;0;7;0;0;2;3;23;B01
201500025065;0;7;0;7;2;7;15;A01
201500025066;0;33;0;0;2;1;1;B01
201500025066;0;7;0;0;2;2;14;A01
201500025067;0;7;0;0;2;2;1;B01
201500025067;0;7;0;0;2;1;15;A01
201500025068;0;30;0;0;2;1;2;A01
201500025068;0;7;0;0;2;5;14;B01
201500025069;0;7;0;0;2;4;16;B01
201500025069;0;99;0;0;2;2;1;A01
201500025070;0;7;0;0;2;4;2;C01
201500025070;0;7;0;0;2;4;2;D01
201500025070;0;7;0;0;2;1;2;A01
201500025070;0;7;0;0;2;4;2;B01
201500025071;0;34;0;0;0;0;0;B01
201500025071;0;7;0;0;2;1;15;A01
201500025072;0;7;0;8;0;1;1;A01
201500025073;0;30;0;16;0;0;0;A01
201500025074;0;7;0;0;2;1;1;A01
201500025074;0;1;0;0;2;5;1;B01
201500025075;0;7;0;0;1;1;0;A01
201500025076;0;33;0;16;0;0;3;A01
201500025077;0;7;0;0;1;1;1;A01
201500025078;0;7;0;0;2;3;9;A01
201500025078;0;33;0;0;2;7;1;B01
201500025079;0;1;0;0;2;1;19;B01
201500025079;0;7;0;0;2;1;15;A01
201500025080;0;7;0;0;2;1;16;A01
201500025080;0;1;0;0;2;7;1;B01
201500025081;0;1;0;0;2;8;19;B01
201500025081;0;1;0;0;2;1;1;A01
201500025082;0;38;0;0;1;7;16;A01
201500025083;0;7;0;0;1;2;1;A01
201500025084;0;7;0;0;2;1;2;A01
201500025084;0;7;0;0;2;4;2;B01
201500025084;0;7;0;0;2;4;2;C01
201500025085;0;30;0;0;2;1;1;B01
201500025085;0;7;0;0;2;2;15;A01
201500025086;0;34;0;0;2;7;17;B01
201500025086;0;7;0;0;2;3;17;A01
201500025087;0;7;0;0;2;0;1;B01
201500025087;0;7;0;0;2;1;0;A01
201500025088;1;7;0;0;2;1;1;B01
201500025088;0;30;0;0;2;8;1;A01
201500025089;0;7;0;0;2;1;1;A01
201500025089;0;7;0;0;2;4;1;B01
201500025089;0;7;0;0;2;4;1;C01
201500025089;0;7;0;0;2;4;1;D01
201500025090;0;1;0;0;2;1;15;A01
201500025090;0;7;0;0;2;1;1;B01
201500025091;0;1;0;0;2;0;0;B01
201500025091;0;14;0;0;2;1;1;A01
201500025092;0;7;0;0;2;7;15;A01
201500025092;0;30;0;0;2;1;1;B01
201500025093;1;7;0;0;9;0;0;B01
201500025093;0;99;0;0;2;0;1;A01
201500025094;0;7;0;0;2;4;2;B01
201500025094;0;7;0;0;2;1;2;A01
201500025095;0;7;0;0;1;1;1;A01
201500025096;0;7;0;0;2;7;16;A01
201500025096;0;33;0;0;2;8;1;B01
201500025097;0;7;0;0;2;1;1;B01
201500025097;0;1;0;0;2;0;1;A01
201500025098;0;1;0;0;2;1;0;B01
201500025098;0;14;0;0;2;3;16;A01
201500025099;0;7;0;0;1;2;1;A01
201500025100;0;2;0;0;2;1;1;A01
201500025100;0;1;0;0;2;7;19;B01
201500025101;0;7;0;0;2;4;2;B01
201500025101;0;7;0;0;2;1;2;A01
201500025102;0;7;0;0;2;4;2;B01
201500025102;0;10;0;0;2;1;2;A01
201500025102;0;7;0;0;2;4;2;C01
201500025103;0;7;0;0;1;0;0;A01
201500025104;0;7;0;0;2;1;9;A01
201500025104;0;33;0;0;2;7;0;B01
201500025105;0;7;0;0;1;1;1;A01
201500025106;0;1;0;0;2;0;0;A01
201500025106;0;10;0;0;2;3;1;B01
201500025107;0;7;0;0;2;4;1;A01
201500025107;0;7;0;0;2;4;1;B01
201500025107;0;7;0;0;2;1;1;C01
201500025108;0;34;0;0;2;0;0;B01
201500025108;0;7;0;0;2;1;1;A01
201500025109;0;7;0;0;2;1;1;A01
201500025109;0;7;0;0;2;4;1;C01
201500025109;0;7;0;0;2;4;1;B01
201500025110;0;7;0;0;2;0;0;B01
201500025110;0;2;0;0;2;1;1;A01
201500025111;0;7;0;0;2;1;9;A01
201500025111;0;1;0;0;2;0;0;B01
201500025112;0;10;0;0;1;1;1;A01
201500025113;0;7;0;0;2;8;22;A01
201500025113;0;1;0;1;0;7;1;B01
201500025114;0;33;0;0;2;1;1;B01
201500025114;0;7;0;0;2;1;15;A01
201500025115;0;7;0;0;1;4;1;A01
201500025116;1;7;0;0;1;0;1;Z01
201500025117;0;7;0;0;2;1;1;B01
201500025117;0;1;0;0;2;0;0;A01
201500025118;0;7;0;0;2;7;16;A01
201500025118;0;1;0;0;2;0;1;B01
201500025119;0;37;1;0;1;7;1;A01
201500025120;0;7;0;0;2;7;22;A01
201500025120;0;1;0;0;2;1;1;B01
201500025121;0;7;0;0;2;9;1;A01
201500025121;0;7;0;0;2;4;1;B01
201500025122;0;7;0;0;2;3;1;A01
201500025122;0;38;1;0;2;1;1;B01
201500025123;0;7;0;0;2;1;2;A01
201500025123;0;1;0;0;2;4;2;B01
201500025124;0;10;0;0;1;4;4;A01
201500025125;0;37;1;0;2;1;15;A01
201500025125;0;1;0;0;2;5;1;B01
201500025126;0;7;0;14;0;1;1;A01
201500025127;0;10;0;8;0;1;1;A01
201500025128;0;30;0;0;2;2;19;A01
201500025128;0;7;0;0;2;2;1;B01
201500025129;0;10;0;0;2;4;2;B01
201500025129;0;7;0;0;2;4;2;C01
201500025129;0;7;0;0;2;1;2;A01
201500025130;0;30;0;12;0;1;1;A01
201500025131;0;7;0;16;0;9;1;A01
201500025132;0;7;0;0;2;1;1;B01
201500025132;0;7;0;0;2;3;0;A01
201500025133;0;7;0;0;2;1;2;A01
201500025133;0;7;0;0;2;4;23;C01
201500025133;0;10;0;0;2;4;2;B01
201500025134;0;7;0;0;2;8;9;A01
201500025134;0;1;0;0;2;1;1;B01
201500025135;1;10;0;1;0;1;1;A01
201500025135;0;7;0;0;2;4;24;B01
201500025136;1;7;0;0;1;1;0;A01
201500025137;0;7;0;0;1;1;1;A01