num_acc;senc;catv;occutc;obs;obsm;choc;manv;num_veh
201500025138;0;30;0;0;0;0;0;A01
201500025139;0;1;0;0;2;0;1;B01
201500025139;0;7;0;0;2;1;5;A01
201500025140;0;15;0;0;2;0;0;A01
201500025140;0;7;0;3;2;4;12;B01
201500025140;0;7;0;0;2;0;0;C01
201500025141;0;7;0;0;2;1;1;A01
201500025141;0;7;0;0;2;6;1;B01
201500025142;0;7;0;0;2;8;15;A01
201500025142;0;34;0;0;2;1;1;B01
201500025143;0;7;0;0;1;1;1;A01
201500025144;0;7;0;0;2;1;1;A01
201500025144;0;7;0;0;2;1;1;B01
201500025145;0;7;0;0;2;4;2;B01
201500025145;0;7;0;0;2;1;2;A01
201500025146;0;7;0;0;2;4;2;B01
201500025146;0;7;0;0;2;1;2;A01
201500025147;0;7;0;0;2;2;16;A01
201500025147;0;1;0;0;2;0;1;B01
201500025148;0;7;0;12;0;1;1;A01
201500025149;0;7;0;0;2;4;2;C01
201500025149;0;7;0;0;2;4;2;B01
201500025149;0;7;0;0;2;1;2;A01
201500025150;0;7;0;0;2;2;1;B01
201500025150;0;14;0;0;2;1;1;A01
201500025151;0;31;0;16;0;0;1;A01
201500025152;0;3;0;0;2;1;1;A01
201500025153;0;7;0;0;2;1;15;A01
201500025153;0;7;0;0;2;7;1;B01
201500025154;0;7;0;0;2;2;1;A01
201500025154;0;7;0;0;2;3;1;B01
201500025155;0;7;0;0;2;7;15;A01
201500025155;0;33;0;0;2;2;1;B01
201500025156;0;7;0;0;2;1;0;A01
201500025156;0;7;0;0;2;0;1;C01
201500025156;0;7;0;0;2;1;0;B01
201500025157;0;7;0;0;1;2;15;A01
201500025158;0;7;0;0;1;1;9;A01
201500025159;0;10;0;0;2;4;2;B01
201500025159;0;10;0;0;2;1;2;A01
201500025159;0;7;0;0;2;4;2;C01
201500025160;0;7;0;0;1;1;13;A01
201500025161;1;7;0;0;1;1;1;A01
201500025162;0;30;0;0;2;1;0;B01
201500025162;0;7;0;0;2;3;0;A01
201500025163;0;10;0;1;0;1;1;A01
201500025164;0;10;0;0;2;4;23;A01
201500025164;0;30;0;0;2;1;2;B01
201500025165;0;32;0;0;2;1;1;B01
201500025165;0;7;0;0;2;3;15;A01
201500025166;0;7;0;0;1;7;1;A01
201500025167;0;7;0;0;1;1;16;A01
201500025168;0;7;0;0;2;2;1;A01
201500025168;0;7;0;0;2;1;1;B01
201500025169;0;33;0;0;2;1;17;B01
201500025169;0;7;0;0;2;4;13;A01
201500025170;0;7;0;0;1;1;1;A01
201500025171;0;7;0;0;2;3;1;B01
201500025171;0;7;0;0;2;2;15;A01
201500025172;0;7;0;0;2;2;0;B01
201500025172;0;7;0;12;2;2;0;A01
201500025173;0;10;0;0;2;1;1;A01
201500025173;0;37;1;0;2;6;1;B01
201500025174;0;34;0;0;2;3;1;B01
201500025174;0;7;0;0;2;2;16;A01
201500025175;0;7;0;0;1;2;0;A01
201500025176;0;38;1;0;1;2;1;A01
201500025177;0;7;0;16;0;9;1;A01
201500025178;0;7;0;0;2;1;0;A01
201500025178;0;7;0;0;2;4;2;B01
201500025179;0;1;0;8;0;1;1;A01
201500025180;0;7;0;8;0;0;15;A01
201500025181;0;7;0;0;1;1;15;A01
201500025182;0;7;0;0;1;2;1;A01
201500025183;0;7;0;0;1;3;1;A01
201500025184;0;33;0;15;0;1;17;A01
201500025185;0;2;0;0;2;3;15;B01
201500025185;0;31;0;1;2;2;7;A01
201500025186;0;33;0;0;2;1;19;B01
201500025186;0;7;0;0;0;0;0;A01
201500025186;0;7;0;0;2;3;0;C01
201500025187;0;1;0;7;0;1;1;A01
201500025188;0;31;0;0;0;0;1;B01
201500025188;0;10;0;0;0;0;19;A01
201500025189;0;7;0;0;9;4;2;B01
201500025189;0;7;0;0;2;1;2;A01
201500025190;0;1;0;0;2;2;0;B01
201500025190;0;7;0;0;9;3;9;A01
201500025191;0;7;0;0;2;5;2;B01
201500025191;0;33;0;0;2;1;2;A01
201500025192;0;7;0;0;1;8;1;A01
201500025193;0;30;0;1;0;1;1;A01
201500025194;0;7;0;0;2;1;1;B01
201500025194;0;7;0;0;2;3;13;A01
201500025195;0;7;0;0;2;3;1;A01
201500025195;0;7;0;0;2;3;1;B01
201500025196;0;7;0;0;1;1;1;A01
201500025197;0;1;0;12;0;1;1;A01
201500025198;0;30;0;0;0;0;1;A01
201500025199;0;7;0;0;2;8;9;A01
201500025199;0;30;0;0;2;1;2;B01
201500025200;0;1;0;0;2;1;1;A01
201500025200;0;30;0;0;2;4;1;B01
201500025201;0;7;0;0;1;3;2;A01
201500025202;0;30;0;0;2;1;1;A01
201500025202;0;7;0;0;2;4;23;B01
201500025203;0;7;0;0;2;1;2;A01
201500025203;0;7;0;0;2;4;2;B01
201500025204;0;7;0;0;0;0;1;A01
201500025205;0;30;0;0;2;1;19;A01
201500025205;0;7;0;0;2;6;2;B01
201500025206;0;7;0;0;2;9;2;A01
201500025206;0;7;0;0;2;4;2;D01
201500025206;0;7;0;0;2;9;1;C01
201500025206;0;7;0;0;2;9;2;B01
201500025207;0;7;0;0;2;1;1;A01
201500025207;0;7;0;0;2;4;1;B01
201500025208;0;7;0;0;2;7;17;B01
201500025208;0;7;0;0;2;8;1;A01
201500025209;0;7;0;0;2;1;1;B01
201500025209;0;7;0;9;2;6;19;A01
201500025210;0;7;0;0;1;1;1;A01
201500025211;0;7;0;0;2;8;11;A01
201500025211;0;33;0;0;0;0;0;B01
201500025212;0;33;0;0;2;1;1;B01
201500025212;0;7;0;0;2;3;20;A01
201500025213;0;7;0;0;2;6;12;A01
201500025213;0;7;0;0;2;1;1;B01
201500025214;0;7;0;2;0;1;1;A01
201500025215;0;7;0;0;2;1;2;A01
201500025215;0;7;0;0;0;4;1;B01
201500025216;0;7;0;0;2;3;20;A01
201500025216;0;7;0;0;2;3;1;B01
201500025217;0;7;0;0;2;1;1;A01
201500025217;0;99;0;0;2;4;1;B01
201500025218;0;7;0;16;0;9;1;A01
201500025219;0;7;0;0;2;1;15;A01
201500025219;0;2;0;0;0;0;0;B01
201500025220;0;7;0;0;0;4;0;B01
201500025220;0;7;0;0;2;1;1;A01
201500025221;0;7;0;0;1;8;1;A01
201500025222;0;7;0;0;2;1;1;A01
201500025222;0;7;0;0;2;7;15;B01
201500025223;0;7;0;0;2;1;1;A01
201500025223;0;99;0;0;2;3;1;B01
201500025224;0;7;0;0;2;6;2;B01
201500025224;0;2;0;0;2;1;2;A01
201500025225;0;7;0;0;2;1;9;A01
201500025225;0;7;0;0;2;7;1;B01
201500025226;0;7;0;0;2;4;2;A01
201500025226;0;7;0;0;2;4;1;B01
201500025227;0;7;0;0;2;4;1;A01
201500025227;0;7;0;0;2;1;1;B01
201500025228;0;1;0;0;2;4;1;B01
201500025228;0;7;0;0;2;1;1;A01
201500025229;0;7;0;0;2;1;1;A01
201500025229;0;7;0;0;2;4;1;B01
201500025230;0;7;0;0;0;0;0;B01
201500025230;0;7;0;0;2;1;13;A01
201500025231;0;1;0;0;1;0;0;A01
201500025232;0;1;0;0;2;7;19;A01
201500025232;0;7;0;0;2;0;1;B01
201500025233;0;7;0;0;1;1;1;A01
201500025234;0;7;0;0;1;0;0;A01
201500025235;0;7;0;0;1;2;1;A01
201500025236;0;7;0;0;2;1;1;A01
201500025236;0;7;0;0;0;0;0;B01
201500025237;0;30;0;0;2;1;1;A01
201500025237;0;7;0;0;2;4;1;B01
201500025238;0;7;0;0;1;1;1;A01
201500025239;0;30;0;0;2;1;1;B01
201500025239;0;3;0;0;2;1;15;A01
201500025240;0;30;0;0;2;5;1;B01
201500025240;0;7;0;0;2;1;9;A01
201500025241;0;7;0;13;0;1;1;A01
201500025242;0;7;0;0;2;3;1;B01
201500025242;0;1;0;0;0;0;0;A01
201500025243;0;7;0;0;2;8;0;A01
201500025243;0;37;0;0;0;0;23;B01
201500025244;0;2;0;11;0;1;21;A01
201500025245;0;30;0;0;2;1;1;A01
201500025245;0;7;0;0;2;7;1;B01
201500025246;0;7;0;0;0;0;0;A01
201500025247;0;7;0;0;1;3;1;A01
201500025248;0;7;0;0;2;6;1;B01
201500025248;0;33;0;0;2;7;17;A01
201500025249;0;7;0;16;0;9;1;A01
201500025250;0;7;0;0;2;1;2;A01
201500025250;0;7;0;0;2;4;1;B01
201500025251;0;7;0;0;2;7;15;A01
201500025251;0;33;0;0;2;1;1;B01
201500025252;0;33;0;0;2;1;1;B01
201500025252;0;7;0;6;2;5;15;A01
201500025253;0;7;0;0;2;1;19;A01
201500025253;0;1;0;0;0;0;0;B01
201500025254;0;7;0;0;2;1;1;A01
201500025254;0;7;0;0;0;0;0;B01
201500025255;0;7;0;0;2;3;1;B01
201500025255;0;7;0;8;2;1;1;A01
201500025256;0;7;0;6;0;1;1;A01
201500025257;0;7;0;1;1;3;1;A01
201500025258;0;33;0;0;2;1;1;A01
201500025258;0;7;0;0;2;5;1;B01
201500025259;0;2;0;0;2;1;1;A01
201500025259;0;7;0;0;2;4;1;B01
201500025260;0;2;0;0;2;1;13;A01
201500025260;0;7;0;0;2;3;1;B01
201500025261;0;7;0;0;2;1;1;A01
201500025261;0;33;0;0;2;4;0;B01
201500025262;0;1;0;8;0;1;1;A01
201500025263;0;7;0;0;2;1;1;A01
201500025263;0;7;0;0;2;4;2;B01
201500025264;0;7;0;0;2;1;2;A01
201500025264;0;7;0;0;2;4;1;C01
201500025264;0;7;0;0;2;4;2;B01
201500025264;0;7;0;0;2;4;0;D01
201500025265;0;7;0;0;2;6;9;A01
201500025265;0;2;0;0;2;2;1;B01
201500025266;0;7;0;0;2;3;9;A01
201500025266;0;31;0;0;2;2;1;B01
201500025267;0;1;0;1;2;1;1;B01
201500025267;0;7;0;0;2;8;9;A01
201500025268;0;30;0;0;2;1;17;A01
201500025268;0;7;0;0;2;4;1;B01
201500025269;0;7;0;0;2;1;9;A01
201500025269;0;2;0;0;2;2;1;B01
201500025270;0;7;0;10;0;1;1;A01
201500025271;0;1;0;0;0;3;1;B01
201500025271;0;10;0;0;2;2;1;A01
201500025272;0;7;0;0;2;1;16;A01
201500025272;0;33;0;0;2;1;1;B01
201500025273;0;7;0;8;0;3;1;A01
201500025274;0;7;0;0;2;8;1;B01
201500025274;0;7;0;0;2;0;11;A01
201500025275;0;7;0;0;2;3;9;A01
201500025275;0;30;0;0;2;7;2;B01
201500025276;0;7;0;0;1;1;1;A01
201500025277;0;2;0;0;2;1;2;A01
201500025277;0;7;0;0;0;4;2;B01
201500025278;0;30;0;11;0;1;1;A01
201500025279;0;7;0;0;1;1;1;A01
201500025280;0;30;0;0;2;1;1;A01
201500025280;0;7;0;0;2;2;1;B01
201500025281;0;2;0;0;0;0;16;B01
201500025281;0;2;0;0;0;0;16;A01
201500025282;0;7;0;0;2;7;15;A01
201500025282;0;7;0;0;2;1;1;B01
201500025283;0;7;0;0;2;2;0;A01
201500025283;0;7;0;0;2;1;1;B01
201500025284;0;7;0;0;0;4;1;B01
201500025284;0;7;0;0;2;1;1;A01
201500025285;0;7;0;8;0;8;1;A01
201500025286;0;7;0;0;2;2;1;B01
201500025286;0;7;0;0;2;1;19;A01
201500025287;0;7;0;0;2;1;1;A01
201500025287;0;7;0;0;0;4;0;B01
201500025288;0;7;0;2;0;1;1;A01
201500025289;0;7;0;0;2;1;1;A01
201500025289;0;7;0;0;2;4;0;B01
201500025290;0;7;0;0;2;2;1;B01
201500025290;0;7;0;0;2;1;19;A01
201500025291;0;7;0;0;2;2;1;A01
201500025291;0;33;0;0;2;1;1;B01
201500025292;0;7;0;0;1;1;17;A01
201500025293;0;7;0;0;2;4;23;B01
201500025293;0;7;0;0;2;1;1;A01
201500025294;0;7;0;0;2;1;1;A01
201500025294;0;7;0;0;2;8;1;B01
201500025295;0;30;0;0;2;1;1;A01
201500025295;0;30;0;0;2;4;1;B01
201500025296;0;7;0;0;2;1;13;B01
201500025296;0;7;0;0;2;2;1;A01
201500025297;0;7;0;0;2;8;9;A01
201500025297;0;7;0;0;0;1;1;B01
201500025298;0;7;0;0;2;1;1;B01
201500025298;0;7;0;0;2;3;11;A01
201500025299;0;7;0;0;2;2;17;A01
201500025299;0;7;0;0;2;0;15;B01
201500025300;0;1;0;7;0;1;1;A01
201500025301;0;7;0;0;2;3;13;A01
201500025301;0;7;0;0;0;3;1;B01
201500025302;0;1;0;0;0;0;21;B01
201500025302;0;7;0;0;2;7;1;A01
201500025303;0;7;0;0;1;1;1;A01
201500025304;0;7;0;0;2;8;11;B01
201500025304;0;7;0;0;2;7;1;A01
201500025305;0;7;0;0;1;5;4;A01
201500025306;0;7;0;0;0;0;0;A01
201500025307;0;1;0;8;0;1;1;A01
201500025308;0;7;0;0;2;4;1;A01
201500025308;0;7;0;0;2;1;1;C01
201500025308;0;7;0;0;2;9;1;B01
201500025309;0;2;0;0;0;7;1;A01
201500025310;0;33;0;1;0;1;1;A01
201500025311;0;33;0;0;2;1;1;B01
201500025311;0;7;0;0;2;3;9;A01
201500025312;0;7;0;0;2;1;0;A01
201500025312;0;7;0;0;2;4;1;B01
201500025313;0;7;0;0;1;1;1;A01
201500025314;0;7;0;0;2;2;1;B01
201500025314;0;7;0;0;2;2;5;A01
201500025315;0;2;0;0;2;7;9;A01
201500025315;0;7;0;0;2;1;1;B01
201500025316;0;33;0;0;1;1;1;A01
201500025317;0;7;0;0;2;2;1;A01
201500025317;0;7;0;0;2;6;0;B01
201500025318;0;10;0;0;2;1;1;A01
201500025318;0;7;0;0;2;4;1;B01
201500025319;0;7;0;0;2;4;2;B01
201500025319;0;7;0;0;0;4;2;C01
201500025319;0;7;0;0;2;1;2;A01
201500025320;0;7;0;0;1;8;1;A01
201500025321;0;1;0;0;4;6;15;A01
201500025321;0;40;10;0;2;0;1;B01
201500025322;0;1;0;0;2;1;1;B01
201500025322;0;7;0;0;2;3;1;A01
201500025323;0;1;0;0;1;0;0;A01
201500025324;0;7;0;0;2;7;15;A01
201500025324;0;7;0;0;2;1;1;B01
201500025325;0;7;0;0;2;1;1;A01
201500025325;0;7;0;0;0;0;0;B01
201500025326;0;7;0;0;2;5;16;B01
201500025326;0;7;0;0;2;3;15;A01
201500025327;0;7;0;0;2;1;1;A01
201500025327;0;2;0;0;2;8;1;B01
201500025328;0;7;0;0;1;3;1;A01
201500025329;0;33;0;0;9;0;1;A01
201500025330;0;7;0;0;2;1;15;B01
201500025330;0;10;0;0;2;8;16;A01
201500025331;0;10;0;0;0;0;0;A01
201500025331;0;7;0;0;0;0;0;B01
201500025332;0;7;0;0;2;7;1;B01
201500025332;0;7;0;0;2;1;1;A01
201500025333;0;10;0;0;2;8;15;B01
201500025333;0;1;0;0;2;1;7;A01
201500025334;0;7;0;8;0;3;15;A01
201500025335;0;7;0;0;2;1;1;B01
201500025335;0;1;0;0;2;7;1;A01
201500025336;0;7;0;0;2;3;1;A01
201500025336;0;7;0;0;2;3;1;B01
201500025337;0;33;0;0;2;8;18;A01
201500025337;0;7;0;0;2;5;12;B01
201500025338;0;7;0;0;1;0;0;A01
201500025339;0;7;0;16;0;6;1;A01
201500025340;0;7;0;0;1;1;1;A01
201500025341;0;2;0;0;2;1;1;B01
201500025341;0;7;0;0;2;2;10;A01
201500025342;0;10;0;1;0;1;13;A01
201500025343;0;7;0;0;2;3;1;C01
201500025343;0;7;0;0;2;3;5;A01
201500025343;0;7;0;0;2;3;1;B01
201500025344;0;7;0;1;0;2;14;A01
201500025344;0;7;0;0;0;2;24;B01
201500025345;1;99;0;0;1;0;0;Z01
201500025346;0;7;0;0;2;1;2;A01
201500025346;0;7;0;0;0;4;23;B01
201500025347;0;7;0;3;0;5;1;A01
201500025348;0;1;0;0;0;0;2;A01
201500025349;0;7;0;0;2;1;1;B01
201500025349;0;7;0;0;1;1;1;A01
201500025350;0;2;0;0;2;1;1;B01
201500025350;0;7;0;1;2;1;9;A01
201500025351;0;1;0;0;0;0;1;A01
201500025352;0;7;0;0;2;1;1;B01
201500025352;0;7;0;0;2;3;1;A01
201500025353;0;37;10;1;0;2;1;B01
201500025353;0;7;0;0;2;8;22;A01
201500025354;0;33;0;0;0;0;0;A01
201500025355;0;10;0;0;0;0;0;B01
201500025355;0;7;0;0;2;1;1;A01
201500025356;0;2;0;0;0;0;0;B01
201500025356;0;7;0;0;2;2;1;A01
201500025357;0;7;0;0;1;1;17;A01
201500025358;0;7;0;0;1;0;0;A01
201500025359;0;7;0;13;0;1;15;A01
201500025360;0;10;0;0;1;3;1;A01
201500025361;0;1;0;0;2;8;1;A01
201500025361;0;7;0;0;0;8;1;B01
201500025362;0;7;0;0;2;3;1;A01
201500025362;0;1;0;0;2;7;1;B01
201500025363;0;1;0;0;0;1;1;A01
201500025364;0;2;0;0;2;1;1;B01
201500025364;0;7;0;0;2;2;1;A01
201500025365;0;1;0;0;1;1;5;A01
201500025366;0;7;0;0;0;0;9;A01
201500025366;0;33;0;0;0;0;0;B01
201500025367;1;10;0;0;1;2;18;A01
201500025368;0;7;0;0;2;2;2;A01
201500025368;0;7;0;0;2;3;0;B01
201500025369;0;37;10;0;1;2;16;A01
201500025370;0;7;0;0;2;5;13;A01
201500025370;0;30;0;0;2;1;1;B01
201500025371;0;2;0;0;0;0;21;A01
201500025372;0;7;0;0;9;3;5;D01
201500025372;0;7;0;0;2;3;2;A01
201500025372;0;7;0;0;2;6;2;C01
201500025372;0;33;0;0;2;1;2;B01
201500025373;0;7;0;0;2;8;1;B01
201500025373;0;7;0;0;2;1;1;A01
201500025374;0;7;0;0;2;1;1;A01
201500025374;0;7;0;0;2;4;1;B01
201500025375;0;7;0;0;2;4;2;B01
201500025375;0;7;0;0;2;1;2;A01
201500025376;0;7;0;0;1;1;1;A01
201500025377;1;7;0;0;1;0;0;A01
201500025378;0;7;0;0;1;3;15;A01
201500025379;0;7;0;0;2;7;1;A01
201500025379;0;7;0;0;2;3;15;B01
201500025380;0;1;0;0;0;0;1;A01
201500025381;0;7;0;0;2;1;1;A01
201500025381;0;7;0;0;2;8;1;B01
201500025382;0;7;0;3;0;1;1;A01
201500025383;0;1;0;0;2;0;0;B01
201500025383;0;7;0;0;2;7;16;A01
201500025384;0;7;0;12;0;2;1;A01
201500025385;0;31;0;0;2;1;1;A01
201500025385;0;7;0;0;2;1;1;B01
201500025386;0;7;0;0;1;1;1;A01
201500025387;0;7;0;0;2;1;15;A01
201500025387;0;1;0;0;2;1;1;B01
201500025388;0;7;0;0;1;1;2;A01
201500025389;0;7;0;0;2;4;1;B01
201500025389;0;7;0;0;2;1;1;A01
201500025389;0;7;0;0;2;1;1;C01
201500025390;0;7;0;0;2;3;15;A01
201500025390;0;2;0;0;2;7;17;B01
201500025391;0;7;0;0;2;3;1;B01
201500025391;0;3;0;0;2;5;1;A01
201500025392;0;7;0;8;0;1;1;A01
201500025393;0;17;0;0;2;1;1;A01
201500025393;0;7;0;0;2;4;1;B01
201500025394;0;7;0;0;2;7;22;A01
201500025394;0;30;0;0;2;1;18;B01
201500025395;0;7;0;0;2;8;15;A01
201500025395;0;30;0;0;0;0;0;B01
201500025396;0;7;0;0;2;1;1;A01
201500025396;0;7;0;0;2;4;1;B01
201500025397;0;7;0;0;2;4;1;B01
201500025397;0;2;0;0;2;1;1;A01
201500025398;0;10;0;10;0;1;1;A01
201500025399;0;1;0;0;0;0;0;A01
201500025400;0;7;0;7;0;2;1;A01
201500025401;0;33;0;0;2;7;16;A01
201500025401;0;7;0;0;0;0;0;B01
201500025402;0;7;0;0;1;2;1;A01
201500025403;0;7;0;0;1;0;0;A01
201500025404;0;7;0;0;0;8;1;A01
201500025404;0;10;0;0;2;1;1;B01
201500025405;1;7;0;0;2;0;18;B01
201500025405;0;1;0;0;2;0;1;A01
201500025406;0;7;0;0;2;2;15;A01
201500025406;0;2;0;0;2;1;1;B01
201500025407;0;7;0;0;2;3;0;A01
201500025407;0;2;0;0;2;7;1;B01
201500025408;1;7;0;0;1;2;1;A01
201500025409;0;2;0;11;0;1;1;A01
201500025410;0;7;0;0;2;7;1;B01
201500025410;0;7;0;0;2;1;1;A01
201500025411;0;7;0;0;2;3;5;A01
201500025411;0;33;0;0;2;1;1;B01
201500025412;0;7;0;0;1;0;0;A01
201500025413;0;7;0;0;1;1;1;A01
201500025414;0;30;0;0;2;1;17;A01
201500025414;0;7;0;0;2;8;15;B01
201500025415;0;3;0;0;0;9;1;A01
201500025416;0;7;0;0;1;2;2;A01
201500025417;0;10;0;0;2;6;1;B01
201500025417;0;7;0;0;2;1;1;A01
201500025418;0;7;0;1;2;2;1;A01
201500025418;0;1;0;0;2;1;5;B01
201500025419;0;7;0;0;1;1;1;A01
201500025420;0;7;0;0;2;4;1;B01
201500025420;0;1;0;0;2;1;1;A01
201500025421;0;7;0;0;2;2;9;A01
201500025421;0;1;0;0;2;1;1;B01
201500025422;0;33;0;0;0;8;1;A01
201500025423;0;1;0;0;2;1;1;B01
201500025423;0;7;0;0;2;3;15;A01
201500025424;0;33;0;0;1;1;1;A01
201500025425;0;7;0;0;2;9;1;B01
201500025425;0;7;0;0;2;4;1;C01
201500025425;0;10;0;0;2;1;1;A01
201500025426;0;10;0;0;2;1;15;A01
201500025426;0;1;0;0;2;1;1;B01
201500025427;0;7;0;0;2;1;15;A01
201500025427;0;1;0;0;2;8;1;B01
201500025428;0;2;0;0;2;8;1;B01
201500025428;0;1;0;0;2;1;1;A01
201500025429;0;7;0;0;2;1;1;A01
201500025429;0;7;0;0;2;8;1;B01
201500025430;0;7;0;1;0;2;1;A01
201500025431;0;7;0;0;2;1;1;A01
201500025431;0;7;0;0;2;4;1;B01
201500025432;0;7;0;0;2;2;1;A01
201500025432;0;34;0;1;2;3;17;B01
201500025433;0;7;0;0;2;8;16;B01
201500025433;0;30;0;0;2;1;15;A01
201500025434;0;10;0;2;0;1;19;A01
201500025435;0;30;0;0;2;1;1;B01
201500025435;0;7;0;0;2;3;16;A01
201500025436;0;7;0;0;2;2;2;A01
201500025436;0;7;0;0;2;4;2;B01
201500025437;0;7;0;0;1;3;15;A01
201500025438;0;7;0;0;1;2;16;A01
201500025439;0;7;0;0;2;2;1;B01
201500025439;0;30;0;0;2;1;1;A01
201500025440;0;33;0;0;2;1;1;B01
201500025440;0;7;0;0;2;3;10;A01
201500025441;0;7;0;0;1;1;15;A01
201500025442;0;7;0;0;2;3;9;A01
201500025442;0;30;0;0;2;7;1;B01
201500025443;0;1;0;0;2;1;5;B01
201500025443;0;7;0;0;2;3;15;A01
201500025444;0;33;0;0;2;7;1;A01
201500025444;0;7;0;0;2;2;15;B01
201500025445;0;7;0;0;0;1;1;A01
201500025446;0;2;0;0;0;1;2;A01
201500025447;0;7;0;4;0;0;0;A01
201500025448;0;7;0;0;0;4;23;B01
201500025448;0;7;0;0;2;1;2;A01
201500025449;0;2;0;0;0;0;21;A01
201500025450;0;7;0;0;2;3;16;A01
201500025450;0;7;0;0;2;2;0;B01
201500025450;0;7;0;0;2;3;1;C01
201500025451;0;7;0;0;0;0;0;A01
201500025452;0;34;0;0;0;8;1;A01
201500025453;0;1;0;0;2;2;9;A01
201500025453;0;7;0;0;2;2;1;B01
201500025454;0;2;0;0;0;0;0;A01
201500025455;0;2;0;0;2;4;1;B01
201500025455;1;7;0;0;2;1;1;Z01
201500025456;0;7;0;1;1;8;2;A01
201500025457;0;7;0;0;0;0;0;B01
201500025457;0;1;0;0;0;0;0;A01
201500025458;0;7;0;0;0;0;0;A01
201500025458;0;40;32;1;2;1;1;B01
201500025459;0;31;0;0;0;0;0;A01
201500025460;0;10;0;6;0;1;1;A01
201500025461;0;7;0;13;0;1;1;A01
201500025462;0;2;0;0;0;0;0;A01
201500025463;0;2;0;0;0;0;21;A01
201500025464;0;7;0;6;2;3;1;B01
201500025464;1;7;0;0;0;0;0;A01
201500025465;0;2;0;0;0;8;15;A01
201500025466;0;7;0;0;2;1;0;B01
201500025466;0;7;0;0;2;2;1;A01
201500025467;0;7;0;8;0;1;14;A01
201500025468;0;7;0;0;1;2;16;A01
201500025469;0;33;0;0;0;0;1;A01
201500025470;0;2;0;0;1;7;1;A01
201500025470;0;7;0;0;2;3;1;B01
201500025471;0;7;0;0;2;2;15;A01
201500025471;0;1;0;0;2;1;19;B01
201500025472;0;7;0;0;1;2;16;A01
201500025473;0;1;0;0;2;1;16;A01
201500025473;0;10;0;0;2;2;1;B01
201500025474;0;2;0;0;0;1;9;A01
201500025475;0;1;0;0;2;1;1;A01
201500025476;0;1;0;0;2;1;2;B01
201500025476;0;7;0;0;2;7;14;A01
201500025477;0;33;0;0;2;1;1;B01
201500025477;0;10;0;0;2;1;15;A01
201500025478;0;7;0;0;2;1;1;B01
201500025478;0;33;0;0;2;1;17;A01
201500025479;0;7;0;3;0;1;16;A01
201500025480;0;33;0;0;2;1;1;B01
201500025480;0;7;0;0;2;7;15;A01
201500025481;0;7;0;2;0;1;14;A01
201500025482;0;7;0;0;1;2;1;A01
201500025483;2;10;0;0;2;1;1;A01
201500025483;0;7;0;0;2;4;1;B01
201500025484;0;7;0;0;2;4;1;B01
201500025484;0;10;0;0;2;1;1;A01
201500025485;0;7;0;0;1;3;1;A01
201500025486;1;33;0;13;0;1;0;A01
201500025487;0;7;0;1;2;1;1;A01
201500025487;0;33;0;0;2;4;1;B01
201500025488;0;7;0;0;2;1;2;B01
201500025488;0;7;0;0;2;4;23;A01
201500025489;0;7;0;0;1;1;1;A01
201500025490;0;1;0;0;2;5;1;B01
201500025490;0;7;0;0;2;3;16;A01
201500025491;0;7;0;0;2;2;1;A01
201500025491;0;7;0;0;2;2;1;B01
201500025492;0;7;0;0;2;7;2;B01
201500025492;0;1;0;0;2;1;9;A01
201500025493;0;7;0;0;2;1;1;A01
201500025493;0;34;0;0;2;7;15;B01
201500025494;0;7;0;0;2;4;23;C01
201500025494;0;7;0;0;2;1;1;A01
201500025494;0;7;0;0;2;4;23;B01
201500025495;0;7;0;0;0;0;0;B01
201500025495;0;7;0;0;2;0;0;A01
201500025496;0;7;0;0;2;3;23;B01
201500025496;0;7;0;0;2;3;1;A01
201500025497;0;32;0;13;0;7;14;A01
201500025498;0;7;0;8;0;1;16;A01
201500025499;0;7;0;0;2;3;15;B01
201500025499;0;33;0;0;2;2;17;A01
201500025500;0;1;0;0;2;1;19;B01
201500025500;0;10;0;0;2;2;9;A01
201500025501;0;7;0;3;0;7;14;A01
201500025502;0;7;0;0;2;6;1;B01
201500025502;0;14;0;4;2;3;1;A01
201500025503;0;7;0;0;2;8;15;A01
201500025503;0;1;0;0;2;7;1;B01
201500025504;0;7;0;0;2;1;2;B01
201500025504;0;7;0;0;2;4;2;A01
201500025505;0;7;0;16;0;1;1;A01
201500025506;0;7;0;0;0;0;0;A01
201500025506;0;2;0;0;0;0;0;B01
201500025507;0;7;0;0;0;4;2;A01
201500025507;0;7;0;0;0;0;0;B01
201500025508;0;7;0;0;0;0;16;A01
201500025509;0;10;0;0;2;4;1;B01
201500025509;0;7;0;1;2;4;1;C01
201500025509;0;7;0;0;2;1;1;A01
201500025510;0;1;0;0;2;1;1;B01
201500025510;0;7;0;0;2;3;9;A01
201500025511;0;14;0;0;2;1;1;A01
201500025511;0;7;0;0;2;8;16;B01
201500025512;0;7;0;1;0;1;15;A01
201500025513;0;7;0;0;2;7;1;B01
201500025513;0;1;0;0;2;8;1;A01
201500025514;0;33;0;12;0;7;1;A01
201500025515;0;7;0;6;0;1;20;A01
201500025516;0;7;0;0;2;2;1;A01
201500025516;0;7;0;0;2;1;1;B01
201500025517;0;7;0;0;2;7;15;A01
201500025517;0;1;0;0;0;0;0;B01
201500025518;1;10;0;0;0;0;0;A01
201500025518;0;10;0;0;2;3;1;B01
201500025519;0;13;0;0;2;2;15;A01
201500025519;0;1;0;0;2;0;0;B01
201500025520;0;1;0;0;0;1;1;A01