num_acc;senc;catv;occutc;obs;obsm;choc;manv;num_veh
201500025521;0;7;0;0;4;3;1;A01
201500025521;0;40;28;0;2;1;1;B01
201500025522;0;31;0;0;0;7;16;A01
201500025523;0;7;0;0;2;3;1;A01
201500025523;0;7;0;0;2;3;15;B01
201500025524;0;7;0;0;2;1;1;A01
201500025524;0;7;0;0;2;4;1;B01
201500025525;0;7;0;0;0;6;2;B01
201500025525;0;7;0;0;2;2;2;A01
201500025526;0;30;0;0;2;1;17;A01
201500025526;0;7;0;0;2;3;1;B01
201500025527;0;7;0;0;2;4;15;B01
201500025527;0;33;0;0;2;1;2;A01
201500025528;0;7;0;0;2;2;1;B01
201500025528;0;14;0;0;2;4;4;A01
201500025529;0;7;0;0;1;1;1;A01
201500025530;0;7;0;0;1;2;1;A01
201500025531;0;7;0;0;2;7;1;C01
201500025531;0;7;0;0;2;3;1;P01
201500025532;0;34;0;0;2;3;17;A01
201500025532;0;7;0;0;0;6;17;B01
201500025533;0;7;0;0;2;1;1;A01
201500025533;0;7;0;0;2;4;1;B01
201500025534;0;7;0;0;2;5;23;C01
201500025534;0;7;0;0;2;2;17;A01
201500025534;0;37;12;0;2;8;1;B01
201500025535;0;7;0;0;1;1;1;A01
201500025536;0;7;0;0;1;3;15;A01
201500025537;0;7;0;0;2;3;16;B01
201500025537;0;2;0;0;2;1;1;A01
201500025538;0;10;0;0;2;8;15;B01
201500025538;0;32;0;0;2;1;17;A01
201500025539;0;7;0;0;1;1;15;A01
201500025540;0;7;0;0;0;1;2;A01
201500025540;0;7;0;0;0;4;2;B01
201500025541;0;7;0;13;0;1;2;A01
201500025542;0;7;0;2;0;1;14;A01
201500025543;0;1;0;0;0;0;0;A01
201500025544;0;7;0;13;0;2;1;A01
201500025545;0;10;0;0;2;1;2;A01
201500025545;0;7;0;0;0;4;2;B01
201500025546;0;7;0;0;2;1;1;B01
201500025546;0;7;0;0;2;2;15;A01
201500025547;0;1;0;0;0;0;0;A01
201500025548;0;33;0;12;0;1;14;A01
201500025549;0;30;0;1;0;7;1;A01
201500025550;0;7;0;0;2;3;1;B01
201500025550;0;7;0;0;2;2;1;A01
201500025551;0;10;0;0;9;8;1;A01
201500025552;0;7;0;0;2;2;1;A01
201500025552;0;7;0;0;2;1;1;B01
201500025553;0;7;0;0;1;1;1;A01
201500025554;0;7;0;0;2;1;2;A01
201500025554;0;7;0;0;2;4;23;B01
201500025554;0;7;0;0;0;4;23;C01
201500025555;0;30;0;0;0;0;0;A01
201500025556;0;7;0;0;1;1;1;A01
201500025557;0;10;0;0;2;7;1;B01
201500025557;0;7;0;0;2;1;9;A01
201500025558;0;1;0;1;0;1;2;A01
201500025558;0;14;0;0;2;1;24;B01
201500025559;0;7;0;0;1;4;4;A01
201500025560;0;2;0;0;1;1;1;A01
201500025561;0;2;0;0;0;7;14;A01
201500025562;0;2;0;0;2;1;2;A01
201500025562;0;7;0;0;2;4;2;B01
201500025563;0;31;0;0;0;3;1;A01
201500025564;0;7;0;0;2;1;2;A01
201500025564;0;7;0;0;0;4;23;B01
201500025565;0;7;0;0;2;1;15;A01
201500025565;0;34;0;0;2;1;1;B01
201500025566;0;7;0;0;1;1;1;A01
201500025567;0;1;0;0;2;1;5;A01
201500025567;0;1;0;0;2;1;1;B01
201500025568;0;2;0;0;0;1;1;A01
201500025569;0;7;0;0;2;1;2;A01
201500025569;0;16;0;0;2;4;2;B01
201500025570;0;33;0;0;2;2;1;B01
201500025570;0;13;0;0;2;1;1;A01
201500025571;0;7;0;1;2;7;1;B01
201500025571;0;7;0;1;2;4;1;A01
201500025572;0;34;0;0;0;0;0;A01
201500025573;0;7;0;0;2;3;20;A01
201500025573;0;7;0;0;2;1;1;B01
201500025574;0;1;0;0;2;1;1;B01
201500025574;0;33;0;0;2;1;1;A01
201500025575;0;10;0;0;1;2;1;A01
201500025576;0;7;0;7;2;1;19;A01
201500025576;0;7;0;0;2;3;1;B01
201500025577;0;2;0;0;0;7;1;A01
201500025578;0;1;0;12;0;5;1;A01
201500025579;0;33;0;12;0;1;1;A01
201500025580;0;7;0;0;1;1;1;A01
201500025581;0;7;0;1;0;2;14;A01
201500025582;1;7;0;0;1;0;0;Z01
201500025583;0;33;0;13;0;1;1;A01
201500025584;0;7;0;0;2;3;1;B01
201500025584;0;7;0;0;2;2;9;A01
201500025585;0;7;0;0;2;8;1;B01
201500025585;0;7;0;0;2;1;1;A01
201500025586;0;7;0;0;2;4;23;B01
201500025586;0;7;0;0;2;1;1;A01
201500025586;0;7;0;0;2;4;23;C01
201500025587;0;1;0;0;1;0;0;A01
201500025588;0;7;0;0;2;1;16;A01
201500025588;0;30;0;0;2;1;0;B01
201500025589;0;7;0;0;2;1;2;A01
201500025589;0;7;0;0;2;4;2;B01
201500025590;0;30;0;0;0;3;1;A01
201500025591;0;30;0;0;0;8;1;A01
201500025592;0;30;0;0;0;7;2;A01
201500025593;0;7;0;0;2;3;9;A01
201500025593;0;1;0;0;2;1;2;B01
201500025594;0;7;0;0;2;4;23;B01
201500025594;0;7;0;0;2;1;2;A01
201500025595;0;7;0;0;2;1;1;A01
201500025595;0;1;0;0;2;7;19;B01
201500025596;0;1;0;0;0;8;1;A01
201500025597;0;7;0;0;1;2;1;A01
201500025598;0;7;0;0;2;1;1;A01
201500025598;0;7;0;0;2;4;1;B01
201500025599;1;1;0;0;1;0;0;A01
201500025600;0;7;0;6;0;1;1;A01
201500025601;0;7;0;4;2;3;1;A01
201500025601;0;7;0;0;2;3;1;B01
201500025602;0;7;0;0;2;1;1;A01
201500025602;0;7;0;0;2;8;1;B01
201500025603;0;7;0;0;2;1;1;C01
201500025603;0;7;0;0;2;1;19;A01
201500025603;0;7;0;0;2;1;1;B01
201500025604;0;1;0;0;2;1;1;B01
201500025604;0;7;0;0;2;2;1;A01
201500025605;0;7;0;0;1;2;1;A01
201500025606;0;1;0;0;2;7;19;A01
201500025606;0;7;0;0;2;1;1;B01
201500025607;0;7;0;0;2;7;15;A01
201500025607;0;7;0;0;2;1;1;B01
201500025608;0;7;0;0;9;1;5;A01
201500025608;0;1;0;0;0;7;0;B01
201500025609;0;7;0;0;1;4;4;A01
201500025610;0;7;0;0;1;1;1;A01
201500025611;0;37;0;0;1;2;1;A01
201500025612;0;37;12;0;2;1;1;A01
201500025612;0;7;0;0;2;6;1;B01
201500025613;0;7;0;0;2;8;1;B01
201500025613;0;2;0;0;2;7;17;A01
201500025614;0;33;0;0;0;7;1;A01
201500025615;0;7;0;0;1;2;17;A01
201500025616;0;7;0;0;2;2;1;A01
201500025616;0;10;0;0;2;6;16;B01
201500025617;0;30;0;0;2;1;17;A01
201500025617;0;7;0;0;2;3;15;B01
201500025618;0;32;0;0;2;1;1;B01
201500025618;0;7;0;0;2;3;15;A01
201500025619;0;7;0;0;2;3;9;A01
201500025619;0;7;0;0;2;2;1;B01
201500025620;0;1;0;0;2;1;5;A01
201500025620;0;1;0;0;2;1;1;B01
201500025621;0;2;0;0;2;1;1;A01
201500025621;0;7;0;0;2;4;1;B01
201500025622;0;1;0;0;1;1;2;A01
201500025623;0;7;0;0;2;2;2;A01
201500025623;0;1;0;0;2;1;2;B01
201500025624;0;37;10;1;0;6;1;B01
201500025624;0;7;0;0;0;1;1;A01
201500025625;0;1;0;0;2;8;19;B01
201500025625;0;7;0;0;2;1;1;A01
201500025626;0;2;0;0;0;0;1;A01
201500025627;0;2;0;0;2;1;1;A01
201500025627;0;7;0;1;2;6;1;B01
201500025628;0;1;0;0;0;0;0;B01
201500025628;1;7;0;0;0;0;0;A01
201500025629;0;2;0;0;0;1;1;A01
201500025630;0;7;0;0;2;1;1;B01
201500025630;0;7;0;0;2;5;1;A01
201500025631;0;30;0;8;0;1;15;A01
201500025632;0;2;0;0;0;7;15;A01
201500025633;0;30;0;0;0;0;1;A01
201500025634;0;7;0;0;0;0;0;B01
201500025634;0;7;0;0;0;0;0;A01
201500025635;0;7;0;0;1;1;0;A01
201500025636;0;7;0;0;1;0;0;A01
201500025637;0;30;0;0;2;1;0;A01
201500025637;0;7;0;0;0;4;0;B01
201500025638;0;1;0;0;0;0;12;A01
201500025639;0;7;0;0;2;3;1;A01
201500025639;0;7;0;0;2;1;1;B01
201500025640;0;7;0;0;2;4;2;A01
201500025640;0;7;0;0;2;1;2;B01
201500025641;0;7;0;0;2;4;15;B01
201500025641;0;7;0;0;2;1;1;A01
201500025642;0;2;0;12;0;8;1;A01
201500025643;0;1;0;0;2;1;1;A01
201500025643;0;7;0;0;2;8;1;B01
201500025644;0;1;0;0;2;1;1;A01
201500025644;0;7;0;0;2;5;1;B01
201500025645;0;33;0;0;0;8;1;A01
201500025646;0;33;0;0;2;1;1;B01
201500025646;0;7;0;0;0;0;0;A01
201500025647;0;7;0;0;2;1;1;A01
201500025647;0;7;0;0;2;8;1;B01
201500025648;0;7;0;1;0;2;1;A01
201500025649;0;7;0;0;2;4;1;B01
201500025649;0;7;0;0;2;1;1;A01
201500025650;0;7;0;0;0;7;21;A01
201500025651;0;7;0;0;2;1;2;A01
201500025651;0;7;0;0;2;4;2;B01
201500025652;0;7;0;0;1;1;16;A01
201500025653;0;7;0;0;1;1;1;A01
201500025654;0;7;0;0;2;3;1;A01
201500025654;0;7;0;0;2;3;1;B01
201500025655;0;7;0;0;1;3;2;A01
201500025656;0;13;0;0;2;1;1;B01
201500025656;0;7;0;0;2;7;1;A01
201500025657;0;7;0;0;1;3;1;A01
201500025658;0;2;0;0;0;0;1;A01
201500025659;0;7;0;0;2;3;1;B01
201500025659;0;30;0;0;2;1;1;A01
201500025660;0;7;0;0;2;2;1;A01
201500025660;0;7;0;0;2;3;1;C01
201500025660;0;13;0;0;2;1;1;B01
201500025661;0;7;0;0;2;1;2;A01
201500025661;0;1;0;0;2;8;19;B01
201500025662;0;7;0;0;1;3;20;A01
201500025663;0;7;0;0;2;8;1;B01
201500025663;0;32;0;0;2;1;1;A01
201500025664;0;7;0;7;0;9;1;A01
201500025665;0;7;0;0;1;1;13;A01
201500025666;0;7;0;0;9;2;0;A01
201500025666;0;1;0;0;0;0;0;B01
201500025667;0;7;0;0;1;2;1;A01
201500025668;0;30;0;0;2;1;5;A01
201500025668;0;7;0;0;2;1;15;B01
201500025669;0;7;0;0;2;0;0;A01
201500025669;0;30;0;0;0;0;0;B01
201500025670;0;7;0;0;0;0;0;B01
201500025670;0;7;0;0;0;4;2;A01
201500025671;0;33;0;0;2;1;1;B01
201500025671;0;1;0;0;2;8;19;A01
201500025672;0;7;0;0;2;4;0;B01
201500025672;0;7;0;0;2;1;2;A01
201500025673;0;1;0;0;0;0;0;A01
201500025674;0;7;0;0;2;1;1;A01
201500025674;0;7;0;0;2;4;15;B01
201500025675;0;7;0;0;2;1;1;A01
201500025675;0;7;0;0;2;8;0;B01
201500025676;0;7;0;0;2;1;2;B01
201500025676;0;7;0;0;2;4;23;A01
201500025676;0;7;0;0;2;1;2;C01
201500025677;0;30;0;14;0;1;1;A01
201500025678;0;33;0;0;2;9;1;B01
201500025678;0;15;0;0;2;1;15;A01
201500025679;0;7;0;0;2;3;9;A01
201500025679;0;31;0;0;2;7;1;B01
201500025680;0;7;0;0;2;1;1;B01
201500025680;0;7;0;0;2;8;9;A01
201500025681;0;7;0;0;2;1;1;B01
201500025681;1;33;0;0;2;4;1;A01
201500025682;0;7;0;0;2;1;1;B01
201500025682;0;7;0;0;2;1;15;A01
201500025683;0;10;0;0;2;1;1;B01
201500025683;0;10;0;0;2;2;15;A01
201500025684;0;7;0;0;1;8;1;A01
201500025685;0;31;0;0;2;1;1;B01
201500025685;0;7;0;0;2;3;15;A01
201500025686;0;7;0;0;2;0;0;A01
201500025686;0;7;0;0;2;1;2;B01
201500025686;0;7;0;0;2;8;0;C01
201500025687;1;30;0;0;1;0;0;A01
201500025688;0;30;0;11;0;3;13;A01
201500025689;0;7;0;0;0;0;0;A01
201500025689;0;7;0;0;0;0;0;B01
201500025690;0;7;0;0;2;1;1;B01
201500025690;0;7;0;0;2;3;1;C01
201500025690;0;7;0;4;2;3;11;A01
201500025691;0;7;0;0;2;2;1;B01
201500025691;0;7;0;0;2;5;4;A01
201500025692;0;7;0;0;2;3;1;B01
201500025692;0;7;0;0;2;3;5;A01
201500025693;0;33;0;0;0;6;1;A01
201500025694;0;1;0;9;0;8;1;A01
201500025695;0;10;0;0;2;3;9;A01
201500025695;0;1;0;0;2;1;1;B01
201500025696;0;10;0;1;0;1;15;A01
201500025697;0;7;0;0;1;3;1;A01
201500025698;0;7;0;8;0;1;1;A01
201500025698;0;15;0;0;2;2;0;B01
201500025699;0;7;0;0;0;4;23;B01
201500025699;0;2;0;0;2;1;2;A01
201500025700;0;30;0;0;0;0;0;B01
201500025700;0;7;0;0;0;0;0;A01
201500025701;0;7;0;0;2;4;23;B01
201500025701;0;31;0;0;2;1;2;A01
201500025702;0;7;0;0;2;1;2;A01
201500025702;0;7;0;0;2;4;2;C01
201500025702;0;7;0;0;2;4;2;B01
201500025703;0;7;0;0;2;3;15;A01
201500025703;0;7;0;0;2;2;13;B01
201500025704;1;7;0;0;0;0;0;A01
201500025704;0;1;0;0;0;0;0;B01
201500025705;0;30;0;0;0;0;0;B01
201500025705;0;7;0;0;2;0;0;A01
201500025706;0;2;0;0;0;0;1;A01
201500025707;0;2;0;0;0;0;1;A01
201500025708;0;7;0;0;2;6;1;B01
201500025708;0;33;0;0;2;2;1;A01
201500025708;0;7;0;0;2;2;0;C01
201500025709;0;30;0;0;0;2;0;A01
201500025710;0;7;0;0;2;1;13;A01
201500025710;0;30;0;0;2;1;1;B01
201500025711;0;7;0;0;1;2;1;A01
201500025712;0;7;0;6;0;9;14;A01
201500025713;0;7;0;1;0;2;1;A01
201500025714;0;2;0;0;2;8;15;A01
201500025714;0;7;0;0;2;1;1;B01
201500025715;0;7;0;0;2;3;1;B01
201500025715;0;7;0;0;2;1;1;A01
201500025716;0;1;0;0;1;0;0;A01
201500025717;0;7;0;0;2;1;1;A01
201500025717;0;1;0;0;2;7;1;B01
201500025718;0;1;0;0;0;0;1;A01
201500025719;0;1;0;0;2;1;1;B01
201500025719;0;7;0;0;2;3;0;A01
201500025720;0;30;0;0;0;0;0;A01
201500025721;0;32;0;0;0;8;1;A01
201500025722;0;7;0;0;2;1;1;B01
201500025722;0;7;0;0;2;1;2;A01
201500025722;0;7;0;0;2;4;2;C01
201500025723;0;7;0;0;1;3;1;A01
201500025724;0;7;0;0;2;3;1;A01
201500025724;0;7;0;0;2;3;1;B01
201500025725;0;33;0;0;0;0;1;A01
201500025726;0;32;0;0;2;6;1;B01
201500025726;0;7;0;0;2;3;15;A01
201500025727;0;7;0;0;2;1;16;A01
201500025727;0;7;0;0;2;8;1;B01
201500025728;0;1;0;0;1;1;1;A01
201500025729;0;1;0;0;2;1;2;B01
201500025729;0;7;0;0;2;3;2;A01
201500025730;0;1;0;0;1;0;0;A01
201500025731;0;30;0;0;0;0;0;A01
201500025732;0;7;0;0;2;2;1;A01
201500025732;0;7;0;0;2;3;1;B01
201500025733;0;33;0;0;0;3;1;A01
201500025734;0;30;0;0;0;0;1;A01
201500025735;0;30;0;0;0;0;15;A01
201500025736;0;30;0;0;0;7;1;A01
201500025737;0;7;0;0;2;3;2;A01
201500025737;0;7;0;0;2;2;2;B01
201500025738;0;7;0;0;1;3;2;A01
201500025739;0;7;0;0;2;0;0;B01
201500025739;0;1;0;0;2;0;14;A01
201500025740;0;1;0;0;1;0;1;A01
201500025741;0;7;0;0;2;2;1;B01
201500025741;0;7;0;0;2;1;9;A01
201500025742;0;2;0;11;0;1;1;A01
201500025743;0;7;0;11;0;3;1;A01
201500025744;0;7;0;4;0;1;1;A01
201500025745;0;7;0;0;2;1;1;A01
201500025745;0;7;0;0;2;4;23;B01
201500025746;0;7;0;0;1;1;15;A01
201500025747;0;7;0;0;1;0;2;A01
201500025748;0;2;0;0;0;0;1;A01
201500025749;0;7;0;0;2;4;1;B01
201500025749;0;7;0;0;2;1;1;A01
201500025750;0;7;0;0;2;8;0;A01
201500025750;0;1;0;0;0;1;1;B01
201500025751;0;34;0;0;0;0;1;A01
201500025752;0;7;0;0;1;1;19;A01
201500025753;0;7;0;6;0;1;15;A01
201500025754;0;3;0;0;0;0;0;A01
201500025755;0;30;0;0;0;0;1;A01
201500025756;0;1;0;0;0;1;1;A01
201500025757;0;7;0;0;2;2;15;B01
201500025757;0;7;0;0;2;2;1;A01
201500025758;0;7;0;0;2;1;15;A01
201500025758;0;1;0;0;2;1;1;B01
201500025759;0;7;0;1;2;7;0;B01
201500025759;0;7;0;1;0;9;14;A01
201500025760;0;7;0;0;1;3;16;A01
201500025761;0;7;0;0;2;2;1;B01
201500025761;0;1;0;0;2;1;5;A01
201500025762;0;15;0;0;2;1;2;B01
201500025762;0;7;0;0;0;4;2;A01
201500025763;0;7;0;0;2;8;9;B01
201500025763;0;2;0;0;2;1;15;A01
201500025764;0;7;0;15;0;9;1;A01
201500025765;0;34;0;0;1;2;1;A01
201500025766;0;30;0;15;2;3;1;A01
201500025766;0;7;0;0;2;3;15;B01
201500025767;0;7;0;0;1;1;15;A01
201500025768;1;7;0;0;1;1;0;A01
201500025768;0;7;0;0;2;2;1;B01
201500025769;0;7;0;0;2;4;1;B01
201500025769;0;7;0;0;2;1;1;A01
201500025769;0;7;0;0;0;4;1;C01
201500025770;0;30;0;12;0;2;2;A01
201500025771;0;7;0;0;1;2;1;A01
201500025772;0;7;0;0;1;3;0;A01
201500025773;0;7;0;0;1;0;0;A01
201500025774;0;1;0;1;0;1;2;B01
201500025774;0;7;0;0;2;8;0;A01
201500025775;0;2;0;0;2;2;17;B01
201500025775;0;7;0;0;0;1;15;A01
201500025776;0;7;0;4;0;1;1;A01
201500025777;0;30;0;0;2;1;1;B01
201500025777;0;7;0;0;0;4;15;A01
201500025778;0;30;0;0;2;8;1;A01
201500025779;0;1;0;0;1;1;1;A01
201500025780;0;7;0;0;2;2;1;B01
201500025780;0;31;0;0;2;1;1;A01
201500025781;0;2;0;0;0;0;20;A01
201500025782;0;7;0;0;2;2;15;A01
201500025782;0;33;0;0;2;1;1;B01
201500025783;0;7;0;0;2;1;1;A01
201500025783;0;7;0;0;2;4;1;B01
201500025784;0;7;0;0;1;3;15;A01
201500025785;0;7;0;0;2;0;0;B01
201500025785;0;7;0;0;2;2;0;A01
201500025786;0;2;0;12;0;1;1;A01
201500025787;0;2;0;0;2;7;1;B01
201500025787;0;7;0;0;2;3;20;A01
201500025788;0;7;0;0;2;4;1;B01
201500025788;0;7;0;0;2;1;1;A01
201500025789;0;7;0;1;0;1;14;A01
201500025790;0;30;0;0;1;1;1;A01
201500025791;0;33;0;0;2;1;2;A01
201500025791;0;7;0;0;2;4;1;B01
201500025792;0;7;0;0;2;2;1;B01
201500025792;0;1;0;0;2;1;19;A01
201500025793;0;7;0;7;0;1;1;A01
201500025794;0;30;0;16;0;1;2;A01
201500025795;0;33;0;0;2;1;1;B01
201500025795;0;7;0;0;2;7;1;A01
201500025796;0;1;0;0;0;1;1;A01
201500025797;0;31;0;0;0;8;1;A01
201500025798;0;7;0;0;1;2;1;A01
201500025799;0;1;0;0;2;8;13;B01
201500025799;0;7;0;0;2;2;17;A01
201500025800;0;1;0;0;1;1;1;A01
201500025801;0;1;0;0;2;1;1;B01
201500025801;0;7;0;0;2;3;20;A01
201500025802;0;7;0;0;2;4;23;B01
201500025802;0;30;0;0;2;1;1;A01
201500025803;0;7;0;4;0;1;17;A01
201500025804;0;7;0;0;2;1;1;B01
201500025804;0;7;0;0;2;1;15;A01
201500025805;0;1;0;1;0;7;2;A01
201500025806;0;1;0;14;0;8;15;A01
201500025807;0;10;0;0;1;4;4;A01
201500025808;0;7;0;0;1;1;1;A01
201500025809;2;7;0;9;2;3;13;A01
201500025809;0;7;0;0;2;3;1;B01
201500025810;0;7;0;1;0;3;1;A01
201500025810;0;10;0;1;2;5;0;B01
201500025811;0;1;0;0;0;0;0;A01
201500025812;0;31;0;0;0;1;1;A01
201500025813;0;7;0;12;0;1;0;A01
201500025814;0;30;0;0;2;1;1;B01
201500025814;0;7;0;0;2;2;15;A01
201500025815;0;7;0;1;0;0;0;B01
201500025815;0;7;0;1;0;0;0;C01
201500025815;0;7;0;0;0;2;14;A01
201500025816;0;33;0;0;0;8;1;A01
201500025817;0;7;0;14;0;0;0;A01
201500025818;0;33;0;12;0;7;1;A01
201500025819;0;7;0;0;2;3;1;B01
201500025819;0;7;0;0;2;2;15;A01
201500025820;0;7;0;0;2;3;1;B01
201500025820;0;2;0;0;2;1;16;A01
201500025821;0;7;0;4;0;2;1;A01
201500025822;0;7;0;11;0;1;1;A01
201500025823;0;1;0;0;1;1;0;A01
201500025824;0;1;0;0;0;0;0;A01
201500025825;0;30;0;0;0;0;0;B01
201500025825;0;7;0;0;0;0;0;A01
201500025826;0;7;0;0;2;4;2;B01
201500025826;0;30;0;0;2;1;2;A01
201500025827;0;7;0;0;1;3;1;B01
201500025827;0;7;0;0;1;3;1;A01
201500025828;0;14;0;0;1;2;16;A01
201500025829;0;7;0;0;2;3;0;A01
201500025829;0;33;0;0;2;2;2;B01
201500025830;0;1;0;0;2;1;15;B01
201500025830;0;7;0;0;2;1;1;A01
201500025831;0;2;0;0;2;1;0;A01
201500025831;0;2;0;0;2;1;0;B01
201500025832;0;7;0;6;2;3;1;B01
201500025832;0;10;0;0;2;3;5;A01
201500025833;0;17;0;0;2;2;2;A01
201500025833;0;7;0;0;2;6;2;B01
201500025834;0;7;0;0;1;4;4;A01
201500025835;0;7;0;0;1;8;0;A01
201500025836;0;2;0;0;2;1;7;A01
201500025836;0;7;0;0;2;5;16;B01
201500025837;0;7;0;0;0;0;0;A01
201500025837;0;33;0;0;0;0;0;B01
201500025838;0;7;0;0;0;5;19;A01
201500025838;0;33;0;0;0;1;1;B01
201500025839;0;10;0;0;1;1;1;A01
201500025840;0;7;0;0;1;2;1;A01
201500025841;0;7;0;6;0;2;15;A01
201500025842;0;7;0;0;2;8;1;A01
201500025842;0;7;0;0;2;3;15;B01
201500025843;0;2;0;0;2;1;1;A01
201500025843;0;7;0;0;2;4;1;B01
201500025844;0;7;0;0;1;3;15;A01
201500025845;0;7;0;1;2;3;1;A01
201500025845;0;7;0;0;2;6;1;B01
201500025845;0;7;0;0;2;8;24;C01
201500025846;0;7;0;0;0;0;0;A01
201500025846;0;1;0;0;0;0;0;B01
201500025847;0;7;0;0;2;3;1;A01
201500025847;0;7;0;0;2;3;0;B01
201500025848;1;7;0;0;1;4;4;A01
201500025849;0;30;0;8;0;3;0;A01
201500025850;0;7;0;1;1;3;5;A02
201500025851;0;7;0;0;2;3;19;A01
201500025851;0;7;0;1;1;3;19;B01
201500025852;0;7;0;0;1;3;1;A01
201500025853;0;7;0;0;1;2;1;A01
201500025854;0;2;0;0;0;0;0;A01
201500025854;0;38;1;0;0;0;0;B01
201500025855;0;7;0;0;1;7;1;A01
201500025856;0;7;0;0;2;7;1;B01
201500025856;0;33;0;0;2;1;1;A01
201500025857;0;7;0;0;2;1;2;A01
201500025857;0;14;0;0;0;4;2;B01
201500025858;0;7;0;0;1;2;1;A01
201500025859;0;7;0;0;2;3;10;A01
201500025859;0;32;0;0;2;1;1;B01
201500025860;0;7;0;0;2;3;9;A01
201500025860;0;37;0;0;2;2;1;B01
201500025861;0;7;0;0;1;1;1;A01
201500025862;0;7;0;0;9;7;22;A01
201500025862;0;1;0;0;2;1;1;B01
201500025863;0;7;0;0;1;1;15;A01
201500025864;0;33;0;0;2;1;17;A01
201500025864;0;7;0;0;2;8;0;B01
201500025865;0;10;0;0;1;3;1;A01
201500025866;0;7;0;0;1;1;1;A01
201500025867;0;7;0;0;2;1;1;A01
201500025867;0;7;0;1;0;3;1;B01
201500025868;0;7;0;0;2;1;1;A01
201500025868;1;2;0;0;0;0;0;B01
201500025869;0;7;0;0;1;2;16;A01
201500025870;0;7;0;0;2;3;1;A01
201500025870;0;2;0;0;2;1;1;B01
201500025871;0;7;0;0;2;1;2;A01
201500025871;0;7;0;0;2;4;23;B01
201500025872;0;7;0;0;9;2;1;B01
201500025872;0;1;0;0;2;2;19;A01
201500025873;0;1;0;0;1;1;1;A01
201500025874;1;7;0;0;1;0;1;C01
201500025874;0;1;0;0;2;1;21;B01
201500025874;0;7;0;0;2;8;22;A01
201500025875;0;7;0;0;1;2;1;A01
201500025876;0;7;0;0;2;3;1;B01
201500025876;0;30;0;0;2;1;1;Z01
201500025877;0;7;0;0;1;3;1;A01
201500025878;0;7;0;0;2;2;1;B01
201500025878;1;30;0;0;2;0;0;Z01
201500025879;0;7;0;14;0;1;11;A01
201500025880;0;7;0;0;1;3;1;A01
201500025880;0;7;0;0;1;8;1;B01
201500025881;0;7;0;0;2;1;16;A01
201500025881;0;1;0;0;2;7;1;B01
201500025882;0;7;0;0;1;4;4;A01
201500025883;0;10;0;0;2;0;1;A01
201500025883;0;1;0;0;2;0;1;B01
201500025884;0;7;0;0;1;1;15;A01
201500025885;1;1;0;0;1;0;1;A01
201500025886;0;7;0;0;2;8;0;A01
201500025886;0;7;0;0;2;3;1;B01
201500025887;1;7;0;0;2;1;1;A01
201500025887;0;1;0;0;2;7;19;B01
201500025888;0;7;0;0;2;3;15;A01
201500025888;0;33;0;0;2;1;1;B01
201500025889;0;40;0;0;1;7;1;A01
201500025890;0;7;0;0;0;0;0;A01
201500025890;0;1;0;0;0;0;0;B01
201500025891;0;7;0;0;2;5;15;A01
201500025891;0;2;0;0;2;1;1;B01
201500025892;0;1;0;0;2;2;1;B01
201500025892;1;7;0;0;2;1;19;Z01
201500025893;0;7;0;0;9;1;1;A01
201500025893;0;1;0;0;2;7;19;B01
201500025894;0;7;0;0;1;1;1;A01
201500025895;0;7;0;0;2;2;15;A01
201500025895;0;33;0;0;2;1;1;B01
201500025896;0;1;0;0;2;0;19;A01
201500025896;0;7;0;0;2;1;16;B01
201500025897;0;32;0;0;1;2;1;A01
201500025898;0;7;0;0;2;2;1;B01
201500025898;0;7;0;0;2;3;0;A01
201500025899;0;38;1;0;1;2;1;A01
201500025900;0;7;0;0;1;1;1;A01
201500025901;0;7;0;1;1;1;0;A01
201500025902;0;1;0;0;1;1;21;A01
201500025903;0;10;0;0;1;1;15;A01
201500025904;0;7;0;0;2;1;1;A01
201500025904;0;32;0;0;2;1;1;B01
201500025905;0;30;0;0;2;1;19;A01
201500025905;1;7;0;0;2;3;0;B01
201500025906;0;1;0;0;1;2;1;A01
201500025907;0;7;0;0;2;8;4;B01
201500025907;0;33;0;0;2;1;0;A01
201500025908;0;7;0;0;1;1;0;A01
201500025909;0;33;0;0;2;1;1;B01
201500025909;0;7;0;0;2;5;15;A01
201500025910;0;7;0;0;2;6;1;B01
201500025910;0;7;0;0;2;2;12;A01
201500025911;0;7;0;0;2;1;1;A01
201500025911;0;7;0;0;2;7;1;B01
201500025912;0;40;0;0;1;1;1;A01
201500025913;0;7;0;0;2;0;0;A01
201500025913;0;7;0;0;2;3;1;B01
201500025914;0;33;0;0;0;0;0;A01
201500025915;0;40;0;0;1;7;1;A01
201500025916;0;32;0;0;2;1;18;A01
201500025917;0;7;0;0;1;0;0;A01
201500025918;0;7;0;0;2;1;1;A01
201500025918;0;7;0;0;2;1;13;B01
201500025919;0;1;0;15;0;1;16;A01
201500025920;0;32;0;0;2;8;3;A01
201500025920;0;37;0;0;0;0;0;B01
201500025921;0;33;0;0;2;1;1;B01
201500025921;0;7;0;0;2;7;15;A01
201500025922;0;7;0;0;2;2;1;B01
201500025922;0;7;0;1;2;8;1;A01
201500025923;0;7;0;0;2;2;15;A01
201500025923;0;32;0;0;2;1;1;B01
201500025924;0;7;0;0;2;1;2;A01
201500025924;0;7;0;0;2;4;2;B01