num_acc;senc;catv;occutc;obs;obsm;choc;manv;num_veh
201500025924;0;7;0;0;2;4;2;C01
201500025925;0;7;0;0;1;1;1;A01
201500025925;0;7;0;0;2;2;15;B01
201500025926;0;7;0;8;0;2;1;A01
201500025927;0;7;0;0;2;8;9;A01
201500025927;0;33;0;0;2;1;1;B01
201500025928;0;7;0;0;0;0;0;B01
201500025928;0;30;0;0;2;6;1;A01
201500025929;0;10;0;0;1;4;4;A01
201500025930;0;1;0;0;2;0;0;B01
201500025930;0;7;0;0;2;0;0;A01
201500025931;0;7;0;0;2;8;1;B01
201500025931;0;7;0;3;2;8;1;A01
201500025932;0;10;0;0;2;2;15;A01
201500025932;0;1;0;0;2;1;1;B01
201500025933;0;7;0;0;2;2;21;A01
201500025933;0;7;0;0;2;6;23;B01
201500025934;0;7;0;0;2;1;1;A01
201500025934;0;7;0;0;2;8;1;B01
201500025935;0;33;0;0;2;7;1;B01
201500025935;0;7;0;0;2;3;9;A01
201500025936;0;34;0;0;2;0;1;B01
201500025936;0;7;0;0;2;8;10;A01
201500025937;0;7;0;0;1;2;1;A01
201500025938;1;7;0;0;0;0;0;Z01
201500025938;0;7;0;0;0;0;0;A01
201500025939;0;7;0;0;1;7;1;A01
201500025940;0;30;0;0;0;0;0;A01
201500025941;0;13;0;0;2;7;1;B01
201500025941;0;1;0;0;2;1;9;A01
201500025942;0;7;0;0;2;3;9;A01
201500025942;0;34;0;0;2;1;1;B01
201500025943;0;10;0;0;1;4;4;A01
201500025944;0;1;0;0;2;1;1;B01
201500025944;0;14;0;0;2;4;16;A01
201500025945;0;7;0;0;0;6;15;B01
201500025945;0;32;0;0;2;0;0;A01
201500025946;0;1;0;0;0;0;0;B01
201500025946;0;7;0;0;2;3;1;A01
201500025947;0;7;0;0;1;5;16;A01
201500025948;0;1;0;0;2;8;1;B01
201500025948;0;7;0;0;2;1;16;A01
201500025949;0;7;0;0;2;1;1;B01
201500025949;0;7;0;0;2;1;1;A01
201500025950;0;7;0;8;2;8;19;A01
201500025950;0;7;0;0;2;1;1;B01
201500025951;0;7;0;0;1;0;0;A01
201500025952;0;14;0;0;1;3;9;A01
201500025953;0;32;0;0;1;1;21;A01
201500025954;0;7;0;0;2;1;15;B01
201500025954;0;7;0;0;2;1;1;A01
201500025955;0;10;0;0;1;3;1;A01
201500025956;1;7;0;0;2;4;4;Z01
201500025956;0;7;0;1;2;6;1;A01
201500025957;0;33;0;3;2;8;0;B01
201500025957;0;7;0;0;2;7;12;A01
201500025958;0;7;0;0;1;1;0;A01
201500025959;0;7;0;0;1;0;0;A01
201500025960;0;7;0;1;0;2;1;A01
201500025961;0;7;0;0;1;2;0;A01
201500025962;0;7;0;0;2;3;1;B01
201500025962;0;7;0;0;2;2;15;A01
201500025963;0;7;0;0;1;0;0;A01
201500025964;0;7;0;0;2;2;1;A01
201500025964;0;32;0;0;2;1;1;B01
201500025965;0;7;0;0;2;1;1;A01
201500025965;1;7;0;0;0;1;1;Z01
201500025966;0;7;0;3;0;1;1;D01
201500025966;0;7;0;3;0;1;1;A01
201500025966;0;7;0;0;0;0;0;B01
201500025966;0;7;0;3;0;2;1;C01
201500025967;0;7;0;0;2;1;2;A01
201500025967;0;7;0;0;2;5;1;B01
201500025968;0;1;0;0;1;1;1;A01
201500025969;0;1;0;0;2;6;19;B01
201500025969;0;7;0;0;2;1;0;A01
201500025970;1;7;0;0;1;2;1;Z01
201500025971;0;7;0;0;0;4;1;C01
201500025971;0;7;0;0;0;3;1;B01
201500025971;0;31;0;0;2;2;3;A01
201500025972;0;31;0;0;2;1;1;A01
201500025972;0;7;0;0;2;7;1;B01
201500025973;0;7;0;0;2;1;13;A01
201500025973;0;10;0;0;2;1;1;B01
201500025974;0;7;0;2;0;8;1;A01
201500025975;0;2;0;0;2;1;17;A01
201500025975;0;7;0;0;0;6;15;B01
201500025976;0;7;0;0;1;0;0;A01
201500025977;0;33;0;2;0;9;17;A01
201500025978;0;33;0;3;0;2;1;A01
201500025979;0;33;0;0;2;8;15;A01
201500025979;0;7;0;0;0;0;0;B01
201500025980;0;1;0;14;0;8;19;B01
201500025980;0;7;0;15;2;2;1;A01
201500025981;0;7;0;0;2;4;2;A01
201500025981;0;7;0;0;2;4;23;B01
201500025981;0;7;0;0;2;4;23;C01
201500025982;1;7;0;0;1;8;1;A01
201500025983;0;7;0;0;1;2;14;A01
201500025984;0;7;0;0;1;3;1;A01
201500025985;0;10;0;0;0;1;1;C01
201500025985;0;7;0;0;2;3;13;A01
201500025985;0;7;0;0;2;3;21;B01
201500025986;0;7;0;0;1;2;1;A01
201500025987;0;10;0;0;1;4;4;A01
201500025988;0;33;0;0;0;0;0;A01
201500025989;0;7;0;0;1;4;4;A01
201500025990;0;7;0;0;2;2;9;A01
201500025990;0;7;0;0;2;6;2;B01
201500025991;0;7;0;0;2;1;1;A01
201500025991;0;7;0;16;0;1;0;B01
201500025992;0;7;0;0;2;3;21;A01
201500025992;0;7;0;0;0;0;0;B01
201500025992;1;99;0;0;2;6;9;C01
201500025993;0;7;0;0;9;8;22;A01
201500025993;0;1;0;1;0;7;17;B01
201500025994;0;7;0;0;2;3;1;B01
201500025994;0;7;0;3;2;5;1;A01
201500025995;0;34;0;0;2;7;1;B01
201500025995;0;7;0;0;2;8;16;A01
201500025996;0;7;0;0;2;6;10;A01
201500025996;0;7;0;0;2;1;1;B01
201500025997;0;7;0;0;2;1;9;A01
201500025997;0;30;0;0;2;1;1;B01
201500025998;0;7;0;0;1;0;0;A01
201500025999;0;33;0;0;2;7;1;B01
201500025999;0;7;0;0;2;1;19;A01
201500026000;0;7;0;0;2;4;23;B01
201500026000;0;30;0;0;2;1;2;A01
201500026001;0;7;0;0;2;1;16;A01
201500026001;0;7;0;1;2;8;1;B01
201500026002;0;7;0;0;2;3;15;A01
201500026002;0;7;0;0;2;3;16;B01
201500026003;0;7;0;1;1;4;4;A01
201500026004;0;7;0;0;1;1;1;A01
201500026005;0;37;0;0;1;0;0;A01
201500026006;0;7;0;0;1;3;1;A01
201500026007;0;7;0;12;0;2;14;A01
201500026008;0;7;0;0;1;2;16;A01
201500026009;0;7;0;0;2;2;1;B01
201500026009;0;7;0;0;2;5;15;A01
201500026010;0;7;0;0;1;4;23;A01
201500026011;0;7;0;15;0;9;14;A01
201500026012;0;30;0;14;2;1;2;A01
201500026012;0;7;0;0;2;6;2;B01
201500026013;0;7;0;0;2;3;16;A01
201500026013;0;30;0;0;2;5;14;B01
201500026014;0;7;0;0;2;8;13;A01
201500026014;0;14;0;0;2;1;1;B01
201500026015;0;7;0;0;2;3;9;A01
201500026015;0;1;0;0;2;1;15;B01
201500026016;0;7;0;0;2;1;2;A01
201500026016;0;7;0;0;2;4;2;B01
201500026017;0;7;0;0;0;0;2;A01
201500026018;0;7;0;0;2;4;0;B01
201500026018;0;7;0;0;2;1;2;A01
201500026019;0;7;0;0;1;2;1;A01
201500026020;1;7;0;0;1;2;16;Z01
201500026021;0;1;0;0;2;7;0;B01
201500026021;0;7;0;0;9;6;19;A01
201500026022;0;7;0;0;1;1;19;A01
201500026023;0;7;0;0;1;1;17;A01
201500026024;0;10;0;0;1;1;0;A01
201500026025;0;7;0;0;2;1;17;A01
201500026025;0;17;0;0;2;3;1;B01
201500026026;0;7;0;0;1;5;4;A01
201500026027;0;1;0;0;1;7;1;A01
201500026028;0;7;0;0;1;2;1;A01
201500026029;0;7;0;0;1;3;1;A01
201500026030;0;7;0;0;1;3;15;A01
201500026031;0;7;0;0;1;1;15;A01
201500026032;0;7;0;0;2;1;1;B01
201500026032;0;7;0;0;2;8;15;A01
201500026033;0;7;0;0;1;3;1;A01
201500026034;0;7;0;0;2;1;1;A01
201500026034;0;7;0;0;2;2;1;B01
201500026035;0;33;0;0;2;1;1;A01
201500026035;0;7;0;0;2;5;0;B01
201500026036;0;7;0;0;2;1;1;A01
201500026036;0;7;0;0;2;4;23;B01
201500026036;0;7;0;0;0;4;1;C01
201500026037;0;7;0;8;0;3;14;A01
201500026038;0;7;0;0;1;3;15;A01
201500026039;0;7;0;0;1;2;0;A01
201500026040;0;7;0;0;1;2;0;A01
201500026041;0;7;0;6;0;9;0;A01
201500026042;0;7;0;0;0;0;14;A01
201500026043;0;7;0;16;0;0;1;A01
201500026044;0;30;0;0;2;1;1;A01
201500026044;0;7;0;0;2;2;15;B01
201500026045;0;7;0;0;2;7;15;A01
201500026045;0;33;0;0;2;1;1;B01
201500026046;0;7;0;0;2;1;2;A01
201500026046;0;7;0;0;0;4;23;B01
201500026047;0;2;0;0;2;1;17;A01
201500026047;0;7;0;0;0;3;15;B01
201500026048;0;2;0;0;2;1;9;A01
201500026048;0;7;0;0;2;2;1;B01
201500026049;0;10;0;0;2;1;15;A01
201500026049;0;1;0;0;2;8;19;B01
201500026050;0;7;0;0;1;3;1;A01
201500026051;0;2;0;8;0;1;1;A01
201500026052;0;33;0;0;2;1;1;A01
201500026052;0;7;0;0;0;6;13;B01
201500026053;0;7;0;0;2;7;15;A01
201500026053;0;36;0;0;2;1;1;B01
201500026054;0;7;0;0;1;1;1;A01
201500026055;0;7;0;0;1;6;4;A01
201500026056;0;7;0;0;1;1;9;A01
201500026057;0;7;0;0;2;1;1;A01
201500026057;0;14;0;0;2;6;15;B01
201500026058;0;31;0;0;2;1;17;A01
201500026058;0;7;0;0;2;6;1;B01
201500026059;0;7;0;0;1;0;0;A01
201500026060;0;7;0;0;1;1;1;A01
201500026061;0;2;0;0;2;1;0;A01
201500026061;0;7;0;0;2;4;16;B01
201500026062;0;7;0;0;2;1;2;A01
201500026062;0;10;0;0;2;4;2;B01
201500026063;0;1;0;0;0;0;2;A01
201500026063;0;37;4;0;0;0;17;B01
201500026064;0;7;0;0;2;2;16;A01
201500026064;0;2;0;0;2;1;1;B01
201500026065;0;7;0;0;2;8;10;A01
201500026065;0;7;0;0;2;3;1;B01
201500026066;0;7;0;0;2;3;15;A01
201500026066;0;30;0;0;2;1;16;B01
201500026067;0;7;0;0;2;4;9;A01
201500026067;0;1;0;0;2;4;1;B01
201500026068;0;7;0;0;2;8;0;A01
201500026068;0;1;0;1;0;1;0;B01
201500026069;0;7;0;0;2;3;22;A01
201500026069;0;1;0;1;0;1;0;B01
201500026070;0;7;0;0;2;3;13;A01
201500026070;0;7;0;0;2;3;1;B01
201500026070;0;7;0;0;2;3;1;C01
201500026071;0;33;0;0;2;1;1;B01
201500026071;0;7;0;0;2;8;0;A01
201500026072;0;7;0;0;2;2;5;A01
201500026072;0;7;0;0;2;2;0;B01
201500026073;0;7;0;0;1;1;16;A01
201500026074;0;7;0;0;2;1;15;A01
201500026074;0;7;0;0;2;2;1;B01
201500026075;0;7;0;0;2;2;16;A01
201500026075;0;1;0;0;2;1;1;B01
201500026076;0;37;2;0;2;3;1;B01
201500026076;0;7;0;0;2;3;16;A01
201500026077;0;7;0;0;2;1;2;A01
201500026077;0;7;0;0;2;4;2;B01
201500026078;1;14;0;0;0;0;0;A01
201500026078;0;33;0;12;0;1;21;B01
201500026079;0;7;0;0;0;0;0;A01
201500026079;0;1;0;0;0;0;0;B01
201500026080;0;7;0;0;1;1;1;A01
201500026081;0;7;0;0;2;1;13;A01
201500026081;0;7;0;0;2;1;1;B01
201500026082;0;7;0;0;2;5;6;A01
201500026082;0;7;0;0;2;1;1;B01
201500026082;0;7;0;0;2;3;1;C01
201500026083;0;7;0;0;0;0;0;A01
201500026084;0;7;0;0;2;1;6;A01
201500026084;0;7;0;0;2;1;15;B01
201500026085;0;37;0;0;2;3;0;B01
201500026085;0;7;0;0;2;7;16;A01
201500026086;0;7;0;0;2;1;2;B01
201500026086;0;7;0;0;2;1;2;D01
201500026086;0;10;0;0;2;4;2;A01
201500026086;0;7;0;0;2;1;2;C01
201500026087;0;7;0;0;2;1;2;A01
201500026087;0;7;0;0;0;4;2;B01
201500026088;0;7;0;0;2;1;2;A01
201500026088;0;7;0;0;2;4;1;B01
201500026089;0;7;0;0;0;9;1;A01
201500026090;0;30;0;0;2;4;1;B01
201500026090;0;7;0;0;2;1;2;A01
201500026091;0;7;0;0;1;3;1;A01
201500026092;0;7;0;15;0;1;1;A01
201500026093;0;7;0;0;2;1;17;A01
201500026093;0;7;0;0;2;1;1;B01
201500026094;0;2;0;0;2;1;5;A01
201500026094;0;7;0;0;2;1;1;B01
201500026095;0;7;0;0;2;1;2;A01
201500026095;0;7;0;0;2;4;2;B01
201500026096;0;7;0;0;1;0;0;A01
201500026097;0;7;0;0;2;6;23;B01
201500026097;0;33;0;0;2;1;17;A01
201500026098;0;33;0;0;2;1;1;B01
201500026098;0;99;0;0;2;3;15;A01
201500026099;0;7;0;0;2;4;2;B01
201500026099;0;1;0;0;2;1;2;A01
201500026100;0;7;0;0;2;5;2;B01
201500026100;0;7;0;0;2;4;23;C01
201500026100;0;7;0;0;2;3;2;A01
201500026101;1;7;0;0;2;0;0;A01
201500026101;0;33;0;0;2;1;16;B01
201500026102;0;7;0;0;2;6;9;A01
201500026102;0;33;0;0;2;1;1;B01
201500026103;0;7;0;0;1;0;0;A01
201500026104;0;7;0;0;2;4;23;B01
201500026104;0;7;0;0;2;1;2;A01
201500026105;0;2;0;0;0;0;0;A01
201500026106;0;7;0;0;2;3;15;A01
201500026106;0;1;0;0;2;1;1;B01
201500026107;0;7;0;0;1;0;0;A01
201500026108;0;7;0;6;2;2;15;A01
201500026108;0;33;0;0;2;1;1;B01
201500026109;0;7;0;0;1;1;0;A01
201500026110;0;7;0;0;2;0;0;A01
201500026110;0;33;0;0;2;0;0;B01
201500026111;0;1;0;0;2;2;1;A01
201500026111;0;7;0;0;2;1;1;B01
201500026112;0;7;0;0;1;0;0;A01
201500026113;0;7;0;0;2;1;2;A01
201500026113;0;7;0;0;2;4;2;B01
201500026114;0;10;0;13;0;0;21;A01
201500026115;0;1;0;14;0;0;1;A01
201500026116;0;7;0;0;2;1;15;A01
201500026116;0;7;0;0;2;3;1;B01
201500026117;0;7;0;0;1;2;2;A01
201500026118;0;7;0;0;0;0;0;A01
201500026118;0;7;0;0;0;0;0;B01
201500026119;0;30;0;0;0;0;0;A01
201500026119;0;10;0;0;0;0;0;B01
201500026120;0;7;0;0;0;0;0;A01
201500026120;0;30;0;0;0;0;0;B01
201500026121;0;7;0;0;0;0;0;A01
201500026121;0;1;0;0;0;0;0;B01
201500026122;0;7;0;0;2;2;15;A01
201500026122;0;32;0;0;2;1;1;B01
201500026123;0;37;1;0;1;0;7;A01
201500026124;0;7;0;0;1;0;0;A01
201500026125;0;7;0;0;1;1;0;A01
201500026126;0;10;0;0;0;0;0;A01
201500026126;0;7;0;0;0;0;0;B01
201500026127;0;7;0;0;2;1;15;A01
201500026127;0;7;0;0;2;1;1;B01
201500026128;0;7;0;0;0;0;0;A01
201500026128;0;15;0;0;0;0;0;B01
201500026129;0;7;0;6;0;2;14;A01
201500026130;1;7;0;0;0;1;17;A01
201500026130;0;7;0;0;2;8;0;B01
201500026131;0;7;0;0;0;0;0;A01
201500026131;0;7;0;0;0;0;0;B01
201500026132;0;7;0;0;0;0;0;A01
201500026132;0;7;0;0;0;0;0;B01
201500026133;0;7;0;0;0;9;0;A01
201500026134;0;7;0;0;2;4;0;A01
201500026134;0;7;0;0;2;1;0;B01
201500026135;0;7;0;0;0;0;0;A01
201500026135;0;7;0;0;0;0;0;B01
201500026135;0;7;0;0;0;0;0;C01
201500026135;0;7;0;0;0;0;0;D01
201500026135;0;7;0;0;0;0;0;E01
201500026136;0;7;0;0;2;1;2;A01
201500026136;0;7;0;0;2;4;2;B01
201500026136;0;7;0;0;2;4;2;C01
201500026137;0;2;0;0;0;0;0;A01
201500026138;0;33;0;0;0;0;0;A01
201500026138;0;7;0;0;0;0;0;B01
201500026139;0;7;0;0;2;1;0;B01
201500026139;0;7;0;0;2;8;0;A01
201500026140;0;7;0;0;0;0;0;A01
201500026140;0;7;0;0;0;0;0;B01
201500026140;0;7;0;0;0;0;0;C01
201500026141;0;7;0;0;0;0;0;A01
201500026141;0;7;0;0;0;0;0;B01
201500026142;0;7;0;0;0;0;0;A01
201500026142;0;7;0;0;0;0;0;B01
201500026143;0;7;0;0;1;0;0;A01
201500026144;0;7;0;0;2;1;13;A01
201500026144;0;7;0;0;2;1;1;B01
201500026144;0;7;0;0;2;7;21;C01
201500026145;0;7;0;0;1;3;15;A01
201500026146;0;7;0;0;2;0;0;A01
201500026146;0;7;0;0;2;0;0;B01
201500026147;0;2;0;0;2;8;1;A01
201500026147;0;7;0;0;2;1;9;B01
201500026148;0;2;0;0;2;1;2;A01
201500026148;0;7;0;0;2;6;23;B01
201500026149;0;17;0;0;2;5;4;A01
201500026149;0;33;0;0;2;1;1;B01
201500026150;0;7;0;0;1;0;0;A01
201500026151;0;7;0;0;0;0;0;A01
201500026151;0;7;0;0;0;0;0;B01
201500026152;0;1;0;0;2;1;1;B01
201500026152;0;7;0;0;2;3;15;A01
201500026153;0;7;0;13;0;1;1;A01
201500026154;0;7;0;0;0;0;0;A01
201500026154;0;7;0;0;0;0;0;B01
201500026155;0;7;0;3;0;0;0;A01
201500026156;0;7;0;0;2;3;2;A01
201500026156;0;10;0;0;2;5;0;B01
201500026157;0;14;0;0;2;1;2;A01
201500026157;0;7;0;0;2;4;23;B01
201500026158;0;7;0;0;1;1;1;A01
201500026159;0;7;0;13;0;9;1;A01
201500026160;0;7;0;0;1;2;2;A01
201500026161;0;7;0;0;2;3;9;A01
201500026161;0;30;0;0;2;1;2;B01
201500026162;0;7;0;0;1;5;16;A01
201500026163;0;33;0;0;2;1;1;A01
201500026163;0;7;0;0;2;4;1;B01
201500026164;0;7;0;0;1;1;15;A01
201500026165;0;7;0;0;2;2;19;A01
201500026165;0;30;0;0;2;1;1;B01
201500026166;0;30;0;0;2;1;13;A01
201500026166;0;10;0;0;2;2;1;B01
201500026167;0;33;0;12;0;9;1;A01
201500026168;1;7;0;0;2;0;13;A01
201500026168;0;2;0;0;2;7;0;B01
201500026169;0;14;0;13;0;1;1;A01
201500026170;0;33;0;0;2;1;17;A01
201500026170;0;7;0;0;2;3;0;B01
201500026171;1;7;0;0;2;1;2;A01
201500026171;0;30;0;0;2;4;20;B01
201500026172;0;33;0;0;0;1;1;A01
201500026173;0;33;0;12;0;1;0;A01
201500026174;0;7;0;0;2;8;15;A01
201500026174;0;2;0;0;2;1;1;B01
201500026175;0;7;0;0;1;4;4;A01
201500026176;0;7;0;0;2;2;17;A01
201500026176;0;30;0;0;2;8;1;B01
201500026177;0;7;0;7;0;1;13;A01
201500026177;0;7;0;0;2;1;23;C01
201500026177;0;7;0;0;2;1;23;B01
201500026178;0;7;0;0;2;3;13;A01
201500026178;0;7;0;0;2;3;15;B01
201500026179;0;7;0;0;0;0;0;A01
201500026180;1;7;0;0;2;1;13;A01
201500026180;0;30;0;0;2;1;0;B01
201500026181;0;7;0;0;2;5;23;B01
201500026181;0;2;0;0;2;1;17;A01
201500026182;0;1;0;0;2;1;0;B01
201500026182;0;7;0;0;2;8;0;A01
201500026183;0;7;0;0;1;3;0;A01
201500026184;0;7;0;0;1;7;0;A01
201500026185;1;1;0;0;0;0;0;A01
201500026185;0;7;0;0;2;6;15;B01
201500026186;0;7;0;0;2;8;15;A01
201500026186;0;33;0;0;2;1;17;B01
201500026187;0;1;0;0;2;1;13;A01
201500026187;0;7;0;0;2;8;0;B01
201500026188;0;7;0;0;2;4;2;B01
201500026188;0;7;0;0;2;1;2;A01
201500026189;0;7;0;0;2;1;0;B01
201500026189;0;7;0;0;2;7;0;A01
201500026190;0;33;0;13;0;0;0;A01
201500026191;0;7;0;0;1;1;0;A01
201500026192;1;7;0;0;2;0;0;B01
201500026192;1;99;0;0;2;0;0;A01
201500026192;0;7;0;0;2;0;0;C01
201500026193;0;31;0;0;2;1;17;A01
201500026193;0;7;0;0;2;8;15;B01
201500026194;0;7;0;0;2;2;15;A01
201500026194;0;7;0;0;2;1;0;B01
201500026194;0;7;0;0;2;1;0;C01
201500026195;0;7;0;0;1;1;1;A01
201500026196;0;1;0;0;2;1;0;B01
201500026196;0;10;0;0;2;2;15;A01
201500026197;0;7;0;0;1;1;0;A01
201500026198;0;37;0;0;2;3;0;B01
201500026198;0;7;0;0;2;7;9;A01
201500026199;0;33;0;0;2;1;17;A01
201500026199;0;37;0;0;2;8;15;B01
201500026200;0;7;0;0;1;1;0;A01
201500026201;0;7;0;0;1;1;0;A01
201500026202;0;33;0;12;0;1;0;A01
201500026203;0;7;0;0;2;1;0;B01
201500026203;0;10;0;0;2;7;0;A01
201500026204;0;7;0;0;2;1;0;A01
201500026204;0;30;0;0;2;1;0;B01
201500026205;0;7;0;0;2;8;0;B01
201500026205;0;7;0;0;2;8;13;A01
201500026206;0;7;0;0;2;7;13;A01
201500026206;0;7;0;0;2;7;0;B01
201500026207;0;7;0;7;0;1;0;A01
201500026208;0;7;0;0;2;3;13;A01
201500026208;0;7;0;0;2;8;0;B01
201500026209;0;7;0;0;1;1;0;A01
201500026210;0;1;0;0;2;7;0;B01
201500026210;0;7;0;0;2;1;0;A01
201500026211;0;7;0;0;1;0;0;A01
201500026212;0;7;0;0;1;2;0;A01
201500026213;0;99;0;0;2;1;0;A01
201500026213;0;7;0;0;2;7;15;B01
201500026214;0;7;0;0;1;1;15;A01
201500026215;0;10;0;0;1;4;4;A01
201500026216;0;7;0;0;2;3;1;B01
201500026216;0;7;0;0;2;1;2;A01
201500026217;0;7;0;0;2;4;23;C01
201500026217;0;7;0;0;2;6;23;B01
201500026217;0;7;0;0;2;1;2;A01
201500026218;0;7;0;0;1;1;21;A01
201500026219;0;7;0;0;2;7;0;B01
201500026219;0;7;0;0;2;1;9;A01
201500026220;0;7;0;0;1;1;1;A01
201500026221;0;7;0;0;1;1;0;A01
201500026222;0;7;0;0;1;3;1;A01
201500026223;0;7;0;0;1;1;1;A01
201500026224;0;2;0;0;2;8;1;A01
201500026224;0;7;0;0;2;3;15;B01
201500026225;0;7;0;0;2;3;5;B01
201500026225;0;7;0;0;2;3;1;A01
201500026226;0;1;0;0;1;0;1;A01
201500026227;0;7;0;0;2;3;5;B01
201500026227;0;7;0;0;2;3;1;A01
201500026228;0;1;0;0;2;0;1;B01
201500026228;0;7;0;0;2;3;15;A01
201500026229;0;7;0;0;2;5;23;B01
201500026229;0;7;0;0;2;1;2;A01
201500026230;0;7;0;0;2;1;2;A01
201500026230;0;7;0;0;2;4;1;B01
201500026231;0;7;0;6;0;1;23;A01
201500026232;0;7;0;0;1;0;20;A01
201500026233;0;3;0;0;2;4;2;B01
201500026233;0;7;0;0;2;1;2;A01
201500026234;0;7;0;0;2;3;1;B01
201500026234;0;10;0;0;2;3;1;A01
201500026235;0;7;0;0;2;1;1;B01
201500026235;0;7;0;0;2;6;15;A01
201500026236;0;7;0;0;1;3;1;A01
201500026237;0;7;0;2;0;1;1;A01
201500026238;0;7;0;0;2;3;1;A01
201500026238;0;2;0;0;2;5;15;B01
201500026239;0;7;0;0;1;3;1;A01
201500026240;0;2;0;0;2;1;1;A01
201500026240;0;7;0;0;2;3;1;B01
201500026241;0;7;0;0;1;1;1;A01
201500026242;0;7;0;0;1;0;1;A01
201500026243;0;30;0;0;2;1;9;A01
201500026243;0;7;0;0;2;2;1;B01
201500026244;0;31;0;0;2;1;1;B01
201500026244;0;2;0;0;2;3;9;A01
201500026245;0;7;0;0;2;1;1;A01
201500026245;0;7;0;0;2;4;2;B01
201500026246;0;7;0;0;2;1;1;B01
201500026246;0;7;0;0;2;2;1;C01
201500026246;0;7;0;0;2;1;13;A01
201500026247;0;7;0;0;2;1;1;A01
201500026247;0;7;0;0;2;4;2;B01
201500026248;0;7;0;0;2;1;1;B01
201500026248;0;7;0;0;2;7;15;A01
201500026249;0;1;0;0;2;2;1;B01
201500026249;0;10;0;0;2;3;9;A01
201500026250;0;2;0;0;2;1;1;B01
201500026250;0;7;0;0;2;8;20;A01
201500026251;0;33;0;8;0;1;1;A01
201500026252;0;7;0;6;0;1;1;A01
201500026253;0;7;0;0;2;2;1;A01
201500026253;0;7;0;0;2;3;2;B01
201500026254;0;7;0;0;2;1;1;A01
201500026254;0;7;0;0;2;6;1;B01
201500026255;0;2;0;0;2;7;1;A01
201500026255;0;7;0;0;2;3;16;B01
201500026256;0;7;0;0;2;3;1;A01
201500026256;0;7;0;0;2;3;5;B01
201500026257;1;10;0;0;1;0;20;A01
201500026258;0;20;0;0;0;0;1;A01
201500026259;0;7;0;0;2;3;20;A01
201500026259;0;7;0;0;2;5;1;B01
201500026260;0;7;0;1;0;1;1;A01
201500026261;0;7;0;0;1;1;1;A01
201500026262;0;7;0;0;1;1;1;A01
201500026263;0;7;0;0;1;1;1;A01
201500026264;0;7;0;0;2;6;10;B01
201500026264;0;33;0;0;2;7;1;A01
201500026265;0;2;0;0;2;1;1;A01
201500026265;0;7;0;0;2;3;1;B01
201500026266;0;7;0;0;2;1;1;A01
201500026266;0;7;0;0;2;4;2;B01
201500026267;0;2;0;0;2;1;1;B01
201500026267;0;7;0;0;2;7;1;A01
201500026268;0;7;0;0;2;3;9;A01
201500026268;0;1;0;0;2;4;1;B01
201500026269;0;33;0;11;0;4;1;A01
201500026270;0;7;0;0;1;7;1;A01
201500026271;0;7;0;0;2;2;9;B01
201500026271;0;1;0;0;2;1;1;A01
201500026272;0;7;0;0;2;4;2;B01
201500026272;0;7;0;0;2;1;1;A01
201500026273;0;2;0;0;2;1;1;B01
201500026273;0;7;0;0;2;8;1;A01
201500026274;0;7;0;0;2;3;10;A01
201500026274;0;2;0;0;2;7;1;B01
201500026275;0;7;0;0;2;3;1;B01
201500026275;0;7;0;0;2;1;13;A01
201500026276;0;7;0;0;2;5;20;A01
201500026276;0;2;0;0;2;7;1;B01
201500026277;0;7;0;0;2;1;1;A01
201500026277;0;1;0;0;2;1;15;B01
201500026278;0;7;0;0;2;5;15;A01
201500026278;0;33;0;0;2;9;1;B01
201500026279;0;2;0;0;2;9;5;A01
201500026279;0;15;0;0;2;3;1;B01
201500026280;0;33;0;0;2;7;1;B01
201500026280;0;7;0;0;2;1;15;A01
201500026281;0;2;0;16;0;8;1;A01
201500026282;0;2;0;16;0;0;1;A01
201500026283;0;7;0;7;0;9;1;A01
201500026284;0;7;0;16;0;1;1;A01
201500026285;0;7;0;0;2;1;1;A01
201500026285;0;7;0;0;2;1;1;B01
201500026286;0;1;0;0;2;5;2;B01
201500026286;0;7;0;0;2;1;2;A01
201500026287;0;1;0;0;2;1;1;B01
201500026287;0;7;0;0;2;3;15;A01
201500026288;0;7;0;0;1;4;4;A01
201500026289;0;7;0;0;1;1;15;A01
201500026290;0;2;0;0;2;7;2;B01
201500026290;0;7;0;0;2;7;17;A01
201500026291;0;1;0;0;2;1;1;B01
201500026291;0;7;0;0;2;8;15;A01
201500026292;0;7;0;0;1;1;1;A01
201500026293;0;7;0;0;2;4;2;B01
201500026293;0;7;0;0;2;1;15;A01
201500026293;0;7;0;0;2;1;2;C01
201500026294;0;33;0;0;2;7;17;A01
201500026294;0;7;0;0;2;8;15;B01
201500026295;0;7;0;0;1;1;15;A01
201500026296;0;7;0;2;0;2;1;A01
201500026297;0;7;0;0;2;3;9;A01
201500026297;0;2;0;0;2;1;1;B01
201500026298;0;99;0;0;2;9;18;A01
201500026298;0;7;0;0;2;2;16;B01
201500026299;0;7;0;0;2;1;2;A01
201500026299;0;7;0;0;2;4;2;B01
201500026299;0;7;0;0;2;4;2;C01
201500026300;0;1;0;0;2;1;1;A01
201500026300;0;7;0;0;2;2;1;B01
201500026301;0;2;0;0;2;2;1;B01
201500026301;1;1;0;0;2;0;1;Z01
201500026302;0;7;0;0;1;3;1;A01
201500026303;0;2;0;0;0;8;1;A01
201500026304;0;7;0;9;0;1;1;A01