num_acc;senc;catv;occutc;obs;obsm;choc;manv;num_veh
201500026305;0;7;0;0;2;5;1;B01
201500026305;0;1;0;0;2;1;1;A01
201500026306;0;1;0;0;0;1;1;A01
201500026307;0;7;0;0;2;3;1;B01
201500026307;0;1;0;0;2;0;1;A01
201500026308;0;1;0;0;2;1;1;B01
201500026308;0;10;0;0;2;0;22;A01
201500026309;0;7;0;0;2;1;2;B01
201500026309;0;7;0;0;2;4;2;C01
201500026309;0;7;0;0;2;1;1;A01
201500026310;0;7;0;0;2;3;1;B01
201500026310;0;33;0;0;2;1;15;A01
201500026311;0;7;0;0;2;1;1;B01
201500026311;0;7;0;0;2;1;13;A01
201500026312;0;33;0;0;2;2;1;B01
201500026312;0;7;0;0;2;3;10;A01
201500026313;0;7;0;0;1;2;1;A01
201500026314;0;2;0;0;2;3;1;B01
201500026314;0;7;0;0;2;3;5;A01
201500026315;0;7;0;0;2;3;1;B01
201500026315;0;1;0;0;2;1;5;A01
201500026316;0;7;0;0;2;1;13;A01
201500026316;0;14;0;0;2;3;1;B01
201500026317;0;33;0;0;2;1;1;A01
201500026317;0;1;0;0;2;7;19;B01
201500026318;0;7;0;0;1;3;15;A01
201500026319;0;10;0;0;2;7;15;A01
201500026319;0;1;0;0;2;1;1;B01
201500026320;0;7;0;0;1;1;1;A01
201500026321;0;7;0;0;2;4;2;C01
201500026321;0;7;0;0;2;1;2;A01
201500026321;0;7;0;0;2;4;2;B01
201500026322;0;7;0;16;0;0;1;A01
201500026323;1;7;0;0;1;0;0;Z01
201500026324;0;7;0;16;0;9;1;A01
201500026325;0;2;0;0;2;7;1;B01
201500026325;0;7;0;0;2;1;15;A01
201500026326;0;7;0;0;2;3;15;B01
201500026326;0;7;0;0;2;3;15;A01
201500026327;0;7;0;0;1;1;1;A01
201500026328;0;7;0;0;2;1;1;B01
201500026328;0;10;0;0;2;2;1;A01
201500026329;0;2;0;0;0;0;1;A01
201500026330;0;99;0;0;0;0;0;A01
201500026331;0;1;0;0;2;1;1;B01
201500026331;0;7;0;0;2;1;15;A01
201500026332;0;7;0;0;2;9;1;A01
201500026332;0;7;0;0;2;3;5;B01
201500026333;0;7;0;0;2;3;24;B01
201500026333;0;7;0;1;0;1;1;A01
201500026334;0;7;0;8;0;9;1;A01
201500026335;0;7;0;0;2;1;1;A01
201500026335;0;7;0;0;0;0;0;B01
201500026336;0;7;0;0;2;2;15;A01
201500026336;0;1;0;0;2;4;1;B01
201500026337;0;2;0;16;0;8;1;A01
201500026338;1;7;0;0;1;0;0;Z01
201500026339;0;10;0;15;0;7;1;A01
201500026340;0;10;0;0;1;1;1;A01
201500026341;0;7;0;0;1;1;1;A01
201500026342;0;7;0;0;2;1;1;B01
201500026342;0;7;0;0;2;8;0;A01
201500026343;0;33;0;0;2;3;17;A01
201500026343;0;7;0;0;2;6;15;B01
201500026344;0;1;0;0;2;1;1;A01
201500026344;0;2;0;0;2;3;15;B01
201500026345;0;7;0;0;2;2;16;A01
201500026345;0;1;0;0;2;3;16;B01
201500026346;0;2;0;0;2;7;15;A01
201500026346;0;7;0;0;2;1;1;B01
201500026347;0;7;0;0;1;2;1;A01
201500026348;0;7;0;0;2;1;1;A01
201500026348;0;2;0;0;2;7;1;B01
201500026349;0;2;0;0;2;8;1;B01
201500026349;0;7;0;0;2;3;9;A01
201500026350;0;7;0;0;2;1;1;A01
201500026350;0;7;0;0;2;3;1;B01
201500026351;0;7;0;0;2;4;2;B01
201500026351;0;7;0;0;2;1;1;A01
201500026352;0;33;0;16;0;8;1;A01
201500026353;0;37;1;0;2;6;7;B01
201500026353;0;10;0;1;0;1;1;A01
201500026354;0;7;0;0;2;4;2;B01
201500026354;0;7;0;0;2;2;1;A01
201500026355;0;7;0;0;1;2;1;A01
201500026356;0;7;0;0;2;1;2;B01
201500026356;0;7;0;0;2;1;2;A01
201500026356;0;7;0;0;2;4;2;D01
201500026356;0;7;0;0;2;1;2;C01
201500026357;0;2;0;0;0;9;1;A01
201500026358;0;7;0;0;1;0;1;A01
201500026359;0;7;0;0;2;4;2;C01
201500026359;0;7;0;0;2;4;2;B01
201500026359;0;7;0;0;2;1;1;A01
201500026360;0;7;0;0;1;3;1;A01
201500026361;0;7;0;0;1;0;1;A01
201500026362;0;7;0;16;0;1;1;A01
201500026363;0;7;0;0;1;1;1;A01
201500026364;0;2;0;0;2;1;1;A01
201500026364;0;7;0;0;2;1;1;B01
201500026365;0;7;0;16;0;3;1;A01
201500026366;0;10;0;0;2;4;4;A01
201500026366;0;1;0;0;2;4;23;B01
201500026367;0;7;0;0;2;6;1;B01
201500026367;0;10;0;0;2;3;1;A01
201500026368;0;10;0;0;1;0;1;A01
201500026369;0;7;0;0;2;6;23;B01
201500026369;0;3;0;0;2;2;1;A01
201500026370;0;7;0;0;1;1;1;A01
201500026371;0;7;0;0;2;1;1;B01
201500026371;0;10;0;0;2;1;19;A01
201500026372;0;7;0;0;2;8;9;A01
201500026372;0;33;0;0;2;0;1;B01
201500026373;0;7;0;0;2;5;2;C01
201500026373;0;7;0;0;2;2;1;A01
201500026373;0;7;0;0;2;6;2;B01
201500026374;0;7;0;0;2;3;1;B01
201500026374;0;7;0;0;2;1;1;A01
201500026375;0;1;0;12;0;0;0;A01
201500026376;0;7;0;1;0;7;1;A01
201500026376;0;7;0;0;2;6;24;B01
201500026377;0;7;0;0;2;3;15;A01
201500026377;0;31;0;0;2;1;1;B01
201500026378;0;7;0;6;0;2;1;A01
201500026379;0;7;0;0;1;3;0;A01
201500026380;0;7;0;0;2;1;1;B01
201500026380;0;7;0;0;2;2;23;C01
201500026380;0;7;0;0;2;1;13;A01
201500026381;0;7;0;0;2;7;1;A01
201500026381;0;7;0;0;2;8;1;B01
201500026382;0;1;0;0;1;1;1;A01
201500026383;0;7;0;0;1;0;1;A01
201500026384;0;7;0;0;1;1;15;A01
201500026385;0;7;0;0;1;2;1;A01
201500026386;0;7;0;0;2;4;1;B01
201500026386;0;7;0;0;2;1;2;A01
201500026387;0;7;0;2;0;9;1;A01
201500026388;0;7;0;0;1;0;1;A01
201500026389;0;7;0;0;2;0;15;A01
201500026389;0;34;0;0;2;0;1;B01
201500026390;0;7;0;0;1;1;1;A01
201500026391;0;7;0;0;2;3;13;A01
201500026391;0;7;0;0;2;3;1;B01
201500026392;1;10;0;0;0;0;0;Z01
201500026392;0;1;0;0;0;0;0;B01
201500026393;0;7;0;6;0;1;1;A01
201500026394;0;7;0;0;2;1;1;A01
201500026394;0;7;0;0;2;8;1;B01
201500026395;0;7;0;0;2;1;15;A01
201500026395;0;30;0;0;2;1;1;B01
201500026396;0;10;0;0;1;4;4;A01
201500026397;0;7;0;6;2;1;1;A01
201500026397;0;7;0;0;2;7;1;B01
201500026398;0;7;0;0;0;9;0;A01
201500026399;0;7;0;0;1;3;1;A01
201500026400;0;7;0;0;1;2;0;A01
201500026401;0;7;0;0;1;3;1;A01
201500026402;0;7;0;7;0;8;1;A01
201500026402;0;7;0;0;2;7;23;B01
201500026403;0;7;0;0;1;2;1;A01
201500026404;0;2;0;0;2;6;1;B01
201500026404;0;7;0;0;2;3;15;A01
201500026405;0;7;0;0;2;4;23;C01
201500026405;0;7;0;0;2;1;1;A01
201500026405;0;7;0;0;2;4;23;B01
201500026405;0;7;0;0;2;4;23;D01
201500026406;0;3;0;0;2;3;1;A01
201500026406;0;7;0;0;2;8;1;B01
201500026407;0;7;0;0;2;8;9;A01
201500026407;0;17;0;0;2;2;1;B01
201500026407;0;7;0;0;2;2;17;C01
201500026408;0;7;0;0;1;6;4;A01
201500026409;0;32;0;0;2;1;1;B01
201500026409;0;7;0;0;2;7;12;A01
201500026410;0;7;0;0;2;3;13;A01
201500026410;0;7;0;0;2;3;1;B01
201500026411;0;7;0;0;1;3;1;A01
201500026412;0;7;0;0;1;1;16;A01
201500026413;0;7;0;0;1;0;1;A01
201500026414;0;7;0;0;2;2;1;A01
201500026414;0;7;0;0;2;7;1;B01
201500026415;0;7;0;0;2;1;1;B01
201500026415;0;7;0;0;2;3;15;A01
201500026416;0;40;0;0;1;7;1;A01
201500026417;0;7;0;8;0;1;1;A01
201500026418;0;7;0;0;2;2;1;A01
201500026418;0;7;0;0;2;1;1;B01
201500026419;0;32;0;0;1;1;1;A01
201500026420;0;33;0;0;2;8;17;A01
201500026420;0;7;0;0;2;8;15;B01
201500026421;0;7;0;2;0;1;1;A01
201500026422;0;7;0;0;2;4;23;B01
201500026422;0;33;0;0;2;1;1;A01
201500026423;0;34;0;9;0;1;1;A01
201500026424;0;7;0;0;1;2;15;A01
201500026425;0;10;0;0;1;2;1;A01
201500026426;0;7;0;0;2;6;1;B01
201500026426;0;30;0;0;2;1;1;A01
201500026427;0;7;0;0;0;1;1;A01
201500026428;0;7;0;0;2;8;1;A01
201500026428;0;1;0;0;2;1;1;B01
201500026429;0;7;0;1;2;8;1;B01
201500026429;2;7;0;6;2;1;1;A01
201500026430;0;7;0;0;1;1;1;A01
201500026431;0;10;0;0;2;1;1;A01
201500026431;0;7;0;6;2;7;1;B01
201500026432;0;33;0;0;2;7;1;B01
201500026432;0;7;0;0;2;8;15;A01
201500026433;0;7;0;16;2;6;23;B01
201500026433;0;7;0;12;2;3;1;C01
201500026433;0;7;0;0;2;1;9;A01
201500026434;1;7;0;0;1;2;1;A01
201500026435;0;7;0;0;1;0;0;A01
201500026436;0;10;0;0;1;8;1;A01
201500026436;0;7;0;0;2;7;23;B01
201500026437;0;40;32;0;1;1;1;A01
201500026438;0;7;0;0;1;1;1;A01
201500026439;0;7;0;0;2;8;1;B01
201500026439;0;33;0;0;2;1;1;A01
201500026440;0;31;0;2;0;1;1;A01
201500026441;0;7;0;15;0;2;15;A01
201500026442;0;33;0;1;0;1;1;A01
201500026442;0;7;0;0;2;4;23;B01
201500026443;0;10;0;0;2;1;1;A01
201500026443;0;7;0;0;2;4;1;C01
201500026443;0;7;0;0;2;4;0;B01
201500026444;1;30;0;0;1;1;1;Z01
201500026445;0;7;0;0;1;2;1;A01
201500026446;0;1;0;0;2;8;0;B01
201500026446;0;7;0;0;2;2;17;A01
201500026447;0;7;0;0;2;1;2;A01
201500026447;0;7;0;0;2;4;2;B01
201500026448;0;7;0;6;0;1;1;A01
201500026449;0;7;0;0;1;1;1;A01
201500026450;0;7;0;0;2;9;1;B01
201500026450;0;7;0;0;2;1;1;A01
201500026451;0;30;0;0;2;8;1;B01
201500026451;1;1;0;0;2;0;0;Z01
201500026452;0;33;0;0;2;2;1;B01
201500026452;0;10;0;0;2;3;10;A01
201500026453;0;34;0;0;0;8;1;A01
201500026454;0;1;0;0;2;8;1;B01
201500026454;0;7;0;0;2;7;14;A01
201500026455;0;7;0;0;2;2;1;B01
201500026455;0;7;0;0;2;3;1;A01
201500026456;0;7;0;0;1;2;1;A01
201500026457;0;10;0;0;2;2;15;A01
201500026457;0;37;0;0;2;3;1;B01
201500026458;0;1;0;0;1;1;1;A01
201500026459;0;7;0;0;2;8;9;A01
201500026459;0;33;0;0;2;1;1;B01
201500026460;0;30;0;0;2;7;1;B01
201500026460;0;7;0;0;2;2;15;A01
201500026461;0;7;0;0;1;1;1;A01
201500026462;0;7;0;0;1;2;1;A01
201500026463;0;7;0;0;2;1;1;A01
201500026463;0;7;0;0;2;3;1;B01
201500026464;0;7;0;0;1;2;9;A01
201500026465;0;7;0;0;1;2;1;A01
201500026466;0;7;0;0;1;1;15;A01
201500026467;0;7;0;0;2;1;1;B01
201500026467;0;7;0;0;2;2;1;A01
201500026468;0;33;0;0;2;1;1;A01
201500026468;0;7;0;0;2;1;1;B01
201500026469;2;7;0;1;0;1;1;A01
201500026470;0;33;0;0;0;0;15;A01
201500026471;0;14;0;0;2;1;17;A01
201500026471;0;7;0;0;2;1;1;B01
201500026472;0;7;0;0;1;4;4;A01
201500026473;0;7;0;14;0;1;0;A01
201500026474;0;7;0;0;2;1;1;B01
201500026474;0;7;0;0;2;2;1;A01
201500026475;0;7;0;0;1;2;9;A01
201500026476;0;7;0;9;0;1;20;A01
201500026477;1;7;0;0;1;7;0;Z01
201500026478;0;7;0;0;2;1;1;A01
201500026478;0;7;0;0;2;8;1;B01
201500026479;0;7;0;0;1;4;4;A01
201500026480;0;7;0;1;0;9;4;A01
201500026481;0;30;0;0;1;1;18;A01
201500026482;0;7;0;0;2;5;1;B01
201500026482;0;30;0;0;2;1;1;A01
201500026483;0;33;0;0;2;1;1;B01
201500026483;0;7;0;8;2;2;15;A01
201500026484;0;7;0;0;1;2;1;A01
201500026485;0;7;0;12;0;1;1;A01
201500026486;0;1;0;0;1;1;5;A01
201500026487;0;7;0;0;1;1;15;A01
201500026488;0;7;0;0;1;7;1;A01
201500026489;0;7;0;0;2;2;1;A01
201500026489;0;7;0;0;2;3;1;B01
201500026490;0;7;0;0;2;4;1;B01
201500026490;1;7;0;0;0;0;0;Z01
201500026491;0;7;0;1;2;2;1;A01
201500026491;0;7;0;0;2;1;1;B01
201500026492;0;7;0;0;2;6;23;B01
201500026492;0;7;0;0;2;1;1;A01
201500026492;0;7;0;0;2;5;23;C01
201500026493;0;7;0;0;1;3;17;A01
201500026493;0;7;0;0;2;3;1;B01
201500026493;0;7;0;2;2;9;1;C01
201500026494;0;7;0;0;1;1;1;A01
201500026495;0;32;0;0;2;1;18;A01
201500026495;0;7;0;0;2;7;23;B01
201500026496;0;7;0;8;2;1;1;A01
201500026496;0;7;0;0;2;1;1;B01
201500026497;0;7;0;8;0;8;1;A01
201500026498;0;7;0;8;0;1;1;A01
201500026499;1;7;0;0;1;0;0;A01
201500026500;0;30;0;0;2;1;1;B01
201500026500;0;10;0;0;2;1;15;A01
201500026501;0;7;0;0;2;1;1;B01
201500026501;0;7;0;0;2;8;20;A01
201500026502;0;7;0;0;1;1;1;A01
201500026503;0;7;0;0;2;3;15;C01
201500026503;0;7;0;0;2;9;2;B01
201500026503;0;7;0;0;2;1;2;A01
201500026504;2;7;0;0;2;8;15;A01
201500026504;0;7;0;0;2;1;1;B01
201500026505;0;7;0;0;1;0;15;A01
201500026506;0;7;0;13;0;0;1;A01
201500026507;0;7;0;0;1;1;1;A01
201500026508;1;99;0;0;1;2;0;Z01
201500026509;0;7;0;0;2;3;1;B01
201500026509;0;7;0;0;2;3;1;A01
201500026510;0;7;0;0;1;3;1;A01
201500026511;0;7;0;0;2;1;12;A01
201500026511;0;7;0;0;2;7;1;B01
201500026512;0;7;0;0;1;3;1;A01
201500026513;0;7;0;6;0;9;1;A01
201500026514;0;7;0;0;1;1;1;A01
201500026515;0;7;0;0;2;7;9;A01
201500026515;0;7;0;0;2;1;9;B01
201500026516;0;7;0;0;1;1;15;A01
201500026517;0;7;0;0;2;1;1;A01
201500026517;0;7;0;0;2;5;1;B01
201500026518;0;37;1;0;2;3;1;B01
201500026518;0;7;0;0;2;3;13;A01
201500026519;0;7;0;0;2;1;1;B01
201500026519;0;7;0;0;2;3;1;C01
201500026519;0;7;0;0;2;2;15;A01
201500026520;0;7;0;0;2;0;1;D01
201500026520;0;7;0;0;2;3;1;E01
201500026520;0;7;0;0;2;8;1;C01
201500026520;0;7;0;0;2;1;5;A01
201500026520;0;7;0;0;2;6;1;B01
201500026521;0;7;0;0;2;7;1;A01
201500026521;0;7;0;0;2;1;1;B01
201500026522;0;7;0;0;2;2;1;B01
201500026522;0;7;0;0;2;8;20;A01
201500026523;0;10;0;14;0;1;14;A01
201500026524;0;17;0;0;2;1;16;A01
201500026524;0;7;0;0;2;1;1;B01
201500026525;0;7;0;1;0;3;1;A01
201500026526;0;7;0;0;1;2;1;A01
201500026527;0;40;0;0;1;1;1;A01
201500026528;0;7;0;0;2;9;2;B01
201500026528;0;7;0;0;2;1;2;A01
201500026528;0;7;0;0;2;4;2;C01
201500026529;0;7;0;0;2;2;1;B01
201500026529;0;7;0;0;2;3;15;A01
201500026530;0;7;0;8;2;2;1;B01
201500026530;0;7;0;0;2;3;9;A01
201500026531;1;99;0;0;1;0;0;Z01
201500026532;0;7;0;0;1;2;1;A01
201500026533;0;7;0;0;2;7;1;A01
201500026533;0;33;0;0;2;1;1;B01
201500026534;0;10;0;0;2;6;2;B01
201500026534;0;30;0;0;2;1;2;A01
201500026535;0;7;0;9;2;8;1;B01
201500026535;0;7;0;0;2;1;1;A01
201500026536;0;7;0;0;1;1;16;A01
201500026537;0;7;0;0;2;3;6;A01
201500026537;0;7;0;0;2;6;1;B01
201500026538;0;7;0;0;1;3;4;A01
201500026539;0;7;0;0;1;2;1;A01
201500026540;0;7;0;14;0;2;1;A01
201500026541;0;7;0;0;1;8;1;A01
201500026542;0;7;0;13;0;8;1;A01
201500026543;0;1;0;0;0;0;0;B01
201500026543;0;7;0;0;9;3;9;A01
201500026544;1;7;0;0;1;0;0;A01
201500026545;0;7;0;0;2;5;15;A01
201500026545;0;33;0;0;2;1;1;B01
201500026545;0;34;0;0;2;2;1;C01
201500026546;0;7;0;1;2;2;0;A01
201500026547;0;7;0;0;2;1;0;B01
201500026547;0;33;0;0;2;2;17;A01
201500026548;0;7;0;0;1;8;2;A01
201500026549;0;7;0;0;2;8;1;B01
201500026549;0;7;0;6;2;8;0;A01
201500026550;0;7;0;0;2;4;1;B01
201500026550;0;7;0;0;2;1;2;A01
201500026551;0;3;0;0;2;6;16;A01
201500026551;1;7;0;0;2;2;1;B01
201500026552;0;7;0;0;1;2;1;A01
201500026553;1;10;0;0;2;1;2;Z01
201500026553;0;7;0;0;1;6;1;A01
201500026554;0;7;0;0;2;8;1;A01
201500026554;0;10;0;0;2;1;1;B01
201500026555;0;7;0;8;0;1;0;A01
201500026556;0;10;0;0;2;2;15;A01
201500026556;0;30;0;0;2;1;1;B01
201500026557;0;7;0;0;1;2;1;A01
201500026558;0;7;0;0;1;2;1;A01
201500026559;0;7;0;0;1;3;1;A01
201500026560;0;1;0;0;2;1;1;B01
201500026560;0;7;0;0;9;2;15;A01
201500026561;0;7;0;1;2;2;1;B01
201500026561;0;7;0;0;2;3;10;A01
201500026561;0;10;0;0;2;2;1;C01
201500026562;0;7;0;0;2;3;15;A01
201500026562;0;7;0;0;2;8;2;B01
201500026563;0;7;0;0;2;5;2;B01
201500026563;1;2;0;0;2;1;2;Z01
201500026564;0;7;0;0;2;8;0;B01
201500026564;0;7;0;0;0;0;0;A01
201500026565;0;7;0;0;1;2;1;A01
201500026566;0;7;0;0;2;1;1;B01
201500026566;0;7;0;0;2;7;11;A01
201500026567;0;7;0;0;2;1;15;A01
201500026567;0;7;0;0;2;3;2;B01
201500026567;2;7;0;0;2;0;0;C01
201500026567;2;7;0;0;2;0;0;D01
201500026568;0;7;0;0;1;1;1;A01
201500026569;0;7;0;0;2;1;2;A01
201500026569;0;7;0;0;2;4;23;B01
201500026570;0;7;0;1;0;1;2;A01
201500026570;0;7;0;1;0;0;0;B01
201500026571;0;7;0;0;2;1;1;B01
201500026571;0;7;0;0;2;3;21;A01
201500026572;0;7;0;0;2;2;15;A01
201500026572;0;2;0;0;2;1;1;B01
201500026573;0;7;0;0;1;2;1;A01
201500026574;0;7;0;0;1;7;1;A01
201500026575;0;30;0;12;0;1;1;A01
201500026576;0;7;0;0;1;2;1;A01
201500026577;0;7;0;0;2;3;12;A01
201500026577;0;7;0;0;2;5;23;B01
201500026578;0;7;0;0;1;7;1;A01
201500026579;0;7;0;0;1;3;1;A01
201500026580;0;30;0;0;2;8;11;A01
201500026580;0;7;0;0;2;2;1;B01
201500026581;0;7;0;0;2;3;15;B01
201500026581;0;30;0;0;2;1;1;A01
201500026582;1;7;0;0;1;0;1;A01
201500026583;0;7;0;0;2;2;15;A01
201500026583;0;2;0;0;2;1;1;B01
201500026584;0;7;0;0;2;4;1;B01
201500026584;0;7;0;0;2;1;2;A01
201500026585;0;33;0;0;2;1;1;B01
201500026585;0;7;0;0;2;7;15;A01
201500026586;0;7;0;0;1;1;1;A01
201500026587;0;1;0;0;1;1;1;A01
201500026588;0;7;0;0;2;8;15;A01
201500026588;0;31;0;0;2;1;1;B01
201500026589;0;30;0;0;2;2;1;A01
201500026589;0;7;0;0;2;1;1;B01
201500026590;0;7;0;12;0;1;1;A01
201500026591;0;7;0;0;1;8;15;A01
201500026592;0;31;0;0;2;1;1;A01
201500026592;0;7;0;0;2;3;1;B01
201500026593;0;7;0;0;2;1;2;A01
201500026593;0;10;0;0;0;4;23;B01
201500026594;0;2;0;0;2;3;15;A01
201500026594;0;7;0;0;2;2;23;B01
201500026595;0;10;0;0;1;1;1;A01
201500026596;0;31;0;0;1;2;1;A01
201500026597;0;30;0;0;2;1;1;B01
201500026597;0;7;0;0;2;6;15;A01
201500026598;0;7;0;0;2;4;23;B01
201500026598;0;7;0;0;2;1;2;A01
201500026599;0;7;0;0;2;1;2;A01
201500026599;0;7;0;0;0;4;23;B01
201500026600;0;7;0;0;2;6;15;A01
201500026600;0;30;0;0;2;1;2;B01
201500026601;0;7;0;0;2;8;10;A01
201500026601;0;30;0;0;2;1;1;B01
201500026602;0;33;0;0;1;2;1;A01
201500026603;0;7;0;0;2;3;1;B01
201500026603;0;30;0;0;2;1;13;A01
201500026604;0;7;0;0;1;1;1;A01
201500026605;0;30;0;0;0;7;1;A01
201500026606;0;7;0;0;1;1;1;A01
201500026607;0;7;0;2;0;2;1;A01
201500026608;0;7;0;0;2;3;13;A01
201500026608;0;7;0;0;2;1;1;B01
201500026609;0;7;0;0;1;2;1;A01
201500026610;0;7;0;0;1;4;4;A01
201500026611;0;7;0;0;2;1;15;A01
201500026611;0;32;0;0;2;8;16;B01
201500026612;0;7;0;0;2;7;17;A01
201500026612;0;7;0;0;2;3;15;B01
201500026613;0;30;0;0;2;1;13;A01
201500026613;0;7;0;0;2;1;1;B01
201500026614;0;7;0;0;2;8;15;A01
201500026614;0;2;0;0;2;1;1;B01
201500026615;0;2;0;0;2;7;19;A01
201500026615;0;7;0;0;2;2;1;B01
201500026616;0;32;0;0;0;0;2;A01
201500026617;0;7;0;7;0;9;16;A01
201500026618;0;3;0;13;0;1;13;A01
201500026619;0;10;0;0;1;2;1;A01
201500026620;0;7;0;0;2;3;9;A01
201500026620;0;2;0;0;2;1;1;B01
201500026621;0;2;0;0;0;0;1;A01
201500026622;0;1;0;0;2;1;1;B01
201500026622;0;1;0;0;2;1;5;A01
201500026623;0;7;0;0;2;3;15;B01
201500026623;0;2;0;0;2;1;17;A01
201500026624;0;7;0;0;2;1;0;A01
201500026624;0;7;0;0;2;4;2;B01
201500026625;1;7;0;0;2;1;1;A01
201500026625;0;1;0;0;2;4;1;B01
201500026626;0;2;0;0;0;0;1;A01
201500026627;0;7;0;0;2;7;15;A01
201500026627;0;2;0;0;2;1;1;B01
201500026628;0;10;0;0;2;1;2;A01
201500026628;0;1;0;0;2;4;2;B01
201500026629;0;7;0;0;1;1;1;A01
201500026630;0;7;0;6;0;1;13;A01
201500026631;0;30;0;0;0;8;1;A01
201500026632;0;1;0;0;2;4;1;B01
201500026632;0;10;0;1;1;2;2;A01
201500026633;0;7;0;0;2;2;19;A01
201500026633;0;1;0;0;2;1;1;B01
201500026634;0;7;0;0;2;1;16;A01
201500026634;0;33;0;0;2;1;1;B01
201500026635;0;7;0;9;0;1;2;A01
201500026636;0;32;0;0;1;1;18;A01
201500026637;0;7;0;9;2;7;1;B01
201500026637;0;7;0;0;2;1;1;A01
201500026638;0;7;0;0;1;3;1;A01
201500026639;0;2;0;1;2;1;1;A01
201500026639;0;10;0;0;2;2;15;B01
201500026640;0;1;0;0;2;1;1;A01
201500026640;0;7;0;0;2;4;23;B01
201500026641;0;7;0;0;2;2;16;A01
201500026641;0;1;0;0;2;8;1;B01
201500026642;0;2;0;0;2;1;2;A01
201500026642;0;7;0;0;2;5;15;B01
201500026643;0;7;0;0;1;1;1;A01
201500026644;0;7;0;0;2;3;13;B01
201500026644;0;2;0;0;2;1;13;A01
201500026645;0;30;0;0;1;1;16;A01
201500026646;0;1;0;0;2;3;0;B01
201500026646;0;7;0;0;2;3;1;A01
201500026647;0;7;0;0;1;1;1;A01
201500026648;0;7;0;0;2;1;0;A01
201500026648;0;7;0;0;0;4;2;B01
201500026649;0;7;0;0;1;1;2;A01
201500026650;0;7;0;0;1;0;0;A01
201500026651;0;31;0;0;2;3;1;B01
201500026651;0;7;0;0;2;3;15;A01
201500026652;0;7;0;0;2;2;0;A01
201500026652;0;1;0;0;2;3;0;B01
201500026653;0;7;0;0;2;3;15;A01
201500026653;0;32;0;0;2;1;1;B01
201500026654;0;7;0;0;1;0;0;A01
201500026655;0;7;0;0;2;2;15;B01
201500026655;0;30;0;0;2;1;1;A01
201500026656;1;7;0;0;1;0;0;Z01
201500026657;0;7;0;0;2;1;1;B01
201500026657;0;7;0;0;0;6;10;A01
201500026658;0;7;0;0;1;2;0;A01
201500026659;0;7;0;0;1;1;1;A01
201500026660;0;7;0;0;2;0;0;A01
201500026660;0;1;0;0;0;7;0;B01
201500026661;0;7;0;0;2;7;1;A01
201500026661;0;33;0;0;2;1;1;B01
201500026662;0;7;0;0;2;3;9;A01
201500026662;0;30;0;0;2;1;1;B01
201500026663;0;30;0;0;0;0;0;A01
201500026664;0;7;0;0;1;1;1;A01
201500026665;0;37;1;0;1;2;0;A01
201500026666;0;7;0;15;0;1;0;A01
201500026667;0;7;0;0;0;4;0;A01
201500026667;0;7;0;0;0;1;0;B01
201500026668;0;7;0;0;2;7;1;A01
201500026668;1;7;0;0;0;0;0;Z01
201500026669;0;7;0;0;2;3;0;A01
201500026669;0;7;0;0;2;3;0;B01
201500026670;1;7;0;0;2;0;0;A01
201500026670;0;7;0;0;2;5;0;B01
201500026671;0;7;0;0;1;1;1;A01
201500026672;0;7;0;0;2;1;1;B01
201500026672;0;7;0;0;0;4;1;C01
201500026672;0;7;0;0;2;1;1;A01
201500026673;0;7;0;0;1;1;1;A01
201500026674;0;7;0;0;1;1;0;A01
201500026675;0;7;0;0;1;3;15;A01
201500026676;2;1;0;0;0;0;0;Z01
201500026676;0;7;0;0;2;4;1;B01
201500026677;0;1;0;0;1;0;0;A01
201500026678;0;33;0;1;0;1;1;A01
201500026679;0;10;0;0;0;6;9;A01
201500026679;0;31;0;0;2;3;0;B01
201500026680;0;7;0;0;1;1;1;A01
201500026681;0;7;0;0;2;1;1;B01
201500026681;0;7;0;0;2;1;0;A01
201500026682;1;1;0;0;1;0;0;Z01
201500026683;0;7;0;0;1;3;0;A01
201500026684;0;7;0;0;2;1;2;A01
201500026684;0;7;0;0;0;0;0;B01
201500026685;0;7;0;0;9;7;16;A01
201500026685;0;1;0;0;2;8;1;B01
201500026686;1;7;0;0;2;2;18;A01
201500026687;0;1;0;0;0;0;0;B01
201500026687;0;7;0;0;0;0;0;A01
201500026688;0;7;0;0;2;1;0;A01
201500026688;0;1;0;0;2;0;0;B01
201500026689;0;15;0;0;2;3;1;A01
201500026689;0;7;0;0;2;4;11;B01
201500026689;0;7;0;0;2;3;5;C01
201500026690;0;7;0;0;1;3;0;A01
201500026691;0;7;0;0;1;1;1;A01
201500026692;0;33;0;1;0;1;1;A01
201500026693;0;7;0;0;2;1;1;A01
201500026693;0;1;0;0;0;0;0;B01
201500026694;1;7;0;0;1;0;0;A01
201500026695;0;7;0;0;0;0;0;C01
201500026695;0;7;0;0;0;0;0;A01
201500026695;0;7;0;0;0;0;0;B01
201500026696;0;7;0;0;2;2;15;A01
201500026696;0;34;0;0;2;1;0;B01
201500026697;0;10;0;0;1;0;0;A01
201500026698;0;1;0;0;0;0;0;B01
201500026698;1;7;0;0;2;7;0;A01
201500026699;0;15;0;0;2;1;11;A01
201500026699;0;1;0;0;0;4;15;B01
201500026700;0;7;0;0;1;3;1;A01
201500026701;1;32;0;0;2;8;0;A01
201500026702;0;7;0;0;2;3;0;A01
201500026702;0;1;0;0;2;1;0;B01
201500026703;0;7;0;0;2;3;13;A01