num_acc;senc;catv;occutc;obs;obsm;choc;manv;num_veh
201500026703;0;33;0;0;2;1;0;B01
201500026704;0;7;0;0;1;0;0;A01
201500026705;1;1;0;0;1;0;0;A01
201500026706;1;10;0;0;0;0;0;Z01
201500026706;0;30;0;0;0;0;0;A01
201500026707;1;30;0;0;0;0;0;A01
201500026708;0;7;0;0;2;0;1;B01
201500026708;0;7;0;0;2;8;1;A01
201500026709;0;7;0;0;1;1;0;A01
201500026710;2;7;0;0;0;3;2;A01
201500026710;0;7;0;0;0;5;2;B01
201500026711;0;7;0;0;2;5;23;B01
201500026711;0;33;0;1;2;8;0;A01
201500026712;1;7;0;0;1;0;0;A01
201500026713;0;7;0;0;2;0;0;C01
201500026713;0;7;0;0;2;1;0;A01
201500026713;0;7;0;0;2;4;0;E01
201500026713;0;7;0;0;2;0;0;B01
201500026713;0;7;0;0;2;0;0;D01
201500026714;0;2;0;0;2;8;1;B01
201500026715;0;7;0;0;2;1;2;A01
201500026715;0;1;0;0;2;4;2;B01
201500026716;0;7;0;0;2;1;2;B01
201500026716;0;7;0;0;2;1;5;C01
201500026716;1;7;0;0;2;0;0;A01
201500026717;0;32;0;0;2;1;17;B01
201500026717;0;7;0;0;2;8;15;A01
201500026718;0;7;0;0;2;1;15;A01
201500026718;0;7;0;0;2;3;1;B01
201500026719;0;7;0;0;2;1;0;A01
201500026719;0;33;0;0;2;1;0;B01
201500026720;0;20;0;0;1;4;4;A01
201500026721;0;1;0;0;2;8;15;A01
201500026721;0;7;0;0;2;2;1;B01
201500026722;0;7;0;0;2;3;15;A01
201500026722;0;33;0;0;2;1;17;B01
201500026723;0;7;0;0;0;8;22;A01
201500026723;0;37;1;0;2;7;1;C01
201500026723;0;1;0;1;0;1;0;B01
201500026724;0;7;0;0;2;3;19;A01
201500026724;0;37;0;0;2;2;1;B01
201500026725;0;37;2;0;1;0;0;A01
201500026726;0;7;0;0;2;1;15;A01
201500026726;0;2;0;0;2;1;17;B01
201500026727;0;7;0;0;2;2;0;B01
201500026727;0;7;0;0;2;1;19;A01
201500026728;0;7;0;0;1;3;1;A01
201500026729;0;7;0;0;1;0;0;A01
201500026730;0;7;0;0;0;0;0;B01
201500026730;2;7;0;0;0;0;0;Z01
201500026731;1;7;0;0;2;1;1;B01
201500026731;0;7;0;0;2;4;1;A01
201500026732;0;7;0;8;0;5;0;A01
201500026732;1;7;0;0;2;1;0;Z01
201500026733;0;7;0;0;1;0;0;A01
201500026734;0;7;0;0;2;1;5;A01
201500026734;0;1;0;0;2;1;1;B01
201500026735;0;7;0;0;9;5;15;B01
201500026735;0;1;0;0;2;1;1;A01
201500026736;0;7;0;0;2;7;15;A01
201500026736;0;30;0;0;2;1;1;B01
201500026737;0;33;0;0;1;5;1;A01
201500026738;0;1;0;0;0;1;1;A01
201500026739;0;7;0;0;1;0;0;A01
201500026740;0;1;0;0;2;4;15;B01
201500026740;0;1;0;0;0;1;1;A01
201500026741;0;33;0;0;2;1;1;B01
201500026741;0;10;0;0;2;1;1;C01
201500026741;0;17;0;0;2;5;15;A01
201500026742;0;7;0;2;0;7;0;A01
201500026743;0;40;1;0;1;5;0;A01
201500026744;0;30;0;0;0;0;0;A01
201500026745;0;7;0;0;2;4;2;B01
201500026745;0;7;0;0;2;1;2;A01
201500026745;0;7;0;0;2;4;2;C01
201500026746;1;32;0;0;1;0;0;A01
201500026747;0;1;0;0;1;0;0;A01
201500026748;0;1;0;0;2;7;1;B01
201500026748;1;7;0;0;2;1;9;Z01
201500026749;0;7;0;0;2;3;0;B01
201500026749;0;7;0;0;2;1;17;A01
201500026750;1;7;0;0;1;0;1;A01
201500026751;1;37;1;0;1;4;4;Z01
201500026752;0;30;0;0;0;0;14;B01
201500026752;1;37;1;0;0;0;17;Z01
201500026753;1;7;0;0;2;2;16;Z01
201500026753;0;1;0;0;2;1;1;A01
201500026754;0;40;1;0;1;1;1;A01
201500026755;0;2;0;3;0;1;0;A01
201500026756;1;7;0;0;1;2;1;Z01
201500026757;0;1;0;0;2;6;0;B01
201500026757;0;7;0;0;2;3;0;A01
201500026758;0;7;0;0;1;3;1;A01
201500026759;2;30;0;0;1;1;0;A01
201500026760;0;7;0;0;2;1;7;A01
201500026760;0;7;0;0;2;6;1;B01
201500026761;0;10;0;0;2;1;15;B01
201500026761;0;7;0;0;2;3;1;A01
201500026762;0;10;0;0;1;1;15;A01
201500026763;0;7;0;9;0;1;0;A01
201500026764;0;7;0;0;9;3;1;B01
201500026764;0;1;0;0;2;1;0;A01
201500026765;0;7;0;0;2;3;1;B01
201500026765;0;7;0;0;2;3;13;A01
201500026766;0;7;0;0;1;0;1;A01
201500026767;1;7;0;0;0;0;0;Z01
201500026767;0;7;0;0;2;4;1;A01
201500026768;0;1;0;0;2;3;0;B01
201500026768;0;7;0;0;2;2;16;A01
201500026769;0;7;0;0;2;2;16;A01
201500026769;1;30;0;0;2;1;1;Z01
201500026770;0;1;0;0;2;0;0;B01
201500026770;0;14;0;0;2;5;12;A01
201500026771;0;7;0;0;0;0;0;C01
201500026771;0;7;0;0;0;0;0;B01
201500026771;0;2;0;0;0;0;0;A01
201500026772;0;7;0;0;2;3;15;B01
201500026772;0;33;0;0;2;1;7;A01
201500026773;1;7;0;0;2;8;13;Z01
201500026773;0;33;0;0;2;1;1;A01
201500026774;0;7;0;0;2;8;22;A01
201500026774;0;1;0;0;2;0;1;B01
201500026775;0;33;0;1;2;1;1;A01
201500026775;1;7;0;0;2;0;0;Z01
201500026776;0;7;0;0;1;2;1;A01
201500026777;0;7;0;0;0;1;0;A01
201500026777;0;31;0;0;0;2;0;B01
201500026778;0;33;0;0;2;4;0;B01
201500026778;1;7;0;0;0;0;0;Z01
201500026779;0;33;0;0;2;1;1;B01
201500026779;0;7;0;0;2;6;0;A01
201500026780;0;1;0;0;2;3;19;A01
201500026780;0;7;0;0;2;3;1;B01
201500026781;0;7;0;0;1;1;0;A01
201500026782;0;7;0;0;2;1;1;A01
201500026782;0;1;0;0;2;5;1;B01
201500026783;0;7;0;0;2;0;0;A01
201500026783;1;7;0;1;0;0;0;Z01
201500026784;0;30;0;0;0;0;0;B01
201500026784;0;7;0;0;2;2;1;A01
201500026785;0;33;0;0;1;0;0;A01
201500026786;1;7;0;0;2;0;0;A01
201500026786;0;30;0;0;2;0;0;B01
201500026787;0;7;0;0;1;3;1;A01
201500026788;0;7;0;0;1;3;1;A01
201500026789;0;7;0;0;2;1;0;B01
201500026789;0;7;0;0;2;3;0;A01
201500026790;0;7;0;0;0;0;0;A01
201500026790;0;33;0;0;0;0;0;B01
201500026791;0;1;0;0;0;0;0;A01
201500026792;0;34;0;4;0;0;0;A01
201500026793;0;10;0;0;1;2;1;A01
201500026794;0;7;0;0;1;4;0;A01
201500026795;1;7;0;0;2;7;1;A01
201500026795;0;1;0;0;0;0;0;B01
201500026796;0;33;0;16;0;0;0;A01
201500026797;0;30;0;9;0;1;12;A01
201500026798;0;33;0;0;0;0;0;B01
201500026798;0;7;0;0;2;3;10;A01
201500026799;0;30;0;0;0;0;0;A01
201500026799;1;7;0;0;0;0;0;Z01
201500026800;0;40;1;0;1;1;0;A01
201500026801;1;32;0;0;1;0;0;Z01
201500026802;0;7;0;0;1;2;1;A01
201500026803;0;7;0;0;0;0;0;A01
201500026803;0;1;0;0;2;1;19;B01
201500026804;0;30;0;0;1;1;0;A01
201500026805;0;7;0;13;0;1;1;A01
201500026806;0;7;0;0;1;1;1;A01
201500026807;0;1;0;1;0;2;1;A01
201500026807;1;7;0;1;9;6;22;Z01
201500026808;0;7;0;2;0;1;0;A01
201500026809;0;7;0;0;2;3;15;A01
201500026809;0;32;0;0;2;0;1;B01
201500026810;0;7;0;0;2;0;0;A01
201500026810;0;7;0;0;2;0;0;B01
201500026811;2;32;0;0;1;0;0;A01
201500026812;0;10;0;0;0;3;1;B01
201500026812;0;33;0;3;2;9;0;A01
201500026813;0;7;0;0;1;3;1;A01
201500026814;0;1;0;0;2;1;1;B01
201500026814;0;14;0;0;2;2;1;A01
201500026815;0;14;0;0;1;5;16;A01
201500026816;0;7;0;0;2;1;19;A01
201500026816;0;32;0;0;2;3;1;B01
201500026817;2;7;0;6;0;1;0;A01
201500026818;0;7;0;0;1;1;15;A01
201500026819;1;7;0;0;2;1;2;Z01
201500026819;0;7;0;0;2;4;2;A01
201500026820;0;7;0;0;2;0;0;A01
201500026820;0;7;0;0;2;1;0;B01
201500026821;2;7;0;0;2;2;17;B01
201500026821;0;7;0;0;2;3;15;A01
201500026822;0;7;0;0;0;0;0;B01
201500026822;0;10;0;0;0;0;0;A01
201500026823;0;33;0;0;0;7;16;A01
201500026823;0;7;0;0;0;0;1;B01
201500026824;0;10;0;0;2;3;13;A01
201500026824;0;10;0;0;2;3;1;B01
201500026825;0;7;0;0;2;6;4;A01
201500026825;0;31;0;0;2;1;1;B01
201500026826;0;7;0;0;1;1;1;A01
201500026827;0;1;0;1;0;1;1;A01
201500026828;0;7;0;15;1;1;21;A01
201500026829;0;7;0;0;1;3;1;A01
201500026830;0;7;0;0;0;0;24;A01
201500026831;0;1;0;0;0;0;0;B01
201500026832;0;33;0;0;2;6;0;B01
201500026832;0;7;0;0;2;3;0;A01
201500026833;0;7;0;0;2;1;15;A01
201500026833;0;32;0;0;2;1;1;B01
201500026834;1;1;0;0;0;0;0;A01
201500026834;0;30;0;0;0;0;0;B01
201500026835;0;1;0;0;0;0;0;Z01
201500026835;0;1;0;0;0;4;1;B01
201500026836;0;7;0;0;0;0;0;A01
201500026836;2;1;0;0;0;0;0;B01
201500026837;0;7;0;0;1;2;1;A01
201500026838;1;7;0;0;0;0;0;Z01
201500026838;0;1;0;0;0;0;0;A01
201500026839;0;1;0;0;0;0;0;A01
201500026840;0;33;0;0;2;0;0;B01
201500026840;0;30;0;0;2;4;10;A01
201500026841;0;1;0;0;0;0;0;A01
201500026841;0;1;0;0;0;0;0;B01
201500026842;0;7;0;0;2;3;10;A01
201500026842;0;33;0;0;2;1;0;B01
201500026843;0;34;0;0;1;1;1;A01
201500026844;0;7;0;0;2;8;1;B01
201500026844;0;30;0;0;2;1;1;A01
201500026845;0;30;0;0;2;1;1;B01
201500026845;0;7;0;0;2;5;15;A01
201500026846;1;2;0;0;2;0;1;A01
201500026846;0;1;0;0;0;0;0;B01
201500026847;2;30;0;0;9;0;0;A01
201500026848;0;10;0;1;1;2;1;A01
201500026849;0;39;2;0;1;3;1;A01
201500026850;0;7;0;0;1;2;0;A01
201500026851;0;7;0;0;1;0;0;A01
201500026852;0;1;0;0;2;0;0;A01
201500026852;0;1;0;0;2;0;0;B01
201500026853;0;7;0;0;1;2;16;A01
201500026854;0;17;0;0;2;1;2;A01
201500026854;0;7;0;0;2;4;2;B01
201500026854;0;17;0;0;2;4;2;D01
201500026854;0;7;0;0;2;6;2;C01
201500026855;0;2;0;0;2;7;15;B01
201500026855;0;7;0;0;2;2;1;A01
201500026856;0;7;0;0;2;1;2;A01
201500026856;0;7;0;0;2;4;0;B01
201500026857;0;7;0;0;1;1;0;A01
201500026858;0;10;0;0;1;1;1;A01
201500026859;0;7;0;0;1;2;1;A01
201500026860;0;31;0;0;2;2;0;A01
201500026860;0;7;0;0;2;6;0;B01
201500026861;0;7;0;0;2;8;0;A01
201500026861;0;13;0;0;2;2;1;B01
201500026862;0;7;0;0;2;1;0;A01
201500026862;0;7;0;0;0;6;0;B01
201500026863;0;33;0;0;2;4;2;B01
201500026863;0;7;0;0;2;1;1;A01
201500026864;1;31;0;0;1;2;1;Z01
201500026865;0;2;0;0;9;0;0;A01
201500026866;0;7;0;0;2;4;2;B01
201500026866;0;15;0;0;2;1;2;A01
201500026867;0;7;0;0;1;1;16;A01
201500026868;0;7;0;0;2;2;15;A01
201500026868;0;30;0;0;2;1;1;B01
201500026869;0;10;0;0;1;0;1;A01
201500026870;0;2;0;0;2;1;1;B01
201500026870;0;7;0;0;2;4;23;A01
201500026871;0;37;2;0;1;3;0;A01
201500026872;0;33;0;0;0;0;21;A01
201500026873;1;7;0;0;1;0;0;Z01
201500026874;0;7;0;0;1;3;1;A01
201500026875;0;33;0;0;1;3;0;A01
201500026876;0;33;0;0;2;1;0;B01
201500026876;0;1;0;0;9;1;0;A01
201500026877;0;7;0;9;2;1;1;A01
201500026877;0;7;0;4;0;4;1;B01
201500026878;0;30;0;0;2;1;1;A01
201500026878;0;7;0;0;2;3;15;B01
201500026879;0;7;0;0;2;2;15;A01
201500026879;0;7;0;0;0;3;1;B01
201500026880;0;15;0;0;2;2;2;B01
201500026880;0;7;0;3;2;8;9;A01
201500026881;0;7;0;0;1;0;1;B01
201500026881;0;7;0;0;1;1;1;A01
201500026882;0;33;0;0;2;0;0;A01
201500026882;0;7;0;0;2;0;0;B01
201500026883;0;7;0;0;1;2;15;A01
201500026884;0;7;0;0;2;3;9;A01
201500026884;0;7;0;0;2;2;2;B01
201500026885;0;7;0;0;2;1;1;B01
201500026885;0;34;0;0;2;1;13;A01
201500026886;0;7;0;0;1;1;1;A01
201500026887;0;17;0;3;0;0;0;A01
201500026888;1;1;0;0;1;0;0;A01
201500026889;0;2;0;0;0;0;9;A01
201500026890;0;33;0;0;2;3;3;A01
201500026890;0;10;0;0;2;5;1;B01
201500026891;1;30;0;0;1;0;0;Z01
201500026892;0;31;0;0;2;0;0;B01
201500026892;0;7;0;0;2;3;15;A01
201500026893;0;2;0;0;2;4;2;A01
201500026894;0;7;0;0;2;1;0;B01
201500026894;1;7;0;0;2;4;0;Z01
201500026895;0;33;0;0;1;1;0;A01
201500026896;0;7;0;11;0;1;16;A01
201500026897;1;7;0;0;1;4;4;Z01
201500026898;0;31;0;0;0;0;0;A01
201500026899;1;7;0;0;1;0;0;A01
201500026900;0;7;0;1;1;7;0;A01
201500026901;0;7;0;0;1;1;0;A01
201500026902;0;31;0;1;0;1;0;A01
201500026903;0;7;0;1;0;2;14;A01
201500026904;0;7;0;0;2;1;1;A01
201500026904;0;7;0;0;2;8;19;B01
201500026905;0;7;0;0;2;1;0;A01
201500026905;0;7;0;0;2;2;0;B01
201500026906;0;7;0;0;1;7;0;A01
201500026907;0;7;0;0;2;0;0;B01
201500026907;0;33;0;0;2;0;0;A01
201500026908;0;7;0;0;2;3;15;A01
201500026908;0;30;0;0;2;3;1;B01
201500026909;0;7;0;0;2;3;0;A01
201500026909;0;33;0;0;2;1;0;B01
201500026910;2;7;0;0;2;0;0;A01
201500026910;0;7;0;0;2;0;0;B01
201500026910;0;7;0;0;2;0;0;C01
201500026910;0;7;0;0;2;0;0;D01
201500026911;0;1;0;0;2;0;0;B01
201500026911;0;7;0;0;2;1;2;A01
201500026912;0;7;0;0;2;3;0;A01
201500026912;0;7;0;0;2;1;0;B01
201500026913;0;7;0;0;9;3;1;A01
201500026913;0;1;0;0;2;1;1;B01
201500026914;0;7;0;0;2;7;1;A01
201500026914;0;1;0;0;0;4;1;B01
201500026915;0;2;0;0;2;1;1;A01
201500026915;0;7;0;0;2;1;1;B01
201500026916;0;7;0;0;1;1;0;A01
201500026917;0;7;0;0;2;1;0;A01
201500026917;0;31;0;0;0;4;0;B01
201500026918;0;7;0;0;2;2;0;A01
201500026918;0;33;0;0;2;3;0;B01
201500026919;0;7;0;2;0;1;1;A01
201500026920;0;33;0;0;2;3;0;A01
201500026920;0;7;0;0;2;4;0;B01
201500026921;0;2;0;9;0;1;0;A01
201500026922;0;7;0;0;2;4;2;B01
201500026922;0;7;0;0;2;1;2;A01
201500026923;0;7;0;0;2;1;1;A01
201500026923;0;7;0;0;0;4;1;B01
201500026924;0;7;0;0;2;1;1;A01
201500026924;0;7;0;0;0;4;0;B01
201500026925;0;7;0;0;2;4;1;A01
201500026925;0;7;0;0;2;0;0;B01
201500026925;1;10;0;0;2;1;1;Z01
201500026926;0;7;0;0;1;3;1;A01
201500026927;0;7;0;0;1;1;1;A01
201500026928;0;7;0;0;1;3;1;A01
201500026929;0;7;0;0;2;3;15;B01
201500026929;0;33;0;0;2;1;17;A01
201500026930;0;1;0;0;2;1;0;A01
201500026930;0;7;0;0;0;6;0;B01
201500026931;0;7;0;0;2;1;9;A01
201500026931;0;1;0;0;2;7;6;B01
201500026932;0;2;0;0;0;3;10;A01
201500026932;0;31;0;0;2;1;1;B01
201500026933;0;7;0;0;2;7;15;A01
201500026933;0;33;0;0;2;1;1;B01
201500026934;0;7;0;0;0;4;1;B01
201500026934;0;30;0;0;2;1;1;A01
201500026935;1;7;0;0;0;0;0;A01
201500026935;1;2;0;0;0;0;0;B01
201500026936;0;1;0;0;4;1;0;A01
201500026936;0;40;5;0;9;4;1;B01
201500026937;0;7;0;0;0;0;0;A01
201500026937;0;1;0;0;0;0;0;B01
201500026938;0;7;0;0;1;1;1;A01
201500026939;0;40;2;0;1;7;2;A01
201500026940;0;32;0;0;2;7;0;A01
201500026940;0;14;0;0;0;0;1;B01
201500026941;0;7;0;6;0;1;19;A01
201500026942;0;7;0;0;2;1;1;B01
201500026942;0;7;0;0;2;3;15;A01
201500026943;0;7;0;0;1;3;0;A01
201500026944;0;7;0;0;9;2;0;A01
201500026944;0;1;0;0;2;1;0;B01
201500026945;0;7;0;0;2;2;0;A01
201500026945;0;33;0;0;2;1;1;B01
201500026946;0;7;0;0;2;1;2;A01
201500026946;0;7;0;0;2;4;2;B01
201500026947;0;7;0;0;2;1;1;B01
201500026947;0;10;0;0;2;2;15;A01
201500026948;0;7;0;0;1;1;1;A01
201500026949;0;7;0;0;2;1;15;A01
201500026949;0;30;0;0;2;1;8;B01
201500026950;0;33;0;0;2;1;1;A01
201500026950;1;7;0;0;9;0;10;B01
201500026951;0;7;0;2;0;1;14;A01
201500026952;0;7;0;0;2;1;15;A01
201500026952;0;33;0;0;2;8;1;B01
201500026953;0;7;0;0;1;3;1;A01
201500026954;0;7;0;9;0;9;14;A01
201500026955;1;7;0;0;1;2;17;Z01
201500026956;0;33;0;0;1;1;1;A01
201500026957;1;33;0;0;1;0;18;Z01
201500026958;0;7;0;0;2;3;0;A01
201500026958;0;1;0;0;2;7;9;B01
201500026959;0;10;0;0;2;1;2;A01
201500026959;0;7;0;0;2;1;2;B01
201500026959;0;7;0;0;2;4;2;C01
201500026960;0;7;0;0;2;1;15;A01
201500026960;0;30;0;0;2;1;1;B01
201500026961;1;7;0;0;1;1;1;Z01
201500026962;0;7;0;0;2;1;1;B01
201500026962;0;7;0;0;2;1;1;A01
201500026963;0;7;0;0;2;1;0;B01
201500026963;0;7;0;0;2;3;0;A01
201500026964;0;34;0;0;2;1;2;B01
201500026964;0;10;0;0;2;6;10;A01
201500026965;0;7;0;0;2;4;1;B01
201500026965;1;7;0;0;2;1;2;A01
201500026966;1;7;0;0;1;1;0;A01
201500026967;0;7;0;0;2;1;2;A01
201500026967;0;7;0;0;2;1;2;B01
201500026967;0;7;0;0;2;4;2;C01
201500026968;0;1;0;0;2;4;15;B01
201500026968;0;7;0;0;9;3;2;A01
201500026969;0;1;0;0;2;7;1;B01
201500026969;1;7;0;0;9;0;9;A01
201500026970;1;7;0;0;1;1;1;A01
201500026971;0;7;0;0;1;2;1;A01
201500026972;0;7;0;0;1;2;1;A01
201500026973;0;30;0;0;2;1;1;B01
201500026973;0;7;0;0;2;8;9;A01
201500026974;0;7;0;0;1;1;1;A01
201500026975;0;1;0;0;0;0;0;B01
201500026975;0;7;0;0;2;1;0;A01
201500026976;0;33;0;0;1;0;0;A01
201500026977;0;1;0;0;2;7;19;A01
201500026977;0;7;0;0;2;1;1;B01
201500026978;0;32;0;0;2;0;1;A01
201500026978;0;7;0;0;2;8;9;B01
201500026979;0;2;0;0;2;7;9;B01
201500026979;0;7;0;0;2;8;1;A01
201500026980;0;7;0;0;2;3;15;A01
201500026980;0;34;0;0;2;1;1;B01
201500026981;0;7;0;1;0;4;1;A01
201500026982;0;7;0;0;2;3;15;B01
201500026982;0;30;0;0;2;1;7;A01
201500026983;0;37;2;0;1;1;1;A01
201500026984;0;7;0;0;2;1;2;A01
201500026984;0;7;0;0;2;4;2;B01
201500026985;0;30;0;7;0;1;1;A01
201500026986;0;7;0;0;4;3;15;A01
201500026986;0;40;10;0;2;2;1;B01
201500026987;0;17;0;0;1;1;1;A01
201500026988;0;32;0;0;2;1;17;A01
201500026988;0;7;0;0;2;6;15;B01
201500026989;1;7;0;0;2;0;0;Z01
201500026989;0;7;0;0;2;5;0;A01
201500026990;0;7;0;0;1;0;15;A01
201500026991;0;7;0;0;0;0;0;A01
201500026991;0;7;0;0;1;4;1;B01
201500026992;0;7;0;0;1;7;4;A01
201500026993;0;2;0;1;0;1;2;A01
201500026993;0;7;0;0;0;4;2;B01
201500026994;0;31;0;0;2;4;1;A01
201500026994;2;7;0;0;2;1;0;Z01
201500026995;0;7;0;0;2;8;1;A01
201500026996;0;33;0;0;1;3;0;A01
201500026997;0;33;0;0;1;1;0;A01
201500026998;1;99;0;0;1;3;1;A01
201500026998;0;7;0;0;2;8;1;B01
201500026999;0;33;0;1;0;9;1;B01
201500026999;0;7;0;0;2;7;15;A01
201500027000;2;7;0;0;1;0;0;A01
201500027001;0;7;0;0;2;8;24;A01
201500027001;0;1;0;1;0;1;1;B01
201500027002;1;7;0;0;1;0;0;A01
201500027003;0;7;0;0;2;3;13;A01
201500027003;0;7;0;0;2;5;1;B01
201500027004;0;7;0;0;9;1;9;B01
201500027004;0;1;0;0;2;7;0;A01
201500027005;0;30;0;0;2;8;15;B01
201500027005;1;7;0;0;2;1;16;Z01
201500027006;0;7;0;0;1;1;0;A01
201500027007;0;7;0;0;2;1;1;A01
201500027007;0;37;3;0;0;8;1;B01
201500027008;0;7;0;0;2;1;2;A01
201500027009;0;7;0;13;0;1;14;A01
201500027010;0;1;0;0;0;0;0;A01
201500027011;0;7;0;0;2;3;9;A01
201500027011;0;30;0;0;2;1;1;B01
201500027012;0;7;0;0;2;1;9;A01
201500027012;0;1;0;0;2;2;1;B01
201500027013;0;1;0;0;2;3;15;B01
201500027013;0;7;0;0;2;2;1;A01
201500027014;0;7;0;0;2;1;15;A01
201500027014;0;33;0;0;2;1;1;B01
201500027015;0;1;0;0;2;7;1;B01
201500027015;0;7;0;0;2;3;9;A01
201500027016;0;2;0;0;2;1;1;A01
201500027016;0;7;0;0;2;1;15;Z01
201500027017;0;7;0;8;0;1;1;M01
201500027018;0;33;0;12;0;1;18;A01
201500027019;0;7;0;0;2;3;1;B01
201500027019;0;1;0;0;2;1;1;A01
201500027020;0;7;0;0;2;5;1;A01
201500027020;0;1;0;0;2;1;19;B01
201500027021;0;7;0;0;1;1;1;A01
201500027022;0;7;0;0;2;3;1;B01
201500027022;0;2;0;0;2;5;1;A01
201500027023;0;2;0;0;2;1;1;A01
201500027023;0;7;0;0;2;4;1;B01
201500027024;0;7;0;0;2;1;1;A01
201500027024;0;7;0;0;2;8;9;B01
201500027025;0;7;0;0;2;4;1;B01
201500027025;0;7;0;0;2;1;9;A01
201500027026;0;7;0;0;2;1;9;A01
201500027026;0;7;0;0;2;3;1;B01
201500027027;0;7;0;0;2;8;15;B01
201500027027;0;31;0;0;2;1;17;A01
201500027028;0;1;0;0;2;1;19;B01
201500027028;0;7;0;0;2;1;1;A01
201500027029;0;7;0;0;2;1;1;B01
201500027029;0;30;0;0;2;1;13;A01
201500027030;0;7;0;0;1;0;0;A01
201500027031;0;2;0;0;2;1;1;A01
201500027031;0;7;0;0;2;3;15;B01
201500027032;0;7;0;0;1;1;1;A01
201500027033;0;7;0;1;2;8;9;A01
201500027033;0;7;0;0;2;1;1;B01
201500027034;1;7;0;0;2;3;13;A01
201500027034;0;7;0;0;2;8;1;B01
201500027035;0;16;0;0;2;3;1;B01
201500027035;0;10;0;0;2;6;1;A01
201500027035;0;7;0;13;2;3;1;C01
201500027036;0;7;0;0;2;0;17;A01
201500027036;0;1;0;0;2;0;0;Y01
201500027037;0;7;0;0;2;1;1;A01
201500027037;0;7;0;0;2;6;1;B01
201500027038;0;7;0;0;1;2;1;A01
201500027039;0;1;0;0;2;1;1;B01
201500027039;0;7;0;0;2;7;17;A01
201500027040;0;15;0;0;2;6;1;B01
201500027040;0;7;0;0;2;3;13;A01
201500027041;0;7;0;0;2;2;11;A01
201500027041;0;2;0;0;2;8;1;B01
201500027042;0;7;0;0;2;1;1;A01
201500027042;0;7;0;0;2;8;1;B01
201500027042;0;1;0;0;2;0;1;C01
201500027043;0;7;0;0;2;3;1;B01
201500027043;0;7;0;0;2;3;14;A01
201500027044;0;7;0;0;2;6;0;A01
201500027044;0;1;0;0;2;1;1;C01
201500027044;0;1;0;0;2;1;1;B01
201500027045;0;7;0;0;2;3;0;A01
201500027045;0;1;0;0;2;0;0;B01
201500027046;0;10;0;0;2;2;15;A01
201500027046;0;2;0;0;2;1;1;B01
201500027047;0;7;0;0;2;8;1;B01
201500027047;0;7;0;0;2;1;1;A01
201500027048;0;7;0;0;2;2;15;A01
201500027048;0;30;0;0;2;1;1;B01
201500027049;0;10;0;0;2;3;9;A01
201500027049;0;33;0;0;2;1;1;B01
201500027050;0;7;0;0;1;1;2;A01
201500027051;0;2;0;0;2;1;1;B01
201500027051;0;7;0;0;2;2;9;A01
201500027052;0;7;0;0;2;1;1;A01
201500027052;0;7;0;0;2;4;23;B01
201500027053;0;7;0;0;2;3;0;B01
201500027053;0;7;0;0;2;2;15;A01
201500027054;0;7;0;0;2;2;16;A01
201500027054;0;1;0;0;2;3;1;B01
201500027055;0;7;0;0;1;7;1;A01
201500027056;0;7;0;0;2;4;0;C01
201500027056;0;7;0;0;2;1;1;A01
201500027056;0;7;0;0;2;4;0;B01
201500027057;0;7;0;0;2;3;13;A01
201500027057;0;7;0;0;2;3;1;B01
201500027058;1;7;0;0;2;3;11;Z01
201500027058;0;32;0;0;2;7;1;A01
201500027059;0;7;0;0;2;3;15;A01
201500027059;0;1;0;0;2;1;1;B01
201500027060;0;7;0;0;2;1;17;A01
201500027060;0;7;0;0;2;4;1;B01
201500027061;0;7;0;0;2;5;15;A01
201500027061;0;31;0;0;2;1;1;B01
201500027062;0;10;0;0;1;3;1;A01
201500027063;0;7;0;0;2;1;1;A01
201500027063;0;7;0;0;2;2;1;B01
201500027064;0;2;0;0;2;1;1;B01
201500027064;0;7;0;0;2;7;15;A01
201500027065;0;7;0;0;1;3;1;A01
201500027066;0;7;0;4;2;1;15;A01
201500027066;0;7;0;8;2;8;15;B01
201500027067;0;7;0;0;2;1;1;A01
201500027067;0;7;0;0;2;4;1;D01
201500027067;0;7;0;0;2;4;1;C01
201500027067;0;7;0;0;2;4;1;B01
201500027068;0;7;0;0;2;4;1;B01
201500027068;0;7;0;0;2;1;9;A01
201500027068;0;7;0;0;2;4;1;C01
201500027068;0;7;0;0;2;4;1;D01
201500027068;0;7;0;0;2;4;1;E01
201500027069;0;7;0;0;2;1;9;A01
201500027069;0;2;0;0;2;7;1;B01
201500027070;0;7;0;0;1;1;1;A01
201500027071;0;7;0;0;2;1;1;A01
201500027071;0;7;0;0;2;4;1;E01
201500027071;0;2;0;0;2;4;1;B01
201500027071;0;7;0;0;2;4;1;C01
201500027071;0;7;0;0;2;4;1;D01
201500027072;0;7;0;8;0;1;1;A01
201500027073;0;7;0;0;2;1;1;B01
201500027073;0;7;0;0;2;4;1;C01
201500027073;0;7;0;0;2;1;1;A01
201500027074;0;1;0;0;2;4;1;B01
201500027074;0;15;0;0;2;1;1;A01
201500027075;0;7;0;0;2;1;1;B01
201500027075;0;7;0;0;2;2;0;A01
201500027076;0;7;0;0;1;2;1;A01
201500027077;0;7;0;6;0;1;14;A01
201500027078;0;7;0;0;1;3;1;A01
201500027079;0;7;0;0;2;2;15;A01
201500027079;0;1;0;0;2;1;1;B01
201500027080;0;7;0;0;2;4;1;C01
201500027080;0;7;0;0;2;4;1;D01
201500027080;0;7;0;0;2;1;1;A01
201500027080;0;7;0;0;2;4;1;B01