num_acc;senc;catv;occutc;obs;obsm;choc;manv;num_veh
201500027081;0;7;0;0;1;2;1;A01
201500027082;0;37;1;0;2;3;9;A01
201500027082;0;1;0;0;2;1;1;B01
201500027083;0;7;0;0;1;2;1;A01
201500027084;0;2;0;0;2;2;1;A01
201500027084;0;7;0;0;2;1;1;B01
201500027085;0;7;0;0;2;1;1;B01
201500027085;0;7;0;1;2;1;1;A01
201500027086;0;7;0;0;2;1;1;A01
201500027086;0;7;0;0;2;4;23;B01
201500027087;0;2;0;0;2;1;17;B01
201500027087;0;10;0;0;2;6;15;A01
201500027088;0;10;0;0;2;1;1;A01
201500027088;0;7;0;0;2;8;1;B01
201500027089;0;7;0;3;2;2;1;B01
201500027089;1;7;0;0;2;1;9;Z01
201500027090;0;10;0;6;0;1;13;A01
201500027091;0;7;0;0;2;1;2;A01
201500027091;0;7;0;0;0;4;15;B01
201500027092;0;2;0;0;2;1;1;B01
201500027092;0;7;0;0;2;2;20;A01
201500027093;0;10;0;11;0;3;1;A01
201500027094;0;7;0;6;0;1;1;A01
201500027095;0;7;0;0;2;3;5;A01
201500027095;0;7;0;0;2;8;1;B01
201500027096;0;7;0;0;0;5;15;A01
201500027096;0;1;0;0;2;1;18;B01
201500027097;0;33;0;0;0;4;1;B01
201500027097;0;33;0;0;2;1;2;A01
201500027098;0;7;0;6;0;7;13;A01
201500027099;0;7;0;0;2;3;13;A01
201500027099;0;7;0;0;2;3;1;B01
201500027100;0;7;0;0;2;8;15;B01
201500027100;0;17;0;0;2;1;1;A01
201500027101;0;7;0;0;1;1;15;A01
201500027102;0;7;0;1;0;1;1;B01
201500027103;0;34;0;16;0;7;1;A01
201500027104;0;7;0;0;0;5;20;B01
201500027104;0;30;0;0;2;1;1;A01
201500027105;0;7;0;12;0;3;1;A01
201500027106;0;7;0;3;0;2;1;A01
201500027107;0;2;0;1;0;1;1;A01
201500027108;0;2;0;0;2;1;9;A01
201500027108;1;99;0;0;0;0;1;Z01
201500027109;0;7;0;7;0;4;16;B01
201500027109;0;7;0;0;2;1;2;A01
201500027110;0;7;0;8;0;7;14;A01
201500027111;0;2;0;0;2;7;1;B01
201500027111;0;7;0;0;2;3;9;A01
201500027112;0;10;0;9;0;7;1;A01
201500027113;0;7;0;0;0;5;1;B01
201500027113;0;2;0;0;2;1;2;A01
201500027114;0;7;0;0;0;4;1;C01
201500027114;0;7;0;0;2;1;2;B01
201500027114;0;7;0;0;2;1;2;A01
201500027115;0;7;0;0;2;3;15;A01
201500027115;0;30;0;0;2;2;1;B01
201500027116;0;7;0;0;0;8;15;B01
201500027116;0;7;0;0;2;3;1;A01
201500027117;0;1;0;0;2;7;5;A01
201500027117;0;7;0;0;2;3;1;B01
201500027118;0;7;0;0;2;1;1;B01
201500027118;0;31;0;0;2;8;1;A01
201500027119;0;7;0;0;2;1;2;C01
201500027119;0;7;0;3;0;9;1;B01
201500027119;0;7;0;0;2;1;2;A01
201500027120;0;7;0;0;0;0;0;B01
201500027120;0;7;0;4;0;1;9;A01
201500027121;0;10;0;2;0;3;1;A01
201500027122;0;1;0;14;0;2;1;A01
201500027123;0;7;0;15;0;8;1;A01
201500027123;0;7;0;0;2;3;16;B01
201500027124;0;7;0;0;0;4;23;A01
201500027124;0;33;0;0;2;1;1;B01
201500027125;0;7;0;0;1;7;1;A01
201500027126;2;30;0;0;2;3;1;A01
201500027126;0;7;0;0;2;0;15;B01
201500027127;0;7;0;0;1;2;1;A01
201500027128;0;1;0;0;2;8;15;A01
201500027128;0;30;0;0;2;7;17;B01
201500027129;2;7;0;0;2;3;5;A01
201500027129;0;7;0;0;2;3;1;B01
201500027130;0;30;0;0;2;1;1;B01
201500027130;0;30;0;0;0;6;15;A01
201500027131;0;7;0;0;0;4;1;C01
201500027131;0;7;0;0;2;1;1;A01
201500027131;0;37;25;0;2;2;5;D01
201500027131;0;7;0;0;2;4;1;B01
201500027132;0;1;0;0;1;1;1;A01
201500027133;0;7;0;0;2;3;21;B01
201500027133;0;7;0;0;2;7;21;A01
201500027134;0;30;0;0;2;1;1;B01
201500027134;0;7;0;0;2;3;15;A01
201500027135;0;7;0;0;2;3;1;B01
201500027135;0;30;0;0;2;1;13;A01
201500027136;0;30;0;12;0;1;14;A01
201500027137;0;7;0;0;1;7;17;A01
201500027138;0;7;0;0;2;1;13;A01
201500027138;0;7;0;0;2;1;1;B01
201500027139;0;7;0;6;0;1;13;A01
201500027140;0;7;0;0;2;1;2;B01
201500027140;0;7;0;0;0;4;16;A01
201500027141;0;7;0;0;0;4;23;B01
201500027141;0;7;0;0;2;1;1;A01
201500027142;0;7;0;0;1;1;1;A01
201500027143;0;7;0;0;2;1;1;B01
201500027143;0;7;0;0;2;1;15;A01
201500027144;0;7;0;6;0;3;13;A01
201500027145;0;7;0;0;2;1;15;A01
201500027145;0;7;0;0;2;1;23;B01
201500027146;0;33;0;0;0;7;1;A01
201500027147;0;7;0;0;2;1;1;B01
201500027147;0;7;0;0;2;1;13;A01
201500027148;0;33;0;0;2;1;1;B01
201500027148;0;7;0;0;0;5;15;A01
201500027149;0;7;0;0;2;1;1;A01
201500027149;0;7;0;0;2;8;1;B01
201500027150;0;7;0;0;2;1;13;A01
201500027150;0;20;0;0;2;1;1;B01
201500027151;0;7;0;0;2;6;1;A01
201500027151;0;7;0;0;2;1;1;B01
201500027152;0;15;0;4;2;1;21;B01
201500027152;0;7;0;10;2;1;17;A01
201500027153;0;7;0;0;2;3;1;B01
201500027153;0;7;0;0;2;2;15;A01
201500027154;0;7;0;0;1;1;1;A01
201500027155;0;2;0;0;2;1;1;B01
201500027155;0;7;0;0;2;2;1;A01
201500027156;0;7;0;0;1;1;1;A01
201500027157;0;33;0;0;2;1;1;B01
201500027157;0;7;0;0;2;3;9;A01
201500027158;0;7;0;0;2;3;15;B01
201500027158;0;1;0;0;2;7;17;A01
201500027159;0;7;0;0;2;1;2;A01
201500027159;0;7;0;0;0;4;1;B01
201500027160;0;7;0;0;2;1;1;A01
201500027160;0;7;0;0;0;4;1;B01
201500027161;0;1;0;14;0;3;1;A01
201500027162;0;14;0;0;0;4;23;A01
201500027162;0;7;0;1;0;1;1;B01
201500027163;0;30;0;0;1;8;1;A01
201500027164;0;7;0;0;2;1;1;B01
201500027164;0;7;0;0;2;1;5;A01
201500027165;0;7;0;6;2;1;1;A01
201500027165;0;7;0;0;2;3;15;B01
201500027166;0;7;0;0;2;8;15;B01
201500027166;0;7;0;0;2;3;1;A01
201500027167;0;7;0;0;0;4;1;B01
201500027167;0;2;0;0;2;1;1;A01
201500027168;0;1;0;0;2;8;15;A01
201500027168;0;10;0;0;2;7;17;B01
201500027169;0;30;0;0;0;1;1;A01
201500027170;1;7;0;0;1;1;16;A01
201500027171;0;7;0;0;2;3;15;B01
201500027171;0;1;0;0;2;1;1;A01
201500027172;0;7;0;16;0;8;1;A01
201500027173;0;7;0;0;1;1;1;A01
201500027174;0;7;0;13;0;1;13;A01
201500027175;0;7;0;0;1;1;1;A01
201500027176;0;7;0;0;1;1;1;A01
201500027177;0;33;0;3;0;1;1;A01
201500027178;0;7;0;0;2;8;1;B01
201500027178;0;2;0;0;2;5;1;A01
201500027179;0;7;0;0;1;1;1;A01
201500027180;0;7;0;0;0;9;14;A01
201500027181;0;7;0;0;2;3;1;A01
201500027181;0;1;0;0;2;2;19;B01
201500027182;0;7;0;0;2;3;1;B01
201500027182;0;2;0;0;2;1;1;A01
201500027183;0;36;0;8;0;1;1;A01
201500027184;0;2;0;0;2;1;13;A01
201500027184;0;7;0;0;2;1;1;B01
201500027185;0;1;0;0;0;7;1;A01
201500027185;0;7;0;0;2;1;1;B01
201500027186;0;7;0;0;2;1;1;C01
201500027186;0;7;0;0;2;1;5;A01
201500027186;0;7;0;0;2;1;1;B01
201500027187;0;7;0;0;2;1;1;B01
201500027187;0;30;0;0;2;1;15;A01
201500027188;0;7;0;0;2;0;0;A01
201500027188;0;7;0;0;2;4;1;B01
201500027189;0;2;0;0;0;2;14;A01
201500027190;0;7;0;4;0;1;14;A01
201500027191;0;2;0;0;2;1;1;A01
201500027191;0;7;0;0;2;2;1;B01
201500027192;0;7;0;0;2;2;15;A01
201500027192;0;30;0;0;2;1;1;B01
201500027193;0;7;0;0;1;4;4;A01
201500027194;0;7;0;0;2;1;15;A01
201500027194;0;15;0;0;0;8;1;B01
201500027195;0;7;0;0;2;3;15;A01
201500027195;0;33;0;0;2;1;17;B01
201500027196;0;1;0;0;2;2;17;A01
201500027196;0;7;0;0;2;8;1;B01
201500027197;0;7;0;0;0;6;23;B01
201500027197;0;7;0;14;1;9;21;A01
201500027198;0;7;0;0;1;1;1;A01
201500027199;0;7;0;0;1;1;1;A01
201500027200;0;32;0;0;2;1;1;B01
201500027200;0;7;0;0;2;2;10;A01
201500027201;0;33;0;8;0;1;1;A01
201500027202;0;7;0;0;2;1;1;B01
201500027202;0;7;0;0;2;1;15;A01
201500027203;0;7;0;0;1;2;1;A01
201500027204;0;33;0;0;1;2;1;A01
201500027205;0;7;0;0;2;1;1;B01
201500027205;0;7;0;0;2;1;13;A01
201500027206;0;7;0;0;2;2;1;B01
201500027206;0;1;0;0;2;3;15;A01
201500027207;0;40;35;0;1;5;1;A01
201500027208;0;7;0;0;1;1;1;A01
201500027209;0;7;0;0;1;2;1;A01
201500027210;0;33;0;0;2;1;1;B01
201500027210;0;10;0;0;2;3;15;A01
201500027211;0;15;0;0;0;4;1;B01
201500027211;0;7;0;3;2;3;1;A01
201500027212;0;7;0;0;1;1;9;A01
201500027213;0;1;0;0;2;7;19;B01
201500027213;0;7;0;0;2;2;1;A01
201500027214;0;2;0;0;4;1;1;A01
201500027214;0;40;35;0;2;2;19;B01
201500027215;0;10;0;0;2;2;15;B01
201500027215;2;10;0;11;2;1;17;A01
201500027216;0;33;0;6;0;1;13;A01
201500027217;0;33;0;2;0;1;14;A01
201500027218;0;7;0;0;2;1;1;C01
201500027218;0;17;0;0;2;3;1;B01
201500027218;0;10;0;0;2;3;13;A01
201500027219;0;33;0;0;2;1;2;A01
201500027219;0;10;0;0;0;6;1;B01
201500027220;0;7;0;0;2;3;9;A01
201500027220;0;33;0;0;2;1;1;B01
201500027221;0;7;0;0;2;3;15;A01
201500027221;0;33;0;0;2;1;1;B01
201500027222;0;33;0;0;2;3;1;B01
201500027222;0;7;0;0;2;2;15;A01
201500027223;0;7;0;0;1;4;4;A01
201500027224;0;7;0;0;2;4;2;C01
201500027224;0;7;0;1;2;4;2;D01
201500027224;0;7;0;0;2;4;1;B01
201500027224;0;7;0;0;2;1;2;A01
201500027225;0;7;0;0;2;2;15;B01
201500027225;0;31;0;0;2;1;1;A01
201500027226;0;10;0;0;2;1;17;A01
201500027226;0;7;0;6;2;8;15;B01
201500027227;0;7;0;0;1;2;1;A01
201500027228;0;1;0;0;4;3;1;A01
201500027228;0;40;25;0;2;2;1;B01
201500027229;0;2;0;0;2;1;2;A01
201500027229;0;7;0;0;0;4;1;B01
201500027230;0;7;0;0;2;3;15;B01
201500027230;0;7;0;13;2;2;17;A01
201500027231;0;7;0;6;0;1;6;A01
201500027232;0;7;0;0;2;3;9;B01
201500027232;0;33;0;0;2;2;1;A01
201500027233;0;7;0;0;1;1;1;A01
201500027234;0;7;0;0;2;1;1;A01
201500027234;0;32;0;0;0;4;16;B01
201500027235;0;30;0;0;2;1;1;B01
201500027235;0;7;0;0;2;3;1;A01
201500027236;0;32;0;0;2;7;1;A01
201500027236;0;7;0;0;2;1;1;B01
201500027237;0;1;0;0;2;3;19;B01
201500027237;0;7;0;0;2;1;15;A01
201500027238;0;7;0;0;1;1;1;A01
201500027239;0;7;0;0;2;1;1;B01
201500027239;0;7;0;0;2;2;15;A01
201500027240;0;7;0;11;0;1;1;A01
201500027241;0;34;0;3;0;8;1;A01
201500027242;0;7;0;0;1;2;1;A01
201500027243;0;10;0;0;2;4;1;C01
201500027243;0;10;0;0;2;5;1;B01
201500027243;0;7;0;0;2;3;13;A01
201500027244;0;40;41;0;2;1;1;B01
201500027244;0;7;0;1;4;5;15;A01
201500027245;0;7;0;8;0;1;13;A01
201500027246;0;7;0;0;2;4;12;B01
201500027246;0;7;0;3;2;1;12;A01
201500027247;0;14;0;0;2;1;1;B01
201500027247;0;7;0;0;2;7;13;A01
201500027248;0;33;0;0;0;0;1;A01
201500027249;0;33;0;0;2;1;17;A01
201500027249;0;15;0;0;2;3;1;B01
201500027249;0;7;0;0;2;1;1;C01
201500027250;0;7;0;0;9;3;0;A01
201500027250;0;31;0;0;2;7;2;B01
201500027251;0;30;0;0;0;1;1;A01
201500027251;0;10;0;0;0;4;1;B01
201500027252;0;7;0;8;0;1;1;A01
201500027253;0;10;0;0;1;1;1;A01
201500027254;0;7;0;0;2;1;1;B01
201500027254;0;7;0;0;2;8;10;A01
201500027255;0;32;0;0;2;7;1;B01
201500027255;0;7;0;0;2;3;15;A01
201500027256;0;7;0;2;0;7;14;A01
201500027257;0;7;0;0;2;7;15;A01
201500027257;0;33;0;0;2;1;1;B01
201500027258;0;7;0;8;0;1;1;A01
201500027259;0;7;0;3;5;1;1;A01
201500027260;0;7;0;0;0;6;23;B01
201500027260;0;7;0;14;0;2;1;A01
201500027261;0;7;0;0;0;0;0;A01
201500027262;0;7;0;0;1;0;1;A01
201500027263;0;7;0;0;0;3;0;A01
201500027264;0;7;0;14;0;1;1;B01
201500027264;0;15;0;0;2;3;23;C01
201500027264;0;7;0;10;0;1;23;A01
201500027265;0;10;0;0;1;0;20;A01
201500027266;0;33;0;0;2;1;1;B01
201500027266;1;99;0;0;0;8;10;Z01
201500027267;0;7;0;13;0;1;14;A01
201500027268;0;7;0;0;2;3;13;A01
201500027268;0;7;0;0;2;3;1;B01
201500027269;0;7;0;0;2;3;1;B01
201500027269;2;7;0;0;2;3;1;A01
201500027270;0;7;0;0;2;3;1;B01
201500027270;0;7;0;0;2;1;1;A01
201500027271;0;7;0;0;0;1;0;A01
201500027272;0;7;0;0;1;1;0;A01
201500027273;0;33;0;0;2;1;17;A01
201500027273;0;7;0;0;2;0;0;B01
201500027274;0;7;0;0;9;3;0;B01
201500027274;0;1;0;0;2;1;15;A01
201500027275;0;32;0;0;2;1;1;A01
201500027275;0;7;0;0;2;6;15;B01
201500027276;0;7;0;0;1;3;1;A01
201500027277;0;7;0;0;2;1;2;B01
201500027277;0;33;0;12;2;4;1;A01
201500027278;0;7;0;0;2;3;15;B01
201500027278;0;7;0;0;2;1;17;A01
201500027279;0;7;0;0;1;1;1;A01
201500027280;0;7;0;0;1;3;1;A01
201500027281;0;7;0;0;2;7;19;B01
201500027281;0;33;0;0;2;1;1;A01
201500027282;0;7;0;6;0;1;16;A01
201500027283;0;33;0;0;1;8;21;A01
201500027284;0;7;0;6;2;8;15;A01
201500027284;0;7;0;0;2;1;1;B01
201500027285;0;7;0;0;1;8;15;A01
201500027286;0;7;0;0;2;8;9;A01
201500027286;0;30;0;0;2;8;1;B01
201500027287;0;7;0;2;9;8;6;A01
201500027287;0;1;0;0;2;8;1;B01
201500027288;0;7;0;0;2;6;4;A01
201500027288;0;32;0;0;2;1;1;B01
201500027289;0;7;0;0;2;3;9;A01
201500027289;0;31;0;0;2;1;17;B01
201500027290;0;7;0;0;0;8;10;A01
201500027290;0;7;0;0;2;1;0;B01
201500027291;0;7;0;0;2;7;15;A01
201500027291;0;7;0;0;9;0;1;C01
201500027291;0;32;0;0;2;1;1;B01
201500027292;0;7;0;0;1;1;15;A01
201500027293;0;7;0;0;0;4;2;B01
201500027293;0;7;0;0;2;1;2;A01
201500027294;0;7;0;0;2;4;1;B01
201500027294;0;7;0;3;2;1;1;C01
201500027294;0;14;0;0;2;1;1;A01
201500027295;0;7;0;0;2;1;1;A01
201500027295;0;33;0;0;2;8;0;B01
201500027296;0;1;0;0;2;1;1;B01
201500027296;0;14;0;0;9;7;16;A01
201500027297;0;30;0;0;2;1;1;A01
201500027297;0;7;0;0;2;3;1;B01
201500027298;0;30;0;0;2;1;1;B01
201500027298;0;7;0;0;2;2;9;A01
201500027299;0;7;0;0;2;2;15;A01
201500027299;0;32;0;0;2;1;1;B01
201500027300;0;2;0;0;2;1;17;A01
201500027300;0;7;0;0;2;3;15;B01
201500027301;0;30;0;8;2;1;17;A01
201500027301;0;7;0;0;2;3;15;B01
201500027302;0;2;0;0;2;1;0;A01
201500027302;0;7;0;0;2;3;11;B01
201500027303;0;30;0;0;2;6;1;B01
201500027303;0;7;0;0;2;2;15;A01
201500027304;0;1;0;0;2;4;11;B01
201500027304;0;7;0;0;9;3;1;A01
201500027305;0;7;0;0;2;4;1;B01
201500027305;0;7;0;0;2;1;2;A01
201500027306;0;7;0;11;2;7;1;B01
201500027306;0;7;0;0;2;2;9;A01
201500027307;0;33;0;0;2;7;16;A01
201500027307;0;7;0;0;2;1;1;B01
201500027308;0;7;0;0;2;3;1;A01
201500027308;0;7;0;0;2;4;1;C01
201500027308;0;31;0;0;2;1;1;B01
201500027309;0;7;0;0;2;3;1;A01
201500027309;0;30;0;0;2;2;1;B01
201500027310;0;7;0;0;2;8;1;B01
201500027310;0;7;0;0;2;1;15;A01
201500027311;0;7;0;0;1;1;15;A01
201500027312;0;7;0;0;2;8;1;B01
201500027312;0;7;0;0;2;1;19;A01
201500027313;0;2;0;0;2;1;1;B01
201500027313;0;7;0;0;2;3;15;A01
201500027314;0;7;0;0;1;1;15;A01
201500027315;0;7;0;0;1;1;1;A01
201500027316;0;7;0;0;1;4;4;A01
201500027317;0;7;0;0;2;1;0;B01
201500027317;0;7;0;0;2;1;5;A01
201500027318;0;33;0;0;2;0;0;B01
201500027318;0;7;0;0;2;2;15;A01
201500027319;0;1;0;0;2;1;1;B01
201500027319;0;7;0;0;9;3;1;A01
201500027320;0;7;0;0;2;2;19;A01
201500027320;0;30;0;0;2;1;1;B01
201500027321;0;7;0;0;1;2;0;A01
201500027322;0;7;0;2;0;7;13;A01
201500027323;0;7;0;0;2;1;17;A01
201500027323;0;7;0;0;2;1;21;B01
201500027324;0;7;0;2;2;8;13;A01
201500027324;0;7;0;0;2;8;1;B01
201500027325;0;7;0;0;2;3;1;B01
201500027325;0;3;0;0;2;5;9;A01
201500027326;0;33;0;0;2;1;1;B01
201500027326;0;7;0;0;2;3;15;A01
201500027327;0;33;0;0;2;1;2;A01
201500027327;0;7;0;0;0;0;15;B01
201500027328;0;33;0;0;2;1;1;B01
201500027328;0;7;0;0;2;3;9;A01
201500027329;0;10;0;0;9;0;0;B01
201500027329;0;30;0;0;2;0;0;A01
201500027330;0;33;0;0;0;1;2;A01
201500027331;0;7;0;0;2;1;13;A01
201500027331;0;7;0;0;2;1;1;B01
201500027332;0;7;0;0;2;2;1;B01
201500027332;0;7;0;0;2;3;19;A01
201500027333;0;7;0;0;2;3;1;B01
201500027333;0;7;0;0;2;2;15;A01
201500027334;0;7;0;0;1;1;1;A01
201500027335;0;7;0;0;2;7;15;A01
201500027335;0;33;0;0;2;1;1;B01
201500027336;0;2;0;0;2;1;2;A01
201500027336;0;7;0;0;2;3;19;B01
201500027337;0;7;0;2;0;9;13;A01
201500027338;0;7;0;0;2;6;1;A01
201500027338;0;1;0;0;2;3;2;B01
201500027339;0;33;0;0;2;8;1;B01
201500027339;0;7;0;0;2;1;1;A01
201500027340;0;10;0;13;0;2;14;A01
201500027341;0;7;0;2;0;1;1;A01
201500027342;0;30;0;0;1;1;13;A01
201500027343;0;7;0;12;0;4;2;A01
201500027343;0;7;0;12;2;1;2;B01
201500027344;0;14;0;6;2;1;1;A01
201500027344;0;10;0;0;2;2;1;B01
201500027345;0;7;0;0;1;3;15;A01
201500027346;0;10;0;0;1;6;0;A01
201500027347;0;7;0;4;0;4;1;A01
201500027348;0;7;0;5;0;1;1;A01
201500027349;0;7;0;0;1;1;1;A01
201500027350;0;7;0;0;0;6;23;A01
201500027350;0;1;0;0;0;0;1;B01
201500027351;0;7;0;0;2;1;1;A01
201500027351;0;7;0;0;2;4;1;B01
201500027351;0;7;0;0;2;4;1;C01
201500027352;0;7;0;2;0;1;1;A01
201500027353;0;7;0;0;2;1;1;A01
201500027353;0;7;0;0;2;4;1;B01
201500027353;0;7;0;0;0;1;1;C01
201500027354;0;7;0;0;2;2;1;B01
201500027354;0;7;0;0;2;3;15;A01
201500027355;0;7;0;0;0;3;0;A01
201500027355;0;30;0;0;0;1;1;B01
201500027356;0;7;0;0;2;4;1;B01
201500027356;0;7;0;0;2;1;1;A01
201500027357;0;7;0;0;2;1;0;A01
201500027357;0;1;0;0;2;0;1;B01
201500027358;0;7;0;0;2;1;1;A01
201500027358;0;1;0;0;2;8;1;B01
201500027359;0;7;0;0;0;1;1;A01
201500027359;0;7;0;0;0;4;1;B01
201500027360;0;7;0;0;0;0;1;A01
201500027361;0;1;0;0;0;0;1;B01
201500027361;1;7;0;0;0;0;16;Z01
201500027362;0;7;0;0;0;0;1;A01
201500027363;0;7;0;0;0;1;1;A01
201500027363;0;7;0;0;0;1;1;B01
201500027363;0;7;0;0;0;4;1;C01
201500027364;0;1;0;0;1;1;1;A01
201500027365;0;2;0;0;0;1;1;A01
201500027365;0;7;0;0;0;3;15;B01
201500027366;0;7;0;0;2;2;0;A01
201500027366;0;7;0;0;2;8;1;B01
201500027367;0;7;0;0;0;1;1;A01
201500027367;0;7;0;0;0;4;1;B01
201500027368;0;7;0;0;1;1;1;A01
201500027369;0;1;0;0;0;1;2;B01
201500027369;0;7;0;0;0;3;15;A01
201500027370;0;7;0;0;2;1;1;A01
201500027370;0;2;0;0;2;0;1;B01
201500027371;0;1;0;0;1;1;1;A01
201500027372;0;7;0;0;2;1;1;A01
201500027372;0;7;0;0;2;4;1;B01
201500027372;0;7;0;0;2;4;1;C01
201500027373;0;7;0;0;0;1;1;B01
201500027373;0;30;0;0;0;5;15;A01
201500027374;0;7;0;0;1;1;1;A01
201500027375;0;31;0;0;0;7;1;A01
201500027376;0;7;0;0;2;3;1;B01
201500027376;0;7;0;0;2;2;1;A01
201500027377;0;7;0;0;0;3;9;B01
201500027377;0;2;0;0;0;5;9;A01
201500027378;0;7;0;0;1;1;1;A01
201500027379;0;7;0;0;1;1;1;A01
201500027380;0;7;0;0;2;4;1;C01
201500027380;0;7;0;0;2;4;1;B01
201500027380;0;7;0;0;2;1;1;A01
201500027381;0;2;0;0;0;1;1;A01
201500027381;0;7;0;0;0;4;1;B01
201500027382;0;2;0;1;0;1;1;A01
201500027383;0;7;0;0;2;1;15;A01
201500027383;0;33;0;0;2;3;1;B01
201500027384;0;7;0;0;2;6;16;A01
201500027384;0;2;0;0;2;8;1;B01
201500027385;0;30;0;0;0;8;15;A01
201500027385;0;7;0;0;0;1;2;B01
201500027386;0;7;0;0;2;3;15;A01
201500027386;0;1;0;0;2;5;1;B01
201500027387;0;7;0;0;2;1;1;A01
201500027387;0;7;0;0;2;4;1;B01
201500027387;0;7;0;0;2;4;1;C01
201500027387;0;7;0;0;2;4;1;D01
201500027388;0;1;0;0;1;1;1;A01
201500027389;0;7;0;0;1;1;1;A01
201500027390;0;7;0;0;2;3;1;A01
201500027390;0;2;0;0;2;2;1;B01
201500027391;0;7;0;0;2;7;17;A01
201500027391;0;1;0;0;2;0;1;B01
201500027392;0;7;0;0;2;2;16;A01
201500027392;0;1;0;0;2;4;1;B01
201500027393;0;7;0;0;1;1;1;A01
201500027394;0;7;0;0;2;1;1;A01
201500027394;0;7;0;0;2;4;1;B01
201500027394;0;7;0;0;2;4;1;C01
201500027395;1;7;0;0;2;3;15;A01
201500027395;0;2;0;0;2;0;1;B01
201500027396;0;13;0;0;2;4;24;A01
201500027396;0;1;0;0;2;1;1;B01
201500027397;0;7;0;0;2;1;1;A01
201500027397;0;7;0;0;2;4;1;B01
201500027397;0;7;0;0;2;4;1;C01
201500027398;0;7;0;0;2;8;1;B01
201500027398;0;7;0;0;2;3;1;A01
201500027399;0;7;0;0;1;1;1;A01
201500027400;0;7;0;0;2;1;1;A01
201500027400;0;7;0;0;2;7;1;C01
201500027400;0;7;0;0;2;4;1;B01
201500027401;0;7;0;0;2;6;10;A01
201500027401;0;33;0;0;2;1;1;B01
201500027402;0;7;0;13;0;0;1;A01
201500027403;0;7;0;0;2;1;1;A01
201500027403;0;2;0;0;2;4;15;B01
201500027404;0;7;0;0;2;2;1;A01
201500027404;0;7;0;0;2;1;1;B01
201500027405;0;7;0;0;2;1;1;A01
201500027405;0;7;0;0;2;4;1;B01
201500027405;0;7;0;0;2;4;1;C01
201500027406;2;2;0;0;4;8;1;A01
201500027406;0;40;0;0;2;1;1;B01
201500027407;0;2;0;0;2;7;17;A01
201500027408;0;7;0;0;2;3;15;A01
201500027408;0;33;0;0;2;1;1;B01
201500027409;0;7;0;0;1;1;1;A01
201500027410;0;2;0;0;2;1;1;B01
201500027410;0;7;0;0;2;2;1;A01
201500027411;0;7;0;0;1;1;1;A01
201500027412;0;7;0;0;2;1;1;A01
201500027412;0;7;0;0;2;4;1;B01
201500027413;0;7;0;0;1;2;1;A01
201500027414;1;7;0;0;2;0;1;Z01
201500027414;0;1;0;0;2;0;1;B01
201500027415;0;1;0;0;1;1;1;A01
201500027416;0;1;0;0;1;1;1;A01
201500027417;0;7;0;0;2;1;1;A01
201500027417;0;7;0;0;2;0;1;B01
201500027418;0;7;0;0;2;1;1;A01
201500027418;0;7;0;0;2;2;15;B01
201500027419;0;7;0;0;2;1;1;A01
201500027419;0;2;0;0;2;4;1;B01
201500027420;0;7;0;0;1;1;1;A01
201500027421;0;38;1;0;2;8;13;A01
201500027421;0;2;0;0;2;0;1;B01
201500027422;0;7;0;3;0;1;1;A01
201500027423;0;7;0;0;2;3;1;A01
201500027423;0;1;0;0;2;0;1;B01
201500027424;0;31;0;13;0;0;1;A01
201500027425;0;7;0;0;2;2;1;A01
201500027425;0;7;0;0;2;1;1;B01
201500027426;0;2;0;0;0;0;1;A01
201500027427;0;33;0;0;2;1;15;A01
201500027427;0;7;0;0;2;8;1;B01
201500027428;0;7;0;0;2;1;1;B01
201500027428;0;7;0;0;2;8;1;A01
201500027429;0;7;0;0;1;1;1;A01
201500027430;0;7;0;0;2;1;1;A01
201500027430;0;7;0;0;2;4;1;B01
201500027430;0;7;0;0;2;4;1;C01
201500027431;0;7;0;0;1;1;1;A01
201500027432;0;7;0;0;2;8;15;A01
201500027432;0;2;0;0;0;0;0;B01
201500027433;0;7;0;0;2;1;1;A01
201500027433;0;1;0;0;2;4;1;B01
201500027434;0;7;0;0;1;1;1;A01
201500027435;0;7;0;0;0;1;1;A01
201500027435;0;7;0;0;0;4;1;B01
201500027436;0;7;0;0;1;1;15;A01
201500027437;0;7;0;0;0;7;1;A01
201500027437;0;1;0;0;0;0;1;B01
201500027438;0;1;0;8;0;1;1;A01
201500027439;0;30;0;0;0;7;1;A01
201500027440;0;7;0;0;2;8;15;A01
201500027440;0;33;0;0;2;8;1;B01
201500027441;0;7;0;0;1;0;15;A01
201500027442;0;7;0;0;1;1;1;A01
201500027443;0;7;0;0;0;4;23;B01
201500027443;0;7;0;0;0;1;1;A01
201500027444;0;2;0;0;0;0;1;A01
201500027445;0;7;0;0;1;1;1;A01
201500027446;0;7;0;0;0;0;15;A01
201500027446;0;2;0;0;0;0;0;B01
201500027447;0;7;0;0;1;1;1;A01
201500027448;1;7;0;0;1;2;1;A01
201500027449;0;7;0;0;1;1;1;A01
201500027450;0;7;0;0;0;3;1;A01
201500027450;0;2;0;0;0;0;1;B01
201500027451;0;7;0;0;0;8;1;A01
201500027451;0;30;0;0;0;1;0;B01
201500027452;0;7;0;0;0;1;1;A01
201500027452;0;7;0;0;0;4;1;B01
201500027452;0;7;0;0;0;4;1;C01
201500027453;0;7;0;0;0;3;15;A01