num_acc;senc;catv;occutc;obs;obsm;choc;manv;num_veh
201500027453;0;1;0;0;0;1;1;B01
201500027454;0;7;0;0;0;0;1;B01
201500027454;0;7;0;0;0;0;1;A01
201500027455;0;31;0;0;0;9;1;B01
201500027455;0;7;0;0;0;5;10;A01
201500027456;0;7;0;0;1;7;0;A01
201500027457;0;2;0;0;0;1;1;A01
201500027457;0;7;0;0;0;4;1;B01
201500027458;0;7;0;0;0;1;1;A01
201500027458;0;7;0;0;0;4;1;B01
201500027459;0;30;0;0;1;0;1;A01
201500027460;0;1;0;14;0;0;1;A01
201500027461;0;1;0;0;1;0;1;A01
201500027462;0;7;0;0;2;1;1;A01
201500027462;0;7;0;0;2;4;1;B01
201500027462;0;7;0;0;2;4;1;C01
201500027463;0;2;0;0;0;0;1;A01
201500027464;0;7;0;0;2;1;1;B01
201500027464;0;7;0;0;2;7;1;A01
201500027465;0;7;0;0;0;1;1;A01
201500027465;0;1;0;0;0;5;1;B01
201500027466;0;7;0;0;2;5;12;A01
201500027466;0;33;0;0;2;7;1;B01
201500027467;0;7;0;0;0;1;15;A01
201500027467;0;2;0;0;0;1;0;B01
201500027468;0;7;0;0;2;1;1;A01
201500027468;0;7;0;0;2;4;1;B01
201500027469;0;7;0;0;1;1;1;A01
201500027470;0;7;0;0;0;0;0;A01
201500027471;0;2;0;0;0;1;1;B01
201500027471;0;7;0;0;0;8;10;A01
201500027472;0;7;0;0;1;1;1;A01
201500027473;0;7;0;0;0;2;1;A01
201500027473;0;1;0;0;0;1;1;B01
201500027474;0;99;0;12;0;1;1;A01
201500027475;0;7;0;0;0;1;1;A01
201500027475;0;7;0;0;0;8;1;B01
201500027476;0;33;0;0;2;0;1;B01
201500027476;0;7;0;0;2;0;1;A01
201500027477;0;2;0;0;1;1;1;A01
201500027478;0;2;0;0;2;4;1;B01
201500027478;1;7;0;0;2;1;1;Z01
201500027479;0;7;0;0;0;1;1;A01
201500027480;0;1;0;0;0;1;1;B01
201500027480;0;7;0;0;0;5;24;A01
201500027481;0;38;0;0;2;0;15;A01
201500027481;0;7;0;0;2;2;15;B01
201500027482;0;2;0;0;0;0;1;A01
201500027483;0;1;0;0;2;1;1;A01
201500027483;0;7;0;0;2;4;1;B01
201500027484;0;7;0;0;2;8;22;A01
201500027484;0;1;0;0;2;1;1;B01
201500027485;0;7;0;0;2;1;1;A01
201500027485;0;7;0;0;2;1;1;B01
201500027485;0;7;0;0;2;1;1;C01
201500027486;0;2;0;0;1;1;1;A01
201500027487;0;7;0;0;1;1;1;A01
201500027488;0;2;0;0;2;1;1;A01
201500027488;0;7;0;0;2;4;1;B01
201500027489;0;1;0;0;2;1;1;A01
201500027489;0;1;0;0;2;4;1;B01
201500027490;0;7;0;0;2;4;1;B01
201500027490;1;7;0;0;2;1;1;Z01
201500027491;0;1;0;0;2;1;1;A01
201500027491;0;7;0;0;2;4;1;B01
201500027492;0;7;0;8;0;1;1;A01
201500027493;0;2;0;0;2;1;1;A01
201500027493;0;7;0;0;2;3;1;B01
201500027494;0;2;0;0;2;1;1;A01
201500027494;0;7;0;0;2;4;1;B01
201500027495;0;1;0;0;2;0;19;B01
201500027495;0;7;0;0;2;1;1;A01
201500027496;0;33;0;0;2;1;1;A01
201500027496;0;7;0;0;0;0;0;B01
201500027497;0;33;0;0;0;0;1;A01
201500027498;0;7;0;0;2;7;1;A01
201500027498;0;7;0;0;2;1;1;B01
201500027499;1;7;0;0;2;1;1;Z01
201500027499;0;7;0;0;2;7;1;B01
201500027500;0;7;0;0;0;0;0;A01
201500027500;0;1;0;0;2;1;1;B01
201500027501;0;7;0;0;2;4;1;C01
201500027501;0;7;0;0;2;4;1;B01
201500027501;0;7;0;0;2;1;1;A01
201500027502;0;7;0;0;2;4;1;B01
201500027502;0;7;0;0;2;1;1;A01
201500027503;0;7;0;0;2;1;1;A01
201500027504;0;7;0;0;2;8;1;B01
201500027504;0;7;0;0;2;1;10;A01
201500027505;0;1;0;0;2;7;19;A01
201500027505;0;7;0;0;2;1;1;B01
201500027506;0;7;0;0;2;4;18;B01
201500027506;0;2;0;0;2;1;1;A01
201500027507;0;2;0;0;2;1;1;A01
201500027507;0;7;0;0;2;4;1;B01
201500027508;0;7;0;0;2;1;15;A01
201500027508;0;2;0;0;2;8;1;B01
201500027509;0;7;0;0;2;0;1;B01
201500027509;0;30;0;0;2;0;1;A01
201500027510;0;7;0;3;0;1;1;A01
201500027511;0;7;0;0;1;1;15;A01
201500027512;0;7;0;0;2;1;1;A01
201500027512;0;33;0;0;2;3;1;B01
201500027513;0;2;0;0;0;0;1;A01
201500027514;0;2;0;0;2;1;1;B01
201500027514;0;7;0;0;2;7;15;A01
201500027515;0;1;0;0;2;1;1;B01
201500027515;0;7;0;0;2;7;16;A01
201500027516;0;7;0;0;1;1;1;A01
201500027517;0;1;0;0;0;0;0;B01
201500027517;0;7;0;0;2;1;1;A01
201500027518;0;7;0;0;1;1;1;A01
201500027519;0;7;0;0;1;1;1;A01
201500027520;0;31;0;0;2;1;1;B01
201500027520;0;7;0;0;2;1;9;A01
201500027521;0;2;0;0;2;2;1;A01
201500027521;0;10;0;0;2;1;1;B01
201500027522;0;2;0;0;1;0;21;A01
201500027523;0;1;0;0;0;0;0;B01
201500027523;0;7;0;0;2;3;15;A01
201500027524;0;7;0;9;0;0;1;A01
201500027525;0;2;0;0;2;6;1;A01
201500027525;0;7;0;0;2;2;15;B01
201500027526;1;2;0;0;2;1;16;Z01
201500027526;0;7;0;0;2;8;1;B01
201500027527;0;2;0;0;0;0;1;A01
201500027528;0;3;0;0;2;3;1;A01
201500027528;0;33;0;0;2;1;1;B01
201500027529;0;2;0;0;2;1;1;A01
201500027529;0;7;0;0;2;8;1;B01
201500027530;0;7;0;0;1;1;1;A01
201500027531;0;1;0;0;2;0;1;B01
201500027531;0;7;0;0;2;3;15;A01
201500027532;0;33;0;0;0;0;1;A01
201500027533;0;7;0;0;2;1;1;A01
201500027533;0;7;0;0;2;1;1;C01
201500027533;0;7;0;0;2;4;1;B01
201500027534;0;7;0;0;1;2;2;A01
201500027535;0;7;0;0;0;1;0;A01
201500027535;0;7;0;0;0;3;0;B01
201500027536;0;7;0;0;0;8;1;A01
201500027537;0;31;0;0;0;2;1;A01
201500027537;0;7;0;0;0;4;1;B01
201500027538;0;2;0;0;0;2;0;A01
201500027538;0;7;0;0;0;3;1;B01
201500027539;0;7;0;0;0;4;1;B01
201500027539;0;7;0;0;0;1;23;A01
201500027540;0;7;0;0;1;0;0;A01
201500027541;0;7;0;0;0;0;0;A01
201500027541;0;7;0;0;0;0;0;B01
201500027542;0;1;0;0;0;0;0;B01
201500027542;0;7;0;0;0;1;0;A01
201500027543;0;7;0;0;2;4;1;B01
201500027543;0;7;0;0;2;1;1;A01
201500027544;0;7;0;2;0;1;1;A01
201500027545;0;7;0;0;2;4;1;B01
201500027545;0;7;0;0;2;1;1;A01
201500027546;0;7;0;0;2;7;16;A01
201500027546;0;1;0;0;2;1;1;B01
201500027547;0;1;0;0;2;0;16;B01
201500027547;0;33;0;0;2;1;1;A01
201500027548;0;2;0;0;0;0;15;A01
201500027548;1;7;0;0;2;0;0;Z01
201500027549;0;7;0;0;0;2;15;A01
201500027549;0;2;0;0;0;1;1;B01
201500027550;0;2;0;0;2;1;1;B01
201500027550;0;7;0;0;2;4;20;A01
201500027551;0;7;0;0;2;1;1;A01
201500027551;0;7;0;0;2;4;1;B01
201500027552;0;7;0;0;2;3;9;A01
201500027552;0;7;0;0;2;2;1;B01
201500027553;0;7;0;0;2;1;1;A01
201500027553;0;7;0;0;2;4;1;B01
201500027554;0;7;0;2;2;1;1;A01
201500027555;0;33;0;0;0;0;21;B01
201500027555;0;7;0;0;0;0;15;A01
201500027556;0;2;0;0;2;0;0;A01
201500027556;0;7;0;0;2;0;0;B01
201500027557;0;7;0;0;2;1;1;B01
201500027557;0;7;0;0;2;3;1;A01
201500027558;0;7;0;0;2;8;15;A01
201500027558;0;31;0;0;0;0;0;B01
201500027559;0;1;0;0;2;0;1;B01
201500027559;0;7;0;0;2;1;1;A01
201500027560;0;7;0;13;0;0;1;A01
201500027561;0;33;0;16;0;0;1;A01
201500027562;0;2;0;0;2;1;1;A01
201500027562;0;7;0;0;2;4;1;B01
201500027563;0;7;0;0;2;2;10;A01
201500027563;0;32;0;0;2;1;1;B01
201500027564;0;7;0;0;2;0;1;B01
201500027564;0;7;0;0;2;0;1;A01
201500027565;0;14;0;0;2;3;15;B01
201500027565;0;7;0;6;2;2;16;A01
201500027566;0;33;0;0;0;0;1;A01
201500027567;0;2;0;0;2;7;15;A01
201500027567;0;7;0;0;2;3;1;B01
201500027568;0;7;0;0;1;1;1;A01
201500027569;0;7;0;0;0;3;0;B01
201500027569;0;7;0;0;0;1;0;A01
201500027570;0;7;0;0;0;4;24;D01
201500027570;0;7;0;0;0;1;0;A01
201500027570;0;7;0;0;0;5;24;C01
201500027570;0;7;0;0;0;7;24;B01
201500027571;0;7;0;0;0;1;1;A01
201500027572;0;7;0;0;0;3;0;B01
201500027572;0;2;0;0;0;7;15;A01
201500027573;0;7;0;0;0;6;23;B01
201500027573;0;31;0;0;0;7;1;A01
201500027574;0;1;0;0;0;1;19;B01
201500027574;0;7;0;0;0;2;1;A01
201500027575;0;7;0;0;0;6;16;B01
201500027575;0;2;0;0;0;1;1;A01
201500027576;1;7;0;0;1;0;0;Z01
201500027577;0;7;0;0;0;2;1;B01
201500027577;0;7;0;0;0;3;16;A01
201500027578;0;7;0;0;0;8;1;A01
201500027578;0;7;0;0;0;1;1;B01
201500027579;0;7;0;0;0;2;1;A01
201500027579;0;7;0;0;0;3;24;B01
201500027579;0;7;0;0;0;2;24;C01
201500027580;0;7;0;0;0;0;15;A01
201500027580;0;2;0;0;0;1;1;B01
201500027581;0;2;0;0;0;0;1;A01
201500027582;1;7;0;0;1;0;0;Z01
201500027583;1;7;0;0;1;1;1;A01
201500027584;0;7;0;0;1;1;15;A01
201500027585;0;7;0;0;2;3;15;A01
201500027585;0;7;0;0;2;3;1;B01
201500027585;0;1;0;0;2;6;1;C01
201500027586;0;7;0;8;0;3;1;A01
201500027587;0;7;0;0;2;8;1;B01
201500027587;0;15;0;0;2;3;1;A01
201500027588;0;15;0;0;2;8;17;A01
201500027588;0;7;0;0;2;1;1;B01
201500027589;0;7;0;0;2;1;1;B01
201500027589;0;7;0;0;2;7;1;A01
201500027590;0;7;0;0;2;1;1;B01
201500027590;0;7;0;0;2;1;1;A01
201500027591;0;30;0;0;2;0;0;A01
201500027591;0;7;0;0;2;0;1;B01
201500027592;0;1;0;0;0;0;1;A01
201500027593;0;7;0;0;1;1;1;A01
201500027594;0;40;0;0;1;1;1;A01
201500027595;0;7;0;0;0;9;2;A01
201500027595;0;7;0;0;0;4;24;B01
201500027595;0;7;0;0;0;4;24;C01
201500027596;0;7;0;0;0;9;10;A01
201500027596;0;7;0;0;0;2;1;B01
201500027596;0;7;0;0;0;4;24;C01
201500027596;0;7;0;0;0;4;24;D01
201500027596;0;7;0;0;0;1;24;E01
201500027597;0;7;0;0;2;3;1;A01
201500027597;0;7;0;0;2;3;1;B01
201500027598;0;1;0;0;2;0;1;B01
201500027598;0;7;0;0;2;2;15;A01
201500027599;0;7;0;0;2;2;1;B01
201500027599;0;1;0;0;2;4;11;A01
201500027600;0;7;0;0;2;3;1;B01
201500027600;0;7;0;0;2;7;10;A01
201500027601;0;7;0;0;2;3;1;B01
201500027601;0;7;0;0;2;1;1;A01
201500027602;0;7;0;0;2;1;1;A01
201500027602;0;7;0;0;2;4;1;B01
201500027602;0;7;0;0;2;4;1;C01
201500027603;0;1;0;0;1;0;18;A01
201500027604;0;7;0;0;1;1;15;A01
201500027605;0;1;0;0;2;2;1;B01
201500027605;0;7;0;0;2;2;15;A01
201500027606;0;7;0;0;1;1;1;A01
201500027607;0;33;0;0;0;0;21;B01
201500027607;0;7;0;0;0;0;9;A01
201500027608;0;2;0;0;0;0;1;A01
201500027609;0;1;0;0;2;4;1;B01
201500027609;0;7;0;0;2;1;1;A01
201500027610;0;7;0;0;2;1;1;A01
201500027610;0;7;0;0;2;2;1;B01
201500027611;0;7;0;0;2;4;20;A01
201500027611;0;1;0;0;2;0;1;B01
201500027612;0;7;0;0;2;4;23;C01
201500027612;0;7;0;0;2;4;23;B01
201500027612;0;7;0;0;2;1;1;A01
201500027613;0;2;0;0;2;0;1;B01
201500027613;0;7;0;0;2;3;1;A01
201500027614;0;1;0;0;2;8;1;A01
201500027614;0;7;0;0;2;1;1;B01
201500027615;0;1;0;0;2;7;1;B01
201500027615;0;7;0;0;2;1;1;A01
201500027616;0;7;0;0;2;1;1;A01
201500027616;0;7;0;0;2;4;0;B01
201500027617;0;7;0;0;1;2;1;A01
201500027618;0;7;0;3;0;1;15;A01
201500027619;0;7;0;0;2;3;1;A01
201500027619;0;7;0;0;2;7;1;B01
201500027620;0;1;0;0;2;7;1;B01
201500027620;0;7;0;0;2;8;22;A01
201500027621;0;7;0;0;0;0;1;A01
201500027622;0;7;0;0;2;3;10;A01
201500027622;0;1;0;0;2;0;1;B01
201500027623;0;7;0;0;2;3;1;B01
201500027623;0;7;0;0;2;5;1;A01
201500027624;0;7;0;0;2;4;1;B01
201500027624;0;7;0;0;2;1;1;A01
201500027624;0;7;0;0;2;4;1;C01
201500027625;0;7;0;0;2;8;13;A01
201500027625;0;1;0;0;2;0;1;B01
201500027626;0;7;0;0;1;1;1;A01
201500027627;0;7;0;0;1;1;1;A01
201500027628;0;7;0;0;1;1;1;A01
201500027629;0;2;0;0;2;0;15;A01
201500027629;0;7;0;0;2;1;1;B01
201500027630;0;7;0;0;2;2;15;A01
201500027630;0;7;0;0;2;3;1;B01
201500027631;0;2;0;0;2;1;1;A01
201500027631;0;7;0;0;2;7;1;B01
201500027632;0;7;0;0;2;8;10;A01
201500027632;0;1;0;0;2;1;1;B01
201500027633;0;2;0;0;2;7;1;B01
201500027633;0;7;0;0;2;1;1;A01
201500027634;0;7;0;0;1;1;15;A01
201500027635;0;32;0;0;2;7;1;B01
201500027635;0;7;0;0;2;3;15;A01
201500027636;0;7;0;0;2;1;1;A01
201500027636;0;7;0;0;2;8;15;B01
201500027637;0;7;0;0;2;1;13;A01
201500027637;0;1;0;0;2;1;0;B01
201500027637;0;7;0;0;0;0;24;C01
201500027638;0;30;0;0;2;1;1;A01
201500027638;0;7;0;0;2;2;0;B01
201500027639;0;3;0;0;2;1;2;A01
201500027639;0;7;0;0;0;4;23;B01
201500027640;0;13;0;0;1;1;2;A01
201500027641;0;7;0;8;0;1;1;A01
201500027642;0;7;0;3;0;1;1;A01
201500027643;0;7;0;0;2;3;15;A01
201500027643;0;30;0;0;2;3;1;B01
201500027644;0;7;0;0;2;1;1;A01
201500027644;0;7;0;0;2;4;1;B01
201500027644;0;7;0;0;2;4;1;C01
201500027645;0;7;0;0;2;1;1;A01
201500027645;0;7;0;0;2;4;1;B01
201500027646;0;1;0;0;2;0;1;B01
201500027646;0;7;0;0;2;7;16;A01
201500027647;0;7;0;0;1;1;1;A01
201500027648;0;2;0;0;0;0;1;A01
201500027649;0;7;0;8;0;1;1;A01
201500027650;0;7;0;8;0;0;0;A01
201500027651;0;7;0;0;1;1;16;A01
201500027652;0;7;0;0;2;3;16;A01
201500027652;0;31;0;0;2;1;1;B01
201500027653;0;7;0;0;0;1;1;A01
201500027654;0;7;0;0;0;3;1;B01
201500027654;0;7;0;0;0;3;15;A01
201500027655;0;7;0;0;0;1;1;A01
201500027656;0;7;0;0;0;6;20;A01
201500027656;0;7;0;0;0;1;1;B01
201500027657;0;7;0;0;0;5;16;A01
201500027657;0;1;0;0;0;8;1;B01
201500027658;0;7;0;0;0;1;13;A01
201500027658;0;7;0;0;0;1;1;B01
201500027659;0;7;0;0;2;1;15;A01
201500027659;0;1;0;0;2;3;1;B01
201500027660;0;7;0;0;2;8;1;A01
201500027660;0;7;0;0;2;2;1;B01
201500027661;0;7;0;0;2;7;16;A01
201500027661;0;1;0;0;0;0;0;B01
201500027662;0;7;0;0;2;4;1;B01
201500027662;0;7;0;0;2;1;1;A01
201500027663;0;7;0;0;2;1;1;B01
201500027663;0;7;0;0;2;8;1;A01
201500027664;0;33;0;0;0;0;1;A01
201500027665;0;7;0;0;0;0;1;A01
201500027666;0;7;0;0;1;0;0;A01
201500027667;0;7;0;0;1;1;15;A01
201500027668;0;34;0;0;0;0;1;A01
201500027669;0;33;0;0;2;0;1;A01
201500027670;0;7;0;0;2;7;16;B01
201500027670;0;1;0;0;2;1;1;A01
201500027671;0;7;0;14;1;0;1;A01
201500027672;0;1;0;0;2;8;0;B01
201500027672;0;7;0;0;2;7;0;A01
201500027673;0;7;0;0;0;4;0;A01
201500027673;0;7;0;0;2;1;0;B01
201500027674;0;7;0;0;1;7;0;A01
201500027675;0;7;0;0;1;0;;A01
201500027676;0;7;0;0;2;4;1;B01
201500027676;0;7;0;0;2;1;1;A01
201500027677;0;7;0;0;1;1;1;A01
201500027678;0;7;0;0;2;3;1;B01
201500027678;0;7;0;0;2;2;1;A01
201500027679;0;3;0;12;0;0;1;A01
201500027680;0;7;0;10;0;1;1;A01
201500027681;0;37;0;0;2;8;1;B01
201500027681;0;2;0;0;2;7;1;A01
201500027682;0;1;0;0;2;8;1;B01
201500027682;0;7;0;0;2;7;16;A01
201500027683;0;2;0;0;0;0;1;A01
201500027684;0;7;0;0;2;1;1;A01
201500027684;0;7;0;0;2;4;1;B01
201500027685;0;7;0;0;2;0;1;B01
201500027685;0;7;0;0;2;2;12;A01
201500027686;0;7;0;0;2;1;1;A01
201500027686;0;7;0;0;2;4;1;B01
201500027687;0;7;0;0;2;1;1;A01
201500027687;0;7;0;0;2;4;1;B01
201500027688;0;7;0;0;1;1;1;A01
201500027689;0;7;0;4;2;0;1;A01
201500027690;0;2;0;0;0;0;1;A01
201500027691;0;7;0;0;2;7;16;A01
201500027691;0;1;0;0;2;8;1;B01
201500027692;0;7;0;0;1;1;1;A01
201500027693;0;7;0;0;2;3;20;A01
201500027693;0;7;0;0;0;2;1;B01
201500027694;0;10;0;0;2;3;15;A01
201500027694;0;30;0;0;2;1;1;B01
201500027695;0;30;0;0;2;1;1;A01
201500027695;0;7;0;0;2;7;0;B01
201500027696;0;1;0;0;0;0;0;A01
201500027697;1;1;0;0;1;1;1;Z01
201500027698;0;7;0;0;2;0;0;B01
201500027698;0;7;0;0;0;0;0;A01
201500027699;0;7;0;0;1;1;0;A01
201500027700;0;33;0;0;0;0;1;A01
201500027701;0;7;0;0;2;8;1;A01
201500027701;0;33;0;0;2;1;1;B01
201500027702;0;7;0;2;0;1;1;A01
201500027703;0;7;0;0;2;2;0;A01
201500027703;0;7;0;0;2;7;0;B01
201500027704;0;30;0;0;2;1;1;B01
201500027704;0;7;0;0;2;1;15;A01
201500027705;0;7;0;13;0;1;0;A01
201500027706;0;7;0;0;2;2;15;A01
201500027706;0;7;0;1;2;4;1;B01
201500027707;0;7;0;0;1;1;1;A01
201500027708;0;7;0;0;2;2;1;A01
201500027708;0;7;0;0;2;8;1;B01
201500027709;0;7;0;0;2;8;1;A01
201500027709;0;7;0;0;2;3;0;B01
201500027710;0;7;0;0;2;1;1;A01
201500027710;0;7;0;0;2;4;1;B01
201500027711;0;7;0;0;2;3;1;B01
201500027711;0;7;0;0;2;2;15;A01
201500027712;0;7;0;0;2;1;2;A01
201500027712;0;7;0;0;0;4;2;C01
201500027712;0;7;0;0;0;4;2;B01
201500027713;0;7;0;0;2;2;16;A01
201500027713;0;7;0;0;2;3;7;B01
201500027714;0;7;0;0;2;0;0;A01
201500027714;0;7;0;0;0;0;0;B01
201500027715;0;30;0;0;0;1;0;A01
201500027716;0;7;0;0;1;2;1;A01
201500027717;0;7;0;0;2;1;1;B01
201500027717;0;7;0;0;2;1;0;A01
201500027718;0;37;0;0;0;0;0;B01
201500027718;0;3;0;0;2;3;0;A01
201500027719;0;2;0;0;0;7;1;A01
201500027720;0;7;0;0;2;2;22;A01
201500027720;0;2;0;0;2;1;1;B01
201500027721;1;7;0;0;0;0;1;B01
201500027721;0;7;0;15;0;9;14;A01
201500027722;1;30;0;0;1;0;0;A01
201500027723;0;7;0;0;1;1;1;A01
201500027724;0;7;0;0;2;2;16;A01
201500027724;0;1;0;0;2;1;18;B01
201500027725;0;7;0;0;2;1;19;A01
201500027725;0;7;0;0;2;8;1;B01
201500027726;0;7;0;0;2;3;1;B01
201500027726;0;7;0;0;2;1;15;A01
201500027727;0;10;0;0;1;3;15;A01
201500027728;0;7;0;14;0;3;0;A01
201500027729;0;7;0;0;1;3;1;A01
201500027730;0;7;0;0;2;1;13;A01
201500027730;0;7;0;0;2;1;1;B01
201500027731;0;7;0;0;2;2;1;B01
201500027731;1;7;0;0;2;3;1;A01
201500027732;0;7;0;0;0;0;0;B01
201500027732;0;7;0;0;2;1;2;A01
201500027733;0;7;0;0;1;1;1;A01
201500027734;0;7;0;0;2;3;17;A01
201500027734;0;33;0;0;2;5;17;B01
201500027735;1;7;0;0;1;1;1;A01
201500027736;0;7;0;8;0;1;14;A01
201500027737;1;7;0;0;1;0;0;Z01
201500027738;0;2;0;0;1;1;2;A01
201500027739;1;7;0;0;1;0;0;A01
201500027740;0;7;0;0;1;3;1;A01
201500027741;0;7;0;0;2;6;13;A01
201500027741;0;7;0;0;2;8;1;B01
201500027742;0;7;0;0;2;3;1;B01
201500027742;0;30;0;0;2;2;15;A01
201500027743;0;7;0;0;1;1;1;A01
201500027744;0;7;0;0;1;3;1;A01
201500027745;0;7;0;0;2;3;21;B01
201500027745;0;7;0;0;2;2;16;A01
201500027746;0;7;0;0;2;7;2;A01
201500027746;0;7;0;0;2;1;1;B01
201500027747;0;7;0;0;2;1;11;A01
201500027747;0;7;0;3;0;4;23;B01
201500027748;0;7;0;2;0;1;16;A01
201500027749;0;37;0;0;0;0;0;B01
201500027749;0;7;0;0;2;8;1;A01
201500027750;0;2;0;0;0;1;1;A01
201500027751;0;7;0;0;1;1;1;A01
201500027752;0;7;0;0;2;1;1;B01
201500027752;0;7;0;0;2;0;13;A01
201500027753;0;30;0;0;1;1;1;A01
201500027754;0;7;0;0;1;1;1;A01
201500027755;0;7;0;0;2;1;9;A01
201500027755;0;7;0;0;2;7;0;B01
201500027756;0;7;0;0;2;3;15;A01
201500027756;0;7;0;0;2;2;2;B01
201500027757;0;7;0;0;1;1;14;A01
201500027758;0;7;0;0;2;2;15;B01
201500027758;0;7;0;0;2;1;15;C01
201500027758;0;7;0;0;2;1;2;A01
201500027759;0;7;0;0;2;1;14;A01
201500027760;0;7;0;0;2;1;19;A01
201500027760;0;7;0;0;2;7;1;B01
201500027761;2;7;0;0;2;1;19;A01
201500027761;0;7;0;0;2;3;1;B01
201500027762;0;7;0;14;2;1;1;A01
201500027762;0;7;0;0;2;4;1;B01
201500027763;0;7;0;0;2;3;19;A01
201500027763;0;2;0;0;2;1;0;B01
201500027764;0;7;0;0;2;3;0;A01
201500027764;0;30;0;0;0;0;0;B01
201500027765;0;37;0;0;1;2;16;A01
201500027766;0;7;0;0;2;8;0;B01
201500027766;0;15;0;0;2;1;0;A01
201500027767;0;7;0;0;2;1;9;A01
201500027767;0;1;0;0;2;7;2;B01
201500027768;0;1;0;0;2;0;0;B01
201500027768;0;7;0;0;2;8;1;A01
201500027769;0;7;0;0;2;8;2;B01
201500027769;0;7;0;0;2;3;13;A01
201500027770;0;2;0;0;2;4;2;A01
201500027770;0;7;0;0;2;4;23;B01
201500027771;0;7;0;0;2;1;2;A01
201500027771;0;7;0;0;2;4;23;B01
201500027771;0;7;0;0;2;4;23;C01
201500027772;0;7;0;1;0;1;21;A01
201500027773;0;7;0;0;1;1;1;A01
201500027774;0;7;0;6;0;1;19;A01
201500027775;0;1;0;0;9;1;2;A01
201500027776;0;7;0;0;2;1;1;A01
201500027776;0;7;0;4;2;4;2;B01
201500027777;0;30;0;12;0;0;14;A01
201500027778;0;13;0;0;2;1;2;A01
201500027778;0;7;0;14;2;4;23;B01
201500027779;0;7;0;0;2;1;2;A01
201500027779;0;7;0;0;2;4;23;B01
201500027780;0;7;0;14;2;8;13;A01
201500027780;0;7;0;0;2;7;1;B01
201500027781;0;30;0;0;2;1;2;A01
201500027781;0;7;0;0;2;4;23;B01
201500027782;0;7;0;0;1;8;15;A01
201500027783;0;30;0;0;0;0;15;A01
201500027784;0;7;0;0;2;1;1;A01
201500027784;0;7;0;0;2;3;15;B01
201500027785;0;7;0;0;2;3;1;B01
201500027785;0;2;0;0;2;0;1;A01
201500027786;0;7;0;0;2;4;1;B01
201500027786;0;7;0;0;2;4;1;C01
201500027786;0;10;0;0;2;1;1;A01
201500027786;0;10;0;0;2;5;1;D01
201500027787;0;10;0;0;2;1;15;A01
201500027787;0;7;0;0;2;8;1;B01
201500027788;0;7;0;0;2;3;15;A01
201500027788;0;7;0;0;2;1;1;B01
201500027789;0;2;0;0;2;4;1;B01
201500027789;1;7;0;0;2;1;1;A01
201500027790;0;7;0;0;1;7;1;A01
201500027791;0;7;0;0;1;1;16;A01
201500027792;0;33;0;0;2;1;0;A01
201500027792;0;33;0;0;2;4;1;B01
201500027793;0;7;0;0;2;8;24;A01
201500027793;0;1;0;1;0;1;1;B01
201500027794;0;37;0;0;2;1;1;A01
201500027794;0;7;0;0;2;1;23;C01
201500027794;0;7;0;0;2;8;1;B01
201500027795;0;7;0;0;2;3;13;A01
201500027795;0;15;0;0;2;3;1;B01
201500027796;0;7;0;0;2;1;1;B01
201500027796;0;10;0;0;2;3;13;A01
201500027797;0;33;0;12;0;7;1;A01
201500027798;0;30;0;0;1;1;1;A01
201500027799;0;7;0;6;0;2;14;A01
201500027799;0;7;0;0;2;5;24;B01
201500027800;2;7;0;0;2;2;1;A01
201500027800;0;7;0;7;2;8;15;B01
201500027801;0;33;0;15;0;7;1;A01
201500027802;0;7;0;3;2;9;11;A01
201500027802;0;15;0;0;2;2;1;B01
201500027802;0;7;0;0;2;1;1;C01
201500027802;0;7;0;0;2;1;1;D01
201500027803;0;7;0;0;2;1;1;A01
201500027803;0;32;0;0;0;0;0;B01
201500027804;0;30;0;0;2;1;5;A01
201500027804;0;7;0;0;2;1;1;B01
201500027805;0;7;0;0;1;1;1;A01
201500027806;2;7;0;0;2;7;20;A01
201500027806;0;30;0;0;2;1;3;B01
201500027807;0;7;0;0;1;2;1;A01
201500027808;0;7;0;0;1;2;1;A01
201500027809;0;7;0;0;1;1;1;A01
201500027810;0;7;0;0;1;3;1;A01
201500027811;0;33;0;0;2;5;1;A01
201500027812;0;7;0;0;1;4;4;A01
201500027813;0;7;0;0;2;3;15;A01
201500027813;0;7;0;0;2;3;1;B01
201500027814;0;7;0;0;1;3;1;A01
201500027815;0;7;0;0;2;3;20;A01
201500027815;0;2;0;0;2;1;1;B01
201500027816;0;7;0;0;2;7;15;A01
201500027816;0;7;0;0;2;1;1;B01
201500027817;0;7;0;0;1;4;23;B01
201500027817;0;7;0;0;2;1;1;A01
201500027818;0;7;0;0;2;3;13;A01
201500027818;0;14;0;0;2;6;1;B01
201500027818;0;7;0;0;2;1;1;C01
201500027818;0;14;0;0;2;2;1;D01
201500027819;0;7;0;0;2;1;13;A01
201500027819;0;7;0;0;2;8;1;B01
201500027820;0;7;0;0;2;3;15;A01
201500027820;0;7;0;0;2;1;1;B01
201500027820;0;7;0;0;2;1;2;C01
201500027821;0;2;0;0;0;8;1;A01
201500027822;0;10;0;0;1;0;1;A01
201500027823;0;7;0;0;2;4;1;A01
201500027823;0;2;0;0;2;1;2;B01
201500027824;0;7;0;0;2;1;15;A01
201500027824;0;2;0;0;2;1;1;B01
201500027825;0;7;0;0;2;3;15;A01
201500027825;0;2;0;0;2;1;1;B01
201500027826;1;7;0;0;2;1;19;Z01
201500027826;0;30;0;0;2;8;1;A01