num_acc;senc;catv;occutc;obs;obsm;choc;manv;num_veh
201500028586;0;7;0;0;1;0;0;A01
201500028587;0;7;0;0;2;1;1;B01
201500028587;0;7;0;0;2;2;15;A01
201500028588;0;7;0;0;2;8;15;A01
201500028588;0;34;0;0;2;1;1;B01
201500028589;0;7;0;0;2;1;1;A01
201500028589;0;40;0;0;2;6;1;B01
201500028590;0;7;0;0;2;4;2;B01
201500028590;0;7;0;0;2;1;2;A01
201500028590;0;10;0;0;2;4;2;C01
201500028591;0;1;0;0;2;1;9;A01
201500028591;1;7;0;0;2;7;1;Z01
201500028592;0;7;0;0;1;7;5;A01
201500028593;0;7;0;0;2;1;2;A01
201500028593;0;7;0;0;2;4;23;B01
201500028594;0;7;0;0;1;3;0;A01
201500028595;0;7;0;0;1;1;1;A01
201500028596;1;7;0;0;2;0;9;Z01
201500028596;0;37;0;0;2;1;1;B01
201500028597;1;7;0;0;1;7;1;Z01
201500028598;0;7;0;0;1;1;15;A01
201500028599;1;20;0;0;1;1;0;A01
201500028600;1;7;0;0;1;3;0;A01
201500028601;0;7;0;0;2;4;2;B01
201500028601;0;33;0;0;2;1;2;A01
201500028602;0;7;0;0;2;0;4;A01
201500028602;0;30;0;0;2;0;1;B01
201500028603;0;7;0;0;2;6;15;B01
201500028603;0;31;0;0;2;1;17;A01
201500028604;0;32;0;0;2;8;1;B01
201500028604;0;7;0;9;2;2;1;A01
201500028605;0;7;0;0;1;1;1;A01
201500028606;0;1;0;0;2;1;1;A01
201500028606;0;7;0;0;2;3;15;B01
201500028607;0;7;0;12;2;4;1;B01
201500028607;1;7;0;0;2;1;2;Z01
201500028608;0;30;0;0;2;1;1;A01
201500028608;0;7;0;0;2;1;1;B01
201500028609;0;7;0;0;2;4;2;B01
201500028609;0;7;0;0;2;4;2;C01
201500028609;0;10;0;0;2;1;2;A01
201500028610;0;7;0;1;2;8;9;A01
201500028610;0;34;0;0;2;2;1;B01
201500028611;0;7;0;0;2;5;1;B01
201500028611;0;33;0;0;2;1;1;A01
201500028612;0;7;0;0;1;2;16;A01
201500028613;0;7;0;1;0;2;14;A01
201500028614;0;30;0;13;0;1;14;A01
201500028615;0;7;0;0;2;1;2;A01
201500028615;0;7;0;0;2;4;2;B01
201500028616;0;7;0;0;1;4;4;A01
201500028617;0;14;0;0;1;2;1;A01
201500028618;0;7;0;0;2;4;2;B01
201500028618;0;7;0;0;2;1;2;A01
201500028619;0;1;0;0;2;4;16;B01
201500028619;1;7;0;0;2;0;0;Z01
201500028620;0;7;0;0;1;3;1;A01
201500028621;0;7;0;2;0;0;0;A01
201500028622;0;7;0;0;2;8;1;A01
201500028622;0;7;0;0;2;0;17;B01
201500028623;0;7;0;0;1;2;1;A01
201500028624;0;30;0;0;2;1;1;A01
201500028624;0;7;0;0;2;6;23;B01
201500028625;0;7;0;0;2;1;2;A01
201500028625;0;7;0;0;2;4;23;B01
201500028626;0;7;0;0;2;4;23;B01
201500028626;1;7;0;0;2;1;2;Z01
201500028627;0;7;0;9;0;0;1;A01
201500028628;0;7;0;0;1;7;1;A01
201500028629;0;7;0;0;2;1;0;A01
201500028629;0;7;0;0;2;2;2;B01
201500028630;0;33;0;0;2;3;1;A01
201500028630;0;7;0;0;2;3;1;B01
201500028631;0;7;0;0;2;3;15;A01
201500028631;0;7;0;0;2;2;1;B01
201500028632;0;7;0;0;2;1;15;A01
201500028632;0;7;0;0;2;1;1;B01
201500028633;0;7;0;0;1;1;1;A01
201500028634;0;7;0;0;2;1;1;B01
201500028634;0;7;0;0;2;2;15;A01
201500028635;0;7;0;0;2;1;2;A01
201500028635;0;7;0;0;2;4;2;C01
201500028635;0;7;0;0;2;4;2;B01
201500028636;0;7;0;0;2;4;2;B01
201500028636;0;7;0;0;2;1;2;A01
201500028636;0;7;0;0;2;4;2;D01
201500028636;0;7;0;0;2;4;2;C01
201500028636;0;7;0;0;2;4;2;E01
201500028637;0;7;0;0;2;1;2;A01
201500028637;0;10;0;0;2;4;2;B01
201500028638;0;7;0;0;2;4;2;B01
201500028638;0;7;0;0;2;1;2;A01
201500028639;0;7;0;0;2;1;15;A01
201500028639;0;1;0;0;2;8;1;B01
201500028640;0;30;0;0;2;1;2;A01
201500028640;0;7;0;0;2;6;2;B01
201500028641;0;7;0;0;2;4;23;B01
201500028641;0;31;0;0;2;1;2;A01
201500028642;1;1;0;0;1;0;0;Z01
201500028643;0;7;0;0;2;4;23;B01
201500028643;0;7;0;0;2;1;2;A01
201500028644;0;31;0;0;2;1;1;A01
201500028644;0;7;0;0;2;6;1;B01
201500028645;0;7;0;0;2;4;2;B01
201500028645;0;7;0;0;2;1;2;A01
201500028645;0;7;0;0;2;4;2;C01
201500028646;0;7;0;0;2;3;1;B01
201500028646;0;1;0;0;2;1;1;A01
201500028647;0;33;0;0;2;1;17;A01
201500028647;0;7;0;0;2;8;15;B01
201500028648;0;7;0;0;2;4;2;B01
201500028648;0;7;0;0;2;1;2;A01
201500028649;0;7;0;0;2;4;23;B01
201500028649;1;7;0;0;2;1;2;Z01
201500028650;0;7;0;1;0;1;15;A01
201500028651;0;7;0;0;2;1;2;A01
201500028651;0;33;0;0;2;4;2;B01
201500028652;1;1;0;0;2;0;0;A01
201500028652;0;1;0;0;2;4;1;B01
201500028653;0;7;0;0;2;8;20;A01
201500028653;0;2;0;0;2;2;1;B01
201500028654;0;10;0;0;1;3;15;A01
201500028655;0;7;0;0;2;8;15;B01
201500028655;0;33;0;0;2;1;17;A01
201500028656;0;7;0;0;2;3;1;B01
201500028656;1;1;0;0;2;1;0;A01
201500028657;0;7;0;0;1;3;15;A01
201500028658;1;1;0;0;1;3;0;A01
201500028659;0;7;0;0;2;1;1;A01
201500028659;0;7;0;0;2;4;20;B01
201500028660;0;7;0;0;2;7;15;A01
201500028660;0;7;0;0;2;3;1;B01
201500028661;0;7;0;0;2;7;16;B01
201500028661;0;2;0;0;2;3;7;A01
201500028662;0;7;0;0;2;1;2;A01
201500028662;0;7;0;0;2;4;2;B01
201500028662;0;7;0;0;2;4;2;C01
201500028663;0;7;0;13;0;1;1;A01
201500028664;0;7;0;2;0;7;1;A01
201500028665;0;7;0;0;1;3;1;A01
201500028666;0;7;0;0;2;4;2;B01
201500028666;1;7;0;0;2;1;2;A01
201500028667;0;7;0;0;2;4;23;C01
201500028667;0;7;0;0;2;4;23;B01
201500028667;0;7;0;0;2;1;2;A01
201500028668;0;30;0;0;2;1;7;A01
201500028668;0;7;0;0;2;8;15;B01
201500028669;0;7;0;0;9;1;15;A01
201500028669;0;2;0;0;2;8;1;B01
201500028670;0;7;0;0;2;2;1;B01
201500028670;0;7;0;0;2;2;15;A01
201500028671;0;1;0;0;2;1;1;A01
201500028671;0;7;0;0;2;7;1;B01
201500028672;0;31;0;0;2;4;1;B01
201500028672;0;7;0;0;2;1;1;A01
201500028673;0;30;0;0;2;4;1;B01
201500028673;1;7;0;0;2;1;0;A01
201500028674;0;7;0;1;1;5;4;A01
201500028675;0;31;0;0;1;1;1;A01
201500028676;0;1;0;0;2;1;1;A01
201500028676;0;7;0;0;2;4;1;B01
201500028677;0;7;0;0;2;3;15;A01
201500028677;0;7;0;0;2;3;1;B01
201500028678;0;10;0;0;2;5;15;A01
201500028678;0;33;0;0;2;1;1;B01
201500028679;0;7;0;0;2;3;15;A01
201500028679;0;7;0;0;2;1;1;B01
201500028680;0;7;0;0;2;4;2;B01
201500028680;0;7;0;0;2;1;2;A01
201500028681;0;7;0;0;1;4;4;A01
201500028682;0;7;0;0;9;8;21;B01
201500028682;0;33;0;0;2;0;17;A01
201500028683;0;37;0;0;2;2;1;B01
201500028683;0;7;0;0;2;3;15;A01
201500028684;0;1;0;0;2;1;5;A01
201500028684;0;7;0;0;2;1;1;B01
201500028685;1;1;0;0;2;1;2;Z01
201500028685;0;7;0;0;2;4;2;B01
201500028686;1;10;0;0;1;2;1;Z01
201500028687;0;7;0;9;0;3;13;A01
201500028688;0;7;0;0;2;4;2;C01
201500028688;0;7;0;0;2;4;2;B01
201500028688;0;7;0;0;2;1;2;A01
201500028689;0;31;0;0;2;1;1;A01
201500028689;0;7;0;0;2;3;15;B01
201500028690;0;7;0;0;2;1;1;B01
201500028690;0;7;0;0;2;5;1;A01
201500028691;0;33;0;0;2;1;1;A01
201500028691;0;7;0;0;2;3;15;B01
201500028692;0;7;0;0;2;2;1;B01
201500028692;0;7;0;0;2;1;9;A01
201500028693;0;7;0;0;2;1;17;A01
201500028693;0;7;0;0;2;6;2;B01
201500028693;0;7;0;0;2;1;1;C01
201500028694;0;2;0;0;0;0;0;B01
201500028694;0;7;0;0;0;0;0;A01
201500028695;0;7;0;0;2;1;2;A01
201500028695;0;7;0;0;2;4;1;C01
201500028695;0;7;0;0;2;4;1;B01
201500028696;0;7;0;1;0;2;14;A01
201500028697;0;7;0;9;0;3;13;A01
201500028698;1;7;0;0;1;0;0;A01
201500028699;0;1;0;0;2;1;5;A01
201500028699;0;2;0;0;2;1;1;B01
201500028700;0;7;0;0;1;2;1;A01
201500028701;0;7;0;0;1;8;1;A01
201500028702;0;7;0;8;0;1;1;A01
201500028703;0;2;0;0;2;1;15;A01
201500028703;0;7;0;0;2;2;0;B01
201500028704;0;7;0;0;1;3;21;A01
201500028705;0;1;0;0;2;4;2;B01
201500028705;0;30;0;0;9;1;2;A01
201500028706;0;7;0;1;0;2;1;A01
201500028707;0;7;0;0;2;4;2;B01
201500028707;0;7;0;0;2;1;2;A01
201500028707;0;7;0;0;2;4;2;C01
201500028708;0;7;0;0;1;1;1;A01
201500028709;0;7;0;0;1;1;1;A01
201500028710;0;7;0;0;1;3;16;A01
201500028711;0;7;0;0;2;4;2;B01
201500028711;0;7;0;0;2;1;2;A01
201500028712;0;7;0;0;1;4;4;A01
201500028713;0;7;0;9;0;1;14;A01
201500028714;0;7;0;0;2;8;22;A01
201500028714;0;1;0;0;2;2;1;B01
201500028715;0;7;0;0;2;7;15;B01
201500028715;0;31;0;0;2;1;1;A01
201500028716;0;7;0;0;2;8;1;B01
201500028716;0;33;0;0;2;1;13;A01
201500028717;1;7;0;0;2;1;2;A01
201500028717;0;7;0;0;2;4;2;B01
201500028717;0;7;0;0;2;4;2;C01
201500028718;0;7;0;1;2;5;1;E01
201500028718;0;7;0;1;2;3;23;B01
201500028718;0;7;0;15;2;2;14;A01
201500028719;0;7;0;0;2;1;1;B01
201500028719;0;7;0;0;2;7;15;A01
201500028720;0;7;0;1;0;1;0;A01
201500028720;0;7;0;0;2;5;24;B01
201500028721;0;10;0;0;2;1;2;A01
201500028721;0;7;0;0;2;4;2;B01
201500028722;0;7;0;8;0;4;21;A01
201500028723;1;7;0;0;2;0;13;Z01
201500028723;0;1;0;0;2;7;1;B01
201500028724;0;7;0;0;2;1;2;A01
201500028724;0;7;0;0;2;4;23;B01
201500028725;0;7;0;0;1;3;15;A01
201500028726;0;7;0;0;2;1;15;A01
201500028726;0;7;0;0;2;3;1;B01
201500028727;0;7;0;15;2;1;19;A01
201500028727;0;7;0;0;2;3;24;B01
201500028728;0;7;0;0;2;1;2;A01
201500028728;0;7;0;0;2;4;2;B01
201500028729;0;7;0;0;1;3;15;A01
201500028730;0;7;0;0;1;2;1;A01
201500028731;0;1;0;0;2;1;2;A01
201500028731;0;7;0;0;2;4;2;B01
201500028732;0;7;0;0;1;2;16;A01
201500028733;0;7;0;0;2;1;2;A01
201500028733;0;7;0;0;2;4;23;B01
201500028734;0;7;0;0;1;1;1;A01
201500028735;0;7;0;0;2;8;10;B01
201500028735;1;2;0;0;2;1;1;A01
201500028736;0;7;0;0;1;3;1;A01
201500028737;0;2;0;0;2;1;2;B01
201500028737;0;7;0;0;2;3;0;A01
201500028738;0;2;0;0;2;7;0;A01
201500028738;0;7;0;0;2;1;1;B01
201500028739;0;7;0;0;1;2;0;A01
201500028740;0;7;0;0;2;3;2;A01
201500028740;0;7;0;0;2;5;2;B01
201500028741;0;7;0;0;1;2;1;A01
201500028742;0;7;0;8;0;1;14;A01
201500028743;0;10;0;0;2;3;9;A01
201500028743;0;1;0;0;2;2;1;B01
201500028744;0;7;0;0;1;2;1;A01
201500028745;0;7;0;0;2;1;2;A01
201500028745;0;7;0;0;2;4;23;E01
201500028745;0;7;0;0;2;4;2;D01
201500028745;0;10;0;0;2;4;2;B01
201500028745;0;7;0;0;2;4;2;C01
201500028746;0;7;0;0;1;7;1;A01
201500028747;0;30;0;0;2;1;7;A01
201500028747;0;7;0;0;2;3;15;B01
201500028748;0;7;0;0;1;3;1;A01
201500028749;0;7;0;0;2;4;2;B01
201500028749;0;10;0;0;2;1;2;A01
201500028750;0;7;0;0;0;0;12;A01
201500028750;0;37;0;0;0;0;1;B01
201500028751;1;7;0;0;1;0;16;A01
201500028752;0;7;0;0;1;2;15;A01
201500028753;0;7;0;0;2;2;16;B01
201500028753;0;1;0;0;2;1;5;A01
201500028754;0;7;0;0;1;2;16;A01
201500028755;0;7;0;0;1;2;16;A01
201500028756;0;37;0;0;2;8;1;B01
201500028756;0;17;0;0;2;5;0;A01
201500028757;0;7;0;0;2;3;15;A01
201500028757;0;33;0;0;2;1;1;B01
201500028758;0;1;0;0;1;2;1;A01
201500028759;0;7;0;0;1;1;20;A01
201500028760;0;7;0;0;1;1;0;A01
201500028761;0;2;0;0;2;1;1;B01
201500028761;0;7;0;0;2;8;9;A01
201500028762;0;7;0;9;2;3;0;A01
201500028762;0;7;0;0;2;3;1;B01
201500028763;0;7;0;0;2;2;1;B01
201500028763;0;7;0;0;2;3;13;A01
201500028764;0;7;0;0;2;1;1;A01
201500028764;0;3;0;9;2;3;1;B01
201500028765;0;1;0;0;2;1;1;B01
201500028765;0;7;0;0;2;7;16;A01
201500028766;0;7;0;0;1;1;1;A01
201500028767;0;7;0;0;0;4;23;B01
201500028767;0;7;0;0;2;1;2;A01
201500028768;1;7;0;0;1;0;0;Z01
201500028769;0;7;0;0;1;1;1;A01
201500028770;0;30;0;0;1;1;0;A01
201500028771;0;7;0;9;0;1;0;A01
201500028772;0;7;0;0;1;2;1;A01
201500028773;0;30;0;1;0;3;0;A01
201500028773;0;7;0;0;2;0;1;B01
201500028774;0;7;0;0;2;1;16;A01
201500028774;0;1;0;0;2;7;19;B01
201500028775;0;7;0;0;1;0;15;A01
201500028776;0;7;0;0;2;2;1;B01
201500028776;0;7;0;0;2;3;20;A01
201500028777;0;7;0;0;1;1;15;A01
201500028778;0;7;0;0;1;3;15;A01
201500028779;0;7;0;0;2;4;2;B01
201500028779;0;7;0;0;2;1;2;A01
201500028779;0;7;0;0;2;4;2;C01
201500028780;0;7;0;0;1;2;1;A01
201500028781;0;7;0;0;2;4;2;B01
201500028781;0;7;0;0;2;1;2;A01
201500028782;0;7;0;0;2;8;1;A01
201500028782;0;7;0;0;2;1;1;B01
201500028783;0;7;0;0;2;1;2;A01
201500028783;0;7;0;0;2;4;23;B01
201500028784;0;7;0;0;2;7;1;B01
201500028784;0;7;0;0;2;1;1;A01
201500028785;0;7;0;0;2;1;2;A01
201500028785;0;7;0;0;2;4;2;B01
201500028786;0;7;0;0;1;1;15;A01
201500028787;1;1;0;0;1;0;0;Z01
201500028788;0;7;0;0;1;7;1;A01
201500028789;0;7;0;0;2;1;10;A01
201500028789;0;7;0;0;2;1;8;B01
201500028790;0;7;0;9;2;3;1;A01
201500028790;0;7;0;9;2;7;1;B01
201500028791;0;7;0;0;1;7;1;A01
201500028792;0;7;0;0;1;3;15;A01
201500028793;0;1;0;0;1;1;1;A01
201500028794;0;7;0;9;0;1;13;A01
201500028795;0;1;0;0;1;1;1;A01
201500028796;0;7;0;0;1;2;1;A01
201500028797;0;7;0;0;1;1;1;A01
201500028798;0;7;0;0;2;1;2;A01
201500028798;0;7;0;0;0;4;23;C01
201500028798;0;7;0;0;2;4;2;B01
201500028799;0;7;0;0;2;7;1;B01
201500028799;1;7;0;0;2;1;10;Z01
201500028800;0;7;0;0;2;3;15;A01
201500028800;0;7;0;0;2;3;1;B01
201500028800;0;37;10;0;2;3;1;C01
201500028801;1;7;0;0;1;0;16;A01
201500028802;0;7;0;0;2;4;2;C01
201500028802;0;7;0;0;2;4;2;B01
201500028802;0;7;0;0;2;1;2;A01
201500028803;0;7;0;0;1;4;4;A01
201500028804;0;7;0;0;2;7;1;A01
201500028804;0;7;0;0;2;1;1;B01
201500028805;0;7;0;9;0;0;1;A01
201500028806;0;1;0;0;2;1;19;B01
201500028806;0;7;0;0;2;1;16;A01
201500028807;0;30;0;0;2;1;1;B01
201500028807;0;7;0;0;2;1;15;A01
201500028808;0;7;0;13;0;7;0;A01
201500028809;0;10;0;0;2;4;23;B01
201500028809;0;7;0;0;2;1;2;A01
201500028810;0;2;0;0;1;1;1;A01
201500028811;0;7;0;9;0;1;0;A01
201500028812;0;7;0;0;2;1;15;A01
201500028812;0;7;0;0;2;3;1;B01
201500028813;0;7;0;0;1;3;1;A01
201500028814;0;7;0;0;9;2;15;A01
201500028814;0;37;1;0;9;2;23;C01
201500028814;0;2;0;0;2;1;1;B01
201500028815;0;7;0;0;1;3;15;A01
201500028816;0;7;0;0;2;1;1;D01
201500028816;0;7;0;2;2;1;1;B01
201500028816;0;7;0;0;2;3;13;A01
201500028817;0;7;0;0;2;1;2;A01
201500028817;0;7;0;0;2;4;23;B01
201500028818;0;7;0;0;2;1;1;B01
201500028818;0;7;0;0;2;2;15;A01
201500028819;0;7;0;0;1;1;15;A01
201500028820;0;7;0;0;1;4;4;A01
201500028821;0;7;0;0;1;6;1;A01
201500028822;0;7;0;0;2;2;13;A01
201500028822;0;7;0;0;2;0;15;B01
201500028823;0;7;0;0;1;4;4;A01
201500028824;0;7;0;0;2;3;15;A01
201500028824;0;31;0;0;2;8;1;B01
201500028825;0;7;0;0;2;3;11;A01
201500028825;0;7;0;0;2;3;1;B01
201500028825;0;7;0;0;2;3;1;C01
201500028826;0;13;0;3;0;1;13;A01
201500028827;0;13;0;0;1;2;1;A01
201500028828;0;1;0;1;0;0;0;A01
201500028829;0;7;0;0;1;2;15;A01
201500028830;0;7;0;0;2;2;15;A01
201500028830;0;7;0;0;2;1;1;B01
201500028831;0;30;0;0;2;1;1;B01
201500028831;0;7;0;0;2;3;15;A01
201500028832;0;7;0;0;1;7;1;A01
201500028833;0;1;0;0;2;7;15;B01
201500028833;0;7;0;0;2;8;15;A01
201500028834;0;7;0;0;2;3;1;B01
201500028834;0;7;0;9;1;3;16;A01
201500028835;0;7;0;0;2;1;1;B01
201500028835;0;31;0;0;2;7;1;A01
201500028836;0;33;0;0;2;1;5;A01
201500028836;0;7;0;0;2;1;5;B01
201500028837;0;7;0;0;2;1;5;A01
201500028837;0;7;0;0;0;0;0;B01
201500028838;0;7;0;15;0;0;15;A01
201500028839;0;7;0;0;2;1;15;A01
201500028839;0;7;0;0;2;8;1;B01
201500028840;0;7;0;0;2;2;1;A01
201500028840;0;1;0;0;2;1;5;B01
201500028841;0;7;0;0;2;3;1;B01
201500028841;0;30;0;12;2;1;15;A01
201500028842;0;7;0;2;0;1;15;A01
201500028842;1;7;0;0;0;0;9;Z01
201500028843;0;7;0;0;1;7;1;A01
201500028844;0;36;0;15;0;2;1;A01
201500028845;0;33;0;0;2;1;1;B01
201500028845;0;7;0;0;2;1;15;A01
201500028846;0;7;0;0;1;3;15;A01
201500028847;0;7;0;2;0;1;1;A01
201500028848;0;7;0;0;2;3;1;B01
201500028848;0;7;0;0;2;3;5;A01
201500028849;0;14;0;13;0;3;1;A01
201500028850;0;7;0;0;1;1;1;A01
201500028851;0;7;0;0;1;1;21;A01
201500028852;0;7;0;0;2;1;5;A01
201500028852;0;7;0;0;2;1;1;B01
201500028853;0;7;0;0;1;3;1;A01
201500028854;0;7;0;0;1;2;1;A01
201500028855;0;7;0;0;2;2;15;A01
201500028855;0;7;0;0;0;0;0;B01
201500028856;0;7;0;13;0;2;1;A01
201500028857;0;7;0;0;1;1;1;A01
201500028858;0;7;0;0;1;0;0;A01
201500028859;0;7;0;0;1;7;1;A01
201500028860;0;7;0;0;1;3;1;A01
201500028861;0;30;0;12;0;1;9;A01
201500028862;1;7;0;0;1;1;1;A01
201500028863;0;7;0;0;1;0;0;A01
201500028864;0;7;0;8;0;1;13;A01
201500028865;0;1;0;8;0;1;13;A01
201500028866;0;7;0;0;1;7;1;A01
201500028867;0;7;0;0;1;8;9;A01
201500028868;0;2;0;9;0;1;1;A01
201500028869;0;10;0;2;0;1;17;A01
201500028870;0;7;0;0;1;1;1;A01
201500028871;0;7;0;0;1;1;1;A01
201500028872;0;1;0;0;2;1;0;B01
201500028872;0;7;0;0;2;3;9;A01
201500028873;0;7;0;0;2;1;13;B01
201500028873;0;7;0;0;2;1;1;A01
201500028874;0;7;0;0;1;1;1;A01
201500028875;0;1;0;0;2;0;1;B01
201500028875;0;2;0;0;2;5;14;A01
201500028876;0;7;0;0;2;0;0;B01
201500028876;0;2;0;0;2;8;18;A01
201500028877;0;7;0;0;0;0;0;A01
201500028878;0;7;0;0;1;1;1;A01
201500028879;0;1;0;0;2;0;0;A01
201500028879;1;7;0;0;2;0;0;Z01
201500028880;0;2;0;1;0;7;0;A01
201500028881;0;7;0;0;2;3;0;B01
201500028881;0;7;0;0;2;8;0;A01
201500028882;0;7;0;0;0;1;0;A01
201500028883;0;1;0;0;2;0;0;B01
201500028883;0;7;0;0;2;0;0;A01
201500028884;0;7;0;0;2;4;2;B01
201500028884;0;7;0;0;2;1;1;A01
201500028885;0;7;0;0;2;6;15;A01
201500028885;0;2;0;0;2;1;1;B01
201500028886;0;1;0;0;2;0;0;A01
201500028886;0;7;0;0;2;5;1;B01
201500028887;0;7;0;0;2;1;2;A01
201500028887;0;7;0;0;2;4;0;B01
201500028887;0;7;0;0;2;4;0;C01
201500028888;0;7;0;0;2;1;0;A01
201500028888;0;7;0;0;2;1;0;B01
201500028889;0;7;0;0;2;6;20;A01
201500028889;0;2;0;0;2;1;0;B01
201500028890;0;7;0;0;2;8;0;A01
201500028890;0;7;0;0;2;3;1;B01
201500028891;0;7;0;16;0;0;0;A01
201500028892;0;7;0;0;2;7;0;A01
201500028892;0;7;0;0;2;2;0;B01
201500028893;0;2;0;16;0;0;0;A01
201500028894;0;1;0;0;2;8;0;A01
201500028895;0;7;0;0;2;4;0;B01
201500028895;0;7;0;0;2;1;0;A01
201500028896;0;7;0;0;2;0;0;B01
201500028896;0;7;0;0;2;2;0;A01
201500028897;0;2;0;16;0;0;0;A01
201500028898;0;1;0;0;2;1;0;B01
201500028898;0;7;0;0;2;0;0;A01
201500028899;0;7;0;0;1;1;0;A01
201500028900;0;7;0;0;1;0;0;A01
201500028901;0;1;0;16;0;0;0;A01
201500028902;0;7;0;0;1;0;0;A01
201500028903;0;7;0;6;0;0;0;A01
201500028904;1;7;0;0;2;1;0;A01
201500028904;0;7;0;0;2;4;1;B01
201500028905;0;7;0;0;1;1;1;A01
201500028906;0;1;0;0;2;1;2;A01
201500028906;0;1;0;0;2;4;0;B01
201500028907;0;7;0;0;2;7;1;B01
201500028907;0;7;0;0;2;1;0;A01
201500028908;0;7;0;1;1;2;1;A01
201500028909;0;7;0;0;1;1;1;A01
201500028910;0;2;0;0;2;1;1;A01
201500028910;0;7;0;0;2;4;1;B01
201500028911;0;7;0;0;2;5;0;B01
201500028911;0;33;0;0;2;3;3;A01
201500028911;0;10;0;0;2;3;1;C01
201500028912;0;2;0;0;2;7;1;B01
201500028912;0;7;0;0;2;3;0;A01
201500028913;0;15;0;0;2;6;1;A01
201500028913;0;1;0;0;2;3;5;B01
201500028914;0;7;0;0;0;0;0;A01
201500028915;0;7;0;0;1;0;0;A01
201500028916;0;7;0;0;2;5;16;A01
201500028916;0;37;1;0;2;3;0;B01
201500028917;0;2;0;16;0;0;0;A01
201500028918;0;1;0;0;2;0;0;B01
201500028918;0;7;0;0;2;3;0;A01
201500028919;0;7;0;0;1;2;0;A01
201500028920;0;7;0;0;1;4;4;A01
201500028921;0;7;0;0;2;3;0;B01
201500028921;0;3;0;0;2;3;15;A01
201500028922;0;7;0;6;0;0;0;A01
201500028923;0;7;0;0;1;3;0;A01
201500028924;0;2;0;0;2;0;0;A01
201500028925;0;7;0;0;2;3;0;B01
201500028925;0;7;0;0;2;0;0;A01
201500028926;0;10;0;0;1;0;1;A01
201500028927;0;2;0;0;2;1;2;A01
201500028927;0;7;0;0;2;4;2;B01
201500028928;0;7;0;0;1;1;1;A01
201500028929;0;7;0;0;1;1;0;A01
201500028930;0;1;0;0;0;0;0;A01
201500028931;0;34;0;0;0;0;0;A01
201500028931;0;7;0;0;2;0;0;B01
201500028932;0;14;0;0;2;0;0;B01
201500028932;0;7;0;0;2;0;0;A01
201500028933;0;7;0;0;2;8;0;B01
201500028933;0;2;0;0;2;1;2;A01
201500028934;0;2;0;0;2;1;0;A01
201500028934;0;7;0;0;2;6;1;B01
201500028935;0;7;0;0;2;4;2;B01
201500028935;0;7;0;0;2;1;2;A01
201500028936;0;7;0;0;1;0;0;A01
201500028937;0;7;0;0;2;0;0;A01
201500028937;0;2;0;0;2;7;0;B01
201500028938;0;7;0;0;1;0;0;A01
201500028939;1;2;0;0;1;0;0;A01
201500028940;0;7;0;0;2;1;2;A01
201500028940;0;7;0;0;2;4;0;B01
201500028941;0;7;0;6;0;0;0;A01
201500028942;0;2;0;12;0;0;0;A01
201500028943;0;7;0;0;2;1;2;A01
201500028943;0;7;0;0;2;4;2;B01
201500028944;0;7;0;0;2;1;2;A01
201500028944;0;7;0;0;2;4;0;B01
201500028944;0;7;0;0;2;4;0;C01
201500028944;0;7;0;0;2;4;0;D01
201500028944;0;7;0;0;2;4;2;E01
201500028944;0;7;0;0;2;4;2;F02
201500028944;0;7;0;0;2;4;2;G02
201500028944;0;7;0;0;2;4;2;H02
201500028945;0;7;0;8;0;0;0;A01
201500028946;0;7;0;0;2;0;0;A01
201500028947;0;7;0;0;2;1;1;A01
201500028947;0;7;0;0;2;6;1;B01
201500028948;0;2;0;0;2;1;17;A01
201500028948;0;7;0;0;0;8;1;B01
201500028949;0;7;0;0;2;4;2;C01
201500028949;0;7;0;0;2;1;2;B01
201500028949;0;7;0;0;2;0;0;A01
201500028950;0;7;0;0;1;3;0;A01
201500028951;0;2;0;16;0;0;0;A01
201500028952;0;7;0;0;2;0;0;A01
201500028952;0;7;0;0;2;1;0;B01
201500028953;0;7;0;0;1;2;0;A01
201500028954;0;2;0;16;0;0;0;A01
201500028955;0;2;0;0;2;5;0;B01
201500028955;0;7;0;0;2;2;0;A01
201500028956;0;7;0;0;2;2;0;A01
201500028956;0;1;0;0;2;0;0;B01
201500028957;0;7;0;0;2;1;0;A01
201500028957;0;2;0;0;2;1;0;B01
201500028958;0;7;0;0;1;1;0;A01
201500028959;0;1;0;16;0;0;0;A01
201500028960;0;7;0;0;2;0;0;A01
201500028960;0;7;0;0;2;0;0;B01
201500028961;0;7;0;0;1;0;0;A01
201500028962;0;2;0;0;2;8;0;B01
201500028962;0;7;0;0;2;2;0;A01
201500028963;0;7;0;0;2;0;0;A01
201500028963;0;2;0;0;2;1;1;B01
201500028964;0;7;0;0;2;4;2;B01
201500028964;0;7;0;0;2;1;2;A01
201500028965;0;7;0;13;0;0;0;A01
201500028966;0;10;0;0;2;0;0;A01
201500028966;0;30;0;0;2;1;0;B01
201500028967;0;7;0;0;2;6;0;B01
201500028967;0;7;0;0;2;3;0;A01
201500028968;0;7;0;0;1;0;0;A01
201500028969;0;7;0;0;2;3;0;A01
201500028969;0;32;0;0;2;2;0;B01
201500028970;0;7;0;9;0;0;0;A01
201500028971;0;1;0;0;0;0;0;A01
201500028971;0;7;0;0;2;2;0;B01
201500028972;0;1;0;0;5;0;0;A01
201500028973;0;2;0;0;0;0;0;A01
201500028974;0;7;0;0;2;3;1;B01
201500028974;0;1;0;0;2;0;0;A01
201500028975;0;7;0;10;0;0;0;A01
201500028976;0;7;0;0;2;1;0;A01