num_acc;senc;catv;occutc;obs;obsm;choc;manv;num_veh
201500029380;0;33;0;16;0;1;0;A01
201500029381;0;7;0;0;2;2;15;A01
201500029381;0;33;0;0;2;1;1;B01
201500029382;0;7;0;0;2;1;0;A01
201500029382;0;7;0;0;2;0;24;B01
201500029383;0;7;0;0;1;2;16;A01
201500029384;0;7;0;0;2;1;15;A01
201500029384;0;7;0;0;2;1;1;B01
201500029385;0;7;0;0;2;1;13;A01
201500029385;0;7;0;0;2;1;1;B01
201500029386;0;1;0;0;2;1;1;B01
201500029386;0;7;0;0;9;1;15;A01
201500029387;0;7;0;0;1;7;1;A01
201500029388;0;7;0;0;2;3;6;A01
201500029388;0;7;0;0;2;1;1;B01
201500029389;0;1;0;0;2;3;19;B01
201500029389;0;7;0;0;9;1;16;A01
201500029390;0;7;0;0;1;2;1;A01
201500029391;0;7;0;0;2;5;1;B01
201500029391;0;2;0;0;2;3;13;A01
201500029392;1;7;0;0;2;3;15;A01
201500029392;0;2;0;0;2;1;1;B01
201500029393;0;30;0;16;0;2;14;A01
201500029394;0;7;0;0;1;2;16;A01
201500029395;0;7;0;0;0;0;0;A01
201500029395;0;33;0;0;0;0;21;B01
201500029395;0;33;0;0;0;7;21;C01
201500029396;0;32;0;0;1;1;1;A01
201500029397;0;7;0;0;1;1;15;A01
201500029398;0;7;0;0;2;1;15;A01
201500029398;0;33;0;0;2;1;1;B01
201500029399;0;7;0;0;1;2;1;A01
201500029400;0;7;0;0;1;2;1;A01
201500029401;0;7;0;0;1;1;0;A01
201500029402;0;7;0;0;1;2;0;A01
201500029403;0;7;0;0;1;1;0;A01
201500029404;0;7;0;0;1;1;1;A01
201500029405;0;7;0;0;1;1;1;A01
201500029406;0;10;0;0;1;1;1;A01
201500029407;0;7;0;0;1;0;0;A01
201500029408;0;1;0;0;2;3;1;B01
201500029408;0;7;0;0;9;2;16;A01
201500029409;0;3;0;0;1;0;0;A01
201500029410;0;10;0;0;1;3;15;A01
201500029411;0;7;0;0;2;1;1;B01
201500029411;0;7;0;0;2;1;13;A01
201500029412;0;7;0;0;1;3;15;A01
201500029413;0;33;0;0;2;2;1;B01
201500029413;0;7;0;0;2;3;9;A01
201500029414;0;7;0;0;1;3;1;A01
201500029415;0;7;0;0;2;2;1;A01
201500029415;0;30;0;0;2;1;15;B02
201500029416;0;7;0;0;2;1;1;J10
201500029416;0;7;0;0;2;1;1;E05
201500029416;0;7;0;0;2;1;1;F06
201500029416;0;7;0;0;2;1;1;H08
201500029416;0;7;0;0;2;1;1;G07
201500029416;0;10;0;3;0;3;1;A01
201500029416;0;7;0;0;2;1;1;I09
201500029416;0;7;0;0;2;1;1;B02
201500029416;0;7;0;0;2;1;1;K11
201500029416;0;7;0;0;2;1;1;D04
201500029416;0;7;0;0;2;1;1;C03
201500029417;0;15;0;0;2;2;21;A01
201500029417;0;7;0;3;2;6;9;B02
201500029418;0;10;0;0;2;2;17;A01
201500029419;0;7;0;0;2;3;11;A01
201500029419;0;7;0;0;0;5;1;B02
201500029420;0;7;0;0;2;1;2;A01
201500029420;0;7;0;0;0;4;2;C03
201500029420;0;7;0;0;2;4;2;B02
201500029421;0;7;0;0;2;2;1;A01
201500029421;0;7;0;3;0;6;13;B02
201500029422;0;10;0;14;0;7;2;C03
201500029422;0;17;0;0;2;4;2;B02
201500029422;0;10;0;14;0;2;2;D04
201500029422;0;10;0;0;2;1;2;A01
201500029422;0;7;0;14;0;2;2;E05
201500029423;0;1;0;0;2;8;15;B02
201500029423;0;33;0;0;2;1;17;A01
201500029424;0;1;0;0;9;4;1;B02
201500029424;0;1;0;0;9;1;1;A01
201500029425;0;7;0;2;0;1;1;A01
201500029425;0;7;0;0;0;7;1;B02
201500029426;0;7;0;0;2;1;1;B02
201500029426;0;7;0;0;2;1;13;A01
201500029427;0;10;0;0;2;6;2;A01
201500029427;0;7;0;0;2;9;1;B02
201500029427;0;7;0;0;2;1;1;C03
201500029427;0;7;0;0;0;5;1;D04
201500029428;0;33;0;0;2;0;0;B01
201500029428;0;7;0;0;2;1;9;A01
201500029429;0;2;0;0;2;1;0;A01
201500029429;0;7;0;0;2;1;1;B01
201500029430;0;7;0;0;1;0;1;A01
201500029431;0;2;0;0;0;0;0;A01
201500029432;0;2;0;0;0;0;0;A01
201500029433;0;7;0;0;2;2;0;A01
201500029433;0;1;0;0;2;8;0;B01
201500029434;0;1;0;0;2;1;0;A01
201500029434;0;7;0;0;2;2;0;B01
201500029435;0;7;0;0;2;2;1;B01
201500029435;0;7;0;0;2;7;5;A01
201500029436;0;7;0;0;1;0;0;A01
201500029437;0;7;0;0;1;0;0;A01
201500029438;0;2;0;0;0;0;0;A01
201500029439;0;7;0;0;0;0;0;A01
201500029440;0;7;0;0;2;1;0;A01
201500029440;0;7;0;0;2;1;0;B01
201500029441;0;7;0;0;2;4;4;A01
201500029441;0;1;0;0;2;1;1;B01
201500029442;0;33;0;0;0;0;0;A01
201500029443;0;7;0;0;2;1;15;A01
201500029443;0;1;0;0;2;1;1;B01
201500029444;0;2;0;0;0;0;0;A01
201500029445;0;2;0;0;0;0;0;A01
201500029446;0;7;0;0;1;3;0;A01
201500029447;0;7;0;0;0;0;0;B01
201500029447;0;1;0;0;0;0;0;A01
201500029448;0;33;0;0;0;0;0;A01
201500029449;0;33;0;0;0;0;0;A01
201500029450;0;33;0;0;0;7;0;A01
201500029451;0;30;0;8;0;1;16;A01
201500029452;0;7;0;6;0;1;0;A01
201500029453;0;7;0;0;0;0;0;A01
201500029454;0;33;0;0;2;1;1;B01
201500029454;0;7;0;0;2;5;15;A01
201500029455;0;7;0;0;1;1;1;A01
201500029456;0;7;0;1;0;3;13;A01
201500029457;0;1;0;12;0;0;1;A01
201500029458;0;7;0;0;1;0;0;A01
201500029459;0;7;0;0;1;1;16;A01
201500029460;0;7;0;0;2;2;17;A01
201500029460;0;1;0;0;2;0;1;B01
201500029461;0;7;0;0;2;0;1;B01
201500029461;0;7;0;0;2;0;15;A01
201500029462;0;2;0;8;0;0;0;A01
201500029463;0;1;0;0;2;0;0;B01
201500029463;1;7;0;0;2;0;0;Z01
201500029464;0;7;0;0;2;0;0;A01
201500029464;0;33;0;0;2;0;0;B01
201500029465;0;3;0;1;0;3;1;A01
201500029466;2;7;0;0;2;2;0;Z01
201500029466;0;1;0;0;0;4;1;B01
201500029467;0;33;0;0;0;0;0;A01
201500029468;0;7;0;0;1;0;0;A01
201500029469;0;33;0;0;0;8;0;A01
201500029470;0;7;0;0;2;1;2;A01
201500029470;0;7;0;0;0;0;0;B01
201500029471;0;7;0;0;2;4;2;B01
201500029471;0;33;0;0;2;1;2;A01
201500029472;0;7;0;0;2;4;2;B01
201500029472;0;7;0;0;2;1;0;A01
201500029473;0;7;0;0;2;1;15;A01
201500029473;0;7;0;0;2;3;1;B01
201500029474;0;2;0;0;1;1;0;A01
201500029475;0;7;0;0;2;8;0;A01
201500029475;0;7;0;0;2;1;0;B01
201500029476;0;7;0;0;2;1;0;A01
201500029476;0;7;0;0;2;8;0;C01
201500029476;0;7;0;0;2;8;0;B01
201500029477;0;7;0;15;0;0;14;A01
201500029478;0;1;0;0;0;7;0;A01
201500029479;0;7;0;0;1;1;16;A01
201500029480;0;7;0;0;1;4;4;A01
201500029481;0;7;0;0;2;1;0;A01
201500029481;0;7;0;0;2;1;0;B01
201500029482;0;7;0;0;1;1;0;A01
201500029483;0;7;0;0;2;0;0;A01
201500029483;0;33;0;0;2;7;0;B01
201500029484;0;7;0;0;2;2;1;B01
201500029484;0;30;0;0;2;1;18;A01
201500029485;0;2;0;0;2;0;17;A01
201500029485;0;7;0;0;2;3;15;B01
201500029486;0;7;0;0;1;1;0;A01
201500029487;0;7;0;0;1;1;15;A01
201500029488;0;7;0;0;2;1;1;B01
201500029488;0;7;0;0;2;1;15;A01
201500029489;0;2;0;0;0;0;0;A01
201500029490;0;30;0;0;2;1;0;A01
201500029490;0;7;0;0;2;2;0;B01
201500029491;0;7;0;0;1;0;1;A01
201500029492;0;30;0;0;2;1;0;B01
201500029492;0;7;0;0;2;1;0;A01
201500029493;0;7;0;0;2;1;0;B01
201500029493;0;31;0;0;2;1;0;A01
201500029494;0;7;0;0;1;1;1;A01
201500029495;0;7;0;0;1;1;0;A01
201500029496;0;1;0;0;2;6;0;B01
201500029496;0;7;0;0;2;0;0;A01
201500029497;0;30;0;0;0;7;0;A01
201500029498;0;7;0;0;2;1;0;B01
201500029498;0;7;0;0;2;1;0;A01
201500029499;0;7;0;0;2;1;1;B01
201500029499;0;7;0;0;2;0;0;A01
201500029500;0;7;0;0;1;4;0;A01
201500029501;0;7;0;0;2;1;0;B01
201500029501;0;7;0;0;2;1;0;A01
201500029502;0;7;0;0;2;1;1;A01
201500029502;0;7;0;0;2;6;0;B01
201500029503;0;7;0;1;0;9;1;A01
201500029504;0;1;0;0;2;0;1;A01
201500029504;0;7;0;0;2;1;0;B01
201500029505;1;7;0;0;1;0;0;Z01
201500029506;0;33;0;0;2;7;13;A01
201500029506;0;7;0;0;2;8;2;B01
201500029507;0;2;0;0;2;8;0;B01
201500029507;0;7;0;0;2;1;0;A01
201500029508;0;10;0;0;2;1;0;A01
201500029508;0;7;0;0;2;8;0;B01
201500029509;0;2;0;0;0;8;0;A01
201500029510;0;7;0;0;1;0;1;A01
201500029511;0;37;1;0;1;1;0;A01
201500029512;0;7;0;0;2;1;0;A01
201500029512;0;7;0;0;2;3;0;B01
201500029513;0;2;0;0;2;0;1;B01
201500029513;0;7;0;0;2;3;15;A01
201500029514;0;7;0;2;0;2;1;A01
201500029515;0;7;0;0;2;3;10;A01
201500029515;0;7;0;0;2;7;1;B01
201500029516;0;7;0;0;2;4;0;B01
201500029516;0;2;0;0;2;1;0;A01
201500029517;0;7;0;0;2;8;0;A01
201500029517;0;7;0;0;2;3;0;B01
201500029518;0;7;0;0;2;1;1;A01
201500029518;0;7;0;0;2;6;15;B01
201500029519;0;7;0;0;2;1;0;A01
201500029519;0;1;0;0;2;7;0;B01
201500029520;0;2;0;0;2;1;1;B01
201500029520;0;7;0;0;2;2;15;A01
201500029521;0;7;0;6;0;1;21;B02
201500029521;0;33;0;0;2;7;1;A01
201500029522;0;7;0;0;1;7;1;A01
201500029523;0;7;0;6;0;3;13;A01
201500029524;0;7;0;3;0;7;1;C03
201500029524;0;7;0;0;2;3;1;B02
201500029524;0;7;0;0;2;6;2;E05
201500029524;0;7;0;0;2;8;1;D04
201500029524;0;7;0;0;2;1;13;A01
201500029525;0;33;0;12;0;1;1;A01
201500029526;0;7;0;0;2;1;1;A01
201500029526;0;1;0;0;2;4;2;B02
201500029527;0;10;0;1;;1;1;A01
201500029528;0;7;0;6;0;1;17;A01
201500029529;0;38;1;0;2;1;1;B02
201500029529;0;7;0;0;2;1;5;A01
201500029530;0;7;0;0;1;2;1;A01
201500029531;0;7;0;0;2;1;1;B02
201500029531;0;7;0;0;2;1;6;A01
201500029532;0;7;0;2;0;1;1;A01
201500029533;0;7;0;0;1;2;1;A01
201500029534;0;7;0;0;2;3;20;B02
201500029534;0;2;0;0;2;1;5;A01
201500029535;0;7;0;0;2;8;1;B02
201500029535;0;7;0;3;2;2;12;A01
201500029535;0;7;0;0;2;9;1;C03
201500029536;0;7;0;0;2;3;1;B02
201500029536;0;7;0;0;2;2;16;A01
201500029537;0;7;0;0;2;3;19;B02
201500029537;0;33;0;0;2;1;1;A01
201500029538;0;33;0;0;2;1;1;A01
201500029538;0;7;0;0;2;8;19;B02
201500029539;0;33;0;16;0;2;1;A01
201500029540;0;33;0;3;0;3;1;A01
201500029541;0;30;0;15;0;1;1;A01
201500029541;0;7;0;0;2;8;9;B02
201500029542;0;7;0;0;1;2;17;A01
201500029543;0;7;0;2;0;1;18;A01
201500029544;0;7;0;0;1;3;1;A01
201500029545;0;7;0;0;2;3;1;A01
201500029545;0;7;0;0;2;8;15;B02
201500029546;0;7;0;0;1;2;2;A01
201500029547;0;7;0;1;0;2;1;A01
201500029548;0;7;0;0;1;2;0;A01
201500029549;0;7;0;0;2;7;19;A01
201500029549;0;1;0;0;2;1;1;B01
201500029550;0;7;0;0;1;1;1;A01
201500029551;0;7;0;15;1;2;1;A01
201500029552;0;7;0;0;1;2;1;A01
201500029553;0;7;0;0;2;1;15;B01
201500029553;0;33;0;0;2;1;1;A01
201500029554;0;10;0;0;1;0;1;A01
201500029555;0;2;0;0;2;1;1;B01
201500029556;1;7;0;0;1;0;0;Z01
201500029557;0;7;0;0;1;8;1;A01
201500029558;0;7;0;0;1;0;0;A01
201500029559;0;7;0;8;2;1;1;B01
201500029559;0;7;0;11;2;2;15;A01
201500029560;0;2;0;0;2;7;1;B01
201500029560;0;7;0;0;9;3;15;A01
201500029561;0;7;0;0;2;2;1;B01
201500029561;0;7;0;0;0;8;10;A01
201500029562;0;15;0;0;9;0;2;A01
201500029562;0;1;0;0;2;8;2;B01
201500029563;0;7;0;0;0;0;0;B01
201500029563;0;7;0;0;2;0;0;A01
201500029564;0;7;0;0;2;8;1;C01
201500029564;0;7;0;0;2;1;1;B01
201500029564;1;7;0;0;2;1;13;A01
201500029565;0;7;0;2;0;2;13;A01
201500029566;0;7;0;0;1;1;15;A01
201500029567;0;1;0;0;2;7;1;B01
201500029567;0;7;0;0;2;3;16;A01
201500029568;0;34;0;0;2;8;1;B01
201500029568;0;7;0;0;2;1;15;A01
201500029569;0;7;0;0;2;6;1;C01
201500029569;0;7;0;0;2;3;13;A01
201500029569;0;7;0;0;2;3;1;B01
201500029570;0;7;0;0;2;6;16;A01
201500029570;0;7;0;0;2;1;1;B01
201500029571;0;7;0;0;2;3;13;A01
201500029571;0;7;0;0;2;6;1;B01
201500029572;0;7;0;15;0;2;1;A01
201500029573;0;15;0;0;0;2;16;B01
201500029573;0;2;0;0;2;3;18;A01
201500029574;0;7;0;0;2;3;1;B01
201500029574;0;7;0;0;2;1;9;A01
201500029575;0;7;0;0;1;2;9;A01
201500029576;0;7;0;0;1;1;1;A01
201500029577;0;2;0;0;2;8;2;B01
201500029577;0;7;0;0;2;3;15;A01
201500029578;0;7;0;0;1;2;0;A01
201500029579;0;7;0;0;1;2;1;A01
201500029580;0;7;0;6;0;0;13;A01
201500029581;0;7;0;0;2;2;15;A01
201500029581;0;33;0;0;2;0;1;B01
201500029582;0;1;0;16;0;0;17;B01
201500029583;0;7;0;0;2;0;0;B01
201500029583;0;7;0;0;2;2;19;A01
201500029584;0;7;0;0;1;2;1;A01
201500029585;0;7;0;0;0;2;15;B01
201500029585;0;1;0;0;2;1;1;A01
201500029586;0;7;0;0;1;1;1;A01
201500029587;0;1;0;0;1;0;0;A01
201500029588;0;7;0;0;1;3;19;A01
201500029589;0;2;0;0;2;1;1;A01
201500029589;0;7;0;0;2;2;15;B01
201500029590;0;10;0;0;2;1;1;B01
201500029590;0;7;0;0;2;1;13;A01
201500029591;0;7;0;0;1;3;17;A01
201500029592;0;7;0;0;1;1;0;A01
201500029593;0;7;0;0;1;3;1;A01
201500029594;0;7;0;0;2;1;1;B01
201500029594;0;7;0;0;2;1;1;C01
201500029594;0;7;0;0;2;1;5;A01
201500029595;0;7;0;0;1;1;1;A01
201500029596;0;7;0;1;2;2;13;A01
201500029596;0;7;0;0;2;3;0;C01
201500029596;0;7;0;0;0;3;0;D01
201500029596;0;7;0;1;2;2;21;B01
201500029597;0;30;0;0;2;1;1;A01
201500029597;0;7;0;0;2;3;9;B01
201500029598;0;7;0;0;2;1;5;A01
201500029598;0;7;0;0;2;1;1;D01
201500029598;0;7;0;0;2;8;1;B01
201500029598;0;7;0;0;2;9;1;C01
201500029599;0;7;0;2;0;1;19;A01
201500029600;0;7;0;0;1;2;1;A01
201500029601;1;7;0;0;1;7;0;A01
201500029602;0;7;0;0;0;0;0;A01
201500029603;0;7;0;0;2;1;2;A01
201500029603;0;1;0;0;2;4;15;B01
201500029604;0;7;0;0;1;1;1;A01
201500029604;0;1;0;0;0;0;0;B01
201500029605;0;33;0;0;0;1;1;B01
201500029605;0;7;0;0;2;7;15;A01
201500029605;0;7;0;0;0;0;0;D01
201500029605;0;7;0;0;2;1;1;C01
201500029606;0;7;0;1;0;2;1;A01
201500029607;0;7;0;0;9;4;1;A01
201500029607;0;1;0;0;2;4;0;B01
201500029608;0;7;0;0;2;1;2;A01
201500029608;0;7;0;0;2;1;2;B01
201500029609;0;7;0;0;1;3;1;A01
201500029610;0;7;0;0;2;1;1;C01
201500029610;0;7;0;0;2;1;15;A01
201500029610;0;7;0;0;1;3;1;B01
201500029611;0;7;0;15;0;1;1;A01
201500029612;0;33;0;0;6;1;1;A01
201500029613;0;7;0;0;1;1;1;A01
201500029614;0;7;0;0;2;1;1;B01
201500029614;0;38;0;0;2;3;15;A01
201500029615;0;7;0;0;1;5;1;A01
201500029616;0;7;0;16;0;1;14;A01
201500029617;0;7;0;0;1;1;1;A01
201500029618;0;33;0;0;2;8;1;A01
201500029618;1;7;0;0;0;0;0;B01
201500029619;0;7;0;0;1;1;1;A01
201500029620;0;7;0;0;1;1;1;A01
201500029621;0;7;0;0;2;3;9;A01
201500029621;0;1;0;0;2;1;1;B01
201500029622;0;2;0;0;2;4;15;B01
201500029622;0;7;0;0;2;2;1;A01
201500029623;0;7;0;0;2;8;9;A01
201500029623;0;1;0;0;0;0;0;B01
201500029624;0;7;0;6;0;1;1;A01
201500029625;0;7;0;0;0;0;0;B01
201500029625;0;1;0;0;2;1;15;A01
201500029626;0;7;0;0;2;1;2;B01
201500029626;0;1;0;0;2;4;13;A01
201500029627;0;7;0;0;1;7;1;A01
201500029628;0;31;0;0;2;1;1;B01
201500029628;0;7;0;0;2;1;9;A01
201500029629;0;7;0;2;0;1;1;A01
201500029630;0;10;0;0;0;0;0;B01
201500029630;0;2;0;0;2;1;1;A01
201500029631;0;40;0;0;1;3;1;A01
201500029632;0;7;0;0;2;8;10;A01
201500029632;0;30;0;0;2;8;1;B01
201500029633;0;7;0;0;1;1;1;A01
201500029634;0;7;0;0;2;4;1;A01
201500029634;0;3;0;0;2;1;1;B01
201500029635;0;7;0;0;1;2;1;A01
201500029636;0;7;0;0;2;1;13;A01
201500029636;0;7;0;0;2;1;1;B01
201500029637;0;7;0;0;0;0;0;A01
201500029638;0;31;0;0;0;7;1;A01
201500029639;0;7;0;0;1;0;1;A01
201500029640;0;7;0;0;2;8;1;B01
201500029640;0;7;0;6;2;8;13;A01
201500029641;1;7;0;0;1;1;1;Z01
201500029642;0;7;0;0;1;2;1;A01
201500029643;0;1;0;0;2;4;2;B01
201500029643;0;7;0;0;2;2;2;A01
201500029644;1;31;0;0;0;0;0;A01
201500029645;0;2;0;0;2;1;13;A01
201500029645;0;2;0;0;2;1;1;B01
201500029646;0;7;0;0;1;1;15;A01
201500029647;0;7;0;0;2;2;15;A01
201500029647;0;32;0;0;2;1;1;B01
201500029648;0;7;0;15;2;4;2;C01
201500029648;0;7;0;0;2;1;2;A01
201500029648;0;7;0;0;2;4;2;B01
201500029649;0;7;0;0;2;3;19;A01
201500029649;0;33;0;0;2;1;1;B01
201500029650;0;7;0;0;1;1;1;A01
201500029651;2;7;0;1;2;1;13;A01
201500029651;0;7;0;1;2;1;1;B01
201500029652;0;7;0;0;1;1;1;A01
201500029653;0;7;0;0;2;3;1;B01
201500029653;0;1;0;0;2;7;19;A01
201500029654;0;7;0;0;2;2;1;B01
201500029654;0;30;0;0;2;1;13;A01
201500029655;0;2;0;0;2;1;1;B01
201500029655;0;7;0;0;2;5;4;A01
201500029656;1;7;0;0;1;2;1;Z01
201500029657;0;33;0;15;0;0;0;A01
201500029658;0;1;0;0;0;0;0;B01
201500029658;1;7;0;0;2;1;0;A01
201500029659;0;7;0;0;2;3;21;B01
201500029659;0;30;0;0;2;1;13;A01
201500029660;0;7;0;0;2;2;17;B01
201500029660;0;2;0;0;2;8;15;A01
201500029661;0;7;0;0;2;1;13;A01
201500029661;0;7;0;0;2;1;1;B01
201500029662;0;7;0;13;0;1;21;A01
201500029663;0;2;0;0;2;7;1;A01
201500029663;0;7;0;0;2;3;1;B01
201500029664;0;7;0;0;2;3;1;B01
201500029664;0;7;0;0;2;3;13;A01
201500029665;0;10;0;0;2;1;1;B01
201500029665;0;33;0;0;2;1;13;A01
201500029666;0;7;0;0;2;3;1;B01
201500029666;0;7;0;3;2;3;13;A01
201500029667;0;7;0;0;1;2;9;A01
201500029668;1;7;0;8;1;2;13;Z01
201500029669;0;1;0;0;2;1;19;B01
201500029669;0;10;0;0;2;2;1;A01
201500029670;0;7;0;2;2;2;1;B01
201500029670;0;10;0;0;2;6;11;A01
201500029671;0;7;0;0;2;1;13;A01
201500029671;0;10;0;0;2;1;1;B01
201500029672;0;33;0;0;2;1;2;A01
201500029672;0;7;0;0;2;4;2;Z01
201500029673;0;7;0;0;2;7;15;A01
201500029673;0;31;0;0;2;1;0;B01
201500029674;0;7;0;0;1;2;1;A01
201500029675;0;7;0;0;2;3;16;A01
201500029675;0;30;0;0;2;1;1;B01
201500029676;0;7;0;0;1;1;21;A01
201500029677;0;33;0;0;2;1;1;B01
201500029677;0;31;0;0;2;7;19;A01
201500029678;0;14;0;0;2;8;1;B01
201500029678;0;7;0;3;2;8;17;A01
201500029678;0;7;0;0;2;1;1;C01
201500029679;0;7;0;0;2;1;1;B01
201500029679;0;7;0;0;2;3;23;C01
201500029679;0;7;0;0;2;3;15;A01
201500029680;0;7;0;0;1;2;1;A01
201500029681;0;7;0;0;1;1;15;A01
201500029682;0;7;0;0;1;2;1;A01
201500029683;0;1;0;0;2;7;19;B01
201500029683;0;7;0;0;2;1;1;A01
201500029684;0;7;0;0;1;1;1;A01
201500029685;1;7;0;0;1;1;1;Z01
201500029686;0;2;0;15;0;1;1;A01
201500029687;0;10;0;0;2;1;13;A01
201500029687;0;7;0;13;2;3;21;B01
201500029688;0;7;0;0;1;2;15;A01
201500029689;0;1;0;0;2;1;1;B01
201500029689;0;10;0;0;2;4;4;A01
201500029690;1;7;0;0;1;1;1;Z01
201500029691;0;7;0;0;2;1;1;B01
201500029691;0;7;0;0;2;1;1;A01
201500029692;0;7;0;6;0;1;1;A01
201500029693;0;7;0;0;1;0;1;A01
201500029694;0;7;0;0;2;2;1;A01
201500029694;0;7;0;0;2;1;1;B01
201500029695;0;7;0;0;1;1;0;A01
201500029696;1;7;0;0;9;1;0;Z01
201500029696;0;2;0;0;2;7;1;B01
201500029697;0;33;0;8;0;1;1;A01
201500029698;0;7;0;0;1;1;0;A01
201500029699;0;7;0;7;0;1;1;A01
201500029700;1;2;0;0;1;1;5;Z01
201500029701;0;7;0;0;0;4;23;E01
201500029701;0;7;0;0;0;4;23;C01
201500029701;0;7;0;0;0;4;23;B01
201500029701;0;17;0;0;0;1;1;A01
201500029701;0;7;0;0;0;4;23;D01
201500029701;0;7;0;0;0;4;23;F02
201500029702;0;7;0;0;1;1;1;A01
201500029703;0;7;0;0;9;2;1;A01
201500029703;0;1;0;0;2;8;19;B01
201500029704;1;7;0;0;1;1;1;Z01
201500029705;0;7;0;0;2;1;17;A01
201500029705;0;38;39;0;2;3;1;B01
201500029705;0;7;0;0;2;8;1;C01
201500029706;0;7;0;0;1;2;1;A01
201500029707;1;7;0;0;2;0;1;Z01
201500029707;0;7;0;0;2;0;0;A01
201500029708;0;1;0;0;2;0;1;B01
201500029708;0;7;0;0;2;4;4;A01
201500029709;0;7;0;0;2;5;15;A01
201500029709;0;33;0;0;2;0;1;B01
201500029710;0;7;0;0;2;0;15;A01
201500029710;0;33;0;0;2;0;1;B01
201500029711;0;7;0;0;2;7;1;B01
201500029711;0;7;0;0;2;1;1;A01
201500029712;0;7;0;0;2;1;9;A01
201500029712;0;7;0;0;0;0;0;B01
201500029713;0;10;0;0;1;3;1;A01
201500029714;0;1;0;1;0;1;1;A01
201500029715;0;33;0;0;2;1;1;B01
201500029715;0;7;0;0;2;3;5;A01
201500029716;0;14;0;0;1;5;16;A01
201500029717;1;7;0;0;1;2;1;Z01
201500029718;0;2;0;0;2;1;2;A01
201500029718;0;1;0;0;2;4;1;B01
201500029719;0;7;0;0;2;1;1;A01
201500029719;0;7;0;0;2;5;0;B01
201500029720;0;7;0;0;9;3;1;B01
201500029720;0;1;0;0;2;3;15;A01
201500029721;0;7;0;1;0;1;1;A01
201500029722;0;7;0;0;2;3;1;B01
201500029722;0;33;0;0;2;7;17;A01
201500029723;0;2;0;11;0;3;1;A01
201500029724;0;7;0;0;2;0;16;A01
201500029724;0;1;0;0;2;8;1;B01
201500029725;1;7;0;0;1;8;0;Z01
201500029726;1;7;0;0;1;1;1;Z01
201500029727;0;7;0;0;2;1;1;A01
201500029727;0;3;0;0;2;4;23;B01
201500029728;0;10;0;0;1;1;15;A01
201500029729;0;7;0;1;0;1;13;A01
201500029730;0;7;0;0;2;1;2;A01
201500029730;0;7;0;0;0;0;0;B01
201500029731;0;1;0;0;0;8;1;B01
201500029731;1;7;0;0;2;7;0;Z01
201500029732;0;7;0;0;2;1;1;B01
201500029732;0;33;0;0;2;7;10;A01
201500029733;0;7;0;0;1;0;1;A01
201500029734;0;7;0;0;2;2;15;B01
201500029734;0;7;0;0;2;1;1;A01
201500029735;0;1;0;0;2;7;1;A01
201500029735;1;7;0;0;2;1;15;Z01
201500029736;0;7;0;0;2;7;16;A01
201500029736;0;30;0;0;2;1;1;B01
201500029737;0;33;0;0;0;1;17;A01
201500029738;0;7;0;0;2;8;19;A01
201500029738;0;1;0;0;2;8;19;B01
201500029739;0;7;0;0;1;1;1;A01
201500029740;0;7;0;0;1;1;1;A01
201500029741;0;7;0;0;1;1;1;A01
201500029742;0;7;0;0;2;2;1;A01
201500029742;0;2;0;0;2;3;12;B01
201500029743;0;2;0;0;2;3;1;B01
201500029743;1;7;0;0;2;0;0;Z01
201500029744;0;7;0;0;2;3;1;B01
201500029744;0;7;0;0;2;2;11;A01
201500029745;0;7;0;0;1;2;1;A01
201500029746;0;7;0;0;2;4;23;C01
201500029746;0;7;0;0;2;6;23;B01
201500029746;0;7;0;0;2;2;1;A01
201500029747;0;7;0;0;1;2;1;A01
201500029748;0;7;0;13;0;2;1;A01
201500029749;0;7;0;0;1;0;6;A01
201500029750;0;7;0;3;0;1;1;A01
201500029751;0;7;0;0;1;1;1;A01
201500029752;0;31;0;0;1;0;0;A01
201500029753;0;1;0;0;2;1;11;B01
201500029753;0;7;0;0;2;5;0;A01
201500029754;0;33;0;0;0;0;0;B01
201500029754;0;7;0;0;2;5;15;A01
201500029755;1;7;0;0;1;1;1;A01
201500029756;0;7;0;0;1;1;0;B01
201500029756;0;7;0;0;2;2;1;A01
201500029757;0;7;0;8;0;1;16;A01
201500029758;0;7;0;2;0;3;13;A01
201500029759;0;7;0;0;1;1;1;A01
201500029760;0;7;0;0;2;1;21;B01
201500029760;0;7;0;0;2;1;13;A01
201500029761;0;7;0;0;1;0;1;A01
201500029762;0;17;0;0;2;1;2;A01
201500029762;0;33;0;0;2;4;2;B01
201500029763;0;7;0;0;1;2;17;A01
201500029764;0;7;0;0;0;0;0;B01
201500029764;0;7;0;0;2;3;0;A01
201500029765;0;1;0;0;2;8;15;B01
201500029765;0;7;0;0;2;1;1;A01
201500029766;0;2;0;8;0;1;0;A01
201500029767;0;1;0;0;2;1;1;B01
201500029767;0;7;0;0;2;2;1;A01
201500029768;0;32;0;0;0;2;2;B01
201500029768;0;7;0;0;0;8;9;A01
201500029769;0;7;0;0;2;6;15;A01
201500029769;0;33;0;0;2;1;2;B01
201500029770;0;7;0;0;1;6;0;A01
201500029771;0;7;0;0;2;3;15;B01
201500029771;0;30;0;0;2;1;1;A01
201500029772;0;7;0;1;1;1;2;A01
201500029773;1;7;0;0;1;0;1;Z01
201500029774;0;7;0;0;1;1;0;A01
201500029775;0;14;0;0;2;8;12;A01