num_acc;senc;catv;occutc;obs;obsm;choc;manv;num_veh
201500029775;0;7;0;0;2;8;2;B01
201500029776;1;7;0;0;1;2;1;Z01
201500029777;0;7;0;0;1;1;15;A01
201500029778;1;7;0;0;1;0;0;A01
201500029779;0;1;0;0;9;4;14;B01
201500029779;0;14;0;0;2;5;16;A01
201500029780;1;15;0;0;2;5;0;A01
201500029780;0;1;0;0;0;1;0;B01
201500029781;0;2;0;0;2;1;1;B01
201500029781;0;7;0;0;2;6;15;A01
201500029782;0;7;0;0;2;1;23;B01
201500029782;0;7;0;0;2;1;0;A01
201500029782;0;7;0;0;0;0;0;C01
201500029783;0;7;0;0;2;3;1;B01
201500029783;0;7;0;0;2;3;15;A01
201500029784;0;7;0;0;1;4;0;A01
201500029785;0;7;0;0;1;1;1;A01
201500029786;0;7;0;0;2;7;1;A01
201500029786;0;7;0;0;2;1;1;B01
201500029787;0;7;0;0;1;0;0;A01
201500029788;1;7;0;0;1;1;1;Z01
201500029789;1;30;0;0;1;0;0;A01
201500029790;0;2;0;0;2;1;2;A01
201500029790;0;7;0;0;0;7;16;B01
201500029791;1;99;0;0;1;0;0;Z01
201500029792;0;7;0;0;1;1;9;A01
201500029793;0;34;0;0;2;1;1;B01
201500029793;0;7;0;0;2;1;10;A01
201500029794;0;7;0;0;2;1;2;A01
201500029794;0;7;0;0;2;4;2;B01
201500029794;0;7;0;0;0;4;2;C01
201500029795;0;1;0;0;2;0;19;B01
201500029795;0;7;0;0;2;0;1;A01
201500029796;0;1;0;0;1;1;2;A01
201500029797;0;7;0;0;1;4;4;B01
201500029798;1;7;0;0;2;1;2;A01
201500029798;0;7;0;0;2;4;2;B01
201500029799;0;7;0;0;2;1;1;A01
201500029799;1;2;0;0;2;6;16;Z01
201500029800;1;99;0;0;0;0;0;Z01
201500029800;0;1;0;0;2;0;1;B01
201500029801;0;33;0;0;2;1;1;B01
201500029801;0;7;0;0;2;7;15;A01
201500029802;1;7;0;0;2;1;1;Z01
201500029802;0;2;0;0;2;0;1;B01
201500029803;0;1;0;0;0;4;1;A01
201500029803;1;7;0;0;2;1;1;Z01
201500029804;0;7;0;0;2;7;1;B01
201500029804;0;7;0;0;2;1;1;A01
201500029805;1;7;0;0;2;1;1;Z01
201500029805;0;1;0;0;0;0;16;A01
201500029806;0;7;0;0;1;2;1;A01
201500029807;0;1;0;0;2;0;19;B01
201500029807;0;7;0;0;2;1;1;A01
201500029808;0;7;0;0;1;7;1;A01
201500029809;2;7;0;2;0;1;0;A01
201500029810;0;31;0;0;1;1;0;A01
201500029811;0;1;0;0;2;1;1;B01
201500029811;1;7;0;0;2;5;17;Z01
201500029812;1;30;0;0;1;1;1;Z01
201500029813;0;2;0;0;2;1;1;B01
201500029813;0;7;0;0;2;2;16;A01
201500029814;1;7;0;0;2;0;9;B01
201500029814;0;7;0;0;2;6;9;A01
201500029815;0;7;0;2;0;1;16;A01
201500029816;0;32;0;0;2;0;0;B01
201500029816;1;10;0;0;2;2;1;A01
201500029817;0;7;0;0;2;1;1;A01
201500029817;0;7;0;0;2;2;1;B01
201500029818;0;30;0;0;2;7;16;A01
201500029818;0;7;0;0;2;0;23;C01
201500029818;0;7;0;0;2;1;0;B01
201500029819;0;7;0;0;1;1;1;A01
201500029820;0;7;0;0;2;1;1;A01
201500029820;0;7;0;0;2;8;0;B01
201500029821;1;7;0;0;2;0;12;Z01
201500029821;0;1;0;0;2;1;2;B01
201500029822;0;7;0;0;1;1;1;A01
201500029823;0;7;0;0;2;1;0;B01
201500029823;0;3;0;0;2;0;0;A01
201500029824;0;7;0;0;2;4;23;C01
201500029824;0;7;0;0;2;4;23;D01
201500029824;0;7;0;0;2;1;1;A01
201500029824;0;7;0;0;2;4;23;B01
201500029825;0;7;0;0;1;8;0;A01
201500029826;0;1;0;0;2;7;15;A01
201500029826;1;7;0;0;9;1;1;Z01
201500029827;0;7;0;0;2;0;1;B01
201500029827;0;7;0;0;2;0;10;A01
201500029828;0;7;0;0;1;4;4;A01
201500029829;0;7;0;0;1;4;4;A01
201500029830;0;30;0;0;2;7;21;B01
201500029830;0;7;0;0;2;3;13;A01
201500029831;0;33;0;0;2;1;1;B01
201500029831;0;7;0;0;2;8;15;A01
201500029832;0;7;0;0;2;1;1;A01
201500029832;0;7;0;0;0;4;1;B01
201500029833;0;7;0;0;1;2;0;A01
201500029834;1;7;0;0;2;0;16;A01
201500029834;0;1;0;0;2;1;1;B01
201500029835;0;1;0;0;2;0;1;B01
201500029835;1;7;0;0;2;2;23;Z01
201500029836;1;30;0;0;1;0;2;Z01
201500029837;0;30;0;0;2;0;0;A01
201500029838;0;7;0;0;2;1;1;B01
201500029838;0;7;0;0;2;1;1;C01
201500029838;0;7;0;0;2;1;1;A01
201500029839;0;31;0;0;2;8;16;B01
201500029839;1;7;0;0;2;1;0;Z01
201500029840;0;7;0;0;9;7;2;B01
201500029840;0;30;0;0;2;1;2;A01
201500029841;1;30;0;0;1;1;1;A01
201500029842;0;7;0;0;1;0;0;A01
201500029843;0;7;0;0;2;2;1;A01
201500029843;0;31;0;0;2;1;1;B01
201500029844;0;14;0;0;1;2;16;A01
201500029845;0;7;0;1;1;2;0;A01
201500029846;0;7;0;0;1;0;16;A01
201500029847;0;7;0;0;1;3;2;A01
201500029848;0;7;0;8;2;8;0;A01
201500029849;0;7;0;0;2;1;1;B01
201500029849;2;7;0;0;2;1;1;A01
201500029849;0;7;0;0;2;3;1;C01
201500029850;0;1;0;0;1;1;17;A01
201500029851;0;30;0;0;1;1;1;A01
201500029852;0;7;0;0;2;8;0;A01
201500029852;0;33;0;0;2;1;0;B01
201500029853;0;7;0;0;1;0;0;A01
201500029854;0;7;0;0;2;3;15;A01
201500029854;0;31;0;0;2;1;1;B01
201500029855;0;7;0;0;2;8;15;A01
201500029855;0;33;0;8;2;7;15;B01
201500029856;2;7;0;6;0;1;0;A01
201500029857;0;7;0;0;2;8;0;A01
201500029857;0;33;0;0;2;7;0;B01
201500029858;0;7;0;0;2;0;0;B01
201500029858;0;31;0;0;2;0;0;A01
201500029859;0;32;0;0;2;3;1;A01
201500029859;0;7;0;0;2;2;16;B01
201500029860;0;7;0;8;0;8;16;A01
201500029861;1;7;0;0;1;0;1;A01
201500029862;0;7;0;0;1;0;0;A01
201500029863;0;10;0;0;2;1;13;A01
201500029863;0;7;0;0;2;3;1;B01
201500029864;0;15;0;0;2;7;13;A01
201500029864;0;1;0;0;2;4;2;B01
201500029865;0;39;0;0;4;1;0;B01
201500029865;0;7;0;0;4;0;0;A01
201500029866;1;30;0;0;1;0;0;Z01
201500029867;0;32;0;0;0;0;0;A01
201500029868;0;7;0;0;2;1;1;A01
201500029868;0;7;0;0;2;3;1;B01
201500029869;0;7;0;0;1;2;15;A01
201500029870;1;7;0;0;1;0;0;Z01
201500029871;1;30;0;0;0;0;17;A01
201500029872;0;33;0;0;2;1;1;D01
201500029872;0;7;0;0;0;0;0;C01
201500029873;0;7;0;0;1;1;16;A01
201500029874;0;10;0;0;2;2;19;A01
201500029874;0;31;0;0;2;1;1;B01
201500029875;0;7;0;0;1;3;1;A01
201500029876;0;7;0;0;2;6;1;B01
201500029876;0;7;0;0;2;1;0;A01
201500029876;0;7;0;0;2;0;0;C01
201500029877;0;7;0;0;2;1;0;B01
201500029877;2;7;0;0;2;3;0;A01
201500029878;0;2;0;0;2;1;1;B01
201500029878;1;10;0;0;2;0;15;Z01
201500029879;1;7;0;0;1;2;5;Z01
201500029880;0;7;0;0;2;8;1;B01
201500029880;0;7;0;0;2;1;1;A01
201500029881;1;7;0;0;2;1;2;A01
201500029881;0;7;0;1;2;6;1;B01
201500029882;0;7;0;0;2;3;0;B01
201500029882;0;7;0;0;2;3;0;A01
201500029883;0;7;0;0;1;2;16;A01
201500029884;0;10;0;0;1;2;1;A01
201500029885;1;7;0;0;2;0;0;Z01
201500029885;0;3;0;0;2;0;0;B01
201500029886;2;7;0;14;2;1;19;A01
201500029886;0;7;0;0;0;8;19;B01
201500029887;0;7;0;0;2;3;9;A01
201500029887;0;1;0;0;2;1;1;M01
201500029888;0;1;0;0;9;0;1;A01
201500029888;1;34;0;0;2;0;0;Z01
201500029889;0;7;0;0;2;2;0;A01
201500029889;0;7;0;0;2;0;0;B01
201500029890;0;14;0;0;9;0;0;A01
201500029890;0;1;0;0;9;7;1;B01
201500029891;0;33;0;14;2;1;1;A01
201500029891;0;7;0;0;0;3;15;B01
201500029892;1;7;0;0;1;0;0;Z01
201500029893;0;7;0;0;1;0;0;B01
201500029893;0;7;0;0;2;3;1;A01
201500029894;0;33;0;0;2;1;1;B01
201500029894;0;7;0;0;2;3;9;A01
201500029895;0;1;0;16;0;0;0;B01
201500029895;0;7;0;0;0;0;0;A01
201500029896;1;7;0;0;1;2;16;Z01
201500029897;1;7;0;0;1;0;0;Z01
201500029898;0;1;0;0;1;1;1;A01
201500029899;0;7;0;0;1;3;1;A01
201500029900;0;7;0;0;2;1;1;B01
201500029900;0;7;0;0;2;3;13;A01
201500029901;0;7;0;0;1;3;1;A01
201500029902;0;7;0;0;1;1;15;A01
201500029903;1;1;0;0;2;0;0;A01
201500029903;0;7;0;1;2;8;20;B01
201500029904;0;7;0;0;0;4;2;B01
201500029904;0;37;0;0;2;4;2;A01
201500029905;0;2;0;0;1;0;16;A01
201500029906;0;37;58;6;0;1;1;A01
201500029907;0;7;0;0;2;1;1;A01
201500029907;0;7;0;0;2;4;1;B01
201500029907;0;99;0;0;2;4;1;C01
201500029908;0;1;0;0;1;3;0;A01
201500029909;0;7;0;0;1;0;15;A01
201500029910;0;33;0;0;2;0;0;B01
201500029910;0;7;0;0;2;8;1;A01
201500029911;0;7;0;0;2;2;0;A01
201500029911;0;1;0;0;2;3;0;B01
201500029912;1;2;0;0;2;1;0;Z01
201500029912;0;7;0;0;2;0;0;A01
201500029913;0;33;0;0;2;7;0;B01
201500029913;1;7;0;0;2;8;0;Z01
201500029914;0;7;0;0;1;0;0;A01
201500029915;0;10;0;0;0;0;0;B01
201500029915;0;7;0;14;0;0;0;A01
201500029916;2;7;0;1;0;1;12;A01
201500029916;0;21;0;0;2;4;23;B01
201500029917;0;34;0;0;2;0;0;B01
201500029917;0;7;0;0;2;0;0;A01
201500029918;0;7;0;0;2;0;0;B01
201500029918;0;7;0;0;2;3;1;A01
201500029919;0;33;0;0;2;1;1;B01
201500029919;0;10;0;0;2;8;15;A01
201500029920;0;7;0;0;1;0;0;A01
201500029921;0;7;0;0;9;1;0;A01
201500029921;0;1;0;0;2;4;15;C01
201500029921;0;1;0;0;2;4;15;B01
201500029922;1;7;0;0;1;2;16;A01
201500029923;1;7;0;0;1;2;17;Z01
201500029924;0;7;0;0;1;0;0;A01
201500029925;0;7;0;0;2;5;0;A01
201500029925;0;30;0;0;2;1;2;B01
201500029926;1;7;0;0;1;0;0;Z01
201500029927;0;7;0;0;1;2;15;A01
201500029928;0;2;0;0;2;1;2;A01
201500029928;1;7;0;0;2;4;2;B01
201500029929;0;7;0;0;1;1;0;A01
201500029930;0;7;0;0;2;3;15;B01
201500029930;0;7;0;0;2;1;1;A01
201500029931;0;7;0;0;2;2;15;A01
201500029931;0;31;0;0;2;1;1;B01
201500029932;0;7;0;0;2;1;1;A01
201500029932;0;2;0;0;2;8;1;B01
201500029933;0;34;0;0;0;0;0;B01
201500029933;0;7;0;0;0;0;0;A01
201500029934;2;7;0;8;2;7;10;A01
201500029934;0;7;0;0;2;1;1;B01
201500029935;0;7;0;0;1;2;0;A01
201500029936;1;10;0;0;2;3;9;A01
201500029936;0;7;0;0;2;3;1;B01
201500029937;0;10;0;0;1;2;0;A01
201500029938;0;7;0;0;2;8;0;B01
201500029938;2;7;0;0;2;1;19;A01
201500029939;1;7;0;0;0;0;1;Z01
201500029939;0;30;0;8;0;7;1;B01
201500029940;1;7;0;0;1;1;15;A01
201500029941;0;3;0;0;1;1;1;A01
201500029942;1;7;0;0;2;1;15;Z01
201500029942;0;30;0;0;2;0;0;A01
201500029943;0;1;0;0;2;0;0;B01
201500029943;0;7;0;0;9;0;0;A01
201500029944;2;7;0;0;2;1;5;A01
201500029944;0;7;0;15;2;2;1;B01
201500029945;0;7;0;0;2;3;0;A01
201500029945;0;3;0;0;2;2;0;B01
201500029946;0;7;0;0;1;3;1;A01
201500029947;0;1;0;0;1;1;1;A01
201500029948;1;7;0;0;1;0;0;F01
201500029949;0;7;0;8;2;2;1;B01
201500029949;2;7;0;14;2;1;0;A01
201500029950;0;7;0;0;1;0;0;A01
201500029951;0;7;0;0;1;7;24;A01
201500029952;0;33;0;0;0;0;0;B01
201500029952;0;7;0;0;0;0;0;A01
201500029953;0;7;0;8;2;8;5;A01
201500029953;0;7;0;0;2;3;15;B01
201500029954;0;7;0;0;2;1;15;A01
201500029954;2;7;0;0;2;1;19;B01
201500029955;1;7;0;0;0;0;0;Z01
201500029955;0;1;0;0;0;0;0;A01
201500029956;0;7;0;0;1;1;0;A01
201500029957;0;7;0;0;1;8;14;A01
201500029958;0;7;0;0;1;2;21;A01
201500029959;1;7;0;0;1;1;1;A01
201500029960;0;7;0;0;0;4;15;B01
201500029960;0;7;0;0;2;1;2;A01
201500029961;0;7;0;0;1;3;15;A01
201500029962;0;7;0;0;2;3;15;A01
201500029962;0;7;0;0;2;2;1;B01
201500029963;0;7;0;0;2;2;1;A01
201500029963;0;33;0;0;2;1;1;B01
201500029964;1;3;0;15;1;1;19;A01
201500029965;0;7;0;0;1;1;15;A01
201500029966;0;33;0;0;2;7;17;B01
201500029966;1;7;0;0;2;0;0;Z01
201500029967;0;7;0;0;1;1;0;A01
201500029968;0;7;0;0;1;1;1;A01
201500029969;1;1;0;14;1;0;0;A01
201500029970;0;33;0;7;2;0;0;A01
201500029971;0;7;0;0;0;0;0;A01
201500029971;0;7;0;0;0;1;17;B01
201500029972;1;7;0;0;1;0;0;A01
201500029973;0;7;0;0;1;1;1;A01
201500029974;1;7;0;0;1;2;1;A01
201500029975;0;10;0;0;2;1;1;B01
201500029975;0;10;0;0;2;2;15;A01
201500029976;0;7;0;0;2;3;15;A01
201500029976;0;2;0;0;2;9;1;B01
201500029977;0;7;0;0;2;1;1;B01
201500029977;0;7;0;0;2;1;1;C01
201500029977;0;7;0;0;0;1;9;A01
201500029978;0;7;0;0;1;2;1;A01
201500029979;0;33;0;0;2;1;1;B01
201500029979;0;7;0;0;2;2;15;A01
201500029980;0;7;0;0;2;2;9;A01
201500029980;0;2;0;0;2;0;1;B01
201500029981;0;7;0;0;0;3;1;B01
201500029981;0;7;0;0;2;2;0;A01
201500029982;0;7;0;0;2;4;20;B01
201500029982;1;7;0;0;2;1;2;A01
201500029983;0;7;0;0;2;8;15;A01
201500029983;0;33;0;0;2;8;1;B01
201500029984;0;7;0;0;2;3;15;A01
201500029984;0;32;0;0;2;1;1;B01
201500029985;1;7;0;15;1;4;0;A01
201500029986;0;33;0;0;2;0;0;B01
201500029986;0;7;0;0;2;2;15;A01
201500029987;0;7;0;0;2;4;2;A01
201500029987;0;7;0;0;2;1;2;B01
201500029988;0;7;0;0;1;2;1;A01
201500029989;0;33;0;0;1;1;1;A01
201500029990;0;7;0;14;0;1;2;A01
201500029991;0;33;0;0;2;1;1;B01
201500029991;0;7;0;0;2;1;15;A01
201500029992;0;7;0;0;1;1;1;A01
201500029993;0;7;0;0;1;1;0;A01
201500029993;0;7;0;0;2;1;0;B01
201500029994;0;7;0;0;2;1;1;A01
201500029994;0;7;0;0;2;1;1;B01
201500029995;0;7;0;0;2;1;1;A01
201500029995;0;7;0;0;2;1;15;B01
201500029996;0;7;0;0;1;8;1;A01
201500029997;0;7;0;0;1;1;1;A01
201500029998;0;7;0;8;0;7;0;A01
201500029999;0;7;0;0;2;3;15;A01
201500029999;0;2;0;0;2;3;1;B01
201500030000;0;7;0;0;1;1;1;A01
201500030001;0;7;0;0;2;7;19;A01
201500030001;0;7;0;0;2;1;1;B01
201500030002;0;7;0;0;1;2;2;A01
201500030003;0;32;0;0;1;1;1;A01
201500030004;0;7;0;0;1;0;9;A01
201500030005;0;37;0;0;0;6;23;B01
201500030005;0;1;0;0;2;1;1;A01
201500030006;0;7;0;0;1;2;2;A01
201500030007;0;7;0;0;2;8;1;A01
201500030007;0;7;0;0;2;2;19;B01
201500030008;0;7;0;0;2;3;2;A01
201500030008;1;7;0;0;2;0;0;B01
201500030009;0;7;0;0;1;3;1;A01
201500030010;0;7;0;0;2;1;0;B01
201500030010;0;1;0;0;2;1;0;A01
201500030011;0;33;0;0;2;0;0;A01
201500030011;0;7;0;0;2;0;0;B01
201500030012;0;7;0;0;2;1;2;A01
201500030012;0;7;0;0;2;4;2;B01
201500030012;0;7;0;0;2;4;2;C01
201500030013;0;7;0;0;2;3;23;B01
201500030013;0;7;0;0;2;2;1;A01
201500030014;0;37;0;0;1;2;1;A01
201500030015;1;7;0;0;2;1;19;Z01
201500030015;0;7;0;0;2;2;1;A01
201500030016;0;7;0;0;2;0;0;B01
201500030016;0;2;0;0;2;0;0;A01
201500030017;0;7;0;0;2;7;19;A01
201500030017;0;7;0;0;2;1;2;B01
201500030018;0;33;0;0;2;8;1;B01
201500030018;0;7;0;0;2;2;16;A01
201500030019;0;1;0;0;2;4;0;B01
201500030019;0;7;0;0;2;4;0;C01
201500030019;0;7;0;0;2;1;2;A01
201500030020;0;7;0;0;1;1;1;A01
201500030021;0;7;0;0;2;2;0;B01
201500030021;2;7;0;0;2;1;9;A01
201500030022;0;33;0;0;2;1;17;A01
201500030022;0;7;0;0;2;8;15;B01
201500030023;0;33;0;0;2;0;0;A01
201500030023;0;7;0;0;2;0;0;B01
201500030024;0;1;0;0;0;0;0;A01
201500030024;0;7;0;0;0;0;0;B01
201500030025;0;7;0;0;2;8;15;B01
201500030025;0;30;0;0;2;1;17;A01
201500030026;0;7;0;1;0;2;1;A01
201500030026;0;7;0;0;2;6;0;D01
201500030026;0;7;0;0;2;2;0;B01
201500030027;0;7;0;0;1;1;15;A01
201500030028;0;7;0;0;1;2;20;A01
201500030029;0;7;0;0;2;1;1;B01
201500030029;0;7;0;0;2;8;15;A01
201500030030;0;7;0;0;1;0;0;A01
201500030031;0;3;0;0;1;0;0;A01
201500030032;0;1;0;0;0;1;0;B01
201500030032;1;7;0;0;0;0;0;A01
201500030033;0;7;0;0;1;2;1;A01
201500030034;0;7;0;0;2;3;9;A01
201500030034;0;1;0;0;0;0;0;B01
201500030035;0;7;0;0;1;3;0;A01
201500030036;0;1;0;0;2;0;0;B01
201500030036;0;7;0;0;9;0;0;A01
201500030037;0;7;0;0;2;3;14;C01
201500030037;0;7;0;1;0;5;0;B01
201500030037;0;10;0;0;9;5;20;A01
201500030038;0;2;0;0;2;2;17;A01
201500030038;0;7;0;0;2;3;15;B01
201500030039;2;7;0;1;1;1;2;A01
201500030039;1;7;0;0;2;0;15;Z01
201500030040;0;33;0;0;2;1;0;B01
201500030040;0;30;0;0;2;1;0;A01
201500030041;0;7;0;0;2;1;2;A01
201500030041;0;1;0;0;2;4;2;B01
201500030042;0;7;0;0;0;3;16;A01
201500030042;0;7;0;0;0;2;0;B01
201500030043;0;7;0;0;1;0;0;A01
201500030044;0;7;0;8;0;1;1;A01
201500030045;0;37;0;0;1;2;16;A01
201500030046;1;7;0;0;1;2;0;Z01
201500030047;0;7;0;8;0;3;14;A01
201500030048;0;7;0;0;2;1;2;A01
201500030048;0;7;0;0;0;0;0;B01
201500030049;0;7;0;0;1;2;15;A01
201500030050;0;7;0;0;1;2;11;A01
201500030051;0;7;0;0;2;1;1;A01
201500030051;0;7;0;0;2;4;16;B01
201500030052;0;7;0;0;1;0;0;A01
201500030053;0;7;0;0;1;2;1;A01
201500030054;0;7;0;0;1;4;4;A01
201500030055;0;7;0;0;2;1;2;A01
201500030055;0;7;0;0;2;4;0;C01
201500030055;0;7;0;0;2;4;0;B01
201500030056;0;7;0;1;0;1;0;A01
201500030057;0;7;0;0;2;1;1;B01
201500030057;2;10;0;0;2;1;0;A01
201500030058;0;7;0;0;1;4;4;A01
201500030059;0;33;0;0;2;0;0;A01
201500030059;0;7;0;0;0;0;0;C01
201500030059;0;7;0;0;2;0;0;B01
201500030060;0;7;0;0;2;1;1;B01
201500030060;0;7;0;0;2;3;9;A01
201500030061;0;7;0;0;2;1;6;A01
201500030061;0;7;0;0;2;3;1;B01
201500030062;0;7;0;0;1;1;1;A01
201500030063;0;30;0;0;0;0;0;B01
201500030063;0;7;0;0;0;2;14;A01
201500030064;0;30;0;1;1;0;17;A01
201500030065;0;7;0;0;2;2;16;A01
201500030065;0;2;0;0;2;3;1;B01
201500030066;0;7;0;0;2;1;1;A01
201500030066;0;7;0;0;0;0;0;B01
201500030067;0;7;0;0;1;2;1;A01
201500030068;0;7;0;0;2;1;1;A01
201500030068;0;7;0;0;2;7;1;B01
201500030069;0;7;0;0;1;2;0;A01
201500030070;0;7;0;0;2;1;1;A01
201500030070;0;7;0;0;2;5;4;B01
201500030071;1;7;0;0;2;0;0;Z01
201500030071;0;1;0;0;2;0;0;B01
201500030072;0;7;0;0;2;7;1;A01
201500030072;0;7;0;0;2;1;0;B01
201500030073;1;7;0;0;1;1;2;A01
201500030074;0;7;0;0;2;2;0;A01
201500030074;0;33;0;0;0;0;0;B01
201500030075;0;7;0;0;1;2;1;A01
201500030076;0;7;0;0;2;5;16;A01
201500030076;0;32;0;0;2;8;2;B01
201500030077;0;1;0;0;2;1;19;A01
201500030077;0;7;0;0;2;8;0;B01
201500030078;0;7;0;14;0;1;0;A01
201500030079;0;7;0;0;0;2;15;A01
201500030079;0;7;0;0;2;1;1;B01
201500030080;0;33;0;0;1;1;0;A01
201500030081;0;33;0;0;2;1;1;A01
201500030081;0;7;0;0;0;0;0;B01
201500030082;0;7;0;1;0;1;1;A01
201500030082;0;1;0;0;0;0;0;B01
201500030083;0;7;0;0;1;1;0;A01
201500030084;0;7;0;0;1;3;0;A01
201500030085;0;7;0;0;1;1;15;A01
201500030086;0;7;0;0;1;1;1;A01
201500030087;0;7;0;0;0;6;15;A01
201500030087;0;7;0;0;0;0;0;B01
201500030088;0;7;0;0;9;1;1;A01
201500030088;0;1;0;0;2;8;19;B01
201500030089;0;33;0;0;2;7;17;A01
201500030089;0;10;0;0;2;8;15;B01
201500030090;0;7;0;0;2;1;15;A01
201500030090;0;33;0;0;2;1;1;B01
201500030091;0;7;0;0;1;1;1;A01
201500030092;0;7;0;0;2;2;0;A01
201500030092;0;7;0;8;2;8;1;B01
201500030093;0;7;0;0;2;8;20;B01
201500030093;0;7;0;0;2;8;2;A01
201500030093;0;7;0;0;2;6;0;C01
201500030094;0;7;0;0;2;1;1;B01
201500030094;0;2;0;0;2;1;13;A01
201500030095;0;1;0;0;2;6;2;B01
201500030096;0;7;0;0;0;3;15;B01
201500030096;0;7;0;15;2;1;17;A01
201500030097;1;7;0;0;0;0;0;Z01
201500030097;0;33;0;0;2;8;2;B01
201500030098;0;7;0;0;2;2;16;A01
201500030098;0;1;0;0;2;1;1;B01
201500030099;0;1;0;0;0;0;0;B01
201500030099;0;7;0;0;0;8;22;A01
201500030100;1;7;0;0;1;0;1;A01
201500030101;0;7;0;0;1;3;15;A01
201500030102;0;7;0;0;1;8;1;A01
201500030103;0;7;0;0;1;1;16;A01
201500030104;0;1;0;0;1;1;1;A01
201500030105;0;7;0;0;2;8;19;A01
201500030105;0;7;0;0;2;1;2;B01
201500030106;0;7;0;0;1;2;1;A01
201500030107;0;7;0;0;2;7;15;A01
201500030107;0;7;0;0;2;3;23;C01
201500030107;0;7;0;0;2;8;1;B01
201500030108;0;7;0;0;1;3;15;A01
201500030109;0;33;0;0;0;0;0;A01
201500030109;0;7;0;0;0;0;0;B01
201500030110;0;7;0;0;0;0;0;B01
201500030110;0;2;0;0;0;3;16;A01
201500030111;0;7;0;12;0;7;14;A01
201500030112;0;7;0;0;2;1;1;B01
201500030112;0;7;0;0;2;7;15;D01
201500030113;1;7;0;0;2;1;1;Z01
201500030113;0;2;0;0;2;4;1;B01
201500030114;0;32;0;0;2;1;1;B01
201500030114;0;7;0;0;2;2;15;A01
201500030115;0;7;0;0;2;2;0;A01
201500030115;0;7;0;0;0;0;0;B01
201500030116;0;7;0;1;1;2;14;A01
201500030117;0;7;0;0;2;1;1;A01
201500030117;0;7;0;0;2;4;1;B01
201500030118;0;7;0;0;2;3;20;A01
201500030118;0;1;0;0;2;1;17;B01
201500030119;0;7;0;0;1;8;0;A01
201500030120;0;7;0;0;2;0;1;B01
201500030120;0;7;0;0;2;1;19;A01
201500030121;1;7;0;0;2;7;15;Z01
201500030121;0;7;0;0;2;2;0;A01
201500030122;0;2;0;0;2;1;9;A01
201500030122;0;7;0;0;0;7;23;B01
201500030123;0;2;0;1;0;1;1;A01
201500030124;0;33;0;12;0;7;14;A01
201500030125;0;7;0;0;1;3;1;A01
201500030126;0;7;0;0;0;8;1;A01
201500030127;0;30;0;0;2;1;2;B01
201500030127;0;7;0;0;9;7;1;A01
201500030128;1;7;0;0;1;0;0;Z01
201500030129;0;7;0;0;1;0;0;A01
201500030130;0;7;0;0;2;1;9;A01
201500030130;0;7;0;0;2;7;1;B01
201500030131;0;7;0;0;1;1;0;A01
201500030132;0;7;0;1;0;2;0;A01
201500030133;0;7;0;4;0;1;1;A01
201500030134;0;7;0;0;2;1;1;B01
201500030134;0;7;0;0;2;1;2;A01
201500030135;0;7;0;3;0;2;0;A01
201500030136;0;7;0;0;2;7;10;B01
201500030136;0;7;0;0;2;1;2;A01
201500030137;0;1;0;0;2;1;1;A01
201500030137;0;7;0;0;9;5;2;B01
201500030138;2;7;0;6;2;1;1;A01
201500030138;0;7;0;1;2;2;1;B01
201500030139;0;7;0;0;2;1;0;B01
201500030139;0;7;0;0;2;0;15;A01
201500030140;1;30;0;0;0;0;0;B01
201500030140;1;30;0;0;1;1;0;A01
201500030141;0;7;0;2;0;1;1;A01
201500030142;0;33;0;0;2;1;1;A01
201500030142;0;7;0;0;2;6;1;B01
201500030142;0;7;0;1;2;1;1;C01
201500030143;0;7;0;0;1;2;2;A01
201500030144;2;7;0;0;2;1;11;A01
201500030144;0;31;0;0;2;0;0;B01
201500030145;0;30;0;8;0;1;14;A01
201500030146;0;7;0;15;0;1;0;A01
201500030147;0;7;0;0;2;7;10;A01
201500030147;0;33;0;0;2;1;1;B01
201500030148;0;7;0;0;2;1;2;A01
201500030148;0;1;0;0;0;4;2;B01
201500030149;0;7;0;0;1;0;0;A01
201500030150;0;7;0;1;0;2;1;A01
201500030151;1;30;0;0;1;0;0;A01
201500030152;0;3;0;0;2;7;19;A01
201500030152;0;37;0;0;2;1;1;B01
201500030153;0;7;0;1;0;3;16;A01
201500030154;0;7;0;0;0;0;0;B01
201500030154;0;1;0;0;0;0;0;A01
201500030155;0;7;0;0;2;0;0;B01
201500030155;0;7;0;0;2;0;0;A01
201500030156;1;7;0;1;1;1;2;Z01
201500030156;0;7;0;0;2;6;23;B01
201500030157;1;7;0;0;2;0;0;Z01
201500030157;0;1;0;0;2;1;0;B01
201500030158;0;7;0;0;2;1;1;A01
201500030158;0;7;0;0;2;3;16;B01
201500030159;0;7;0;0;1;1;1;A01
201500030160;0;7;0;0;9;2;15;A01
201500030160;0;1;0;0;2;1;15;B01
201500030161;0;37;0;0;1;0;2;A01
201500030162;0;7;0;0;2;2;15;A01
201500030162;0;7;0;0;2;2;2;B01
201500030162;0;7;0;0;2;1;23;C01
201500030163;0;37;0;0;9;8;7;A01
201500030163;0;1;0;0;2;2;17;B01
201500030164;0;2;0;0;0;0;0;A01
201500030164;0;99;0;0;0;0;0;B01
201500030165;0;7;0;0;0;1;1;A01
201500030165;0;7;0;0;0;0;0;B01
201500030166;0;7;0;0;0;0;0;A01
201500030166;0;7;0;0;0;0;0;B01
201500030167;0;7;0;0;0;0;0;B01
201500030167;0;2;0;0;0;0;0;A01