num_acc;senc;catv;occutc;obs;obsm;choc;manv;num_veh
201500030168;1;7;0;0;1;0;0;Z01
201500030169;0;7;0;0;1;1;2;A01
201500030170;0;7;0;0;1;0;0;A01
201500030171;0;7;0;0;2;1;9;A01
201500030171;0;1;0;0;0;0;0;B01
201500030172;0;7;0;0;2;7;9;A01
201500030172;0;32;0;0;2;7;1;B01
201500030173;0;7;0;0;2;1;1;B01
201500030173;0;7;0;0;2;7;1;A01
201500030174;0;7;0;0;2;2;1;B01
201500030174;0;7;0;0;2;3;9;A01
201500030175;0;7;0;0;0;0;0;A01
201500030175;0;7;0;0;0;0;0;B01
201500030176;0;7;0;0;2;1;1;B01
201500030176;0;7;0;0;2;4;4;A01
201500030177;0;7;0;0;2;2;1;B01
201500030177;0;7;0;0;2;1;9;A01
201500030178;0;7;0;0;1;2;0;A01
201500030179;0;7;0;0;0;0;0;B01
201500030179;0;1;0;0;0;0;0;A01
201500030180;0;7;0;0;0;4;24;B01
201500030180;0;7;0;1;0;1;0;A01
201500030181;0;7;0;0;0;9;14;A01
201500030182;0;1;0;0;2;1;19;B01
201500030182;0;7;0;0;2;6;1;A01
201500030183;0;2;0;5;0;1;1;A01
201500030184;0;33;0;0;2;1;2;A01
201500030184;0;7;0;0;2;6;11;B01
201500030185;0;7;0;0;1;1;1;A01
201500030186;0;10;0;0;1;2;1;A01
201500030187;0;30;0;0;2;1;1;A01
201500030187;0;7;0;0;2;3;23;B01
201500030188;0;7;0;0;2;1;15;A01
201500030188;0;7;0;0;2;3;1;B01
201500030189;0;7;0;9;0;1;1;A01
201500030190;0;7;0;0;1;1;1;A01
201500030191;0;7;0;0;1;1;0;A01
201500030192;0;1;0;0;0;0;0;B01
201500030192;0;7;0;0;2;7;16;A01
201500030193;0;7;0;0;2;1;15;A01
201500030193;0;2;0;0;2;8;1;B01
201500030194;0;7;0;0;1;1;1;A01
201500030195;0;1;0;0;2;7;15;B01
201500030195;0;7;0;0;9;2;1;A01
201500030196;0;7;0;0;2;1;19;A01
201500030196;0;7;0;0;2;1;2;B01
201500030197;0;7;0;0;1;1;15;A01
201500030198;0;7;0;0;2;5;23;A01
201500030198;0;1;0;0;2;1;2;B01
201500030199;0;7;0;6;0;3;0;A01
201500030200;0;7;0;0;1;3;15;A01
201500030201;0;7;0;0;1;2;1;A01
201500030202;0;2;0;0;2;1;0;B01
201500030202;0;7;0;0;2;2;1;A01
201500030203;0;7;0;0;2;6;15;B01
201500030203;0;30;0;0;2;1;13;A01
201500030204;0;7;0;0;2;1;1;A01
201500030204;0;33;0;0;2;1;0;B01
201500030205;0;7;0;0;2;8;0;B01
201500030205;0;30;0;0;2;0;0;A01
201500030206;0;7;0;0;1;2;0;A01
201500030207;0;7;0;0;2;8;1;B01
201500030207;0;7;0;0;2;3;15;A01
201500030208;0;32;0;0;2;1;1;B01
201500030208;0;7;0;0;2;7;15;A01
201500030209;0;7;0;0;1;2;15;A01
201500030210;0;7;0;0;2;1;2;A01
201500030210;0;7;0;0;2;5;2;B01
201500030211;0;7;0;1;2;3;13;B01
201500030211;0;7;0;1;2;3;1;A01
201500030212;0;7;0;0;2;8;1;B01
201500030212;0;7;0;0;2;1;1;A01
201500030213;0;7;0;0;2;2;19;A01
201500030213;0;31;0;0;2;8;19;B01
201500030214;0;7;0;0;2;1;13;A01
201500030214;0;7;0;0;2;1;1;B01
201500030215;0;7;0;0;2;1;15;B01
201500030215;0;99;0;0;2;1;1;A01
201500030216;0;7;0;0;0;6;0;B01
201500030216;0;33;0;0;2;1;2;A01
201500030217;0;7;0;0;2;3;15;A01
201500030217;0;7;0;0;2;1;0;B01
201500030218;0;34;0;0;0;0;13;A01
201500030219;0;7;0;0;2;1;9;A01
201500030219;0;7;0;0;2;7;2;B01
201500030220;0;7;0;1;0;1;1;A01
201500030221;0;7;0;0;2;1;1;B01
201500030221;0;7;0;0;2;5;15;A01
201500030222;0;7;0;0;2;3;15;A01
201500030222;0;7;0;15;2;1;1;B01
201500030223;0;1;0;0;2;7;15;B01
201500030223;1;7;0;0;9;1;1;A01
201500030224;0;7;0;0;1;3;1;A01
201500030225;0;7;0;0;2;3;0;B01
201500030225;0;7;0;0;2;3;0;A01
201500030225;0;7;0;0;2;1;0;C01
201500030226;0;7;0;0;1;2;1;A01
201500030227;0;7;0;0;2;4;1;D01
201500030227;0;7;0;0;2;1;1;C01
201500030227;0;10;0;0;2;1;1;E01
201500030227;0;7;0;3;2;2;14;A01
201500030227;0;7;0;0;2;6;21;H02
201500030227;0;7;0;0;2;4;1;B01
201500030227;0;7;0;0;2;8;1;F02
201500030227;0;7;0;3;0;1;13;G02
201500030228;2;7;0;0;2;3;5;Z01
201500030228;0;7;0;0;2;3;1;B01
201500030229;0;7;0;0;2;2;0;A01
201500030229;0;14;0;0;2;6;23;B01
201500030230;0;7;0;0;1;2;0;A01
201500030231;0;7;0;0;1;3;0;A01
201500030232;0;7;0;0;2;3;1;B01
201500030232;0;7;0;0;2;1;1;A01
201500030233;0;7;0;0;2;1;11;A01
201500030233;0;7;0;1;2;1;2;B01
201500030234;0;7;0;0;0;0;0;A01
201500030235;0;7;0;0;2;0;0;B01
201500030235;0;7;0;0;2;1;1;A01
201500030236;1;7;0;0;1;0;0;Z01
201500030237;0;1;0;0;2;1;18;B01
201500030237;0;7;0;0;2;2;16;A01
201500030238;0;7;0;0;2;1;2;A01
201500030238;0;7;0;0;2;4;2;B01
201500030239;0;10;0;0;2;1;1;B01
201500030239;0;7;0;0;2;3;10;A01
201500030240;0;7;0;0;2;2;15;A01
201500030240;0;7;0;0;2;3;0;B01
201500030241;0;1;0;0;2;1;5;A01
201500030241;0;7;0;0;9;3;15;B01
201500030242;0;7;0;0;2;2;1;A01
201500030242;0;7;0;0;2;7;0;B01
201500030243;1;7;0;0;1;0;0;Z01
201500030244;0;2;0;0;2;1;1;A01
201500030244;0;7;0;0;0;0;0;B01
201500030245;0;2;0;0;2;1;17;A01
201500030245;0;7;0;0;2;1;1;B01
201500030246;0;7;0;0;1;1;1;A01
201500030247;0;7;0;0;1;3;1;A01
201500030248;0;7;0;1;1;1;1;A01
201500030249;0;7;0;0;1;7;1;A01
201500030250;1;99;0;0;1;0;0;Z01
201500030251;0;33;0;0;0;3;7;A01
201500030251;0;7;0;0;2;7;0;B01
201500030252;0;1;0;0;0;1;0;A01
201500030252;0;7;0;0;0;3;1;B01
201500030253;0;7;0;1;0;0;10;C01
201500030253;0;7;0;0;0;3;0;B01
201500030253;0;7;0;0;2;3;21;A01
201500030254;0;7;0;0;1;2;1;A01
201500030255;0;7;0;0;0;1;1;A01
201500030255;0;7;0;0;0;8;1;B01
201500030256;0;7;0;0;0;8;0;B01
201500030256;0;7;0;0;2;1;1;A01
201500030257;0;7;0;0;2;3;15;A01
201500030257;0;7;0;0;2;1;1;B01
201500030258;0;7;0;0;1;1;2;A01
201500030259;0;7;0;0;1;1;0;A01
201500030260;0;7;0;0;1;3;10;A01
201500030261;0;7;0;0;2;8;0;A01
201500030261;0;7;0;0;2;1;1;B01
201500030262;0;7;0;0;1;2;2;A01
201500030263;0;7;0;0;1;1;16;A01
201500030264;0;7;0;0;2;4;2;B01
201500030264;0;7;0;0;2;1;2;A01
201500030265;0;7;0;1;0;8;1;B01
201500030265;0;7;0;0;2;1;1;A01
201500030266;0;7;0;0;1;3;1;A01
201500030267;0;7;0;2;2;3;1;B01
201500030267;0;7;0;0;2;7;15;A01
201500030268;0;7;0;8;2;1;1;B01
201500030268;0;7;0;0;2;5;1;A01
201500030269;0;7;0;0;1;2;1;A01
201500030270;1;7;0;0;1;2;0;Z01
201500030271;0;7;0;0;2;3;10;A01
201500030271;0;33;0;0;2;7;1;B01
201500030272;0;7;0;0;2;1;1;B01
201500030272;0;7;0;0;2;9;19;A01
201500030273;0;7;0;0;1;1;1;A01
201500030274;0;7;0;0;0;1;0;A01
201500030275;1;40;0;0;1;2;1;A01
201500030276;0;7;0;0;1;1;1;A01
201500030277;0;7;0;9;0;1;2;A01
201500030278;0;7;0;0;1;1;1;A01
201500030279;0;38;0;0;1;2;1;A01
201500030280;0;7;0;0;0;0;1;A01
201500030281;0;7;0;0;1;6;4;A01
201500030282;0;7;0;0;2;6;1;C01
201500030282;0;7;0;0;1;1;17;A01
201500030282;0;21;0;3;0;4;2;B01
201500030283;0;33;0;0;2;1;2;A01
201500030283;0;7;0;0;2;5;15;B01
201500030284;0;7;0;0;9;3;2;A01
201500030284;0;1;0;0;2;5;2;B01
201500030285;0;7;0;3;0;9;6;A01
201500030286;0;7;0;0;0;0;0;A01
201500030287;0;7;0;0;1;5;1;A01
201500030288;0;7;0;0;1;1;0;A01
201500030289;0;7;0;0;1;2;0;A01
201500030290;0;7;0;0;1;3;1;A01
201500030291;0;7;0;8;9;9;15;A01
201500030291;0;1;0;0;2;0;1;B01
201500030292;0;30;0;0;0;0;0;A01
201500030293;0;1;0;0;2;7;1;B01
201500030293;1;7;0;0;2;0;0;Z01
201500030294;0;7;0;0;1;2;17;A01
201500030295;0;7;0;0;2;1;1;A01
201500030295;0;30;0;0;0;0;0;B01
201500030296;0;7;0;0;1;3;2;A01
201500030297;0;7;0;0;2;1;1;A01
201500030297;0;7;0;0;2;3;1;C01
201500030297;0;7;0;0;2;2;1;B01
201500030298;0;10;0;0;1;3;1;A01
201500030299;0;10;0;0;2;3;9;A01
201500030299;0;33;0;0;2;0;0;B01
201500030300;0;2;0;0;2;1;17;A01
201500030300;0;7;0;0;0;6;15;B01
201500030301;0;7;0;0;1;1;1;A01
201500030302;0;1;0;0;2;3;0;A01
201500030302;0;7;0;0;2;5;0;B01
201500030303;0;7;0;0;1;1;1;A01
201500030304;0;7;0;1;0;3;13;A01
201500030305;0;7;0;0;2;3;1;B01
201500030305;0;7;0;0;2;2;1;A01
201500030306;0;7;0;0;2;2;15;A01
201500030306;0;2;0;0;2;1;1;B01
201500030307;0;7;0;0;1;1;1;A01
201500030308;0;7;0;11;0;9;13;A01
201500030309;0;7;0;0;1;2;1;A01
201500030310;0;7;0;0;1;1;15;A01
201500030311;0;7;0;0;2;7;20;A01
201500030311;0;2;0;0;2;1;1;B01
201500030312;0;7;0;0;2;0;1;B01
201500030312;0;7;0;0;2;1;15;A01
201500030313;0;32;0;0;0;0;2;A01
201500030314;0;7;0;0;1;7;1;A01
201500030314;0;7;0;0;2;1;1;B01
201500030315;0;7;0;0;0;6;2;B01
201500030315;0;2;0;0;2;1;2;A01
201500030316;0;7;0;0;1;3;15;A01
201500030317;0;7;0;0;1;0;0;A01
201500030318;0;33;0;1;2;3;2;A01
201500030318;0;7;0;0;2;8;15;B01
201500030319;0;7;0;0;2;3;1;B01
201500030319;0;7;0;0;2;1;13;A01
201500030320;2;7;0;1;0;9;0;A01
201500030321;0;7;0;0;1;3;1;A01
201500030322;0;7;0;0;2;1;1;B01
201500030322;0;2;0;0;2;7;1;A01
201500030323;0;2;0;0;2;9;23;B01
201500030323;0;3;0;0;2;8;23;D01
201500030323;0;2;0;0;2;0;0;A01
201500030323;0;7;0;0;2;7;23;C01
201500030324;0;30;0;0;2;1;2;A01
201500030324;0;7;0;0;0;4;2;B01
201500030325;0;30;0;0;2;1;13;A01
201500030325;0;7;0;0;2;3;1;B01
201500030326;1;7;0;2;0;8;1;A01
201500030327;0;30;0;12;0;0;0;A01
201500030328;2;30;0;0;2;0;0;B01
201500030328;0;7;0;0;0;0;0;A01
201500030329;0;33;0;11;0;2;11;A01
201500030330;0;7;0;0;1;1;1;A01
201500030331;0;7;0;6;0;1;1;A01
201500030332;0;7;0;0;2;0;0;B01
201500030332;0;7;0;0;2;4;1;A01
201500030333;0;7;0;0;2;1;15;A01
201500030333;0;1;0;0;2;0;0;B01
201500030334;0;30;0;0;2;1;1;B01
201500030334;0;7;0;0;2;5;15;A01
201500030335;0;1;0;0;0;0;0;A01
201500030336;0;33;0;0;2;7;17;A01
201500030336;0;7;0;0;2;1;15;B01
201500030337;0;30;0;0;2;0;0;C01
201500030337;0;7;0;0;2;1;5;A01
201500030337;0;30;0;0;2;1;0;B01
201500030338;0;1;0;0;2;8;19;A01
201500030338;0;7;0;0;2;2;16;B01
201500030339;1;36;0;0;0;0;0;Z01
201500030339;0;7;0;0;0;3;1;A01
201500030340;0;7;0;0;2;0;0;A01
201500030340;0;10;0;0;2;7;19;B01
201500030341;0;7;0;0;2;3;15;A01
201500030341;0;33;0;0;2;7;17;B01
201500030342;0;7;0;0;1;2;0;A01
201500030343;0;2;0;8;0;3;5;A01
201500030344;0;30;0;0;5;0;0;A01
201500030345;0;7;0;0;1;2;1;A01
201500030346;0;7;0;0;2;2;15;A01
201500030346;0;7;0;0;2;3;2;B01
201500030347;0;33;0;12;0;1;21;A01
201500030348;2;7;0;0;1;0;0;A01
201500030349;0;7;0;0;1;4;4;A01
201500030350;0;2;0;0;0;8;0;A01
201500030350;0;7;0;0;0;6;0;B01
201500030351;0;7;0;0;2;1;9;A01
201500030351;0;7;0;0;2;2;1;B01
201500030352;0;7;0;0;2;0;23;C01
201500030352;0;7;0;0;2;3;15;A01
201500030352;0;2;0;0;2;3;1;B01
201500030353;1;7;0;0;2;1;0;B01
201500030353;0;7;0;15;2;7;2;A01
201500030354;0;2;0;1;0;1;15;A01
201500030355;0;7;0;0;2;7;13;A01
201500030355;0;7;0;0;2;1;1;B01
201500030356;0;7;0;0;1;3;0;A01
201500030357;1;14;0;0;1;0;0;A01
201500030358;0;30;0;0;2;7;0;B01
201500030358;0;7;0;0;2;1;1;A01
201500030359;0;30;0;0;1;1;12;A01
201500030360;1;7;0;0;1;0;0;A01
201500030361;0;10;0;0;1;1;19;A01
201500030362;0;10;0;0;2;2;15;A01
201500030362;0;37;0;0;2;1;1;B01
201500030363;0;7;0;0;1;1;1;A01
201500030364;0;7;0;0;2;3;15;A01
201500030364;0;1;0;0;2;2;1;B01
201500030365;1;7;0;0;1;0;0;Z01
201500030366;0;30;0;0;1;1;1;A01
201500030367;0;30;0;0;2;2;1;B01
201500030367;0;7;0;0;2;1;15;A01
201500030368;0;15;0;0;0;7;0;B01
201500030368;2;7;0;0;9;1;13;A01
201500030369;0;7;0;1;0;1;1;A01
201500030370;0;1;0;0;2;0;0;B01
201500030370;0;7;0;0;2;5;16;A01
201500030371;1;7;0;0;1;3;1;Z01
201500030372;0;1;0;0;0;0;0;B01
201500030372;1;7;0;0;2;0;17;Z01
201500030373;0;7;0;0;1;1;1;A01
201500030374;0;7;0;8;0;1;1;A01
201500030375;0;33;0;0;2;3;15;A01
201500030375;0;7;0;0;0;0;0;B01
201500030376;0;7;0;0;1;2;17;A01
201500030377;0;7;0;0;1;2;1;A01
201500030378;0;7;0;0;2;7;1;B01
201500030378;0;7;0;0;2;1;1;A01
201500030379;0;13;0;0;0;1;0;A01
201500030379;0;7;0;0;0;4;0;B01
201500030380;0;7;0;0;2;2;15;A01
201500030380;0;1;0;0;2;1;1;B01
201500030381;0;1;0;0;2;1;1;B01
201500030381;0;7;0;0;2;2;1;A01
201500030382;0;7;0;0;1;1;1;A01
201500030383;0;7;0;0;0;0;0;B01
201500030383;0;7;0;0;2;8;15;A01
201500030384;0;7;0;0;1;3;2;A01
201500030385;0;7;0;0;2;1;1;B01
201500030385;0;32;0;0;1;1;1;A01
201500030386;0;13;0;0;2;3;15;A01
201500030386;0;7;0;0;2;2;1;B01
201500030387;0;7;0;0;1;2;0;A01
201500030388;0;7;0;0;1;3;1;A01
201500030389;0;7;0;0;1;1;1;A01
201500030390;0;2;0;0;0;0;0;A01
201500030391;0;7;0;0;1;1;1;A01
201500030392;0;7;0;0;1;3;1;A01
201500030393;2;7;0;0;2;1;2;A01
201500030393;0;7;0;0;2;4;11;B01
201500030394;0;7;0;0;2;6;17;B01
201500030394;0;7;0;0;2;3;1;A01
201500030395;1;7;0;0;1;0;0;Z01
201500030396;0;7;0;0;2;7;15;A01
201500030396;0;34;0;0;2;1;1;B01
201500030397;0;2;0;6;0;1;0;A01
201500030398;0;7;0;0;1;1;1;A01
201500030399;0;7;0;0;1;1;1;A01
201500030400;0;36;0;0;2;8;1;B01
201500030400;0;7;0;0;2;3;15;A01
201500030401;0;33;0;0;1;1;1;A01
201500030402;0;7;0;4;0;0;0;A01
201500030403;0;7;0;0;1;1;1;A01
201500030404;0;7;0;0;1;2;1;A01
201500030405;0;7;0;0;2;5;4;A01
201500030405;0;2;0;0;2;1;1;B01
201500030406;0;2;0;0;2;8;17;B01
201500030406;0;7;0;0;2;8;15;A01
201500030407;0;7;0;0;2;1;16;A01
201500030407;0;1;0;0;2;1;1;B01
201500030408;0;2;0;0;1;1;1;A01
201500030409;0;7;0;0;1;3;15;A01
201500030410;0;7;0;0;2;6;1;A01
201500030410;1;7;0;0;2;1;1;Z01
201500030411;0;7;0;0;2;1;1;B01
201500030411;0;7;0;0;2;8;10;A01
201500030412;1;7;0;0;1;1;0;Z01
201500030413;0;3;0;0;1;3;1;A01
201500030414;0;7;0;0;1;1;15;A01
201500030415;0;7;0;0;2;4;2;B01
201500030415;0;7;0;0;2;1;2;A01
201500030416;1;7;0;0;0;0;0;Z01
201500030416;0;1;0;0;0;0;1;B01
201500030417;0;33;0;0;2;1;1;B01
201500030417;0;7;0;0;2;7;12;A01
201500030418;0;30;0;0;2;1;5;A01
201500030418;0;7;0;0;2;8;15;B01
201500030419;0;7;0;0;1;2;1;A01
201500030420;0;33;0;0;0;0;0;B01
201500030420;0;7;0;0;2;2;15;A01
201500030421;1;34;0;0;0;0;0;Z01
201500030421;0;2;0;0;1;1;2;A01
201500030422;1;7;0;0;1;0;0;Z01
201500030423;0;7;0;0;2;1;0;B01
201500030423;0;7;0;0;2;1;0;A01
201500030424;0;7;0;0;2;3;5;A01
201500030424;0;7;0;0;2;1;1;B01
201500030425;0;7;0;0;1;1;2;A01
201500030426;0;7;0;0;1;4;4;A01
201500030427;0;7;0;0;1;4;4;A01
201500030428;0;7;0;0;1;2;1;A01
201500030429;0;7;0;0;2;7;2;B01
201500030429;2;7;0;1;2;1;2;A01
201500030430;0;7;0;0;1;1;1;A01
201500030431;0;20;0;0;0;0;1;A01
201500030432;0;7;0;0;1;1;1;A01
201500030433;0;37;0;0;1;2;1;A01
201500030434;0;2;0;0;2;1;19;A01
201500030434;0;7;0;0;2;5;1;B01
201500030435;0;7;0;0;1;1;16;A01
201500030436;0;7;0;0;1;4;4;A01
201500030437;0;7;0;0;1;1;1;A01
201500030438;0;7;0;6;0;7;1;A01
201500030439;0;7;0;0;2;1;1;B01
201500030439;0;7;0;0;2;1;9;A01
201500030440;0;7;0;0;9;7;1;A01
201500030440;0;1;0;0;2;1;19;B01
201500030441;1;7;0;0;0;0;0;Z01
201500030441;0;1;0;0;0;0;0;B01
201500030442;0;7;0;0;2;1;15;A01
201500030442;0;7;0;0;2;8;0;B01
201500030443;0;7;0;0;1;3;15;A01
201500030444;0;33;0;0;1;7;1;A01
201500030445;0;7;0;1;0;1;1;A01
201500030446;0;30;0;1;0;1;1;B01
201500030447;0;7;0;0;2;7;15;A01
201500030447;0;33;0;0;2;1;1;B01
201500030448;0;7;0;0;1;1;1;A01
201500030449;0;7;0;14;1;0;1;A01
201500030450;0;7;0;0;2;4;2;B01
201500030450;0;7;0;0;2;1;2;A01
201500030451;0;7;0;0;1;1;1;A01
201500030452;0;31;0;2;0;1;0;A01
201500030453;0;2;0;0;1;1;1;A01
201500030454;0;30;0;0;2;1;17;A01
201500030454;0;7;0;0;2;0;9;B01
201500030455;0;7;0;0;1;1;1;A01
201500030456;0;7;0;0;2;3;1;B01
201500030456;0;7;0;0;2;1;1;A01
201500030457;0;7;0;0;1;1;1;A01
201500030458;0;1;0;0;0;4;1;B01
201500030458;0;7;0;0;2;2;1;A01
201500030459;0;7;0;0;1;1;1;A01
201500030460;0;7;0;0;2;1;1;B01
201500030460;0;7;0;6;2;1;1;A01
201500030461;0;7;0;0;1;1;1;A01
201500030462;0;7;0;1;0;9;13;A01
201500030463;0;7;0;0;1;1;1;A01
201500030464;0;7;0;0;1;2;1;A01
201500030465;0;7;0;0;2;8;15;B01
201500030465;0;33;0;0;2;1;1;A01
201500030466;0;7;0;0;1;2;1;A01
201500030467;0;7;0;0;2;4;23;B01
201500030467;0;7;0;0;2;1;1;A01
201500030468;0;7;0;0;1;3;1;A01
201500030469;0;7;0;0;1;1;1;A01
201500030470;0;7;0;0;1;1;1;A01
201500030471;0;30;0;0;2;1;1;B01
201500030471;0;7;0;0;2;5;19;A01
201500030472;0;7;0;0;1;1;15;A01
201500030473;1;99;0;0;1;0;0;Z01
201500030474;1;99;0;0;1;0;0;Z01
201500030475;0;1;0;0;2;0;1;A01
201500030475;0;7;0;0;2;1;23;B01
201500030476;0;7;0;0;1;1;1;A01
201500030477;0;2;0;0;2;8;1;B01
201500030477;0;7;0;0;2;1;15;A01
201500030478;0;7;0;0;1;1;1;A01
201500030479;0;7;0;0;1;2;15;A01
201500030480;0;7;0;0;2;3;0;B01
201500030480;0;7;0;0;2;2;0;A01
201500030481;0;7;0;0;2;2;1;B01
201500030481;0;7;0;0;2;2;13;A01
201500030482;0;7;0;15;1;1;21;A01
201500030483;0;7;0;0;2;8;15;A01
201500030483;0;2;0;0;2;2;1;B01
201500030484;0;7;0;0;2;1;1;A01
201500030484;0;7;0;0;2;4;1;B01
201500030485;1;99;0;0;1;0;0;Z01
201500030486;1;7;0;0;1;1;1;Z01
201500030487;0;7;0;0;2;4;1;C01
201500030487;1;7;0;0;2;1;1;A01
201500030487;0;7;0;0;2;4;1;B01
201500030488;0;7;0;0;2;8;15;B01
201500030488;0;7;0;0;2;3;1;A01
201500030489;0;7;0;0;1;2;1;A01
201500030490;0;7;0;0;1;2;16;A01
201500030491;0;7;0;0;2;1;1;C01
201500030491;0;7;0;0;2;6;1;B01
201500030491;0;30;0;0;2;1;0;A01
201500030492;0;30;0;0;2;1;1;A01
201500030492;0;7;0;0;2;4;0;B01
201500030493;0;7;0;0;2;4;1;C01
201500030493;0;7;0;0;2;1;1;A01
201500030493;0;7;0;0;2;4;1;B01
201500030494;0;33;0;0;2;1;1;A01
201500030494;0;7;0;0;2;3;9;B02
201500030495;0;33;0;3;0;0;1;A01
201500030496;0;7;0;0;0;1;1;A01
201500030497;0;7;0;2;0;7;14;A01
201500030498;1;7;0;0;1;0;0;A01
201500030499;0;2;0;2;0;1;14;A01
201500030500;0;7;0;0;2;6;9;A01
201500030500;0;2;0;0;2;1;1;B02
201500030501;0;7;0;13;0;4;1;A01
201500030501;0;7;0;0;2;3;2;B01
201500030502;0;33;0;0;2;1;17;A01
201500030502;0;21;0;0;2;8;15;B02
201500030503;0;36;0;2;0;1;1;A01
201500030504;0;33;0;0;2;1;1;B01
201500030504;0;7;0;0;2;3;15;A01
201500030505;0;7;0;3;0;1;14;A01
201500030506;0;31;0;0;2;3;1;A01
201500030506;0;21;0;0;2;6;1;B01
201500030507;0;7;0;0;2;1;15;A01
201500030507;0;33;0;0;2;1;1;B01
201500030508;0;7;0;0;2;6;13;A01
201500030508;0;7;0;0;2;3;1;B02
201500030509;0;1;0;0;0;0;19;B02
201500030509;0;7;0;0;2;2;1;A01
201500030510;0;7;0;0;2;2;15;A01
201500030510;0;7;0;0;2;1;1;B02
201500030511;0;7;0;0;6;2;21;A01
201500030512;0;7;0;0;2;1;1;B02
201500030512;0;7;0;0;2;3;19;A01
201500030513;0;7;0;9;0;2;0;A01
201500030514;0;7;0;4;0;1;19;A01
201500030515;0;1;0;0;2;3;1;B02
201500030515;0;7;0;0;2;2;17;A01
201500030516;0;7;0;2;0;2;13;A01
201500030517;0;7;0;5;0;3;16;A01
201500030518;0;33;0;0;2;1;13;A01
201500030518;0;17;0;0;2;3;1;B02
201500030519;1;7;0;0;2;2;1;A01
201500030519;0;1;0;0;2;4;1;B02
201500030520;1;7;0;0;1;0;0;A01
201500030521;0;7;0;0;1;0;0;A01
201500030522;0;7;0;0;0;0;0;A01
201500030523;0;7;0;0;1;0;0;A01
201500030524;0;7;0;0;0;1;13;A01
201500030524;0;7;0;0;2;1;0;B01
201500030525;0;7;0;0;1;1;1;A01
201500030526;0;7;0;0;1;0;0;A01
201500030527;0;7;0;0;0;0;0;A01
201500030528;0;7;0;0;1;1;0;A01
201500030529;0;7;0;2;0;0;0;A01
201500030530;0;7;0;0;0;0;0;A01
201500030530;0;7;0;0;0;0;0;B01
201500030531;0;7;0;0;2;7;15;A01
201500030531;0;33;0;0;2;1;1;B02
201500030532;0;31;0;0;2;1;17;A01
201500030532;0;7;0;0;2;6;15;B02
201500030533;0;7;0;11;0;1;1;A01
201500030534;0;33;0;0;2;8;13;A01
201500030534;0;7;0;0;2;8;13;B02
201500030535;0;33;0;0;2;1;17;A01
201500030535;0;21;0;0;2;3;15;B02
201500030536;0;7;0;0;2;3;15;A01
201500030536;0;1;0;0;2;1;1;B02
201500030537;0;30;0;13;0;1;1;A01
201500030538;0;2;0;0;2;1;1;A01
201500030538;0;7;0;0;2;8;1;B02
201500030539;0;10;0;0;2;1;1;A01
201500030539;0;33;0;0;2;1;13;B02
201500030540;0;3;0;0;2;8;15;A01
201500030540;0;7;0;0;2;2;17;B02
201500030541;0;7;0;0;1;3;1;A01
201500030542;0;7;0;0;2;3;15;A01
201500030542;0;33;0;0;2;1;1;B02
201500030543;0;7;0;0;0;3;19;B02
201500030543;0;33;0;0;2;1;1;A01
201500030544;0;7;0;6;0;8;1;A01
201500030545;0;1;0;0;2;8;1;B02
201500030545;0;7;0;0;2;1;19;A01
201500030546;0;7;0;0;2;2;5;A01
201500030546;0;10;0;0;2;2;1;B02
201500030547;0;7;0;0;1;1;1;A01
201500030548;0;31;0;6;0;1;1;A01
201500030549;0;10;0;0;2;3;3;A01
201500030549;0;10;0;0;2;1;1;B02
201500030549;0;10;0;0;2;1;1;C03
201500030550;0;1;0;0;9;1;2;A01
201500030550;0;1;0;0;9;4;2;B02
201500030551;0;7;0;0;2;1;13;A01
201500030551;0;17;0;0;2;3;1;B02
201500030552;0;7;0;6;0;8;0;A01
201500030553;0;21;0;0;0;0;1;A01
201500030554;0;33;0;0;0;8;1;A01
201500030555;0;1;0;0;0;1;1;A01
201500030556;0;7;0;0;2;1;13;A01
201500030556;0;7;0;0;2;1;1;B02
201500030556;0;10;0;0;2;2;1;C03
201500030557;0;7;0;0;1;3;1;A01
201500030558;0;7;0;0;1;1;1;A01
201500030559;0;7;0;0;2;1;15;A01
201500030559;0;2;0;0;2;1;1;B01
201500030559;0;7;0;0;9;0;1;C01
201500030560;0;13;0;0;2;2;1;B01
201500030560;0;7;0;0;2;3;15;A01
201500030561;0;14;0;0;1;3;15;A01
201500030562;0;7;0;12;2;1;6;A01
201500030562;0;7;0;0;2;1;1;B01
201500030563;0;7;0;0;1;2;1;A01
201500030564;0;7;0;0;1;2;1;A01
201500030565;0;1;0;0;0;7;1;B01
201500030565;0;7;0;0;2;2;9;A01
201500030566;0;1;0;0;0;7;1;B01
201500030566;0;7;0;0;2;2;9;A01
201500030567;0;7;0;0;2;1;2;A01
201500030567;0;7;0;0;2;4;2;B01
201500030568;0;7;0;0;2;1;1;A01
201500030568;0;30;0;0;2;8;1;B01
201500030569;0;15;0;0;2;3;1;B01
201500030569;0;7;0;0;2;2;1;D01
201500030569;0;7;0;13;2;6;1;C01
201500030569;0;7;0;13;2;1;13;A01
201500030570;0;33;0;0;2;0;1;A01
201500030570;0;7;0;0;2;3;1;B01
201500030571;0;7;0;0;1;1;1;A01
201500030572;0;7;0;0;1;7;1;A01
201500030573;0;33;0;11;0;1;1;A01
201500030574;0;31;0;0;2;1;1;B01
201500030574;0;7;0;0;2;3;9;A01
201500030575;1;7;0;0;2;1;0;A01
201500030575;0;33;0;0;2;4;1;B01
201500030576;0;7;0;0;2;6;9;A01
201500030576;0;33;0;0;2;1;1;B01