num_acc;senc;catv;occutc;obs;obsm;choc;manv;num_veh
201500030577;0;7;0;0;2;1;1;A01
201500030577;0;1;0;0;2;8;19;B01
201500030578;1;7;0;0;1;1;17;A01
201500030579;0;7;0;0;2;8;0;A01
201500030579;0;33;0;11;2;2;1;B01
201500030580;0;30;0;0;2;1;9;B01
201500030580;1;7;0;0;2;1;0;A01
201500030581;0;7;0;0;2;3;1;B01
201500030581;0;7;0;12;2;1;1;A01
201500030582;0;7;0;0;2;1;1;B01
201500030582;0;1;0;0;2;8;9;A01
201500030583;0;7;0;0;1;1;1;A01
201500030584;0;37;0;0;1;2;1;A01
201500030585;0;2;0;0;2;1;1;A01
201500030585;0;7;0;0;2;3;15;B01
201500030586;0;7;0;0;2;2;1;B01
201500030586;0;2;0;0;2;1;1;A01
201500030587;0;7;0;3;0;1;1;A01
201500030588;0;7;0;0;2;7;15;A01
201500030588;0;33;0;0;2;1;1;B01
201500030589;0;36;0;12;2;6;15;B01
201500030589;0;7;0;0;2;2;13;A01
201500030590;0;37;0;0;2;2;16;A01
201500030590;0;2;0;0;2;1;18;B01
201500030591;2;7;0;0;1;2;1;A01
201500030592;0;7;0;2;0;1;1;A01
201500030593;1;7;0;0;1;1;1;A01
201500030594;0;7;0;0;2;3;13;A01
201500030594;0;3;0;0;2;1;1;B01
201500030594;0;7;0;0;9;0;2;C01
201500030595;0;7;0;0;1;1;0;A01
201500030596;0;31;0;0;0;0;1;A01
201500030596;0;7;0;0;0;0;15;B01
201500030597;0;7;0;0;2;3;15;A01
201500030597;0;34;0;0;2;8;0;B01
201500030598;1;99;0;0;1;0;0;A01
201500030599;0;7;0;0;9;2;1;A01
201500030599;0;1;0;0;2;0;0;B01
201500030600;0;7;0;16;0;2;0;A01
201500030601;0;7;0;0;2;1;23;B01
201500030601;0;7;0;0;2;2;14;A01
201500030602;0;7;0;0;2;1;5;A01
201500030602;0;3;0;0;2;8;2;B01
201500030602;0;7;0;0;2;1;2;C01
201500030603;0;7;0;0;2;2;0;A01
201500030603;0;30;0;0;2;1;0;B01
201500030604;1;7;0;0;1;0;0;A01
201500030605;0;34;0;15;0;1;0;A01
201500030606;0;7;0;1;0;1;2;A01
201500030606;0;7;0;0;2;4;2;B01
201500030606;0;7;0;0;2;4;2;C01
201500030607;0;7;0;0;2;2;5;A01
201500030607;0;7;0;0;2;1;2;B01
201500030608;0;7;0;0;1;1;0;A01
201500030609;1;33;0;0;0;0;0;A01
201500030610;2;33;0;0;1;1;0;A01
201500030611;1;7;0;0;1;0;16;A01
201500030612;0;7;0;0;1;2;0;A01
201500030613;0;7;0;0;2;1;15;A01
201500030613;0;1;0;0;2;1;0;B01
201500030614;1;7;0;0;1;3;17;A01
201500030615;0;7;0;13;2;4;1;A01
201500030615;0;7;0;0;0;0;0;B01
201500030615;0;7;0;0;2;5;1;C01
201500030615;0;10;0;0;2;4;0;D01
201500030616;1;7;0;0;1;0;0;A01
201500030617;0;10;0;0;1;2;0;A01
201500030618;0;7;0;0;1;1;16;A01
201500030619;0;7;0;3;9;2;0;C01
201500030619;0;10;0;0;2;6;13;A01
201500030619;0;7;0;0;2;3;1;B01
201500030620;0;7;0;0;1;1;16;A01
201500030621;0;7;0;0;2;1;1;A01
201500030621;0;7;0;0;2;4;1;B01
201500030622;0;7;0;6;0;3;1;A01
201500030623;0;7;0;0;2;3;1;B02
201500030623;0;7;0;0;9;1;1;D04
201500030623;0;7;0;0;9;1;1;C03
201500030623;0;10;0;0;2;0;1;A01
201500030624;0;7;0;0;2;1;5;A01
201500030624;0;10;0;0;2;3;1;B02
201500030625;0;33;0;13;0;1;1;A01
201500030626;0;33;0;13;0;1;15;A01
201500030627;0;7;0;2;0;1;13;A01
201500030628;0;7;0;2;0;8;13;A01
201500030629;0;7;0;8;0;1;1;A01
201500030630;0;10;0;0;2;2;14;A01
201500030630;0;10;0;0;2;4;4;B02
201500030631;0;7;0;3;0;2;1;A01
201500030631;0;7;0;0;2;1;1;B02
201500030632;1;7;0;0;1;1;15;A01
201500030633;0;7;0;0;1;2;16;A01
201500030634;0;7;0;0;2;1;15;B01
201500030634;0;2;0;0;2;1;1;A01
201500030634;0;7;0;0;2;8;23;C01
201500030635;0;7;0;0;1;4;20;A01
201500030636;0;7;0;0;2;4;1;A01
201500030636;0;1;0;0;2;1;1;B01
201500030637;0;7;0;0;2;1;2;A01
201500030637;0;7;0;0;2;4;1;B01
201500030638;0;1;0;15;0;1;1;A01
201500030639;0;7;0;0;1;1;1;A01
201500030640;0;1;0;0;2;1;2;A01
201500030640;0;1;0;0;2;4;23;B01
201500030641;0;32;0;0;2;1;1;B01
201500030641;0;7;0;0;2;3;15;A01
201500030642;0;7;0;0;2;5;23;A01
201500030642;0;30;0;0;2;1;2;B01
201500030643;0;37;5;0;2;4;24;B01
201500030643;0;7;0;1;2;1;2;A01
201500030644;0;1;0;0;2;7;15;B01
201500030644;0;7;0;0;2;3;15;A01
201500030645;0;7;0;0;1;4;20;A01
201500030646;0;1;0;0;2;6;1;B01
201500030646;0;7;0;0;2;2;16;A01
201500030647;0;7;0;9;2;3;13;A01
201500030648;0;33;0;0;2;1;1;B01
201500030648;0;7;0;0;2;3;15;A01
201500030649;0;7;0;2;0;2;21;A01
201500030650;0;7;0;0;2;5;16;A01
201500030650;0;1;0;0;2;2;16;B01
201500030651;0;33;0;0;2;5;16;B01
201500030651;0;7;0;0;2;1;14;A01
201500030652;0;7;0;0;2;4;2;C01
201500030652;0;7;0;0;2;1;2;A01
201500030652;0;7;0;0;2;4;2;D01
201500030652;0;7;0;0;2;4;2;B01
201500030653;0;33;0;0;0;7;1;A01
201500030654;0;7;0;0;2;2;2;B01
201500030654;0;7;0;0;2;4;23;A01
201500030655;0;30;0;16;0;8;1;A01
201500030656;0;1;0;0;1;1;1;A01
201500030657;0;2;0;0;2;7;17;B01
201500030657;0;7;0;0;2;8;17;A01
201500030658;0;7;0;0;2;6;15;A01
201500030658;1;7;0;0;2;1;15;A02
201500030659;0;30;0;0;2;1;9;A01
201500030659;0;7;0;0;2;5;1;B01
201500030660;0;7;0;0;2;3;1;A01
201500030660;0;30;0;0;2;7;1;B01
201500030661;0;2;0;0;2;1;15;A01
201500030661;0;2;0;0;2;1;1;B01
201500030662;0;1;0;0;2;1;5;A01
201500030662;0;7;0;0;2;2;16;B01
201500030663;2;7;0;1;1;1;14;A01
201500030664;0;7;0;0;2;3;17;B01
201500030664;0;1;0;0;2;3;15;A01
201500030665;0;7;0;0;2;3;13;B01
201500030665;0;7;0;0;2;3;1;A01
201500030666;0;2;0;0;0;8;1;A01
201500030667;0;7;0;0;2;3;15;A01
201500030667;0;7;0;0;2;1;1;B01
201500030668;0;7;0;0;2;3;9;A01
201500030668;0;7;0;0;2;2;1;B01
201500030669;0;7;0;0;2;8;17;A01
201500030669;0;30;0;0;2;3;15;B01
201500030670;0;1;0;0;2;1;1;B01
201500030670;0;7;0;0;2;1;16;A01
201500030671;0;7;0;0;1;3;1;A01
201500030672;0;7;0;0;1;2;1;A01
201500030673;0;7;0;3;0;9;9;A01
201500030674;0;7;0;16;0;0;9;A01
201500030675;0;32;0;12;0;3;21;A01
201500030676;0;30;0;16;0;7;1;A01
201500030677;0;33;0;0;2;1;1;A01
201500030677;0;7;0;0;2;8;9;B01
201500030678;0;7;0;0;2;1;19;B01
201500030678;0;7;0;0;2;8;1;A01
201500030679;0;7;0;0;2;1;1;B01
201500030679;0;7;0;0;2;2;10;A01
201500030680;2;7;0;10;0;1;1;A01
201500030681;0;7;0;0;1;1;1;A01
201500030682;0;7;0;0;2;4;1;B01
201500030682;0;7;0;0;2;1;2;A01
201500030683;0;31;0;0;2;1;1;B01
201500030683;0;3;0;0;2;1;13;A01
201500030684;0;7;0;0;2;1;16;A01
201500030684;0;7;0;0;2;1;15;B01
201500030685;0;33;0;0;0;8;2;B01
201500030686;0;3;0;0;2;8;9;A01
201500030686;0;7;0;0;2;2;1;B01
201500030687;0;7;0;2;0;3;13;A01
201500030688;0;30;0;12;0;1;19;A01
201500030689;0;10;0;0;1;2;1;A01
201500030690;0;7;0;0;1;2;1;A01
201500030691;1;7;0;0;1;8;1;A01
201500030692;0;7;0;0;1;1;15;A01
201500030693;0;10;0;1;0;1;14;A01
201500030694;0;30;0;0;2;2;12;A01
201500030694;0;7;0;0;2;7;1;B01
201500030695;0;7;0;0;1;3;1;A01
201500030696;0;7;0;0;1;2;1;A01
201500030697;0;1;0;0;2;7;1;B01
201500030697;0;7;0;0;2;1;9;A01
201500030698;0;17;0;0;2;6;1;B01
201500030698;0;7;0;0;2;1;13;A01
201500030699;1;99;0;0;1;8;1;A01
201500030700;0;2;0;0;2;2;17;A01
201500030700;0;10;0;0;2;3;15;B01
201500030701;0;33;0;1;2;1;1;A01
201500030701;0;7;0;0;2;2;15;B01
201500030702;0;30;0;7;0;1;1;A01
201500030703;0;7;0;0;1;1;1;A01
201500030704;0;7;0;0;1;3;15;A01
201500030705;0;2;0;0;2;1;15;A01
201500030705;0;7;0;0;2;2;1;B01
201500030706;0;7;0;13;6;4;21;A01
201500030707;0;7;0;0;1;2;1;A01
201500030708;0;7;0;0;1;2;1;A01
201500030709;0;7;0;0;2;6;1;A01
201500030709;0;1;0;0;2;1;15;B01
201500030710;0;1;0;0;2;8;1;B02
201500030710;0;7;0;0;2;1;1;A01
201500030711;0;7;0;2;0;3;1;A01
201500030712;0;7;0;13;0;1;14;A01
201500030713;0;7;0;6;0;2;13;A01
201500030714;0;7;0;0;2;1;1;B02
201500030714;0;7;0;0;2;1;16;A01
201500030715;0;7;0;15;0;1;21;A01
201500030716;0;32;0;0;2;3;13;A01
201500030716;0;7;0;0;2;1;1;B02
201500030716;0;7;0;0;2;8;1;C03
201500030717;0;7;0;13;0;0;14;A01
201500030718;0;7;0;13;0;2;14;A01
201500030719;0;15;0;0;1;2;1;A01
201500030720;0;7;0;0;2;2;15;A01
201500030720;0;30;0;0;2;1;1;B02
201500030721;0;7;0;8;0;8;0;A01
201500030722;0;7;0;0;2;3;1;A01
201500030722;0;2;0;0;2;8;1;B02
201500030723;0;7;0;0;2;1;1;A01
201500030723;0;1;0;0;0;5;15;B02
201500030724;0;2;0;0;2;7;1;A01
201500030724;0;7;0;0;2;3;10;B02
201500030725;0;7;0;0;2;1;13;A01
201500030725;0;7;0;0;2;1;1;B02
201500030726;0;30;0;0;0;0;1;A01
201500030727;0;7;0;0;2;7;9;A01
201500030727;0;7;0;0;2;1;1;B02
201500030728;0;7;0;13;2;2;1;A01
201500030728;0;7;0;0;2;3;1;B02
201500030729;0;7;0;0;2;3;19;B02
201500030729;0;7;0;0;2;2;15;A01
201500030730;0;7;0;0;2;6;19;A01
201500030730;0;13;0;0;2;2;1;B02
201500030731;0;30;0;0;2;7;15;A01
201500030731;0;7;0;0;2;1;1;B02
201500030732;0;7;0;0;9;1;1;A01
201500030732;0;1;0;0;2;1;1;B02
201500030733;0;7;0;0;0;0;0;B02
201500030733;0;3;0;0;0;0;0;A01
201500030734;0;7;0;1;1;4;4;A01
201500030734;0;7;0;0;2;1;24;B02
201500030735;0;7;0;0;0;0;0;A01
201500030736;0;2;0;0;2;0;0;A01
201500030736;0;7;0;0;2;0;0;B01
201500030737;0;31;0;14;0;1;1;A01
201500030738;0;7;0;0;2;0;1;A01
201500030738;0;30;0;0;2;0;1;B01
201500030739;0;7;0;0;2;4;2;A01
201500030739;0;7;0;0;2;1;2;B01
201500030740;0;7;0;0;1;4;4;A01
201500030741;0;33;0;0;1;2;11;A01
201500030742;0;7;0;0;2;8;13;A01
201500030742;0;30;0;0;2;1;1;B01
201500030743;0;31;0;0;0;7;1;A01
201500030744;0;7;0;0;1;3;0;A01
201500030745;0;7;0;6;0;1;14;A01
201500030746;0;7;0;0;1;1;11;A01
201500030747;0;17;0;0;1;3;1;A01
201500030748;0;13;0;13;0;1;14;A01
201500030749;0;7;0;0;2;3;15;A01
201500030749;0;33;0;0;2;2;2;B01
201500030750;0;2;0;8;0;2;13;A01
201500030751;0;7;0;0;0;6;1;A01
201500030752;0;7;0;16;0;9;14;A01
201500030753;0;7;0;0;1;1;1;A01
201500030754;0;7;0;0;2;7;15;A01
201500030754;0;7;0;12;2;3;1;B01
201500030755;0;33;0;0;0;1;17;A01
201500030755;0;20;0;0;0;4;1;B01
201500030756;0;2;0;1;0;2;2;A01
201500030757;0;7;0;0;2;1;19;A01
201500030757;0;31;0;0;2;1;0;B01
201500030758;0;7;0;8;0;3;6;A01
201500030759;0;34;0;0;1;1;1;A01
201500030760;0;30;0;0;2;1;2;A01
201500030760;0;7;0;0;2;5;15;B01
201500030761;0;2;0;0;2;1;1;A01
201500030761;0;7;0;0;0;2;9;B01
201500030762;0;7;0;0;2;2;1;A01
201500030762;0;2;0;0;2;3;13;B01
201500030763;0;7;0;4;0;2;1;A01
201500030764;0;33;0;0;2;1;1;A01
201500030764;0;10;0;0;2;2;9;B01
201500030765;0;7;0;0;1;0;0;A01
201500030766;0;7;0;0;1;0;0;A01
201500030767;0;7;0;0;2;1;2;A01
201500030767;0;7;0;0;2;4;2;B01
201500030768;0;7;0;0;2;8;10;A01
201500030768;0;7;0;0;2;1;2;B01
201500030769;0;7;0;4;0;2;0;A01
201500030770;0;7;0;0;0;0;0;A01
201500030770;0;7;0;0;2;1;0;B01
201500030771;0;7;0;0;2;1;2;A01
201500030771;0;7;0;0;2;4;2;B01
201500030771;0;7;0;0;0;4;2;C01
201500030772;0;38;1;0;2;5;1;B01
201500030772;0;10;0;0;2;1;16;A01
201500030773;0;99;0;0;0;1;0;A01
201500030773;0;7;0;0;0;0;0;B01
201500030773;0;7;0;0;0;0;0;C01
201500030774;0;7;0;0;1;3;1;A01
201500030775;0;7;0;0;1;1;1;A01
201500030776;0;30;0;1;0;1;1;A01
201500030777;0;7;0;0;2;3;11;A01
201500030777;0;33;0;0;2;1;0;B01
201500030778;0;7;0;0;2;1;15;A01
201500030778;0;7;0;11;2;2;1;B01
201500030779;0;7;0;0;2;0;0;A01
201500030779;0;7;0;0;2;3;2;B01
201500030780;0;7;0;15;0;0;0;A01
201500030781;0;31;0;0;0;0;0;A01
201500030782;0;30;0;14;0;0;1;A01
201500030783;0;7;0;0;2;3;13;A01
201500030783;0;17;0;3;2;3;2;B01
201500030784;0;7;0;13;2;1;19;A01
201500030784;0;7;0;0;2;1;0;B01
201500030785;0;7;0;0;2;1;13;A01
201500030785;0;7;0;0;2;8;1;B01
201500030785;0;17;0;3;2;3;1;C01
201500030786;0;10;0;6;0;1;19;A01
201500030787;0;10;0;0;1;6;4;A01
201500030788;0;30;0;0;0;0;0;A01
201500030789;0;7;0;0;2;2;15;A01
201500030789;0;1;0;0;2;1;1;B01
201500030790;0;7;0;0;2;7;15;A01
201500030790;0;32;0;0;2;1;1;B01
201500030791;0;7;0;0;2;6;15;B01
201500030791;2;7;0;0;2;1;1;A01
201500030792;0;7;0;0;2;1;1;A01
201500030792;0;7;0;8;2;6;1;B01
201500030793;0;10;0;0;2;2;1;A01
201500030793;0;7;0;0;2;3;15;B01
201500030794;0;7;0;0;2;1;15;A01
201500030794;0;30;0;0;2;1;0;B01
201500030795;0;2;0;0;2;1;1;A01
201500030795;0;7;0;0;2;2;16;B01
201500030796;0;7;0;0;2;3;1;A01
201500030796;0;7;0;0;2;3;1;B01
201500030796;0;7;0;0;2;6;2;C01
201500030797;0;7;0;2;0;1;13;A01
201500030798;0;30;0;15;0;1;2;A01
201500030798;0;7;0;0;2;5;0;B01
201500030799;0;7;0;0;2;9;1;B01
201500030799;0;7;0;0;2;1;19;A01
201500030799;0;7;0;0;2;3;23;C01
201500030800;0;38;9;0;2;6;1;A01
201500030800;0;7;0;0;0;6;15;B01
201500030801;1;7;0;0;1;2;0;A01
201500030802;1;7;0;0;1;2;1;A01
201500030803;0;7;0;0;2;1;5;A01
201500030803;0;7;0;0;2;1;1;B01
201500030804;0;30;0;0;2;7;21;A01
201500030805;0;1;0;0;2;4;1;A01
201500030805;1;7;0;0;0;0;0;Z01
201500030806;0;1;0;0;2;3;19;B01
201500030806;0;7;0;0;9;3;9;A01
201500030807;0;32;0;0;2;1;13;A01
201500030807;0;37;1;0;2;3;1;B01
201500030808;0;7;0;0;1;1;0;A01
201500030809;1;7;0;0;1;2;1;A01
201500030810;0;7;0;0;1;2;1;A01
201500030811;2;7;0;0;2;1;13;A01
201500030811;0;30;0;1;2;1;1;B01
201500030812;0;7;0;0;1;1;0;A01
201500030813;0;7;0;1;0;1;1;A01
201500030814;0;2;0;6;0;1;1;A01
201500030815;0;7;0;0;1;1;1;A01
201500030816;0;7;0;15;0;1;14;A01
201500030817;0;7;0;0;1;1;1;A01
201500030818;0;7;0;0;2;3;1;A01
201500030818;0;1;0;0;2;8;19;B01
201500030819;0;7;0;6;0;2;14;A01
201500030820;0;33;0;0;2;5;2;A01
201500030820;0;7;0;0;2;5;2;B01
201500030821;1;7;0;0;1;1;1;A01
201500030822;0;7;0;0;2;8;17;A01
201500030822;0;33;0;0;2;0;0;B01
201500030823;0;7;0;0;1;3;15;A01
201500030824;1;7;0;0;1;3;1;A01
201500030825;0;7;0;0;1;2;17;A01
201500030826;0;7;0;0;2;7;1;A01
201500030826;0;1;0;0;2;8;1;B01
201500030827;0;33;0;11;0;1;1;A01
201500030828;0;31;0;0;2;1;1;A01
201500030828;0;7;0;0;2;3;1;B01
201500030829;0;36;0;0;2;1;17;A01
201500030829;0;10;0;0;2;8;23;B01
201500030830;0;2;0;0;2;1;1;A01
201500030830;0;7;0;0;2;5;1;B01
201500030831;0;35;0;0;1;2;2;A01
201500030832;0;2;0;0;0;7;0;A01
201500030833;0;7;0;0;2;3;1;A01
201500030833;0;1;0;0;2;7;19;B01
201500030834;0;34;0;0;0;0;1;A01
201500030835;0;33;0;0;2;1;1;B01
201500030835;0;7;0;0;2;8;15;A01
201500030836;0;7;0;0;2;1;1;A01
201500030836;0;3;0;0;0;0;0;B01
201500030837;0;33;0;0;2;4;2;A01
201500030837;0;7;0;0;0;4;2;B01
201500030838;0;30;0;0;2;1;1;A01
201500030838;0;7;0;0;0;5;15;B01
201500030839;0;7;0;0;1;1;1;A01
201500030840;1;7;0;0;1;2;1;A01
201500030841;0;7;0;15;2;1;17;A01
201500030841;0;7;0;15;2;8;15;B01
201500030842;0;7;0;0;2;3;10;A01
201500030842;0;33;0;0;2;1;1;B01
201500030843;0;7;0;0;2;1;9;A01
201500030843;0;1;0;0;2;7;1;B01
201500030844;0;10;0;0;1;1;2;A01
201500030845;0;7;0;0;2;1;15;A01
201500030845;0;33;0;0;2;1;1;B01
201500030846;0;7;0;0;1;1;1;A01
201500030847;0;7;0;0;1;1;1;A01
201500030848;0;10;0;16;0;9;14;A01
201500030849;0;33;0;8;0;7;1;A01
201500030850;1;7;0;0;1;1;1;Z01
201500030851;0;7;0;0;2;8;1;B01
201500030851;0;30;0;0;2;1;1;A01
201500030852;0;7;0;0;1;1;1;A01
201500030853;0;7;0;0;1;1;1;A01
201500030854;0;7;0;0;1;2;1;A01
201500030855;0;7;0;0;1;3;15;A01
201500030856;0;7;0;0;1;2;1;A01
201500030857;0;7;0;0;1;2;1;A01
201500030858;0;7;0;0;1;1;15;A01
201500030859;0;30;0;0;9;1;13;A01
201500030859;0;1;0;0;0;0;0;B01
201500030860;0;7;0;0;1;2;1;A01
201500030861;0;7;0;0;2;1;15;A01
201500030861;0;7;0;0;2;1;0;B01
201500030862;0;31;0;0;1;1;0;A01
201500030863;0;2;0;0;0;0;0;A01
201500030864;0;7;0;0;2;7;15;A01
201500030865;0;7;0;0;0;3;0;A01
201500030865;2;2;0;0;0;0;0;B01
201500030866;0;33;0;6;0;1;13;A01
201500030867;0;7;0;0;2;5;1;A01
201500030867;0;7;0;0;2;1;0;B01
201500030868;0;7;0;3;0;2;13;A01
201500030868;0;7;0;0;2;1;1;B01
201500030868;0;7;0;0;2;3;1;C01
201500030869;0;7;0;15;1;2;1;A01
201500030870;0;7;0;0;2;7;15;A01
201500030870;0;2;0;0;2;1;1;B01
201500030871;0;7;0;0;2;1;2;A01
201500030871;0;7;0;0;2;1;2;B01
201500030871;0;7;0;0;2;4;2;C01
201500030872;0;31;0;0;2;7;17;A01
201500030872;0;2;0;0;2;8;15;B01
201500030873;0;7;0;0;2;2;15;A01
201500030873;0;30;0;0;2;1;2;B01
201500030874;0;7;0;0;2;1;1;A01
201500030874;0;7;0;0;1;4;23;B01
201500030875;0;33;0;0;2;4;2;A01
201500030875;0;7;0;0;0;4;2;B01
201500030876;0;7;0;0;1;2;1;A01
201500030877;0;2;0;0;2;8;13;A01
201500030877;0;7;0;0;2;3;1;B01
201500030878;0;7;0;0;2;2;5;A01
201500030878;0;2;0;0;2;1;1;B01
201500030879;0;2;0;0;2;2;17;A01
201500030879;0;7;0;0;2;8;15;B01
201500030880;0;30;0;0;2;3;1;A01
201500030880;1;7;0;0;2;0;1;Z01
201500030881;0;2;0;0;0;8;15;A01
201500030882;0;7;0;0;2;3;15;A01
201500030882;0;1;0;0;2;5;15;B01
201500030883;0;2;0;0;2;1;1;A01
201500030883;0;7;0;0;2;8;1;B01
201500030884;0;7;0;0;0;0;0;A01
201500030884;0;33;0;0;2;1;2;B01
201500030885;0;2;0;0;2;1;17;A01
201500030885;0;7;0;0;2;3;15;B01
201500030886;0;30;0;0;2;0;2;A01
201500030886;0;7;0;0;2;4;2;B01
201500030887;0;7;0;0;2;2;15;A01
201500030887;0;30;0;0;0;3;1;B01
201500030888;0;7;0;6;0;2;2;A01
201500030889;0;7;0;0;2;2;15;A01
201500030889;0;30;0;0;2;1;1;B01
201500030890;0;7;0;0;2;1;13;A01
201500030890;0;13;0;0;2;3;1;B01
201500030891;0;7;0;0;1;0;0;A01
201500030892;2;10;0;0;0;1;1;A01
201500030893;0;7;0;0;2;3;13;A01
201500030893;0;7;0;0;2;3;1;B01
201500030894;0;30;0;7;0;1;13;A01
201500030895;0;10;0;0;1;2;0;A01
201500030896;0;7;0;0;2;1;1;A01
201500030896;0;2;0;0;2;3;1;B01
201500030897;0;2;0;0;2;1;1;A01
201500030897;0;7;0;0;2;5;17;B01
201500030898;0;7;0;0;1;1;1;A01
201500030899;0;7;0;3;0;1;0;A01
201500030900;0;7;0;3;0;1;0;A01
201500030901;1;99;0;0;1;0;0;A01
201500030902;0;7;0;0;2;2;2;A01
201500030902;0;13;0;0;2;4;2;B01
201500030902;0;13;0;0;2;4;2;C01
201500030902;0;13;0;0;0;0;0;D01
201500030903;0;2;0;0;2;7;1;B01
201500030903;0;7;0;0;2;2;1;A01
201500030904;0;1;0;0;2;4;2;A01
201500030904;0;21;0;0;0;4;2;B01
201500030905;0;7;0;0;1;2;0;A01
201500030906;0;31;0;0;2;1;1;B01
201500030906;0;7;0;0;2;7;19;A01
201500030907;0;7;0;1;0;1;13;A01
201500030908;0;7;0;0;1;0;0;A01
201500030909;0;2;0;0;2;1;1;B01
201500030909;0;7;0;0;2;6;0;A01
201500030910;0;7;0;0;2;0;0;A01
201500030910;0;30;0;0;2;0;0;B01
201500030911;0;7;0;0;2;8;15;A01
201500030911;0;33;0;0;2;7;17;B01
201500030912;0;7;0;0;2;1;1;A01
201500030912;0;7;0;0;2;4;0;B01
201500030913;0;7;0;0;2;1;13;A01
201500030913;0;7;0;0;2;1;1;B01
201500030914;1;7;0;0;1;2;0;A01
201500030915;0;36;0;8;0;1;1;A01
201500030916;0;7;0;0;9;3;1;A01
201500030916;0;1;0;0;2;4;12;B01
201500030917;0;7;0;0;2;1;15;A01
201500030917;0;2;0;0;2;1;1;B01
201500030918;0;7;0;9;2;1;2;A01
201500030918;0;30;0;0;0;4;23;B01
201500030919;0;31;0;0;2;1;1;A01
201500030919;0;7;0;0;2;5;1;B01
201500030920;1;99;0;0;1;0;0;A01
201500030921;0;7;0;0;1;1;1;A01
201500030922;0;7;0;0;1;1;1;A01
201500030923;0;7;0;0;2;0;0;A01
201500030923;0;2;0;0;2;0;0;B01
201500030924;0;1;0;0;2;1;1;B01
201500030924;0;10;0;0;2;2;1;A01
201500030925;0;7;0;0;1;1;1;A01
201500030926;0;30;0;0;2;1;19;A01
201500030926;0;7;0;0;2;1;1;B01
201500030927;0;7;0;0;1;1;1;A01
201500030928;0;2;0;0;2;1;1;B01
201500030928;0;7;0;0;2;3;15;A01
201500030929;0;33;0;0;2;0;1;A01
201500030929;0;7;0;0;2;8;15;B01
201500030930;0;7;0;0;2;1;5;A01
201500030930;0;7;0;0;2;1;1;B01
201500030931;0;7;0;0;2;3;9;B01
201500030931;0;31;0;0;2;7;1;A01
201500030932;0;7;0;1;0;3;13;A01
201500030933;0;7;0;0;9;2;2;A01
201500030933;0;1;0;0;2;8;2;B01
201500030934;0;7;0;0;2;2;15;A01
201500030934;0;30;0;0;2;1;1;B01
201500030935;0;7;0;1;1;3;1;A01
201500030936;0;7;0;0;1;1;0;A01
201500030937;0;7;0;12;1;1;1;A01
201500030938;0;7;0;0;2;2;15;A01
201500030938;0;33;0;0;2;3;1;B01
201500030939;0;7;0;1;1;1;1;A01
201500030940;0;7;0;0;2;1;2;A01
201500030940;0;7;0;0;2;4;2;B01
201500030941;0;7;0;0;1;0;0;A01
201500030942;0;7;0;0;1;1;15;A01
201500030943;0;7;0;0;1;0;0;A01
201500030944;0;7;0;0;2;3;15;A01
201500030944;0;33;0;0;2;1;1;B01
201500030945;0;7;0;0;1;1;0;A01
201500030946;0;7;0;0;2;7;0;A01
201500030946;0;7;0;0;2;1;1;B01
201500030946;0;7;0;0;2;1;1;C01
201500030947;0;2;0;0;2;1;1;A01
201500030947;0;7;0;0;0;0;0;B01
201500030948;0;30;0;0;2;1;21;A01
201500030948;0;7;0;0;2;1;1;B01
201500030949;0;7;0;0;2;1;5;A01
201500030949;0;33;0;0;2;1;1;B01
201500030950;2;7;0;0;2;1;13;A01
201500030950;0;1;0;0;0;0;0;B01
201500030951;0;33;0;0;2;1;1;A01
201500030951;0;7;0;0;2;3;9;B01
201500030952;0;7;0;1;1;6;16;A01
201500030953;0;31;0;0;2;1;1;A01
201500030953;0;7;0;0;2;4;1;B01
201500030954;0;7;0;0;2;8;15;A01
201500030954;0;33;0;2;2;1;1;B01
201500030955;0;7;0;0;1;0;1;A01
201500030956;0;7;0;0;2;7;17;A01
201500030956;0;1;0;0;0;8;13;B01
201500030957;0;7;0;0;1;7;1;A01
201500030958;0;7;0;2;0;3;1;A01
201500030959;0;7;0;0;9;0;2;A01
201500030959;0;2;0;0;2;5;0;B01
201500030960;0;1;0;0;2;3;19;A01
201500030960;0;7;0;0;2;1;1;B01
201500030961;0;3;0;0;9;7;15;A01
201500030961;0;1;0;0;2;1;1;B01
201500030962;0;7;0;9;0;8;21;A01
201500030963;0;7;0;0;0;0;0;A01
201500030963;0;7;0;0;0;0;0;B01
201500030964;0;7;0;0;2;1;2;A01
201500030964;0;1;0;0;2;1;19;B01
201500030965;0;36;0;0;2;1;1;A01
201500030965;0;7;0;0;2;4;23;B01
201500030966;0;30;0;0;2;1;9;A01
201500030966;0;7;0;0;2;2;1;B01
201500030967;0;2;0;0;2;1;1;A01
201500030967;0;7;0;0;2;4;1;B01
201500030968;0;7;0;0;2;3;19;A01
201500030968;0;3;0;0;2;1;1;B01
201500030969;0;7;0;0;2;1;1;A01
201500030969;0;7;0;0;2;2;15;B01
201500030970;0;33;0;0;2;4;16;A01
201500030970;0;10;0;0;2;1;1;B01
201500030971;0;7;0;0;1;7;1;A01
201500030972;0;7;0;0;1;1;1;A01
201500030973;0;7;0;0;1;0;0;A01
201500030974;0;7;0;0;2;1;9;A01