num_acc;senc;catv;occutc;obs;obsm;choc;manv;num_veh
201500030974;0;7;0;0;2;7;1;B01
201500030975;0;7;0;0;1;4;4;A01
201500030976;0;7;0;0;2;1;2;A01
201500030976;0;7;0;0;2;8;23;B01
201500030976;0;7;0;0;2;4;2;C01
201500030976;0;7;0;0;2;4;1;D01
201500030976;0;7;0;0;2;4;2;E01
201500030977;0;7;0;0;1;1;1;A01
201500030978;0;99;0;0;2;3;1;B01
201500030978;0;7;0;0;2;1;1;A01
201500030979;2;1;0;0;1;1;0;Z01
201500030980;0;7;0;0;2;5;0;A01
201500030980;0;33;0;0;2;1;1;B01
201500030980;0;7;0;0;2;8;0;C01
201500030981;0;7;0;0;2;2;15;A01
201500030981;0;7;0;0;2;3;1;B01
201500030982;0;7;0;0;2;0;0;A01
201500030982;0;10;0;0;2;0;0;B01
201500030982;0;7;0;0;2;0;0;C01
201500030982;0;7;0;0;2;0;0;D01
201500030983;0;7;0;0;1;0;0;A01
201500030984;0;30;0;0;2;2;5;A01
201500030984;0;7;0;0;2;2;1;B01
201500030985;0;10;0;1;2;1;5;A01
201500030985;0;7;0;0;2;1;1;B01
201500030986;2;7;0;0;2;8;15;A01
201500030986;0;7;0;0;2;2;17;B01
201500030987;0;7;0;0;2;2;1;A01
201500030987;0;7;0;1;2;8;1;B01
201500030988;0;7;0;9;2;6;9;A01
201500030988;0;1;0;9;2;6;2;B01
201500030989;0;7;0;9;0;6;10;A01
201500030989;0;7;0;9;2;1;2;B01
201500030990;0;7;0;0;1;1;13;A01
201500030991;0;7;0;0;2;1;9;A01
201500030991;0;33;0;0;0;0;0;B01
201500030992;0;7;0;0;2;1;16;B01
201500030992;0;7;0;0;2;1;13;A01
201500030993;0;7;0;0;2;1;1;A01
201500030993;0;7;0;0;2;6;1;B01
201500030994;0;7;0;0;1;0;1;A01
201500030995;0;7;0;0;2;1;1;B01
201500030995;0;7;0;0;2;8;1;A01
201500030996;0;7;0;9;1;1;15;A01
201500030997;0;7;0;0;2;1;5;A01
201500030997;0;7;0;0;2;3;1;B01
201500030998;0;7;0;0;1;2;1;A01
201500030999;0;10;0;0;1;2;1;A01
201500031000;0;7;0;0;1;8;1;A01
201500031001;0;7;0;0;1;3;1;A01
201500031002;0;7;0;0;2;3;1;A01
201500031002;0;1;0;0;2;7;1;B01
201500031003;0;30;0;1;0;1;14;A01
201500031004;0;7;0;0;2;0;0;A01
201500031004;0;30;0;0;2;1;1;B01
201500031005;0;30;0;0;0;2;2;A01
201500031005;0;7;0;0;0;0;2;B01
201500031006;0;30;0;0;2;1;2;B01
201500031006;0;7;0;0;0;3;19;A01
201500031007;0;7;0;0;0;0;24;A01
201500031007;0;7;0;1;0;9;21;B01
201500031008;0;7;0;0;1;0;0;A01
201500031009;0;7;0;8;0;0;0;A01
201500031010;0;7;0;0;1;1;1;A01
201500031011;0;7;0;0;2;1;9;A01
201500031011;0;7;0;0;2;4;1;B01
201500031011;0;30;0;0;2;4;1;C01
201500031012;0;2;0;1;0;0;5;A01
201500031013;0;7;0;2;0;8;1;A01
201500031014;0;33;0;8;2;8;17;A01
201500031014;0;7;0;0;2;7;1;B01
201500031015;0;2;0;0;1;1;1;A01
201500031016;0;7;0;0;2;1;1;A01
201500031016;0;1;0;0;2;3;19;B01
201500031017;0;7;0;0;9;2;13;A01
201500031017;0;1;0;0;2;7;2;B01
201500031018;0;7;0;0;2;8;15;A01
201500031018;0;7;0;0;2;1;1;B01
201500031019;0;7;0;0;2;3;15;A01
201500031019;0;30;0;0;2;1;1;B01
201500031020;1;10;0;0;1;0;0;Z01
201500031021;0;10;0;0;2;1;1;A01
201500031021;0;7;0;0;2;1;1;B01
201500031022;0;10;0;0;2;7;15;A01
201500031022;0;33;0;0;2;8;1;B01
201500031023;0;7;0;0;1;1;0;A01
201500031024;0;7;0;14;2;1;2;A01
201500031024;0;3;0;0;0;4;23;B01
201500031025;0;7;0;0;2;1;14;A01
201500031025;0;7;0;0;2;4;1;B01
201500031025;1;7;0;0;0;4;1;Z01
201500031026;0;7;0;1;1;1;1;A01
201500031027;0;7;0;2;2;1;1;A01
201500031027;0;7;0;0;2;4;0;B01
201500031028;0;7;0;0;2;1;2;A01
201500031028;0;7;0;0;2;8;1;B01
201500031029;0;7;0;0;1;1;1;A01
201500031030;0;7;0;0;1;1;1;A01
201500031031;0;7;0;0;2;1;1;A01
201500031031;0;1;0;0;2;1;5;B01
201500031032;0;7;0;1;2;3;1;A01
201500031032;0;7;0;1;1;1;24;B01
201500031033;0;7;0;0;2;6;1;B01
201500031033;0;2;0;0;2;1;9;A01
201500031034;0;33;0;0;2;1;21;B01
201500031034;0;7;0;0;2;6;15;A01
201500031035;0;7;0;1;1;1;17;A01
201500031036;0;7;0;9;2;1;1;A01
201500031036;0;7;0;0;2;1;13;B01
201500031037;0;7;0;0;2;1;2;A01
201500031037;0;7;0;0;2;3;15;B01
201500031038;0;15;0;0;2;1;1;B01
201500031038;0;7;0;0;2;8;19;A01
201500031039;0;7;0;0;1;1;1;A01
201500031040;0;7;0;0;1;2;1;A01
201500031041;0;7;0;0;1;2;1;A01
201500031042;0;7;0;0;1;0;0;A01
201500031043;0;7;0;0;1;1;1;A01
201500031043;0;7;0;0;1;1;1;B01
201500031044;0;7;0;0;2;1;15;A01
201500031044;0;7;0;0;2;1;2;B01
201500031045;0;7;0;0;2;5;15;A01
201500031045;0;7;0;0;2;1;1;B01
201500031046;0;7;0;0;0;1;16;A01
201500031047;0;7;0;0;2;1;1;A01
201500031047;0;7;0;0;2;1;1;B01
201500031048;0;7;0;0;1;2;1;A01
201500031049;0;7;0;0;2;9;17;A01
201500031049;0;7;0;0;2;0;1;B01
201500031050;0;7;0;0;1;1;1;A01
201500031051;0;7;0;0;2;2;15;A01
201500031051;0;1;0;0;2;1;1;B01
201500031052;0;7;0;2;0;9;1;A01
201500031053;0;7;0;0;2;0;15;A01
201500031053;0;7;0;0;2;1;1;B01
201500031054;0;7;0;0;2;3;9;A01
201500031054;0;1;0;0;2;1;1;B01
201500031055;0;7;0;0;0;0;0;A01
201500031055;0;1;0;0;0;0;0;B01
201500031056;0;7;0;0;1;7;1;A01
201500031057;0;38;3;0;2;2;2;A01
201500031057;0;7;0;0;0;6;2;B01
201500031058;0;33;0;14;2;1;6;A01
201500031058;0;7;0;0;2;3;5;B01
201500031058;0;38;3;0;2;3;5;C01
201500031059;0;7;0;0;2;0;13;A01
201500031059;0;14;0;0;2;8;0;B01
201500031060;0;7;0;0;1;3;1;A01
201500031061;0;7;0;8;0;3;13;A01
201500031062;0;10;0;0;1;1;1;A01
201500031063;0;7;0;13;0;2;1;A01
201500031064;0;3;0;0;0;0;0;B01
201500031064;0;7;0;0;0;0;0;A01
201500031065;0;33;0;0;0;2;1;A01
201500031066;0;10;0;0;2;5;17;A01
201500031066;0;1;0;0;2;3;13;B01
201500031067;0;7;0;0;2;3;9;A01
201500031067;0;33;0;0;2;7;1;B01
201500031068;0;7;0;0;2;0;0;A01
201500031068;0;1;0;1;0;0;0;B01
201500031069;0;7;0;0;2;9;2;A01
201500031069;0;7;0;0;2;6;23;B01
201500031069;0;10;0;0;2;1;0;C01
201500031070;0;7;0;0;1;3;1;A01
201500031071;0;7;0;0;0;0;0;B01
201500031071;0;7;0;0;2;0;0;A01
201500031072;1;7;0;0;1;0;0;A01
201500031073;0;7;0;0;2;2;21;A01
201500031073;0;7;0;0;2;2;0;B01
201500031074;0;7;0;0;1;7;1;A01
201500031075;0;17;0;1;1;5;0;A01
201500031076;0;7;0;0;1;3;1;A01
201500031077;0;7;0;0;1;1;1;A01
201500031078;0;7;0;0;2;1;2;A01
201500031078;0;7;0;0;2;6;2;B01
201500031078;0;7;0;0;2;4;2;C01
201500031078;0;7;0;0;2;4;2;D01
201500031079;0;37;1;0;1;2;1;A01
201500031080;0;7;0;0;1;8;2;A01
201500031081;0;7;0;0;1;1;1;A01
201500031082;0;7;0;0;1;6;1;A01
201500031083;0;7;0;0;2;1;13;A01
201500031083;0;7;0;0;2;1;21;B01
201500031084;0;33;0;0;2;1;1;B01
201500031084;0;17;0;0;2;6;19;A01
201500031085;0;7;0;0;2;1;1;A01
201500031085;0;7;0;0;2;3;15;B01
201500031086;0;7;0;0;1;1;2;A01
201500031087;0;34;0;0;0;7;15;A01
201500031088;0;7;0;0;2;1;1;A01
201500031088;0;7;0;0;2;7;1;B01
201500031089;0;2;0;0;2;1;2;A01
201500031089;0;7;0;0;2;3;20;B01
201500031090;0;7;0;2;0;6;14;A01
201500031091;0;7;0;0;0;0;0;B01
201500031091;0;30;0;0;0;1;2;C01
201500031092;0;7;0;2;0;8;13;A01
201500031093;0;7;0;0;1;4;4;A01
201500031094;0;7;0;0;2;3;15;A01
201500031094;0;1;0;0;2;1;2;B01
201500031095;0;1;0;0;0;1;1;A01
201500031096;0;33;0;0;2;7;12;A01
201500031096;0;7;0;0;9;3;0;B01
201500031097;0;7;0;2;0;1;2;A01
201500031098;0;7;0;0;2;2;1;B01
201500031098;0;7;0;0;2;2;1;A01
201500031099;0;30;0;1;0;9;15;A01
201500031100;0;7;0;0;0;0;0;A01
201500031100;0;14;0;0;0;0;0;B01
201500031101;1;2;0;2;0;1;13;A01
201500031102;0;7;0;0;1;0;0;A01
201500031103;0;7;0;0;1;2;1;A01
201500031104;0;33;0;0;2;7;1;B01
201500031104;0;7;0;0;2;6;4;A01
201500031105;0;1;0;0;2;1;1;A01
201500031105;0;7;0;0;2;5;16;B01
201500031106;0;7;0;0;2;3;15;A01
201500031106;0;2;0;0;2;0;1;B01
201500031107;0;33;0;1;2;4;1;B01
201500031107;0;33;0;0;2;4;1;C01
201500031107;0;7;0;0;2;3;1;D01
201500031107;2;34;0;0;2;1;0;Z01
201500031108;0;7;0;14;1;1;1;A01
201500031109;0;7;0;0;2;3;1;B01
201500031109;2;10;0;0;2;2;1;A01
201500031110;0;7;0;0;2;3;0;A01
201500031110;0;7;0;0;0;3;15;B01
201500031111;0;7;0;0;2;5;15;A01
201500031111;0;33;0;0;2;1;1;B01
201500031112;0;7;0;0;2;3;15;A01
201500031112;0;7;0;0;2;1;1;B01
201500031113;0;32;0;0;2;2;1;B01
201500031113;0;7;0;0;2;3;15;A01
201500031114;0;7;0;0;1;1;1;A01
201500031115;0;34;0;0;2;7;0;B01
201500031115;0;7;0;0;2;1;19;A01
201500031116;0;7;0;0;2;1;1;A01
201500031116;0;7;0;0;2;3;1;B01
201500031117;0;1;0;0;0;0;0;A01
201500031117;0;40;0;0;2;0;0;B01
201500031118;0;7;0;0;2;2;15;A01
201500031118;0;32;0;0;2;1;1;B01
201500031119;0;7;0;0;1;4;1;A01
201500031119;0;7;0;0;2;1;1;B01
201500031120;0;7;0;0;2;1;19;A01
201500031120;0;7;0;8;2;6;1;B01
201500031121;0;7;0;0;2;1;1;A01
201500031121;0;7;0;0;2;8;1;B01
201500031122;0;33;0;0;2;7;1;B01
201500031122;0;7;0;0;2;3;19;A01
201500031123;0;7;0;0;2;2;16;A01
201500031123;0;1;0;0;2;5;19;B01
201500031124;0;7;0;0;1;1;15;A01
201500031125;0;7;0;0;2;3;1;A01
201500031125;0;30;0;0;2;1;15;B01
201500031126;0;30;0;0;2;7;15;A01
201500031126;0;33;0;0;2;1;1;B01
201500031127;0;7;0;0;2;2;15;A01
201500031127;0;31;0;0;2;1;1;B01
201500031128;1;7;0;0;2;5;19;Z01
201500031128;0;33;0;0;2;1;1;A01
201500031129;0;30;0;0;2;1;1;A01
201500031129;1;7;0;0;0;0;0;Z01
201500031130;0;7;0;0;2;3;15;B01
201500031130;0;33;0;0;2;0;17;A01
201500031131;0;7;0;0;2;1;13;A01
201500031131;0;7;0;0;2;1;1;B01
201500031132;0;32;0;0;2;1;1;B01
201500031132;0;10;0;0;2;1;15;A01
201500031133;0;33;0;0;2;1;1;B01
201500031133;0;7;0;0;2;8;9;A01
201500031134;0;7;0;0;2;8;15;A01
201500031134;0;33;0;0;2;1;1;B01
201500031135;0;30;0;0;1;0;0;A01
201500031136;0;7;0;0;2;4;1;A01
201500031136;0;33;0;0;2;3;2;B01
201500031137;0;7;0;0;1;2;16;A01
201500031138;0;7;0;0;1;0;0;A01
201500031139;0;7;0;0;1;3;1;A01
201500031140;2;7;0;0;2;2;1;Z01
201500031140;0;7;0;0;2;3;15;B01
201500031141;0;32;0;0;2;1;1;B01
201500031141;0;7;0;0;2;3;15;A01
201500031142;0;7;0;0;2;4;1;B01
201500031142;0;7;0;0;2;1;1;A01
201500031143;0;2;0;0;2;1;1;A01
201500031143;0;7;0;0;2;7;1;B01
201500031144;0;7;0;2;0;1;1;A01
201500031145;0;7;0;0;1;2;1;A01
201500031146;0;7;0;0;2;1;13;A01
201500031146;0;37;1;0;2;1;1;B01
201500031147;0;7;0;0;1;1;1;A01
201500031148;0;37;1;0;1;0;0;A01
201500031149;0;7;0;0;1;1;1;A01
201500031150;0;10;0;0;1;0;4;A01
201500031151;0;7;0;0;1;5;4;A01
201500031152;0;7;0;0;2;2;17;A01
201500031152;0;30;0;0;2;8;13;B01
201500031153;0;7;0;0;1;2;4;A01
201500031154;0;33;0;0;2;1;1;B01
201500031154;0;7;0;0;2;2;15;A01
201500031155;0;7;0;6;0;1;1;A01
201500031156;0;7;0;0;2;3;9;A01
201500031156;0;2;0;0;2;1;1;B01
201500031157;0;7;0;0;2;1;2;A01
201500031157;0;7;0;0;2;4;15;B01
201500031158;0;33;0;0;2;8;1;A01
201500031158;0;7;0;0;2;3;1;B01
201500031159;0;7;0;0;1;3;1;A01
201500031160;0;30;0;0;2;1;2;A01
201500031160;0;7;0;0;2;8;13;B01
201500031161;0;1;0;0;1;0;0;A01
201500031162;0;2;0;11;0;1;0;A01
201500031163;0;7;0;0;2;3;1;B01
201500031163;0;7;0;0;2;1;1;A01
201500031164;0;1;0;0;0;0;0;A01
201500031164;0;7;0;0;0;0;0;B01
201500031165;0;7;0;0;1;1;1;A01
201500031166;0;20;0;0;0;6;11;B01
201500031166;0;7;0;0;2;5;0;A01
201500031167;0;10;0;0;0;0;0;B01
201500031167;0;10;0;0;0;0;0;A01
201500031168;0;7;0;0;1;0;1;A01
201500031169;0;7;0;0;2;7;15;B01
201500031169;0;31;0;0;2;7;15;A01
201500031170;0;2;0;0;0;0;0;B01
201500031170;0;7;0;0;0;0;0;A01
201500031171;0;7;0;0;2;6;0;A01
201500031171;0;1;0;0;2;0;0;B01
201500031172;0;7;0;0;2;1;1;A01
201500031172;0;16;0;0;0;0;0;B01
201500031173;0;7;0;0;1;2;1;A01
201500031174;0;33;0;0;2;1;17;A01
201500031174;0;7;0;0;2;3;0;B01
201500031175;0;7;0;0;2;6;0;B01
201500031175;0;30;0;0;2;1;1;A01
201500031176;0;7;0;0;1;2;1;A01
201500031177;0;30;0;1;0;1;1;A01
201500031178;0;33;0;11;2;7;1;B01
201500031178;0;7;0;0;2;1;19;A01
201500031179;0;7;0;0;2;3;13;A01
201500031179;0;14;0;0;2;3;1;B01
201500031180;0;7;0;2;0;1;6;A01
201500031181;0;7;0;0;2;3;19;A01
201500031181;0;7;0;0;2;3;1;B01
201500031182;0;30;0;0;2;8;1;A01
201500031182;0;7;0;0;2;1;1;B01
201500031183;0;34;0;0;2;1;1;B01
201500031183;0;7;0;0;2;2;15;A01
201500031184;0;7;0;0;2;2;15;A01
201500031184;0;2;0;0;2;1;0;B01
201500031185;0;31;0;0;2;1;1;B01
201500031185;0;7;0;0;2;7;19;A01
201500031186;0;7;0;0;1;0;0;A01
201500031187;0;1;0;0;2;1;1;B01
201500031187;0;7;0;0;2;7;19;A01
201500031188;0;7;0;6;0;1;19;A01
201500031189;0;15;0;0;2;2;14;A01
201500031189;0;7;0;0;2;9;1;B01
201500031190;0;2;0;0;2;8;1;B01
201500031190;0;7;0;0;2;1;1;A01
201500031191;2;10;0;0;2;1;1;B01
201500031191;0;7;0;0;2;2;13;A01
201500031192;0;30;0;0;2;7;1;B01
201500031192;0;7;0;0;2;1;19;A01
201500031193;0;1;0;0;0;8;1;B01
201500031193;0;7;0;0;2;1;19;A01
201500031194;0;31;0;0;2;1;1;B01
201500031194;0;7;0;0;2;8;15;A01
201500031195;0;31;0;0;2;1;18;A01
201500031195;0;7;0;0;2;2;16;B01
201500031196;0;7;0;1;0;1;1;A01
201500031197;0;7;0;0;1;1;1;A01
201500031198;0;2;0;0;0;1;1;A01
201500031199;0;2;0;0;2;1;1;B01
201500031199;0;7;0;0;2;8;9;A01
201500031200;0;33;0;0;2;1;1;B01
201500031200;0;7;0;0;2;3;15;A01
201500031201;0;32;0;0;2;1;2;A01
201500031201;0;7;0;0;2;5;2;B01
201500031202;0;1;0;0;2;4;1;B01
201500031202;0;7;0;0;2;8;9;A01
201500031203;0;2;0;0;2;7;1;B01
201500031203;0;7;0;0;2;1;19;A01
201500031204;0;37;25;0;2;4;23;B01
201500031204;0;7;0;0;2;1;2;A01
201500031205;0;7;0;12;0;1;1;A01
201500031206;0;30;0;0;2;3;7;A01
201500031206;0;7;0;0;2;2;16;B01
201500031207;0;7;0;0;2;6;1;B01
201500031207;0;2;0;0;2;2;14;A01
201500031208;0;30;0;0;2;1;1;B01
201500031208;0;7;0;0;2;7;15;A01
201500031209;0;32;0;14;0;1;1;A01
201500031210;0;7;0;0;0;3;1;B01
201500031210;0;7;0;0;2;1;5;A01
201500031211;0;2;0;0;2;1;1;A01
201500031211;0;7;0;0;2;7;1;B01
201500031212;0;99;0;0;1;3;1;A01
201500031213;0;3;0;11;0;1;0;A01
201500031214;0;30;0;0;2;1;1;A01
201500031214;0;7;0;0;2;3;1;B01
201500031215;0;2;0;0;2;3;9;A01
201500031215;0;33;0;0;2;1;21;B01
201500031216;0;7;0;12;0;1;6;A01
201500031217;0;7;0;0;1;2;1;A01
201500031218;0;7;0;0;1;1;13;A01
201500031219;0;31;0;0;2;7;17;B01
201500031219;0;7;0;0;2;2;15;A01
201500031220;0;2;0;0;2;1;1;B01
201500031220;0;7;0;0;2;3;15;A01
201500031221;0;7;0;0;2;7;0;B01
201500031221;0;2;0;0;2;1;1;A01
201500031222;0;7;0;0;1;1;15;A01
201500031223;0;7;0;0;2;1;15;A01
201500031223;0;7;0;0;2;3;1;B01
201500031224;0;7;0;0;1;3;1;A01
201500031225;0;7;0;0;1;8;15;A01
201500031226;0;33;0;0;2;8;9;A01
201500031226;0;7;0;0;2;2;1;B01
201500031227;0;7;0;0;2;1;9;A01
201500031227;0;7;0;0;2;0;0;B01
201500031228;0;2;0;0;2;1;15;A01
201500031228;0;7;0;0;2;6;15;B01
201500031229;0;2;0;0;0;0;0;A01
201500031230;0;7;0;0;1;4;4;A01
201500031231;0;30;0;0;2;1;17;A01
201500031231;0;7;0;0;2;1;1;B01
201500031232;0;7;0;0;0;4;15;B01
201500031232;0;2;0;0;2;1;2;A01
201500031233;0;33;0;0;2;8;3;A01
201500031233;0;7;0;0;2;8;1;C01
201500031233;0;7;0;0;2;7;1;B01
201500031234;0;7;0;8;0;2;14;A01
201500031235;0;2;0;12;0;1;1;A01
201500031236;1;99;0;0;1;1;0;Z01
201500031237;0;7;0;0;2;2;16;B01
201500031237;0;2;0;0;2;1;1;A01
201500031238;0;7;0;0;2;4;2;B01
201500031238;0;7;0;0;2;1;3;A01
201500031238;0;7;0;0;2;4;2;C01
201500031239;0;7;0;0;2;3;10;A01
201500031239;0;7;0;0;2;2;1;B01
201500031240;0;10;0;0;1;4;4;A01
201500031241;0;33;0;0;2;9;21;A01
201500031241;0;7;0;0;2;1;23;B01
201500031242;0;7;0;0;2;3;10;A01
201500031242;0;30;0;0;2;1;15;B01
201500031243;0;2;0;0;0;7;1;A01
201500031244;0;7;0;0;1;2;1;A01
201500031245;0;7;0;0;2;7;19;A01
201500031245;0;32;0;0;2;1;1;B01
201500031246;0;7;0;0;2;1;2;A01
201500031246;0;7;0;0;2;4;2;B01
201500031246;0;33;0;0;2;1;17;C01
201500031246;0;7;0;0;2;3;0;D01
201500031247;0;1;0;0;2;3;13;A01
201500031247;0;1;0;0;2;3;21;B01
201500031248;0;1;0;0;2;0;21;B01
201500031249;0;2;0;0;2;1;2;A01
201500031249;0;10;0;0;2;5;2;B01
201500031250;0;10;0;0;1;1;1;A01
201500031251;0;31;0;0;2;1;17;A01
201500031251;0;7;0;0;2;8;19;B01
201500031252;0;33;0;12;0;1;14;A01
201500031253;0;7;0;0;1;1;1;A01
201500031254;0;7;0;0;2;2;15;A01
201500031254;0;33;0;0;2;1;1;B01
201500031255;0;7;0;0;2;4;23;B01
201500031255;0;10;0;0;2;4;23;C01
201500031255;0;10;0;0;2;1;2;A01
201500031256;0;30;0;0;2;1;2;A01
201500031256;0;7;0;0;2;4;23;B01
201500031257;0;7;0;0;2;3;9;A01
201500031257;0;2;0;0;2;7;1;B01
201500031258;0;7;0;0;2;2;16;A01
201500031258;0;31;0;0;2;1;7;B01
201500031259;0;7;0;8;0;1;19;A01
201500031260;0;33;0;0;2;1;1;B01
201500031260;0;7;0;0;2;7;19;A01
201500031261;0;2;0;0;0;0;0;A01
201500031262;0;10;0;0;2;7;15;A01
201500031262;0;34;0;0;2;1;1;B01
201500031263;0;33;0;4;0;0;0;A01
201500031264;0;31;0;0;2;8;1;B01
201500031264;0;7;0;0;2;2;19;A01
201500031265;0;7;0;0;2;4;2;B01
201500031265;0;2;0;0;2;1;2;A01
201500031266;0;7;0;0;2;5;1;C01
201500031266;0;7;0;0;2;6;1;B01
201500031266;0;2;0;0;2;1;9;A01
201500031267;0;10;0;0;2;3;9;A01
201500031267;0;1;0;0;2;7;1;B01
201500031268;0;7;0;0;0;0;15;A01
201500031268;0;32;0;16;0;0;0;B01
201500031269;0;30;0;0;1;2;17;A01
201500031270;1;7;0;0;2;2;15;A01
201500031270;0;1;0;0;2;1;1;B01
201500031271;0;10;0;0;2;5;16;B01
201500031271;0;33;0;0;2;1;7;A01
201500031272;0;33;0;0;0;1;1;A01
201500031273;0;7;0;0;2;1;2;B01
201500031273;0;33;0;11;0;1;14;A01
201500031274;1;30;0;0;1;1;7;Z01
201500031275;0;7;0;0;9;2;9;A01
201500031275;0;1;0;0;2;7;1;B01
201500031276;0;7;0;2;0;1;14;A01
201500031277;0;7;0;0;2;5;15;B01
201500031277;0;33;0;0;2;1;1;A01
201500031278;0;7;0;0;1;1;1;A01
201500031279;1;1;0;0;1;0;0;Z01
201500031280;0;7;0;0;2;2;9;A01
201500031280;0;1;0;0;2;7;1;B01
201500031281;0;7;0;0;1;2;1;A01
201500031282;0;7;0;0;2;3;0;B01
201500031282;0;1;0;0;2;1;0;A01
201500031283;0;7;0;0;2;2;1;B01
201500031283;0;2;0;0;2;1;9;A01
201500031284;0;10;0;0;2;1;5;A01
201500031284;0;7;0;12;2;2;21;C01
201500031284;0;33;0;0;2;1;23;B01
201500031285;0;7;0;0;2;3;9;A01
201500031285;0;37;20;0;2;7;15;B01
201500031286;0;7;0;0;2;3;13;A01
201500031286;0;15;0;0;2;8;1;B01
201500031287;0;30;0;0;1;1;21;A01
201500031288;0;7;0;0;2;2;15;A01
201500031288;0;33;0;0;2;1;1;B01
201500031289;0;1;0;0;0;0;1;A01
201500031290;0;7;0;0;2;1;1;A01
201500031290;0;7;0;0;2;2;15;B01
201500031291;0;7;0;0;2;3;15;A01
201500031291;0;33;0;0;2;8;1;B01
201500031292;0;7;0;12;0;3;6;A01
201500031293;0;7;0;0;2;2;9;A01
201500031293;0;2;0;0;2;1;17;B01
201500031294;0;1;0;0;0;0;1;A01
201500031295;0;10;0;0;2;7;15;A01
201500031295;0;33;0;0;2;1;1;B01
201500031296;1;10;0;0;2;8;18;Z01
201500031296;0;33;0;0;2;7;1;A01
201500031297;0;33;0;0;1;1;1;A01
201500031298;0;7;0;0;2;3;9;A01
201500031298;0;2;0;0;2;4;15;B01
201500031299;0;2;0;0;1;1;7;A01
201500031300;0;2;0;0;2;0;23;B01
201500031300;1;7;0;14;0;2;9;A01
201500031301;0;7;0;8;0;1;14;A01
201500031302;0;31;0;0;0;8;1;A01
201500031303;0;32;0;0;0;0;0;A01
201500031304;0;13;0;0;2;0;12;A01
201500031304;0;7;0;0;2;8;1;B01
201500031305;0;10;0;0;1;4;4;A01
201500031306;1;7;0;0;2;8;11;Z01
201500031306;0;2;0;8;2;8;0;B01
201500031307;0;10;0;0;9;8;24;A01
201500031307;0;1;0;1;0;1;1;B01
201500031308;0;31;0;0;2;1;1;B01
201500031308;0;7;0;0;9;3;9;A01
201500031309;0;7;0;0;9;4;2;B01
201500031309;0;30;0;0;2;1;2;A01
201500031310;0;30;0;0;9;1;19;A01
201500031310;0;30;0;0;9;1;1;B01
201500031311;0;33;0;0;2;0;17;A01
201500031311;0;7;0;0;9;8;1;B01
201500031312;0;2;0;0;0;0;0;A01
201500031313;0;1;0;0;2;1;17;A01
201500031313;0;7;0;0;9;1;1;B01
201500031314;0;33;0;0;2;0;0;B01
201500031314;0;7;0;0;2;0;0;A01
201500031315;0;7;0;0;1;3;0;A01
201500031316;0;2;0;0;2;6;0;A01
201500031316;0;7;0;0;2;0;0;B01
201500031317;0;31;0;0;1;0;0;A01
201500031318;0;2;0;1;0;1;1;A01
201500031319;0;7;0;0;9;3;15;A01
201500031319;0;33;0;0;2;1;17;B01
201500031320;0;1;0;1;0;1;1;A01
201500031321;0;2;0;0;1;1;0;A01
201500031322;0;2;0;1;0;0;1;A01
201500031323;0;7;0;12;0;1;0;A01
201500031324;0;2;0;0;2;1;17;A01
201500031324;0;7;0;0;9;1;0;B01
201500031325;0;32;0;0;2;0;0;B01
201500031325;0;7;0;0;2;0;0;A01
201500031326;0;7;0;6;0;2;0;A01
201500031327;0;32;0;0;0;0;15;A01
201500031328;0;31;0;0;2;2;17;B01
201500031328;0;7;0;0;9;3;15;A01
201500031329;0;7;0;0;0;0;15;A01
201500031329;0;34;0;0;0;0;1;B01
201500031330;0;7;0;0;1;2;1;A01
201500031331;0;7;0;6;0;1;1;A01
201500031332;0;7;0;0;1;0;0;A01
201500031333;0;1;0;0;2;0;0;B01
201500031333;0;7;0;0;9;8;0;A01
201500031334;0;34;0;0;2;0;0;B01
201500031334;0;7;0;0;2;0;0;A01
201500031335;0;7;0;0;2;8;16;B01
201500031335;0;2;0;0;2;1;1;A01
201500031336;0;31;0;0;2;0;0;C01
201500031336;0;7;0;0;2;0;0;B01
201500031336;0;7;0;0;2;0;0;A01
201500031337;0;34;0;14;0;1;1;A01
201500031338;0;7;0;6;0;1;14;A01
201500031339;0;33;0;3;0;1;14;A01
201500031340;0;7;0;8;0;0;0;A01
201500031341;0;2;0;0;0;0;1;A01
201500031342;0;2;0;0;2;1;1;B01
201500031342;0;7;0;0;2;1;15;A01
201500031343;0;7;0;0;2;4;2;A01
201500031343;0;7;0;0;2;4;2;B01
201500031344;0;7;0;0;2;1;1;A01
201500031344;0;7;0;0;2;4;1;B01
201500031344;0;7;0;0;2;4;1;C01
201500031345;0;7;0;0;2;2;1;B01
201500031345;0;7;0;0;2;2;15;A01
201500031346;0;7;0;0;2;3;13;A01
201500031346;0;30;0;0;2;2;1;B01
201500031347;0;7;0;0;2;1;10;A01
201500031347;0;31;0;0;2;3;1;B01
201500031348;0;7;0;0;1;1;15;A01
201500031349;0;10;0;0;1;4;4;A01
201500031350;0;2;0;0;2;1;1;B01
201500031350;0;7;0;0;2;1;9;A01
201500031351;0;7;0;0;2;6;1;A01
201500031351;0;30;0;0;2;1;0;B01
201500031352;0;10;0;0;1;4;4;A01
201500031353;0;37;0;0;1;2;1;A01
201500031354;0;7;0;0;9;1;2;A01
201500031354;0;30;0;0;2;1;1;B01
201500031355;0;30;0;0;1;1;0;A01