num_acc;senc;catv;occutc;obs;obsm;choc;manv;num_veh
201500031687;0;7;0;0;2;4;1;B01
201500031687;0;31;0;0;2;1;2;A01
201500031688;0;2;0;0;2;1;17;B01
201500031688;0;7;0;0;2;3;9;A01
201500031689;0;37;0;0;1;8;9;A01
201500031690;0;7;0;0;1;1;1;A01
201500031691;0;2;0;0;2;1;1;B01
201500031691;0;7;0;0;2;3;15;A01
201500031692;0;34;0;0;2;1;1;B01
201500031692;0;7;0;0;2;2;9;A01
201500031693;0;7;0;0;2;2;9;A01
201500031693;0;7;0;0;2;3;1;B01
201500031694;0;32;0;0;2;7;16;B01
201500031694;0;7;0;0;2;6;15;A01
201500031695;0;7;0;0;2;1;1;B01
201500031695;0;7;0;0;2;2;9;A01
201500031696;0;7;0;0;2;1;2;A01
201500031696;0;7;0;0;2;4;1;B01
201500031697;0;7;0;0;1;1;9;A01
201500031698;0;7;0;0;1;7;1;A01
201500031699;0;2;0;0;2;1;1;B01
201500031699;0;7;0;0;2;3;9;A01
201500031700;0;2;0;0;2;1;1;B01
201500031700;0;7;0;0;2;3;15;A01
201500031701;0;7;0;0;2;4;1;C01
201500031701;0;7;0;0;2;1;2;B01
201500031701;0;7;0;0;2;1;2;A01
201500031702;0;2;0;0;2;1;2;A01
201500031702;0;7;0;0;2;4;1;B01
201500031703;0;10;0;0;2;1;1;A01
201500031703;0;30;0;16;0;0;1;B01
201500031704;0;7;0;0;2;1;1;A01
201500031704;0;1;0;0;0;0;0;B01
201500031705;0;15;0;0;1;1;1;A01
201500031706;0;7;0;0;1;2;1;A01
201500031707;0;7;0;0;2;1;10;A01
201500031707;0;33;0;0;0;0;0;B01
201500031708;0;7;0;0;2;7;15;B01
201500031708;0;33;0;0;2;1;1;A01
201500031709;0;7;0;0;1;1;1;A01
201500031710;0;7;0;0;2;3;1;B01
201500031710;0;33;0;0;2;3;17;A01
201500031711;0;7;0;0;0;0;0;B01
201500031711;0;30;0;0;2;1;2;A01
201500031712;0;7;0;0;2;3;15;B01
201500031712;0;2;0;0;2;2;17;A01
201500031713;0;7;0;0;2;2;1;B01
201500031713;0;2;0;0;2;1;1;A01
201500031714;0;7;0;0;2;3;9;A01
201500031714;0;7;0;0;2;8;15;B01
201500031715;0;7;0;0;2;1;9;B01
201500031715;0;2;0;0;2;1;17;A01
201500031716;0;33;0;0;2;7;17;A01
201500031716;0;7;0;0;2;3;15;B01
201500031717;0;32;0;0;2;7;17;A01
201500031717;0;7;0;0;2;8;1;B01
201500031718;0;7;0;0;2;8;15;B01
201500031718;0;2;0;0;2;1;17;A01
201500031719;0;2;0;0;2;1;17;A01
201500031719;0;7;0;0;2;3;15;B01
201500031720;0;31;0;0;2;1;2;A01
201500031720;0;7;0;0;0;0;0;B01
201500031721;0;7;0;0;2;1;1;B01
201500031721;0;7;0;0;2;1;19;A01
201500031722;0;7;0;0;2;3;15;A01
201500031722;0;30;0;0;2;1;17;B01
201500031723;0;7;0;0;2;4;1;B01
201500031723;0;30;0;0;2;1;2;A01
201500031724;0;7;0;0;2;1;1;B01
201500031724;0;33;0;0;2;1;15;A01
201500031725;0;30;0;0;2;1;2;A01
201500031725;0;7;0;0;0;0;0;B01
201500031725;0;7;0;0;2;1;1;D01
201500031725;0;7;0;0;2;1;2;C01
201500031726;0;7;0;0;2;4;1;B01
201500031726;0;7;0;0;2;1;1;A01
201500031727;0;33;0;0;2;1;1;B01
201500031727;0;7;0;0;2;2;9;A01
201500031728;0;7;0;0;2;2;1;B01
201500031728;0;7;0;0;2;3;9;A01
201500031729;0;2;0;0;2;1;1;B01
201500031729;0;7;0;0;2;3;9;A01
201500031730;0;10;0;0;2;4;1;B01
201500031730;0;30;0;0;2;1;2;A01
201500031731;0;10;0;0;1;2;1;A01
201500031732;0;30;0;0;2;1;2;A01
201500031732;0;7;0;0;2;4;1;B01
201500031733;0;7;0;0;2;3;19;A01
201500031733;0;2;0;0;2;1;1;B01
201500031734;0;7;0;2;2;8;13;A01
201500031734;0;7;0;0;2;8;1;B01
201500031735;0;7;0;0;2;6;10;A01
201500031735;0;33;0;0;2;2;1;B01
201500031736;0;7;0;0;2;1;1;A01
201500031736;0;7;0;0;2;4;0;B01
201500031737;0;33;0;0;0;0;0;A01
201500031738;0;7;0;0;2;8;15;A01
201500031738;0;33;0;0;2;1;17;B01
201500031739;0;7;0;0;1;1;1;A01
201500031740;0;7;0;0;2;1;19;B01
201500031740;0;34;0;0;2;7;17;A01
201500031741;0;33;0;8;0;2;14;A01
201500031742;0;7;0;0;2;2;15;A01
201500031742;0;30;0;0;2;8;0;B01
201500031743;0;31;0;0;2;3;2;B01
201500031743;0;30;0;0;2;2;2;A01
201500031744;0;10;0;0;2;3;23;B01
201500031744;0;33;0;0;2;1;17;A01
201500031745;0;7;0;0;2;2;1;B01
201500031745;0;7;0;0;2;3;9;A01
201500031746;0;7;0;0;2;1;21;B01
201500031746;0;7;0;0;2;1;15;A01
201500031747;0;32;0;0;2;1;1;B01
201500031747;0;7;0;0;2;2;5;A01
201500031748;0;7;0;0;2;1;1;B01
201500031748;0;7;0;0;2;3;9;A01
201500031749;0;31;0;0;2;1;1;B01
201500031749;0;7;0;0;2;3;9;A01
201500031749;0;7;0;0;2;1;1;C01
201500031750;0;33;0;0;2;1;1;B01
201500031750;0;13;0;0;2;7;15;A01
201500031751;0;7;0;0;0;0;0;B01
201500031751;0;7;0;0;2;1;2;A01
201500031752;0;7;0;0;2;4;1;B01
201500031752;0;7;0;0;2;1;2;A01
201500031753;0;7;0;0;2;4;2;C01
201500031753;0;10;0;0;0;0;0;D01
201500031753;0;7;0;0;2;4;2;A01
201500031753;0;7;0;0;2;4;2;B01
201500031754;0;7;0;0;2;6;15;B01
201500031754;0;2;0;0;2;1;2;A01
201500031755;0;7;0;0;1;2;1;A01
201500031756;0;7;0;0;2;4;1;B01
201500031756;0;7;0;0;2;1;2;A01
201500031757;0;2;0;0;2;1;2;A01
201500031757;0;7;0;0;2;4;1;B01
201500031758;0;7;0;0;1;2;1;A01
201500031759;0;30;0;0;2;8;1;B01
201500031759;0;7;0;0;2;7;17;A01
201500031760;0;7;0;0;2;1;2;A01
201500031760;0;20;0;0;2;4;23;B01
201500031761;0;7;0;0;1;1;1;A01
201500031762;0;7;0;0;1;3;0;A01
201500031763;0;7;0;0;2;9;2;B01
201500031763;0;7;0;0;2;1;2;A01
201500031763;0;7;0;0;2;4;2;C01
201500031764;0;7;0;0;2;4;2;B01
201500031764;0;7;0;0;2;4;2;A01
201500031765;0;7;0;0;1;1;1;A01
201500031766;0;7;0;0;1;0;0;A01
201500031767;0;7;0;0;1;5;0;A01
201500031768;0;7;0;0;0;0;0;A01
201500031768;0;30;0;0;2;1;1;B01
201500031769;0;7;0;0;2;2;10;A01
201500031769;0;33;0;16;2;8;1;B01
201500031770;0;7;0;0;0;0;0;B01
201500031770;0;7;0;0;2;1;1;A01
201500031771;0;7;0;0;2;4;1;B01
201500031771;0;7;0;0;2;1;1;A01
201500031772;0;7;0;6;0;1;15;A01
201500031773;0;33;0;0;2;1;1;B01
201500031773;0;7;0;0;2;3;15;A01
201500031774;0;7;0;0;2;1;2;A01
201500031774;0;31;0;0;2;4;23;B01
201500031775;0;7;0;0;1;8;1;A01
201500031776;0;7;0;0;2;7;15;A01
201500031776;0;2;0;0;2;1;1;B01
201500031777;0;37;1;0;1;2;1;A01
201500031778;0;7;0;0;2;1;13;A01
201500031778;0;7;0;0;2;1;1;B01
201500031779;0;7;0;0;0;0;0;A01
201500031780;0;7;0;0;1;2;1;A01
201500031781;0;7;0;0;2;6;2;B01
201500031781;0;2;0;0;2;6;2;A01
201500031782;0;10;0;0;2;1;2;A01
201500031782;0;7;0;0;0;4;1;C01
201500031782;0;7;0;0;2;4;1;B01
201500031783;0;7;0;0;2;2;2;B01
201500031783;0;7;0;0;2;0;9;A01
201500031784;0;7;0;0;2;7;1;B01
201500031784;0;1;0;0;2;8;15;A01
201500031785;0;1;0;0;0;0;0;B01
201500031785;0;7;0;0;2;6;4;A01
201500031786;0;7;0;0;2;1;13;A01
201500031786;0;7;0;0;2;1;1;B01
201500031787;0;7;0;0;2;1;2;A01
201500031787;0;7;0;0;2;1;2;B01
201500031787;0;7;0;0;0;5;2;C01
201500031788;0;7;0;0;2;2;1;B01
201500031788;0;7;0;0;2;2;13;A01
201500031789;0;7;0;0;2;1;13;A01
201500031789;0;7;0;0;2;1;1;B01
201500031790;0;7;0;0;1;1;1;A01
201500031791;0;7;0;6;2;7;1;B01
201500031791;0;10;0;0;2;1;23;C01
201500031791;0;14;0;0;2;1;1;A01
201500031792;0;7;0;0;2;3;9;A01
201500031792;0;1;0;0;2;1;15;B01
201500031793;0;7;0;0;0;0;0;A01
201500031793;0;7;0;0;0;0;0;B01
201500031794;0;7;0;0;2;4;2;B01
201500031794;0;7;0;0;2;1;2;A01
201500031795;0;7;0;0;2;1;2;A01
201500031795;0;7;0;0;2;4;23;C01
201500031795;0;30;0;0;2;4;23;B01
201500031796;0;7;0;0;2;1;1;B01
201500031796;0;7;0;0;2;8;19;A01
201500031797;0;7;0;0;1;2;16;A01
201500031798;0;7;0;0;1;1;1;A01
201500031799;0;1;0;0;2;1;0;B01
201500031799;0;7;0;0;2;3;0;A01
201500031800;0;10;0;0;2;3;1;B01
201500031800;0;7;0;0;2;7;19;A01
201500031801;0;7;0;0;1;0;0;A01
201500031802;0;7;0;0;1;3;15;A01
201500031803;0;7;0;0;0;2;1;A01
201500031804;0;7;0;14;2;1;19;A01
201500031804;0;7;0;0;2;3;19;B01
201500031805;0;33;0;0;2;1;17;A01
201500031805;0;7;0;0;2;5;15;B01
201500031806;0;7;0;0;1;3;0;A01
201500031807;0;7;0;2;0;1;15;A01
201500031808;0;7;0;0;2;1;1;B01
201500031808;0;7;0;0;1;2;0;A01
201500031809;0;30;0;1;2;1;17;B01
201500031809;0;7;0;0;2;3;15;A01
201500031810;0;7;0;0;2;4;2;B01
201500031810;0;30;0;0;2;1;2;A01
201500031811;0;7;0;0;2;1;5;A01
201500031811;0;7;0;0;2;1;1;B01
201500031812;0;7;0;0;2;1;15;A01
201500031812;0;33;0;0;2;8;15;B01
201500031813;0;7;0;0;2;1;13;A01
201500031813;0;7;0;0;2;1;1;B01
201500031814;0;2;0;0;2;8;1;B01
201500031814;0;7;0;0;2;2;15;A01
201500031815;0;30;0;0;2;1;1;A01
201500031815;0;7;0;0;2;3;15;B01
201500031816;0;7;0;0;2;7;15;B01
201500031816;0;30;0;0;2;1;1;A01
201500031817;0;7;0;0;0;0;0;B01
201500031817;0;7;0;0;2;2;1;A01
201500031818;0;7;0;0;1;4;4;A01
201500031819;0;7;0;0;2;8;1;B01
201500031819;0;7;0;7;2;1;9;A01
201500031820;1;7;0;0;2;0;5;A01
201500031820;0;7;0;0;2;7;1;B01
201500031821;0;1;0;0;0;0;0;B01
201500031821;0;10;0;0;2;2;15;A01
201500031822;0;7;0;0;1;1;15;A01
201500031823;0;7;0;6;0;1;13;A01
201500031824;0;14;0;0;2;7;16;B01
201500031824;0;33;0;0;2;1;0;A01
201500031825;0;7;0;0;1;0;0;A01
201500031826;0;7;0;0;2;1;19;A01
201500031826;0;7;0;0;2;7;1;B01
201500031827;0;7;0;0;1;2;1;A01
201500031828;0;7;0;13;0;9;0;A01
201500031829;0;7;0;0;2;1;1;B01
201500031829;0;7;0;0;2;1;19;A01
201500031830;0;33;0;0;2;8;1;B01
201500031830;0;7;0;0;2;1;15;A01
201500031831;0;7;0;0;0;0;0;B01
201500031831;0;7;0;0;2;3;1;A01
201500031832;0;7;0;1;1;2;0;A01
201500031833;0;7;0;0;2;7;1;B01
201500031833;0;10;0;13;2;3;16;A01
201500031834;0;10;0;0;2;3;1;B01
201500031834;0;7;0;0;2;3;6;A01
201500031835;0;7;0;0;2;7;1;A01
201500031835;0;7;0;0;2;1;0;B01
201500031836;0;7;0;0;2;1;2;A01
201500031836;0;7;0;0;2;4;2;C01
201500031836;0;7;0;0;2;9;2;B01
201500031837;0;7;0;0;2;9;2;B01
201500031837;0;7;0;0;2;1;2;A01
201500031838;0;7;0;0;1;3;1;A01
201500031839;0;7;0;0;2;1;2;A01
201500031839;0;7;0;0;2;1;1;D01
201500031839;0;7;0;0;2;1;1;C01
201500031839;0;10;0;0;2;9;2;B01
201500031840;0;7;0;0;2;3;1;B01
201500031840;0;7;0;0;2;2;13;A01
201500031841;0;7;0;0;2;3;1;B01
201500031841;0;7;0;0;2;3;13;A01
201500031842;0;7;0;0;2;3;15;A01
201500031842;0;33;0;0;2;1;17;B01
201500031843;0;7;0;0;2;2;19;A01
201500031843;0;7;0;0;2;8;15;B01
201500031844;0;7;0;0;2;2;1;B01
201500031844;0;7;0;0;2;2;15;A01
201500031845;0;7;0;0;2;3;15;B01
201500031845;0;7;0;0;2;1;17;A01
201500031846;0;37;1;0;2;2;1;B01
201500031846;0;7;0;15;2;7;15;A01
201500031847;0;7;0;0;1;1;2;A01
201500031848;0;7;0;0;2;6;1;C01
201500031848;0;7;0;0;2;1;5;A01
201500031848;0;7;0;0;2;1;0;B01
201500031849;0;7;0;0;2;7;15;A01
201500031849;0;33;0;0;2;1;0;B01
201500031850;0;1;0;1;0;1;1;B01
201500031850;0;7;0;0;2;8;22;A01
201500031851;0;7;0;0;2;3;1;B01
201500031851;0;1;0;0;2;0;19;A01
201500031852;0;34;0;0;2;8;1;B01
201500031852;0;7;0;0;2;2;19;A01
201500031853;0;7;0;0;0;0;0;C01
201500031853;0;7;0;0;0;0;0;A01
201500031853;0;7;0;0;0;0;0;B01
201500031854;0;7;0;0;1;1;1;A01
201500031855;0;33;0;0;2;1;1;B01
201500031855;0;7;0;0;2;3;17;A01
201500031856;0;7;0;0;2;1;1;B01
201500031856;0;1;0;0;2;3;15;A01
201500031857;0;15;0;0;2;1;2;A01
201500031857;0;7;0;0;2;4;2;B01
201500031858;0;33;0;0;2;1;1;B01
201500031858;0;7;0;0;2;3;15;A01
201500031859;0;7;0;0;2;3;0;B01
201500031859;0;1;0;0;0;0;0;A01
201500031860;0;1;0;0;2;1;17;A01
201500031860;0;7;0;0;2;3;1;B01
201500031860;0;13;0;0;0;0;17;C01
201500031861;0;7;0;0;2;3;15;B01
201500031861;0;7;0;0;2;3;1;A01
201500031862;0;7;0;0;2;4;15;B01
201500031862;0;37;1;0;2;1;1;A01
201500031863;0;7;0;0;1;2;1;A01
201500031864;0;10;0;0;2;3;19;A01
201500031864;0;33;0;0;2;8;1;B01
201500031865;0;7;0;0;1;1;1;A01
201500031866;0;7;0;0;2;2;15;A01
201500031866;0;30;0;0;2;8;1;B01
201500031867;0;7;0;0;2;1;19;A01
201500031867;0;32;0;0;2;1;1;B01
201500031868;0;1;0;0;2;0;1;B01
201500031868;0;7;0;0;2;0;9;A01
201500031869;0;7;0;0;2;6;23;B01
201500031869;0;30;0;0;2;2;0;A01
201500031870;0;10;0;0;2;1;2;A01
201500031870;0;7;0;0;2;4;2;B01
201500031871;0;7;0;0;1;7;0;A01
201500031872;0;1;0;0;1;0;0;A01
201500031873;0;7;0;0;1;1;15;A01
201500031874;0;7;0;0;2;2;15;B01
201500031874;0;30;0;0;2;1;15;A01
201500031875;0;7;0;0;2;8;1;B01
201500031875;0;7;0;0;2;8;1;A01
201500031876;0;1;0;0;0;0;0;B01
201500031876;0;7;0;0;2;0;0;A01
201500031877;0;7;0;0;2;2;1;B01
201500031877;0;7;0;0;2;7;19;A01
201500031878;0;7;0;0;2;3;15;A01
201500031878;0;30;0;0;2;1;1;B01
201500031879;0;7;0;0;2;1;2;A01
201500031879;0;7;0;0;0;6;2;B01
201500031880;0;7;0;0;1;2;12;A01
201500031881;0;7;0;0;2;2;9;A01
201500031881;0;1;0;0;0;0;0;B01
201500031882;0;7;0;0;2;7;15;A01
201500031882;0;1;0;0;2;1;1;B01
201500031883;0;10;0;0;2;3;15;A01
201500031883;0;33;0;0;2;3;1;B02
201500031884;0;7;0;0;1;8;1;A01
201500031885;0;30;0;0;0;0;1;A01
201500031886;0;33;0;0;1;1;1;A01
201500031887;0;7;0;0;1;1;16;A01
201500031888;0;14;0;0;1;2;16;A01
201500031889;0;7;0;0;2;3;1;A01
201500031889;0;7;0;0;2;6;0;B01
201500031890;0;7;0;0;2;3;15;B01
201500031890;0;33;0;0;2;1;1;A01
201500031891;0;7;0;0;2;3;13;A01
201500031891;0;7;0;0;2;3;1;B01
201500031892;0;30;0;0;1;1;1;A01
201500031893;0;7;0;0;1;1;15;A01
201500031894;0;7;0;0;1;1;1;A01
201500031895;0;33;0;4;0;7;1;A01
201500031896;0;7;0;0;2;1;2;A01
201500031896;0;7;0;0;2;4;23;B01
201500031897;0;30;0;0;2;1;2;A01
201500031897;0;7;0;0;2;4;2;B01
201500031898;0;30;0;0;2;4;2;B01
201500031898;0;7;0;0;2;1;2;A01
201500031899;0;7;0;6;0;1;14;A01
201500031900;0;7;0;0;1;2;1;A01
201500031901;0;7;0;0;0;4;23;C01
201500031901;0;7;0;0;2;1;0;A01
201500031901;0;7;0;0;2;9;23;B01
201500031902;0;7;0;0;1;2;1;A01
201500031903;0;7;0;0;2;3;1;B01
201500031903;0;1;0;0;2;1;15;A01
201500031904;0;7;0;0;0;4;1;B01
201500031904;0;7;0;0;2;1;1;A01
201500031905;0;7;0;1;0;2;1;A01
201500031906;0;7;0;14;0;9;0;A01
201500031907;0;32;0;0;2;1;1;B01
201500031907;0;7;0;0;2;3;15;A01
201500031908;0;7;0;0;2;1;1;B01
201500031908;0;7;0;0;2;7;10;A01
201500031909;0;7;0;0;1;1;16;A01
201500031910;0;7;0;0;2;2;1;A01
201500031910;0;99;0;0;2;6;23;B01
201500031911;0;7;0;12;2;1;1;B01
201500031911;0;7;0;12;2;3;0;A01
201500031912;0;30;0;0;2;2;1;A01
201500031912;0;7;0;0;2;3;0;B01
201500031913;0;10;0;0;2;3;19;A01
201500031913;0;1;0;0;2;7;1;B01
201500031914;1;7;0;0;2;1;15;A01
201500031914;0;1;0;0;2;1;21;B01
201500031915;0;7;0;4;0;1;14;A01
201500031916;0;1;0;0;2;1;1;B01
201500031916;0;7;0;0;2;2;1;A01
201500031917;0;7;0;0;2;0;15;B01
201500031917;0;32;0;0;2;1;17;A01
201500031918;0;7;0;0;1;1;1;A01
201500031919;0;7;0;0;2;5;23;C01
201500031919;0;32;0;0;2;0;21;B01
201500031919;0;7;0;0;2;8;22;A01
201500031920;0;7;0;0;1;1;1;A01
201500031921;0;7;0;0;2;3;9;A01
201500031921;0;30;0;0;2;1;21;B01
201500031922;0;7;0;0;2;3;15;B01
201500031922;0;30;0;0;2;1;1;A01
201500031923;0;7;0;0;2;3;21;B01
201500031923;0;7;0;0;2;1;1;A01
201500031924;0;7;0;0;2;8;15;A01
201500031924;0;99;0;0;2;2;17;B01
201500031925;0;7;0;0;1;4;4;A01
201500031926;0;15;0;0;2;6;1;B01
201500031926;0;7;0;0;2;2;17;A01
201500031927;0;7;0;0;1;4;2;B01
201500031927;0;7;0;0;2;1;2;A01
201500031928;0;30;0;0;1;1;1;A01
201500031929;0;36;0;0;2;1;1;A01
201500031929;1;7;0;0;2;2;1;Z01
201500031930;0;33;0;0;2;0;0;B01
201500031930;2;7;0;0;2;0;0;Z01
201500031931;0;2;0;0;2;1;1;A01
201500031931;0;7;0;0;0;4;1;B01
201500031932;0;30;0;0;2;1;1;A01
201500031932;0;7;0;0;2;3;15;B01
201500031933;0;7;0;0;1;2;1;A01
201500031934;0;7;0;0;1;1;1;A01
201500031935;0;7;0;0;1;1;1;A01
201500031936;0;7;0;0;1;3;1;A01
201500031937;0;7;0;0;1;2;1;A01
201500031938;0;33;0;0;1;1;1;A01
201500031939;0;7;0;0;2;2;17;B01
201500031939;0;7;0;0;2;3;13;A01
201500031940;0;7;0;0;2;1;1;A01
201500031940;0;7;0;0;2;8;1;B01
201500031941;0;7;0;0;1;1;1;A01
201500031942;0;7;0;0;2;1;21;B01
201500031942;0;7;0;0;2;8;1;A01
201500031943;0;7;0;0;2;3;15;B01
201500031943;0;2;0;0;2;1;17;A01
201500031944;0;30;0;0;1;1;1;A01
201500031945;0;7;0;0;2;1;2;A01
201500031945;0;7;0;0;2;4;2;B01
201500031946;0;7;0;0;2;4;2;D01
201500031946;0;7;0;0;2;4;2;B01
201500031946;0;7;0;0;2;4;2;C01
201500031946;0;7;0;0;2;1;2;A01
201500031947;0;7;0;0;2;2;21;B01
201500031947;0;7;0;0;2;3;15;A01
201500031948;0;7;0;0;1;1;15;A01
201500031949;0;7;0;0;2;3;0;A01
201500031949;0;7;0;0;0;1;0;B01
201500031950;0;7;0;0;2;3;9;A01
201500031950;0;30;0;0;2;1;21;B01
201500031951;0;7;0;0;2;3;0;A01
201500031951;0;7;0;0;2;3;1;B01
201500031952;2;7;0;0;2;1;1;A01
201500031952;0;32;0;0;2;7;15;B01
201500031952;0;7;0;0;2;8;23;C01
201500031953;0;32;0;0;2;1;2;A01
201500031953;0;7;0;0;2;4;2;B01
201500031954;0;7;0;0;1;1;1;A01
201500031955;0;7;0;0;2;4;4;A01
201500031955;0;7;0;0;2;1;1;B01
201500031956;0;7;0;3;0;1;1;A01
201500031957;0;7;0;0;2;6;10;A01
201500031957;0;33;0;0;2;1;17;B01
201500031958;0;7;0;0;2;7;15;A01
201500031958;0;33;0;0;2;1;21;B01
201500031959;0;7;0;0;2;3;1;A01
201500031959;0;7;0;0;2;3;13;B01
201500031960;0;7;0;0;2;1;1;A01
201500031960;0;7;0;0;0;4;1;B01
201500031961;0;7;0;0;1;1;1;A01
201500031962;0;7;0;0;2;3;15;A01
201500031962;0;33;0;0;2;1;1;B01
201500031963;0;7;0;0;2;3;1;A01
201500031963;0;7;0;0;2;1;0;B01
201500031964;0;7;0;0;2;2;1;A01
201500031964;0;1;0;0;0;6;1;B01
201500031965;0;7;0;0;0;6;1;B01
201500031965;0;7;0;0;2;2;1;A01
201500031966;0;7;0;0;2;8;10;A01
201500031966;0;33;0;0;2;1;1;B01
201500031967;0;7;0;0;1;1;1;A01
201500031968;0;7;0;0;2;1;1;A01
201500031968;0;31;0;0;0;4;1;B01
201500031969;0;7;0;0;2;3;15;A01
201500031969;0;31;0;0;2;1;1;B01
201500031970;0;32;0;0;2;3;1;B01
201500031970;0;7;0;0;2;2;9;A01
201500031971;0;1;0;0;0;4;1;A01
201500031971;1;7;0;0;0;0;0;Z01
201500031972;0;7;0;0;0;1;1;A01
201500031972;0;7;0;0;0;4;1;B01
201500031973;0;7;0;0;1;1;1;A01
201500031974;0;7;0;0;1;1;1;A01
201500031975;0;7;0;0;2;2;15;A01
201500031975;0;1;0;0;2;1;1;B01
201500031976;0;7;0;0;2;1;1;A01
201500031976;0;7;0;0;2;4;1;B01
201500031976;0;7;0;0;0;4;1;C01
201500031977;0;7;0;0;2;1;1;A01
201500031977;0;7;0;0;2;4;1;B01
201500031977;0;7;0;0;2;4;0;C01
201500031977;0;7;0;0;0;4;1;D01
201500031978;0;7;0;0;2;3;9;A01
201500031978;0;7;0;0;2;7;1;B01
201500031979;0;7;0;0;2;2;15;A01
201500031979;0;7;0;0;2;3;1;B01
201500031980;0;7;0;0;1;4;4;A01
201500031981;0;33;0;6;0;1;14;A01
201500031982;0;7;0;4;0;9;1;A01
201500031983;0;30;0;0;2;2;15;A01
201500031983;0;7;0;0;2;3;1;B01
201500031984;0;7;0;0;2;2;1;A01
201500031984;0;30;0;0;0;4;1;B01
201500031985;0;7;0;0;2;2;15;A01
201500031985;0;7;0;0;2;3;1;B01
201500031986;0;7;0;0;2;3;1;A01
201500031986;0;7;0;0;2;1;1;B01
201500031987;0;7;0;0;2;3;1;A01
201500031987;0;30;0;0;2;2;1;B01
201500031988;0;1;0;0;2;8;19;B01
201500031988;1;7;0;0;2;0;16;A01
201500031989;0;7;0;0;2;3;13;A01
201500031989;0;32;0;0;2;1;21;B01
201500031990;0;7;0;0;1;1;1;A01
201500031991;0;33;0;0;2;1;17;B01
201500031991;0;7;0;0;2;3;15;A01
201500031992;0;7;0;0;2;3;13;A01
201500031992;0;7;0;0;2;3;1;B01
201500031993;0;33;0;0;2;1;21;B01
201500031993;0;7;0;0;2;7;15;A01
201500031994;0;7;0;0;1;1;1;A01
201500031995;0;7;0;0;1;1;15;A01
201500031996;0;13;0;0;2;7;14;A01
201500031996;0;7;0;0;2;3;1;B01
201500031997;0;7;0;0;2;3;13;A01
201500031997;0;7;0;0;2;3;1;B01
201500031998;0;7;0;0;1;1;21;A01
201500031999;0;2;0;0;2;1;1;A01
201500031999;0;7;0;0;2;8;9;B01
201500032000;0;7;0;0;1;1;9;A01
201500032001;0;7;0;0;2;3;15;A01
201500032001;0;30;0;0;2;7;1;B01
201500032002;0;7;0;0;1;2;1;A01
201500032003;0;7;0;0;2;3;13;A01
201500032003;0;7;0;0;2;3;21;B01
201500032004;0;14;0;0;2;6;11;A01
201500032004;0;32;0;0;2;2;1;B01
201500032005;0;7;0;0;1;1;0;A01
201500032006;0;7;0;0;1;1;1;A01
201500032007;0;7;0;0;1;4;4;A01
201500032008;0;7;0;0;2;3;15;A01
201500032008;0;30;0;0;2;1;1;B01
201500032009;0;7;0;0;2;4;2;A01
201500032009;0;7;0;0;0;0;0;B01
201500032010;0;7;0;0;1;1;1;A01
201500032011;0;7;0;0;2;7;1;A01
201500032011;0;1;0;0;2;8;1;B01
201500032012;0;30;0;0;2;3;1;B01
201500032012;0;7;0;0;2;5;15;A01
201500032013;0;7;0;0;2;7;10;A01
201500032013;0;34;0;0;2;1;1;B01
201500032014;0;7;0;0;2;3;1;B01
201500032014;0;30;0;0;2;1;15;A01
201500032015;0;7;0;0;1;2;1;A01
201500032016;0;7;0;0;1;1;1;A01
201500032017;0;7;0;0;2;1;1;C01
201500032017;0;7;0;0;2;4;2;B01
201500032017;0;7;0;0;2;1;2;A01
201500032018;0;2;0;0;2;1;17;A01
201500032018;0;7;0;0;2;3;15;B01
201500032019;0;7;0;0;1;1;15;A01
201500032020;0;7;0;0;2;1;2;A01
201500032020;0;7;0;0;2;4;2;C01
201500032020;0;7;0;0;2;4;0;B01
201500032021;0;7;0;0;2;1;15;A01
201500032021;0;33;0;0;2;1;17;B01
201500032022;0;7;0;0;1;2;1;A01
201500032023;0;7;0;0;1;1;1;A01
201500032024;0;7;0;0;2;1;1;A01
201500032024;0;1;0;0;2;8;0;B01
201500032025;0;30;0;0;2;1;0;A01
201500032025;0;7;0;0;0;4;1;B01
201500032026;0;7;0;0;2;8;1;B01
201500032026;0;7;0;0;2;2;15;A01
201500032027;0;3;0;0;1;1;1;A01
201500032028;0;7;0;0;2;3;5;A01
201500032028;0;30;0;0;2;2;1;B01
201500032029;0;7;0;0;1;1;1;A01
201500032030;0;33;0;0;2;1;17;A01
201500032030;0;7;0;0;2;3;15;B01
201500032031;0;36;0;2;0;3;1;A01
201500032032;0;36;0;8;0;2;1;A01
201500032033;0;7;0;0;1;2;1;A01
201500032034;0;31;0;0;2;1;1;B02
201500032034;0;7;0;0;2;2;19;A01
201500032035;0;7;0;0;1;1;1;A01
201500032036;0;30;0;0;2;4;1;A01
201500032036;0;7;0;0;2;2;1;B02
201500032037;0;33;0;0;2;1;1;A01
201500032037;0;7;0;0;2;3;23;B02
201500032038;0;33;0;14;2;1;1;A01
201500032038;0;7;0;14;2;1;1;B02
201500032039;0;14;0;1;0;0;0;B01
201500032040;0;7;0;0;9;3;15;A01
201500032040;0;33;0;0;2;1;1;B02
201500032041;0;7;0;9;0;2;1;A01
201500032042;0;7;0;0;1;2;1;A01
201500032043;0;7;0;0;2;1;1;B02
201500032043;0;7;0;0;2;3;17;A01
201500032044;0;7;0;2;2;8;1;B02