num_acc;senc;catv;occutc;obs;obsm;choc;manv;num_veh
201500032044;0;7;0;9;2;1;1;A01
201500032045;0;33;0;0;0;0;1;A01
201500032046;0;14;0;0;2;3;1;B02
201500032046;0;7;0;0;2;2;15;A01
201500032047;0;14;0;0;2;3;1;A01
201500032047;0;7;0;0;2;1;13;B02
201500032048;0;17;0;0;2;1;1;A01
201500032048;0;10;0;0;0;4;15;B02
201500032049;0;7;0;0;2;1;2;A01
201500032049;0;7;0;0;9;4;2;B02
201500032050;0;7;0;0;2;3;13;A01
201500032050;0;17;0;0;2;3;1;B02
201500032051;0;7;0;0;2;7;0;A01
201500032051;0;17;0;0;2;2;15;B02
201500032052;0;2;0;0;2;8;17;B02
201500032052;0;17;0;0;2;5;15;A01
201500032053;0;7;0;0;0;0;13;A01
201500032053;0;7;0;4;0;8;21;B02
201500032054;0;7;0;0;0;2;1;A01
201500032055;0;7;0;8;0;6;1;A01
201500032056;0;10;0;0;0;3;1;A01
201500032057;0;7;0;11;0;1;1;A01
201500032058;0;7;0;0;2;1;17;A01
201500032058;0;7;0;0;2;4;1;B02
201500032059;0;10;0;3;0;3;1;A01
201500032060;0;7;0;0;2;1;21;A01
201500032060;0;14;0;0;2;4;1;B02
201500032060;0;10;0;0;2;1;1;C03
201500032060;0;7;0;0;2;1;1;D04
201500032061;0;33;0;0;0;8;0;A01
201500032062;0;7;0;0;2;3;1;B02
201500032062;0;7;0;0;2;3;5;A01
201500032063;0;7;0;0;2;4;2;B02
201500032063;0;7;0;0;2;1;2;A01
201500032064;0;7;0;0;0;4;1;A01
201500032064;0;7;0;0;0;1;2;B02
201500032064;0;7;0;0;0;3;1;C03
201500032065;0;31;0;0;2;7;17;A01
201500032065;0;7;0;0;0;8;15;B02
201500032066;0;10;0;0;0;4;15;A01
201500032066;0;15;0;0;0;1;2;B02
201500032067;0;17;0;0;0;3;1;A01
201500032068;0;10;0;0;0;6;23;B02
201500032068;0;15;0;1;0;2;1;A01
201500032069;0;7;0;4;2;2;1;A01
201500032069;0;14;0;0;0;6;1;B02
201500032070;0;7;0;5;0;1;1;A01
201500032070;0;7;0;0;9;1;1;C03
201500032070;0;7;0;0;9;1;1;B02
201500032071;0;7;0;8;0;3;1;A01
201500032072;0;7;0;7;0;2;1;A01
201500032073;0;7;0;0;2;3;1;A01
201500032073;0;7;0;0;2;3;13;B02
201500032074;0;7;0;0;2;1;1;B02
201500032074;0;7;0;0;2;1;19;A01
201500032075;0;33;0;0;2;1;2;C03
201500032075;0;10;0;0;0;6;2;A01
201500032075;0;7;0;0;2;3;5;B02
201500032076;0;7;0;8;0;2;14;A01
201500032077;0;1;0;0;2;1;1;B02
201500032077;0;7;0;0;2;2;15;A01
201500032078;0;7;0;14;0;1;1;A01
201500032079;0;34;0;0;2;1;1;B02
201500032079;0;7;0;0;2;3;15;A01
201500032080;0;7;0;0;2;1;1;A01
201500032080;0;33;0;0;2;1;17;B02
201500032080;0;15;0;0;0;8;1;C03
201500032081;0;7;0;0;2;5;9;A01
201500032081;0;14;0;0;2;3;1;B02
201500032082;0;15;0;1;0;1;1;A01
201500032083;0;7;0;0;0;2;2;B02
201500032083;0;17;0;0;0;6;2;A01
201500032084;0;7;0;0;0;2;15;A01
201500032084;0;30;0;0;2;1;9;B01
201500032085;0;2;0;0;2;0;0;B01
201500032085;0;7;0;0;2;1;19;A01
201500032086;0;2;0;11;0;1;1;A01
201500032087;0;1;0;0;1;1;17;A01
201500032088;0;7;0;1;1;5;4;A01
201500032089;0;7;0;0;2;2;1;B01
201500032089;0;2;0;0;2;3;16;A01
201500032090;0;7;0;0;1;1;20;A01
201500032091;0;7;0;0;9;1;2;B01
201500032091;0;1;0;0;2;6;15;A01
201500032092;0;7;0;0;2;0;0;B01
201500032092;0;7;0;0;2;1;13;A01
201500032093;0;7;0;0;1;2;15;A01
201500032094;0;7;0;0;1;1;1;A01
201500032095;0;32;0;1;0;1;0;A01
201500032096;0;30;0;0;2;1;1;B01
201500032096;0;7;0;0;9;7;10;A01
201500032097;0;15;0;0;2;3;1;B01
201500032097;0;7;0;0;2;3;13;A01
201500032098;0;7;0;0;2;1;1;A01
201500032098;0;2;0;0;2;1;19;B01
201500032099;0;33;0;13;0;1;14;A01
201500032100;0;36;0;0;0;0;1;A01
201500032101;0;7;0;0;2;2;19;A01
201500032101;0;7;0;0;2;1;1;B02
201500032102;0;7;0;16;0;9;0;A01
201500032103;0;7;0;16;0;1;1;A01
201500032104;0;7;0;12;0;3;22;A01
201500032105;0;7;0;8;0;2;1;A01
201500032106;0;7;0;0;0;4;2;B02
201500032106;0;7;0;0;2;1;2;A01
201500032107;0;33;0;0;2;7;1;A01
201500032107;0;10;0;0;2;1;15;B02
201500032108;0;7;0;0;2;1;1;A01
201500032108;0;7;0;0;2;1;1;C03
201500032108;0;7;0;0;2;3;1;B02
201500032109;0;7;0;0;0;4;23;B02
201500032109;0;7;0;0;2;1;1;A01
201500032110;0;7;0;0;2;2;1;A01
201500032110;0;7;0;0;2;3;0;B02
201500032111;0;7;0;0;1;2;1;A01
201500032112;0;1;0;0;2;7;1;A01
201500032113;0;21;0;0;2;2;1;B02
201500032113;0;2;0;0;2;1;13;A01
201500032114;0;7;0;2;2;1;17;A01
201500032114;0;7;0;0;2;8;15;B02
201500032115;0;14;0;0;2;3;15;B02
201500032115;0;33;0;0;2;1;1;A01
201500032116;0;7;0;0;2;2;13;A01
201500032116;0;32;0;0;2;3;21;B02
201500032117;0;33;0;13;0;7;1;A01
201500032118;0;7;0;0;2;3;13;A01
201500032118;0;7;0;0;2;3;1;B02
201500032119;0;7;0;0;2;1;1;B02
201500032119;0;7;0;0;2;1;5;A01
201500032120;0;31;0;0;2;1;1;A01
201500032120;0;10;0;0;0;7;15;B02
201500032121;0;7;0;0;2;8;1;C03
201500032121;0;31;0;0;2;3;5;A01
201500032121;0;7;0;0;2;3;1;B02
201500032122;0;30;0;0;2;3;13;A01
201500032122;0;7;0;14;0;2;21;C03
201500032122;0;7;0;0;2;3;1;B02
201500032123;0;33;0;11;0;3;17;A01
201500032124;0;7;0;0;1;4;4;A01
201500032125;0;7;0;0;0;0;9;A01
201500032125;0;33;0;0;2;0;1;B01
201500032126;0;10;0;2;2;5;0;B01
201500032126;0;7;0;0;2;3;0;A01
201500032127;0;1;0;0;2;0;19;A01
201500032127;0;7;0;0;2;3;1;B01
201500032128;0;1;0;0;2;7;19;A01
201500032128;0;7;0;0;2;1;15;B01
201500032129;0;30;0;0;2;1;13;A01
201500032129;0;7;0;0;2;3;23;B01
201500032130;0;7;0;0;2;5;4;A01
201500032130;0;1;0;0;2;8;19;B01
201500032131;0;7;0;0;2;3;13;A01
201500032131;0;33;0;0;2;6;0;B01
201500032132;0;1;0;0;2;1;1;B01
201500032132;0;7;0;0;9;2;15;A01
201500032133;0;7;0;0;1;2;1;A01
201500032134;0;7;0;0;2;3;1;B01
201500032134;0;1;0;0;2;1;1;A01
201500032135;0;1;0;0;2;7;0;A01
201500032135;0;7;0;0;2;5;0;B01
201500032136;0;1;0;0;2;1;1;B01
201500032136;0;7;0;0;2;1;15;A01
201500032137;0;7;0;2;0;3;1;A01
201500032138;0;7;0;0;2;7;0;B01
201500032138;0;1;0;0;2;1;1;A01
201500032139;0;1;0;0;2;7;19;B01
201500032139;0;7;0;0;2;1;1;A01
201500032140;0;7;0;0;1;3;0;A01
201500032141;0;7;0;0;2;1;2;A01
201500032141;0;7;0;0;2;4;1;B01
201500032142;0;7;0;0;2;1;1;B01
201500032142;0;7;0;0;2;2;15;A01
201500032143;0;2;0;0;2;1;1;B01
201500032143;0;7;0;0;2;8;10;A01
201500032144;0;2;0;0;2;1;1;A01
201500032144;0;7;0;0;2;2;15;B01
201500032145;0;33;0;0;2;1;1;B01
201500032145;0;7;0;0;2;6;15;A01
201500032146;0;10;0;0;2;4;0;B01
201500032147;0;7;0;0;1;1;16;A01
201500032148;0;7;0;0;2;2;17;A01
201500032148;0;7;0;0;2;3;1;C01
201500032148;0;7;0;0;2;1;1;B01
201500032149;0;7;0;0;2;1;1;B01
201500032149;0;7;0;0;2;7;1;A01
201500032150;1;7;0;0;1;3;0;Z01
201500032151;0;7;0;0;2;3;1;A01
201500032151;0;1;0;0;2;1;19;Y01
201500032152;0;7;0;0;2;1;15;A01
201500032152;0;31;0;0;2;7;1;B01
201500032153;0;7;0;0;1;2;1;A01
201500032154;0;7;0;0;2;8;1;A01
201500032154;0;1;0;0;2;1;1;B01
201500032155;0;7;0;0;2;1;1;C01
201500032155;0;7;0;0;2;3;1;B01
201500032155;0;7;0;0;2;1;1;A01
201500032156;1;7;0;0;2;1;1;Z01
201500032156;0;7;0;0;2;3;1;A01
201500032157;0;7;0;0;2;1;1;A01
201500032157;0;1;0;0;2;3;15;B01
201500032158;0;30;0;0;2;1;1;A01
201500032158;0;7;0;0;2;7;16;B01
201500032159;0;7;0;0;1;3;1;A01
201500032160;0;33;0;0;2;4;1;B01
201500032160;0;7;0;0;2;1;1;A01
201500032161;0;7;0;0;1;1;1;A01
201500032162;0;40;0;0;1;1;1;A01
201500032163;0;7;0;6;0;1;15;A01
201500032164;0;7;0;0;2;3;15;B01
201500032164;0;30;0;0;2;1;1;A01
201500032165;0;7;0;0;2;1;1;B01
201500032165;0;33;0;0;2;1;1;A01
201500032165;0;7;0;0;2;1;1;C01
201500032166;0;7;0;0;2;1;1;A01
201500032166;0;7;0;0;2;1;1;B01
201500032167;0;7;0;0;2;1;1;B01
201500032167;0;7;0;0;2;1;13;A01
201500032168;0;10;0;0;2;1;1;B01
201500032168;0;7;0;0;2;4;23;A01
201500032169;0;7;0;0;1;1;1;A01
201500032170;0;7;0;0;1;1;1;A01
201500032171;0;7;0;0;2;1;1;A01
201500032171;0;7;0;0;2;1;1;B01
201500032172;0;1;0;0;2;4;19;B01
201500032172;0;7;0;0;2;3;1;A01
201500032173;0;1;0;0;2;0;1;A01
201500032173;0;1;0;0;2;1;9;B01
201500032174;0;7;0;0;1;2;1;A01
201500032175;0;7;0;0;2;2;15;A01
201500032175;0;7;0;0;2;1;1;B01
201500032176;0;31;0;0;1;1;1;A01
201500032177;0;33;0;1;2;7;1;B01
201500032177;0;7;0;0;2;3;1;A01
201500032178;0;7;0;0;2;1;15;A01
201500032178;0;2;0;0;2;1;0;B01
201500032179;0;7;0;0;1;1;1;A01
201500032180;0;15;0;0;1;4;1;A01
201500032181;1;7;0;0;1;3;16;A01
201500032182;0;1;0;0;2;1;0;B01
201500032182;0;7;0;0;2;3;1;A01
201500032183;0;7;0;0;2;1;1;B01
201500032183;0;10;0;0;2;8;19;A01
201500032184;0;7;0;0;1;1;0;A01
201500032185;0;7;0;0;1;2;1;A01
201500032186;2;7;0;0;2;1;1;Z01
201500032186;0;7;0;0;2;4;1;B01
201500032187;0;31;0;0;2;7;1;B01
201500032187;0;7;0;0;2;7;1;A01
201500032188;0;7;0;0;1;1;1;A01
201500032189;0;7;0;0;1;1;1;A01
201500032190;0;1;0;0;2;1;1;A01
201500032190;0;7;0;0;2;3;1;B01
201500032191;0;7;0;0;2;1;0;B01
201500032191;0;1;0;0;2;3;1;A01
201500032192;0;7;0;0;2;8;1;B01
201500032192;0;30;0;0;2;1;1;A01
201500032193;0;7;0;0;1;3;1;A01
201500032194;1;7;0;0;1;3;1;Z01
201500032195;0;7;0;0;1;1;16;A01
201500032196;0;7;0;0;1;3;1;A01
201500032197;0;37;1;0;1;1;1;A01
201500032198;0;7;0;0;2;7;15;A01
201500032198;0;34;0;0;2;8;16;B01
201500032199;0;7;0;8;0;1;1;A01
201500032200;0;1;0;0;2;1;1;B01
201500032200;0;7;0;0;2;3;15;A01
201500032201;0;30;0;0;1;7;21;A01
201500032202;0;37;0;0;2;1;1;B01
201500032202;0;7;0;0;2;1;14;A01
201500032203;0;7;0;0;2;7;1;A01
201500032203;0;7;0;0;2;1;1;B01
201500032204;0;7;0;0;1;1;1;A01
201500032205;0;1;0;0;2;8;19;A01
201500032205;0;7;0;0;2;1;1;B01
201500032206;0;7;0;0;2;3;1;A01
201500032207;0;7;0;0;2;6;15;A01
201500032207;0;33;0;0;2;1;1;B01
201500032208;0;7;0;0;1;0;1;A01
201500032209;0;7;0;0;1;1;1;A01
201500032210;1;7;0;0;2;7;17;Z01
201500032210;0;33;0;0;2;1;1;A01
201500032211;0;7;0;8;0;1;15;A01
201500032212;0;7;0;0;2;3;15;A01
201500032212;0;1;0;0;2;1;1;B01
201500032213;0;7;0;0;1;1;1;A01
201500032214;0;7;0;0;2;1;1;A01
201500032214;0;1;0;0;2;3;1;B01
201500032215;0;7;0;0;2;3;9;A01
201500032215;0;7;0;0;2;1;1;B01
201500032216;0;7;0;0;2;1;1;B01
201500032216;0;7;0;0;2;1;14;A01
201500032217;0;33;0;0;0;0;21;A01
201500032217;1;7;0;0;0;0;15;Z01
201500032218;0;7;0;0;1;1;15;A01
201500032219;0;7;0;0;1;0;0;A01
201500032220;0;40;0;0;2;7;1;B01
201500032220;0;1;0;0;4;8;1;A01
201500032221;1;7;0;0;1;0;0;Z01
201500032222;0;1;0;0;2;6;1;A01
201500032222;0;7;0;0;2;1;1;B01
201500032223;0;1;0;0;2;8;19;B01
201500032223;0;7;0;0;2;1;16;A01
201500032224;0;1;0;0;2;8;1;B01
201500032224;0;7;0;0;2;1;16;A01
201500032225;0;7;0;2;0;1;14;A01
201500032226;0;1;0;0;2;6;1;B01
201500032226;0;7;0;0;2;2;1;A01
201500032227;0;7;0;2;0;1;0;A01
201500032228;0;30;0;0;1;1;1;A01
201500032229;0;7;0;0;1;1;1;A01
201500032230;0;15;0;0;2;1;1;A01
201500032230;0;7;0;0;2;4;1;B01
201500032231;0;1;0;0;2;7;15;B01
201500032231;1;7;0;0;2;0;1;Z01
201500032232;0;7;0;0;2;1;1;A01
201500032232;0;1;0;0;2;8;19;B01
201500032233;0;7;0;0;2;4;23;D01
201500032233;0;7;0;0;2;4;23;C01
201500032233;0;10;0;0;2;4;23;B01
201500032233;0;7;0;0;2;1;1;A01
201500032234;0;7;0;0;2;0;1;B01
201500032234;1;30;0;0;0;0;0;A01
201500032235;0;7;0;0;2;3;15;A01
201500032235;0;30;0;0;2;2;1;B01
201500032236;0;7;0;0;2;8;22;A01
201500032236;0;1;0;0;2;0;1;B01
201500032237;0;7;0;0;2;1;1;A01
201500032237;0;7;0;0;2;4;1;B01
201500032237;0;1;0;0;0;0;0;C01
201500032238;0;7;0;0;2;2;1;A01
201500032239;0;7;0;0;2;2;1;A01
201500032239;0;7;0;0;2;7;15;B01
201500032240;0;7;0;0;2;3;9;A01
201500032240;0;1;0;0;2;1;1;B01
201500032241;0;31;0;0;2;1;13;A01
201500032241;0;34;0;0;2;1;1;B01
201500032242;0;7;0;0;2;2;1;A01
201500032242;0;32;0;0;2;1;0;B01
201500032243;0;7;0;0;1;1;9;A01
201500032244;0;1;0;0;2;7;19;A01
201500032244;0;7;0;0;2;1;1;B01
201500032245;0;1;0;0;2;7;1;B01
201500032245;0;7;0;0;2;1;16;A01
201500032246;1;7;0;0;1;2;1;Z01
201500032247;1;7;0;0;2;1;1;Z01
201500032247;0;30;0;0;2;8;1;A01
201500032248;0;1;0;0;2;1;1;A01
201500032248;0;7;0;0;2;4;21;B01
201500032249;0;7;0;14;0;1;2;A01
201500032249;0;7;0;0;2;4;23;B01
201500032250;0;7;0;0;1;4;4;A01
201500032251;0;7;0;0;2;7;1;A01
201500032251;0;1;0;0;2;8;1;B01
201500032252;0;7;0;2;0;1;1;A01
201500032253;0;30;0;0;2;1;5;A01
201500032253;0;7;0;0;2;1;1;B01
201500032254;0;7;0;0;2;5;1;B01
201500032254;0;33;0;0;2;1;1;A01
201500032255;0;7;0;0;1;1;1;A01
201500032256;0;7;0;0;1;2;1;A01
201500032257;0;7;0;0;1;1;1;A01
201500032258;0;7;0;0;1;1;1;A01
201500032259;0;7;0;0;2;1;9;A01
201500032259;0;2;0;0;2;1;1;B01
201500032260;0;7;0;0;2;0;0;A01
201500032260;0;33;0;0;2;0;0;B01
201500032261;0;1;0;0;2;3;1;B01
201500032261;0;7;0;0;2;3;15;A01
201500032262;0;36;0;0;2;2;1;A01
201500032262;0;7;0;0;2;3;16;B01
201500032263;1;7;0;0;1;8;1;Z01
201500032264;0;7;0;0;1;3;1;A01
201500032265;0;1;0;0;2;2;1;A01
201500032265;0;7;0;0;2;3;1;B01
201500032266;0;7;0;0;2;1;1;A01
201500032266;0;7;0;0;2;4;1;B01
201500032267;0;7;0;0;2;1;15;A01
201500032267;0;7;0;0;2;1;1;B01
201500032268;0;7;0;0;2;1;16;A01
201500032268;0;7;0;0;2;1;1;B01
201500032269;0;7;0;0;1;2;1;A01
201500032270;0;37;0;0;2;1;1;B01
201500032270;0;1;0;0;2;1;19;A01
201500032271;0;1;0;0;2;1;19;A01
201500032271;0;7;0;0;2;3;1;B01
201500032272;0;40;0;0;1;2;1;A01
201500032273;0;2;0;0;0;0;1;A01
201500032273;1;7;0;0;0;0;1;Z01
201500032274;0;1;0;0;2;1;19;A01
201500032274;0;7;0;0;2;2;1;B01
201500032275;0;7;0;0;2;1;1;B01
201500032275;0;7;0;0;2;2;15;A01
201500032276;0;7;0;0;1;1;0;A01
201500032277;0;1;0;0;2;7;19;B01
201500032277;0;34;0;0;2;1;1;A01
201500032278;0;7;0;0;2;2;1;B01
201500032278;0;1;0;0;2;2;19;A01
201500032279;0;1;0;0;2;1;2;A01
201500032279;0;10;0;0;2;4;2;B01
201500032280;0;7;0;0;2;2;15;A01
201500032280;0;7;0;0;2;8;1;B01
201500032281;0;7;0;1;0;1;1;A01
201500032282;0;7;0;2;0;1;1;A01
201500032283;0;7;0;0;2;4;2;B01
201500032283;0;7;0;0;2;4;2;C01
201500032283;0;7;0;0;2;0;2;A01
201500032284;0;7;0;0;2;3;15;A01
201500032284;0;32;0;0;2;1;1;B01
201500032285;0;7;0;0;2;1;1;A01
201500032285;0;1;0;0;2;7;19;B01
201500032286;0;2;0;0;1;1;1;A01
201500032287;0;7;0;0;2;2;1;A01
201500032287;0;1;0;0;2;1;19;B01
201500032288;0;7;0;0;1;1;1;A01
201500032289;0;34;0;0;1;1;1;A01
201500032290;0;40;0;0;1;1;1;A01
201500032291;0;31;0;0;2;1;1;B01
201500032291;0;7;0;0;2;7;15;A01
201500032292;0;1;0;0;2;8;19;A01
201500032292;0;7;0;0;2;1;1;B01
201500032293;0;7;0;0;2;7;15;A01
201500032293;0;33;0;0;2;1;1;B01
201500032294;0;7;0;0;1;4;4;A01
201500032295;0;1;0;0;2;7;19;B01
201500032295;0;7;0;0;2;1;1;A01
201500032296;0;1;0;0;2;3;21;B01
201500032296;0;7;0;0;2;2;17;A01
201500032297;0;1;0;0;1;1;1;A01
201500032298;0;7;0;0;1;1;0;A01
201500032299;0;10;0;0;2;4;2;C01
201500032299;0;7;0;0;2;1;2;A01
201500032299;0;10;0;0;2;4;2;B01
201500032300;0;7;0;0;2;1;1;A01
201500032300;0;1;0;0;2;7;0;B01
201500032301;0;1;0;0;2;7;1;B01
201500032301;0;7;0;0;2;1;9;A01
201500032302;0;7;0;0;2;1;5;A01
201500032302;0;10;0;0;2;1;1;B01
201500032303;0;15;0;0;2;3;15;B01
201500032303;0;33;0;0;2;1;17;A01
201500032304;0;30;0;0;2;1;1;A01
201500032304;0;1;0;0;2;1;19;B01
201500032305;0;7;0;4;0;1;1;A01
201500032306;0;1;0;0;2;1;0;B01
201500032306;0;10;0;0;2;8;16;A01
201500032307;0;7;0;1;2;2;1;A01
201500032307;0;31;0;0;2;4;1;B01
201500032308;0;1;0;0;2;1;1;B01
201500032308;0;3;0;0;2;5;16;A01
201500032309;0;7;0;0;2;1;1;A01
201500032309;0;7;0;0;2;4;1;B01
201500032310;0;7;0;0;2;7;1;A01
201500032310;0;7;0;0;2;1;1;B01
201500032311;0;7;0;0;1;1;1;A01
201500032312;0;1;0;0;2;1;1;B01
201500032312;0;7;0;0;2;1;15;A01
201500032313;0;40;0;0;1;0;1;A01
201500032314;0;30;0;0;2;1;1;A01
201500032314;0;3;0;0;2;1;16;B01
201500032315;0;7;0;0;2;1;1;A01
201500032315;0;7;0;0;2;8;1;B01
201500032316;0;31;0;14;0;1;1;A01
201500032317;1;32;0;0;1;0;0;Z01
201500032318;0;7;0;0;2;4;1;B01
201500032318;0;7;0;0;2;1;1;A01
201500032319;0;7;0;0;2;1;1;B01
201500032319;0;33;0;0;2;7;1;A01
201500032320;0;1;0;0;2;5;1;B01
201500032320;0;7;0;0;2;1;1;A01
201500032321;0;1;0;0;2;1;1;A01
201500032321;0;7;0;0;2;7;16;B01
201500032322;0;10;0;0;2;1;1;A01
201500032322;0;7;0;0;2;1;1;B01
201500032323;0;1;0;0;2;1;1;A01
201500032323;0;7;0;0;2;3;1;B01
201500032324;0;33;0;0;2;0;1;A01
201500032324;0;7;0;0;2;0;1;C01
201500032324;0;7;0;0;2;3;14;B01
201500032325;0;7;0;0;2;2;16;A01
201500032325;0;1;0;0;2;1;0;B01
201500032326;0;7;0;0;2;3;15;B01
201500032326;0;31;0;0;2;1;1;A01
201500032327;0;1;0;0;2;1;19;B01
201500032327;0;7;0;0;2;1;0;A01
201500032328;0;33;0;0;2;1;1;B01
201500032328;0;7;0;0;2;7;16;A01
201500032329;1;7;0;0;2;4;0;C01
201500032329;0;7;0;0;2;1;1;A01
201500032329;0;7;0;0;2;1;1;B01
201500032330;0;40;0;0;4;8;1;B01
201500032330;0;1;0;0;2;1;19;A01
201500032331;2;3;0;0;2;1;1;Z01
201500032331;0;7;0;0;2;3;1;B01
201500032332;0;7;0;0;2;4;1;C01
201500032332;0;7;0;0;2;1;1;B01
201500032332;0;7;0;0;2;1;1;A01
201500032333;0;7;0;0;2;2;15;A01
201500032333;0;33;0;0;2;1;1;B01
201500032334;2;1;0;0;1;1;1;Z01
201500032335;0;7;0;8;0;3;16;A01
201500032336;0;7;0;0;1;2;1;A01
201500032337;0;1;0;0;2;8;1;B01
201500032337;0;13;0;0;2;5;1;A01
201500032338;0;7;0;0;2;1;1;A01
201500032338;0;34;0;0;2;5;1;B01
201500032339;0;2;0;0;2;8;1;A01
201500032339;0;7;0;0;2;3;1;B01
201500032340;0;1;0;0;2;1;1;A01
201500032340;0;1;0;0;2;1;1;B01
201500032341;0;40;0;0;2;2;1;B01
201500032341;0;1;0;0;2;1;19;A01
201500032342;0;1;0;0;2;1;16;A01
201500032342;0;7;0;0;2;1;1;B01
201500032343;0;10;0;0;2;7;24;B01
201500032343;0;10;0;0;2;4;1;A01
201500032344;0;7;0;0;1;1;1;A01
201500032345;0;7;0;0;2;4;1;C01
201500032345;0;37;0;0;2;1;1;A01
201500032345;0;7;0;0;2;4;1;B01
201500032345;0;7;0;0;2;4;1;D01
201500032346;1;7;0;0;1;4;4;Z01
201500032347;0;10;0;0;2;3;1;B01
201500032347;0;7;0;0;2;1;1;A01
201500032348;0;7;0;0;2;1;1;A01
201500032348;0;7;0;0;2;1;1;B01
201500032349;0;7;0;0;1;1;1;A01
201500032350;0;7;0;2;0;1;1;A01
201500032351;1;7;0;0;2;1;9;Z01
201500032351;0;2;0;0;2;1;1;A01
201500032352;0;7;0;0;2;3;1;A01
201500032352;0;2;0;0;0;0;0;Z01
201500032353;0;2;0;10;0;1;1;A01
201500032354;0;30;0;1;0;1;1;A01
201500032355;0;7;0;0;2;1;1;B01
201500032355;0;7;0;0;1;4;1;A01
201500032356;0;7;0;0;1;1;1;A01
201500032357;0;7;0;0;1;1;1;A01
201500032358;0;7;0;0;2;1;1;A01
201500032358;0;7;0;0;2;4;1;B01
201500032359;0;2;0;0;2;1;1;B01
201500032359;1;2;0;0;2;1;1;Z01
201500032360;0;31;0;0;0;0;0;A01
201500032360;1;7;0;0;2;0;0;Z01
201500032361;0;7;0;0;1;2;1;A01
201500032362;0;2;0;0;1;1;1;A01
201500032363;0;7;0;0;2;1;15;A01
201500032363;0;33;0;0;2;1;17;B01
201500032363;0;7;0;0;2;3;1;C01
201500032364;0;10;0;0;2;1;15;A01
201500032364;0;31;0;0;2;1;1;B01
201500032365;0;10;0;0;0;0;0;A01
201500032365;0;7;0;0;2;1;1;B01
201500032366;0;7;0;0;1;1;1;A01
201500032367;0;1;0;0;2;3;19;A01
201500032367;0;7;0;0;2;1;1;B01
201500032368;0;40;0;0;2;1;1;A01
201500032368;0;7;0;0;4;8;15;B01
201500032369;0;34;0;0;2;1;1;B01
201500032369;0;7;0;0;2;5;15;A01
201500032370;0;7;0;0;2;1;16;A01
201500032370;0;1;0;0;2;1;1;B01
201500032371;0;7;0;0;2;3;10;A01
201500032371;0;30;0;0;2;1;17;B01
201500032372;0;7;0;0;1;3;1;A01
201500032373;0;7;0;0;2;6;1;B01
201500032373;0;30;0;0;2;1;1;A01
201500032374;0;7;0;0;2;5;1;A01
201500032374;0;7;0;0;2;1;1;B01
201500032375;0;1;0;0;2;1;1;A01
201500032375;0;7;0;0;2;1;1;B01
201500032376;0;31;0;0;2;1;1;B01
201500032376;0;7;0;0;2;5;1;A01
201500032377;0;34;0;0;2;1;1;B01
201500032377;0;7;0;0;2;1;15;A01
201500032378;0;7;0;0;2;4;1;B01
201500032378;0;7;0;0;2;1;1;A01
201500032379;1;30;0;0;2;0;0;Z01
201500032379;0;1;0;0;2;1;1;A01
201500032380;0;7;0;0;2;1;1;A01
201500032380;0;7;0;0;2;4;1;B01
201500032381;0;2;0;0;2;1;1;A01
201500032381;0;7;0;0;2;1;1;B01
201500032382;0;7;0;0;2;3;1;B01
201500032382;0;7;0;0;2;1;13;A01
201500032383;0;7;0;0;2;4;1;A01
201500032383;0;7;0;0;2;1;1;B01
201500032384;0;7;0;0;1;7;1;A01
201500032385;0;7;0;0;1;4;4;A01
201500032386;0;7;0;0;2;1;1;B01
201500032386;0;7;0;0;2;7;1;A01
201500032387;0;7;0;6;0;1;1;A01
201500032388;0;7;0;0;2;2;16;A01
201500032388;0;33;0;0;2;1;1;B01
201500032389;0;7;0;0;2;3;10;A01
201500032389;0;33;0;0;2;1;1;B01
201500032390;0;7;0;0;2;7;1;A01
201500032390;0;1;0;0;2;8;1;B01
201500032391;0;7;0;0;1;1;1;A01
201500032392;0;7;0;8;0;8;0;A01
201500032393;0;1;0;0;2;1;16;B01
201500032393;0;7;0;0;2;3;0;A01
201500032394;0;30;0;9;0;1;1;A01
201500032395;1;7;0;0;2;0;15;Z01
201500032395;0;2;0;0;2;1;1;A01
201500032396;0;7;0;0;1;2;1;A01
201500032397;0;37;0;0;1;5;1;A01
201500032398;0;99;0;0;2;7;19;A01
201500032398;0;7;0;0;2;3;1;B01
201500032399;0;7;0;0;2;2;16;A01
201500032399;0;1;0;0;2;6;19;B01
201500032400;0;1;0;0;2;1;13;A01
201500032400;0;7;0;0;2;1;1;B01
201500032401;0;1;0;0;2;1;1;B01
201500032401;0;1;0;0;2;1;1;A01
201500032402;0;10;0;0;2;1;1;B01
201500032402;0;7;0;0;2;4;1;C01
201500032402;0;7;0;0;2;1;1;A01
201500032403;0;31;0;0;2;1;1;B01
201500032403;0;7;0;0;2;1;15;A01
201500032404;0;7;0;0;1;2;1;A01
201500032405;0;10;0;0;1;4;20;A01
201500032406;0;7;0;0;1;3;1;A01
201500032407;0;7;0;0;2;3;1;B01
201500032407;0;31;0;0;2;1;1;A01
201500032408;0;1;0;0;2;1;19;A01
201500032408;0;7;0;0;2;8;1;B01
201500032409;0;7;0;0;2;8;1;B01
201500032409;0;33;0;0;2;1;1;A01
201500032410;0;7;0;0;2;2;15;A01
201500032410;0;7;0;0;2;8;0;B01
201500032411;0;7;0;1;1;1;1;A01
201500032412;0;7;0;0;2;3;15;A01
201500032412;0;7;0;0;2;8;1;B01