num_acc;senc;catv;occutc;obs;obsm;choc;manv;num_veh
201500032796;0;34;0;0;2;1;1;B01
201500032797;0;7;0;0;2;1;2;D01
201500032797;0;10;0;0;2;1;2;A01
201500032797;0;7;0;0;2;4;2;B01
201500032797;0;7;0;0;2;4;2;C01
201500032798;0;7;0;0;1;0;0;A01
201500032799;0;7;0;0;1;2;1;A01
201500032800;0;7;0;0;2;1;2;B01
201500032800;0;7;0;1;2;2;15;A01
201500032801;0;7;0;0;2;3;0;A01
201500032801;0;31;0;0;2;7;2;B01
201500032802;0;7;0;0;9;1;1;A01
201500032802;0;1;0;0;2;4;1;B01
201500032803;0;34;0;0;2;1;17;A01
201500032803;0;7;0;0;2;3;15;B01
201500032804;1;30;0;0;1;5;1;A01
201500032805;0;34;0;0;2;2;17;A01
201500032805;0;7;0;0;2;3;0;B01
201500032806;0;7;0;0;1;2;17;A01
201500032807;0;40;10;0;1;2;0;A01
201500032808;1;33;0;0;0;1;0;A01
201500032808;1;7;0;0;2;1;15;B01
201500032809;0;13;0;0;2;3;16;A01
201500032809;0;13;0;0;2;0;0;B01
201500032810;1;33;0;0;1;0;0;Z01
201500032811;0;33;0;0;2;1;2;A01
201500032811;0;13;0;0;2;6;4;B01
201500032812;0;10;0;0;1;3;9;A01
201500032813;0;31;0;13;0;1;13;A01
201500032814;0;34;0;12;2;1;2;A01
201500032814;0;7;0;0;2;5;23;B01
201500032815;1;7;0;0;2;1;2;Z01
201500032815;0;10;0;0;2;5;2;A01
201500032816;0;7;0;9;2;3;0;A01
201500032816;0;7;0;8;2;2;0;B01
201500032817;0;7;0;0;2;1;15;A01
201500032817;0;7;0;0;2;3;1;B01
201500032818;0;3;0;0;2;1;1;A01
201500032818;0;7;0;0;2;7;1;B01
201500032819;0;7;0;0;1;2;1;A01
201500032820;1;7;0;15;1;0;0;A01
201500032821;0;2;0;0;2;2;0;A01
201500032821;0;40;0;0;2;2;8;B01
201500032822;1;7;0;0;2;2;0;Z01
201500032822;0;34;0;0;2;7;1;A01
201500032823;0;33;0;0;2;1;1;Z01
201500032823;0;7;0;16;2;6;9;A01
201500032824;0;7;0;0;2;3;1;B01
201500032824;0;7;0;0;2;2;15;A01
201500032825;0;7;0;0;2;3;15;A01
201500032825;0;30;0;0;2;3;1;B01
201500032826;0;7;0;0;2;7;1;A01
201500032826;0;32;0;0;2;1;1;B01
201500032827;0;33;0;0;1;4;1;A01
201500032828;0;7;0;0;2;1;1;B01
201500032828;1;7;0;0;2;0;15;Z01
201500032829;0;3;0;0;1;4;4;A01
201500032830;0;7;0;0;2;3;9;A01
201500032830;0;33;0;0;2;1;9;B01
201500032831;0;1;0;0;1;1;1;A01
201500032832;0;13;0;0;1;0;15;A01
201500032833;0;7;0;0;2;4;1;B01
201500032833;0;7;0;0;2;1;1;A01
201500032833;0;7;0;0;2;4;1;C01
201500032834;0;7;0;0;1;5;4;A01
201500032835;0;7;0;0;2;3;1;A01
201500032835;2;7;0;0;2;1;13;B01
201500032836;0;7;0;1;0;7;1;B01
201500032836;0;7;0;0;2;1;1;A01
201500032837;0;30;0;0;2;8;15;A01
201500032837;0;7;0;0;2;1;1;B01
201500032838;0;34;0;0;2;1;17;B01
201500032838;0;7;0;0;2;3;15;A01
201500032839;1;7;0;0;1;4;4;Z01
201500032840;0;7;0;0;2;2;15;A01
201500032840;0;7;0;0;2;3;1;B01
201500032841;0;16;0;0;1;2;1;A01
201500032842;0;1;0;0;0;0;0;B01
201500032842;0;14;0;0;9;5;1;A01
201500032843;0;33;0;0;2;2;2;A01
201500032843;0;7;0;0;2;0;0;B01
201500032844;0;7;0;0;1;1;1;A01
201500032845;0;7;0;0;2;1;15;A01
201500032845;0;7;0;7;2;8;0;B01
201500032846;0;7;0;0;2;3;1;B01
201500032846;0;2;0;0;2;7;14;A01
201500032847;0;7;0;0;2;1;2;B01
201500032847;0;33;0;0;2;3;19;A01
201500032848;0;32;0;0;0;0;0;B01
201500032848;0;7;0;0;2;6;13;A01
201500032849;0;7;0;0;2;2;15;A01
201500032849;0;1;0;0;2;1;1;B01
201500032850;0;7;0;1;0;1;11;A01
201500032850;0;10;0;0;2;1;5;B01
201500032851;0;7;0;0;2;2;0;A01
201500032851;0;2;0;0;2;5;1;B01
201500032852;0;30;0;4;0;2;19;A01
201500032852;0;7;0;0;2;2;0;B01
201500032853;0;32;0;0;1;1;1;A01
201500032854;0;7;0;6;2;1;0;A01
201500032854;0;30;0;0;2;4;0;B01
201500032855;0;7;0;0;9;4;2;A01
201500032855;0;31;0;14;0;1;2;B01
201500032856;0;7;0;2;0;7;17;A01
201500032857;0;10;0;14;2;4;23;B01
201500032857;0;7;0;14;0;1;2;A01
201500032857;0;7;0;0;2;4;23;C01
201500032858;0;7;0;0;1;3;1;A01
201500032859;0;31;0;0;2;1;1;A01
201500032859;0;7;0;0;2;3;15;B01
201500032860;0;33;0;0;0;1;2;B01
201500032860;0;7;0;0;0;7;2;A01
201500032861;0;7;0;0;2;1;13;A01
201500032861;0;7;0;0;2;1;1;B01
201500032862;0;33;0;0;2;5;2;B01
201500032862;0;7;0;0;2;3;15;A01
201500032863;0;7;0;0;2;4;2;A01
201500032863;0;30;0;0;2;1;2;B01
201500032864;0;33;0;0;2;2;0;B01
201500032864;0;7;0;0;2;8;15;A01
201500032865;0;1;0;0;2;1;1;B01
201500032865;0;7;0;0;2;2;16;A01
201500032866;0;7;0;0;0;4;1;B01
201500032866;0;33;0;0;2;1;1;A01
201500032867;0;2;0;1;0;1;14;A01
201500032868;0;33;0;0;2;7;17;A01
201500032868;0;7;0;0;2;3;15;B01
201500032869;0;7;0;6;0;0;0;A01
201500032870;0;7;0;0;1;1;1;A01
201500032871;0;7;0;0;1;3;1;A01
201500032872;0;7;0;0;2;3;15;B01
201500032872;0;32;0;0;2;1;2;A01
201500032873;0;7;0;0;1;1;2;A01
201500032874;0;33;0;0;2;1;1;B01
201500032874;0;7;0;0;2;3;15;A01
201500032875;0;31;0;1;0;1;13;A01
201500032876;0;7;0;0;2;1;1;A01
201500032876;0;15;0;0;2;4;1;B01
201500032877;0;1;0;0;2;1;19;A01
201500032877;0;7;0;0;2;2;16;B01
201500032878;0;7;0;0;1;3;19;A01
201500032879;1;1;0;0;1;0;0;Z01
201500032880;0;7;0;0;9;6;15;B01
201500032880;0;1;0;0;2;3;5;A01
201500032881;0;1;0;12;2;8;18;A01
201500032881;0;37;0;12;9;5;1;B01
201500032882;1;7;0;0;2;4;4;Z01
201500032882;0;33;0;0;2;1;2;A01
201500032883;0;7;0;0;9;2;1;A01
201500032883;0;1;0;0;2;1;1;B01
201500032884;0;1;0;0;0;0;0;B01
201500032884;0;7;0;0;2;3;1;A01
201500032885;0;33;0;0;2;7;1;B01
201500032885;0;7;0;0;2;1;15;A01
201500032886;0;7;0;1;1;3;1;A01
201500032887;0;7;0;6;0;1;16;A01
201500032888;0;3;0;9;1;8;0;A01
201500032889;0;7;0;0;1;1;17;A01
201500032890;0;40;45;0;1;1;1;A01
201500032891;0;33;0;5;0;4;1;A01
201500032892;0;7;0;0;2;3;1;B01
201500032892;0;7;0;0;2;3;15;A01
201500032893;0;7;0;6;0;2;1;A01
201500032894;0;33;0;0;2;2;1;A01
201500032894;0;33;0;0;2;5;15;B01
201500032895;0;1;0;0;2;4;15;B01
201500032895;0;7;0;0;2;2;1;A01
201500032896;0;10;0;0;2;3;15;B01
201500032896;0;7;0;6;1;1;8;A01
201500032897;0;7;0;0;2;2;1;B01
201500032897;0;7;0;0;2;3;15;A01
201500032898;0;7;0;0;2;5;15;A01
201500032898;0;7;0;0;2;1;23;C01
201500032898;0;33;0;0;2;1;1;B01
201500032899;0;7;0;0;2;5;15;C01
201500032899;0;7;0;0;2;3;2;A01
201500032899;0;7;0;0;2;2;12;B01
201500032900;0;31;0;0;2;0;1;B01
201500032900;1;7;0;0;0;0;0;Z01
201500032901;0;10;0;0;1;3;1;A01
201500032902;0;10;0;0;1;3;1;A01
201500032903;0;7;0;0;2;7;16;B01
201500032903;0;30;0;0;2;8;18;A01
201500032904;0;40;50;0;1;1;0;A01
201500032905;0;7;0;0;2;3;15;A01
201500032905;0;7;0;0;2;2;17;B01
201500032906;0;7;0;0;2;3;2;B01
201500032906;0;10;0;0;2;2;2;A01
201500032907;0;7;0;0;2;3;1;B01
201500032907;2;7;0;0;2;3;13;A01
201500032908;0;1;0;1;2;1;11;B01
201500032908;0;7;0;1;9;2;1;A01
201500032909;0;33;0;0;2;8;1;B01
201500032909;0;7;0;0;2;3;15;A01
201500032910;0;7;0;0;2;8;15;A01
201500032910;0;7;0;0;2;1;1;B01
201500032911;1;7;0;0;1;0;1;Z01
201500032912;0;7;0;0;2;1;1;B01
201500032912;0;2;0;0;2;1;15;A01
201500032913;0;7;0;2;0;2;13;A01
201500032914;0;7;0;0;2;1;15;A01
201500032914;0;7;0;0;2;3;1;B01
201500032915;1;7;0;0;1;0;5;A01
201500032916;0;3;0;0;9;3;15;A01
201500032916;0;1;0;0;0;0;0;B01
201500032917;0;30;0;8;0;7;0;A01
201500032918;0;7;0;0;2;7;2;A01
201500032918;0;7;0;0;2;4;2;C01
201500032918;0;7;0;0;2;9;13;B01
201500032919;0;7;0;16;0;2;15;A01
201500032919;0;30;0;0;2;1;2;B01
201500032920;0;7;0;0;1;1;16;A01
201500032921;0;34;0;0;1;1;1;A01
201500032922;0;33;0;12;0;7;1;A01
201500032923;0;33;0;0;2;1;1;B01
201500032923;0;7;0;0;2;7;15;A01
201500032924;0;33;0;0;2;1;1;B01
201500032924;0;7;0;0;2;3;10;A01
201500032925;0;2;0;0;0;0;1;A01
201500032926;0;33;0;0;1;0;17;A01
201500032927;0;2;0;0;1;1;17;A01
201500032928;0;99;0;0;2;3;1;A01
201500032928;0;7;0;8;2;6;13;B01
201500032929;0;30;0;0;2;1;1;B01
201500032929;0;7;0;0;2;3;15;A01
201500032930;0;7;0;0;2;1;1;A01
201500032930;0;1;0;0;2;7;1;B01
201500032931;0;30;0;0;1;1;17;A01
201500032932;1;33;0;0;1;0;0;Z01
201500032933;0;7;0;0;1;0;1;A01
201500032934;0;10;0;0;2;1;2;A01
201500032934;0;10;0;0;2;4;1;B01
201500032935;0;33;0;0;2;7;1;B01
201500032935;0;30;0;0;2;8;12;A01
201500032936;0;30;0;0;2;2;1;A01
201500032936;1;7;0;0;2;3;9;Z01
201500032937;0;33;0;3;0;8;9;A01
201500032938;0;7;0;0;2;3;13;A01
201500032938;0;30;0;0;2;3;14;B01
201500032939;0;7;0;0;0;4;1;B01
201500032939;0;7;0;0;0;1;1;A01
201500032940;0;7;0;0;2;2;0;B01
201500032940;0;30;0;0;2;2;5;A01
201500032941;0;7;0;0;2;1;2;A01
201500032941;0;7;0;0;0;4;2;B01
201500032942;0;7;0;0;2;8;16;B01
201500032942;0;14;0;0;2;2;0;A01
201500032943;0;7;0;6;0;1;1;A01
201500032944;1;7;0;0;1;1;16;A01
201500032945;0;2;0;0;0;0;0;A01
201500032946;0;7;0;6;2;1;2;B01
201500032946;0;7;0;0;2;6;19;A01
201500032947;0;7;0;0;2;1;1;A01
201500032947;0;7;0;1;0;0;0;C01
201500032947;0;10;0;0;0;0;0;B01
201500032948;1;31;0;0;1;7;1;Z01
201500032949;0;7;0;0;1;2;2;A01
201500032950;1;7;0;0;1;0;0;Z01
201500032951;0;7;0;0;1;3;15;A01
201500032952;0;7;0;0;1;8;4;A01
201500032953;1;30;0;0;1;0;0;A01
201500032954;0;7;0;0;1;1;16;A01
201500032955;0;15;0;0;4;8;15;A01
201500032955;0;40;0;0;2;2;1;B01
201500032956;0;1;0;0;9;3;1;A01
201500032956;0;40;52;0;9;3;0;B01
201500032957;0;32;0;0;2;1;1;B01
201500032957;0;7;0;0;2;1;15;A01
201500032958;0;7;0;0;2;1;1;C01
201500032958;0;7;0;0;2;1;1;B01
201500032958;0;7;0;0;2;1;15;A01
201500032959;0;7;0;0;1;1;1;A01
201500032960;0;7;0;0;2;2;15;A01
201500032960;0;31;0;0;2;1;1;B01
201500032961;2;7;0;0;0;2;15;Z01
201500032961;0;30;0;0;0;3;1;A01
201500032962;0;1;0;1;0;1;1;B01
201500032962;0;14;0;0;2;3;23;A01
201500032963;0;7;0;0;0;3;15;B01
201500032963;0;99;0;0;0;2;7;A01
201500032964;0;1;0;0;2;1;1;B01
201500032964;0;10;0;0;2;7;15;A01
201500032965;0;33;0;0;2;2;1;B01
201500032965;0;7;0;0;2;3;1;A01
201500032966;0;30;0;0;2;1;1;B01
201500032966;0;37;60;0;2;7;15;A01
201500032967;0;10;0;0;2;7;16;A01
201500032967;0;1;0;0;2;1;16;B01
201500032968;0;7;0;1;2;2;1;A01
201500032968;0;7;0;0;2;6;15;B01
201500032969;0;7;0;0;1;7;1;A01
201500032970;0;7;0;0;2;5;16;A01
201500032970;1;7;0;0;2;1;1;B01
201500032971;0;1;0;0;2;0;0;B01
201500032971;0;7;0;0;2;3;15;A01
201500032972;0;7;0;0;2;1;2;A01
201500032972;0;7;0;0;9;4;2;B01
201500032973;0;7;0;0;2;2;1;A01
201500032973;0;31;0;0;2;1;1;B01
201500032974;0;1;0;0;2;3;2;B01
201500032974;0;37;40;0;2;7;2;A01
201500032975;0;7;0;0;0;0;0;A01
201500032975;1;7;0;0;0;0;0;B01
201500032976;0;7;0;0;1;2;1;A01
201500032977;2;10;0;1;1;9;1;Z01
201500032978;1;7;0;0;1;1;16;A01
201500032979;0;7;0;0;2;5;21;B01
201500032979;2;7;0;0;2;2;5;A01
201500032980;0;7;0;0;1;6;4;A01
201500032981;0;7;0;0;2;1;1;A01
201500032981;0;7;0;0;2;1;1;B01
201500032982;0;7;0;0;2;4;23;C01
201500032982;0;7;0;0;2;1;9;A01
201500032982;0;7;0;0;2;4;23;B01
201500032983;0;1;0;0;2;1;1;B01
201500032983;0;7;0;0;2;2;15;A01
201500032984;0;7;0;8;0;2;1;A01
201500032985;0;2;0;0;2;2;17;A01
201500032985;0;7;0;0;2;6;1;B01
201500032986;0;14;0;0;2;2;1;A01
201500032986;0;7;0;0;2;3;1;B01
201500032987;0;7;0;0;1;0;4;A01
201500032988;0;7;0;0;1;1;1;A01
201500032989;0;7;0;0;2;1;2;A01
201500032989;0;7;0;0;2;4;2;B01
201500032990;0;7;0;0;0;5;2;B01
201500032990;0;7;0;0;0;0;0;A01
201500032991;1;7;0;0;0;3;21;A01
201500032991;0;7;0;0;0;6;2;B01
201500032992;0;7;0;0;2;4;1;B01
201500032992;0;10;0;0;2;1;1;A01
201500032993;0;7;0;0;9;8;22;A01
201500032993;0;1;0;1;0;1;1;B01
201500032994;0;7;0;0;2;3;1;A01
201500032994;0;7;0;0;2;4;1;B01
201500032995;0;7;0;0;2;3;15;A01
201500032995;0;7;0;0;2;3;1;B01
201500032996;0;7;0;15;0;1;14;A01
201500032997;0;15;0;14;0;5;1;A01
201500032998;0;10;0;0;2;2;15;A01
201500032998;0;7;0;0;2;3;1;B01
201500032999;0;7;0;2;0;8;1;A01
201500033000;0;7;0;0;1;1;1;A01
201500033001;0;10;0;0;2;2;2;A01
201500033001;0;7;0;0;2;6;15;B01
201500033002;1;99;0;0;2;0;1;Z01
201500033002;0;1;0;0;2;3;1;A01
201500033003;0;7;0;0;2;1;2;A01
201500033003;0;10;0;0;2;4;2;B01
201500033004;0;7;0;0;2;2;15;A01
201500033004;0;10;0;0;2;1;1;B01
201500033005;0;10;0;0;1;1;1;A01
201500033006;0;7;0;0;2;8;13;A01
201500033006;0;33;0;0;2;1;17;B01
201500033007;0;7;0;0;2;3;2;B01
201500033007;0;10;0;0;2;6;13;A01
201500033008;0;7;0;0;1;0;15;A01
201500033009;0;2;0;0;2;8;19;A01
201500033009;0;7;0;0;2;3;1;B01
201500033010;1;7;0;0;1;3;1;Z01
201500033011;0;7;0;0;1;3;1;A01
201500033012;0;7;0;2;0;1;1;A01
201500033013;0;3;0;0;2;2;15;B01
201500033013;0;7;0;8;2;3;1;A01
201500033014;0;2;0;6;0;5;1;A01
201500033014;0;10;0;0;2;1;1;B01
201500033015;0;1;0;0;2;5;0;B01
201500033015;0;7;0;0;2;1;1;A01
201500033016;0;1;0;1;0;1;14;A01
201500033017;0;7;0;0;2;3;16;A01
201500033017;0;1;0;0;2;2;15;B01
201500033018;0;7;0;0;1;4;4;A01
201500033019;0;1;0;0;2;2;1;B01
201500033019;0;7;0;0;2;3;15;A01
201500033020;0;7;0;0;2;3;13;A01
201500033020;0;7;0;0;2;3;1;B01
201500033021;0;10;0;0;1;4;4;A01
201500033022;0;1;0;0;2;7;1;B01
201500033022;0;7;0;0;2;1;1;A01
201500033023;1;7;0;0;1;1;0;Z01
201500033024;0;7;0;0;2;1;15;A01
201500033024;0;33;0;0;2;1;1;B01
201500033025;0;7;0;0;2;3;9;A01
201500033025;0;10;0;0;2;5;1;B01
201500033026;0;7;0;0;2;3;13;A01
201500033026;0;7;0;0;2;3;1;B01
201500033027;0;2;0;12;2;1;1;B01
201500033027;0;7;0;0;2;3;1;A01
201500033028;0;7;0;0;2;3;13;A01
201500033028;0;7;0;0;2;3;1;B01
201500033029;0;1;0;0;1;1;0;A01
201500033030;0;33;0;0;2;1;1;A01
201500033030;0;7;0;0;2;2;9;B01
201500033031;0;1;0;1;2;1;1;B01
201500033031;1;7;0;0;2;1;5;Z01
201500033032;0;7;0;0;2;1;2;A01
201500033032;0;7;0;0;2;4;2;B01
201500033033;0;7;0;0;2;1;9;A01
201500033033;0;33;0;0;2;1;1;B01
201500033034;0;10;0;0;1;1;1;A01
201500033035;0;30;0;0;2;0;1;B01
201500033035;0;7;0;0;2;0;15;A01
201500033036;0;7;0;0;2;2;15;A01
201500033036;0;7;0;0;2;1;1;B01
201500033037;0;7;0;0;2;7;16;B01
201500033037;1;33;0;0;2;1;0;Z01
201500033038;0;33;0;0;2;7;1;B01
201500033038;0;7;0;0;2;1;9;A01
201500033039;0;30;0;0;2;1;2;A01
201500033039;0;7;0;0;2;4;2;B01
201500033040;0;33;0;0;0;8;1;A01
201500033041;0;7;0;0;2;8;15;A01
201500033041;0;33;0;0;2;1;1;B01
201500033042;0;7;0;0;1;0;0;A01
201500033043;0;31;0;0;2;1;1;A01
201500033043;0;7;0;0;2;8;15;B01
201500033044;0;7;0;0;2;1;1;A01
201500033044;0;7;0;0;2;5;2;B01
201500033045;0;1;0;0;2;1;1;A01
201500033045;0;7;0;0;2;2;16;B01
201500033046;0;7;0;0;2;8;10;A01
201500033046;0;31;0;0;2;2;17;B01
201500033047;0;7;0;0;0;0;0;A01
201500033047;0;7;0;0;0;0;0;B01
201500033048;0;7;0;2;2;1;1;A01
201500033048;0;7;0;0;2;7;15;B01
201500033049;0;7;0;0;2;1;5;A01
201500033049;0;7;0;0;2;1;1;B01
201500033050;0;7;0;0;1;1;1;A01
201500033051;0;33;0;0;0;0;0;A01
201500033051;0;7;0;0;2;3;15;B01
201500033052;0;7;0;0;1;2;1;A01
201500033053;0;37;1;0;1;5;1;A01
201500033054;0;7;0;0;1;4;4;A01
201500033055;0;7;0;0;2;3;15;A01
201500033055;0;30;0;0;2;1;1;B01
201500033056;0;7;0;0;2;1;5;A01
201500033056;0;17;0;0;0;0;0;B01
201500033056;0;7;0;3;2;1;1;C01
201500033056;0;7;0;3;2;3;1;D01
201500033057;0;1;0;1;0;1;1;A01
201500033057;0;7;0;0;0;0;0;B01
201500033058;0;10;0;0;2;1;9;A01
201500033058;0;1;0;0;0;7;1;B01
201500033059;0;7;0;0;2;2;15;A01
201500033059;0;7;0;0;2;1;1;B01
201500033060;0;10;0;0;2;1;13;A01
201500033060;0;7;0;0;2;3;1;B01
201500033061;0;7;0;0;2;3;1;B01
201500033061;0;7;0;0;2;6;9;A01
201500033062;0;2;0;0;1;1;1;A01
201500033063;0;7;0;1;0;1;13;A01
201500033064;0;7;0;6;0;1;13;A01
201500033065;0;7;0;0;2;1;13;A01
201500033065;0;7;0;0;2;1;1;B01
201500033066;0;7;0;0;2;1;13;A01
201500033066;0;7;0;0;2;1;1;B01
201500033067;0;30;0;0;2;1;1;A01
201500033067;0;7;0;0;0;4;20;B01
201500033068;0;7;0;0;1;2;1;A01
201500033069;0;7;0;15;0;1;14;A01
201500033069;0;37;1;0;0;4;23;B01
201500033070;0;7;0;0;2;1;13;A01
201500033070;0;7;0;0;2;3;1;B01
201500033070;0;7;0;0;2;3;1;C01
201500033071;0;32;0;0;0;3;1;A01
201500033072;0;7;0;0;1;1;1;A01
201500033073;2;7;0;0;2;1;13;A01
201500033073;0;7;0;0;2;1;1;B01
201500033074;0;30;0;0;2;1;17;A01
201500033074;0;7;0;0;2;7;15;B01
201500033075;0;7;0;0;2;3;13;A01
201500033075;0;7;0;0;2;3;1;B01
201500033075;0;7;0;0;2;1;1;C01
201500033076;0;20;0;0;1;0;1;A01
201500033077;0;7;0;9;2;3;0;A01
201500033077;0;7;0;0;0;8;1;B01
201500033078;0;7;0;0;2;3;13;A01
201500033078;0;7;0;0;2;3;1;B01
201500033079;0;7;0;8;0;9;0;A01
201500033080;0;7;0;0;2;7;15;A01
201500033080;0;32;0;0;2;7;0;B01
201500033081;0;7;0;16;0;9;1;A01
201500033082;0;2;0;0;2;0;0;A01
201500033082;0;7;0;0;2;7;20;B01
201500033083;0;31;0;6;0;9;0;A01
201500033084;0;2;0;0;2;1;5;A01
201500033084;0;2;0;0;2;1;1;B01
201500033085;0;7;0;0;1;2;0;A01
201500033086;0;7;0;2;0;1;0;A01
201500033087;0;7;0;14;0;1;1;A01
201500033087;0;30;0;0;0;0;0;B01
201500033088;0;7;0;0;1;0;0;A01
201500033089;0;2;0;0;2;1;13;A01
201500033089;0;7;0;0;2;3;1;B01
201500033090;0;10;0;0;1;3;1;A01
201500033091;0;99;0;0;1;2;14;A01
201500033092;0;7;0;0;2;1;2;A01
201500033092;0;7;0;0;2;4;1;B01
201500033093;0;2;0;1;0;1;14;A01
201500033094;0;7;0;0;2;3;9;A01
201500033094;0;7;0;0;2;1;1;B01
201500033095;0;7;0;0;2;1;19;A01
201500033095;0;7;0;0;2;1;1;B01
201500033096;0;7;0;2;0;7;0;A01
201500033097;0;7;0;6;0;1;1;A01
201500033098;0;7;0;0;2;7;15;A01
201500033098;0;34;0;0;2;1;21;B01
201500033099;0;7;0;0;2;7;15;A01
201500033099;0;2;0;0;2;1;1;B01
201500033100;0;7;0;6;0;1;14;A01
201500033101;0;2;0;0;2;1;19;A01
201500033101;0;7;0;0;0;7;0;B01
201500033102;0;7;0;0;1;3;15;A01
201500033103;0;15;0;0;2;3;1;C01
201500033103;0;7;0;0;2;1;2;A01
201500033103;0;7;0;0;2;6;0;B01
201500033104;0;7;0;6;2;2;1;A01
201500033104;0;7;0;0;2;3;1;B01
201500033105;0;7;0;0;1;3;1;A01
201500033106;0;7;0;0;2;7;1;A01
201500033106;0;7;0;0;2;1;1;B01
201500033107;0;7;0;0;0;8;0;B01
201500033107;0;7;0;0;2;2;1;A01
201500033108;0;14;0;0;2;7;16;A01
201500033108;0;1;0;0;2;8;16;B01
201500033109;0;2;0;0;2;1;1;B01
201500033109;0;7;0;0;2;8;15;A01
201500033110;0;7;0;0;2;8;15;A01
201500033110;0;7;0;0;0;8;16;C01
201500033110;0;38;34;0;2;1;1;B01
201500033111;0;32;0;0;2;1;1;B01
201500033111;0;7;0;0;2;1;15;A01
201500033112;0;7;0;0;2;1;1;A01
201500033112;0;7;0;6;0;1;1;B01
201500033113;1;7;0;0;1;1;5;Z01
201500033114;0;1;0;0;2;8;1;B01
201500033114;0;14;0;0;2;1;9;A01
201500033115;0;7;0;0;2;1;1;B01
201500033115;0;7;0;0;2;1;13;A01
201500033116;0;7;0;0;1;0;0;A01
201500033117;0;7;0;0;2;1;1;B01
201500033117;0;2;0;0;2;1;15;A01
201500033118;0;33;0;0;2;1;5;A01
201500033118;0;7;0;0;2;3;1;B01
201500033119;0;7;0;0;1;2;1;A01
201500033120;0;7;0;0;2;7;17;A01
201500033120;0;2;0;0;2;8;1;B01
201500033121;0;7;0;0;2;1;23;B01
201500033121;0;7;0;0;2;2;16;A01
201500033122;0;7;0;0;1;1;1;A01
201500033123;1;7;0;6;1;1;1;A01
201500033124;0;7;0;0;2;8;11;A01
201500033124;0;33;0;0;2;1;1;B01
201500033125;0;31;0;0;2;1;1;B01
201500033125;0;7;0;0;2;5;15;A01
201500033126;0;7;0;0;2;2;15;A01
201500033126;0;2;0;0;2;1;1;B01
201500033127;0;1;0;0;0;0;0;B01
201500033127;0;7;0;0;2;7;17;A01
201500033128;0;7;0;0;1;1;15;A01
201500033129;0;33;0;0;2;1;1;B01
201500033129;0;10;0;0;2;7;15;A01
201500033130;1;7;0;0;2;7;15;Z01
201500033130;0;31;0;0;2;1;1;B01
201500033131;0;7;0;0;2;3;15;B01
201500033131;0;32;0;0;2;1;1;C01
201500033131;0;7;0;0;0;0;15;A01
201500033132;0;7;0;7;0;1;1;A01
201500033133;0;10;0;0;2;1;2;A01
201500033133;0;2;0;0;0;4;1;B01
201500033134;0;7;0;0;0;1;1;A01
201500033135;0;3;0;0;1;1;1;B01
201500033135;0;7;0;0;2;1;1;A01
201500033136;0;7;0;0;1;7;1;A01
201500033137;0;1;0;0;2;8;1;B01
201500033137;0;7;0;0;2;7;16;A01
201500033138;0;31;0;14;0;0;1;A01
201500033138;0;7;0;0;2;0;15;B01
201500033139;0;7;0;6;1;3;0;A01
201500033140;0;30;0;0;2;1;1;B01
201500033140;0;7;0;0;2;5;15;A01
201500033141;0;30;0;0;2;7;1;A01
201500033141;0;7;0;0;2;1;15;B01
201500033142;0;7;0;0;2;3;15;A01
201500033142;0;1;0;0;2;1;1;B01
201500033143;0;2;0;0;2;1;1;A01
201500033143;0;7;0;0;2;3;15;B02
201500033144;0;7;0;0;1;1;1;A01
201500033145;0;7;0;0;2;1;11;A01
201500033145;0;7;0;0;2;1;1;B01
201500033146;0;32;0;1;2;1;0;A01
201500033147;0;7;0;6;0;3;13;A01
201500033148;0;7;0;0;1;3;1;A01
201500033149;0;7;0;0;2;1;0;A01
201500033149;0;7;0;0;2;3;0;B01
201500033150;0;7;0;0;2;5;4;A01
201500033150;0;7;0;0;2;1;0;B01
201500033151;0;7;0;0;2;1;1;A01
201500033151;0;2;0;0;2;1;17;B01
201500033152;0;7;0;0;2;3;15;A01
201500033152;0;1;0;15;2;1;1;B01
201500033153;0;1;0;0;2;7;19;B01
201500033153;0;7;0;0;9;1;1;A01
201500033154;0;7;0;0;2;7;5;A01
201500033154;0;7;0;0;2;2;1;B01
201500033155;0;7;0;0;2;0;0;A01
201500033155;0;99;0;0;2;0;0;B01
201500033156;0;7;0;0;1;1;1;A01
201500033157;0;7;0;0;1;1;1;A01
201500033158;0;31;0;0;2;1;1;B01
201500033158;0;7;0;0;2;3;15;A01
201500033159;0;7;0;0;2;0;16;A01
201500033159;0;1;0;0;2;0;1;B01
201500033160;0;7;0;0;2;3;1;A01
201500033160;0;1;0;0;2;2;1;B01
201500033161;0;7;0;0;2;8;15;A01
201500033161;0;30;0;0;0;0;0;B01
201500033162;0;7;0;0;2;4;1;A01
201500033162;0;7;0;0;2;1;0;B01
201500033163;0;7;0;0;1;2;19;A01
201500033164;0;7;0;0;2;8;1;A01
201500033164;0;31;0;0;2;8;21;B01
201500033165;0;7;0;0;2;8;13;A01
201500033165;0;33;0;0;2;7;2;B01
201500033166;0;7;0;0;1;1;0;A01
201500033167;0;7;0;0;1;3;15;A01
201500033168;0;33;0;0;2;2;1;B01
201500033168;0;7;0;0;2;3;15;A01
201500033169;0;7;0;0;2;3;2;A01
201500033169;0;7;0;0;2;7;16;B01