num_acc;senc;catv;occutc;obs;obsm;choc;manv;num_veh
201500033170;0;32;0;0;0;0;0;A01
201500033171;0;7;0;0;2;8;1;A01
201500033171;0;1;0;0;2;1;1;B01
201500033172;0;1;0;0;0;0;0;B01
201500033172;0;7;0;0;2;1;1;A01
201500033173;0;7;0;0;2;2;15;A01
201500033173;0;1;0;0;2;1;1;B01
201500033174;0;33;0;0;1;1;1;A01
201500033175;0;7;0;0;1;1;15;A01
201500033176;0;7;0;0;1;1;1;A01
201500033177;0;1;0;0;2;8;2;A01
201500033177;1;99;0;0;0;0;0;B01
201500033178;0;7;0;0;1;1;1;A01
201500033179;1;7;0;0;1;2;0;Z01
201500033180;0;37;1;0;1;6;16;A01
201500033181;0;7;0;0;1;3;1;A01
201500033182;0;7;0;2;0;7;1;A01
201500033183;0;1;0;0;2;3;9;B01
201500033183;0;7;0;0;2;2;9;A01
201500033184;0;7;0;0;2;2;15;A01
201500033184;0;32;0;0;2;1;2;B01
201500033185;0;31;0;2;0;0;0;A01
201500033186;0;1;0;0;2;1;2;B01
201500033186;0;7;0;0;2;2;15;A01
201500033187;0;1;0;0;2;8;0;B01
201500033187;1;7;0;0;2;0;2;Z01
201500033188;0;33;0;0;2;3;13;A01
201500033188;0;7;0;0;2;3;1;B01
201500033189;0;7;0;0;1;7;0;A01
201500033190;0;7;0;0;2;0;1;B01
201500033190;0;30;0;0;2;0;0;A01
201500033191;0;10;0;0;1;2;16;A01
201500033192;0;7;0;0;2;3;2;B01
201500033192;0;33;0;0;2;1;13;A01
201500033192;0;10;0;0;2;0;0;C01
201500033193;0;7;0;0;1;1;0;A01
201500033194;0;7;0;0;2;1;9;A01
201500033194;0;30;0;0;2;5;1;B01
201500033195;0;33;0;0;0;8;21;A01
201500033196;0;33;0;0;2;1;2;A01
201500033196;0;7;0;0;2;8;20;B01
201500033197;0;7;0;0;2;3;2;A01
201500033197;0;34;0;0;2;1;2;B01
201500033198;0;30;0;0;2;5;2;A01
201500033198;0;7;0;0;2;1;9;B01
201500033199;0;7;0;0;1;2;2;A01
201500033200;0;7;0;0;2;3;9;A01
201500033200;0;30;0;0;2;1;17;B01
201500033201;0;7;0;0;2;5;9;A01
201500033201;0;33;0;0;2;1;2;B01
201500033202;0;34;0;0;2;7;15;B01
201500033202;0;7;0;0;2;8;15;A01
201500033203;0;32;0;0;2;1;17;A01
201500033203;0;7;0;0;2;3;15;B01
201500033204;0;7;0;0;2;2;9;B01
201500033204;0;2;0;0;2;1;17;A01
201500033205;0;7;0;0;2;1;9;A01
201500033205;0;31;0;0;2;7;1;B01
201500033206;0;7;0;0;2;1;5;A01
201500033206;0;7;0;0;2;1;2;B01
201500033207;0;32;0;0;0;0;14;A01
201500033208;0;34;0;0;1;1;2;A01
201500033209;0;1;0;0;2;2;2;B01
201500033209;0;7;0;0;2;3;9;A01
201500033210;0;33;0;0;2;1;1;B01
201500033210;0;7;0;0;2;2;15;A01
201500033211;0;30;0;0;2;1;1;B01
201500033211;0;7;0;0;2;3;9;A01
201500033212;0;7;0;0;2;3;10;A01
201500033212;0;33;0;0;2;1;2;B01
201500033213;0;7;0;2;0;1;2;A01
201500033214;0;7;0;0;2;1;15;A01
201500033214;0;30;0;0;2;1;2;B01
201500033215;0;7;0;13;0;2;0;A01
201500033216;0;7;0;0;2;2;2;B01
201500033216;0;7;0;0;2;3;9;A01
201500033217;0;7;0;0;2;3;13;A01
201500033217;0;7;0;0;2;3;1;B01
201500033218;0;7;0;0;1;2;1;A01
201500033219;0;7;0;0;2;3;13;A01
201500033219;0;7;0;0;2;1;1;B01
201500033220;0;7;0;2;0;8;1;A01
201500033221;0;1;0;0;2;7;15;B01
201500033221;0;7;0;0;9;3;1;A01
201500033222;0;30;0;1;0;1;14;A01
201500033223;0;7;0;0;2;6;1;C01
201500033223;0;7;0;0;2;3;17;A01
201500033223;0;30;0;0;2;1;1;B01
201500033224;0;7;0;0;2;1;13;A01
201500033224;0;7;0;0;2;3;1;B01
201500033225;0;7;0;0;2;7;1;B01
201500033225;0;7;0;0;2;3;2;A01
201500033226;0;7;0;0;2;0;0;A01
201500033226;0;30;0;0;0;0;0;B01
201500033227;0;2;0;0;2;4;1;B01
201500033227;0;10;0;0;2;1;15;A01
201500033228;0;2;0;0;0;0;0;A01
201500033228;0;7;0;0;2;2;1;B01
201500033229;0;7;0;0;1;2;1;A01
201500033230;0;2;0;0;2;1;1;B01
201500033230;0;7;0;0;2;1;15;A01
201500033231;0;7;0;0;2;1;1;B01
201500033231;0;7;0;0;2;1;5;A01
201500033232;0;7;0;1;6;9;14;A01
201500033233;0;7;0;0;9;1;1;A01
201500033233;0;1;0;0;2;2;0;B01
201500033234;0;7;0;0;2;6;5;A01
201500033234;0;33;0;0;2;3;21;B01
201500033235;0;37;0;0;2;3;1;B01
201500033235;0;7;0;0;2;3;13;A01
201500033236;0;7;0;0;0;4;2;B01
201500033236;0;7;0;0;2;1;2;A01
201500033237;0;7;0;0;2;1;13;A01
201500033237;0;7;0;0;2;0;1;B01
201500033237;0;7;0;0;2;6;1;C01
201500033237;0;7;0;0;2;1;1;D01
201500033238;0;7;0;0;1;6;4;A01
201500033239;0;7;0;0;2;4;23;D01
201500033239;0;7;0;0;2;3;1;E01
201500033239;0;7;0;0;0;1;2;A01
201500033239;0;7;0;0;2;4;23;C01
201500033239;0;7;0;0;2;6;23;B01
201500033240;0;7;0;0;1;2;1;A01
201500033241;0;7;0;0;9;3;15;B01
201500033241;0;33;0;0;2;1;0;A01
201500033242;0;15;0;1;0;7;1;B01
201500033242;0;7;0;1;0;8;11;A01
201500033242;0;33;0;1;0;1;1;D01
201500033242;0;33;0;1;0;0;0;E01
201500033243;0;2;0;0;2;1;1;B01
201500033243;0;7;0;0;2;3;15;A01
201500033244;0;1;0;0;0;0;1;B01
201500033244;0;7;0;0;9;0;15;A01
201500033245;0;7;0;0;2;5;15;B01
201500033245;0;2;0;0;2;0;17;A01
201500033246;0;38;0;0;0;3;15;B01
201500033246;0;33;0;0;2;2;17;A01
201500033247;1;7;0;0;1;0;13;A01
201500033248;0;32;0;0;0;0;0;A01
201500033248;0;7;0;0;0;0;0;B01
201500033249;0;7;0;8;0;1;1;A01
201500033250;0;10;0;0;1;6;4;A01
201500033251;0;7;0;1;0;1;13;A01
201500033252;0;1;0;0;2;3;1;B01
201500033252;0;7;0;0;9;2;1;A01
201500033253;0;7;0;0;2;6;11;A01
201500033253;0;7;0;0;2;3;1;B01
201500033254;0;7;0;0;2;1;1;A01
201500033254;0;7;0;0;2;4;1;B01
201500033255;0;1;0;0;2;1;1;B01
201500033255;0;7;0;0;9;3;15;A01
201500033256;0;7;0;0;2;2;5;A01
201500033256;0;7;0;0;2;1;1;B01
201500033256;0;10;0;3;2;2;1;C01
201500033257;0;32;0;0;2;1;1;A01
201500033257;0;7;0;0;2;7;19;B01
201500033258;0;7;0;0;2;1;16;A01
201500033258;0;33;0;0;2;2;1;B01
201500033259;0;7;0;2;0;8;14;A01
201500033260;0;7;0;0;2;1;13;A01
201500033260;0;7;0;0;2;1;1;B01
201500033261;0;7;0;11;0;0;0;T01
201500033261;0;33;0;0;2;1;17;A01
201500033261;0;7;0;0;2;2;1;B01
201500033262;0;7;0;6;0;7;1;A01
201500033262;2;7;0;0;2;1;0;B01
201500033263;0;20;0;0;2;1;15;A01
201500033263;0;7;0;0;2;8;1;B01
201500033264;0;30;0;0;2;4;2;B01
201500033264;0;7;0;0;2;1;2;A01
201500033265;0;30;0;11;0;1;0;A01
201500033266;0;7;0;0;2;1;2;A01
201500033266;0;7;0;0;2;4;23;B01
201500033266;0;7;0;0;0;0;23;C01
201500033267;0;10;0;0;2;6;23;B01
201500033267;0;2;0;0;2;1;2;A01
201500033268;0;7;0;0;1;3;0;A01
201500033269;0;7;0;0;2;3;1;B01
201500033269;0;7;0;0;2;3;13;A01
201500033270;2;7;0;0;2;1;2;A01
201500033270;0;7;0;0;0;4;23;B01
201500033271;0;7;0;0;2;1;2;A01
201500033271;0;7;0;0;0;4;2;C01
201500033271;0;7;0;0;2;4;2;B01
201500033272;0;7;0;0;1;1;0;A01
201500033273;0;7;0;0;1;0;0;A01
201500033274;0;7;0;0;1;2;1;A01
201500033275;0;7;0;0;2;1;2;B01
201500033275;0;30;0;0;2;7;0;A01
201500033276;0;7;0;0;1;1;15;A01
201500033277;0;37;0;0;1;2;0;A01
201500033278;0;7;0;0;0;0;0;A01
201500033279;0;7;0;0;2;1;1;A01
201500033279;0;31;0;0;2;4;23;B01
201500033280;0;33;0;0;2;8;2;A01
201500033280;0;33;0;0;2;7;2;B01
201500033281;0;7;0;1;0;4;0;B01
201500033281;0;7;0;1;0;1;20;A01
201500033282;0;7;0;0;1;2;4;A01
201500033283;0;7;0;0;2;4;2;B01
201500033283;0;7;0;0;2;1;2;A01
201500033284;0;99;0;0;2;3;1;B01
201500033284;0;33;0;0;2;7;16;A01
201500033285;0;7;0;0;0;4;0;B01
201500033285;0;15;0;0;2;1;1;A01
201500033286;0;7;0;0;1;7;1;A01
201500033287;0;33;0;4;0;1;1;A01
201500033288;1;7;0;0;1;0;0;A01
201500033289;0;30;0;8;0;1;0;A01
201500033290;0;7;0;8;0;2;13;A01
201500033291;0;7;0;0;2;3;15;A01
201500033291;0;2;0;0;2;1;1;B01
201500033292;0;7;0;0;2;1;2;A01
201500033292;0;7;0;0;2;4;2;B01
201500033293;0;33;0;0;0;8;0;A01
201500033294;0;7;0;0;2;4;0;B01
201500033294;0;7;0;0;2;0;0;A01
201500033295;0;7;0;0;2;2;2;B01
201500033295;0;7;0;0;2;4;2;A01
201500033296;0;1;0;1;0;1;1;A01
201500033297;0;33;0;0;2;4;2;B01
201500033297;0;7;0;0;2;1;2;A01
201500033298;0;7;0;0;2;4;0;A01
201500033298;0;7;0;0;2;1;1;B01
201500033299;0;30;0;0;2;2;15;A01
201500033299;0;7;0;0;2;3;1;B01
201500033300;0;7;0;13;0;1;0;A01
201500033301;0;7;0;0;1;1;16;A01
201500033302;1;7;0;0;1;0;1;A01
201500033303;0;33;0;0;0;8;1;A01
201500033304;0;10;0;0;1;6;4;A01
201500033305;0;10;0;0;5;1;1;A01
201500033305;0;10;0;0;2;6;1;B01
201500033306;0;2;0;0;1;1;1;A01
201500033307;0;10;0;6;1;1;2;A01
201500033308;0;7;0;15;0;2;14;A01
201500033309;0;7;0;0;1;0;0;A01
201500033310;0;33;0;0;2;1;2;A01
201500033310;0;7;0;0;0;4;2;B01
201500033311;0;7;0;1;0;1;13;A01
201500033312;2;7;0;6;0;1;19;A01
201500033313;0;7;0;0;1;3;0;A01
201500033314;0;7;0;0;2;0;0;B01
201500033314;0;7;0;0;2;1;13;A01
201500033315;0;7;0;0;2;0;0;A01
201500033315;0;30;0;0;2;1;1;B01
201500033316;0;2;0;0;2;1;1;B01
201500033316;0;10;0;0;9;1;20;A01
201500033317;0;7;0;0;2;6;15;B01
201500033317;0;2;0;0;2;1;17;A01
201500033318;0;7;0;0;1;1;1;A01
201500033319;0;7;0;0;2;8;13;A01
201500033319;0;99;0;0;2;3;1;B01
201500033320;1;7;0;0;1;1;15;A01
201500033321;0;7;0;0;9;0;0;A01
201500033322;0;7;0;0;2;4;1;A01
201500033322;0;7;0;0;2;1;2;B01
201500033323;0;7;0;0;2;1;1;A01
201500033323;0;7;0;0;2;4;15;B01
201500033324;0;7;0;0;1;2;1;A01
201500033325;0;1;0;0;2;8;15;B01
201500033325;0;7;0;0;2;2;15;A01
201500033326;0;7;0;0;2;5;5;A01
201500033326;0;7;0;0;2;1;1;B01
201500033327;0;3;0;0;1;2;2;A01
201500033328;0;7;0;0;1;1;1;A01
201500033329;0;7;0;0;1;2;2;A01
201500033330;0;7;0;6;0;1;1;A01
201500033331;0;7;0;1;1;0;0;A01
201500033332;0;10;0;0;1;1;1;A01
201500033333;0;10;0;0;1;2;17;A01
201500033334;0;1;0;0;2;7;2;B01
201500033334;0;7;0;0;2;8;1;A01
201500033335;0;30;0;9;0;1;14;A01
201500033336;0;2;0;0;2;8;5;A01
201500033336;0;7;0;0;2;8;1;B01
201500033337;0;7;0;0;2;3;17;A01
201500033337;0;7;0;0;2;3;2;B01
201500033338;0;7;0;0;2;3;1;B01
201500033338;0;7;0;0;2;3;1;A01
201500033339;0;7;0;0;1;1;16;A01
201500033340;0;7;0;0;2;1;1;B01
201500033340;0;7;0;0;2;1;5;A01
201500033341;0;30;0;0;2;1;18;A01
201500033341;0;7;0;0;2;2;1;B01
201500033341;0;7;0;0;2;5;1;C01
201500033342;0;1;0;16;0;7;1;A01
201500033343;0;7;0;0;1;1;1;A01
201500033344;0;10;0;0;2;6;1;C01
201500033344;0;15;0;0;2;8;1;A01
201500033344;0;7;0;4;2;4;1;B01
201500033345;0;7;0;0;0;4;15;B01
201500033345;0;1;0;0;2;1;1;A01
201500033346;0;7;0;0;2;4;23;C01
201500033346;0;7;0;0;2;1;1;A01
201500033346;0;7;0;0;2;4;1;B01
201500033347;0;7;0;0;2;1;1;A01
201500033347;0;7;0;0;2;1;1;B01
201500033348;0;7;0;0;2;3;1;B01
201500033348;0;7;0;0;2;2;1;A01
201500033349;0;7;0;0;2;1;1;A01
201500033349;0;7;0;0;2;3;15;B01
201500033350;0;7;0;0;2;1;1;B01
201500033350;0;7;0;0;2;7;0;A01
201500033351;0;30;0;16;0;7;16;A01
201500033352;0;7;0;0;2;2;15;A01
201500033352;0;7;0;0;2;1;1;B01
201500033353;0;10;0;0;2;4;1;B01
201500033353;0;10;0;0;2;4;1;C01
201500033353;0;7;0;0;2;1;1;A01
201500033354;0;7;0;0;2;3;13;A01
201500033354;0;33;0;0;2;1;1;B01
201500033355;0;7;0;0;1;1;1;A01
201500033356;0;30;0;0;2;7;1;A01
201500033357;0;30;0;0;1;1;1;A01
201500033358;2;7;0;0;1;3;1;A01
201500033359;0;7;0;0;2;7;19;A01
201500033359;0;7;0;0;2;8;1;B01
201500033360;0;30;0;8;0;1;14;A01
201500033361;0;7;0;0;2;3;15;B01
201500033361;0;10;0;0;2;1;1;A01
201500033362;0;7;0;0;1;1;17;A01
201500033363;0;30;0;0;2;1;1;A01
201500033363;0;10;0;0;2;4;23;B01
201500033364;0;2;0;0;0;0;1;A01
201500033365;0;7;0;0;1;7;1;A01
201500033366;0;7;0;0;2;3;20;A01
201500033366;0;1;0;0;2;1;16;B01
201500033367;0;10;0;0;2;1;2;A01
201500033367;0;7;0;0;1;4;2;B01
201500033368;0;30;0;16;0;7;1;A01
201500033369;0;7;0;0;1;1;1;A01
201500033370;1;7;0;0;1;1;1;A01
201500033371;0;7;0;0;0;0;1;A01
201500033371;0;30;0;1;0;0;1;B01
201500033372;0;7;0;15;0;1;1;A01
201500033373;0;7;0;0;2;3;1;B01
201500033373;0;7;0;0;2;1;17;A01
201500033374;0;1;0;0;2;1;0;A01
201500033374;0;7;0;0;2;4;23;B01
201500033375;0;7;0;0;2;1;1;A01
201500033375;0;7;0;0;2;4;1;B01
201500033376;0;1;0;0;0;0;0;A01
201500033377;0;1;0;0;2;7;18;A01
201500033377;1;7;0;0;2;7;23;B01
201500033378;0;33;0;16;0;0;17;A01
201500033379;0;1;0;0;1;1;1;A01
201500033380;0;30;0;0;2;1;17;B01
201500033380;0;7;0;0;2;3;15;A01
201500033381;0;7;0;0;1;1;1;A01
201500033382;0;10;0;0;1;3;15;A01
201500033383;0;7;0;0;2;1;1;B01
201500033383;0;7;0;0;2;7;1;A01
201500033384;0;7;0;0;1;3;15;A01
201500033385;0;1;0;0;0;0;1;A01
201500033386;0;7;0;0;1;1;1;A01
201500033387;0;1;0;0;1;1;1;A01
201500033388;0;7;0;0;0;4;23;B01
201500033388;1;7;0;0;2;0;2;Z01
201500033388;0;7;0;0;2;6;23;A01
201500033389;0;7;0;0;2;5;15;A01
201500033389;0;7;0;0;2;3;1;B01
201500033390;0;7;0;6;0;2;14;A01
201500033391;2;7;0;0;1;1;1;A01
201500033392;0;7;0;1;2;1;1;B01
201500033392;0;7;0;0;2;3;20;A01
201500033393;0;7;0;0;1;1;1;A01
201500033394;1;7;0;0;1;2;1;A01
201500033395;1;7;0;0;1;3;1;A01
201500033396;0;7;0;1;1;2;1;A01
201500033397;0;7;0;0;1;2;16;A01
201500033398;0;7;0;0;2;3;1;B01
201500033398;0;7;0;0;2;1;1;A01
201500033399;0;7;0;0;2;3;15;A01
201500033399;0;30;0;0;2;1;1;B01
201500033400;0;7;0;11;0;1;1;A01
201500033401;0;33;0;0;2;1;17;A01
201500033401;0;33;0;0;2;6;17;B01
201500033402;1;3;0;0;1;2;1;Z01
201500033403;0;7;0;0;2;1;1;A01
201500033403;0;7;0;0;2;3;1;B01
201500033404;0;7;0;0;2;3;10;A01
201500033404;0;33;0;0;2;1;1;B01
201500033405;0;7;0;0;2;3;1;B01
201500033405;0;17;0;0;2;7;10;A01
201500033406;0;30;0;16;0;0;1;A01
201500033407;0;7;0;0;2;4;20;A01
201500033407;0;7;0;0;2;1;1;B01
201500033408;1;7;0;0;1;1;15;Z01
201500033409;2;7;0;8;0;8;1;A01
201500033410;0;32;0;0;0;0;0;A01
201500033411;0;7;0;0;1;1;15;A01
201500033412;0;37;0;0;2;2;15;A01
201500033412;0;7;0;0;2;3;1;B01
201500033413;0;33;0;16;0;7;1;A01
201500033414;0;30;0;0;0;0;0;A01
201500033415;0;7;0;0;2;5;1;B01
201500033415;0;7;0;0;2;3;1;A01
201500033416;0;1;0;0;2;1;1;A01
201500033416;0;7;0;0;2;2;16;B01
201500033417;0;10;0;0;2;1;1;A01
201500033417;0;7;0;0;2;4;23;B01
201500033418;0;30;0;0;0;1;1;A01
201500033419;0;1;0;0;0;0;0;A01
201500033420;0;30;0;0;2;1;1;B01
201500033420;0;7;0;0;2;1;15;A01
201500033421;0;1;0;0;0;1;0;A01
201500033422;0;7;0;0;2;3;15;A01
201500033422;0;33;0;0;2;1;1;B01
201500033423;0;7;0;0;2;2;15;A01
201500033423;0;33;0;0;2;1;1;B01
201500033424;0;30;0;0;2;1;1;B01
201500033424;0;7;0;0;2;1;15;A01
201500033425;0;30;0;0;2;6;1;A01
201500033425;0;10;0;0;2;6;23;B01
201500033426;0;7;0;0;2;1;1;B01
201500033426;0;31;0;0;2;1;17;A01
201500033426;0;7;0;0;2;1;1;C01
201500033427;0;7;0;0;2;4;4;B01
201500033427;0;7;0;0;2;4;4;A01
201500033428;0;30;0;0;2;1;1;B01
201500033428;0;7;0;0;2;3;15;A01
201500033429;0;7;0;0;1;2;1;A01
201500033430;0;1;0;0;2;1;1;A01
201500033430;0;37;0;0;2;6;1;B01
201500033431;0;7;0;0;1;1;1;A01
201500033432;0;7;0;0;2;6;15;B01
201500033432;1;7;0;0;2;3;1;A01
201500033433;0;30;0;1;0;1;13;A01
201500033434;0;7;0;0;1;1;1;A01
201500033435;0;7;0;0;2;1;1;B01
201500033435;0;7;0;0;2;2;1;A01
201500033436;0;1;0;0;0;0;1;A01
201500033437;0;7;0;0;2;3;1;B01
201500033437;0;33;0;0;2;1;1;A01
201500033438;0;30;0;16;0;7;1;A01
201500033439;0;7;0;0;2;1;1;A01
201500033439;0;7;0;0;2;4;23;B01
201500033440;0;33;0;0;0;0;1;A01
201500033441;0;7;0;0;1;1;0;A01
201500033442;0;99;0;0;2;1;1;A01
201500033442;0;7;0;0;2;3;1;B01
201500033443;0;7;0;0;2;1;15;A01
201500033443;0;7;0;0;2;1;1;B01
201500033444;0;7;0;0;1;3;1;A01
201500033445;0;7;0;0;2;4;23;B01
201500033445;0;7;0;0;2;1;1;A01
201500033446;0;10;0;1;2;9;1;B01
201500033446;1;7;0;0;2;1;15;A01
201500033447;0;7;0;3;0;9;1;A01
201500033448;2;7;0;8;0;8;1;A01
201500033449;0;7;0;0;1;2;0;A01
201500033450;0;30;0;16;0;7;1;A01
201500033451;0;37;0;0;1;7;16;A01
201500033452;0;33;0;0;0;8;1;A01
201500033453;0;7;0;0;1;1;1;A01
201500033454;0;7;0;0;0;1;1;A01
201500033455;0;7;0;0;0;1;1;A01
201500033456;0;1;0;0;0;0;0;A01
201500033457;0;33;0;0;2;7;17;B01
201500033457;0;17;0;0;2;1;9;A01
201500033458;0;7;0;0;2;0;0;A01
201500033458;0;1;0;0;2;0;0;B01
201500033459;0;7;0;1;0;1;14;A01
201500033460;0;7;0;0;2;3;1;B01
201500033460;0;7;0;0;2;1;1;A01
201500033461;0;7;0;0;2;3;15;A01
201500033461;0;1;0;0;2;1;1;B01
201500033462;0;7;0;0;2;1;15;B01
201500033462;0;33;0;0;2;1;1;A01
201500033463;0;7;0;4;0;3;13;A01
201500033464;1;7;0;0;2;5;15;Z01
201500033464;0;1;0;0;2;1;1;A01
201500033465;0;30;0;0;0;1;0;A01
201500033466;0;30;0;0;2;1;1;B01
201500033466;0;7;0;0;2;3;9;A01
201500033467;0;7;0;0;2;7;15;B01
201500033467;0;30;0;0;2;1;1;A01
201500033468;0;7;0;0;2;1;1;A01
201500033469;0;7;0;0;2;1;1;B01
201500033469;0;7;0;0;2;1;15;A01
201500033470;0;7;0;0;1;1;1;A01
201500033471;1;30;0;1;0;0;13;Z01
201500033472;0;7;0;0;2;3;1;B01
201500033472;0;7;0;0;2;7;0;A01
201500033473;0;1;0;1;0;1;1;B01
201500033473;0;7;0;0;2;8;24;A01
201500033474;0;7;0;0;1;1;1;A01
201500033475;0;3;0;0;2;7;15;A01
201500033475;0;33;0;0;2;1;1;B01
201500033476;0;1;0;0;2;4;1;B01
201500033476;0;33;0;0;2;7;12;A01
201500033477;0;7;0;4;0;1;14;A01
201500033478;0;30;0;1;2;1;5;A01
201500033478;0;7;0;0;2;2;1;B01
201500033479;0;7;0;1;0;9;1;A01
201500033480;0;7;0;0;2;1;15;A01
201500033480;0;33;0;0;2;1;1;B01
201500033481;1;7;0;0;0;0;0;Z01
201500033481;0;32;0;0;2;7;1;A01
201500033482;0;7;0;0;1;1;1;A01
201500033483;0;7;0;0;2;1;1;B01
201500033483;0;7;0;0;2;1;1;A01
201500033484;0;30;0;0;2;1;1;A01
201500033484;0;7;0;0;2;8;1;B01
201500033485;0;7;0;3;0;9;13;A01
201500033486;0;7;0;0;0;1;0;A01
201500033487;0;33;0;4;0;1;1;A01
201500033488;0;7;0;0;2;8;24;B01
201500033488;2;7;0;1;0;2;14;A01
201500033489;0;7;0;6;0;2;1;A01
201500033490;0;30;0;0;0;2;1;A01
201500033491;0;10;0;13;0;9;14;A01
201500033492;0;7;0;0;2;3;9;A01
201500033492;0;30;0;0;2;1;1;B01
201500033493;0;7;0;4;0;1;1;A01
201500033494;0;1;0;0;2;7;1;A01
201500033494;0;7;0;0;2;1;1;B01
201500033495;0;31;0;0;0;0;0;A01
201500033496;0;7;0;0;1;7;0;A01
201500033497;0;30;0;16;0;8;1;A01
201500033498;0;7;0;0;2;1;1;B01
201500033498;0;7;0;0;2;3;13;A01
201500033499;0;30;0;12;0;1;13;A01
201500033500;0;7;0;0;1;1;1;A01
201500033501;0;33;0;0;2;1;1;B01
201500033501;0;7;0;0;2;6;10;A01
201500033502;0;7;0;0;2;2;1;A01
201500033502;0;7;0;0;2;3;1;B01
201500033503;0;30;0;16;0;7;1;A01
201500033504;2;2;0;12;0;1;1;A01
201500033505;0;1;0;1;0;1;1;A01
201500033506;0;30;0;0;0;7;1;A01
201500033507;0;30;0;0;2;7;15;A01
201500033507;0;7;0;0;2;1;1;B01
201500033508;0;7;0;4;0;1;1;A01
201500033509;2;7;0;0;2;1;2;A01
201500033509;0;7;0;0;2;4;1;B01
201500033510;0;30;0;0;1;1;17;A01
201500033511;0;7;0;0;1;0;0;A01
201500033512;0;7;0;0;2;6;16;B01
201500033512;0;7;0;0;2;2;1;A01
201500033513;0;30;0;0;2;1;1;A01
201500033513;0;7;0;0;2;6;23;B01
201500033514;0;7;0;0;0;9;1;A01
201500033515;0;7;0;0;2;1;2;A01
201500033515;0;7;0;0;2;4;2;B01
201500033516;0;10;0;0;1;0;1;A01
201500033517;0;2;0;0;0;0;1;A01
201500033518;0;7;0;0;2;3;15;A01
201500033518;0;30;0;0;2;8;1;B01
201500033519;0;30;0;0;0;0;1;A01
201500033520;0;7;0;0;0;2;1;A01
201500033521;0;15;0;0;0;0;0;B01
201500033521;0;32;0;0;2;1;1;A01
201500033522;0;20;0;8;2;6;1;B01
201500033522;0;7;0;0;2;1;17;A01
201500033523;0;7;0;0;2;1;13;A01
201500033523;0;7;0;0;2;3;1;B01
201500033524;0;7;0;0;2;4;1;B01
201500033524;0;7;0;0;2;1;1;A01
201500033525;1;7;0;0;1;0;0;Z01
201500033526;0;30;0;0;0;0;1;A01
201500033527;0;7;0;0;2;5;15;A01
201500033527;0;33;0;0;2;1;1;B01
201500033528;0;30;0;1;0;0;1;A01
201500033529;0;30;0;0;0;7;0;A01
201500033530;0;7;0;4;2;3;1;B01
201500033530;1;7;0;0;0;0;0;A01
201500033530;0;33;0;0;2;1;1;C01
201500033531;0;7;0;0;2;3;1;A01
201500033531;1;7;0;0;2;7;14;Z01
201500033532;0;7;0;0;2;1;15;A01
201500033532;0;7;0;0;2;3;1;B01
201500033533;0;7;0;0;1;1;1;A01
201500033534;0;33;0;0;2;3;1;B01
201500033534;1;7;0;0;2;1;15;A01
201500033535;0;7;0;0;2;3;9;A01
201500033535;0;38;0;0;2;2;1;B01
201500033536;0;7;0;1;2;1;1;B01
201500033536;0;10;0;1;2;1;15;A01
201500033537;0;7;0;1;0;1;1;A01
201500033538;0;30;0;0;0;7;1;A01
201500033539;0;7;0;0;1;1;1;A01
201500033540;0;1;0;0;2;7;1;B01
201500033540;0;7;0;0;2;1;9;A01
201500033541;0;7;0;0;2;5;16;A01
201500033541;0;1;0;0;2;1;1;B01
201500033542;0;33;0;0;1;2;1;A01
201500033543;1;7;0;0;1;1;1;Z01
201500033544;1;7;0;0;1;1;16;Z01
201500033545;2;7;0;1;2;3;1;A01
201500033545;0;7;0;0;2;3;1;B01
201500033546;0;30;0;16;0;7;1;A01
201500033547;0;7;0;0;1;1;1;A01
201500033548;0;7;0;0;2;2;15;A01
201500033548;0;2;0;0;2;1;1;B01
201500033549;1;7;0;0;2;1;14;Z01
201500033549;0;7;0;0;2;2;23;A01
201500033550;0;10;0;0;1;2;1;A01
201500033551;0;7;0;0;2;5;23;B01
201500033551;0;30;0;0;0;1;1;A01
201500033552;0;30;0;0;2;1;1;B01
201500033552;0;7;0;0;2;2;1;A01
201500033553;0;2;0;0;2;1;17;A01
201500033553;0;7;0;0;0;0;0;B01
201500033554;0;7;0;0;1;1;1;A01
201500033555;0;30;0;0;0;0;1;A01
201500033556;0;7;0;0;2;4;2;B01
201500033556;0;7;0;0;2;4;2;C01
201500033556;0;7;0;0;2;1;2;A01
201500033557;0;7;0;0;1;1;15;A01
201500033558;0;1;0;0;0;0;1;A01
201500033559;0;7;0;0;1;1;1;A01
201500033560;1;7;0;0;1;4;4;Z01
201500033561;0;7;0;0;1;1;0;A01
201500033562;0;30;0;8;0;1;1;A01
201500033563;0;30;0;0;2;1;13;A01
201500033563;0;7;0;0;2;1;1;F01
201500033564;0;7;0;0;2;8;0;A01
201500033564;0;30;0;0;2;1;0;B01
201500033565;0;30;0;0;2;7;15;A01
201500033565;0;7;0;0;2;1;1;B01
201500033566;0;7;0;0;1;1;1;A01
201500033567;0;7;0;2;0;1;14;A01
201500033568;0;7;0;13;0;2;14;A01
201500033569;0;17;0;0;2;1;1;B01
201500033569;0;7;0;0;2;1;5;A01
201500033570;0;7;0;0;1;1;15;A01
201500033571;0;7;0;0;2;7;13;A01
201500033571;0;10;0;0;2;1;1;B01
201500033572;0;7;0;0;2;8;1;B01