num_acc;senc;catv;occutc;obs;obsm;choc;manv;num_veh
201500033572;0;7;0;0;2;7;16;A01
201500033573;0;10;0;0;2;1;1;A01
201500033573;0;7;0;0;2;2;1;B01
201500033574;0;7;0;0;2;1;13;A01
201500033574;0;7;0;0;2;1;1;B01
201500033575;0;7;0;0;2;1;1;B01
201500033575;0;10;0;0;2;1;13;A01
201500033576;0;7;0;0;1;0;16;A01
201500033577;0;7;0;0;2;7;1;A01
201500033577;0;7;0;0;2;1;1;B01
201500033578;0;7;0;0;2;1;13;A01
201500033578;0;7;0;0;2;1;1;B01
201500033579;0;33;0;0;9;0;1;A01
201500033580;0;7;0;0;2;3;10;A01
201500033580;0;34;0;0;2;1;1;B01
201500033581;0;7;0;0;1;1;15;A01
201500033582;0;7;0;0;0;0;16;A01
201500033582;0;30;0;0;0;0;1;B01
201500033583;0;2;0;0;2;1;1;B01
201500033583;0;7;0;0;2;3;15;A01
201500033584;0;7;0;0;2;1;1;A01
201500033584;0;7;0;9;2;3;1;B01
201500033585;0;7;0;0;2;8;22;A01
201500033585;0;1;0;0;2;1;1;B01
201500033586;0;7;0;0;2;8;15;A01
201500033586;0;7;0;0;2;1;1;B01
201500033587;2;7;0;0;2;1;13;A01
201500033587;0;7;0;0;2;1;1;C01
201500033587;0;7;0;0;2;3;23;B01
201500033588;0;1;0;0;2;1;5;B01
201500033588;0;7;0;0;2;7;1;A01
201500033589;0;10;0;0;2;1;1;B01
201500033589;0;7;0;0;2;3;13;A01
201500033590;0;7;0;0;2;1;1;A01
201500033590;0;7;0;0;2;8;1;B01
201500033591;0;7;0;0;2;1;9;A01
201500033591;0;33;0;0;2;8;1;B01
201500033592;0;2;0;0;2;1;0;B01
201500033592;0;7;0;0;2;8;0;A01
201500033593;0;2;0;12;0;1;14;A01
201500033594;0;2;0;12;0;1;15;A01
201500033595;0;7;0;0;2;1;1;A01
201500033595;0;30;0;0;2;7;0;B01
201500033596;0;7;0;0;2;1;1;B01
201500033596;0;7;0;0;2;1;1;A01
201500033597;0;7;0;1;2;1;0;A01
201500033597;0;7;0;0;2;3;1;B01
201500033598;1;7;0;0;2;0;1;Z01
201500033598;0;2;0;0;2;8;1;A01
201500033599;0;7;0;0;0;1;9;A01
201500033600;0;33;0;0;2;7;1;A01
201500033600;0;7;0;0;2;8;0;B01
201500033601;0;7;0;0;2;2;2;A01
201500033601;0;1;0;0;2;4;2;B01
201500033602;0;7;0;0;1;2;15;A01
201500033603;0;2;0;0;2;7;17;A01
201500033603;0;7;0;0;2;3;11;B01
201500033604;0;7;0;0;2;0;15;A01
201500033604;0;1;0;0;2;5;19;B01
201500033605;1;7;0;0;1;0;0;Z01
201500033606;0;37;0;0;1;2;1;A01
201500033607;0;10;0;0;2;1;10;A01
201500033607;0;33;0;0;0;0;0;B01
201500033608;0;7;0;0;2;3;1;B01
201500033608;0;7;0;0;2;1;13;A01
201500033609;0;33;0;0;2;1;1;B01
201500033609;0;7;0;0;2;2;16;A01
201500033610;0;7;0;6;0;1;0;A01
201500033611;0;7;0;0;1;2;1;A01
201500033612;0;7;0;0;1;1;0;A01
201500033613;2;7;0;15;1;1;0;Z01
201500033614;0;7;0;0;1;1;1;A01
201500033615;0;2;0;0;0;0;0;B01
201500033615;0;3;0;0;2;2;15;A01
201500033616;0;2;0;0;2;0;1;B01
201500033616;0;7;0;0;2;1;15;A01
201500033617;0;99;0;0;2;1;15;A01
201500033617;0;7;0;0;2;1;1;B01
201500033618;0;7;0;0;1;1;1;A01
201500033619;0;7;0;0;1;2;16;A01
201500033620;0;14;0;0;9;8;1;B01
201500033620;0;7;0;3;0;0;0;A01
201500033621;0;33;0;0;2;0;2;A01
201500033621;0;7;0;0;2;5;12;B01
201500033622;0;7;0;0;2;7;15;A01
201500033622;0;2;0;0;2;1;1;B01
201500033623;0;10;0;2;0;1;5;A01
201500033624;1;7;0;0;2;0;15;Z01
201500033624;0;30;0;0;2;8;1;B01
201500033625;1;7;0;0;2;1;15;Z01
201500033625;0;7;0;0;2;3;1;A01
201500033626;0;10;0;0;2;1;0;A01
201500033626;0;7;0;0;2;4;2;C01
201500033626;0;7;0;0;2;4;2;D01
201500033626;0;7;0;0;2;4;2;B01
201500033627;0;2;0;0;1;7;1;A01
201500033628;0;10;0;0;2;0;11;A01
201500033628;0;7;0;0;2;0;0;B01
201500033629;0;3;0;0;2;1;1;A01
201500033629;0;7;0;0;2;5;1;B01
201500033630;0;7;0;0;2;1;1;A01
201500033630;0;7;0;0;2;4;1;B01
201500033631;0;2;0;0;6;9;21;A01
201500033632;0;7;0;0;2;3;1;B01
201500033632;0;7;0;0;2;2;10;A01
201500033633;0;34;0;0;2;1;1;A01
201500033633;0;7;0;0;2;4;2;B01
201500033634;0;7;0;0;2;8;0;A01
201500033634;0;7;0;0;2;2;1;B01
201500033635;0;7;0;0;2;1;2;A01
201500033635;0;7;0;0;2;4;23;B01
201500033636;0;31;0;0;2;1;1;B01
201500033636;0;7;0;0;2;8;15;A01
201500033637;1;7;0;0;0;0;0;A01
201500033637;0;1;0;0;2;8;1;B01
201500033638;0;7;0;0;2;3;1;B01
201500033638;0;7;0;0;2;1;1;A01
201500033639;0;30;0;0;2;1;1;B01
201500033639;0;7;0;0;2;1;1;A01
201500033640;0;7;0;0;0;0;0;A01
201500033641;0;31;0;0;2;1;1;B01
201500033641;0;7;0;0;2;3;16;A01
201500033642;0;30;0;11;0;2;16;A01
201500033643;0;1;0;0;2;8;15;A01
201500033643;0;7;0;0;2;3;17;B01
201500033644;0;33;0;0;2;0;0;B01
201500033644;0;10;0;0;2;3;13;A01
201500033645;0;33;0;0;0;0;0;A01
201500033646;0;7;0;4;0;3;13;A01
201500033647;0;7;0;0;2;4;12;A01
201500033647;0;33;0;0;2;1;0;B01
201500033648;0;10;0;0;2;7;15;B01
201500033648;0;2;0;0;2;1;18;A01
201500033649;0;7;0;0;2;4;2;D01
201500033649;0;15;0;0;2;1;2;A01
201500033649;0;7;0;0;2;4;2;C01
201500033649;0;7;0;0;2;4;2;B01
201500033650;0;33;0;0;2;1;1;B01
201500033650;0;7;0;0;2;3;0;A01
201500033651;0;7;0;0;2;4;2;B01
201500033651;0;7;0;0;2;1;2;A01
201500033652;0;7;0;0;2;2;15;A01
201500033652;0;7;0;0;2;1;1;B01
201500033653;0;1;0;0;2;7;1;B01
201500033653;0;7;0;0;2;3;9;A01
201500033654;0;7;0;0;1;1;1;A01
201500033655;0;34;0;0;2;8;1;A01
201500033655;0;7;0;0;0;2;2;B01
201500033656;0;7;0;0;1;3;15;A01
201500033657;0;7;0;0;1;1;1;A01
201500033658;0;7;0;0;2;4;23;B01
201500033658;0;2;0;0;2;1;2;A01
201500033659;0;13;0;0;2;2;21;A01
201500033659;0;7;0;0;2;4;1;B01
201500033660;0;1;0;0;2;8;16;B01
201500033660;1;7;0;0;2;0;15;Z01
201500033661;0;7;0;0;2;4;1;B01
201500033661;0;10;0;0;2;1;2;A01
201500033662;0;33;0;9;0;1;1;A01
201500033663;0;7;0;0;1;2;0;A01
201500033664;2;7;0;1;2;2;1;B01
201500033664;0;7;0;0;2;3;0;A01
201500033665;0;2;0;0;1;1;0;A01
201500033666;0;33;0;0;1;7;1;A01
201500033667;0;7;0;0;2;1;1;A01
201500033667;0;7;0;8;2;3;1;B01
201500033668;0;7;0;0;2;3;15;A01
201500033668;0;1;0;0;0;0;0;B01
201500033669;0;7;0;0;2;2;1;B01
201500033669;0;7;0;0;2;1;15;A01
201500033670;0;13;0;0;0;0;0;B01
201500033670;0;33;0;4;2;8;1;A01
201500033671;0;33;0;15;0;1;1;A01
201500033672;0;7;0;3;0;1;6;A01
201500033673;0;1;0;0;2;4;1;A01
201500033673;1;7;0;0;2;0;0;Z01
201500033674;0;7;0;0;2;2;1;B01
201500033674;0;7;0;0;2;8;9;A01
201500033675;0;7;0;0;1;1;15;A01
201500033676;0;7;0;0;2;1;16;A01
201500033676;1;7;0;0;0;0;0;Z01
201500033677;0;7;0;7;2;1;0;C01
201500033677;0;7;0;0;2;1;0;B01
201500033677;0;7;0;0;2;1;0;A01
201500033678;0;7;0;0;2;6;13;A01
201500033678;0;33;0;0;2;1;16;B01
201500033679;0;7;0;0;2;1;2;A01
201500033679;0;1;0;0;2;4;1;B01
201500033680;0;1;0;0;2;0;0;A01
201500033680;0;7;0;0;2;3;1;B01
201500033681;0;7;0;0;2;1;1;A01
201500033681;0;33;0;0;2;8;1;B01
201500033682;2;7;0;13;0;1;15;A01
201500033683;1;7;0;0;2;0;15;Z01
201500033683;0;33;0;0;2;1;1;A01
201500033684;0;33;0;0;2;1;1;A01
201500033684;0;7;0;0;2;5;1;B01
201500033685;0;7;0;0;2;6;1;C01
201500033685;0;33;0;0;2;1;1;B01
201500033685;0;7;0;0;2;2;11;A01
201500033686;0;7;0;0;2;2;1;A01
201500033686;0;1;0;0;2;1;1;B01
201500033687;0;7;0;1;0;1;1;A01
201500033688;0;7;0;0;2;1;2;A01
201500033688;0;7;0;0;2;4;1;B01
201500033689;0;14;0;0;2;8;1;B01
201500033689;0;33;0;0;2;1;13;A01
201500033690;0;7;0;1;0;9;0;A01
201500033691;0;7;0;7;0;0;0;A01
201500033692;0;7;0;0;1;0;0;A01
201500033693;0;14;0;0;2;6;1;B01
201500033693;0;7;0;0;2;7;1;C01
201500033693;0;7;0;0;2;1;0;A01
201500033694;0;2;0;16;0;0;1;A01
201500033695;0;33;0;0;2;1;1;B01
201500033695;0;7;0;0;2;3;0;A01
201500033696;0;10;0;15;0;1;0;A01
201500033697;0;7;0;0;2;3;9;A01
201500033697;0;2;0;0;2;7;9;B01
201500033698;0;1;0;0;2;8;19;B01
201500033698;0;10;0;0;2;1;15;A01
201500033699;0;7;0;0;1;2;1;A01
201500033700;0;7;0;1;0;1;14;A01
201500033701;0;37;0;6;0;3;1;A01
201500033702;0;7;0;0;2;3;1;B01
201500033702;0;7;0;0;2;3;13;A01
201500033703;0;30;0;0;2;1;1;B01
201500033703;0;7;0;0;2;7;1;A01
201500033704;0;10;0;0;2;1;2;A01
201500033704;0;7;0;0;2;4;2;B01
201500033705;0;1;0;0;2;1;9;B01
201500033705;0;7;0;0;0;0;0;A01
201500033706;0;7;0;0;1;2;1;A01
201500033707;0;7;0;0;2;4;1;C01
201500033707;0;7;0;0;2;2;1;B01
201500033707;0;7;0;0;2;6;18;A01
201500033708;0;2;0;0;2;1;1;A01
201500033708;0;10;0;0;2;8;15;B01
201500033709;0;10;0;9;0;1;1;A01
201500033710;0;7;0;0;1;5;4;A01
201500033711;0;7;0;0;2;3;15;A01
201500033711;0;30;0;0;2;7;17;B01
201500033712;0;7;0;0;2;4;2;B01
201500033712;0;7;0;0;2;0;2;A01
201500033713;0;7;0;0;2;1;1;A01
201500033713;0;7;0;0;2;7;1;B01
201500033714;0;36;0;1;0;0;1;A01
201500033715;0;33;0;0;2;1;10;B01
201500033715;0;10;0;0;2;8;15;A01
201500033716;0;37;0;0;1;2;1;A01
201500033717;0;32;0;4;2;5;1;A01
201500033717;1;7;0;0;2;3;13;Z01
201500033718;0;10;0;0;2;6;11;A01
201500033718;0;33;0;0;2;7;1;B01
201500033719;0;30;0;0;2;7;0;B01
201500033719;0;10;0;0;2;3;9;A01
201500033720;0;10;0;0;1;2;1;A01
201500033721;0;15;0;0;1;0;0;A01
201500033722;0;7;0;0;2;4;2;B01
201500033722;0;7;0;0;2;1;2;A01
201500033723;0;7;0;15;0;0;1;A01
201500033724;0;7;0;0;1;3;1;A01
201500033725;0;7;0;0;2;1;1;B01
201500033725;0;7;0;0;2;1;1;C01
201500033725;0;7;0;0;2;5;15;A01
201500033726;0;7;0;0;2;3;13;A01
201500033726;0;7;0;0;2;3;1;B01
201500033727;0;7;0;0;0;6;2;B01
201500033727;0;2;0;0;9;0;0;A01
201500033728;0;33;0;0;2;1;1;B01
201500033728;0;7;0;0;2;3;11;A01
201500033729;0;7;0;0;2;2;1;B01
201500033729;0;33;0;0;2;1;18;A01
201500033730;0;15;0;0;2;2;12;A01
201500033730;0;7;0;0;2;3;1;B01
201500033731;0;37;0;0;1;1;1;A01
201500033732;0;7;0;0;2;4;14;A01
201500033732;0;33;0;0;2;1;0;B01
201500033733;0;7;0;0;2;1;2;A01
201500033733;0;7;0;0;2;4;2;C01
201500033733;0;7;0;0;2;4;2;B01
201500033734;0;7;0;0;2;1;1;A01
201500033734;0;7;0;0;2;4;1;B01
201500033734;0;7;0;0;2;4;1;C01
201500033735;0;7;0;0;1;2;1;A01
201500033736;0;7;0;6;1;1;0;A01
201500033737;0;37;0;0;1;2;1;A01
201500033738;0;7;0;0;2;1;15;A01
201500033738;0;7;0;0;2;8;1;B01
201500033739;0;7;0;6;0;1;1;A01
201500033740;0;7;0;15;0;0;1;A01
201500033741;0;33;0;2;0;3;1;A01
201500033742;0;7;0;0;2;0;1;A01
201500033742;0;7;0;0;2;4;23;B01
201500033743;0;10;0;0;1;1;10;A01
201500033744;0;7;0;0;1;1;1;A01
201500033745;0;7;0;0;2;1;1;A01
201500033745;0;7;0;0;2;1;1;B01
201500033745;0;7;0;0;0;0;0;C01
201500033746;0;7;0;0;2;1;1;B01
201500033746;0;7;0;0;2;1;1;C01
201500033746;0;7;0;4;2;2;14;A01
201500033747;0;7;0;0;1;1;1;A01
201500033748;0;7;0;0;2;1;1;B01
201500033748;0;7;0;0;2;1;15;A01
201500033749;0;7;0;0;1;3;0;A01
201500033750;0;7;0;0;1;2;16;A01
201500033751;0;7;0;0;2;1;15;A01
201500033751;0;30;0;0;2;1;2;B01
201500033752;0;7;0;0;1;2;1;A01
201500033753;0;7;0;0;2;3;13;A01
201500033753;0;14;0;2;2;3;1;B01
201500033754;0;10;0;0;2;3;10;A01
201500033754;0;7;0;0;2;2;17;B01
201500033755;0;7;0;0;2;1;1;B01
201500033755;0;2;0;0;2;1;1;A01
201500033756;0;30;0;0;2;1;13;A01
201500033756;0;7;0;0;2;3;1;B01
201500033757;1;7;0;0;1;0;0;Z01
201500033758;0;7;0;0;2;4;1;C01
201500033758;0;7;0;0;2;1;1;A01
201500033758;0;7;0;0;2;1;1;B01
201500033759;0;10;0;0;1;3;15;A01
201500033760;0;14;0;0;2;1;2;A01
201500033760;0;7;0;0;2;4;2;B01
201500033761;0;33;0;0;2;7;17;A01
201500033761;0;7;0;0;2;8;17;B01
201500033762;0;7;0;0;1;8;1;A01
201500033763;0;33;0;0;2;1;1;A01
201500033763;0;7;0;0;2;6;0;B01
201500033764;0;33;0;0;2;0;1;B01
201500033764;0;7;0;0;2;7;10;A01
201500033765;1;7;0;0;1;0;0;A01
201500033766;0;7;0;0;1;3;15;A01
201500033767;0;7;0;0;1;1;15;A01
201500033768;0;7;0;0;1;3;1;A01
201500033769;0;33;0;0;2;1;1;A01
201500033769;0;7;0;0;2;2;15;B01
201500033770;0;7;0;0;2;3;15;A01
201500033770;0;1;0;0;0;0;0;B01
201500033771;0;2;0;0;2;1;1;B01
201500033771;0;7;0;0;2;8;1;A01
201500033772;1;7;0;0;0;0;9;A01
201500033772;0;37;0;0;0;0;1;B01
201500033773;0;2;0;0;2;0;1;B01
201500033773;0;7;0;0;2;3;9;A01
201500033774;0;7;0;0;1;1;1;A01
201500033775;0;7;0;0;2;2;15;A01
201500033775;0;32;0;0;2;1;0;B01
201500033776;0;7;0;0;1;2;15;A01
201500033777;0;7;0;0;2;4;2;B01
201500033777;0;7;0;0;2;1;2;A01
201500033778;0;7;0;0;2;1;15;A01
201500033778;0;33;0;0;2;1;1;B01
201500033779;1;10;0;0;1;0;0;Z01
201500033780;0;7;0;0;1;0;0;A01
201500033781;0;33;0;0;2;7;0;A01
201500033781;0;7;0;0;2;3;0;B01
201500033782;0;33;0;0;2;1;7;A01
201500033782;0;7;0;0;2;6;15;B01
201500033783;0;7;0;0;2;2;12;A01
201500033783;0;33;0;0;2;8;1;B01
201500033784;0;7;0;0;2;2;0;A01
201500033784;0;7;0;0;2;3;15;B01
201500033785;0;15;0;0;2;4;2;B01
201500033785;0;14;0;0;2;1;2;A01
201500033786;0;7;0;0;1;2;1;A01
201500033787;0;30;0;0;2;1;1;A01
201500033788;0;10;0;1;0;1;1;A01
201500033788;0;7;0;0;2;5;24;B01
201500033789;0;7;0;0;2;3;15;A01
201500033789;0;33;0;0;2;1;1;B01
201500033790;0;7;0;0;1;1;1;A01
201500033791;0;33;0;4;0;3;0;A01
201500033792;1;7;0;0;0;0;13;Z01
201500033792;0;7;0;0;2;7;1;B01
201500033792;0;33;0;0;2;0;21;A01
201500033793;0;7;0;9;0;0;0;A01
201500033794;0;3;0;0;2;1;1;A01
201500033794;0;7;0;0;2;4;1;B01
201500033795;0;7;0;0;1;1;1;A01
201500033796;0;1;0;0;2;4;2;B01
201500033796;0;7;0;0;2;2;2;A01
201500033797;2;7;0;3;0;1;0;Z01
201500033797;0;7;0;3;0;9;21;B01
201500033798;0;7;0;0;2;4;4;A01
201500033798;0;10;0;0;2;1;1;B01
201500033799;0;7;0;0;2;1;0;A01
201500033799;0;13;0;0;2;4;9;B01
201500033800;0;7;0;0;1;1;1;A01
201500033801;0;2;0;0;2;1;1;A01
201500033801;0;7;0;0;2;1;1;B01
201500033802;0;7;0;0;1;1;1;A01
201500033803;0;7;0;0;2;4;1;B01
201500033803;0;13;0;0;2;2;1;A01
201500033804;0;7;0;0;1;1;1;A01
201500033805;0;7;0;0;2;8;24;C01
201500033805;0;7;0;1;0;2;15;A01
201500033806;0;33;0;0;2;8;1;B01
201500033806;0;7;0;0;2;3;15;A01
201500033807;0;7;0;0;2;1;0;A01
201500033807;0;7;0;0;2;1;1;B01
201500033808;0;7;0;0;1;1;1;A01
201500033809;0;1;0;0;2;1;2;B01
201500033809;0;7;0;0;2;3;9;A01
201500033810;0;30;0;0;2;1;1;A01
201500033810;0;7;0;0;2;3;1;B01
201500033811;0;1;0;0;2;1;21;A01
201500033811;0;7;0;0;2;5;16;B01
201500033812;0;7;0;0;2;5;2;C01
201500033812;0;7;0;0;2;4;2;B01
201500033812;0;7;0;0;2;1;2;A01
201500033813;0;30;0;0;2;7;1;A01
201500033813;1;7;0;0;2;1;1;Z01
201500033814;0;7;0;0;2;7;15;A01
201500033814;0;33;0;0;2;1;1;B01
201500033815;0;7;0;0;1;1;1;A01
201500033816;0;7;0;9;0;1;17;A01
201500033817;0;7;0;0;1;1;1;A01
201500033818;0;7;0;6;2;1;15;A01
201500033818;1;7;0;0;0;0;0;Z01
201500033819;0;10;0;0;2;3;2;A01
201500033819;0;7;0;0;2;4;2;B01
201500033820;0;7;0;0;2;4;1;B01
201500033820;0;30;0;0;2;3;1;A01
201500033821;0;7;0;0;1;1;0;A01
201500033822;0;7;0;0;2;6;2;B01
201500033822;0;7;0;0;2;1;12;A01
201500033823;0;2;0;0;2;1;2;A01
201500033823;0;7;0;0;2;6;15;B01
201500033824;0;7;0;0;2;1;1;B01
201500033824;0;7;0;0;2;7;15;A01
201500033825;0;7;0;0;1;3;0;A01
201500033826;0;13;0;0;2;1;1;A01
201500033826;0;1;0;0;2;0;0;B01
201500033827;1;7;0;0;2;0;0;Z01
201500033827;0;2;0;0;2;2;0;A01
201500033828;0;7;0;0;2;6;11;A01
201500033828;0;7;0;0;2;3;9;C01
201500033828;0;7;0;0;2;2;1;B01
201500033829;0;10;0;0;1;1;15;A01
201500033830;0;7;0;0;1;1;15;A01
201500033831;0;7;0;12;2;2;1;C01
201500033831;0;7;0;12;2;1;1;B01
201500033831;0;7;0;0;2;3;13;A01
201500033832;0;7;0;0;2;4;15;B01
201500033832;0;33;0;0;2;1;1;A01
201500033833;0;7;0;0;2;2;13;A01
201500033833;0;7;0;0;2;3;1;B01
201500033834;0;7;0;0;1;4;4;A01
201500033835;0;7;0;0;2;1;15;A01
201500033835;0;7;0;0;2;1;1;B01
201500033836;0;7;0;0;2;3;20;A01
201500033836;0;31;0;0;2;7;20;B01
201500033837;0;7;0;0;2;1;1;A01
201500033837;0;7;0;0;2;4;1;B01
201500033838;0;2;0;1;0;7;21;A01
201500033839;0;7;0;0;2;2;16;A01
201500033839;0;1;0;0;2;0;1;B01
201500033840;0;7;0;0;0;5;15;A01
201500033840;0;33;0;0;0;1;2;B01
201500033841;0;37;1;0;1;7;7;A01
201500033842;0;30;0;0;0;1;1;A01
201500033842;1;10;0;0;2;4;4;B01
201500033843;0;34;0;0;1;0;0;A01
201500033844;0;7;0;0;2;5;15;A01
201500033844;0;33;0;0;2;1;1;B01
201500033845;0;37;1;0;2;3;15;A01
201500033845;0;33;0;0;2;2;17;B01
201500033846;0;7;0;0;1;0;0;A01
201500033847;0;7;0;0;1;3;1;A01
201500033848;0;33;0;0;1;0;1;A01
201500033849;0;33;0;0;2;2;17;A01
201500033849;0;7;0;0;2;3;15;B01
201500033850;0;7;0;0;0;8;15;A01
201500033850;0;1;0;0;0;7;13;B01
201500033851;0;33;0;0;2;7;17;A01
201500033851;0;7;0;0;2;3;2;B01
201500033852;0;2;0;1;0;9;1;A01
201500033853;0;7;0;0;2;1;2;A01
201500033853;0;7;0;0;2;4;0;B01
201500033854;0;1;0;0;1;0;0;A01
201500033855;0;7;0;0;2;1;10;A01
201500033855;0;33;0;0;2;8;1;B01
201500033856;0;7;0;0;1;1;1;A01
201500033857;0;1;0;0;0;0;0;B01
201500033857;0;7;0;0;9;8;16;A01
201500033858;0;7;0;8;0;3;0;A01
201500033859;0;7;0;0;2;0;13;A01
201500033859;0;7;0;0;2;0;1;B01
201500033860;0;7;0;0;1;1;1;A01
201500033861;0;7;0;0;1;1;1;A01
201500033862;0;7;0;0;1;3;1;A01
201500033863;0;7;0;0;0;4;2;A01
201500033863;0;7;0;0;2;1;2;B01
201500033864;0;3;0;0;1;1;1;A01
201500033864;1;7;0;0;0;1;1;Z01
201500033865;0;7;0;0;2;2;15;A01
201500033865;0;99;0;0;2;1;16;B01
201500033865;0;7;0;0;2;8;1;C01
201500033866;0;7;0;0;1;2;16;A01
201500033867;0;7;0;0;0;7;2;B01
201500033867;0;10;0;0;0;1;16;A01
201500033868;0;7;0;0;2;6;1;B01
201500033868;0;7;0;0;2;1;1;A01
201500033869;1;7;0;0;9;1;1;A01
201500033869;0;1;0;0;0;0;0;B01
201500033870;0;7;0;0;2;8;10;A01
201500033870;0;33;0;0;2;1;1;B01
201500033871;0;7;0;6;1;0;23;A01
201500033872;0;7;0;0;2;1;2;A01
201500033872;0;7;0;0;0;0;0;B01
201500033873;0;7;0;0;2;1;1;B01
201500033873;0;7;0;0;2;1;9;A01
201500033874;0;7;0;0;1;0;0;A01
201500033875;0;7;0;0;2;2;2;A01
201500033875;0;7;0;0;2;0;2;B01
201500033875;0;7;0;0;2;0;2;C01
201500033875;0;7;0;0;2;4;2;D01
201500033876;0;7;0;0;0;1;2;A01
201500033876;0;7;0;0;0;1;2;B01
201500033876;0;7;0;0;0;4;2;C01
201500033877;0;7;0;0;1;1;1;A01
201500033878;0;7;0;0;1;1;1;A01
201500033879;0;7;0;13;0;0;0;A01
201500033880;0;7;0;0;2;2;19;A01
201500033880;0;10;0;0;2;1;2;B01
201500033881;0;7;0;0;2;2;1;B01
201500033881;0;7;0;0;2;1;19;A01
201500033882;0;33;0;0;2;1;0;B01
201500033882;0;3;0;0;2;8;0;A01
201500033883;0;7;0;0;1;8;0;A01
201500033884;0;33;0;0;0;8;0;A01
201500033885;0;2;0;0;2;8;5;A01
201500033885;1;13;0;0;2;0;15;Z01
201500033886;0;2;0;8;0;1;13;A01
201500033887;0;7;0;0;2;7;2;A01
201500033887;0;30;0;0;2;8;0;B01
201500033888;0;7;0;0;2;1;2;A01
201500033888;0;7;0;0;2;4;0;B01
201500033889;0;33;0;0;2;1;1;B01
201500033889;0;10;0;0;2;7;15;A01
201500033890;0;7;0;0;2;1;1;B01
201500033890;0;7;0;0;2;7;1;A01
201500033891;2;7;0;0;2;0;0;A01
201500033891;0;7;0;0;2;2;0;B01
201500033892;0;7;0;0;2;3;19;A01
201500033892;0;7;0;0;2;2;1;B01
201500033893;0;7;0;0;2;1;5;A01
201500033893;0;15;0;0;2;3;1;B01
201500033894;0;7;0;0;1;1;2;A01
201500033895;0;7;0;0;1;6;0;A01
201500033896;1;7;0;0;1;0;0;A01
201500033897;0;7;0;0;2;1;16;A01
201500033897;0;7;0;0;2;3;0;B01
201500033898;0;7;0;0;2;1;2;A01
201500033898;0;7;0;0;2;5;16;B01
201500033899;0;7;0;0;1;3;0;A01
201500033900;0;7;0;0;1;2;2;A01
201500033901;0;7;0;2;0;3;1;A01
201500033902;0;7;0;0;1;8;0;A01
201500033903;0;7;0;0;2;1;13;A01
201500033903;0;7;0;0;2;3;1;B01
201500033904;0;34;0;15;1;1;1;A01
201500033905;0;15;0;0;2;2;2;A01
201500033905;0;1;0;0;2;4;2;B01
201500033906;0;32;0;0;0;8;1;A01
201500033907;0;10;0;2;0;1;1;A01
201500033908;0;33;0;0;2;7;12;A01
201500033908;0;7;0;0;2;8;1;B01
201500033909;0;2;0;0;2;3;10;A01
201500033909;0;33;0;0;2;2;1;B01
201500033910;0;7;0;0;1;2;1;A01
201500033911;0;7;0;0;2;2;19;A01
201500033911;0;33;0;0;2;1;1;B01
201500033911;0;7;0;0;9;1;23;C01
201500033912;0;7;0;0;2;5;13;A01
201500033912;0;10;0;0;2;1;1;B01
201500033913;0;7;0;0;2;3;1;A01
201500033913;0;7;0;0;2;3;1;B01
201500033914;0;7;0;0;2;8;1;B01
201500033914;0;7;0;0;2;8;19;A01
201500033914;0;7;0;0;9;8;23;C01
201500033915;0;33;0;0;0;1;16;A01
201500033916;0;33;0;0;0;8;1;A01
201500033917;0;7;0;0;6;7;21;A01
201500033918;0;10;0;0;0;0;0;B01
201500033918;0;10;0;0;2;8;19;A01
201500033919;0;7;0;0;1;2;1;A01
201500033920;0;10;0;0;1;1;1;A01
201500033921;0;7;0;2;0;9;13;A01
201500033922;0;7;0;0;2;3;9;A01
201500033922;0;2;0;0;2;7;1;B01
201500033923;0;33;0;0;0;8;21;A01
201500033924;0;10;0;2;0;2;2;A01
201500033925;0;7;0;2;0;1;14;A01
201500033926;1;10;0;0;2;2;2;A01
201500033926;0;3;0;0;2;4;2;B01
201500033927;0;7;0;2;0;2;21;A01
201500033928;0;7;0;0;2;7;15;A01
201500033928;0;10;0;0;2;1;1;B01
201500033929;0;7;0;0;1;1;2;A01
201500033930;0;7;0;0;0;6;2;A01
201500033930;0;33;0;0;2;1;2;B01
201500033931;0;7;0;14;1;2;0;A01
201500033932;0;13;0;0;0;2;15;A01
201500033932;0;31;0;0;0;0;2;C01
201500033932;0;7;0;0;0;3;1;B01
201500033933;0;7;0;0;1;3;1;A01
201500033934;0;7;0;0;1;3;15;A01
201500033935;0;10;0;0;2;1;13;A01
201500033935;0;7;0;0;2;3;14;B01
201500033936;0;7;0;0;1;2;2;A01
201500033937;0;15;0;0;1;1;1;A01
201500033938;0;7;0;0;2;3;23;C01
201500033938;0;33;0;0;2;6;23;B01
201500033938;0;7;0;0;2;1;13;A01
201500033939;0;7;0;0;1;3;15;A01
201500033940;0;7;0;0;2;4;4;A01
201500033940;0;34;0;0;2;4;2;B01
201500033941;0;2;0;14;0;0;0;A01
201500033942;0;7;0;0;2;2;2;A01
201500033942;0;7;0;0;0;0;0;B01
201500033942;0;7;0;0;2;4;2;C01
201500033942;0;7;0;0;2;2;17;D01
201500033943;0;10;0;0;2;3;15;A01
201500033943;0;33;0;0;2;1;1;B01
201500033944;0;7;0;12;0;1;14;A01
201500033945;0;7;0;0;9;2;2;A01
201500033945;0;1;0;0;2;3;15;B01
201500033946;0;14;0;0;2;8;0;B01
201500033946;0;33;0;0;2;3;13;A01