num_acc;senc;catv;occutc;obs;obsm;choc;manv;num_veh
201500033947;0;7;0;0;2;3;5;A01
201500033947;0;2;0;0;2;1;5;B01
201500033948;0;7;0;0;1;3;1;A01
201500033949;0;7;0;0;2;6;15;A01
201500033949;0;33;0;0;2;1;1;B01
201500033950;0;10;0;0;2;1;2;A01
201500033950;0;7;0;3;2;4;2;B01
201500033951;0;7;0;0;2;1;2;A01
201500033951;0;7;0;0;2;4;2;B01
201500033952;0;7;0;0;2;3;0;A01
201500033952;0;31;0;0;0;0;0;B01
201500033953;0;3;0;12;0;4;2;A01
201500033953;1;7;0;0;0;0;0;Z01
201500033954;0;7;0;0;2;1;2;A01
201500033954;0;30;0;0;2;3;19;B01
201500033955;0;30;0;0;2;1;2;A01
201500033955;0;7;0;0;2;5;2;B01
201500033956;0;7;0;0;0;9;1;A01
201500033957;0;7;0;0;1;7;1;A01
201500033958;0;7;0;0;2;1;1;A01
201500033958;0;7;0;0;2;1;15;B01
201500033959;0;7;0;0;0;0;0;A01
201500033959;0;7;0;0;0;0;0;B01
201500033960;1;99;0;8;1;4;0;Z01
201500033961;0;7;0;0;2;1;2;A01
201500033961;0;7;0;0;2;4;23;B01
201500033961;0;7;0;0;2;4;23;C01
201500033962;0;7;0;14;0;1;2;A01
201500033962;0;7;0;0;0;4;2;B01
201500033963;0;37;1;0;1;2;1;A01
201500033964;0;33;0;0;2;7;17;A01
201500033964;0;15;0;0;2;8;0;B01
201500033965;0;7;0;0;2;2;1;A01
201500033965;0;33;0;0;0;3;0;B01
201500033966;0;10;0;0;2;1;13;A01
201500033966;0;7;0;0;2;1;1;B01
201500033967;0;15;0;0;9;6;1;A01
201500033967;0;33;0;0;9;7;17;B01
201500033968;0;7;0;0;1;0;0;A01
201500033969;0;7;0;0;1;1;1;A01
201500033970;0;33;0;0;2;8;17;A01
201500033970;0;17;0;0;0;0;0;B01
201500033971;0;7;0;0;2;7;19;A01
201500033971;0;13;0;0;2;1;1;B01
201500033972;0;7;0;0;1;0;1;A01
201500033973;0;7;0;0;0;1;1;B01
201500033973;0;7;0;0;0;2;1;C01
201500033973;0;7;0;0;0;1;5;A01
201500033974;0;7;0;0;2;1;15;A01
201500033974;0;7;0;0;2;1;1;B01
201500033975;0;7;0;0;2;1;5;A01
201500033975;0;33;0;0;2;7;13;B01
201500033976;0;7;0;0;1;2;15;A01
201500033977;0;7;0;0;1;2;1;B01
201500033978;0;7;0;15;0;1;1;A01
201500033979;0;7;0;0;2;6;2;A01
201500033979;0;33;0;0;2;1;2;B01
201500033980;0;7;0;0;2;3;5;A01
201500033980;0;7;0;0;2;3;1;B01
201500033980;0;7;0;0;2;1;1;C01
201500033981;0;32;0;0;2;2;17;A01
201500033981;0;7;0;0;2;3;13;B01
201500033981;0;14;0;0;0;0;0;C01
201500033982;0;7;0;0;1;2;19;A01
201500033983;0;31;0;0;0;0;0;A01
201500033984;0;7;0;0;2;1;21;A01
201500033984;0;31;0;0;2;1;13;B01
201500033985;0;7;0;0;0;3;16;A01
201500033985;0;7;0;0;0;1;21;B01
201500033986;0;33;0;0;2;1;1;B01
201500033986;0;14;0;0;2;7;1;A01
201500033987;0;7;0;0;1;3;2;A01
201500033988;0;7;0;0;1;0;0;A01
201500033989;0;7;0;0;1;1;1;A01
201500033990;0;7;0;16;2;8;19;A01
201500033990;0;7;0;0;2;1;1;B01
201500033991;0;7;0;0;0;0;0;A01
201500033991;0;34;0;0;0;0;0;B01
201500033992;0;7;0;0;1;3;1;A01
201500033993;0;7;0;0;2;1;13;A01
201500033993;0;7;0;0;2;1;0;B01
201500033994;0;7;0;0;0;8;11;A01
201500033994;0;1;0;0;2;3;21;B01
201500033995;0;7;0;0;1;3;1;A01
201500033996;0;7;0;0;1;7;0;A01
201500033997;0;7;0;0;1;3;19;A01
201500033998;0;7;0;2;0;1;0;A01
201500033999;0;7;0;0;0;3;0;A01
201500033999;0;7;0;0;0;3;0;B01
201500034000;0;7;0;0;2;1;6;A01
201500034000;0;7;0;0;2;1;1;B01
201500034001;0;7;0;0;2;7;9;A01
201500034001;0;7;0;0;2;1;1;B01
201500034002;0;7;0;12;0;1;6;A01
201500034003;0;7;0;0;2;1;2;A01
201500034003;0;7;0;0;2;8;2;B01
201500034004;0;7;0;2;0;3;6;A01
201500034005;0;7;0;0;2;1;2;A01
201500034005;0;7;0;0;0;0;0;B01
201500034006;0;7;0;0;0;9;16;A01
201500034007;2;7;0;15;2;3;16;Z01
201500034007;0;7;0;9;2;2;2;B01
201500034008;0;14;0;0;2;2;0;A01
201500034008;0;1;0;0;2;1;0;B01
201500034009;0;7;0;0;0;9;0;A01
201500034010;0;7;0;0;1;1;1;A01
201500034011;0;7;0;8;0;8;1;A01
201500034012;0;7;0;1;1;1;1;A01
201500034013;0;33;0;12;0;1;1;A01
201500034014;1;34;0;0;1;1;1;A01
201500034015;0;99;0;0;1;2;1;A01
201500034016;0;7;0;0;2;2;15;A01
201500034016;0;33;0;0;2;1;1;B01
201500034017;0;14;0;0;2;8;11;A01
201500034017;0;33;0;12;2;5;1;B01
201500034018;0;7;0;0;2;2;10;A01
201500034018;0;33;0;0;2;1;1;B01
201500034019;0;37;14;15;2;1;14;A01
201500034019;0;7;0;12;2;5;1;B01
201500034020;2;7;0;0;2;3;13;A01
201500034020;0;7;0;0;2;3;1;B01
201500034021;0;7;0;16;0;9;13;A01
201500034022;0;7;0;0;1;1;1;A01
201500034023;0;7;0;0;2;1;1;A01
201500034023;0;7;0;0;2;1;1;B01
201500034024;0;7;0;0;0;0;0;A01
201500034024;0;1;0;0;2;1;19;B01
201500034025;0;7;0;0;2;1;15;A01
201500034025;0;33;0;0;2;1;1;B01
201500034026;0;7;0;0;1;1;23;B01
201500034027;0;17;0;0;0;0;24;A01
201500034027;0;7;0;1;0;1;14;B01
201500034028;0;7;0;8;0;1;2;A01
201500034029;0;7;0;0;2;3;13;A01
201500034029;0;10;0;0;2;3;0;B01
201500034030;0;7;0;0;0;3;13;A01
201500034031;0;7;0;0;9;3;19;A01
201500034031;0;1;0;0;2;1;19;B01
201500034032;0;7;0;0;1;4;4;A01
201500034033;0;7;0;0;1;1;0;A01
201500034034;0;33;0;14;1;1;17;A01
201500034035;2;7;0;0;1;1;1;A01
201500034036;0;7;0;0;0;0;0;A01
201500034037;0;1;0;0;1;1;0;A01
201500034038;0;7;0;0;2;8;13;A01
201500034038;0;7;0;15;0;8;1;B01
201500034039;0;7;0;0;2;1;15;A01
201500034039;0;7;0;0;2;1;1;B01
201500034040;0;15;0;0;0;0;1;B01
201500034040;0;7;0;0;2;7;0;A01
201500034041;0;7;0;0;9;2;15;A01
201500034041;0;33;0;0;2;1;2;B01
201500034042;0;7;0;0;2;0;17;A01
201500034042;0;30;0;0;2;6;2;B01
201500034043;0;7;0;0;2;1;15;A01
201500034043;0;7;0;0;2;3;1;B01
201500034044;0;7;0;0;2;3;1;A01
201500034044;0;31;0;0;2;1;15;B01
201500034045;0;7;0;2;0;9;17;A01
201500034046;0;7;0;0;1;1;1;A01
201500034047;0;30;0;0;2;1;0;A01
201500034047;0;7;0;0;2;3;9;B01
201500034048;0;33;0;0;0;0;0;A01
201500034049;0;7;0;0;2;1;17;A01
201500034049;0;7;0;0;2;1;1;B01
201500034050;0;7;0;0;9;2;15;A01
201500034050;0;2;0;0;2;1;1;B01
201500034051;0;7;0;1;0;2;14;A01
201500034052;0;7;0;0;2;5;1;A01
201500034052;0;1;0;0;2;1;15;B01
201500034053;0;7;0;15;0;1;14;A01
201500034054;0;36;0;0;1;1;2;A01
201500034055;0;31;0;0;0;0;15;A01
201500034056;0;10;0;0;1;0;1;A01
201500034057;0;1;0;0;2;1;1;A01
201500034057;0;3;0;0;2;3;1;B01
201500034057;0;1;0;0;2;1;1;C01
201500034058;0;7;0;0;1;2;1;A01
201500034059;1;3;0;8;0;8;14;A01
201500034060;0;7;0;2;0;1;15;A01
201500034061;0;7;0;0;2;1;0;A01
201500034061;0;7;0;0;0;0;0;B01
201500034062;0;10;0;0;2;3;10;A01
201500034062;0;10;0;8;2;8;1;B01
201500034063;0;7;0;0;2;2;15;A01
201500034063;0;1;0;0;2;1;1;B01
201500034064;0;7;0;8;1;1;21;A01
201500034065;0;7;0;0;2;2;2;A01
201500034065;0;1;0;0;2;8;2;B01
201500034066;0;7;0;0;0;9;1;A01
201500034067;0;7;0;0;2;8;9;A01
201500034067;0;1;0;0;2;1;1;B01
201500034068;0;33;0;0;2;1;2;A01
201500034068;0;10;0;0;2;4;15;B01
201500034069;0;7;0;0;2;4;2;B01
201500034069;0;7;0;0;2;1;2;A01
201500034070;0;10;0;0;2;7;15;A01
201500034070;0;31;0;0;2;1;1;B01
201500034071;0;7;0;0;2;1;13;A01
201500034071;0;7;0;0;2;3;1;B01
201500034072;0;7;0;0;1;1;1;A01
201500034073;0;7;0;0;1;1;1;A01
201500034074;0;7;0;0;2;1;2;A01
201500034074;0;7;0;0;2;4;2;B01
201500034075;0;7;0;0;1;1;1;A01
201500034076;0;7;0;0;2;2;9;A01
201500034076;0;7;0;15;2;3;1;B01
201500034077;0;10;0;0;2;3;15;A01
201500034077;0;33;0;0;2;1;1;B01
201500034078;0;7;0;0;2;2;21;A01
201500034078;0;1;0;0;2;4;1;B01
201500034079;0;37;1;0;1;2;1;A01
201500034080;0;14;0;0;1;7;1;A01
201500034081;2;7;0;0;2;8;15;A01
201500034081;0;33;0;0;2;1;17;B01
201500034082;0;37;3;0;2;1;2;A01
201500034082;0;7;0;0;2;4;2;B01
201500034083;0;1;0;8;0;1;1;A01
201500034084;0;37;1;0;1;2;15;A01
201500034085;0;37;1;0;1;2;1;A01
201500034086;0;37;1;0;1;8;1;A01
201500034087;0;7;0;15;0;1;1;A01
201500034088;0;30;0;0;2;1;1;B01
201500034088;0;10;0;0;2;1;15;A01
201500034089;0;7;0;0;2;0;17;A01
201500034089;0;7;0;0;2;0;15;B01
201500034090;1;10;0;0;1;0;0;A01
201500034091;2;7;0;1;2;1;2;A01
201500034091;0;7;0;0;2;4;2;B01
201500034092;0;7;0;0;1;2;15;A01
201500034093;0;7;0;0;2;3;1;C01
201500034093;0;7;0;0;2;2;1;A01
201500034093;0;33;0;0;2;6;16;B01
201500034094;0;7;0;0;2;1;15;A01
201500034094;0;7;0;0;2;3;1;B01
201500034095;0;17;0;0;0;7;14;A01
201500034096;0;7;0;0;2;2;2;A01
201500034096;0;7;0;0;2;6;2;B01
201500034097;0;7;0;0;2;1;2;A01
201500034097;0;7;0;0;2;4;2;B01
201500034097;0;7;0;0;2;4;2;C01
201500034097;0;7;0;0;0;8;2;D01
201500034097;1;7;0;0;2;2;1;E01
201500034098;0;7;0;0;1;3;1;A01
201500034099;0;7;0;0;1;7;1;A01
201500034100;0;2;0;0;1;1;1;A01
201500034101;0;7;0;0;2;3;1;A01
201500034101;0;1;0;0;2;1;19;B01
201500034102;0;7;0;0;1;2;15;A01
201500034103;0;7;0;0;1;3;1;A01
201500034104;0;7;0;0;0;1;2;A01
201500034104;0;7;0;0;2;1;2;B01
201500034104;0;7;0;0;2;6;2;C01
201500034105;0;37;1;0;1;2;16;A01
201500034106;0;7;0;6;0;1;1;A01
201500034107;0;17;0;0;1;7;9;A01
201500034108;0;14;0;9;1;5;2;A01
201500034109;0;7;0;0;0;1;2;A01
201500034109;0;30;0;0;0;4;23;B01
201500034110;0;37;1;0;1;7;16;A01
201500034111;0;7;0;16;0;9;21;A01
201500034112;0;7;0;0;1;3;1;A01
201500034113;0;1;0;12;2;0;16;B01
201500034113;0;15;0;0;2;2;16;A01
201500034114;0;7;0;0;0;0;0;A01
201500034114;0;7;0;0;0;1;2;B01
201500034115;0;2;0;15;2;0;0;A01
201500034115;0;7;0;0;2;3;17;B01
201500034116;0;7;0;0;2;3;0;A01
201500034116;0;7;0;0;2;6;2;B01
201500034117;0;33;0;0;2;1;0;A01
201500034117;0;7;0;0;2;8;15;B01
201500034118;0;10;0;0;2;3;13;A01
201500034118;0;7;0;0;2;3;1;B01
201500034119;0;34;0;0;1;1;0;A01
201500034120;0;7;0;0;2;2;16;A01
201500034120;0;1;0;0;2;8;19;B01
201500034121;0;7;0;0;1;4;4;A01
201500034122;1;7;0;0;0;0;0;A01
201500034122;1;7;0;0;0;0;0;B01
201500034122;0;33;0;0;0;0;21;C01
201500034123;0;7;0;0;1;2;2;A01
201500034123;0;3;0;0;0;0;1;B01
201500034124;0;7;0;1;2;3;1;A01
201500034124;0;7;0;0;2;7;1;B01
201500034125;0;7;0;0;0;1;0;A01
201500034125;0;33;0;0;0;4;2;B01
201500034126;0;7;0;2;0;1;14;A01
201500034127;0;7;0;0;2;3;1;A01
201500034127;0;15;0;0;2;3;1;B01
201500034128;0;7;0;0;2;2;19;A01
201500034128;0;30;0;0;2;1;19;B01
201500034129;0;7;0;0;1;0;0;A01
201500034130;0;7;0;0;2;7;1;A01
201500034130;0;33;0;0;2;7;1;B01
201500034131;0;7;0;1;0;2;14;A01
201500034132;0;7;0;0;2;8;9;A01
201500034132;0;33;0;0;2;1;2;B01
201500034133;0;7;0;0;1;1;1;A01
201500034134;0;7;0;6;0;1;19;A01
201500034135;0;2;0;0;0;0;1;A01
201500034136;0;14;0;0;2;6;1;A01
201500034136;0;7;0;0;2;1;2;B01
201500034137;0;7;0;0;2;3;23;A01
201500034137;0;33;0;0;2;1;1;B01
201500034137;0;10;0;1;0;0;0;C01
201500034138;0;7;0;0;0;5;23;A01
201500034138;0;7;0;0;0;4;23;B01
201500034138;0;7;0;1;0;1;23;C01
201500034138;0;7;0;1;0;1;23;D01
201500034139;0;7;0;13;0;9;1;A01
201500034140;0;10;0;0;9;2;20;A01
201500034140;0;1;0;0;2;2;0;B01
201500034141;0;7;0;0;0;1;2;A01
201500034141;0;16;0;0;0;6;9;B01
201500034142;0;7;0;0;2;1;2;A01
201500034142;0;7;0;0;2;1;2;B01
201500034142;0;7;0;0;2;4;2;C01
201500034143;0;17;0;0;2;6;9;A01
201500034143;0;33;0;0;2;1;1;B01
201500034144;0;7;0;0;2;1;2;A01
201500034144;0;7;0;0;0;4;23;B01
201500034145;0;7;0;0;2;3;15;A01
201500034145;0;33;0;0;2;8;2;B01
201500034146;0;30;0;0;0;6;15;A01
201500034146;0;33;0;0;2;1;17;B01
201500034147;0;7;0;0;2;3;5;A01
201500034147;0;7;0;0;2;3;2;B01
201500034148;0;7;0;0;2;2;1;A01
201500034148;0;7;0;6;2;8;2;B01
201500034149;1;7;0;0;1;1;2;A01
201500034150;0;7;0;0;2;3;15;A01
201500034150;0;30;0;0;2;1;17;B01
201500034151;0;7;0;0;1;1;19;A01
201500034152;0;7;0;0;2;8;10;A01
201500034152;0;17;0;0;2;1;2;B01
201500034153;0;7;0;0;0;7;1;A01
201500034153;0;7;0;0;0;0;0;B01
201500034153;0;17;0;0;0;0;12;C01
201500034154;0;7;0;15;0;1;13;A01
201500034155;0;2;0;0;2;7;17;A01
201500034155;0;7;0;0;2;8;15;B01
201500034156;0;14;0;0;2;2;1;A01
201500034156;0;7;0;0;0;0;0;B01
201500034157;0;7;0;0;2;3;9;A01
201500034157;0;7;0;0;2;2;1;B01
201500034158;0;10;0;8;0;1;1;A01
201500034159;0;7;0;0;6;1;1;A01
201500034160;0;32;0;0;0;1;16;A01
201500034161;0;7;0;2;0;2;0;A01
201500034162;0;7;0;0;2;1;1;A01
201500034162;0;7;0;0;2;7;1;B01
201500034163;0;7;0;0;1;5;20;A01
201500034164;0;7;0;0;5;1;1;A01
201500034164;0;33;0;0;6;1;0;B01
201500034165;0;7;0;16;0;3;13;A01
201500034166;0;7;0;0;1;3;0;A01
201500034167;0;7;0;0;1;8;16;A01
201500034168;0;7;0;0;2;8;19;A01
201500034168;0;38;1;0;2;1;1;B01
201500034169;0;7;0;13;2;3;13;A01
201500034169;0;7;0;13;2;3;1;B01
201500034170;1;2;0;6;0;1;1;A01
201500034171;0;33;0;0;0;7;1;A01
201500034172;0;7;0;13;9;9;13;A01
201500034173;0;7;0;0;1;3;5;A01
201500034174;0;7;0;0;2;1;1;B01
201500034174;0;10;0;6;2;1;1;A01
201500034175;0;17;0;0;0;8;11;A01
201500034175;0;33;0;3;2;9;1;B01
201500034176;0;7;0;0;2;1;0;A01
201500034176;0;7;0;0;2;3;14;B01
201500034177;0;99;0;1;0;0;1;A01
201500034178;0;7;0;0;2;1;0;A01
201500034178;0;7;0;0;2;1;5;B01
201500034179;0;10;0;1;0;2;14;A01
201500034179;0;15;0;0;0;6;23;B01
201500034179;0;7;0;0;2;2;17;C01
201500034180;0;7;0;0;0;0;0;A01
201500034181;0;7;0;2;0;3;14;A01
201500034182;0;14;0;0;2;7;15;A01
201500034182;0;33;0;0;2;1;1;B01
201500034183;0;7;0;0;2;3;1;B01
201500034183;0;7;0;0;2;7;9;A01
201500034184;2;7;0;16;0;0;0;A01
201500034184;0;7;0;0;9;0;0;B01
201500034185;0;7;0;13;0;1;19;A01
201500034186;0;7;0;0;2;1;13;A01
201500034186;0;7;0;0;2;1;1;B01
201500034186;0;15;0;0;2;3;1;C01
201500034186;0;10;0;0;2;1;1;D01
201500034187;0;33;0;0;0;3;1;A01
201500034187;0;33;0;0;0;0;0;B01
201500034187;0;7;0;0;0;0;0;C01
201500034188;0;7;0;0;2;3;6;B01
201500034188;0;30;0;0;2;1;19;A01
201500034189;0;7;0;0;1;1;1;A01
201500034190;0;7;0;0;1;3;15;A01
201500034191;0;7;0;0;1;1;16;A01
201500034192;0;30;0;0;0;1;1;B01
201500034192;0;7;0;0;2;3;16;A01
201500034193;0;7;0;0;2;0;0;B01
201500034193;1;7;0;0;0;0;0;A01
201500034194;0;7;0;0;2;8;1;B01
201500034194;0;33;0;0;2;1;1;A01
201500034195;0;7;0;0;1;0;0;A01
201500034196;0;7;0;0;1;1;1;A01
201500034197;0;7;0;0;1;1;17;A01
201500034198;0;7;0;0;2;4;0;B01
201500034198;0;7;0;0;2;4;1;C01
201500034198;0;7;0;0;2;1;1;A01
201500034199;0;7;0;16;0;1;1;A01
201500034200;0;2;0;0;2;1;1;B01
201500034200;0;7;0;0;2;3;13;A01
201500034201;0;7;0;0;2;1;19;A01
201500034201;0;30;0;0;2;8;1;B01
201500034202;2;7;0;0;2;4;4;A01
201500034202;0;7;0;0;2;1;23;B01
201500034203;0;33;0;0;0;8;0;A01
201500034204;1;31;0;0;1;0;1;A01
201500034205;0;33;0;0;0;0;0;A01
201500034206;0;1;0;0;0;8;2;B01
201500034206;0;20;0;0;9;7;16;A01
201500034207;0;37;0;0;1;0;0;A01
201500034208;0;7;0;0;1;1;15;A01
201500034209;0;15;0;0;2;2;1;A01
201500034209;0;37;0;0;2;8;0;B01
201500034210;0;7;0;0;0;1;2;A01
201500034210;0;7;0;0;0;4;0;C01
201500034210;0;7;0;0;2;4;0;B01
201500034211;0;7;0;2;0;1;1;A01
201500034212;1;13;0;0;1;0;0;A01
201500034213;0;31;0;0;2;1;5;B01
201500034213;0;7;0;16;9;7;5;A01
201500034214;0;15;0;0;2;8;23;B01
201500034214;0;7;0;1;0;1;2;A01
201500034215;0;7;0;0;2;7;9;A01
201500034215;0;33;0;0;2;1;1;B01
201500034216;0;33;0;0;2;2;16;A01
201500034216;0;7;0;0;2;3;2;B01
201500034217;0;3;0;0;2;1;15;A01
201500034217;0;7;0;0;0;0;0;B01
201500034218;0;7;0;0;1;1;17;A01
201500034219;0;33;0;0;2;1;1;B01
201500034219;0;7;0;0;2;8;10;A01
201500034220;0;37;0;0;1;2;1;B01
201500034221;0;2;0;0;2;6;15;B01
201500034221;0;7;0;0;2;2;12;A01
201500034222;2;7;0;0;0;2;0;A01
201500034222;0;7;0;0;0;2;0;B01
201500034223;0;7;0;0;2;9;21;A01
201500034223;0;7;0;0;2;0;1;B01
201500034224;1;7;0;0;2;1;2;A01
201500034224;0;7;0;0;2;4;2;B01
201500034225;0;7;0;0;1;4;4;A01
201500034226;0;7;0;0;1;1;2;A01
201500034227;2;7;0;8;0;1;0;A01
201500034228;0;37;0;0;1;2;19;A01
201500034229;0;1;0;0;2;0;1;B01
201500034229;0;7;0;0;2;3;13;A01
201500034230;0;7;0;6;0;1;0;A01
201500034231;0;7;0;8;0;1;1;B01
201500034231;0;7;0;0;2;1;9;A01
201500034232;1;32;0;0;1;0;1;A01
201500034233;0;7;0;8;0;1;0;B01
201500034233;1;10;0;0;2;0;1;A01
201500034234;0;33;0;12;0;1;0;A01
201500034235;0;7;0;4;0;3;13;A01
201500034236;0;38;0;0;0;0;1;A01
201500034237;0;7;0;0;2;1;1;B01
201500034237;0;7;0;14;2;1;1;A01
201500034238;0;7;0;0;1;7;1;A01
201500034239;0;33;0;0;0;0;1;A01
201500034240;0;7;0;0;2;4;23;C01
201500034240;0;7;0;0;2;1;1;A01
201500034240;0;7;0;0;2;4;23;B01
201500034241;0;7;0;0;1;2;1;A01
201500034242;0;7;0;0;1;0;0;A01
201500034243;0;7;0;0;1;3;1;A01
201500034244;0;33;0;0;2;0;0;A01
201500034244;0;7;0;0;2;0;0;B01
201500034245;0;33;0;0;2;3;1;B01
201500034245;0;7;0;0;2;3;1;A01
201500034246;0;33;0;0;0;1;1;A01
201500034247;0;7;0;0;1;1;1;A01
201500034248;1;7;0;0;2;1;2;A01
201500034248;0;7;0;0;2;4;23;B01
201500034249;0;10;0;0;2;7;0;B01
201500034249;0;7;0;0;2;3;0;A01
201500034250;0;33;0;0;2;8;0;B01
201500034250;0;7;0;0;2;3;15;A01
201500034251;0;7;0;0;1;4;4;A01
201500034252;0;7;0;0;1;3;2;A01
201500034253;0;7;0;0;2;1;2;A01
201500034253;0;7;0;0;2;4;23;B01
201500034253;0;7;0;0;0;0;0;C01
201500034254;0;7;0;0;2;4;1;B01
201500034254;0;32;0;0;2;1;1;A01
201500034255;0;7;0;0;1;0;0;A01
201500034256;0;7;0;0;2;1;2;A01
201500034256;0;7;0;0;2;4;2;B01
201500034256;0;7;0;0;0;0;0;C01
201500034256;0;7;0;0;2;4;0;D01
201500034256;0;7;0;0;2;4;2;E01
201500034257;0;7;0;0;2;8;0;A01
201500034257;0;33;0;0;2;1;1;B01
201500034258;0;1;0;0;2;4;1;B01
201500034258;0;7;0;0;9;1;1;A01
201500034259;0;7;0;0;2;0;0;A01
201500034259;0;7;0;0;2;0;0;B01
201500034260;0;32;0;0;2;8;1;A01
201500034260;0;7;0;0;2;3;1;B01
201500034261;0;7;0;0;2;7;2;A01
201500034261;0;7;0;0;2;3;2;B01
201500034262;0;7;0;0;2;5;1;C01
201500034262;0;7;0;3;2;1;0;A01
201500034262;0;7;0;5;2;1;21;B01
201500034263;0;7;0;0;2;3;15;A01
201500034263;0;1;0;0;2;3;0;B01
201500034264;1;10;0;0;1;1;1;A01
201500034265;0;7;0;0;2;7;15;A01
201500034265;0;34;0;0;2;1;1;B01
201500034266;0;7;0;0;1;3;4;A01
201500034267;0;7;0;3;2;1;2;A01
201500034267;0;7;0;3;2;4;2;C01
201500034267;0;7;0;5;2;9;2;B01
201500034268;0;7;0;0;2;4;10;B01
201500034268;2;7;0;0;2;1;1;A01
201500034269;0;33;0;4;0;1;18;A01
201500034270;0;7;0;0;2;3;15;B01
201500034270;1;7;0;0;2;2;19;A01
201500034271;0;7;0;0;2;8;9;A01
201500034271;0;30;0;0;2;9;2;B01
201500034272;0;37;0;0;1;5;1;A01
201500034273;0;7;0;0;2;1;2;A01
201500034273;0;7;0;0;2;4;1;B01
201500034274;0;33;0;0;2;2;21;B01
201500034274;0;10;0;0;2;3;15;A01
201500034275;0;7;0;0;1;8;0;A01
201500034276;0;7;0;0;2;5;9;A01
201500034276;0;33;0;0;2;8;2;B01
201500034277;0;10;0;0;2;3;15;A01
201500034277;0;30;0;0;2;7;1;B01
201500034278;0;7;0;0;2;2;1;B01
201500034278;0;7;0;0;2;3;11;A01
201500034279;1;31;0;0;2;1;1;A01
201500034279;0;37;0;0;2;8;8;B01
201500034280;0;34;0;0;2;8;15;B01
201500034280;0;7;0;0;2;3;1;A01
201500034281;0;34;0;0;2;1;2;A01
201500034281;0;7;0;0;2;4;2;B01
201500034282;0;7;0;0;1;8;1;A01
201500034283;0;1;0;0;0;0;0;B01
201500034283;0;7;0;0;2;4;4;A01
201500034284;0;7;0;0;1;2;0;A01
201500034285;0;31;0;0;2;1;1;B01
201500034285;0;7;0;0;2;2;15;A01
201500034286;0;33;0;0;2;8;11;B01
201500034287;0;7;0;0;1;1;1;A01
201500034288;0;7;0;12;6;9;1;A01
201500034289;0;7;0;0;2;3;1;C01
201500034289;0;33;0;0;2;1;17;A01
201500034289;0;7;0;0;2;6;1;B01
201500034290;0;7;0;0;1;3;1;A01
201500034291;0;7;0;0;2;4;2;B01
201500034291;0;7;0;0;2;1;1;A01
201500034292;0;34;0;11;0;1;6;A01
201500034293;0;33;0;0;2;1;1;B01
201500034293;0;7;0;0;2;2;15;A01
201500034294;0;7;0;0;1;3;15;A01
201500034295;0;33;0;4;2;0;17;A01
201500034296;0;7;0;0;1;3;2;A01
201500034297;0;7;0;0;1;2;15;A01
201500034298;0;2;0;0;2;1;1;B01
201500034298;0;7;0;0;2;3;9;A01
201500034299;0;7;0;0;1;1;2;A01
201500034300;0;37;1;0;1;1;16;A01
201500034301;0;7;0;0;2;3;1;B01
201500034301;0;2;0;0;2;7;1;A01
201500034302;0;7;0;0;1;1;1;A01
201500034303;0;7;0;1;0;0;1;A01
201500034304;0;2;0;0;2;4;1;B01
201500034304;0;7;0;0;0;0;9;A01
201500034305;0;10;0;0;2;3;15;B01
201500034305;0;33;0;0;2;1;17;A01
201500034306;0;7;0;0;1;1;1;A01
201500034307;0;7;0;0;2;3;1;B01
201500034307;0;2;0;0;2;1;5;A01
201500034308;0;2;0;1;0;1;3;B01
201500034308;0;7;0;0;0;7;22;A01
201500034309;0;7;0;0;2;2;15;A01
201500034309;0;33;0;0;2;1;1;B01
201500034310;0;33;0;0;0;0;1;A01
201500034311;0;7;0;0;1;2;1;A01
201500034312;0;31;0;0;2;1;1;B01
201500034312;0;7;0;0;2;7;15;A01
201500034313;0;7;0;0;1;1;1;A01
201500034314;0;7;0;0;2;1;1;B01
201500034314;0;7;0;6;2;2;17;A01
201500034314;0;10;0;0;2;3;1;C01
201500034315;0;7;0;0;2;3;15;A01
201500034315;0;2;0;0;2;1;1;B01
201500034316;0;33;0;0;2;1;1;B01
201500034316;0;7;0;0;2;1;10;A01
201500034317;0;7;0;0;1;1;1;A01
201500034318;0;33;0;0;1;3;1;A01
201500034319;0;7;0;0;1;1;0;A01
201500034320;0;7;0;0;0;9;1;A01
201500034321;0;7;0;0;2;1;13;A01
201500034321;0;14;0;0;2;1;1;B01
201500034322;0;33;0;0;2;1;17;A01
201500034322;0;7;0;0;2;6;15;B01
201500034323;0;7;0;0;1;1;16;A01
201500034324;0;10;0;0;2;1;15;A01
201500034324;0;7;0;0;2;1;1;B01
201500034325;0;10;0;0;2;5;15;A01
201500034325;0;33;0;0;2;1;1;B01
201500034326;0;7;0;0;0;4;0;B01
201500034326;0;7;0;0;2;1;0;A01
201500034327;0;34;0;0;1;1;1;A01
201500034328;0;30;0;0;0;1;1;A01
201500034328;0;14;0;14;0;4;1;B01
201500034329;0;7;0;0;1;1;19;A01
201500034330;0;7;0;0;1;2;0;A01
201500034331;0;7;0;0;0;9;0;A01
201500034332;0;7;0;0;2;0;2;B01
201500034332;0;33;0;0;2;8;2;A01
201500034333;0;7;0;0;2;4;1;B01
201500034333;0;7;0;0;2;1;1;A01
201500034334;0;33;0;0;1;1;1;A01
201500034335;0;7;0;0;2;1;1;B01