num_acc;senc;catv;occutc;obs;obsm;choc;manv;num_veh
201500034335;0;7;0;0;0;1;6;A01
201500034336;0;7;0;0;0;4;1;A01
201500034336;0;7;0;0;0;4;1;C01
201500034336;0;7;0;0;0;0;0;B01
201500034337;0;7;0;0;0;1;2;A01
201500034337;0;7;0;0;0;4;2;B01
201500034338;0;7;0;0;1;1;1;A01
201500034339;0;7;0;0;1;2;1;A01
201500034340;0;7;0;0;2;5;23;B01
201500034340;0;7;0;0;2;3;12;A01
201500034340;0;7;0;0;2;4;1;C01
201500034341;1;7;0;0;2;1;16;A01
201500034341;0;7;0;0;2;3;15;B01
201500034342;0;1;0;0;9;1;15;B01
201500034342;0;37;0;0;9;2;1;A01
201500034343;0;33;0;0;2;1;2;B01
201500034343;0;7;0;0;2;3;13;A01
201500034344;0;7;0;0;1;2;0;A01
201500034345;0;7;0;0;2;0;0;C01
201500034345;0;7;0;0;2;2;2;A01
201500034345;0;7;0;0;2;0;0;B01
201500034346;0;33;0;0;2;1;2;B01
201500034346;0;7;0;0;2;2;19;A01
201500034347;0;7;0;0;0;6;16;B01
201500034347;0;30;0;0;2;1;1;A01
201500034348;0;7;0;0;1;0;0;A01
201500034349;0;10;0;0;2;3;13;A01
201500034349;0;33;0;0;2;0;1;B01
201500034350;0;7;0;0;0;8;13;B01
201500034350;0;7;0;0;2;0;0;A01
201500034351;0;7;0;0;2;1;0;A01
201500034351;0;33;0;0;0;0;0;B01
201500034352;0;7;0;0;0;0;0;B01
201500034352;0;7;0;0;0;0;0;A01
201500034353;0;7;0;14;2;9;0;B01
201500034353;0;7;0;14;0;4;1;C01
201500034353;0;7;0;14;0;1;0;A01
201500034354;0;7;0;0;0;3;1;C01
201500034354;0;7;0;0;0;6;2;B01
201500034354;0;33;0;0;0;1;17;A01
201500034355;0;7;0;0;1;2;0;A01
201500034356;0;7;0;0;0;1;0;A01
201500034357;0;32;0;15;0;1;1;A01
201500034358;0;7;0;0;1;3;0;A01
201500034359;0;10;0;0;1;7;9;A01
201500034360;0;33;0;8;0;0;0;A01
201500034361;0;7;0;0;1;0;0;A01
201500034362;0;7;0;0;2;8;15;A01
201500034362;0;7;0;0;2;1;1;B01
201500034363;0;31;0;0;2;7;16;A01
201500034363;0;7;0;0;2;3;1;B01
201500034364;0;7;0;0;1;3;1;A01
201500034365;0;7;0;0;1;6;4;A01
201500034366;0;7;0;0;1;0;0;A01
201500034367;0;7;0;16;0;4;0;A01
201500034367;0;15;0;0;0;1;1;B01
201500034368;0;7;0;6;0;1;0;A01
201500034369;0;7;0;0;2;1;1;A01
201500034369;0;7;0;0;2;0;0;B01
201500034370;0;7;0;0;1;2;15;A01
201500034371;0;32;0;0;2;1;2;A01
201500034371;0;7;0;0;0;3;19;B01
201500034372;0;7;0;8;0;1;2;A01
201500034373;0;7;0;0;2;2;0;A01
201500034373;0;1;0;0;2;1;0;B01
201500034374;0;10;0;0;0;4;2;B01
201500034374;0;10;0;0;2;1;2;A01
201500034375;0;7;0;0;1;1;16;A01
201500034376;0;7;0;0;2;7;15;A01
201500034376;0;33;0;0;2;1;1;B01
201500034377;0;7;0;15;0;0;1;A01
201500034378;0;7;0;0;1;2;13;A01
201500034379;0;7;0;0;0;4;1;B01
201500034379;0;7;0;0;2;1;2;A01
201500034380;0;30;0;0;2;1;17;A01
201500034380;0;7;0;0;0;3;15;B01
201500034381;0;14;0;0;1;2;1;A01
201500034382;0;7;0;0;0;5;2;B01
201500034382;0;1;0;0;2;1;2;A01
201500034383;0;10;0;0;1;6;4;A01
201500034384;2;7;0;16;0;3;13;A01
201500034384;0;33;0;12;0;1;1;B01
201500034385;0;7;0;0;2;7;15;A01
201500034385;0;33;0;0;2;1;0;B01
201500034386;0;7;0;8;0;9;0;A01
201500034387;0;7;0;0;1;6;4;A01
201500034388;0;7;0;0;1;0;0;A01
201500034389;0;10;0;0;0;4;1;B01
201500034389;0;10;0;0;2;1;1;A01
201500034390;0;7;0;0;1;1;1;A01
201500034391;0;33;0;0;2;1;1;B01
201500034391;0;7;0;0;2;5;15;A01
201500034392;0;7;0;0;1;2;0;A01
201500034393;0;7;0;0;1;1;1;A01
201500034394;0;7;0;0;1;1;2;A01
201500034395;0;7;0;0;2;2;1;B01
201500034395;0;7;0;0;2;1;0;A01
201500034396;0;2;0;0;0;7;0;B01
201500034396;0;7;0;0;0;3;0;A01
201500034397;0;7;0;0;2;1;2;B01
201500034397;0;7;0;0;0;2;15;A01
201500034398;0;7;0;0;2;1;2;A01
201500034398;0;30;0;0;0;4;0;B01
201500034399;0;7;0;0;1;0;0;A01
201500034400;0;7;0;0;2;1;1;C01
201500034400;0;14;0;0;2;1;11;A01
201500034400;0;7;0;0;2;4;2;B01
201500034401;0;7;0;0;2;1;1;B01
201500034401;0;7;0;0;2;1;2;A01
201500034402;1;7;0;0;1;1;2;A01
201500034403;0;7;0;0;2;1;15;A01
201500034403;0;2;0;0;2;1;1;B01
201500034404;0;37;1;0;1;0;0;A01
201500034405;1;99;0;0;1;0;0;A01
201500034406;0;2;0;0;2;1;2;B01
201500034406;0;7;0;0;2;6;15;A01
201500034407;0;7;0;0;0;0;0;A01
201500034407;0;7;0;0;0;0;0;B01
201500034408;0;7;0;0;2;1;2;A01
201500034408;0;7;0;0;2;3;15;B01
201500034409;0;7;0;0;2;3;1;A01
201500034409;0;13;0;0;2;8;1;B01
201500034410;0;7;0;0;1;1;2;A01
201500034411;0;7;0;0;1;2;0;A01
201500034412;0;7;0;0;2;1;1;B01
201500034412;0;7;0;0;2;1;5;A01
201500034413;0;7;0;0;0;3;0;B01
201500034413;0;7;0;0;0;6;0;A01
201500034414;0;7;0;0;2;2;15;A01
201500034414;0;33;0;0;2;1;1;B01
201500034415;0;1;0;0;2;4;2;B01
201500034415;1;7;0;14;2;7;2;A01
201500034416;0;7;0;0;1;1;1;A01
201500034417;0;7;0;0;2;2;15;A01
201500034417;0;2;0;0;2;1;0;B01
201500034418;0;7;0;1;1;2;14;A01
201500034419;0;7;0;0;2;4;2;C01
201500034419;0;7;0;0;2;5;2;B01
201500034419;0;7;0;0;2;3;2;A01
201500034420;0;7;0;2;0;1;13;A01
201500034421;0;7;0;0;2;5;12;A01
201500034421;0;7;0;0;2;1;3;B01
201500034422;0;7;0;0;2;2;2;A01
201500034422;0;7;0;0;0;5;2;B01
201500034423;0;7;0;2;0;6;0;A01
201500034424;0;7;0;2;2;3;2;B01
201500034424;0;7;0;2;2;2;2;A01
201500034425;0;7;0;0;2;1;1;A01
201500034425;0;7;0;0;0;8;15;B01
201500034426;0;7;0;0;0;3;4;B01
201500034426;0;31;0;8;2;2;2;A01
201500034427;0;7;0;0;2;0;0;B01
201500034427;0;7;0;0;2;0;0;A01
201500034428;0;7;0;0;1;3;1;A01
201500034429;0;7;0;0;2;6;10;A01
201500034429;0;34;0;0;2;1;3;B01
201500034430;0;7;0;0;2;8;1;B01
201500034430;0;34;0;0;2;1;1;A01
201500034431;0;34;0;0;2;1;1;B01
201500034431;0;7;0;0;2;3;19;A01
201500034432;0;1;0;0;0;0;0;B01
201500034432;0;7;0;0;0;3;0;A01
201500034433;0;33;0;0;0;7;17;A01
201500034433;0;7;0;0;0;8;2;B01
201500034434;0;33;0;0;2;6;0;B01
201500034434;0;7;0;0;0;5;0;A01
201500034435;0;7;0;0;1;0;0;A01
201500034436;0;7;0;0;2;1;15;A01
201500034436;0;33;0;0;2;1;1;B01
201500034437;0;7;0;0;2;4;2;D01
201500034437;0;7;0;0;2;1;2;A01
201500034437;0;7;0;0;2;4;2;B01
201500034437;0;7;0;0;2;4;2;C01
201500034438;0;7;0;0;1;2;2;A01
201500034439;0;7;0;0;2;2;15;A01
201500034439;0;1;0;0;2;0;0;B01
201500034440;0;7;0;0;1;1;1;A01
201500034441;0;33;0;2;0;2;1;A01
201500034442;0;7;0;0;0;1;13;A01
201500034442;0;7;0;0;0;1;1;C01
201500034442;0;7;0;0;0;1;1;B01
201500034443;0;7;0;0;2;1;0;A01
201500034444;0;7;0;0;1;4;4;A01
201500034445;0;7;0;0;0;0;0;B01
201500034445;0;7;0;0;0;0;0;A01
201500034446;0;7;0;0;2;3;13;A01
201500034446;0;7;0;0;2;6;2;B01
201500034447;0;33;0;0;2;7;0;B01
201500034447;0;7;0;0;2;3;0;A01
201500034448;0;7;0;0;2;2;1;A01
201500034448;0;31;0;0;2;1;1;B01
201500034449;0;7;0;0;1;0;4;A01
201500034450;0;7;0;0;0;3;1;A01
201500034450;0;33;0;0;0;0;0;B01
201500034451;0;33;0;0;2;7;1;B01
201500034451;0;7;0;0;2;3;13;A01
201500034452;0;33;0;0;2;1;1;B01
201500034452;0;7;0;0;2;3;0;A01
201500034453;0;7;0;0;2;3;1;C01
201500034453;0;7;0;0;2;3;13;A01
201500034453;0;7;0;0;2;8;1;B01
201500034454;0;7;0;0;2;8;19;B01
201500034454;0;10;0;0;2;1;19;A01
201500034455;0;15;0;0;1;2;1;A01
201500034456;0;7;0;0;2;8;15;A01
201500034456;0;33;0;0;2;1;17;B01
201500034457;0;7;0;1;1;6;4;A01
201500034458;1;20;0;0;2;3;11;A01
201500034458;0;33;0;0;2;7;1;B01
201500034459;0;7;0;0;1;7;1;A01
201500034460;0;34;0;0;0;1;1;B01
201500034460;0;7;0;0;2;3;13;A01
201500034461;0;7;0;0;2;3;9;A01
201500034461;0;33;0;0;2;7;17;B01
201500034462;0;30;0;0;2;1;1;A01
201500034462;0;7;0;0;2;3;1;B01
201500034463;0;7;0;0;0;2;15;A01
201500034463;0;33;0;0;0;0;0;B01
201500034464;0;37;0;0;2;3;1;A01
201500034464;0;10;0;0;2;2;16;B01
201500034465;0;7;0;0;2;2;1;A01
201500034465;0;7;0;0;2;5;19;B01
201500034466;0;33;0;15;0;0;15;A01
201500034467;1;7;0;0;1;0;0;A01
201500034468;0;7;0;0;2;1;1;C01
201500034468;0;7;0;0;2;2;5;A01
201500034468;0;7;0;0;2;8;1;B01
201500034469;0;13;0;0;0;1;2;A01
201500034469;0;37;0;1;0;8;2;B01
201500034470;0;7;0;0;2;1;0;A01
201500034470;0;7;0;0;2;8;0;B01
201500034470;0;7;0;0;2;0;0;C01
201500034470;0;7;0;0;2;0;0;D01
201500034471;0;7;0;0;2;6;1;B01
201500034471;0;7;0;0;2;1;0;A01
201500034472;0;7;0;0;1;1;1;A01
201500034473;0;7;0;0;2;3;9;A01
201500034473;0;31;0;0;2;1;1;B01
201500034474;0;15;0;0;1;3;1;A01
201500034475;0;7;0;0;1;1;0;A01
201500034476;0;37;0;0;1;1;16;A01
201500034477;0;33;0;0;1;2;19;A01
201500034478;0;33;0;0;1;1;0;A01
201500034479;0;7;0;0;2;2;16;A01
201500034479;0;2;0;8;2;1;1;B01
201500034480;0;7;0;0;2;2;15;A01
201500034480;0;30;0;0;2;1;1;B01
201500034481;0;30;0;0;0;3;1;A01
201500034481;0;7;0;0;0;3;2;B01
201500034482;0;7;0;0;2;2;1;A01
201500034482;0;30;0;0;2;1;0;B01
201500034483;0;7;0;0;1;1;1;A01
201500034484;0;7;0;0;2;1;9;A01
201500034484;0;33;0;0;2;7;17;B01
201500034485;0;7;0;0;2;1;1;A01
201500034485;0;7;0;0;2;1;0;B01
201500034486;0;34;0;0;2;1;0;B01
201500034486;0;7;0;0;0;0;10;A01
201500034487;0;7;0;0;2;3;19;A01
201500034487;0;33;0;0;2;1;21;B01
201500034488;0;1;0;0;2;0;19;B01
201500034488;0;7;0;0;2;8;14;A01
201500034489;0;32;0;0;1;0;1;A01
201500034490;0;32;0;0;2;8;9;A01
201500034490;0;7;0;0;2;8;9;B01
201500034491;0;7;0;0;2;3;15;A01
201500034491;0;33;0;0;2;1;17;B01
201500034492;0;7;0;4;0;2;13;A01
201500034493;0;7;0;0;1;4;4;A01
201500034494;0;7;0;0;1;2;1;A01
201500034495;0;7;0;0;2;2;1;A01
201500034495;0;7;0;15;2;1;9;B01
201500034496;0;30;0;12;0;1;5;A01
201500034497;0;33;0;0;2;0;3;B01
201500034497;0;7;0;0;2;3;15;A01
201500034498;0;7;0;0;1;1;0;A01
201500034499;0;37;0;0;2;1;1;B01
201500034499;0;7;0;0;2;4;12;A01
201500034500;0;7;0;0;1;1;15;A01
201500034501;0;7;0;0;2;3;15;B01
201500034501;0;33;0;0;2;1;2;A01
201500034502;0;33;0;0;2;1;1;B01
201500034502;0;7;0;0;2;1;15;A01
201500034503;0;34;0;0;1;2;1;A01
201500034504;0;7;0;1;0;3;13;A01
201500034505;0;7;0;0;2;3;0;E01
201500034505;0;33;0;1;2;2;2;A01
201500034505;0;7;0;0;2;8;0;C01
201500034505;0;7;0;0;0;0;0;B01
201500034505;0;7;0;0;2;4;0;D01
201500034506;0;7;0;0;2;3;9;A01
201500034506;0;7;0;0;2;1;1;B01
201500034507;0;7;0;0;1;1;1;A01
201500034508;0;33;0;0;1;1;1;A01
201500034509;0;31;0;0;1;0;0;A01
201500034510;0;7;0;0;9;1;15;A01
201500034510;0;1;0;0;2;1;1;B01
201500034511;0;7;0;11;0;8;1;A01
201500034512;0;7;0;0;2;2;0;A01
201500034512;0;1;0;0;2;1;5;B01
201500034513;0;7;0;1;0;7;0;A01
201500034513;0;7;0;6;2;1;19;C01
201500034514;0;7;0;0;1;0;1;A01
201500034515;0;7;0;0;2;4;4;A01
201500034515;0;30;0;0;2;7;23;B01
201500034516;0;7;0;0;2;1;2;A01
201500034516;0;7;0;0;2;1;1;C01
201500034516;0;7;0;0;2;4;23;B01
201500034517;0;10;0;0;2;1;19;B01
201500034517;0;7;0;0;2;8;15;A01
201500034518;0;33;0;12;0;0;14;A01
201500034519;0;7;0;0;2;1;2;A01
201500034519;0;32;0;0;2;4;2;B01
201500034520;0;7;0;0;2;3;1;A01
201500034520;0;7;0;0;2;3;1;B01
201500034521;0;33;0;0;2;2;17;B01
201500034521;0;7;0;0;2;8;15;A01
201500034522;0;1;0;0;2;0;0;B01
201500034522;0;7;0;0;2;2;4;A01
201500034523;0;32;0;0;1;1;1;A01
201500034524;0;33;0;0;2;1;1;A01
201500034524;0;7;0;0;2;6;16;B01
201500034525;0;7;0;1;1;1;14;A01
201500034526;0;7;0;0;2;6;15;B01
201500034526;0;32;0;0;2;1;17;A01
201500034527;0;7;0;0;1;0;0;A01
201500034528;0;10;0;0;1;2;1;A01
201500034529;0;33;0;0;2;7;1;B01
201500034529;0;7;0;0;2;1;15;A01
201500034530;0;7;0;0;1;1;2;A01
201500034531;0;2;0;0;2;1;1;B01
201500034531;0;10;0;0;2;2;1;A01
201500034532;0;2;0;0;2;4;23;C01
201500034532;0;7;0;0;2;1;1;A01
201500034532;0;10;0;0;2;4;23;B01
201500034532;0;7;0;0;0;4;23;D01
201500034533;0;1;0;0;1;1;1;A01
201500034534;0;10;0;0;2;1;9;A01
201500034534;0;30;0;0;2;1;1;B01
201500034535;0;37;0;0;1;0;2;A01
201500034536;0;7;0;0;1;1;2;A01
201500034537;0;10;0;0;2;1;1;C01
201500034537;0;10;0;0;0;4;1;A01
201500034537;0;7;0;0;2;9;1;B01
201500034538;0;7;0;0;1;1;1;A01
201500034539;0;1;0;0;2;1;2;B01
201500034539;0;7;0;0;2;4;1;A01
201500034540;0;30;0;0;0;0;0;A01
201500034540;0;7;0;0;2;6;0;B01
201500034541;0;7;0;0;2;2;15;A01
201500034541;0;33;0;0;2;1;1;B01
201500034542;0;7;0;0;2;8;1;B01
201500034542;0;7;0;0;2;2;9;A01
201500034543;0;7;0;0;2;8;11;A01
201500034543;0;33;0;0;2;7;2;B01
201500034544;0;7;0;0;1;0;1;A01
201500034545;0;7;0;0;1;1;1;A01
201500034546;0;7;0;0;0;1;2;B01
201500034546;0;7;0;0;0;2;2;A01
201500034547;0;33;0;0;2;3;9;B01
201500034547;0;2;0;0;2;1;17;A01
201500034548;0;7;0;0;2;1;1;B01
201500034548;0;3;0;0;2;1;17;A01
201500034548;0;7;0;0;2;8;1;C01
201500034549;0;10;0;0;1;1;15;A01
201500034550;0;33;0;0;2;1;1;A01
201500034550;0;7;0;0;0;4;1;B01
201500034551;0;7;0;0;2;7;19;B01
201500034551;0;7;0;0;2;3;19;A01
201500034552;0;7;0;0;2;7;20;B01
201500034552;0;2;0;0;2;1;1;A01
201500034553;0;7;0;0;2;2;15;B01
201500034553;0;7;0;0;2;3;1;A01
201500034554;0;33;0;0;2;7;16;A01
201500034554;0;7;0;0;2;8;16;B01
201500034555;0;33;0;0;2;8;1;B01
201500034555;0;7;0;0;2;2;15;A01
201500034556;0;7;0;0;2;4;23;B01
201500034556;0;7;0;0;2;1;2;A01
201500034556;0;7;0;0;2;4;23;C01
201500034557;0;7;0;0;2;1;9;A01
201500034557;0;31;0;1;2;2;1;B01
201500034558;0;1;0;0;2;4;2;B01
201500034558;0;7;0;0;2;0;17;A01
201500034559;0;33;0;12;0;1;14;A01
201500034560;0;7;0;0;1;1;1;A01
201500034561;0;7;0;0;2;3;13;A01
201500034561;0;33;0;0;2;2;17;B01
201500034562;0;7;0;0;1;2;1;A01
201500034563;0;2;0;0;2;8;13;A01
201500034563;0;7;0;0;2;7;1;B01
201500034564;0;7;0;0;2;1;2;A01
201500034564;0;33;0;0;2;4;23;B01
201500034565;0;33;0;14;0;0;0;A01
201500034566;0;30;0;0;2;4;2;B01
201500034566;0;7;0;0;2;4;2;C01
201500034566;0;7;0;0;2;1;2;A01
201500034567;0;7;0;0;2;1;15;A01
201500034567;0;2;0;0;2;8;1;B01
201500034568;0;1;0;0;0;0;0;B01
201500034568;0;7;0;0;2;5;15;A01
201500034569;0;32;0;0;2;1;17;A01
201500034569;0;7;0;0;2;3;15;B01
201500034570;0;37;0;0;1;3;1;A01
201500034571;0;7;0;0;2;2;17;B01
201500034571;0;7;0;0;2;3;15;A01
201500034572;0;7;0;0;1;7;1;A01
201500034573;0;7;0;0;2;7;15;B01
201500034573;0;33;0;0;2;1;1;A01
201500034574;0;33;0;0;2;1;1;B01
201500034574;0;7;0;0;2;6;13;A01
201500034574;0;33;0;0;2;1;1;C01
201500034575;0;1;0;0;1;0;1;A01
201500034576;0;7;0;0;2;0;9;A01
201500034576;0;33;0;0;0;2;1;B01
201500034577;0;7;0;0;1;1;1;A01
201500034578;0;7;0;0;2;1;1;B01
201500034578;0;7;0;0;2;5;1;A01
201500034579;0;7;0;0;2;2;1;A01
201500034579;0;7;0;0;0;3;1;B01
201500034580;0;7;0;0;0;8;15;B01
201500034580;0;30;0;0;2;7;2;A01
201500034581;0;7;0;0;0;0;9;A01
201500034581;0;1;0;0;0;0;0;B01
201500034582;0;7;0;0;2;1;5;A01
201500034582;0;30;0;0;2;1;0;B01
201500034583;0;7;0;0;1;3;16;A01
201500034584;0;7;0;0;1;1;0;A01
201500034585;0;32;0;0;2;1;0;B01
201500034585;0;7;0;0;2;1;0;A01
201500034586;0;14;0;0;1;7;1;A01
201500034587;0;33;0;0;1;2;2;A01
201500034588;0;31;0;0;2;4;1;B01
201500034588;0;14;0;0;2;3;11;A01
201500034589;0;7;0;0;0;6;0;B01
201500034589;0;2;0;0;2;1;17;A01
201500034590;0;7;0;2;0;8;0;A01
201500034591;0;7;0;0;1;2;20;A01
201500034592;0;7;0;0;1;1;1;A01
201500034593;0;10;0;0;2;2;2;A01
201500034593;0;2;0;0;2;4;2;B01
201500034594;0;7;0;15;0;8;1;A01
201500034595;0;2;0;0;0;0;0;A01
201500034596;0;2;0;9;2;1;17;A01
201500034596;0;7;0;0;2;3;15;B01
201500034597;0;7;0;0;1;2;1;A01
201500034598;0;2;0;0;2;1;17;A01
201500034598;0;7;0;0;2;3;1;B01
201500034599;0;33;0;7;0;3;6;A01
201500034600;0;7;0;0;2;2;1;B01
201500034600;2;7;0;0;2;5;1;A01
201500034601;0;7;0;1;0;3;1;A01
201500034602;0;2;0;0;2;3;13;A01
201500034602;0;7;0;0;2;3;1;B01
201500034603;1;7;0;0;2;2;1;B01
201500034603;0;30;0;0;2;8;1;A01
201500034604;0;7;0;0;2;4;9;B01
201500034604;0;1;0;0;2;1;1;A01
201500034605;0;7;0;0;0;0;0;A01
201500034606;0;7;0;0;1;1;1;A01
201500034607;0;33;0;0;2;1;1;B01
201500034607;0;7;0;0;2;2;15;A01
201500034608;0;33;0;0;2;2;2;B01
201500034608;0;10;0;0;2;3;15;A01
201500034609;0;7;0;15;0;8;14;A01
201500034610;0;2;0;0;2;1;1;B01
201500034610;0;7;0;0;2;3;19;A01
201500034611;0;7;0;0;1;3;1;A01
201500034612;0;2;0;0;2;1;2;A01
201500034612;0;7;0;0;2;4;2;B01
201500034613;0;30;0;0;2;8;15;A01
201500034613;0;31;0;0;2;1;1;B01
201500034614;0;7;0;0;2;1;1;B01
201500034614;0;2;0;0;2;7;1;A01
201500034615;0;7;0;0;2;5;15;A01
201500034615;0;30;0;0;2;1;1;B01
201500034616;0;7;0;0;2;6;1;B01
201500034616;0;33;0;8;2;2;2;A01
201500034617;0;1;0;0;0;0;0;A01
201500034618;0;7;0;0;2;3;1;A01
201500034618;0;7;0;0;2;2;15;B01
201500034619;0;7;0;0;1;8;1;A01
201500034620;0;7;0;0;2;6;10;A01
201500034620;0;33;0;0;2;1;1;B01
201500034621;0;30;0;14;0;0;17;A01
201500034622;0;7;0;0;2;4;2;D01
201500034622;0;7;0;0;2;4;1;B01
201500034622;0;7;0;0;2;4;2;C01
201500034622;0;7;0;0;2;1;1;A01
201500034623;0;7;0;0;2;2;17;A01
201500034623;0;7;0;0;2;6;2;B01
201500034624;0;2;0;0;2;3;13;A01
201500034624;0;7;0;0;2;6;15;B01
201500034625;0;10;0;0;2;2;2;A01
201500034625;0;32;0;0;2;1;2;B01
201500034626;0;7;0;0;2;2;1;A01
201500034626;0;10;0;0;2;3;1;B01
201500034627;0;7;0;0;2;3;15;B01
201500034627;0;2;0;0;2;2;6;A01
201500034628;0;30;0;0;2;1;21;B01
201500034628;0;7;0;0;0;6;15;A01
201500034629;0;7;0;10;0;1;2;A01
201500034630;0;7;0;0;0;4;2;B01
201500034630;0;10;0;0;2;1;2;A01
201500034631;0;7;0;0;2;3;1;B01
201500034631;0;7;0;0;2;3;13;A01
201500034632;0;7;0;8;0;1;1;A01
201500034633;0;2;0;0;0;0;1;A01
201500034634;0;7;0;0;1;4;20;A01
201500034635;0;7;0;0;1;2;1;A01
201500034636;0;7;0;0;2;4;1;B01
201500034636;0;2;0;0;2;1;13;A01
201500034637;0;7;0;0;1;4;4;A01
201500034638;0;7;0;0;0;0;0;A01
201500034638;0;7;0;0;0;0;0;B01
201500034639;0;7;0;0;2;2;1;A01
201500034639;0;32;0;0;2;1;1;B01
201500034640;0;7;0;0;1;0;1;A01
201500034641;0;7;0;0;2;4;16;B01
201500034641;0;7;0;0;2;2;1;A01
201500034642;0;7;0;0;2;3;1;A01
201500034642;0;2;0;0;0;4;15;B01
201500034643;0;7;0;0;1;1;1;A01
201500034644;0;7;0;0;2;1;23;C01
201500034644;0;7;0;0;2;1;9;A01
201500034644;0;7;0;0;2;3;1;B01
201500034645;0;7;0;0;2;1;1;A01
201500034645;0;2;0;0;2;1;1;B01
201500034646;0;7;0;0;2;3;9;A01
201500034646;0;2;0;0;2;7;1;B01
201500034647;0;7;0;1;0;1;1;A01
201500034648;0;33;0;0;2;1;1;B01
201500034648;0;10;0;0;2;3;19;A01
201500034649;0;7;0;8;0;3;19;A01
201500034650;0;10;0;0;1;3;0;A01
201500034651;0;10;0;0;1;4;4;A01
201500034652;0;1;0;0;1;1;1;A01
201500034653;0;7;0;0;1;1;1;A01
201500034654;0;10;0;0;1;1;0;A01
201500034655;0;7;0;0;0;1;2;A01
201500034655;0;7;0;0;0;4;23;B01
201500034655;0;7;0;0;0;5;23;C01
201500034656;0;2;0;0;2;1;1;A01
201500034656;0;7;0;0;0;7;1;B01
201500034657;0;7;0;0;2;8;0;A01
201500034657;0;2;0;0;2;1;1;B01
201500034658;0;7;0;0;2;3;1;B01
201500034658;0;1;0;0;2;1;5;A01
201500034659;0;7;0;0;2;1;23;A01
201500034659;0;7;0;0;2;4;1;B01
201500034660;0;7;0;0;1;1;1;A01
201500034661;0;7;0;0;1;1;16;A01
201500034662;0;7;0;0;2;4;1;B01
201500034662;0;7;0;0;2;1;1;A01
201500034663;0;7;0;0;1;2;1;A01
201500034664;0;7;0;0;2;1;1;A01
201500034664;0;7;0;0;2;4;1;C01
201500034664;0;7;0;0;2;4;1;B01
201500034665;0;7;0;0;2;3;10;A01
201500034665;0;2;0;0;2;1;1;B01
201500034666;0;2;0;0;2;1;1;A01
201500034666;0;7;0;0;2;8;24;B01
201500034667;0;7;0;0;1;3;1;A01
201500034668;0;30;0;2;0;1;1;A01
201500034669;0;7;0;0;2;4;1;C01
201500034669;0;7;0;0;2;1;1;A01
201500034669;0;7;0;0;2;4;1;B01
201500034670;0;7;0;0;2;2;1;A01
201500034670;0;7;0;0;2;1;1;B01
201500034671;0;7;0;0;1;2;16;A01
201500034672;0;7;0;0;2;4;1;B01
201500034672;0;7;0;0;2;1;1;A01
201500034673;0;7;0;0;2;4;1;C01
201500034673;0;7;0;0;2;4;1;B01
201500034673;0;7;0;0;2;1;1;A01
201500034674;0;2;0;0;2;1;1;A01
201500034674;0;7;0;0;2;3;1;B01
201500034675;0;7;0;0;1;3;1;A01
201500034676;0;7;0;0;2;3;1;A01
201500034676;0;1;0;0;2;1;19;B01
201500034677;0;7;0;0;1;2;1;A01
201500034678;0;7;0;0;1;2;0;A01
201500034679;0;7;0;0;2;4;1;C01
201500034679;0;7;0;0;2;1;1;A01
201500034679;0;7;0;0;2;4;1;B01
201500034680;0;7;0;0;2;4;1;B01
201500034680;0;7;0;0;2;1;1;A01
201500034681;0;37;1;0;1;1;1;A01
201500034682;0;1;0;0;2;1;1;B01
201500034682;0;7;0;0;2;3;15;A01
201500034683;0;7;0;0;1;2;1;A01
201500034684;0;7;0;0;2;4;1;B01
201500034684;0;7;0;0;2;1;1;A01
201500034685;0;33;0;0;2;1;15;B01
201500034685;0;7;0;0;2;2;15;A01
201500034686;0;7;0;0;1;1;1;A01
201500034687;0;7;0;0;2;7;1;A01
201500034687;0;33;0;0;2;1;1;B01
201500034687;0;7;0;0;2;3;0;C01
201500034688;0;7;0;0;1;3;1;A01
201500034689;0;10;0;0;2;3;15;A01
201500034689;0;2;0;0;2;1;15;B01
201500034690;0;7;0;0;2;8;10;A01
201500034690;0;37;2;0;2;2;1;B01
201500034691;0;7;0;0;2;5;1;B01
201500034691;0;2;0;0;2;1;1;A01
201500034692;0;7;0;0;2;2;15;A01
201500034692;0;1;0;0;2;1;1;B01
201500034693;0;7;0;0;2;2;1;A01
201500034693;0;7;0;0;2;4;23;B01
201500034694;0;33;0;0;2;1;17;A01
201500034694;0;10;0;0;2;4;15;B01
201500034695;0;7;0;4;0;9;1;A01
201500034696;0;7;0;0;2;7;15;A01
201500034696;0;2;0;0;2;1;1;B01
201500034697;0;7;0;0;2;3;15;A01
201500034697;0;1;0;0;2;1;1;B01
201500034698;0;7;0;0;2;1;1;A01
201500034698;0;7;0;0;2;4;1;B01
201500034698;0;7;0;0;2;4;1;C01
201500034699;1;2;0;0;1;0;0;A01
201500034700;0;7;0;0;2;3;9;A01
201500034700;0;1;0;0;2;1;1;B01
201500034701;0;7;0;0;2;1;1;B01
201500034701;0;7;0;0;2;7;15;A01
201500034702;0;7;0;0;2;7;1;A01
201500034702;0;7;0;0;2;1;1;B01
201500034703;0;7;0;0;2;1;1;A01
201500034703;0;7;0;0;2;4;1;B01
201500034704;0;10;0;0;2;1;1;A01
201500034704;0;7;0;0;2;4;23;B01
201500034705;0;10;0;0;1;3;15;A01
201500034706;0;7;0;0;2;7;15;A01