num_acc;senc;catv;occutc;obs;obsm;choc;manv;num_veh
201500034706;0;2;0;0;2;1;1;B01
201500034707;0;2;0;0;2;1;1;B01
201500034707;0;7;0;0;2;2;15;A01
201500034708;1;2;0;0;1;0;0;A01
201500034709;0;7;0;0;1;4;20;A01
201500034710;0;33;0;12;0;1;1;A01
201500034711;0;1;0;0;1;1;17;A01
201500034712;0;7;0;0;1;2;1;A01
201500034713;1;7;0;0;1;1;1;A01
201500034714;0;7;0;0;2;3;1;B01
201500034714;0;7;0;0;2;2;1;A01
201500034715;0;7;0;0;1;3;1;A01
201500034716;0;2;0;0;2;1;8;A01
201500034716;0;37;1;0;2;3;8;B01
201500034717;0;10;0;0;2;3;15;A01
201500034717;0;2;0;0;2;1;0;B01
201500034718;0;7;0;0;2;7;15;A01
201500034718;0;7;0;0;2;1;1;B01
201500034719;0;7;0;0;1;2;1;A01
201500034720;0;2;0;0;2;7;17;A01
201500034720;0;7;0;0;2;3;1;B01
201500034721;0;7;0;0;2;1;1;B01
201500034721;0;30;0;0;2;2;15;A01
201500034722;0;33;0;0;2;1;1;B01
201500034722;0;7;0;0;2;6;10;A01
201500034723;0;7;0;0;2;6;1;A01
201500034723;0;2;0;0;2;1;8;B01
201500034724;0;2;0;0;1;1;1;A01
201500034725;0;7;0;0;1;2;15;A01
201500034726;0;7;0;0;1;7;1;A01
201500034727;0;7;0;0;2;1;13;A01
201500034727;0;7;0;0;2;3;1;B01
201500034728;0;7;0;0;2;2;17;A01
201500034728;0;7;0;0;2;3;1;B01
201500034729;0;7;0;0;2;3;1;B01
201500034729;0;2;0;0;2;7;1;A01
201500034730;0;7;0;0;2;1;1;B01
201500034730;0;33;0;0;2;1;13;A01
201500034731;0;2;0;0;2;1;1;B01
201500034731;0;7;0;0;2;3;15;A01
201500034732;0;7;0;0;2;2;1;A01
201500034732;0;7;0;0;2;8;1;B01
201500034733;0;7;0;0;2;3;1;B01
201500034733;0;2;0;0;2;1;13;A01
201500034734;0;7;0;0;2;2;1;A01
201500034734;0;7;0;0;2;7;24;B01
201500034735;0;7;0;0;2;1;1;A01
201500034735;0;7;0;0;2;1;1;B01
201500034735;0;7;0;0;2;4;1;C01
201500034736;0;2;0;0;0;0;1;A01
201500034737;0;7;0;0;2;1;9;A01
201500034737;0;7;0;0;2;2;1;B01
201500034738;0;7;0;0;1;1;1;A01
201500034739;0;7;0;0;2;4;1;A01
201500034739;0;1;0;0;2;1;1;B01
201500034740;0;7;0;8;0;1;14;A01
201500034741;0;7;0;0;2;1;15;A01
201500034741;0;7;0;0;2;1;1;B01
201500034741;0;7;0;0;2;1;1;C01
201500034742;0;7;0;0;1;4;4;A01
201500034743;0;7;0;0;2;1;1;A01
201500034743;0;7;0;0;2;4;23;B01
201500034744;0;2;0;0;2;1;15;A01
201500034744;0;7;0;0;2;3;15;B01
201500034745;0;1;0;0;2;1;1;A01
201500034745;0;7;0;0;2;3;15;B01
201500034746;2;7;0;0;2;8;13;A01
201500034746;0;2;0;0;2;7;1;B01
201500034747;0;7;0;0;2;8;10;A01
201500034747;0;33;0;0;2;1;1;B01
201500034748;0;7;0;0;2;3;15;A01
201500034748;0;2;0;0;2;3;1;B01
201500034749;0;7;0;0;2;2;15;A01
201500034749;0;7;0;0;2;8;1;B01
201500034750;0;2;0;0;1;1;1;A01
201500034751;0;33;0;0;2;2;1;A01
201500034751;0;7;0;0;2;1;1;B01
201500034752;0;2;0;0;2;1;1;A01
201500034752;2;7;0;0;2;3;0;B01
201500034753;0;7;0;0;2;1;1;A01
201500034753;0;7;0;0;2;4;1;B01
201500034753;0;7;0;0;2;4;1;C01
201500034754;0;7;0;0;1;2;1;A01
201500034755;1;7;0;0;2;2;15;A01
201500034755;0;1;0;0;2;7;19;B01
201500034756;0;7;0;0;2;2;10;A01
201500034756;0;2;0;0;2;1;1;B01
201500034757;0;7;0;0;2;3;1;A01
201500034757;0;7;0;0;2;7;1;B01
201500034758;0;2;0;0;2;8;1;A01
201500034758;0;7;0;0;2;2;15;B01
201500034759;0;7;0;0;2;1;15;A01
201500034759;0;7;0;0;2;3;1;B01
201500034760;0;7;0;0;2;2;1;B01
201500034760;0;2;0;0;2;1;1;A01
201500034761;0;15;0;0;2;2;0;A01
201500034761;0;7;0;0;2;8;0;B01
201500034761;0;7;0;0;2;3;0;C01
201500034762;0;7;0;0;2;2;15;A01
201500034762;0;33;0;0;2;0;1;B01
201500034763;0;7;0;0;1;3;1;A01
201500034764;0;7;0;0;1;1;1;A01
201500034765;0;7;0;0;2;5;5;A01
201500034765;0;7;0;0;2;7;1;B01
201500034766;0;7;0;0;9;3;1;A01
201500034766;0;1;0;0;2;8;0;B01
201500034767;0;7;0;0;1;2;1;A01
201500034768;0;7;0;0;9;1;15;A01
201500034768;0;1;0;0;2;6;1;B01
201500034769;0;7;0;0;1;3;1;A01
201500034770;0;2;0;0;2;8;1;A01
201500034770;1;15;0;0;2;7;17;Z01
201500034771;0;7;0;0;2;1;1;B01
201500034771;0;7;0;0;2;3;19;A01
201500034772;0;1;0;0;1;1;1;A01
201500034773;0;33;0;5;0;1;1;A01
201500034774;0;7;0;0;2;1;1;A01
201500034774;0;7;0;0;2;6;1;B01
201500034775;0;7;0;0;1;1;15;A01
201500034776;0;7;0;0;2;4;1;A01
201500034776;0;7;0;0;2;1;1;B01
201500034776;0;7;0;0;2;1;1;C01
201500034777;0;7;0;0;2;2;1;B01
201500034777;0;7;0;0;2;2;15;A01
201500034778;0;30;0;0;2;1;1;A01
201500034778;0;7;0;0;2;3;15;B01
201500034779;0;7;0;0;1;3;15;A01
201500034780;0;7;0;0;1;1;1;A01
201500034781;0;7;0;0;2;8;15;A01
201500034781;0;2;0;0;2;1;17;B01
201500034782;0;2;0;0;2;1;1;A01
201500034782;0;7;0;0;2;2;16;B01
201500034783;0;30;0;0;2;8;1;B01
201500034783;0;7;0;0;2;7;0;A01
201500034784;0;7;0;0;1;3;15;Z01
201500034785;0;7;0;0;2;1;15;B01
201500034785;0;31;0;0;2;7;1;A01
201500034786;0;1;0;0;2;1;1;B01
201500034786;0;7;0;0;2;7;15;A01
201500034787;0;7;0;0;2;1;1;A01
201500034787;0;7;0;0;2;4;23;B01
201500034788;0;7;0;0;2;2;15;A01
201500034788;0;7;0;0;2;1;1;B01
201500034789;0;7;0;0;1;7;1;A01
201500034790;0;7;0;0;0;0;1;A01
201500034791;0;2;0;0;2;1;1;B01
201500034791;0;7;0;0;2;1;15;A01
201500034792;0;7;0;0;2;7;15;B01
201500034792;0;7;0;0;2;1;9;A01
201500034793;0;7;0;0;2;8;1;B01
201500034793;0;7;0;0;2;1;1;A01
201500034794;0;7;0;12;2;1;1;A01
201500034794;0;7;0;0;2;1;0;B02
201500034795;0;7;0;0;1;1;1;A01
201500034796;0;7;0;0;1;4;4;A01
201500034797;1;7;0;0;2;1;9;B01
201500034797;0;1;0;0;2;4;1;A01
201500034798;0;7;0;0;1;2;1;A01
201500034799;0;7;0;11;0;1;1;A01
201500034800;0;7;0;0;2;1;1;A01
201500034800;0;7;0;0;2;4;1;B01
201500034801;0;2;0;0;2;7;16;B01
201500034801;0;7;0;0;2;7;15;A01
201500034802;0;7;0;0;2;7;16;A01
201500034802;0;1;0;0;2;1;1;B01
201500034803;0;37;1;0;2;3;1;B01
201500034803;0;7;0;0;2;7;16;A01
201500034804;0;7;0;0;2;1;1;A01
201500034804;0;7;0;0;1;4;1;B01
201500034805;0;2;0;0;9;1;3;A01
201500034805;0;1;0;0;2;7;19;B01
201500034806;0;7;0;0;2;1;1;A01
201500034806;0;7;0;0;2;1;1;B01
201500034806;0;7;0;0;2;4;1;C01
201500034807;0;2;0;0;2;1;1;A01
201500034807;0;7;0;0;2;6;1;B01
201500034808;0;7;0;0;2;3;15;B01
201500034808;0;7;0;0;2;2;1;A01
201500034809;0;7;0;0;1;1;1;A01
201500034810;0;7;0;0;2;1;15;A01
201500034810;0;31;0;0;2;3;1;B01
201500034811;0;7;0;0;2;3;15;B01
201500034811;0;33;0;0;2;1;1;A01
201500034812;0;33;0;0;2;1;17;A01
201500034812;0;10;0;0;2;6;17;B01
201500034813;0;7;0;0;1;1;1;A01
201500034814;0;7;0;0;2;1;15;A01
201500034814;0;7;0;0;2;8;16;B01
201500034815;0;7;0;0;2;1;1;B01
201500034815;0;7;0;0;2;2;15;A01
201500034816;1;7;0;0;1;1;1;A01
201500034817;0;7;0;0;2;1;17;A01
201500034817;0;7;0;0;2;1;1;B01
201500034818;0;7;0;0;1;2;1;A01
201500034819;0;7;0;0;2;3;9;B01
201500034819;0;7;0;0;2;3;9;A01
201500034820;0;7;0;0;2;4;4;A01
201500034820;0;7;0;0;2;8;1;B01
201500034821;0;7;0;0;1;3;1;A01
201500034822;0;7;0;0;2;1;17;A01
201500034822;0;7;0;0;2;8;15;B01
201500034823;0;7;0;0;2;1;15;B01
201500034823;0;2;0;0;2;3;1;A01
201500034824;0;7;0;0;1;2;1;A01
201500034825;0;7;0;0;2;2;15;A01
201500034825;0;7;0;0;2;8;1;B01
201500034826;0;10;0;0;2;1;15;B01
201500034826;0;7;0;0;2;7;1;A01
201500034827;0;2;0;0;2;7;0;A01
201500034827;0;7;0;0;2;3;1;B01
201500034828;0;7;0;0;2;1;15;A01
201500034828;0;7;0;0;2;3;1;B01
201500034829;0;3;0;0;2;1;13;A01
201500034829;0;7;0;0;2;7;0;B01
201500034830;0;2;0;0;2;1;1;A01
201500034830;0;7;0;0;2;2;1;B01
201500034831;0;1;0;0;2;1;5;A01
201500034831;0;7;0;0;9;1;16;B01
201500034832;0;7;0;0;2;1;15;A01
201500034832;0;7;0;0;2;8;1;B01
201500034833;0;7;0;0;1;1;1;A01
201500034834;0;7;0;0;1;1;1;A01
201500034835;0;7;0;0;1;3;1;A01
201500034836;0;3;0;0;1;1;1;A01
201500034837;0;7;0;0;2;1;1;A01
201500034837;0;7;0;0;2;4;1;B01
201500034838;0;37;1;0;2;2;21;A01
201500034838;0;7;0;0;2;1;20;B01
201500034839;0;7;0;0;1;1;1;A01
201500034840;0;33;0;0;2;2;1;A01
201500034840;0;7;0;0;2;3;16;B01
201500034841;0;7;0;0;2;1;1;A01
201500034841;0;7;0;0;2;4;1;B01
201500034842;0;7;0;0;2;2;9;A01
201500034842;0;1;0;0;2;1;5;B01
201500034843;1;33;0;0;1;0;0;A01
201500034844;0;7;0;0;1;1;1;A01
201500034845;0;10;0;0;1;8;1;A01
201500034846;0;1;0;0;2;3;1;A01
201500034846;0;37;1;0;2;7;1;B01
201500034847;0;7;0;0;1;2;1;A01
201500034848;0;33;0;0;0;7;1;A01
201500034848;0;33;0;0;0;7;1;B01
201500034849;0;33;0;0;2;1;1;A01
201500034849;0;7;0;0;2;3;15;B01
201500034850;0;7;0;0;9;1;15;A01
201500034851;0;7;0;0;1;2;1;A01
201500034852;0;7;0;0;2;7;1;A01
201500034852;0;7;0;0;2;1;1;B01
201500034853;0;33;0;0;0;7;1;A01
201500034854;0;7;0;0;1;3;1;A01
201500034855;0;7;0;0;1;0;0;A01
201500034856;0;1;0;0;2;1;21;B01
201500034856;0;7;0;0;2;1;9;A01
201500034857;0;7;0;0;2;3;15;A01
201500034857;0;2;0;0;2;1;1;B01
201500034857;0;7;0;0;2;3;1;C01
201500034858;0;7;0;0;9;8;22;A01
201500034858;0;1;0;1;0;1;21;B01
201500034859;0;33;0;0;2;2;17;A01
201500034859;0;7;0;0;2;3;15;B01
201500034860;0;7;0;0;1;1;1;A01
201500034861;0;7;0;0;2;8;1;B01
201500034861;0;7;0;0;2;3;1;C01
201500034861;0;7;0;0;2;3;13;A01
201500034862;0;7;0;0;2;8;19;A01
201500034862;0;13;0;0;2;1;1;B01
201500034863;0;7;0;0;2;3;9;A01
201500034863;0;2;0;0;2;2;0;B01
201500034864;0;7;0;0;1;1;1;A01
201500034865;0;2;0;0;2;1;1;B01
201500034865;0;7;0;0;2;3;9;A01
201500034866;0;7;0;0;2;8;15;A01
201500034866;0;7;0;0;2;1;1;B01
201500034867;0;7;0;0;2;3;13;A01
201500034867;0;7;0;0;2;3;1;B01
201500034868;0;7;0;0;2;3;1;A01
201500034868;0;2;0;0;2;1;1;B01
201500034869;0;38;3;0;2;1;1;B01
201500034869;0;7;0;0;2;1;13;A01
201500034870;0;7;0;15;1;4;4;A01
201500034871;0;7;0;2;0;3;5;A01
201500034872;0;7;0;0;1;7;1;A01
201500034873;0;7;0;0;2;2;15;A01
201500034873;0;34;0;0;2;1;1;B01
201500034874;0;10;0;0;2;1;13;A01
201500034874;0;7;0;0;2;8;1;B01
201500034874;0;7;0;0;2;2;1;C01
201500034875;0;7;0;8;0;1;19;A01
201500034876;0;2;0;0;2;1;2;A01
201500034876;0;7;0;0;2;4;23;B01
201500034877;0;7;0;0;2;7;15;A01
201500034877;0;1;0;0;2;1;1;B01
201500034878;0;33;0;16;0;9;12;A01
201500034879;0;7;0;0;2;1;1;B01
201500034879;0;7;0;0;2;7;19;A01
201500034880;0;7;0;0;1;1;1;A01
201500034881;0;7;0;0;2;8;23;B01
201500034881;0;7;0;0;2;3;16;A01
201500034882;0;7;0;0;1;6;4;A01
201500034883;0;7;0;0;1;1;1;A01
201500034884;0;7;0;0;2;3;15;A01
201500034884;0;7;0;0;2;3;1;B01
201500034885;0;7;0;0;1;1;16;A01
201500034886;0;2;0;0;2;1;1;B01
201500034886;0;7;0;0;2;2;15;A01
201500034887;0;7;0;0;2;1;0;B01
201500034887;0;33;0;0;2;1;0;A01
201500034888;0;2;0;0;2;1;1;A01
201500034888;0;7;0;0;2;8;15;B01
201500034889;0;7;0;0;2;5;16;B01
201500034889;0;33;0;0;2;1;1;A01
201500034890;0;7;0;0;2;3;15;B01
201500034890;0;2;0;0;2;1;1;A01
201500034891;0;7;0;0;2;7;1;A01
201500034891;0;2;0;0;2;1;1;B01
201500034892;0;7;0;0;2;1;0;B01
201500034892;0;2;0;0;2;1;0;A01
201500034893;0;7;0;0;2;3;5;A01
201500034893;0;7;0;0;2;3;1;B01
201500034894;1;7;0;0;2;2;0;A01
201500034894;0;2;0;0;2;7;1;B01
201500034895;0;7;0;1;0;0;0;A01
201500034895;0;20;0;0;2;6;23;B01
201500034896;0;7;0;0;0;4;2;A01
201500034896;0;1;0;0;2;5;2;B01
201500034897;0;33;0;14;0;1;1;A01
201500034898;0;7;0;0;9;3;2;A01
201500034898;0;21;0;0;0;4;2;B01
201500034899;0;7;0;0;2;3;10;A01
201500034899;0;7;0;0;2;1;1;B01
201500034900;0;7;0;0;2;2;15;A01
201500034900;0;33;0;0;2;1;5;B01
201500034901;0;7;0;2;0;7;1;A01
201500034902;0;7;0;2;0;8;1;A01
201500034903;0;7;0;0;9;0;1;A01
201500034904;0;7;0;0;2;1;2;A01
201500034904;0;7;0;0;1;1;23;B01
201500034905;0;7;0;0;1;2;1;A01
201500034906;0;33;0;15;0;1;1;A01
201500034907;0;3;0;0;1;1;1;A01
201500034908;0;1;0;0;2;1;1;B01
201500034908;0;7;0;0;2;3;19;A01
201500034909;0;7;0;0;2;9;1;B01
201500034909;0;7;0;0;2;1;1;C01
201500034909;0;7;0;0;2;1;1;A01
201500034910;0;7;0;0;2;2;10;A01
201500034910;0;30;0;6;2;1;1;B01
201500034911;0;7;0;0;2;3;2;A01
201500034911;0;7;0;0;2;9;1;B01
201500034911;0;7;0;6;2;9;14;C01
201500034912;0;7;0;0;2;3;19;A01
201500034912;0;30;0;0;2;7;1;B01
201500034913;0;7;0;13;0;1;14;A01
201500034914;0;7;0;0;1;4;4;A01
201500034915;0;37;0;0;1;2;16;A01
201500034916;0;7;0;0;2;1;19;A01
201500034916;0;1;0;11;2;8;1;B01
201500034917;0;7;0;0;2;3;15;A01
201500034917;0;1;0;0;2;1;1;B01
201500034918;0;7;0;0;2;3;1;A01
201500034918;0;7;0;0;2;5;15;B01
201500034918;0;7;0;12;2;3;1;C01
201500034919;0;31;0;0;2;7;1;A01
201500034919;0;7;0;0;2;3;16;B01
201500034920;0;7;0;0;2;2;1;A01
201500034920;0;7;0;0;2;2;1;B01
201500034921;0;7;0;0;2;4;1;A01
201500034921;1;7;0;0;2;1;2;Z01
201500034922;0;7;0;8;0;7;13;A01
201500034923;0;7;0;12;1;3;1;A01
201500034924;0;33;0;0;2;1;1;B01
201500034924;0;7;0;0;2;5;19;A01
201500034925;0;7;0;3;0;9;1;A01
201500034926;0;7;0;0;1;1;21;A01
201500034927;0;7;0;3;0;3;13;A01
201500034928;0;7;0;0;2;8;1;B01
201500034928;0;7;0;11;2;1;19;A01
201500034929;0;7;0;0;2;2;19;B01
201500034929;0;7;0;0;2;8;19;A01
201500034930;0;7;0;13;0;9;19;A01
201500034931;0;7;0;13;2;1;13;A01
201500034931;0;7;0;13;2;1;1;B01
201500034932;0;7;0;0;2;1;13;A01
201500034932;0;7;0;6;2;3;13;B01
201500034933;0;7;0;0;2;2;1;A01
201500034933;0;1;0;0;2;1;1;B01
201500034934;0;7;0;0;1;8;1;A01
201500034935;0;7;0;0;2;2;19;A01
201500034935;0;7;0;0;2;1;1;B01
201500034936;0;7;0;6;0;1;13;A01
201500034937;0;37;0;0;0;0;1;A01
201500034937;0;1;0;0;0;0;0;B01
201500034938;0;10;0;0;2;1;1;B01
201500034938;0;33;0;4;2;8;13;A01
201500034939;0;7;0;0;1;1;1;A01
201500034940;0;7;0;2;0;7;13;A01
201500034941;0;7;0;6;2;8;1;B01
201500034941;0;7;0;0;2;1;19;A01
201500034942;0;7;0;0;2;3;13;A01
201500034942;0;17;0;0;2;3;1;B01
201500034943;0;7;0;8;0;1;13;A01
201500034944;0;10;0;0;2;3;15;A01
201500034944;0;2;0;0;2;1;1;B01
201500034945;0;7;0;0;2;1;2;A01
201500034945;0;7;0;0;2;4;2;B01
201500034946;0;7;0;0;2;1;19;A01
201500034946;0;7;0;0;2;7;1;B01
201500034947;0;7;0;0;2;3;13;A01
201500034947;0;10;0;0;2;3;1;B01
201500034948;0;33;0;0;2;1;1;A01
201500034948;0;7;0;0;2;5;15;B01
201500034949;0;7;0;0;2;1;15;A01
201500034949;0;33;0;0;2;1;1;B01
201500034950;0;7;0;0;2;1;1;B01
201500034950;0;7;0;0;2;8;1;A01
201500034951;0;7;0;0;2;3;19;A01
201500034951;0;30;0;0;2;1;17;B01
201500034952;0;7;0;13;0;0;13;A01
201500034953;0;7;0;2;0;9;13;A01
201500034954;0;7;0;0;2;3;19;A01
201500034954;0;34;0;0;2;7;17;B01
201500034955;0;7;0;0;2;7;15;A01
201500034955;0;7;0;0;2;2;1;B01
201500034956;0;7;0;0;2;7;19;A01
201500034956;0;30;0;0;2;1;1;B01
201500034957;0;7;0;0;2;0;1;A01
201500034957;0;1;0;0;0;4;1;B01
201500034958;0;7;0;0;2;7;15;A01
201500034958;0;1;0;0;2;1;1;B01
201500034959;0;7;0;0;0;3;13;A01
201500034959;0;10;0;0;2;6;1;B01
201500034960;0;7;0;3;2;1;13;A01
201500034960;0;7;0;0;2;1;1;B01
201500034961;0;7;0;0;1;3;15;A01
201500034962;0;7;0;0;2;2;1;B01
201500034962;0;7;0;0;2;3;1;A01
201500034963;0;38;1;0;1;2;1;A01
201500034964;0;7;0;0;1;2;1;A01
201500034965;0;33;0;0;2;1;17;B01
201500034965;0;7;0;0;2;1;15;A01
201500034966;0;33;0;13;0;1;1;A01
201500034967;0;7;0;0;1;1;0;A01
201500034968;0;7;0;0;2;0;0;A01
201500034969;0;34;0;0;2;1;21;B01
201500034969;0;7;0;0;2;1;9;A01
201500034970;0;7;0;0;2;3;9;A01
201500034970;0;2;0;0;2;1;1;B01
201500034971;0;7;0;0;0;4;17;A01
201500034971;0;33;0;14;2;1;2;B01
201500034972;1;7;0;0;1;0;0;Z01
201500034973;0;33;0;0;2;1;1;B01
201500034973;0;7;0;0;2;2;10;A01
201500034974;0;2;0;0;1;1;0;A01
201500034975;0;33;0;0;2;1;1;B01
201500034975;0;7;0;0;9;7;15;A01
201500034975;0;7;0;0;2;3;1;C01
201500034976;0;7;0;15;0;3;13;A01
201500034977;0;33;0;0;2;1;2;A01
201500034977;0;7;0;0;2;8;0;B01
201500034978;0;7;0;0;2;3;23;B01
201500034978;0;7;0;0;2;2;14;A01
201500034979;0;10;0;0;1;2;6;A01
201500034980;1;7;0;0;1;2;2;X01
201500034981;0;7;0;0;2;2;17;A01
201500034981;0;14;0;0;2;6;23;B01
201500034982;0;7;0;0;1;2;1;A01
201500034983;0;7;0;0;0;3;1;B01
201500034983;0;32;0;0;0;3;1;A01
201500034984;0;7;0;0;1;1;2;A01
201500034985;0;7;0;0;2;1;17;A01
201500034985;0;33;0;0;2;1;1;C01
201500034985;0;7;0;0;9;2;1;B01
201500034986;0;7;0;0;2;1;1;B01
201500034986;0;7;0;0;2;1;9;A01
201500034987;0;7;0;0;2;3;0;C01
201500034987;0;7;0;0;2;1;13;A01
201500034987;0;7;0;0;2;8;0;B01
201500034988;0;7;0;0;2;3;1;B01
201500034988;0;2;0;0;2;8;9;A01
201500034989;0;7;0;0;2;1;1;B01
201500034989;0;7;0;0;2;1;15;A01
201500034990;0;2;0;0;0;0;1;A01
201500034990;0;7;0;0;0;0;1;B01
201500034991;0;33;0;0;0;0;0;B01
201500034991;0;7;0;0;0;0;0;A01
201500034992;0;33;0;0;0;0;0;B01
201500034992;0;7;0;0;0;0;0;A01
201500034993;0;34;0;8;1;1;0;A01
201500034994;0;7;0;0;2;3;1;A01
201500034994;0;7;0;0;2;1;15;B01
201500034995;0;10;0;0;1;2;1;A01
201500034996;0;7;0;0;2;3;15;B01
201500034996;0;2;0;0;2;1;17;A01
201500034997;0;7;0;0;2;8;15;A01
201500034997;0;34;0;0;2;1;1;B01
201500034998;0;7;0;0;2;1;2;A01
201500034998;0;10;0;0;2;4;2;B01
201500034999;0;33;0;0;1;1;17;A01
201500035000;0;36;0;0;1;1;2;A01
201500035001;0;33;0;0;2;1;1;B01
201500035001;0;7;0;0;2;1;1;A01
201500035002;0;7;0;0;1;4;4;A01
201500035003;0;33;0;0;2;1;9;B01
201500035003;0;7;0;0;2;8;9;A01
201500035004;0;7;0;0;1;6;4;A01
201500035005;0;7;0;0;1;2;1;A01
201500035006;0;7;0;2;0;1;14;A01
201500035007;0;7;0;0;2;1;1;B01
201500035007;0;1;0;0;2;8;19;A01
201500035008;0;10;0;0;2;2;2;B01
201500035008;0;32;0;0;2;4;2;A01
201500035009;0;7;0;0;1;3;1;A01
201500035010;0;1;0;0;2;1;9;B01
201500035010;0;7;0;0;9;3;1;A01
201500035011;0;7;0;0;2;0;2;A01
201500035011;0;2;0;0;2;8;13;B01
201500035012;0;33;0;0;2;1;13;A01
201500035012;0;10;0;0;2;2;1;B01
201500035013;0;36;0;0;2;1;13;B01
201500035013;0;7;0;0;2;1;1;A01
201500035014;0;7;0;0;2;1;1;A01
201500035014;0;34;0;0;2;8;1;B01
201500035015;0;33;0;0;2;1;13;B01
201500035015;0;7;0;0;2;3;0;A01
201500035016;0;7;0;0;2;1;1;C01
201500035016;0;7;0;0;2;1;13;A01
201500035016;0;7;0;0;2;6;1;B01
201500035017;0;14;0;0;1;6;4;A01
201500035018;0;7;0;0;2;3;15;A01
201500035018;0;34;0;0;2;7;16;B01
201500035019;0;7;0;0;2;1;16;A01
201500035019;0;1;0;0;2;8;1;B01
201500035020;0;33;0;0;2;1;17;A01
201500035020;0;7;0;0;2;3;9;B01
201500035021;0;7;0;0;1;7;0;A01
201500035022;0;7;0;1;1;2;14;A01
201500035023;0;33;0;0;2;2;17;A01
201500035023;0;7;0;0;2;8;15;B01
201500035024;0;33;0;10;0;8;13;A01
201500035025;0;34;0;0;1;1;1;A01
201500035026;0;7;0;0;2;3;19;A01
201500035026;0;34;0;0;2;1;1;B01
201500035027;0;30;0;0;2;3;1;A01
201500035027;0;30;0;0;2;0;1;B01
201500035028;0;1;0;0;2;3;19;B01
201500035028;0;33;0;0;2;2;17;A01
201500035029;0;31;0;0;2;1;13;A01
201500035029;0;7;0;0;2;3;1;B01
201500035030;0;33;0;0;2;1;2;A01
201500035030;0;7;0;0;2;6;2;B01
201500035031;0;10;0;0;1;5;1;A01
201500035032;0;7;0;0;1;6;4;A01
201500035033;0;32;0;0;2;2;3;A01
201500035033;0;7;0;0;2;8;15;B01
201500035034;0;7;0;0;1;1;9;A01
201500035035;0;30;0;0;2;1;1;B01
201500035035;0;7;0;0;2;3;15;A01
201500035036;0;33;0;0;9;0;17;B01
201500035036;0;1;0;5;0;2;1;A01
201500035037;0;7;0;0;1;1;2;A01
201500035038;0;10;0;0;2;1;1;C01
201500035038;0;7;0;0;2;6;2;B01
201500035038;0;10;0;0;2;1;21;A01
201500035039;0;7;0;0;0;8;15;B01
201500035039;0;30;0;0;2;1;17;A01
201500035040;1;7;0;0;1;1;1;A01
201500035041;0;10;0;0;2;4;4;A01
201500035041;0;1;0;0;0;0;0;B01
201500035042;0;7;0;14;1;1;1;A01
201500035043;0;7;0;0;1;1;1;A01
201500035044;0;7;0;0;1;7;0;A01
201500035045;0;7;0;0;1;1;1;A01
201500035046;0;34;0;0;0;0;1;A01
201500035046;0;7;0;0;0;0;20;B01
201500035047;0;7;0;0;2;1;1;B01
201500035047;0;7;0;0;0;6;2;A01
201500035048;0;33;0;0;2;1;13;A01
201500035048;0;7;0;0;9;8;1;C01
201500035048;0;7;0;0;2;3;1;B01
201500035049;0;10;0;0;2;5;19;A01
201500035049;0;33;0;0;2;7;1;B01
201500035050;0;7;0;0;2;6;5;A01
201500035050;0;33;0;0;2;1;1;B01
201500035051;0;7;0;0;1;4;4;A01
201500035052;0;7;0;12;0;0;1;A01
201500035053;0;7;0;0;9;0;0;B01
201500035053;0;1;0;0;2;7;19;A01
201500035054;0;7;0;0;1;1;15;A01
201500035055;0;7;0;0;0;6;23;B01
201500035055;0;7;0;14;0;1;2;A01
201500035056;0;7;0;0;2;7;10;A01
201500035056;0;7;0;0;2;1;1;B01
201500035057;0;7;0;0;2;4;23;B01
201500035057;0;7;0;0;2;1;2;A01
201500035058;0;7;0;13;0;2;1;A01
201500035059;0;30;0;0;2;1;1;A01
201500035059;1;7;0;0;2;0;15;B01
201500035060;0;30;0;0;2;1;1;B01
201500035060;0;7;0;0;2;1;15;A01
201500035061;0;7;0;0;2;1;0;A01
201500035061;0;7;0;0;2;3;1;B01
201500035062;0;7;0;0;0;7;0;A01
201500035062;0;30;0;0;2;3;0;B01
201500035063;0;7;0;0;2;4;2;C01
201500035063;0;7;0;0;2;1;2;B01
201500035063;0;7;0;0;2;1;2;A01
201500035064;0;7;0;6;0;1;16;A01
201500035065;0;7;0;0;2;1;1;B01
201500035065;0;7;0;0;2;1;13;A01
201500035066;0;7;0;0;1;1;1;A01
201500035067;0;7;0;0;2;3;13;A01
201500035067;0;7;0;0;2;1;1;C01
201500035067;0;7;0;0;2;3;1;B01
201500035068;0;30;0;0;2;1;2;A01
201500035068;0;7;0;0;2;6;1;B01
201500035069;0;7;0;0;1;2;2;A01
201500035070;0;2;0;0;0;0;1;A01
201500035071;0;7;0;3;0;2;1;A01
201500035072;0;7;0;0;1;3;19;A01
201500035073;0;7;0;2;0;0;0;A01
201500035074;0;7;0;1;0;3;1;A01
201500035074;0;7;0;1;0;5;0;B01
201500035075;0;7;0;0;2;1;2;D01
201500035075;0;1;0;0;2;8;1;B01
201500035075;0;7;0;0;2;0;5;C01
201500035075;0;7;0;0;2;1;5;A01
201500035076;0;7;0;1;0;2;14;A01
201500035077;0;7;0;0;2;1;2;A01
201500035077;0;1;0;0;2;4;2;B01
201500035078;0;37;1;0;1;0;0;A01
201500035079;0;7;0;0;2;1;2;B01
201500035079;0;37;0;0;2;1;2;A01