num_acc;senc;catv;occutc;obs;obsm;choc;manv;num_veh
201500035080;0;7;0;0;1;3;1;A01
201500035081;0;2;0;0;2;1;1;B01
201500035081;0;7;0;0;2;2;15;A01
201500035082;0;7;0;0;2;8;19;A01
201500035082;0;2;0;0;2;1;1;B01
201500035083;0;7;0;0;2;3;13;A01
201500035083;0;33;0;0;2;1;1;B01
201500035084;0;7;0;0;0;3;1;A01
201500035084;0;1;0;0;0;4;1;B01
201500035085;0;7;0;0;2;2;5;A01
201500035085;0;7;0;0;2;2;2;B01
201500035086;0;7;0;0;2;3;1;B01
201500035086;0;7;0;0;2;3;0;A01
201500035087;0;33;0;0;2;6;1;A01
201500035087;0;7;0;0;2;3;9;B01
201500035088;0;1;0;0;2;4;1;B01
201500035088;0;7;0;0;2;3;9;A01
201500035089;0;2;0;14;0;1;0;A01
201500035090;0;2;0;0;2;1;5;A01
201500035090;0;7;0;0;2;1;1;B01
201500035091;0;33;0;0;9;1;2;A01
201500035091;0;1;0;0;9;0;2;B01
201500035092;0;7;0;0;1;2;0;A01
201500035093;0;10;0;4;0;0;1;A01
201500035094;0;7;0;0;1;2;1;A01
201500035095;0;2;0;2;0;1;1;A01
201500035096;0;32;0;0;0;1;1;A01
201500035097;0;30;0;0;0;7;21;A01
201500035098;0;33;0;0;2;1;1;B01
201500035098;0;7;0;0;2;3;9;A01
201500035099;0;7;0;13;0;8;0;A01
201500035100;0;7;0;0;1;1;1;A01
201500035101;0;7;0;0;2;3;1;B01
201500035101;0;1;0;0;2;1;19;A01
201500035102;0;1;0;0;2;0;0;B01
201500035102;0;7;0;0;2;2;16;A01
201500035103;0;7;0;0;2;3;1;B01
201500035103;0;7;0;0;2;3;13;A01
201500035104;0;7;0;0;2;8;15;B01
201500035104;0;31;0;0;2;1;17;A01
201500035105;0;31;0;0;2;1;17;A01
201500035105;0;7;0;0;2;2;15;B01
201500035106;0;7;0;0;2;3;15;A01
201500035106;0;2;0;0;2;1;17;B01
201500035107;0;1;0;0;2;8;1;A01
201500035107;0;7;0;0;9;5;16;B01
201500035108;0;7;0;0;0;3;1;B01
201500035108;0;10;0;0;0;0;1;A01
201500035109;0;30;0;12;0;3;5;A01
201500035110;0;10;0;0;1;4;4;A01
201500035111;1;99;0;0;2;7;17;B01
201500035111;0;7;0;0;2;8;1;A01
201500035112;1;7;0;0;1;0;0;Z01
201500035113;0;7;0;0;2;4;2;B01
201500035113;0;7;0;0;2;1;2;A01
201500035114;0;7;0;0;2;3;9;A01
201500035114;0;1;0;0;2;4;0;B01
201500035115;0;32;0;0;2;1;2;A01
201500035115;0;7;0;0;2;4;23;B01
201500035116;0;7;0;0;1;1;1;A01
201500035117;0;30;0;1;0;3;18;A01
201500035117;0;7;0;0;2;2;23;B01
201500035118;0;7;0;0;1;4;4;A01
201500035119;0;32;0;0;2;0;0;B01
201500035119;1;34;0;0;2;8;5;Z01
201500035120;0;3;0;0;9;3;1;A01
201500035120;0;1;0;0;0;0;0;B01
201500035121;0;7;0;0;2;4;2;B01
201500035121;0;30;0;0;2;1;2;A01
201500035122;0;7;0;0;1;2;1;A01
201500035123;0;33;0;0;0;0;0;A01
201500035124;0;7;0;0;1;4;4;A01
201500035125;0;7;0;0;2;3;10;A01
201500035125;0;34;0;0;2;7;17;B01
201500035126;0;33;0;0;2;1;1;B01
201500035126;0;7;0;0;2;3;15;A01
201500035127;0;32;0;0;2;1;1;A01
201500035127;0;7;0;0;2;8;15;B01
201500035128;0;32;0;0;2;1;2;B01
201500035128;0;7;0;11;0;2;14;A01
201500035129;0;33;0;0;1;7;21;A01
201500035130;0;7;0;0;2;1;5;A01
201500035130;0;7;0;0;2;1;1;B01
201500035131;0;7;0;0;2;0;0;B01
201500035131;0;33;0;0;2;0;17;A01
201500035132;0;7;0;15;0;2;14;A01
201500035133;0;7;0;0;0;4;2;B01
201500035133;0;10;0;0;2;2;2;A01
201500035134;0;7;0;0;2;1;15;A01
201500035134;0;33;0;0;2;1;1;B01
201500035135;0;30;0;0;0;7;1;A01
201500035136;0;15;0;0;9;7;2;B01
201500035136;0;1;0;0;2;1;2;A01
201500035137;1;7;0;0;2;2;16;Z01
201500035137;0;32;0;0;2;3;1;B01
201500035138;0;7;0;0;0;1;1;C01
201500035138;0;13;0;0;0;0;1;A01
201500035138;0;7;0;0;0;1;1;B01
201500035139;0;7;0;0;1;0;0;A01
201500035140;0;31;0;0;1;1;1;A01
201500035141;0;7;0;0;1;2;1;A01
201500035142;0;7;0;0;1;1;0;A01
201500035143;0;33;0;13;0;7;1;A01
201500035144;0;7;0;0;2;3;19;A01
201500035144;0;30;0;0;2;1;1;B01
201500035145;0;7;0;0;1;2;1;A01
201500035146;0;34;0;0;2;1;1;B01
201500035146;0;10;0;0;2;3;15;A01
201500035147;0;7;0;12;0;9;14;A01
201500035148;0;7;0;0;1;3;1;A01
201500035149;0;7;0;1;0;7;13;A01
201500035150;0;7;0;0;1;1;16;A01
201500035151;0;7;0;0;2;6;0;A01
201500035151;0;31;0;0;2;3;0;B01
201500035152;0;7;0;0;2;1;1;B01
201500035152;0;7;0;0;2;1;5;A01
201500035153;0;7;0;0;1;2;1;A01
201500035154;0;10;0;0;2;3;2;B01
201500035154;0;32;0;0;2;7;2;A01
201500035155;0;10;0;0;1;2;13;A01
201500035156;0;7;0;0;1;4;4;A01
201500035157;1;10;0;0;2;8;17;Z01
201500035157;0;33;0;0;2;7;17;A01
201500035158;0;7;0;0;1;4;0;A01
201500035159;0;7;0;0;1;1;1;A01
201500035160;0;7;0;0;1;2;14;A01
201500035161;0;7;0;0;1;2;1;A01
201500035162;0;7;0;0;2;8;0;B01
201500035162;0;30;0;0;2;1;17;A01
201500035163;0;7;0;2;0;2;13;A01
201500035164;0;7;0;10;0;1;1;A01
201500035165;0;7;0;0;2;3;1;B01
201500035165;0;7;0;2;2;3;13;A01
201500035166;0;10;0;0;2;1;1;A01
201500035166;0;30;0;0;2;7;1;B01
201500035167;0;33;0;0;2;7;17;B01
201500035167;1;7;0;0;0;0;0;Z01
201500035168;0;7;0;0;1;2;15;A01
201500035169;0;2;0;0;2;1;1;A01
201500035169;0;7;0;0;2;8;1;B01
201500035170;0;33;0;0;2;8;1;B01
201500035170;0;7;0;0;2;5;12;A01
201500035171;0;7;0;0;2;3;1;C01
201500035171;0;33;0;0;2;7;17;A01
201500035171;0;7;0;0;2;8;15;B01
201500035172;0;7;0;0;0;4;23;A01
201500035172;0;7;0;0;2;1;2;B01
201500035173;0;7;0;0;2;3;1;B01
201500035173;0;30;0;0;2;8;13;A01
201500035174;0;7;0;0;2;1;1;B01
201500035174;0;7;0;0;2;1;1;A01
201500035175;0;7;0;0;1;2;1;A01
201500035176;0;7;0;0;2;3;1;A01
201500035176;0;31;0;0;2;1;1;B01
201500035177;0;33;0;0;0;1;1;A01
201500035178;0;7;0;0;2;5;15;B01
201500035178;0;32;0;0;2;1;1;A01
201500035179;0;33;0;0;9;2;2;A01
201500035180;0;1;0;;2;3;19;A01
201500035180;0;14;0;0;2;3;1;B01
201500035181;0;7;0;0;1;2;0;A01
201500035182;0;7;0;0;2;1;15;A01
201500035182;0;7;0;0;2;8;2;B01
201500035183;0;1;0;0;2;1;1;B01
201500035183;0;7;0;0;2;2;15;A01
201500035184;0;30;0;0;2;7;2;B01
201500035184;0;7;0;0;2;1;1;A01
201500035185;1;7;0;0;1;0;0;A01
201500035186;0;7;0;0;2;3;16;A01
201500035186;0;7;0;0;2;2;1;B01
201500035187;0;7;0;0;1;2;1;A01
201500035188;0;7;0;0;2;8;2;B01
201500035188;0;7;0;0;2;5;2;C01
201500035188;0;7;0;0;2;9;2;A01
201500035189;0;7;0;0;1;2;1;A01
201500035190;0;34;0;0;2;1;1;B01
201500035190;0;7;0;0;2;6;10;A01
201500035191;0;7;0;0;1;2;2;A01
201500035192;0;32;0;0;2;0;0;B01
201500035192;0;7;0;0;2;8;9;A01
201500035193;0;7;0;0;2;1;16;A01
201500035193;0;32;0;0;2;1;1;B01
201500035194;0;7;0;0;1;7;1;A01
201500035195;0;33;0;0;2;1;1;A01
201500035195;0;7;0;0;2;8;15;B01
201500035196;0;7;0;1;1;3;0;A01
201500035197;0;34;0;12;0;9;16;B01
201500035197;0;7;0;0;2;3;0;A01
201500035198;0;1;0;0;2;8;13;B01
201500035198;0;33;0;0;2;7;1;A01
201500035199;0;7;0;0;2;4;2;B01
201500035199;0;30;0;0;2;1;2;A01
201500035200;0;7;0;0;1;2;1;A01
201500035201;1;30;0;0;2;1;5;A01
201500035201;0;10;0;0;2;1;1;B01
201500035202;0;7;0;0;1;1;1;A01
201500035203;0;7;0;0;2;8;5;A01
201500035203;0;33;0;0;2;1;1;B01
201500035204;0;32;0;0;2;1;1;B01
201500035204;0;20;0;0;2;4;4;A01
201500035205;0;34;0;0;1;1;2;A01
201500035206;0;7;0;0;2;7;15;B01
201500035206;0;33;0;0;2;1;1;A01
201500035207;0;7;0;0;2;0;1;B01
201500035207;0;32;0;0;2;0;16;A01
201500035208;0;10;0;0;2;0;0;B01
201500035208;0;7;0;0;2;0;0;A01
201500035209;0;34;0;0;2;0;2;A01
201500035209;0;7;0;0;0;0;15;B01
201500035210;0;32;0;0;2;1;1;B01
201500035210;0;7;0;0;2;3;15;A01
201500035211;0;7;0;0;1;2;0;A01
201500035212;0;33;0;0;2;2;1;A01
201500035212;0;7;0;0;2;1;1;B01
201500035213;0;34;0;0;2;9;1;B01
201500035213;0;7;0;0;2;8;15;A01
201500035214;0;7;0;0;0;4;23;A01
201500035214;0;7;0;0;2;1;2;B01
201500035215;0;7;0;0;2;3;1;B01
201500035215;0;7;0;0;2;3;13;A01
201500035216;0;7;0;0;2;1;2;A01
201500035216;0;7;0;0;2;5;2;B01
201500035217;0;2;0;0;2;1;2;A01
201500035217;1;7;0;0;2;4;2;Z01
201500035218;0;7;0;0;1;5;4;A01
201500035219;0;7;0;0;0;6;15;B01
201500035219;0;32;0;0;2;1;1;A01
201500035220;0;1;0;0;1;1;1;A01
201500035221;0;13;0;0;1;1;1;A01
201500035222;0;10;0;0;2;3;15;B01
201500035222;0;30;0;0;2;1;3;A01
201500035223;0;2;0;6;0;2;1;A01
201500035224;0;2;0;0;2;1;1;A01
201500035224;1;7;0;0;0;2;15;Z01
201500035225;0;7;0;1;1;2;15;A01
201500035226;0;7;0;0;1;1;15;A01
201500035227;0;33;0;0;0;0;0;B01
201500035227;0;7;0;0;0;0;15;A01
201500035228;0;7;0;0;1;3;1;A01
201500035229;0;7;0;0;1;3;14;A01
201500035230;0;1;0;0;2;0;2;A01
201500035230;0;2;0;0;2;0;2;B01
201500035231;1;7;0;0;0;0;0;Z01
201500035231;0;7;0;0;0;4;1;A01
201500035232;0;3;0;0;0;4;2;B01
201500035232;0;30;0;0;0;1;2;A01
201500035233;0;13;0;0;0;0;21;A01
201500035233;0;33;0;0;2;0;21;B01
201500035234;0;3;0;0;2;3;5;A01
201500035234;0;3;0;0;2;8;0;B01
201500035235;0;7;0;0;2;1;15;A01
201500035235;0;31;0;0;2;8;0;B01
201500035236;0;7;0;0;0;1;1;A01
201500035236;0;30;0;0;2;7;1;B01
201500035237;0;1;0;1;0;1;1;B01
201500035238;0;2;0;0;1;1;17;A01
201500035239;0;30;0;1;0;3;13;A01
201500035240;0;30;0;0;2;1;2;B01
201500035240;0;7;0;0;2;3;15;A01
201500035241;0;31;0;0;1;8;21;B01
201500035241;0;7;0;0;2;1;0;A01
201500035242;0;7;0;0;2;3;5;A01
201500035242;0;7;0;0;2;3;1;B01
201500035243;0;7;0;0;1;3;1;A01
201500035244;0;33;0;0;2;1;21;B01
201500035244;0;7;0;0;2;3;15;A01
201500035245;0;33;0;0;0;0;3;A01
201500035245;0;7;0;0;0;0;0;B01
201500035246;0;31;0;0;2;7;15;B01
201500035246;0;7;0;0;2;1;9;A01
201500035247;0;7;0;0;1;2;20;A01
201500035248;0;30;0;0;2;1;1;B01
201500035248;0;7;0;0;2;7;15;A01
201500035249;0;13;0;0;9;8;15;B01
201500035249;0;33;0;0;2;1;0;A01
201500035250;0;7;0;0;2;5;16;B01
201500035250;0;30;0;0;2;8;0;A01
201500035251;0;1;0;0;0;0;0;A01
201500035251;1;2;0;14;0;1;2;B01
201500035252;0;7;0;0;2;1;1;B01
201500035252;0;7;0;1;2;1;5;A01
201500035253;0;31;0;0;2;1;1;A01
201500035253;0;7;0;0;0;0;0;B01
201500035254;0;7;0;0;2;1;2;A01
201500035254;0;7;0;1;2;4;2;B01
201500035255;0;1;0;1;0;1;2;B01
201500035255;0;7;0;0;2;0;0;A01
201500035256;0;7;0;0;2;4;1;B01
201500035256;0;7;0;0;2;1;1;A01
201500035257;0;7;0;0;1;4;4;C01
201500035258;1;33;0;0;1;1;0;Z01
201500035259;0;7;0;0;2;1;1;A02
201500035259;0;7;0;0;2;3;1;E01
201500035259;0;7;0;1;2;0;0;G02
201500035259;0;7;0;1;2;3;0;F01
201500035259;0;7;0;0;2;8;1;D01
201500035259;0;7;0;1;0;7;0;C01
201500035259;0;7;0;0;2;7;15;B01
201500035260;0;30;0;0;1;1;1;A01
201500035261;0;30;0;0;2;1;1;B01
201500035261;0;7;0;0;0;3;0;A01
201500035262;0;7;0;5;0;2;1;A01
201500035262;0;7;0;0;0;5;15;B01
201500035263;0;7;0;0;1;2;1;A01
201500035264;0;7;0;0;1;3;0;A01
201500035265;0;7;0;0;2;3;15;A01
201500035266;0;7;0;0;2;3;13;A01
201500035266;0;2;0;0;2;1;1;B01
201500035267;0;7;0;6;2;1;11;A01
201500035267;0;32;0;0;2;5;0;B01
201500035267;0;31;0;0;2;0;0;C01
201500035268;0;30;0;0;2;4;0;B01
201500035268;0;33;0;0;2;1;0;A01
201500035269;0;32;0;0;2;1;1;B01
201500035269;0;7;0;0;2;2;15;A01
201500035270;0;30;0;0;2;3;1;A01
201500035271;0;7;0;0;2;6;2;B01
201500035271;0;34;0;0;2;6;2;A01
201500035272;0;33;0;0;2;1;1;B01
201500035272;0;7;0;0;2;8;9;A01
201500035273;0;7;0;0;1;1;1;A01
201500035274;0;13;0;0;2;7;12;A01
201500035274;0;7;0;0;9;8;1;B01
201500035275;0;13;0;0;2;2;15;A01
201500035275;0;32;0;0;2;1;1;B01
201500035276;0;10;0;0;1;7;0;A01
201500035277;0;7;0;0;1;4;4;A01
201500035278;0;7;0;0;2;1;15;A01
201500035278;0;30;0;0;2;1;1;B01
201500035279;0;7;0;0;2;1;1;B01
201500035279;0;1;0;0;2;7;19;A01
201500035280;0;7;0;0;2;7;4;A01
201500035280;0;2;0;1;0;1;1;B01
201500035281;0;7;0;0;2;2;14;C01
201500035281;0;7;0;0;2;2;2;Z01
201500035281;0;31;0;0;2;3;1;B01
201500035282;0;7;0;0;0;0;0;B01
201500035282;0;7;0;0;0;0;0;A01
201500035283;0;31;0;0;2;0;1;B01
201500035283;0;7;0;0;2;0;15;A01
201500035284;0;1;0;0;2;1;1;B01
201500035284;0;7;0;0;2;3;16;A01
201500035285;0;32;0;0;1;1;1;A01
201500035286;0;30;0;1;0;5;1;B01
201500035286;1;7;0;0;2;1;0;A01
201500035287;0;7;0;0;1;1;1;A01
201500035288;0;7;0;0;1;1;1;A01
201500035289;0;7;0;0;1;1;1;A01
201500035290;0;7;0;0;1;3;1;A01
201500035291;0;10;0;1;1;3;13;A01
201500035292;0;10;0;0;2;3;9;A01
201500035292;0;7;0;0;2;2;1;B01
201500035293;0;33;0;0;2;4;2;B01
201500035293;0;7;0;0;2;3;2;A01
201500035294;0;7;0;0;2;3;15;B01
201500035294;0;33;0;0;2;1;17;A01
201500035295;0;7;0;0;2;4;2;B01
201500035295;0;7;0;0;2;1;2;A01
201500035295;0;7;0;0;2;4;2;C01
201500035296;0;7;0;0;1;2;9;A01
201500035297;0;7;0;2;0;9;13;A01
201500035298;0;30;0;0;2;1;13;B01
201500035298;0;7;0;0;2;3;2;A01
201500035299;0;7;0;0;1;1;15;A01
201500035300;0;7;0;0;2;3;1;B01
201500035300;0;33;0;0;2;1;5;A01
201500035301;0;10;0;0;2;1;19;B01
201500035301;0;7;0;0;2;6;0;A01
201500035302;0;7;0;0;2;2;1;B01
201500035302;0;33;0;0;2;1;0;A01
201500035303;0;7;0;0;2;5;0;C01
201500035303;0;7;0;0;2;9;16;B01
201500035303;0;7;0;0;0;0;0;A01
201500035304;0;30;0;6;0;1;1;A01
201500035305;0;32;0;0;2;8;1;A01
201500035305;0;7;0;0;2;6;4;B01
201500035306;0;31;0;0;2;1;1;B01
201500035306;0;7;0;0;2;0;19;A01
201500035307;0;2;0;0;2;1;1;B01
201500035307;0;7;0;0;2;1;15;A01
201500035308;0;1;0;0;1;0;0;A01
201500035309;0;32;0;14;0;1;1;A01
201500035309;0;10;0;0;9;1;1;B01
201500035310;0;2;0;0;2;1;1;A01
201500035310;1;7;0;0;2;2;17;B01
201500035311;0;7;0;0;2;1;1;B01
201500035311;0;2;0;0;2;8;15;A01
201500035312;0;33;0;0;2;1;2;B01
201500035312;0;7;0;0;2;7;15;A01
201500035313;0;7;0;0;1;0;0;A01
201500035314;0;7;0;0;2;3;2;A01
201500035314;0;2;0;0;2;3;2;B01
201500035315;0;7;0;0;1;7;1;A01
201500035316;0;7;0;0;1;3;15;A01
201500035317;0;7;0;0;2;2;15;A01
201500035317;0;1;0;0;2;8;1;B01
201500035318;0;7;0;0;2;1;2;A01
201500035318;0;7;0;0;0;0;23;B01
201500035319;0;7;0;4;0;1;2;A01
201500035320;0;7;0;0;2;6;2;B01
201500035320;0;7;0;0;2;2;2;A01
201500035321;0;7;0;0;2;8;15;A01
201500035321;0;31;0;0;2;0;1;B01
201500035322;0;7;0;0;2;1;15;A01
201500035322;0;33;0;0;2;1;1;B01
201500035323;0;7;0;0;1;4;4;A01
201500035324;0;7;0;0;2;1;15;A01
201500035324;0;2;0;0;2;1;2;B01
201500035325;0;1;0;0;0;0;0;B01
201500035325;0;7;0;0;9;1;16;A01
201500035326;0;33;0;0;2;1;1;C01
201500035326;0;7;0;0;2;6;23;B01
201500035326;0;7;0;0;2;2;2;A01
201500035326;0;7;0;0;2;4;2;D01
201500035327;0;7;0;0;1;4;4;A01
201500035328;0;7;0;0;2;4;2;B01
201500035328;0;7;0;0;2;1;2;A01
201500035329;0;7;0;0;2;3;2;A01
201500035329;0;30;0;0;2;4;15;B01
201500035330;0;7;0;0;2;1;2;A01
201500035330;0;7;0;0;2;4;2;B01
201500035330;0;7;0;0;2;4;15;C01
201500035331;0;7;0;0;1;3;1;B01
201500035331;0;7;0;0;1;2;1;A01
201500035332;0;30;0;0;2;1;13;A01
201500035332;0;7;0;0;2;2;1;B01
201500035333;0;32;0;0;2;1;2;A01
201500035333;0;7;0;0;0;3;0;B01
201500035334;0;32;0;0;2;1;1;A01
201500035334;0;7;0;0;2;1;1;B01
201500035335;0;33;0;0;2;0;0;B01
201500035335;1;7;0;0;2;4;2;Z01
201500035336;0;7;0;2;0;5;13;B01
201500035336;0;7;0;0;2;3;1;A01
201500035336;0;33;0;0;2;8;1;C01
201500035337;0;7;0;0;1;5;18;A01
201500035338;0;34;0;0;2;1;1;B01
201500035338;0;7;0;0;2;3;10;A01
201500035339;0;32;0;0;2;1;17;A01
201500035339;0;7;0;0;2;3;9;B01
201500035340;0;7;0;15;1;1;17;A01
201500035341;0;34;0;0;2;1;2;B01
201500035341;0;7;0;0;2;2;10;A01
201500035342;0;1;0;0;2;0;1;B01
201500035342;0;7;0;0;2;3;16;A01
201500035343;0;10;0;0;1;2;15;A01
201500035344;0;7;0;0;2;2;1;B01
201500035344;0;7;0;0;2;1;19;A01
201500035345;0;30;0;0;2;1;1;B01
201500035345;0;7;0;0;2;2;15;A01
201500035346;0;7;0;0;1;2;1;A01
201500035347;0;7;0;0;1;3;1;A01
201500035348;0;7;0;0;2;8;13;B01
201500035348;0;34;0;0;2;7;17;A01
201500035349;0;2;0;0;2;0;2;B01
201500035349;0;7;0;0;9;8;0;A01
201500035350;0;2;0;0;0;1;0;B01
201500035350;0;7;0;0;0;3;0;A01
201500035351;0;33;0;0;2;6;1;A01
201500035351;0;7;0;0;2;6;11;B01
201500035352;0;7;0;2;0;1;21;A01
201500035353;0;30;0;0;2;1;0;A01
201500035353;0;7;0;0;2;8;1;B01
201500035354;0;32;0;0;2;1;1;A01
201500035354;0;7;0;0;2;0;0;B01
201500035355;0;14;0;0;1;2;1;A01
201500035356;2;7;0;1;2;1;13;A01
201500035356;0;7;0;0;2;1;1;B01
201500035357;0;7;0;0;2;3;2;B01
201500035357;0;33;0;0;2;1;2;A01
201500035358;0;7;0;16;2;2;2;A01
201500035358;0;7;0;8;2;7;15;B01
201500035359;1;30;0;0;1;7;0;A01
201500035360;1;7;0;0;1;0;0;Z01
201500035361;0;33;0;0;2;1;1;C01
201500035361;0;10;0;0;2;3;19;A01
201500035361;0;33;0;0;2;1;1;B01
201500035362;0;7;0;0;1;6;15;A01
201500035363;0;7;0;0;2;1;1;A01
201500035363;0;7;0;0;2;4;0;B01
201500035364;0;7;0;0;2;3;1;B01
201500035364;0;7;0;0;2;2;1;A01
201500035365;0;33;0;12;0;1;1;A01
201500035366;0;1;0;0;1;1;13;A01
201500035367;0;7;0;0;2;1;9;A01
201500035367;0;7;0;0;2;2;1;B01
201500035368;0;33;0;0;2;1;1;B01
201500035368;0;7;0;0;0;3;15;A01
201500035369;0;31;0;0;2;1;1;A01
201500035369;0;7;0;0;2;6;23;B01
201500035370;0;7;0;0;2;1;2;B01
201500035370;0;7;0;0;2;1;2;A01
201500035370;0;7;0;0;2;4;1;C01
201500035371;0;7;0;0;2;5;4;A01
201500035371;0;33;0;0;2;1;21;B01
201500035372;0;7;0;0;1;3;1;A01
201500035373;0;7;0;0;2;3;15;A01
201500035373;0;1;0;0;2;1;21;B01
201500035374;0;7;0;0;2;2;1;B01
201500035374;0;7;0;0;2;2;15;A01
201500035375;0;7;0;0;2;1;1;B01
201500035375;0;7;0;0;2;7;1;A01
201500035376;0;7;0;0;2;3;1;A01
201500035376;0;7;0;0;2;3;1;B01
201500035377;0;31;0;0;2;4;1;B01
201500035377;0;10;0;0;2;1;1;A01
201500035378;0;7;0;0;2;2;15;A01
201500035378;0;33;0;0;2;1;8;B01
201500035379;0;7;0;0;2;8;11;A01
201500035379;0;32;0;0;2;1;17;B01
201500035379;0;7;0;0;2;6;1;C01
201500035380;0;7;0;0;0;3;13;A01
201500035380;0;34;0;0;0;7;1;B01
201500035381;0;30;0;0;1;6;21;A01
201500035382;0;7;0;0;1;1;1;B01
201500035382;0;7;0;0;2;1;0;A01
201500035383;0;33;0;0;2;1;1;B01
201500035383;0;7;0;0;2;2;15;A01
201500035384;0;33;0;0;2;3;1;B01
201500035384;1;7;0;0;2;1;1;Z01
201500035385;0;7;0;0;2;4;2;A01
201500035385;0;7;0;0;2;9;1;B01
201500035385;0;7;0;0;2;1;2;C01
201500035386;0;7;0;13;9;1;0;A01
201500035387;0;34;0;0;2;7;1;B01
201500035387;1;10;0;0;2;0;15;Z01
201500035388;0;33;0;0;2;8;1;A01
201500035388;0;7;0;0;2;1;1;B01
201500035389;0;33;0;0;2;7;1;B01
201500035389;0;7;0;0;2;4;15;A01
201500035390;0;7;0;8;0;2;0;A01
201500035391;0;2;0;0;2;7;1;A01
201500035391;0;7;0;0;2;2;0;B01
201500035392;0;7;0;11;0;1;0;A01
201500035393;0;7;0;0;2;1;1;B01
201500035393;0;33;0;15;2;2;0;A01
201500035394;0;2;0;0;2;1;1;B01
201500035394;0;34;0;0;2;1;5;A01
201500035395;0;7;0;0;2;7;15;B01
201500035395;0;33;0;0;2;1;1;A01
201500035396;0;7;0;0;2;3;1;A01
201500035396;0;1;0;0;2;1;1;B01
201500035397;1;30;0;0;1;1;1;Z01
201500035398;0;33;0;0;2;0;1;B01
201500035398;0;7;0;0;2;3;15;A01
201500035399;0;7;0;0;2;4;0;B01
201500035399;0;31;0;0;2;1;1;A01
201500035400;0;2;0;0;2;1;2;A01
201500035400;0;7;0;0;2;5;2;B01
201500035401;1;10;0;0;1;4;4;A01
201500035402;0;33;0;0;2;8;1;B01
201500035402;0;7;0;0;2;3;15;A01
201500035403;0;7;0;0;2;4;2;C01
201500035403;0;7;0;0;2;1;2;B01
201500035403;0;7;0;0;2;1;2;A01
201500035404;0;7;0;0;0;4;2;B01
201500035404;0;7;0;0;2;1;2;A01
201500035405;0;7;0;0;2;3;15;B01
201500035405;0;33;0;0;2;7;17;A01
201500035406;0;10;0;0;1;1;1;A01
201500035407;0;7;0;0;1;2;0;A01
201500035408;1;7;0;0;1;0;15;A01
201500035409;0;7;0;0;2;1;5;A01
201500035409;0;7;0;0;2;1;1;B01
201500035410;0;7;0;0;1;4;4;A01
201500035411;0;7;0;0;2;5;2;C01
201500035411;0;34;0;0;1;1;3;A01
201500035411;0;7;0;0;2;5;1;B01
201500035411;0;7;0;0;2;5;2;D01
201500035411;0;7;0;0;2;5;2;E01
201500035412;0;7;0;0;1;2;1;A01
201500035413;0;7;0;0;2;3;1;B01
201500035413;0;32;0;0;2;1;1;A01
201500035414;0;7;0;0;2;8;15;B01
201500035414;0;2;0;16;2;1;17;A01
201500035415;0;34;0;0;2;1;5;A01
201500035415;0;7;0;0;2;3;0;B01
201500035416;0;34;0;0;2;1;1;B01
201500035416;0;7;0;0;2;7;19;A01
201500035417;1;7;0;0;1;0;1;Z01
201500035418;0;7;0;0;1;7;1;A01
201500035419;0;7;0;12;1;1;15;A01
201500035420;0;7;0;0;1;2;1;A01
201500035421;0;7;0;0;2;8;15;B01
201500035421;0;31;0;0;2;1;1;A01
201500035422;1;7;0;0;1;0;0;Z01
201500035423;0;7;0;0;2;1;9;A01
201500035423;0;33;0;0;2;7;1;B01
201500035424;0;33;0;0;0;0;0;A01
201500035424;0;7;0;0;2;1;15;B01
201500035425;0;7;0;0;2;8;11;A01
201500035425;0;33;0;0;2;7;1;B01
201500035426;0;7;0;0;1;1;15;A01
201500035427;0;7;0;13;2;1;1;B01
201500035427;0;7;0;0;2;4;1;A01
201500035428;0;7;0;8;0;1;1;A01
201500035429;0;31;0;0;0;1;1;A01
201500035430;0;34;0;0;2;1;17;A01
201500035430;0;7;0;0;2;7;15;B01
201500035431;0;30;0;1;0;1;1;A01
201500035432;0;7;0;0;2;7;1;C01
201500035432;0;7;0;0;2;1;12;A01
201500035432;0;7;0;0;2;4;1;B01
201500035433;0;7;0;1;0;1;14;A01
201500035434;0;37;1;0;1;1;1;A01
201500035435;2;7;0;0;2;1;1;A01
201500035435;0;7;0;0;2;4;1;B01
201500035436;0;7;0;0;0;0;0;A01
201500035437;0;7;0;0;2;6;15;A01
201500035438;0;7;0;0;2;4;1;B01
201500035438;0;7;0;0;2;1;0;A01
201500035439;0;7;0;0;1;1;1;A01
201500035440;0;7;0;0;1;7;1;A01
201500035441;0;17;0;0;2;3;1;B01
201500035441;0;7;0;0;2;1;16;A01
201500035442;0;7;0;0;9;1;1;A01
201500035442;0;1;0;0;2;7;19;B01
201500035443;0;30;0;0;2;1;1;B01
201500035443;0;7;0;0;2;2;15;A01
201500035444;2;7;0;0;2;2;15;A01
201500035444;0;33;0;0;2;1;1;B01
201500035445;0;7;0;0;2;5;15;B01
201500035445;0;7;0;0;2;1;1;A01
201500035445;0;7;0;0;2;1;16;C01
201500035446;0;34;0;0;2;1;5;A01
201500035446;0;7;0;0;2;1;1;B01
201500035447;0;7;0;0;1;1;1;A01
201500035448;0;7;0;0;1;1;15;A01
201500035449;0;7;0;0;2;1;1;B01
201500035449;0;33;0;0;2;1;13;A01
201500035450;0;34;0;4;0;8;13;A01