num_acc;senc;catv;occutc;obs;obsm;choc;manv;num_veh
201500035451;0;7;0;0;2;4;23;B01
201500035451;0;33;0;0;2;1;1;A01
201500035452;0;7;0;13;0;1;17;A01
201500035453;0;33;0;14;0;9;0;A01
201500035454;0;7;0;0;2;8;5;A01
201500035454;0;32;0;0;2;1;17;B01
201500035455;0;31;0;0;2;4;2;A01
201500035456;0;33;0;0;2;1;1;B01
201500035456;0;7;0;0;2;7;19;A01
201500035457;0;7;0;0;2;1;1;A01
201500035457;0;7;0;0;2;1;1;B01
201500035458;0;33;0;0;2;0;0;B01
201500035458;0;7;0;0;9;7;13;A01
201500035459;0;15;0;0;0;0;0;B01
201500035459;0;7;0;0;2;4;2;A01
201500035460;0;7;0;0;2;1;1;B01
201500035460;0;7;0;0;2;0;5;A01
201500035460;0;7;0;0;2;8;1;C01
201500035461;0;1;0;0;2;8;19;B01
201500035461;1;34;0;0;2;1;1;Z01
201500035462;0;7;0;0;2;1;1;A01
201500035462;0;7;0;0;2;6;19;B01
201500035463;0;10;0;0;1;3;1;A01
201500035464;0;7;0;0;2;6;1;C01
201500035464;0;33;0;0;2;1;1;B01
201500035464;0;7;0;0;2;1;0;A01
201500035464;0;7;0;0;2;6;1;D01
201500035465;0;7;0;0;2;7;15;A01
201500035465;0;34;0;0;2;1;1;B01
201500035466;0;10;0;0;1;4;4;A01
201500035467;0;10;0;0;9;3;0;A01
201500035467;0;1;0;0;2;1;1;B01
201500035468;0;7;0;0;2;1;2;A01
201500035468;0;7;0;0;2;4;1;B01
201500035469;0;7;0;0;2;3;6;A01
201500035469;0;33;0;0;2;2;0;B01
201500035470;0;7;0;1;0;1;1;A01
201500035471;0;7;0;0;0;0;0;C01
201500035471;0;7;0;0;2;1;1;A01
201500035471;0;31;0;11;2;4;1;B01
201500035472;0;7;0;0;1;7;1;A01
201500035473;0;7;0;0;1;1;2;A01
201500035474;0;7;0;0;1;1;1;A01
201500035475;0;37;0;0;1;7;0;A01
201500035476;0;7;0;0;0;9;1;A01
201500035477;0;7;0;0;1;1;2;A01
201500035478;0;7;0;16;0;1;16;A01
201500035479;0;7;0;0;2;1;0;A01
201500035479;0;33;0;0;2;9;0;B01
201500035480;0;2;0;2;0;1;0;A01
201500035481;0;7;0;0;2;6;15;B01
201500035481;0;32;0;0;2;1;13;A01
201500035482;0;2;0;0;2;4;1;B01
201500035482;0;7;0;0;2;2;2;A01
201500035483;0;7;0;0;2;2;0;A01
201500035483;0;33;0;0;2;1;0;B01
201500035484;0;7;0;0;2;3;5;A01
201500035484;0;7;0;0;2;3;1;B01
201500035484;0;7;0;0;2;0;0;C01
201500035485;0;7;0;8;0;1;1;A01
201500035486;0;1;0;0;2;0;0;A01
201500035486;0;7;0;0;2;7;1;B01
201500035487;0;7;0;8;0;7;1;A01
201500035488;0;7;0;0;1;1;1;A01
201500035489;0;7;0;0;2;1;1;A01
201500035489;0;30;0;0;2;1;1;B01
201500035490;1;7;0;0;1;1;16;A01
201500035491;0;7;0;0;2;3;15;A01
201500035491;0;1;0;0;2;1;0;B01
201500035492;0;7;0;12;1;7;2;A01
201500035493;0;7;0;0;2;3;1;C01
201500035493;0;33;0;0;2;1;1;B01
201500035493;0;7;0;0;2;3;15;A01
201500035494;0;7;0;0;2;1;1;A01
201500035494;0;7;0;0;2;1;1;B01
201500035495;0;7;0;0;1;3;1;A01
201500035496;0;7;0;0;1;2;1;A01
201500035497;0;7;0;0;1;2;1;A01
201500035498;0;2;0;0;2;1;1;B01
201500035498;0;7;0;0;2;1;15;A01
201500035499;0;7;0;0;2;3;10;A01
201500035499;0;2;0;0;2;1;2;B01
201500035500;0;7;0;0;1;0;20;A01
201500035501;2;7;0;0;2;1;2;A01
201500035501;0;7;0;0;0;4;23;B01
201500035502;0;33;0;0;2;1;1;B01
201500035502;0;7;0;0;2;2;15;A01
201500035503;0;7;0;6;0;3;14;A01
201500035504;0;7;0;0;1;3;1;A01
201500035505;0;7;0;0;2;8;15;A01
201500035505;0;33;0;0;2;1;1;B01
201500035506;0;7;0;0;2;1;1;A01
201500035506;0;7;0;0;2;4;1;B01
201500035507;0;7;0;0;2;4;2;B01
201500035507;0;7;0;0;2;1;2;A01
201500035507;0;7;0;15;0;4;2;C01
201500035508;0;7;0;0;0;1;1;A01
201500035509;0;7;0;13;0;1;1;A01
201500035510;0;7;0;0;2;3;13;A01
201500035510;0;7;0;0;2;3;1;B01
201500035511;0;7;0;0;2;2;1;B01
201500035511;0;7;0;12;2;3;9;A01
201500035512;0;2;0;0;2;2;1;B01
201500035512;0;7;0;0;2;5;15;A01
201500035513;0;7;0;0;2;1;1;A01
201500035513;0;7;0;0;2;1;1;B01
201500035514;0;7;0;1;2;1;1;A01
201500035514;0;7;0;0;2;3;1;C01
201500035515;0;7;0;0;2;1;5;A01
201500035515;0;7;0;0;2;1;1;B01
201500035516;0;7;0;0;2;3;9;A01
201500035516;0;32;0;1;2;1;1;B01
201500035517;0;7;0;0;0;4;1;B01
201500035517;0;7;0;0;2;1;1;A01
201500035518;0;7;0;0;2;3;15;A01
201500035518;0;7;0;0;2;1;1;B01
201500035519;0;7;0;0;0;7;1;B01
201500035519;0;10;0;0;2;1;9;A01
201500035520;0;7;0;0;2;5;19;A01
201500035520;0;30;0;0;0;0;0;B01
201500035521;0;10;0;0;2;3;9;A01
201500035521;0;7;0;0;2;1;1;B01
201500035522;0;7;0;0;1;0;0;A01
201500035523;0;1;0;0;0;0;0;B01
201500035523;0;7;0;0;0;0;0;A01
201500035524;0;7;0;0;2;1;15;A01
201500035524;0;32;0;0;2;7;1;B01
201500035525;0;31;0;0;2;1;1;B01
201500035525;0;7;0;0;2;7;15;A01
201500035526;0;7;0;0;1;1;1;A01
201500035527;0;14;0;0;2;7;2;A01
201500035527;0;2;0;0;0;0;0;B01
201500035528;0;7;0;0;0;0;0;A01
201500035529;0;7;0;0;1;0;0;A01
201500035530;0;7;0;0;1;3;1;F01
201500035531;0;7;0;0;2;5;15;A01
201500035531;0;7;0;0;0;0;0;B01
201500035532;0;7;0;0;2;1;1;B01
201500035532;0;7;0;0;2;7;15;A01
201500035533;0;33;0;0;2;8;1;B01
201500035533;0;7;0;0;2;8;1;A01
201500035534;0;7;0;0;1;3;9;A01
201500035535;0;7;0;0;1;1;1;A01
201500035536;0;7;0;0;2;1;5;A01
201500035536;0;7;0;0;2;1;1;B01
201500035537;0;7;0;0;2;7;13;A01
201500035537;0;7;0;0;2;3;1;B01
201500035538;0;7;0;0;1;2;15;A01
201500035539;0;30;0;12;0;1;1;A01
201500035540;0;30;0;0;2;2;18;A01
201500035540;0;10;0;0;0;0;0;B01
201500035541;0;7;0;0;2;1;1;B01
201500035541;0;7;0;0;2;3;15;A01
201500035542;0;15;0;0;2;3;1;B01
201500035542;0;7;0;0;2;1;13;A01
201500035543;0;7;0;0;2;7;1;B01
201500035543;0;7;0;0;2;3;9;A01
201500035544;0;1;0;0;2;3;9;B01
201500035544;0;7;0;0;2;3;1;A01
201500035545;0;7;0;0;2;7;16;A01
201500035545;0;2;0;0;2;8;1;B01
201500035546;0;32;0;8;2;1;1;B01
201500035546;0;7;0;0;2;3;15;A01
201500035547;0;32;0;0;0;0;0;B01
201500035547;0;7;0;0;2;3;10;A01
201500035548;0;7;0;0;1;2;9;A01
201500035549;0;7;0;0;1;4;4;A01
201500035550;0;7;0;0;2;2;16;A01
201500035550;0;1;0;0;0;4;11;B01
201500035551;0;30;0;0;1;7;1;A01
201500035552;0;7;0;0;2;3;9;A01
201500035552;0;7;0;0;2;7;1;B01
201500035553;1;7;0;0;2;5;9;Z01
201500035553;0;1;0;0;2;4;1;B01
201500035554;0;10;0;0;2;3;24;A01
201500035554;0;1;0;1;0;1;1;B01
201500035555;0;7;0;0;2;2;19;A01
201500035555;0;30;0;1;2;1;1;B01
201500035556;0;7;0;6;0;1;14;A01
201500035557;0;7;0;0;2;1;1;B01
201500035557;0;7;0;0;2;1;13;A01
201500035558;0;30;0;0;2;1;1;A01
201500035558;1;7;0;0;2;4;4;Z01
201500035559;0;7;0;0;1;1;16;A01
201500035560;0;7;0;0;2;2;1;B01
201500035560;0;7;0;0;2;3;9;A01
201500035560;0;30;0;0;2;1;1;C01
201500035561;0;30;0;0;0;7;10;A01
201500035562;0;1;0;0;2;0;1;B01
201500035562;0;7;0;0;2;0;9;A01
201500035563;0;30;0;0;1;1;0;A01
201500035564;0;30;0;0;2;5;1;B01
201500035564;0;7;0;0;2;3;9;A01
201500035565;0;2;0;14;0;0;1;A01
201500035566;0;7;0;15;1;4;4;A01
201500035567;0;1;0;0;0;0;0;B01
201500035567;0;7;0;0;2;1;1;A01
201500035568;0;1;0;0;2;2;1;B01
201500035568;0;10;0;0;2;7;1;A01
201500035569;0;33;0;9;0;1;14;A01
201500035570;0;13;0;0;2;7;16;A01
201500035570;0;1;0;0;2;8;19;B01
201500035571;0;2;0;7;0;1;1;A01
201500035572;0;7;0;0;1;1;1;A01
201500035573;0;2;0;1;0;1;1;A01
201500035574;0;30;0;11;0;1;1;A01
201500035575;0;7;0;0;2;1;13;A01
201500035575;0;7;0;0;2;3;1;C01
201500035575;0;7;0;0;2;8;1;B01
201500035576;0;7;0;2;0;1;1;A01
201500035577;0;7;0;6;2;2;1;B01
201500035577;0;7;0;0;2;3;9;A01
201500035578;0;7;0;0;2;8;9;A01
201500035578;0;31;0;0;2;2;1;B01
201500035579;0;2;0;0;0;8;20;A01
201500035580;0;7;0;0;2;2;9;B01
201500035580;0;1;0;0;2;8;9;A01
201500035581;0;30;0;0;0;0;1;A01
201500035582;0;7;0;0;2;1;2;A01
201500035582;0;7;0;0;2;4;23;B01
201500035583;0;10;0;0;1;8;1;A01
201500035584;0;30;0;0;2;1;1;B01
201500035584;0;7;0;0;2;3;15;A01
201500035585;0;1;0;0;2;1;1;A01
201500035585;0;7;0;0;2;4;23;B01
201500035586;0;7;0;0;2;1;2;A01
201500035586;0;7;0;0;2;4;23;B01
201500035587;0;7;0;0;2;1;1;A01
201500035587;0;7;0;0;2;4;23;B01
201500035588;0;7;0;0;1;3;2;A01
201500035589;0;7;0;0;2;8;20;A01
201500035589;0;7;0;0;2;7;1;B01
201500035590;0;7;0;0;1;0;0;A01
201500035591;0;3;0;0;1;2;1;A01
201500035592;0;33;0;0;2;1;17;A01
201500035592;0;7;0;0;2;3;15;B01
201500035593;0;30;0;15;0;1;17;A01
201500035594;0;7;0;0;2;5;15;A01
201500035594;0;32;0;0;2;0;0;B01
201500035595;0;7;0;0;1;0;20;A01
201500035596;0;1;0;0;2;1;1;B01
201500035596;0;7;0;0;2;3;9;A01
201500035597;0;7;0;0;2;1;1;A01
201500035597;0;7;0;0;2;4;23;B01
201500035598;0;30;0;0;2;1;2;A01
201500035598;0;7;0;0;2;6;1;B01
201500035599;1;1;0;0;1;0;0;Z01
201500035600;0;7;0;0;2;7;10;A01
201500035600;0;33;0;0;2;1;1;B01
201500035601;0;7;0;0;1;2;1;A01
201500035602;0;10;0;0;1;0;0;A01
201500035603;0;30;0;0;0;0;0;A01
201500035604;0;2;0;0;0;7;0;A01
201500035605;0;7;0;0;1;3;2;A01
201500035606;0;7;0;0;0;9;2;A01
201500035607;0;1;0;0;2;0;0;B01
201500035607;0;7;0;0;2;3;16;A01
201500035608;0;1;0;0;0;0;2;A01
201500035609;0;7;0;0;0;0;0;B01
201500035609;0;1;0;0;2;2;19;A01
201500035610;0;7;0;0;2;3;2;A01
201500035610;0;30;0;0;2;4;23;B01
201500035611;0;7;0;0;2;3;2;B01
201500035611;0;7;0;0;2;2;15;A01
201500035612;0;7;0;0;0;0;0;A01
201500035613;0;7;0;0;0;0;5;A01
201500035613;0;32;0;0;0;7;1;B01
201500035614;0;7;0;0;2;3;1;A01
201500035614;0;37;1;0;2;3;1;B01
201500035615;0;7;0;0;1;0;0;A01
201500035616;0;7;0;0;0;0;0;A01
201500035617;0;7;0;0;2;1;10;A01
201500035617;0;31;0;6;2;1;1;B01
201500035618;0;7;0;0;2;2;1;B01
201500035618;0;7;0;0;2;1;1;A01
201500035619;0;31;0;6;0;1;1;A01
201500035620;0;31;0;0;1;2;9;A01
201500035621;0;7;0;0;2;3;1;A01
201500035621;0;7;0;0;2;3;1;B01
201500035622;0;10;0;0;1;2;1;A01
201500035623;0;7;0;0;2;1;1;B01
201500035623;0;7;0;6;1;1;1;A01
201500035624;0;7;0;0;2;7;1;A01
201500035624;0;10;0;0;2;8;1;B01
201500035625;0;7;0;0;2;3;9;A01
201500035625;0;30;0;0;2;1;1;B01
201500035626;0;7;0;0;1;1;1;A01
201500035627;0;7;0;0;1;3;1;A01
201500035628;0;7;0;0;0;0;0;A01
201500035629;0;7;0;0;2;1;2;A01
201500035629;0;7;0;0;2;4;2;B01
201500035629;0;7;0;0;2;4;2;C01
201500035630;0;7;0;3;0;1;1;A01
201500035631;0;1;0;0;2;4;1;B01
201500035631;1;7;0;0;2;2;1;Z01
201500035632;0;37;0;0;2;1;1;A01
201500035632;0;37;2;0;2;4;2;B01
201500035632;0;7;0;0;2;7;0;C01
201500035633;0;7;0;3;0;0;1;A01
201500035634;0;30;0;0;2;1;2;A01
201500035634;0;7;0;0;0;0;0;B01
201500035635;0;7;0;0;2;1;0;A01
201500035635;0;2;0;0;2;1;0;B01
201500035636;0;7;0;6;0;1;1;A01
201500035637;0;7;0;0;2;1;1;A01
201500035637;0;7;0;0;2;4;1;B01
201500035638;0;7;0;0;2;1;1;A01
201500035638;0;7;0;0;2;4;1;B01
201500035639;0;10;0;0;2;8;1;A01
201500035639;0;7;0;0;2;1;2;B01
201500035640;0;10;0;0;2;1;1;A01
201500035640;0;7;0;0;2;4;1;B01
201500035640;0;7;0;0;2;4;1;C01
201500035641;0;1;0;0;1;3;1;A01
201500035642;0;7;0;13;0;1;1;A01
201500035643;0;10;0;0;1;1;15;A01
201500035644;0;2;0;0;2;1;1;A01
201500035644;0;7;0;0;2;4;1;B01
201500035645;0;7;0;0;2;6;4;A01
201500035645;0;2;0;0;2;2;1;B01
201500035646;0;7;0;0;2;3;1;A01
201500035646;0;7;0;0;2;7;15;B01
201500035647;0;7;0;0;2;2;15;A01
201500035647;0;7;0;0;2;2;1;B01
201500035648;0;7;0;0;2;5;15;A01
201500035648;0;33;0;0;2;1;1;B01
201500035649;0;33;0;0;2;1;17;A01
201500035649;0;10;0;0;2;3;15;B01
201500035650;0;7;0;0;2;1;2;A01
201500035650;0;7;0;0;2;4;2;B01
201500035650;0;7;0;0;2;4;2;C01
201500035651;0;7;0;9;0;1;1;A01
201500035652;0;7;0;0;2;2;1;A01
201500035652;0;7;0;0;2;1;1;B01
201500035653;0;7;0;0;2;2;15;A01
201500035653;0;7;0;0;2;1;1;B01
201500035654;0;33;0;0;2;1;1;A01
201500035654;0;7;0;0;2;4;15;B01
201500035655;0;7;0;0;2;4;2;C01
201500035655;0;7;0;0;2;1;1;A01
201500035655;0;7;0;0;2;4;2;B01
201500035656;0;7;0;5;0;2;14;A01
201500035657;0;10;0;0;2;1;1;A01
201500035657;0;10;0;0;2;4;0;B01
201500035658;0;2;0;0;2;1;2;A01
201500035658;0;7;0;0;0;5;1;B01
201500035659;0;7;0;0;2;8;13;A01
201500035659;0;7;0;0;2;7;17;B01
201500035660;0;7;0;0;2;1;1;A01
201500035660;0;7;0;0;2;4;2;B01
201500035661;0;7;0;2;0;1;1;A01
201500035662;0;7;0;0;2;5;15;A01
201500035662;0;10;0;0;2;1;1;B01
201500035663;0;7;0;4;0;2;1;A01
201500035664;0;30;0;0;2;1;1;A01
201500035664;0;7;0;0;2;4;2;B01
201500035665;0;14;0;0;2;5;12;A01
201500035665;0;7;0;0;2;8;1;B01
201500035666;0;7;0;0;2;6;15;A01
201500035666;0;10;0;0;2;1;17;B01
201500035667;0;7;0;0;2;2;15;A01
201500035667;0;1;0;0;2;1;1;B01
201500035668;0;7;0;0;2;1;15;A01
201500035668;0;7;0;0;2;1;1;B01
201500035669;0;7;0;0;2;3;15;A01
201500035669;0;31;0;0;2;2;1;B01
201500035670;0;7;0;13;0;1;1;A01
201500035671;0;7;0;4;0;1;1;A01
201500035672;0;7;0;0;1;8;0;A01
201500035673;0;1;0;0;2;1;1;A01
201500035673;0;7;0;0;2;3;1;B01
201500035674;0;7;0;0;2;1;2;A01
201500035674;0;7;0;0;2;5;2;B01
201500035674;0;7;0;0;2;1;2;C01
201500035675;0;7;0;0;2;1;1;A01
201500035675;0;1;0;0;2;1;1;B01
201500035676;0;30;0;0;2;1;2;A01
201500035676;0;7;0;0;2;4;2;B01
201500035677;0;7;0;0;1;3;1;A01
201500035678;0;7;0;0;2;1;2;A01
201500035678;0;7;0;0;2;4;2;B01
201500035679;0;1;0;0;5;1;1;A01
201500035680;0;7;0;0;2;2;2;A01
201500035680;0;7;0;0;2;3;1;B01
201500035681;0;7;0;0;2;2;1;B01
201500035681;0;2;0;0;2;1;1;A01
201500035682;0;7;0;0;2;1;13;A01
201500035682;0;7;0;0;2;1;1;B01
201500035682;0;7;0;0;2;1;1;D01
201500035683;0;1;0;0;2;1;1;B01
201500035683;0;7;0;0;2;1;15;A01
201500035684;0;7;0;0;2;2;1;B01
201500035684;0;7;0;0;2;1;9;A01
201500035685;0;10;0;0;2;1;15;A01
201500035685;0;7;0;0;2;1;1;B01
201500035686;0;7;0;6;0;6;17;A01
201500035687;0;7;0;0;1;1;1;A01
201500035688;0;7;0;6;0;3;20;A01
201500035689;0;7;0;0;2;1;1;A01
201500035689;0;7;0;0;2;4;1;B01
201500035689;0;7;0;0;2;6;1;C01
201500035690;0;7;0;0;1;1;16;A01
201500035691;0;7;0;3;0;9;1;A01
201500035691;0;7;0;14;0;2;1;B01
201500035692;0;7;0;0;2;1;1;A01
201500035692;0;7;0;0;2;4;2;B01
201500035693;0;7;0;9;0;1;1;A01
201500035694;0;7;0;0;2;1;2;A01
201500035694;0;7;0;0;2;4;23;B01
201500035695;0;7;0;0;1;8;4;A01
201500035696;0;10;0;0;2;1;1;A01
201500035696;0;7;0;0;2;8;15;B01
201500035697;0;7;0;2;0;8;1;A01
201500035698;2;7;0;1;1;1;13;Z01
201500035699;0;7;0;0;2;1;1;A01
201500035699;0;7;0;0;2;7;1;B01
201500035700;0;30;0;1;0;1;15;A01
201500035701;0;2;0;0;2;1;1;A01
201500035701;0;7;0;0;2;4;2;B01
201500035702;0;7;0;0;2;1;13;A01
201500035702;0;15;0;0;2;1;1;B01
201500035703;0;10;0;2;0;1;1;A01
201500035704;0;7;0;0;2;5;0;A01
201500035704;0;30;0;0;2;1;1;B01
201500035705;0;10;0;0;2;1;1;A01
201500035705;0;7;0;0;2;3;9;B01
201500035706;0;10;0;0;1;1;1;A01
201500035707;0;37;1;0;2;6;4;A01
201500035707;0;1;0;0;2;1;23;B01
201500035708;0;10;0;0;2;1;1;A01
201500035708;0;7;0;0;2;4;0;B01
201500035708;0;7;0;0;2;8;1;C01
201500035709;0;7;0;2;0;3;1;A01
201500035710;0;10;0;0;1;1;1;A01
201500035711;0;33;0;0;2;8;1;A01
201500035711;0;7;0;0;2;6;1;B01
201500035711;1;7;0;0;0;0;2;Z01
201500035712;0;7;0;0;2;3;0;A01
201500035712;0;7;0;0;2;3;0;B01
201500035713;0;7;0;1;2;2;1;A01
201500035713;0;7;0;0;2;5;23;D01
201500035713;0;7;0;0;2;4;23;E01
201500035713;0;7;0;0;2;4;23;F01
201500035714;0;7;0;0;1;1;0;A01
201500035715;0;7;0;0;1;3;1;A01
201500035716;0;7;0;13;0;1;1;A01
201500035717;0;7;0;0;2;3;11;A01
201500035717;0;33;0;0;2;4;1;B01
201500035718;0;10;0;1;0;2;14;A01
201500035719;0;7;0;7;0;1;1;A01
201500035720;0;7;0;0;1;1;1;A01
201500035721;0;7;0;0;1;1;1;A01
201500035722;0;7;0;0;2;3;1;B01
201500035722;0;32;0;0;2;1;9;A01
201500035723;0;7;0;9;0;6;1;A01
201500035724;0;7;0;0;2;3;1;A01
201500035724;0;7;0;0;2;8;1;B01
201500035725;0;7;0;0;1;1;1;A01
201500035726;0;2;0;0;2;1;17;A01
201500035726;0;7;0;0;2;8;15;B01
201500035727;0;7;0;0;2;1;2;A01
201500035727;0;7;0;0;2;4;2;B01
201500035727;0;7;0;0;2;4;2;C01
201500035728;0;7;0;0;2;1;2;A01
201500035728;0;33;0;0;2;4;23;C01
201500035728;0;7;0;0;2;4;23;B01
201500035729;0;33;0;0;2;7;17;A01
201500035729;0;7;0;0;2;8;1;B01
201500035730;0;7;0;0;2;1;2;A01
201500035730;0;7;0;0;2;4;2;B01
201500035730;0;7;0;0;0;0;0;C01
201500035731;0;2;0;0;2;1;0;A01
201500035731;0;7;0;0;2;5;17;B01
201500035732;0;3;0;0;1;1;1;A01
201500035733;0;10;0;0;2;1;2;A01
201500035733;0;10;0;0;2;4;2;B01
201500035734;0;7;0;0;2;3;13;A01
201500035734;0;7;0;0;0;3;1;B01
201500035735;0;10;0;0;2;1;1;A01
201500035735;0;7;0;0;2;9;1;B01
201500035735;0;7;0;0;2;9;1;C01
201500035735;0;7;0;0;2;4;1;D01
201500035736;0;7;0;0;2;1;2;A01
201500035736;0;7;0;0;2;4;2;B01
201500035736;0;7;0;0;2;4;2;C01
201500035737;0;7;0;0;2;5;15;A01
201500035737;0;33;0;0;0;0;0;B01
201500035738;0;7;0;2;0;1;1;A01
201500035739;0;7;0;0;2;1;2;A01
201500035739;0;31;0;0;2;4;2;B01
201500035739;0;7;0;0;2;4;0;C01
201500035740;0;33;0;0;0;0;1;A01
201500035741;0;7;0;0;2;1;1;A01
201500035741;0;7;0;0;2;4;2;B01
201500035742;0;7;0;0;1;8;1;A01
201500035743;0;7;0;0;1;1;16;A01
201500035744;0;7;0;0;2;2;1;A01
201500035744;0;7;0;0;2;0;9;B01
201500035745;0;30;0;0;2;1;1;A01
201500035745;0;7;0;0;2;2;1;B01
201500035746;0;7;0;0;2;1;1;A01
201500035746;0;7;0;0;2;4;2;B01
201500035747;0;7;0;0;2;1;1;A01
201500035747;0;7;0;0;2;4;1;B01
201500035747;0;7;0;0;2;4;1;C01
201500035748;0;30;0;0;1;1;0;A01
201500035749;0;7;0;0;2;1;1;A01
201500035749;0;7;0;0;2;4;2;B01
201500035750;0;30;0;0;2;1;1;A01
201500035750;0;7;0;0;2;4;2;B01
201500035751;0;7;0;0;2;2;12;A01
201500035751;0;33;0;0;2;3;1;B01
201500035752;0;30;0;0;2;2;15;A01
201500035752;0;7;0;0;2;2;1;B01
201500035753;0;7;0;0;2;1;1;A01
201500035753;0;7;0;0;2;4;2;B01
201500035753;0;7;0;0;2;4;1;C01
201500035754;0;7;0;6;0;1;13;A01
201500035755;0;33;0;16;0;1;16;A01
201500035756;0;7;0;15;0;1;1;A01
201500035757;0;15;0;0;2;1;2;A01
201500035757;0;7;0;0;2;4;2;B01
201500035758;0;7;0;0;2;8;9;A01
201500035758;0;33;0;0;2;2;1;B01
201500035759;0;2;0;0;2;8;1;A01
201500035759;0;10;0;0;2;5;14;B01
201500035760;0;7;0;2;0;3;1;A01
201500035761;0;7;0;0;2;2;15;A01
201500035761;0;7;0;0;2;1;1;B01
201500035762;1;10;0;0;1;0;0;Z01
201500035763;0;7;0;2;0;1;14;A01
201500035764;0;1;0;0;2;1;1;B01
201500035764;1;7;0;0;2;1;5;Z01
201500035765;0;7;0;4;0;3;1;A01
201500035766;0;33;0;16;0;8;1;A01
201500035767;0;2;0;0;2;2;17;A01
201500035767;0;7;0;0;2;3;15;B01
201500035768;0;33;0;0;2;1;2;A01
201500035768;0;7;0;0;2;4;2;B01
201500035769;0;31;0;6;0;3;1;A01
201500035770;0;7;0;0;2;1;2;A01
201500035770;0;7;0;0;2;4;2;B01
201500035770;0;7;0;0;2;4;2;C01
201500035771;0;7;0;0;2;3;1;A01
201500035771;0;7;0;0;2;1;1;B01
201500035772;0;7;0;16;0;9;1;A01
201500035773;0;7;0;0;2;1;13;A01
201500035773;0;7;0;0;2;1;1;B01
201500035774;1;7;0;1;1;0;16;Z01
201500035775;0;10;0;0;2;1;1;A01
201500035775;0;7;0;0;2;4;2;B01
201500035776;1;7;0;0;1;4;4;Z01
201500035777;0;2;0;0;2;8;1;A01
201500035777;0;7;0;0;2;2;16;B01
201500035778;0;7;0;0;2;1;1;A01
201500035778;0;10;0;0;2;4;2;B01
201500035779;0;7;0;0;2;1;1;A01
201500035779;0;7;0;0;2;2;15;B01
201500035780;0;30;0;3;0;1;1;A01
201500035781;0;7;0;0;2;2;0;A01
201500035781;0;2;0;0;2;1;1;B01
201500035782;0;30;0;16;0;7;1;A01
201500035783;0;7;0;0;2;1;13;A01
201500035783;0;7;0;0;2;4;1;B01
201500035784;0;7;0;0;2;1;1;A01
201500035784;0;7;0;0;2;4;2;B01
201500035785;0;7;0;0;2;1;5;A01
201500035785;0;38;5;0;2;1;1;B01
201500035786;0;7;0;0;2;1;1;A01
201500035786;0;7;0;0;2;4;1;B01
201500035786;0;7;0;0;2;7;1;C01
201500035787;0;7;0;4;0;1;1;A01
201500035788;0;7;0;13;2;5;13;A01
201500035788;0;10;0;0;2;1;1;B01
201500035789;0;7;0;16;0;9;1;A01
201500035790;0;2;0;0;2;2;18;A01
201500035790;0;7;0;0;2;2;0;B01
201500035791;0;7;0;0;2;2;1;B01
201500035791;0;7;0;0;2;3;15;A01
201500035792;0;7;0;0;2;2;15;A01
201500035792;0;33;0;0;2;1;1;B01
201500035793;0;7;0;0;2;5;15;A01
201500035793;0;1;0;0;2;1;1;B01
201500035794;0;7;0;0;2;1;1;A01
201500035794;0;7;0;0;2;4;2;B01
201500035794;0;7;0;0;2;4;2;C01
201500035794;0;7;0;0;2;4;2;D01
201500035794;0;7;0;0;2;4;2;E01
201500035795;0;10;0;0;1;1;1;A01
201500035796;0;7;0;0;2;1;2;A01
201500035796;0;7;0;0;2;4;2;B01
201500035797;0;7;0;0;2;1;1;A01
201500035797;0;7;0;0;2;4;1;B01
201500035798;0;7;0;13;0;3;1;A01
201500035799;0;7;0;0;9;9;1;A01
201500035800;0;30;0;0;2;1;15;A01
201500035800;0;7;0;0;2;3;1;B01
201500035801;0;7;0;0;1;2;1;A01
201500035802;0;30;0;0;2;1;1;A01
201500035802;0;7;0;0;2;4;2;B01
201500035803;0;7;0;0;2;1;2;A01
201500035803;0;7;0;0;2;4;2;B01
201500035804;0;7;0;0;2;1;2;A01
201500035804;0;7;0;0;2;4;2;B01
201500035805;0;7;0;0;2;2;15;A01
201500035805;0;7;0;0;2;3;1;B01
201500035806;0;7;0;0;2;6;15;A01
201500035806;0;2;0;0;2;8;1;B01
201500035807;0;7;0;0;2;2;15;A01
201500035807;0;2;0;0;2;1;1;B01
201500035808;0;7;0;0;1;0;1;A01
201500035809;0;7;0;0;1;2;1;A01
201500035810;0;7;0;0;2;4;4;A01
201500035810;0;1;0;0;2;8;1;B01
201500035811;0;7;0;0;1;1;1;A01
201500035812;0;7;0;0;2;4;2;B01
201500035812;0;7;0;0;2;4;2;C01
201500035812;0;7;0;0;2;4;2;D01
201500035812;2;7;0;0;2;1;2;Z01
201500035813;0;7;0;0;2;4;2;B01
201500035813;0;7;0;0;2;1;2;A01
201500035814;0;7;0;0;2;2;15;A01
201500035814;0;33;0;0;2;1;1;B01
201500035815;0;7;0;0;1;7;0;A01
201500035816;0;7;0;0;1;1;1;A01
201500035817;0;7;0;0;1;1;1;A01
201500035818;0;7;0;0;1;1;1;A01
201500035819;0;10;0;0;2;1;2;A01
201500035819;0;7;0;0;2;4;1;B01
201500035819;0;7;0;0;2;4;1;C01
201500035819;0;7;0;0;2;1;1;D01
201500035820;0;31;0;0;2;1;15;A01
201500035820;0;15;0;0;2;5;1;B01
201500035821;0;33;0;0;2;0;17;A01
201500035821;0;7;0;0;2;0;1;B01