num_acc;senc;catv;occutc;obs;obsm;choc;manv;num_veh
201500035822;0;7;0;0;2;2;15;A01
201500035822;0;7;0;0;2;3;1;B01
201500035823;0;2;0;0;2;1;2;A01
201500035823;0;7;0;0;2;4;2;B01
201500035824;0;7;0;0;1;2;1;A01
201500035825;0;7;0;0;1;1;1;A01
201500035826;0;7;0;0;2;3;9;A01
201500035826;0;7;0;0;2;2;1;B01
201500035827;0;7;0;0;2;2;15;A01
201500035827;0;1;0;0;2;1;1;B01
201500035828;0;7;0;0;2;3;1;B01
201500035828;0;7;0;0;2;2;15;A01
201500035829;0;7;0;0;1;3;1;A01
201500035830;0;7;0;1;0;1;1;A01
201500035831;0;32;0;0;1;1;1;A01
201500035832;0;1;0;0;2;8;19;A01
201500035832;0;7;0;0;2;1;1;B01
201500035833;0;7;0;0;2;4;1;C01
201500035833;0;7;0;0;2;1;1;A01
201500035833;0;7;0;0;2;4;1;B01
201500035834;0;2;0;1;0;1;1;A01
201500035835;0;7;0;7;2;2;1;A01
201500035835;0;7;0;0;2;3;1;B01
201500035836;0;7;0;0;2;7;16;B01
201500035836;0;2;0;0;2;1;1;A01
201500035837;0;7;0;0;2;1;1;A01
201500035837;0;30;0;0;2;4;1;B01
201500035838;0;7;0;0;2;6;1;A01
201500035838;0;7;0;0;2;3;0;B01
201500035839;0;7;0;0;1;3;0;A01
201500035840;0;30;0;16;0;8;1;A01
201500035841;0;7;0;0;2;7;0;A01
201500035841;0;7;0;0;2;1;0;B01
201500035842;0;7;0;1;0;2;1;A01
201500035843;0;7;0;2;0;1;1;A01
201500035844;0;7;0;0;1;3;1;A01
201500035845;0;7;0;0;2;1;1;A01
201500035845;0;7;0;0;2;1;1;B01
201500035845;0;7;0;0;2;4;1;C01
201500035846;0;30;0;0;2;1;1;A01
201500035846;0;7;0;0;2;4;2;B01
201500035847;0;7;0;0;2;2;0;A01
201500035847;0;7;0;0;2;1;1;B01
201500035848;0;10;0;0;2;1;2;A01
201500035848;0;7;0;0;2;4;1;B01
201500035848;0;10;0;0;2;4;1;C01
201500035848;0;10;0;0;2;4;1;D01
201500035849;0;30;0;3;0;2;1;A01
201500035850;1;7;0;0;1;1;1;Z01
201500035851;0;33;0;0;2;2;1;B01
201500035851;0;7;0;0;2;6;11;A01
201500035852;0;7;0;0;2;1;2;A01
201500035852;0;7;0;0;2;4;2;B01
201500035852;0;7;0;0;2;4;2;C01
201500035853;0;7;0;6;0;3;1;A01
201500035854;0;7;0;0;1;2;4;A01
201500035855;0;30;0;0;2;1;1;A01
201500035855;0;10;0;0;2;2;16;B01
201500035856;0;32;0;0;2;1;1;A01
201500035856;0;7;0;0;2;3;0;B01
201500035857;0;7;0;0;2;1;1;B01
201500035857;0;7;0;0;2;1;9;A01
201500035858;0;1;0;0;2;6;1;B01
201500035858;0;14;0;0;2;5;1;A01
201500035859;0;7;0;0;2;8;1;A01
201500035859;0;7;0;0;2;1;1;B01
201500035859;0;7;0;0;2;1;0;C01
201500035860;0;30;0;0;0;0;13;A01
201500035860;0;7;0;0;0;0;1;B01
201500035861;0;7;0;0;2;1;1;A01
201500035861;0;21;0;0;2;4;2;B01
201500035862;0;7;0;0;1;3;1;A01
201500035863;0;7;0;0;2;3;10;A01
201500035863;0;7;0;0;2;3;1;B01
201500035864;0;7;0;0;2;1;2;A01
201500035864;0;7;0;0;2;4;2;B01
201500035865;0;7;0;0;2;3;1;A01
201500035865;0;7;0;9;2;5;2;B01
201500035866;0;10;0;0;1;1;1;A01
201500035867;0;7;0;7;0;1;18;A01
201500035868;0;7;0;0;2;2;15;A01
201500035868;0;7;0;0;2;1;1;B01
201500035869;0;7;0;0;2;3;1;B01
201500035869;0;7;0;0;2;2;1;A01
201500035870;0;10;0;0;2;1;15;A01
201500035870;0;7;0;0;2;6;1;B01
201500035871;0;7;0;0;2;1;1;A01
201500035871;0;7;0;0;2;4;1;B01
201500035872;0;7;0;0;2;1;15;A01
201500035872;0;7;0;0;2;1;1;B01
201500035873;0;7;0;0;2;1;2;A01
201500035873;0;7;0;0;2;4;1;B01
201500035874;0;7;0;0;2;1;1;A01
201500035874;0;7;0;0;2;4;2;B01
201500035874;0;7;0;0;0;0;0;C01
201500035875;0;7;0;0;1;2;1;A01
201500035876;0;7;0;0;2;1;15;A01
201500035876;0;30;0;0;0;0;0;B01
201500035877;0;7;0;0;2;2;9;A01
201500035877;0;1;0;0;2;8;1;B01
201500035878;0;7;0;15;0;1;9;A01
201500035879;0;30;0;0;2;1;17;B01
201500035879;0;7;0;0;2;3;9;A01
201500035880;0;7;0;0;2;1;2;A01
201500035880;0;7;0;0;2;4;2;B01
201500035881;0;7;0;0;2;3;1;B01
201500035881;0;7;0;0;2;3;13;A01
201500035882;0;33;0;12;0;8;1;A01
201500035883;0;7;0;0;2;1;13;A01
201500035883;0;7;0;0;2;1;1;B01
201500035884;0;7;0;0;2;3;15;A01
201500035884;0;33;0;0;2;3;1;B01
201500035885;0;7;0;0;1;1;15;A01
201500035886;0;7;0;13;0;9;1;A01
201500035887;0;2;0;0;0;7;10;A01
201500035888;0;7;0;0;2;2;1;A01
201500035888;0;7;0;0;0;0;0;B01
201500035889;0;7;0;0;2;4;1;B01
201500035889;0;7;0;0;2;1;2;A01
201500035890;0;7;0;0;2;1;1;B01
201500035890;0;7;0;0;2;8;9;A01
201500035891;0;7;0;0;1;2;16;A01
201500035892;0;10;0;2;0;1;0;A01
201500035893;0;7;0;0;2;1;13;A01
201500035893;0;7;0;0;2;3;1;B01
201500035894;0;7;0;0;2;3;9;A01
201500035894;0;31;0;0;2;1;1;B01
201500035895;0;7;0;0;2;1;2;A01
201500035895;0;7;0;0;2;4;2;D01
201500035895;0;7;0;0;2;4;2;B01
201500035895;0;7;0;0;2;4;2;C01
201500035896;0;7;0;4;0;1;1;A01
201500035897;0;7;0;0;2;3;13;A01
201500035897;0;7;0;0;2;1;1;B01
201500035898;0;7;0;0;2;1;2;A01
201500035898;0;7;0;0;2;4;2;B01
201500035899;0;7;0;0;1;2;1;A01
201500035900;0;7;0;0;2;1;15;A01
201500035900;0;33;0;0;2;1;1;B01
201500035901;0;7;0;0;2;4;23;B01
201500035901;0;7;0;0;2;1;2;A01
201500035902;0;30;0;12;0;8;1;A01
201500035903;0;7;0;0;1;3;1;A01
201500035903;0;7;0;0;1;3;23;B01
201500035904;0;7;0;0;2;3;1;B01
201500035904;0;7;0;0;2;1;1;A01
201500035905;0;7;0;0;1;2;17;A01
201500035906;0;7;0;0;2;1;2;A01
201500035906;0;7;0;0;2;4;23;B01
201500035907;0;33;0;0;2;1;13;A01
201500035907;0;10;0;0;2;3;1;B01
201500035908;0;33;0;0;2;1;1;B01
201500035908;0;7;0;0;2;3;15;A01
201500035909;0;30;0;0;2;7;17;A01
201500035909;0;7;0;0;2;3;19;B01
201500035910;0;7;0;0;1;1;16;A01
201500035911;0;10;0;9;0;2;1;A01
201500035912;0;7;0;0;2;1;2;A01
201500035912;0;7;0;0;2;4;2;B01
201500035913;0;7;0;6;0;3;1;A01
201500035914;0;7;0;0;2;6;9;A01
201500035914;0;32;0;0;2;5;1;B01
201500035915;0;7;0;0;2;4;2;B01
201500035915;0;15;0;0;2;2;2;A01
201500035916;0;7;0;13;2;3;13;A01
201500035916;0;7;0;0;2;3;1;B01
201500035917;0;30;0;0;0;3;1;A01
201500035918;0;7;0;13;0;9;21;A01
201500035918;1;7;0;0;2;2;0;Z01
201500035919;0;10;0;0;2;6;23;D01
201500035919;0;7;0;0;2;4;23;B01
201500035919;0;7;0;0;2;1;2;A01
201500035919;0;7;0;0;2;4;23;C01
201500035920;0;30;0;0;2;1;1;A01
201500035920;0;7;0;0;2;6;1;B01
201500035921;0;7;0;6;0;4;1;A01
201500035922;0;10;0;0;1;4;4;A01
201500035923;0;7;0;13;0;1;1;A01
201500035924;0;7;0;4;0;1;1;A01
201500035925;0;30;0;0;0;1;1;A01
201500035926;0;2;0;0;2;1;9;B01
201500035926;0;7;0;0;2;8;9;A01
201500035927;0;7;0;0;2;1;9;A01
201500035927;0;30;0;0;2;7;1;B01
201500035928;0;7;0;0;1;1;1;A01
201500035929;0;2;0;11;0;1;1;A01
201500035930;0;33;0;0;2;1;1;B01
201500035930;0;7;0;0;2;2;10;A01
201500035931;0;33;0;0;2;1;2;A01
201500035931;0;7;0;0;2;4;2;B01
201500035932;0;7;0;0;2;1;15;A01
201500035932;0;7;0;0;2;1;1;B01
201500035933;0;7;0;0;2;7;1;A01
201500035933;0;7;0;0;2;1;1;B01
201500035934;0;7;0;0;1;1;1;A01
201500035935;0;7;0;0;2;2;2;A01
201500035935;0;7;0;9;2;3;2;B01
201500035936;0;7;0;0;2;6;1;B01
201500035936;0;15;0;0;2;3;15;A01
201500035937;0;30;0;0;2;1;17;B01
201500035937;0;10;0;0;2;6;9;A01
201500035938;0;7;0;0;2;3;1;B01
201500035938;0;7;0;0;2;1;5;A01
201500035939;0;7;0;0;1;3;1;A01
201500035940;0;31;0;1;2;1;17;A01
201500035940;0;7;0;0;2;8;20;B01
201500035941;2;7;0;0;2;1;9;Z01
201500035941;0;30;0;0;2;7;9;A01
201500035942;0;7;0;0;2;4;2;B01
201500035942;2;30;0;0;2;1;2;A01
201500035943;0;7;0;6;0;2;1;A01
201500035944;0;31;0;16;0;8;1;A01
201500035945;0;30;0;0;2;1;9;A01
201500035945;0;7;0;0;2;1;9;B01
201500035946;0;33;0;0;2;1;1;B01
201500035946;0;10;0;0;2;5;12;A01
201500035947;0;7;0;6;0;1;1;A01
201500035948;0;7;0;6;0;1;1;A01
201500035949;0;7;0;0;1;3;15;A01
201500035950;0;33;0;12;0;7;1;A01
201500035951;0;7;0;1;0;1;1;A01
201500035952;0;7;0;0;1;1;15;A01
201500035953;0;30;0;0;0;7;1;A01
201500035954;0;10;0;0;2;1;1;A01
201500035954;0;7;0;7;2;5;1;B01
201500035955;0;7;0;0;2;1;1;A01
201500035955;0;7;0;0;2;1;9;B01
201500035956;0;17;0;0;2;4;1;B01
201500035956;0;14;0;0;2;1;2;A01
201500035957;0;7;0;0;1;3;1;A01
201500035958;0;7;0;8;2;5;1;A01
201500035958;0;7;0;0;2;1;1;B01
201500035959;0;7;0;0;2;7;0;B01
201500035959;0;7;0;0;0;0;0;A01
201500035960;0;7;0;0;2;3;9;A01
201500035960;0;7;0;0;2;3;9;B01
201500035961;0;7;0;0;2;2;15;A01
201500035961;0;30;0;0;2;1;1;B01
201500035962;0;7;0;0;2;1;1;B01
201500035962;0;7;0;0;2;2;9;A01
201500035963;0;7;0;0;2;2;15;A01
201500035963;0;7;0;0;2;2;1;B01
201500035964;0;7;0;2;0;1;16;A01
201500035965;0;7;0;0;1;7;1;A01
201500035966;0;7;0;0;1;1;1;A01
201500035967;0;7;0;0;2;2;15;A01
201500035967;0;30;0;0;2;8;1;B01
201500035968;0;7;0;0;2;3;0;A01
201500035968;0;1;0;0;2;5;0;B01
201500035969;0;7;0;4;0;1;1;A01
201500035970;0;17;0;0;2;8;9;A01
201500035970;0;7;0;0;2;2;1;B01
201500035971;0;7;0;0;2;2;15;A01
201500035971;0;7;0;0;2;6;1;B01
201500035972;0;7;0;0;2;4;23;B01
201500035972;0;7;0;0;2;1;2;A01
201500035973;0;7;0;0;2;4;23;B01
201500035973;0;1;0;0;2;1;2;A01
201500035974;0;32;0;12;0;7;1;A01
201500035975;0;33;0;0;0;8;9;A01
201500035976;0;1;0;0;0;0;1;A01
201500035977;0;33;0;13;0;3;1;A01
201500035978;0;33;0;0;0;0;1;A01
201500035979;0;37;1;0;2;3;1;B01
201500035979;0;7;0;0;2;8;13;A01
201500035980;0;1;0;0;2;7;17;A01
201500035980;0;37;1;0;2;6;0;B01
201500035981;0;7;0;0;1;8;0;A01
201500035982;0;32;0;0;0;7;16;A01
201500035983;0;7;0;0;2;3;15;A01
201500035983;0;30;0;0;2;7;17;B01
201500035984;0;34;0;0;2;3;13;A01
201500035984;0;7;0;0;2;3;1;B01
201500035985;0;30;0;0;1;1;1;A01
201500035986;0;7;0;0;2;1;1;B01
201500035986;0;7;0;0;2;3;9;A01
201500035987;0;30;0;0;2;1;9;A01
201500035987;0;7;0;0;2;7;1;B01
201500035988;0;7;0;9;0;1;1;A01
201500035989;0;7;0;15;0;7;1;A01
201500035990;0;33;0;0;2;1;1;B01
201500035990;0;10;0;0;2;2;15;A01
201500035991;0;14;0;0;2;2;1;B01
201500035991;0;3;0;0;2;1;9;A01
201500035992;0;7;0;0;2;3;1;B01
201500035992;0;30;0;0;2;1;10;A01
201500035993;0;7;0;0;2;1;1;B01
201500035993;0;7;0;0;2;6;9;A01
201500035994;0;30;0;0;2;1;2;A01
201500035994;0;7;0;0;2;4;2;B01
201500035995;0;10;0;0;1;4;4;A01
201500035996;0;7;0;8;0;1;1;A01
201500035997;0;7;0;0;2;7;15;A01
201500035997;0;34;0;0;2;1;1;B01
201500035998;0;7;0;0;2;2;2;B01
201500035998;0;7;0;0;2;4;2;A01
201500035998;0;7;0;0;2;1;2;C01
201500035999;0;33;0;0;0;7;16;A01
201500036000;0;7;0;0;2;4;2;B01
201500036000;0;15;0;0;2;1;2;A01
201500036001;0;30;0;0;0;7;1;A01
201500036002;0;2;0;0;0;7;1;A01
201500036003;0;7;0;0;2;3;9;B01
201500036003;0;33;0;0;2;1;9;A01
201500036004;0;7;0;13;0;9;1;A01
201500036005;0;7;0;0;1;1;16;A01
201500036006;0;2;0;0;2;5;17;B01
201500036006;0;7;0;0;2;3;15;A01
201500036007;0;30;0;0;0;8;1;A01
201500036008;0;7;0;8;0;8;1;A01
201500036009;0;7;0;0;2;3;1;B01
201500036009;0;7;0;0;2;3;13;A01
201500036010;0;7;0;0;2;4;23;C01
201500036010;0;7;0;0;2;4;23;B01
201500036010;0;7;0;0;2;1;2;A01
201500036011;0;17;0;0;2;1;2;A01
201500036011;0;7;0;0;2;4;1;B01
201500036012;0;30;0;0;0;7;1;A01
201500036013;0;7;0;3;2;1;9;B01
201500036013;0;7;0;3;2;7;1;A01
201500036014;0;7;0;0;2;7;10;A01
201500036014;0;33;0;0;2;4;1;B01
201500036015;0;7;0;2;0;1;1;A01
201500036016;0;32;0;0;0;7;1;A01
201500036017;0;7;0;0;2;1;15;A01
201500036017;0;33;0;0;2;1;1;B01
201500036018;0;7;0;0;1;4;23;B01
201500036018;0;7;0;0;2;1;2;A01
201500036019;0;15;0;0;2;1;1;A01
201500036019;0;10;0;3;2;4;23;B01
201500036020;0;7;0;7;2;3;0;B01
201500036020;0;7;0;0;2;1;15;A01
201500036021;0;7;0;0;2;1;2;A01
201500036021;0;7;0;0;2;4;2;B01
201500036022;0;7;0;0;2;3;13;A01
201500036022;0;15;0;0;2;3;1;B01
201500036023;0;7;0;0;2;3;1;C01
201500036023;0;7;0;9;2;1;13;A01
201500036023;0;33;0;0;2;3;1;B01
201500036024;0;7;0;0;1;2;17;A01
201500036025;0;7;0;0;2;3;1;B01
201500036025;0;31;0;0;2;7;1;C01
201500036025;0;7;0;0;2;3;13;A01
201500036026;0;7;0;0;2;3;5;A01
201500036026;0;1;0;0;2;1;1;B01
201500036027;0;7;0;9;0;7;1;A01
201500036028;0;2;0;0;0;0;1;A01
201500036029;0;20;0;0;2;4;4;A01
201500036029;0;7;0;0;2;1;1;B01
201500036030;0;7;0;0;2;1;9;B01
201500036030;0;7;0;0;2;3;9;A01
201500036031;0;10;0;0;1;3;1;A01
201500036032;1;7;0;0;1;1;1;Z01
201500036033;1;7;0;0;2;4;23;Z01
201500036033;0;7;0;0;2;1;2;A01
201500036033;0;7;0;0;2;4;2;B01
201500036034;0;7;0;0;2;1;1;B01
201500036034;0;7;0;1;2;8;9;A01
201500036035;0;30;0;0;0;0;1;A01
201500036036;0;33;0;0;2;1;1;B01
201500036036;0;7;0;0;2;5;1;A01
201500036037;0;7;0;1;0;2;1;A01
201500036038;0;15;0;0;0;0;1;A01
201500036038;0;7;0;0;9;1;1;B01
201500036039;0;33;0;0;2;1;2;A01
201500036039;0;7;0;0;2;5;2;B01
201500036040;0;33;0;12;0;7;1;A01
201500036041;0;7;0;12;2;8;1;A01
201500036041;1;7;0;0;2;1;9;Z01
201500036042;0;7;0;0;2;2;15;A01
201500036042;0;1;0;0;2;1;1;B01
201500036043;0;7;0;0;1;1;15;A01
201500036044;0;32;0;0;0;8;1;A01
201500036045;0;10;0;0;1;2;1;A01
201500036046;0;7;0;0;2;4;23;B01
201500036046;0;7;0;0;2;1;2;A01
201500036047;0;7;0;0;2;4;2;B01
201500036047;0;7;0;0;2;1;2;A01
201500036048;0;7;0;0;2;2;1;A01
201500036048;0;7;0;0;0;0;0;B01
201500036049;0;15;0;0;2;1;13;A01
201500036049;0;7;0;0;2;3;1;B01
201500036050;0;10;0;0;2;1;1;B01
201500036050;0;7;0;0;2;8;0;A01
201500036051;0;7;0;6;0;1;1;A01
201500036052;0;7;0;0;1;2;1;A01
201500036053;0;7;0;0;2;3;13;A01
201500036053;0;7;0;0;2;3;1;B01
201500036054;0;7;0;0;2;4;23;B01
201500036054;0;7;0;0;2;4;23;C01
201500036054;0;7;0;0;2;1;2;A01
201500036055;0;7;0;0;2;1;2;A01
201500036055;0;7;0;0;2;4;2;B01
201500036056;0;30;0;0;2;1;1;B01
201500036056;0;10;0;0;2;3;9;A01
201500036057;0;7;0;0;2;2;1;B01
201500036057;0;2;0;0;2;1;11;A01
201500036058;0;33;0;0;6;1;1;A01
201500036059;0;7;0;0;2;2;2;A01
201500036059;0;7;0;0;2;4;23;B01
201500036060;0;7;0;0;2;2;1;B01
201500036060;0;7;0;0;2;5;4;A01
201500036061;0;7;0;0;1;1;9;A01
201500036062;0;7;0;0;2;5;2;C01
201500036062;0;7;0;0;2;4;2;B01
201500036062;0;7;0;0;2;1;2;A01
201500036063;0;7;0;0;2;4;23;B01
201500036063;0;7;0;0;2;1;2;A01
201500036064;0;1;0;0;2;1;1;B01
201500036064;0;7;0;0;2;7;15;A01
201500036065;0;2;0;12;0;0;0;A01
201500036066;0;7;0;2;0;3;0;A01
201500036067;0;7;0;0;2;1;1;B01
201500036067;0;7;0;0;2;8;1;A01
201500036068;0;7;0;0;2;3;15;A01
201500036068;0;7;0;0;2;3;1;B01
201500036069;2;7;0;0;2;1;15;A01
201500036069;0;31;0;0;2;1;1;B01
201500036070;0;7;0;0;2;3;16;A01
201500036070;0;30;0;0;2;2;1;B01
201500036071;0;30;0;1;0;2;0;A01
201500036072;0;7;0;12;0;1;1;A01
201500036073;0;7;0;12;1;3;1;A01
201500036074;0;7;0;0;2;8;23;C01
201500036074;0;7;0;1;2;1;0;A01
201500036075;0;2;0;0;2;1;2;A01
201500036075;0;7;0;0;2;5;23;B01
201500036076;0;7;0;9;0;3;6;A01
201500036077;0;37;7;0;2;4;23;B01
201500036077;0;7;0;0;2;1;2;A01
201500036078;0;7;0;1;0;1;1;A01
201500036079;0;7;0;0;2;1;2;A01
201500036079;0;7;0;0;2;4;23;B01
201500036080;0;7;0;0;2;4;23;B01
201500036080;0;7;0;0;2;1;2;A01
201500036081;0;10;0;0;2;3;16;A01
201500036081;0;7;0;0;2;2;1;B01
201500036082;0;7;0;9;0;1;1;A01
201500036083;0;7;0;1;0;0;15;A01
201500036083;0;33;0;1;0;1;1;B01
201500036084;0;31;0;0;2;1;2;A01
201500036084;0;7;0;0;2;5;2;B01
201500036085;0;7;0;0;1;3;1;A01
201500036086;0;30;0;0;2;1;9;A01
201500036086;0;7;0;0;2;3;1;B01
201500036087;0;7;0;0;2;3;1;B01
201500036087;0;10;0;0;2;1;13;A01
201500036088;0;2;0;1;0;1;1;A01
201500036089;0;7;0;0;2;4;2;B01
201500036089;0;7;0;0;2;1;2;A01
201500036090;0;7;0;0;2;3;23;C01
201500036090;0;7;0;0;2;1;1;A01
201500036090;0;7;0;0;2;1;9;B01
201500036091;0;2;0;0;0;7;1;A01
201500036092;0;7;0;0;2;3;9;A01
201500036092;0;7;0;0;2;2;1;B01
201500036093;0;7;0;0;2;1;2;A01
201500036093;0;7;0;0;2;4;2;B01
201500036094;0;7;0;0;0;0;0;A01
201500036095;0;7;0;0;2;2;15;A01
201500036095;0;30;0;0;2;2;1;B01
201500036096;0;10;0;0;2;2;1;B01
201500036096;0;7;0;0;2;1;19;A01
201500036097;0;7;0;0;2;1;2;A01
201500036097;0;7;0;0;2;4;1;B01
201500036098;0;7;0;0;2;1;2;A01
201500036098;0;33;0;0;2;4;1;B01
201500036099;0;7;0;0;1;2;1;A01
201500036100;0;7;0;0;1;0;16;A01
201500036101;0;7;0;0;2;3;1;B01
201500036101;0;7;0;0;2;2;15;A01
201500036102;0;7;0;0;2;3;1;B01
201500036102;0;7;0;0;2;1;15;A01
201500036103;0;7;0;0;1;1;1;A01
201500036104;0;7;0;9;2;1;9;A01
201500036104;0;7;0;0;2;1;9;B01
201500036105;0;10;0;13;0;1;13;A01
201500036106;0;7;0;0;1;1;1;A01
201500036107;0;10;0;0;1;2;1;A01
201500036108;0;7;0;0;2;3;15;A01
201500036108;0;33;0;0;2;1;1;B01
201500036109;0;7;0;0;1;3;16;A01
201500036110;0;2;0;0;0;1;1;A01
201500036111;0;2;0;0;2;1;9;B01
201500036111;0;7;0;0;2;2;15;A01
201500036112;0;30;0;0;0;7;1;A01
201500036113;0;7;0;15;0;1;9;A01
201500036114;0;7;0;0;2;4;23;C01
201500036114;0;14;0;0;2;1;2;A01
201500036114;0;7;0;0;2;4;23;B01
201500036115;0;7;0;0;2;1;1;A01
201500036115;0;7;0;0;2;3;1;B01
201500036116;0;7;0;8;0;4;13;A01
201500036117;0;7;0;0;0;0;0;C01
201500036117;0;7;0;0;2;4;23;A01
201500036117;0;7;0;0;2;4;23;B01
201500036118;0;7;0;0;2;1;2;A01
201500036118;0;7;0;0;2;6;1;B01
201500036119;1;7;0;0;2;3;10;Z01
201500036119;0;30;0;0;2;1;1;B01
201500036120;0;10;0;0;1;4;4;A01
201500036121;0;7;0;0;2;1;1;A01
201500036121;0;7;0;0;2;3;1;B01
201500036122;0;7;0;0;2;1;2;A01
201500036122;0;7;0;0;2;4;2;B01
201500036123;0;7;0;0;2;4;2;B01
201500036123;0;7;0;0;2;4;2;C01
201500036123;0;7;0;0;2;1;2;A01
201500036124;0;10;0;0;2;8;15;B01
201500036124;0;2;0;0;2;2;1;A01
201500036125;0;30;0;0;0;7;1;A01
201500036126;0;7;0;3;0;1;1;A01
201500036127;0;7;0;2;0;3;1;A01
201500036128;0;7;0;0;1;3;1;A01
201500036129;0;7;0;0;2;6;24;B01
201500036129;0;7;0;1;0;2;1;A01
201500036130;0;7;0;0;2;1;2;A01
201500036130;0;7;0;0;2;4;23;B01
201500036130;0;7;0;0;2;4;23;C01
201500036131;0;30;0;0;0;7;1;A01
201500036132;0;33;0;0;5;8;1;A01
201500036133;0;2;0;1;0;1;1;A01
201500036134;0;7;0;0;1;1;15;A01
201500036135;0;7;0;0;1;1;1;A01
201500036136;0;7;0;0;2;1;15;A01
201500036136;0;1;0;0;2;1;1;B01
201500036137;0;7;0;4;0;5;1;A01
201500036138;0;7;0;0;2;3;9;A01
201500036138;0;7;0;0;2;1;1;B01
201500036139;0;7;0;6;2;1;9;A01
201500036139;0;7;0;0;2;1;1;B01
201500036140;0;15;0;0;2;1;1;A01
201500036140;0;7;0;0;2;4;9;B01
201500036141;0;7;0;0;2;4;2;C01
201500036141;0;7;0;0;2;1;2;A01
201500036141;0;7;0;0;2;4;2;B01
201500036142;0;7;0;0;2;2;1;A01
201500036142;0;2;0;0;2;1;1;B01
201500036143;0;7;0;0;2;6;23;B01
201500036143;0;7;0;0;2;1;2;A01
201500036144;0;7;0;0;1;2;16;A01
201500036145;0;7;0;0;2;3;1;A01
201500036145;0;7;0;0;2;2;1;B01
201500036146;2;7;0;0;2;1;2;A01
201500036146;0;7;0;0;2;1;1;C01
201500036146;0;7;0;0;2;4;1;B01
201500036147;0;7;0;0;2;8;15;A01
201500036147;0;7;0;1;2;2;2;B01
201500036148;0;7;0;0;2;1;2;A01
201500036148;0;7;0;0;2;4;2;C01
201500036148;0;7;0;0;2;4;2;B01
201500036149;0;30;0;0;2;1;1;A01
201500036149;0;7;0;0;2;8;15;B01
201500036150;1;7;0;0;1;3;17;Z01
201500036151;0;1;0;0;0;8;1;A01
201500036152;0;34;0;0;2;1;1;B01
201500036152;0;7;0;0;2;2;15;A01
201500036153;0;30;0;0;2;7;1;B01
201500036153;0;10;0;0;2;1;9;A01
201500036154;0;2;0;0;2;1;17;A01
201500036154;0;7;0;0;2;8;15;B01
201500036155;0;7;0;0;1;2;1;A01
201500036156;0;7;0;0;2;3;15;B01
201500036156;0;10;0;0;2;2;1;A01
201500036157;0;7;0;0;2;2;1;A01
201500036157;0;7;0;0;2;3;1;B01
201500036158;0;7;0;0;2;2;14;A01
201500036158;0;7;0;3;2;6;1;B01
201500036159;0;1;0;0;2;3;1;B01
201500036159;1;99;0;0;2;5;16;Z01
201500036160;0;7;0;0;2;1;1;B01
201500036160;0;7;0;0;2;3;1;A01
201500036161;0;7;0;0;2;2;15;A01
201500036161;0;7;0;0;2;3;1;B01
201500036162;0;7;0;0;0;0;9;A01
201500036162;0;33;0;0;0;7;1;B01
201500036163;1;7;0;0;2;4;1;Z01
201500036163;0;7;0;0;2;4;1;B01
201500036163;0;7;0;0;2;1;2;A01
201500036164;0;7;0;0;2;2;1;B01
201500036164;0;7;0;0;2;3;11;A01
201500036165;0;17;0;0;2;7;1;A01
201500036165;0;1;0;0;2;0;19;B01
201500036166;0;30;0;0;0;8;1;A01
201500036167;0;99;0;13;0;7;1;A01
201500036168;0;7;0;0;2;1;15;A01
201500036168;0;30;0;0;2;1;1;B01
201500036169;0;7;0;0;0;0;4;A01
201500036169;0;30;0;0;0;7;1;B01
201500036170;0;30;0;0;0;8;1;A01
201500036171;0;7;0;0;2;3;15;A01
201500036171;0;30;0;0;2;8;1;B01
201500036172;0;7;0;0;2;1;15;A01
201500036172;0;7;0;0;2;3;1;B01
201500036173;0;7;0;0;1;1;15;A01
201500036174;0;7;0;0;1;1;1;A01
201500036175;0;7;0;0;2;3;1;A01
201500036175;0;7;0;0;2;2;9;B01
201500036176;0;33;0;8;0;1;1;A01
201500036177;0;34;0;12;0;1;1;A01
201500036178;0;7;0;3;0;3;0;A01
201500036179;0;33;0;0;0;8;1;A01
201500036180;0;7;0;0;2;1;23;B01
201500036180;0;7;0;9;2;1;1;A01
201500036181;0;33;0;0;0;7;1;A01
201500036182;0;7;0;12;0;8;1;A01
201500036183;0;7;0;0;2;8;20;A01
201500036183;0;2;0;0;2;1;1;B01
201500036184;0;7;0;0;2;2;1;B01
201500036184;0;7;0;0;2;8;11;A01
201500036185;0;30;0;0;2;3;1;B01
201500036185;0;7;0;0;2;3;15;A01
201500036186;0;31;0;0;2;7;1;A01
201500036186;2;7;0;0;2;3;11;Z01
201500036187;0;14;0;0;1;0;1;A01
201500036188;0;33;0;0;1;1;1;A01
201500036189;0;10;0;0;1;1;1;A01
201500036190;0;7;0;0;2;2;16;B01
201500036190;0;30;0;0;2;3;18;A01
201500036191;0;7;0;0;2;7;15;A01
201500036191;0;30;0;0;2;1;1;B01
201500036192;0;33;0;0;0;0;0;A01
201500036193;0;2;0;0;2;1;15;A01
201500036193;0;7;0;0;2;8;15;B01
201500036194;0;30;0;0;2;4;2;B01
201500036194;1;7;0;0;2;1;2;Z01
201500036195;0;7;0;0;1;1;19;A01
201500036196;0;7;0;0;2;2;15;A01
201500036196;0;2;0;0;2;1;1;B01
201500036197;0;7;0;0;1;1;1;A01
201500036197;0;7;0;0;2;1;1;B01
201500036198;0;7;0;8;0;1;1;A01
201500036199;0;1;0;0;2;1;1;B01