num_acc;senc;catv;occutc;obs;obsm;choc;manv;num_veh
201500036576;0;7;0;0;2;1;1;B01
201500036577;0;38;1;0;2;3;1;C01
201500036577;0;7;0;0;2;5;1;A01
201500036577;0;7;0;0;2;3;1;B01
201500036578;0;33;0;1;2;1;1;A01
201500036578;0;7;0;0;2;5;2;B01
201500036579;0;7;0;0;2;2;1;A01
201500036579;0;7;0;0;2;3;15;B01
201500036580;0;7;0;0;2;3;15;B01
201500036580;0;33;0;0;2;1;17;A01
201500036581;0;7;0;0;2;2;15;B01
201500036581;0;32;0;0;2;1;1;A01
201500036582;0;7;0;0;2;3;2;B01
201500036582;0;33;0;0;2;2;3;A01
201500036583;0;33;0;0;2;1;3;A01
201500036583;0;7;0;0;2;7;1;C01
201500036583;0;7;0;0;2;8;1;B01
201500036584;0;7;0;0;1;2;1;A01
201500036585;0;7;0;0;2;1;1;A01
201500036585;0;1;0;0;2;0;0;B01
201500036586;0;33;0;0;2;4;12;A01
201500036586;0;15;0;0;2;4;23;B01
201500036587;0;33;0;0;2;3;2;B01
201500036587;0;33;0;0;2;5;1;A01
201500036588;0;7;0;0;2;8;9;A01
201500036588;0;14;0;0;2;1;2;B01
201500036589;0;34;0;0;1;1;1;A01
201500036590;0;33;0;0;2;2;1;C01
201500036590;0;7;0;0;2;7;1;B01
201500036590;0;7;0;0;2;1;1;A01
201500036591;0;37;37;0;2;1;1;A01
201500036591;0;10;0;0;2;4;1;B01
201500036592;0;7;0;0;1;1;1;A01
201500036593;0;7;0;4;2;3;1;A01
201500036593;0;7;0;0;2;1;0;B01
201500036594;0;7;0;0;2;1;1;A01
201500036594;0;7;0;0;2;4;1;B01
201500036595;0;31;0;0;2;8;1;B01
201500036595;0;7;0;0;2;1;15;A01
201500036596;0;7;0;0;2;7;1;B01
201500036596;0;7;0;0;2;1;9;A01
201500036597;0;7;0;0;2;2;1;B01
201500036597;0;7;0;0;2;2;13;A01
201500036598;0;7;0;0;1;1;15;A01
201500036599;0;7;0;0;2;1;1;A01
201500036599;0;3;0;0;2;3;0;B01
201500036600;0;7;0;0;2;1;1;B01
201500036600;0;7;0;0;2;5;10;A01
201500036601;0;7;0;0;2;4;1;A01
201500036601;0;1;0;0;2;1;9;B01
201500036602;0;7;0;0;2;4;1;B01
201500036602;0;10;0;0;2;1;1;A01
201500036603;0;33;0;0;1;6;1;A01
201500036604;0;7;0;0;2;4;23;B01
201500036604;0;7;0;0;2;1;1;A01
201500036605;0;30;0;0;2;1;1;B01
201500036605;1;10;0;0;2;4;4;Z01
201500036606;0;2;0;0;1;1;1;A01
201500036607;0;7;0;0;1;1;1;A01
201500036608;0;7;0;0;1;1;1;A01
201500036609;0;7;0;0;2;1;1;A01
201500036609;0;7;0;0;2;4;23;B01
201500036610;0;31;0;0;2;8;3;A01
201500036610;0;7;0;0;2;2;12;B01
201500036611;0;7;0;0;2;1;1;A01
201500036611;0;7;0;0;2;2;1;B01
201500036612;0;7;0;0;2;2;21;B01
201500036612;0;31;0;0;2;7;21;A01
201500036613;0;7;0;0;1;4;4;A01
201500036614;0;7;0;0;1;3;17;A01
201500036615;0;7;0;0;2;3;13;A01
201500036615;0;7;0;0;2;1;2;C01
201500036615;0;7;0;0;2;3;1;B01
201500036616;0;1;0;0;2;1;0;A01
201500036616;0;7;0;0;2;4;2;B01
201500036617;0;7;0;0;2;1;1;A01
201500036617;0;7;0;0;2;4;1;B01
201500036618;0;7;0;0;2;4;2;B01
201500036618;0;7;0;0;2;1;1;A01
201500036619;0;33;0;1;0;1;14;A01
201500036620;0;7;0;0;2;4;2;C01
201500036620;0;7;0;0;2;4;2;B01
201500036620;0;10;0;0;2;1;1;A01
201500036620;0;7;0;0;2;4;2;D01
201500036621;0;31;0;0;2;2;17;B01
201500036621;0;7;0;0;2;2;15;A01
201500036622;0;7;0;0;2;4;1;B01
201500036622;0;7;0;0;2;1;1;A01
201500036622;0;7;0;0;2;4;1;C01
201500036623;0;7;0;0;2;4;23;C01
201500036623;0;7;0;0;2;4;23;B01
201500036623;0;7;0;0;2;1;1;A01
201500036624;0;7;0;0;2;1;1;B01
201500036624;0;7;0;0;2;1;13;A01
201500036625;0;7;0;0;2;1;1;A01
201500036625;0;7;0;0;2;4;23;B01
201500036626;0;33;0;0;2;1;1;B01
201500036626;0;7;0;0;2;1;13;A01
201500036627;0;7;0;0;1;3;16;A01
201500036628;0;7;0;0;2;3;1;B01
201500036628;0;7;0;0;2;2;16;A01
201500036629;0;14;0;0;2;1;1;A01
201500036629;0;7;0;0;2;4;23;B01
201500036630;0;37;2;0;2;3;1;B01
201500036630;0;7;0;0;2;7;14;A01
201500036631;0;7;0;0;2;4;1;B01
201500036631;0;7;0;0;2;4;1;C01
201500036631;0;10;0;0;2;1;1;A01
201500036632;0;7;0;0;1;1;1;A01
201500036633;0;7;0;0;2;0;0;A01
201500036633;0;7;0;0;0;0;0;B01
201500036634;0;38;2;0;2;1;1;A01
201500036634;0;7;0;0;2;4;2;B01
201500036635;0;37;2;0;2;1;0;B01
201500036635;0;7;0;0;2;1;1;A01
201500036636;0;7;0;3;2;3;1;B01
201500036636;0;7;0;0;2;3;13;A01
201500036637;0;7;0;0;2;4;1;A01
201500036637;0;7;0;0;2;1;2;C01
201500036637;0;7;0;0;2;4;2;B01
201500036638;0;7;0;0;1;1;0;A01
201500036639;0;3;0;0;2;4;2;C01
201500036639;0;7;0;0;2;4;2;B01
201500036639;0;7;0;0;2;1;1;A01
201500036640;0;37;1;0;2;4;2;B01
201500036640;0;31;0;0;2;1;1;A01
201500036641;0;1;0;0;2;8;1;B01
201500036641;0;10;0;0;2;1;1;A01
201500036642;0;7;0;0;2;1;1;A01
201500036642;0;7;0;0;2;4;2;B01
201500036642;0;7;0;0;2;4;2;C01
201500036643;0;7;0;0;2;8;1;B01
201500036643;0;1;0;0;2;1;1;A01
201500036644;0;10;0;0;1;8;1;A01
201500036645;0;7;0;0;2;4;1;A01
201500036645;0;7;0;0;2;1;2;B01
201500036646;0;7;0;0;2;3;15;A01
201500036646;0;2;0;0;2;1;17;B01
201500036647;0;30;0;0;2;4;15;A01
201500036647;1;7;0;0;2;1;2;Z01
201500036648;0;7;0;0;2;4;2;B01
201500036648;0;7;0;0;2;1;1;A01
201500036649;2;30;0;1;0;1;1;A01
201500036650;0;7;0;0;1;1;1;A01
201500036651;0;7;0;0;1;3;15;A01
201500036652;0;7;0;0;1;3;1;A01
201500036653;0;30;0;0;2;1;1;B01
201500036653;0;7;0;0;2;1;1;A01
201500036654;0;7;0;0;1;5;4;A01
201500036655;0;10;0;0;2;8;13;B01
201500036655;0;33;0;0;2;1;17;A01
201500036656;0;30;0;0;1;1;1;A01
201500036657;0;7;0;0;2;2;1;B01
201500036657;0;7;0;0;2;1;1;A01
201500036658;0;7;0;0;1;1;1;A01
201500036659;0;7;0;0;2;2;1;B01
201500036659;0;7;0;0;2;3;19;A01
201500036660;0;7;0;0;1;1;1;A01
201500036661;1;10;0;0;1;1;17;Z01
201500036662;0;37;1;9;1;1;1;A01
201500036663;0;1;0;0;2;7;0;B01
201500036663;0;7;0;0;2;1;1;A01
201500036664;1;7;0;0;1;2;0;A01
201500036665;0;2;0;0;2;1;5;A01
201500036665;0;7;0;0;2;3;0;B01
201500036666;0;32;0;0;2;7;1;B01
201500036666;0;7;0;0;2;1;1;A01
201500036667;0;7;0;0;1;1;1;A01
201500036668;0;7;0;0;2;2;1;A01
201500036668;0;7;0;0;2;3;1;B01
201500036669;0;7;0;0;2;1;1;A01
201500036669;0;7;0;0;2;4;2;B01
201500036670;0;7;0;0;1;1;1;A01
201500036671;0;7;0;0;1;8;1;A01
201500036672;1;7;0;0;1;1;1;Z01
201500036673;0;7;0;0;2;4;2;B01
201500036673;0;7;0;0;2;1;1;A01
201500036674;0;2;0;0;2;3;1;A01
201500036674;0;7;0;0;2;5;15;B01
201500036675;0;10;0;14;1;1;15;A01
201500036676;0;7;0;0;2;3;1;B01
201500036676;0;7;0;0;2;3;15;A01
201500036677;0;7;0;1;0;2;14;A01
201500036678;0;7;0;4;0;0;0;A01
201500036679;0;7;0;0;2;0;0;A01
201500036679;0;33;0;0;2;0;0;B01
201500036680;0;13;0;0;1;3;1;A01
201500036681;0;7;0;0;1;1;1;A01
201500036682;0;7;0;8;0;1;13;A01
201500036683;0;7;0;0;2;0;0;B01
201500036683;0;7;0;0;2;0;0;A01
201500036684;0;7;0;0;2;4;2;B01
201500036684;0;7;0;0;2;1;1;A01
201500036684;0;7;0;0;2;4;2;C01
201500036685;0;7;0;0;2;8;0;B01
201500036685;0;31;0;0;2;1;0;A01
201500036686;0;33;0;0;2;1;1;A01
201500036686;0;7;0;0;2;2;1;B01
201500036687;0;30;0;0;2;1;1;B01
201500036687;0;7;0;0;2;5;15;A01
201500036688;0;7;0;0;2;1;1;A01
201500036688;0;7;0;0;2;4;1;B01
201500036689;1;7;0;0;1;1;8;Z01
201500036690;0;7;0;0;2;0;1;B01
201500036690;0;7;0;0;2;3;0;A01
201500036691;0;7;0;0;2;1;5;A01
201500036691;0;7;0;0;2;1;5;B01
201500036692;0;7;0;8;2;1;1;A01
201500036692;0;10;0;0;2;1;0;B01
201500036693;0;3;0;8;0;1;13;A01
201500036694;0;7;0;0;2;1;1;A01
201500036694;0;2;0;0;2;6;16;B01
201500036695;0;7;0;0;2;3;13;B01
201500036695;0;1;0;0;2;5;1;A01
201500036696;0;7;0;0;2;8;1;B01
201500036696;0;7;0;0;2;1;15;A01
201500036697;0;7;0;0;2;4;2;B01
201500036697;0;13;0;0;2;4;2;C01
201500036697;0;7;0;0;2;2;0;A01
201500036698;0;31;0;0;2;0;0;B01
201500036698;0;7;0;0;2;0;0;A01
201500036699;0;10;0;0;2;4;2;B01
201500036699;0;10;0;0;2;2;21;A01
201500036700;0;7;0;0;2;0;15;A01
201500036700;0;7;0;0;2;0;16;B01
201500036701;2;7;0;0;1;3;1;A01
201500036702;0;7;0;0;2;2;1;A01
201500036702;0;30;0;0;2;3;1;B01
201500036703;0;7;0;0;2;3;15;B01
201500036703;0;34;0;0;2;2;17;A01
201500036704;0;7;0;0;2;3;15;A01
201500036704;0;7;0;0;2;3;1;B01
201500036705;0;2;0;0;2;1;1;B01
201500036705;0;10;0;0;2;4;1;A01
201500036706;0;30;0;0;2;1;13;A01
201500036706;2;7;0;0;2;1;13;B01
201500036707;0;7;0;0;2;7;1;A01
201500036707;1;2;0;0;2;0;0;B01
201500036708;0;7;0;0;0;0;0;B01
201500036708;0;7;0;0;2;2;19;A01
201500036709;0;7;0;0;1;5;4;A01
201500036710;0;2;0;6;0;2;14;A01
201500036711;0;7;0;0;1;1;15;A01
201500036712;0;7;0;0;2;1;1;B01
201500036712;0;7;0;0;2;1;13;A01
201500036713;0;7;0;0;2;2;19;A01
201500036713;0;33;0;0;2;1;19;B01
201500036714;0;30;0;0;2;8;1;B01
201500036714;0;2;0;0;2;1;1;A01
201500036715;0;32;0;0;2;1;17;A01
201500036715;0;7;0;0;2;8;0;B01
201500036716;0;7;0;0;2;3;15;A01
201500036716;0;32;0;0;2;3;1;B01
201500036717;0;7;0;0;1;2;19;A01
201500036718;0;7;0;0;1;2;20;A01
201500036719;0;7;0;0;2;8;13;A01
201500036719;0;31;0;0;2;2;1;B01
201500036720;0;7;0;0;2;1;1;A01
201500036720;0;10;0;0;2;6;2;B01
201500036721;0;7;0;0;1;2;1;A01
201500036722;0;7;0;0;2;7;15;A01
201500036722;0;7;0;0;2;2;1;B01
201500036723;0;7;0;8;0;1;15;A01
201500036724;0;7;0;4;0;1;15;A01
201500036725;0;7;0;0;2;1;2;B01
201500036725;0;7;0;0;2;6;1;A01
201500036725;1;7;0;0;2;1;2;Z01
201500036726;0;7;0;1;0;1;13;A01
201500036726;0;10;0;0;2;1;24;B01
201500036727;0;7;0;12;2;2;15;A01
201500036727;0;33;0;0;2;1;1;B01
201500036728;0;7;0;0;2;1;14;A01
201500036728;0;1;0;0;2;1;1;B01
201500036729;0;7;0;0;2;3;1;A01
201500036729;0;99;0;0;2;1;1;B01
201500036730;0;7;0;1;0;9;1;A01
201500036731;1;7;0;0;2;1;1;Z01
201500036731;0;7;0;0;2;4;23;B01
201500036732;0;7;0;0;2;4;2;B01
201500036732;0;7;0;0;2;4;1;A01
201500036732;0;7;0;0;2;1;2;C01
201500036733;0;7;0;0;2;1;1;A01
201500036733;0;7;0;0;2;3;15;B01
201500036734;0;7;0;0;2;2;9;B01
201500036734;0;2;0;0;2;8;5;A01
201500036735;0;7;0;9;0;1;1;A01
201500036736;0;7;0;0;2;2;1;A01
201500036736;0;1;0;0;2;1;1;B01
201500036737;0;7;0;0;0;0;0;A01
201500036738;0;2;0;0;2;1;1;B01
201500036738;0;7;0;0;2;3;19;A01
201500036739;0;33;0;0;2;7;1;A01
201500036739;0;7;0;0;2;1;1;B01
201500036740;0;7;0;0;2;4;2;B01
201500036740;0;7;0;0;2;1;1;A01
201500036741;0;33;0;0;2;8;1;B01
201500036741;0;7;0;0;2;3;10;A01
201500036742;0;33;0;0;0;7;0;A01
201500036743;0;7;0;0;1;2;15;A01
201500036744;0;33;0;0;0;8;1;A01
201500036745;0;7;0;0;2;4;2;B01
201500036745;0;7;0;0;2;1;1;A01
201500036745;0;7;0;0;2;4;1;C01
201500036746;0;7;0;0;2;8;15;B01
201500036746;0;2;0;0;2;1;17;A01
201500036747;0;7;0;0;2;2;15;A01
201500036747;0;32;0;0;2;1;1;B01
201500036748;0;7;0;6;0;2;15;A01
201500036749;0;7;0;0;2;4;15;A01
201500036749;0;7;0;0;2;1;1;B01
201500036750;0;7;0;1;0;2;14;A01
201500036751;1;7;0;0;1;1;0;Z01
201500036752;0;7;0;0;2;7;15;A01
201500036752;0;30;0;0;2;1;2;B01
201500036753;0;7;0;0;2;5;1;A01
201500036753;0;30;0;0;2;6;0;B01
201500036754;0;7;0;0;1;1;1;A01
201500036755;0;7;0;0;2;1;14;A01
201500036755;0;7;0;0;2;9;1;B01
201500036755;0;7;0;0;2;0;1;C01
201500036755;0;7;0;0;2;4;1;D01
201500036756;0;7;0;0;1;1;1;A01
201500036757;0;7;0;0;2;2;15;B01
201500036757;0;7;0;0;2;1;1;C01
201500036757;1;30;0;0;2;2;1;Z01
201500036758;0;7;0;0;1;2;1;A01
201500036759;0;7;0;0;2;3;1;A01
201500036759;0;7;0;0;2;3;15;B01
201500036760;0;7;0;0;2;1;1;B01
201500036760;0;10;0;0;2;1;1;A01
201500036761;0;7;0;0;2;1;1;B01
201500036761;0;7;0;0;2;1;1;C01
201500036761;0;7;0;0;2;4;1;A01
201500036762;0;7;0;0;2;2;15;A01
201500036762;0;2;0;0;2;1;1;B01
201500036763;0;7;0;0;2;1;1;B01
201500036763;0;7;0;0;2;1;17;A01
201500036764;0;2;0;0;0;0;0;A01
201500036765;0;7;0;0;2;4;2;B01
201500036765;0;7;0;0;2;1;1;A01
201500036766;0;7;0;1;0;2;14;A01
201500036767;0;1;0;0;0;0;0;A01
201500036768;0;7;0;0;0;9;14;A01
201500036769;0;7;0;0;2;4;2;B01
201500036769;0;7;0;0;2;1;1;A01
201500036770;1;7;0;0;1;1;1;Z01
201500036771;1;30;0;0;1;1;1;Z01
201500036772;0;7;0;0;0;0;0;A01
201500036773;0;7;0;0;2;1;1;B01
201500036773;0;30;0;0;2;1;1;A01
201500036774;0;7;0;0;0;2;14;A01
201500036775;0;7;0;0;2;4;14;B01
201500036775;0;7;0;0;2;1;14;C01
201500036775;0;7;0;0;2;1;14;A01
201500036776;0;10;0;1;0;7;0;A01
201500036776;0;7;0;0;2;8;24;D01
201500036777;0;33;0;0;0;0;0;A01
201500036778;0;7;0;0;1;2;1;A01
201500036779;0;15;0;0;2;2;1;A01
201500036779;0;7;0;0;2;1;1;B01
201500036780;0;7;0;0;0;7;14;A01
201500036781;2;7;0;8;0;9;14;A01
201500036782;0;7;0;4;0;8;13;A01
201500036783;0;31;0;0;0;7;14;A01
201500036784;0;7;0;0;1;8;4;A01
201500036785;0;7;0;0;2;1;1;A01
201500036785;0;7;0;0;2;4;2;B01
201500036786;0;7;0;0;1;4;4;A01
201500036787;0;31;0;0;0;1;1;A01
201500036788;0;7;0;6;0;1;14;A01
201500036789;0;7;0;2;0;8;14;A01
201500036790;0;7;0;0;0;9;0;A01
201500036791;0;7;0;2;0;0;1;A01
201500036792;0;7;0;0;2;3;15;B01
201500036792;0;7;0;0;2;1;1;A01
201500036793;0;7;0;8;0;1;1;A01
201500036794;0;2;0;0;2;8;19;B01
201500036794;0;7;0;0;2;1;19;A01
201500036795;0;7;0;0;2;4;2;B01
201500036795;0;7;0;0;2;1;1;A01
201500036796;0;7;0;0;2;1;14;A01
201500036796;0;7;0;0;2;1;1;B01
201500036797;0;10;0;0;1;1;13;A01
201500036798;0;7;0;0;2;1;2;B01
201500036798;0;10;0;0;2;4;1;A01
201500036799;0;7;0;14;0;1;0;A01
201500036800;0;3;0;6;0;1;14;A01
201500036801;0;7;0;0;1;1;1;A01
201500036802;0;7;0;8;0;1;0;A01
201500036803;0;7;0;0;2;1;1;B01
201500036803;0;7;0;0;2;1;5;A01
201500036804;0;7;0;8;0;1;1;A01
201500036805;0;33;0;0;2;1;1;A01
201500036805;0;7;0;0;2;4;2;B01
201500036806;0;7;0;0;2;7;16;B01
201500036806;0;2;0;0;2;1;1;A01
201500036807;0;7;0;0;2;8;0;B01
201500036807;0;1;0;0;2;1;5;A01
201500036808;0;10;0;8;2;2;19;A01
201500036808;0;10;0;0;2;1;1;B01
201500036809;0;7;0;0;0;9;0;A01
201500036810;0;7;0;0;0;0;0;A01
201500036811;0;7;0;0;2;1;1;A01
201500036811;0;1;0;0;2;8;1;B01
201500036812;0;7;0;0;0;0;0;A01
201500036813;0;7;0;0;2;2;0;C01
201500036813;0;7;0;0;2;4;2;B01
201500036813;0;7;0;0;2;1;1;A01
201500036814;0;7;0;14;0;2;0;A01
201500036815;0;3;0;4;0;6;1;A01
201500036816;0;7;0;0;1;7;1;A01
201500036817;0;14;0;0;2;4;4;A01
201500036817;0;33;0;0;2;1;23;B01
201500036818;0;7;0;0;2;4;1;A01
201500036818;1;7;0;0;2;1;2;Z01
201500036819;0;10;0;0;0;0;0;A01
201500036820;0;7;0;0;2;8;9;A01
201500036820;0;7;0;0;2;7;1;B01
201500036821;0;7;0;0;2;1;15;A01
201500036821;0;7;0;0;2;1;1;B01
201500036822;0;7;0;0;2;3;1;B01
201500036822;0;7;0;0;2;2;15;A01
201500036823;0;7;0;1;0;7;13;A01
201500036824;0;30;0;0;0;0;1;A01
201500036825;0;7;0;16;0;1;14;A01
201500036826;0;7;0;16;0;1;14;A01
201500036827;0;10;0;3;0;1;1;A01
201500036828;0;7;0;0;2;4;2;B01
201500036828;0;7;0;0;2;1;1;A01
201500036829;0;10;0;0;2;8;9;B01
201500036829;1;10;0;0;2;1;1;Z01
201500036830;0;33;0;0;2;1;1;B01
201500036830;0;7;0;0;2;3;19;A01
201500036831;0;7;0;0;2;1;1;A01
201500036831;0;7;0;0;2;4;2;B01
201500036831;0;7;0;0;2;0;0;C01
201500036832;0;7;0;0;2;4;2;B01
201500036832;0;10;0;0;2;1;1;A01
201500036833;0;33;0;16;0;0;0;A01
201500036834;0;7;0;0;1;2;1;A01
201500036835;0;10;0;0;1;1;1;A01
201500036836;0;7;0;0;0;0;0;A01
201500036837;0;7;0;0;1;1;1;A01
201500036838;0;7;0;0;1;2;1;A01
201500036839;0;7;0;10;0;3;1;A01
201500036840;2;30;0;0;2;1;17;Z01
201500036840;0;10;0;0;2;3;15;B01
201500036841;0;7;0;0;2;2;1;A01
201500036841;0;7;0;0;2;1;1;B01
201500036842;0;2;0;0;0;7;1;A01
201500036843;0;2;0;0;2;4;1;B01
201500036843;0;7;0;0;2;1;15;A01
201500036844;0;7;0;0;2;1;2;B01
201500036844;0;7;0;0;2;1;1;A01
201500036844;0;7;0;0;2;4;2;C01
201500036845;0;7;0;14;0;3;1;A01
201500036846;1;7;0;0;1;1;1;Z01
201500036847;0;7;0;0;1;1;1;A01
201500036848;0;7;0;4;2;5;1;B01
201500036848;0;14;0;0;2;2;14;A01
201500036849;0;10;0;5;0;1;1;A01
201500036850;0;15;0;0;0;0;14;A01
201500036851;0;7;0;0;1;1;1;A01
201500036852;0;7;0;0;2;1;1;B01
201500036852;0;10;0;0;2;7;1;A01
201500036853;0;7;0;0;2;1;1;B01
201500036853;0;7;0;0;2;1;13;A01
201500036854;0;7;0;3;0;1;1;A01
201500036855;0;7;0;0;0;1;1;A01
201500036856;0;7;0;0;2;1;1;C01
201500036856;0;10;0;0;2;1;1;B01
201500036856;0;15;0;0;2;1;13;A01
201500036856;0;10;0;0;2;1;2;D01
201500036857;0;37;1;0;2;7;2;C01
201500036857;0;7;0;0;2;1;1;B01
201500036857;0;33;0;0;2;1;1;A01
201500036858;0;7;0;0;2;4;2;C01
201500036858;0;7;0;0;2;1;1;A01
201500036858;0;7;0;0;2;4;2;B01
201500036859;0;7;0;0;2;7;1;B01
201500036859;0;7;0;0;2;1;9;A01
201500036859;0;7;0;0;2;4;1;C01
201500036860;0;7;0;0;1;1;1;A01
201500036861;0;7;0;0;1;1;1;A01
201500036862;0;7;0;0;0;0;0;A01
201500036863;0;7;0;0;0;0;0;A01
201500036864;0;33;0;1;0;3;1;A01
201500036865;0;33;0;0;6;3;1;A01
201500036866;0;7;0;0;2;2;2;B01
201500036866;0;31;0;0;2;8;1;A01
201500036867;0;7;0;0;2;4;2;B01
201500036867;0;7;0;0;2;1;1;A01
201500036867;0;7;0;0;2;4;2;C01
201500036868;0;7;0;9;0;9;1;A01
201500036869;0;7;0;0;2;4;2;B01
201500036869;0;1;0;0;2;1;1;A01
201500036870;0;7;0;0;0;0;14;A01
201500036871;0;99;0;9;0;9;6;A01
201500036872;0;7;0;0;1;6;4;A01
201500036873;0;37;1;16;1;2;16;A01
201500036874;0;7;0;0;1;2;1;A01
201500036875;0;7;0;0;1;1;1;A01
201500036876;0;33;0;0;2;1;1;B01
201500036876;0;7;0;0;2;1;15;A01
201500036877;0;7;0;0;2;1;1;A01
201500036877;0;7;0;0;2;8;1;B01
201500036878;0;7;0;0;1;7;16;A01
201500036879;0;7;0;0;2;1;9;A01
201500036879;0;7;0;0;2;3;0;B01
201500036880;0;7;0;0;1;3;1;A01
201500036881;0;7;0;0;1;8;1;A01
201500036882;0;7;0;0;2;3;9;B01
201500036882;0;7;0;0;2;2;0;A01
201500036882;0;7;0;0;2;6;2;C01
201500036883;0;7;0;0;2;5;1;B01
201500036883;0;30;0;0;2;3;13;A01
201500036884;0;31;0;0;0;0;0;M01
201500036885;0;7;0;0;1;0;0;A01
201500036886;0;7;0;8;2;3;1;B01
201500036886;0;7;0;0;2;3;1;A01
201500036887;0;7;0;0;0;0;0;A01
201500036887;0;31;0;0;2;7;1;B01
201500036888;0;7;0;0;1;1;1;A01
201500036889;0;2;0;0;2;1;18;B01
201500036889;0;7;0;0;2;0;0;C01
201500036889;0;7;0;0;2;3;0;D01
201500036889;0;7;0;0;2;1;9;A01
201500036890;0;33;0;0;2;8;18;B01
201500036890;0;7;0;0;2;7;12;A01
201500036891;0;7;0;0;2;1;13;A01
201500036891;0;37;1;0;2;1;1;B01
201500036892;0;7;0;0;2;3;15;A01
201500036892;0;34;0;0;2;1;1;B01
201500036893;0;1;0;0;2;4;1;A01
201500036893;0;7;0;0;2;1;2;B01
201500036894;0;1;0;0;2;1;0;B01
201500036894;0;15;0;0;2;1;0;A01
201500036895;0;7;0;0;2;2;0;A01
201500036895;0;33;0;0;2;3;9;B01
201500036896;0;7;0;0;2;1;1;A01
201500036896;0;31;0;0;2;8;1;B01
201500036897;0;7;0;0;2;1;1;A01
201500036897;0;34;0;0;2;4;2;B01
201500036898;0;7;0;0;1;0;0;A01
201500036899;0;7;0;8;9;1;1;A01
201500036900;0;7;0;0;2;1;1;A01
201500036900;0;7;0;0;2;4;1;B01
201500036901;0;7;0;0;2;1;1;A01
201500036901;0;7;0;0;2;4;2;B01
201500036902;0;7;0;0;1;1;1;A01
201500036903;0;7;0;0;1;1;1;A01
201500036904;0;7;0;0;1;1;1;A01
201500036905;0;32;0;0;1;1;1;A01
201500036906;0;7;0;0;1;1;1;A01
201500036907;0;7;0;0;1;1;1;A01
201500036908;0;7;0;0;2;7;17;A01
201500036908;0;1;0;0;2;3;2;B01
201500036909;0;7;0;0;2;7;1;A01
201500036909;0;7;0;0;2;3;2;B01
201500036909;0;7;0;0;2;1;1;C01
201500036910;0;99;0;0;2;7;1;A01
201500036910;0;7;0;6;2;1;1;B01
201500036911;0;7;0;0;2;7;1;B01
201500036911;0;7;0;0;2;1;15;A01
201500036912;1;7;0;0;1;2;1;Z01
201500036913;0;7;0;0;1;1;1;A01
201500036914;0;2;0;0;2;1;1;B01
201500036914;0;7;0;0;2;2;20;A01
201500036915;0;7;0;0;2;1;15;A01
201500036915;0;30;0;0;2;2;16;B01
201500036916;1;2;0;0;2;0;0;C01
201500036916;0;1;0;0;2;1;0;A01
201500036916;0;7;0;0;2;7;1;B01
201500036917;0;7;0;0;2;8;15;B01
201500036917;0;34;0;0;2;2;17;A01
201500036918;0;7;0;0;1;4;1;B01
201500036918;0;7;0;0;2;1;1;A01
201500036919;0;7;0;0;2;1;1;A01
201500036919;0;7;0;0;2;4;1;B01
201500036920;0;15;0;0;2;3;1;B01
201500036920;0;7;0;0;2;0;0;A01
201500036921;0;30;0;0;1;1;1;A01
201500036922;0;37;1;0;2;1;15;B01
201500036922;0;2;0;0;2;1;1;A01
201500036923;0;33;0;0;2;1;17;B01
201500036923;0;7;0;0;2;3;9;A01
201500036924;0;7;0;0;1;5;21;A01
201500036925;0;34;0;0;2;1;2;B01
201500036925;0;7;0;0;2;3;15;A01
201500036926;0;7;0;0;2;5;15;A01
201500036926;0;33;0;0;2;2;1;B01
201500036927;0;7;0;0;2;5;15;B01
201500036927;0;33;0;0;2;3;15;A01
201500036928;1;33;0;0;1;1;1;A01
201500036929;0;2;0;0;2;7;15;B01
201500036929;0;7;0;0;2;8;13;A01
201500036930;0;2;0;2;0;2;1;A01
201500036931;0;7;0;0;1;1;1;A01
201500036932;0;15;0;0;2;2;21;B01
201500036932;0;7;0;0;2;3;11;A01
201500036933;0;7;0;8;2;3;1;B01
201500036933;0;7;0;0;2;1;1;A01
201500036934;0;7;0;0;2;1;2;C01
201500036934;0;7;0;0;2;4;1;A01
201500036934;0;7;0;0;2;1;2;D01
201500036934;0;7;0;0;2;4;2;B01
201500036935;0;7;0;0;1;3;16;A01
201500036936;0;7;0;0;1;1;1;A01
201500036937;0;15;0;14;0;1;1;A01
201500036938;2;34;0;0;1;1;1;A01
201500036939;0;7;0;0;2;5;15;A01
201500036939;0;34;0;0;2;1;2;B01
201500036940;0;32;0;0;2;1;1;A01
201500036940;0;7;0;0;2;8;15;B01
201500036941;0;7;0;0;2;2;1;A01
201500036941;0;7;0;0;2;8;1;B01
201500036942;0;7;0;0;1;3;9;A01
201500036943;0;7;0;0;2;4;23;B01
201500036943;0;7;0;0;2;4;23;A01
201500036943;0;7;0;0;2;1;2;C01
201500036944;1;7;0;0;1;3;1;A01
201500036945;0;7;0;0;1;2;16;A01
201500036946;0;7;0;0;2;3;9;A01
201500036946;0;30;0;0;2;5;1;B01
201500036947;0;7;0;0;1;2;1;A01
201500036948;0;99;0;0;1;1;15;A01
201500036949;0;7;0;0;2;3;15;A01
201500036949;0;2;0;0;2;1;1;B01
201500036950;0;1;0;0;2;1;0;B01
201500036950;0;7;0;0;2;1;1;A01
201500036951;0;7;0;0;1;1;1;A01
201500036952;0;10;0;0;2;3;21;B01
201500036952;0;33;0;0;2;1;13;A01
201500036953;0;7;0;0;1;1;1;A01