num_acc;senc;catv;occutc;obs;obsm;choc;manv;num_veh
201500036954;0;7;0;0;2;4;1;B01
201500036954;0;7;0;0;2;4;1;C01
201500036954;0;7;0;0;2;1;1;A01
201500036955;0;7;0;0;2;4;2;B01
201500036955;0;7;0;0;2;1;1;A01
201500036956;0;7;0;0;2;1;1;A01
201500036956;0;10;0;0;2;4;2;C01
201500036956;0;7;0;0;2;4;2;B01
201500036957;0;7;0;0;2;5;2;B01
201500036957;0;7;0;0;2;1;1;A01
201500036958;0;7;0;0;2;2;1;B01
201500036958;0;33;0;0;2;1;1;A01
201500036959;0;10;0;0;2;4;2;B01
201500036959;0;33;0;0;2;1;1;A01
201500036960;0;10;0;1;1;4;20;A01
201500036960;0;7;0;0;2;4;20;B01
201500036961;0;10;0;0;2;1;1;B01
201500036961;0;7;0;0;2;1;15;A01
201500036962;0;7;0;0;2;1;1;B01
201500036962;0;7;0;0;2;1;15;A01
201500036963;0;16;0;0;2;1;5;B01
201500036963;0;7;0;1;2;1;17;A01
201500036964;0;10;0;0;1;2;1;A01
201500036965;0;33;0;0;2;7;1;B01
201500036965;0;7;0;0;2;1;9;A01
201500036966;0;7;0;0;2;6;1;B01
201500036966;0;7;0;0;2;1;1;A01
201500036967;0;7;0;0;1;1;1;A01
201500036968;0;33;0;0;2;7;1;B01
201500036968;0;7;0;0;2;1;1;A01
201500036969;0;7;0;0;2;4;2;B01
201500036969;0;7;0;0;2;1;1;A01
201500036970;0;34;0;0;1;1;1;A01
201500036971;0;7;0;0;2;1;13;A01
201500036971;0;7;0;0;2;4;23;B01
201500036971;0;7;0;0;2;1;2;C01
201500036972;0;31;0;0;2;1;1;B01
201500036972;0;7;0;0;2;1;15;A01
201500036973;0;7;0;0;2;7;1;B01
201500036973;0;7;0;0;2;6;9;A01
201500036974;0;31;0;0;2;1;1;B01
201500036974;0;7;0;0;2;3;15;A01
201500036975;0;2;0;0;2;8;1;B01
201500036975;0;7;0;0;2;7;15;A01
201500036976;0;2;0;0;2;7;1;B01
201500036976;0;7;0;0;2;3;9;A01
201500036977;0;10;0;3;0;1;14;A01
201500036978;0;7;0;0;2;3;15;A01
201500036978;0;34;0;0;2;3;1;B01
201500036979;2;7;0;0;2;1;1;A01
201500036979;0;7;0;0;2;8;15;B01
201500036980;0;7;0;0;2;4;1;B01
201500036980;0;7;0;0;2;1;1;A01
201500036980;0;7;0;0;2;4;1;C01
201500036981;0;7;0;0;1;1;1;A01
201500036982;0;7;0;0;2;1;2;B01
201500036982;0;33;0;0;2;4;1;A01
201500036983;0;1;0;0;2;8;19;A01
201500036983;0;7;0;0;2;2;1;B01
201500036984;0;10;0;0;2;3;11;A01
201500036984;0;7;0;0;2;2;2;B01
201500036985;0;7;0;0;2;0;15;A01
201500036985;0;2;0;0;2;7;1;B01
201500036986;0;7;0;0;2;7;1;B01
201500036986;0;7;0;0;2;1;9;A01
201500036987;0;7;0;0;1;1;1;A01
201500036988;0;33;0;0;2;7;1;B01
201500036988;0;7;0;0;2;5;15;A01
201500036989;0;7;0;0;2;1;15;A01
201500036989;0;7;0;0;2;1;1;B01
201500036990;0;10;0;0;1;1;1;A01
201500036991;0;33;0;0;2;1;21;A01
201500036991;0;7;0;0;2;4;13;B01
201500036992;0;7;0;0;1;3;1;A01
201500036993;0;7;0;0;2;5;15;B01
201500036993;0;7;0;0;2;3;1;A01
201500036994;0;33;0;0;2;1;17;B01
201500036994;0;7;0;0;2;8;19;A01
201500036995;0;7;0;0;1;5;20;A01
201500036996;0;7;0;0;1;2;1;A01
201500036997;0;7;0;0;2;1;1;A01
201500036997;0;1;0;0;2;1;0;B01
201500036998;0;7;0;8;0;3;1;A01
201500036999;0;33;0;0;0;0;0;B01
201500037000;0;7;0;0;2;7;13;A01
201500037000;0;13;0;0;2;1;1;B01
201500037001;0;7;0;0;2;4;2;C01
201500037001;0;7;0;0;2;4;2;B01
201500037001;2;7;0;0;2;1;1;A01
201500037002;0;7;0;0;2;1;1;A01
201500037002;0;7;0;0;2;4;2;B01
201500037003;0;7;0;0;2;7;15;B01
201500037003;0;32;0;0;2;1;1;A01
201500037004;0;7;0;0;1;1;1;A01
201500037005;0;7;0;0;1;1;1;A01
201500037006;0;7;0;0;2;4;23;B01
201500037006;0;7;0;0;2;1;1;A01
201500037007;0;7;0;0;2;9;1;A01
201500037007;0;7;0;0;2;4;2;B01
201500037007;0;7;0;0;2;1;2;C01
201500037008;0;7;0;0;2;1;1;B01
201500037008;0;7;0;0;2;1;13;A01
201500037009;0;7;0;0;1;1;1;A01
201500037010;0;7;0;0;1;1;1;A01
201500037011;0;33;0;0;2;1;1;A01
201500037011;0;7;0;0;2;4;2;B01
201500037012;0;7;0;0;2;7;15;A01
201500037012;0;32;0;0;2;1;1;B01
201500037013;0;7;0;0;2;4;2;B01
201500037013;0;33;0;0;2;1;1;A01
201500037014;0;7;0;4;0;1;1;A01
201500037015;0;2;0;0;2;1;1;A01
201500037015;0;10;0;0;2;1;1;B01
201500037016;0;7;0;0;2;5;15;A01
201500037016;0;31;0;0;2;1;5;B01
201500037017;0;7;0;0;2;1;2;C01
201500037017;0;7;0;3;2;1;1;A01
201500037017;0;10;0;0;2;4;2;B01
201500037018;0;7;0;0;1;2;1;A01
201500037019;0;7;0;0;2;4;2;D01
201500037019;0;7;0;0;2;1;1;A01
201500037019;0;7;0;0;2;1;2;C01
201500037019;0;7;0;0;2;1;2;B01
201500037020;0;7;0;0;2;4;1;B01
201500037020;0;7;0;3;2;2;14;A01
201500037021;0;7;0;0;2;1;1;B01
201500037021;0;7;0;0;2;8;9;A01
201500037022;0;7;0;0;2;8;1;B01
201500037022;0;7;0;0;2;1;1;A01
201500037023;0;34;0;0;2;1;2;B01
201500037023;0;7;0;0;2;5;1;A01
201500037024;0;33;0;0;2;1;2;B01
201500037024;0;7;0;0;2;4;15;A01
201500037025;0;7;0;0;2;4;2;B01
201500037025;0;7;0;4;2;1;1;A01
201500037026;0;30;0;0;2;1;2;B01
201500037026;0;7;0;0;2;6;1;A01
201500037027;0;7;0;0;2;2;1;A01
201500037027;0;30;0;0;2;7;15;S01
201500037028;0;7;0;0;2;1;1;A01
201500037028;0;7;0;0;2;4;2;C01
201500037028;0;7;0;0;2;4;2;B01
201500037029;0;33;0;0;2;1;1;A01
201500037029;0;7;0;0;2;4;2;B01
201500037030;0;33;0;0;2;1;1;A01
201500037030;0;7;0;0;2;8;10;B01
201500037031;0;7;0;0;2;1;1;B01
201500037031;0;33;0;0;2;1;13;A01
201500037032;0;7;0;0;2;4;2;C01
201500037032;0;7;0;0;2;4;2;B01
201500037032;0;7;0;0;2;1;1;A01
201500037033;0;7;0;0;1;1;1;A01
201500037034;0;7;0;0;2;4;4;A01
201500037034;0;1;0;0;2;1;1;B01
201500037035;0;7;0;0;2;1;1;B01
201500037035;0;7;0;0;2;1;13;A01
201500037036;0;7;0;0;1;3;1;A01
201500037037;0;33;0;0;2;1;3;B01
201500037037;0;7;0;0;2;4;11;A01
201500037038;0;32;0;0;2;0;0;B01
201500037038;0;7;0;0;2;2;1;A01
201500037039;0;1;0;0;2;1;2;B01
201500037039;0;7;0;0;2;4;1;A01
201500037040;0;33;0;0;2;1;1;B01
201500037040;0;7;0;0;2;1;15;A01
201500037041;0;7;0;0;2;1;1;B01
201500037041;0;7;0;0;2;3;13;A01
201500037042;0;7;0;0;2;4;2;B01
201500037042;0;30;0;0;2;1;1;A01
201500037043;0;1;0;0;1;1;1;A01
201500037044;0;1;0;0;2;2;1;B01
201500037044;0;7;0;0;2;3;1;A01
201500037045;0;7;0;0;1;1;1;A01
201500037046;0;7;0;0;2;1;1;A01
201500037046;0;30;0;0;2;6;0;B01
201500037047;0;33;0;1;0;1;1;B01
201500037048;0;10;0;0;2;5;1;B01
201500037048;0;30;0;0;2;1;1;A01
201500037049;2;7;0;0;2;1;13;A01
201500037049;0;7;0;0;2;1;1;B01
201500037050;0;2;0;0;2;1;1;A01
201500037050;0;7;0;1;2;3;20;B01
201500037051;0;7;0;0;1;1;1;A01
201500037052;0;7;0;0;2;1;2;C01
201500037052;0;7;0;0;2;1;2;B01
201500037052;0;7;0;0;2;4;1;A01
201500037053;0;7;0;1;0;1;14;A01
201500037054;0;7;0;0;2;1;1;A01
201500037054;0;7;0;0;2;1;2;C01
201500037054;0;34;0;0;2;1;2;B01
201500037055;0;7;0;0;2;3;9;A01
201500037055;0;7;0;0;2;1;1;B01
201500037056;0;10;0;0;2;1;1;C01
201500037056;0;10;0;0;2;4;1;B01
201500037056;0;14;0;0;2;8;24;D01
201500037056;0;7;0;1;2;8;15;A01
201500037057;0;7;0;0;1;1;1;A01
201500037058;0;7;0;0;2;4;2;B01
201500037058;0;7;0;0;2;1;1;A01
201500037059;0;7;0;0;2;8;1;B01
201500037059;2;7;0;0;2;1;1;A01
201500037060;2;10;0;0;2;1;1;A01
201500037060;0;7;0;0;2;4;2;B01
201500037060;0;7;0;0;2;4;2;C01
201500037060;0;7;0;0;2;4;2;D01
201500037061;0;7;0;0;2;1;1;A01
201500037061;0;7;0;0;2;4;1;B01
201500037062;2;7;0;0;2;1;1;A01
201500037062;0;7;0;0;2;5;2;B01
201500037063;0;7;0;0;2;1;15;A01
201500037063;0;7;0;0;2;2;1;B01
201500037064;0;32;0;0;2;6;1;A01
201500037064;1;7;0;0;2;2;2;B01
201500037065;0;7;0;0;2;7;1;B01
201500037065;0;7;0;0;2;8;13;A01
201500037066;0;7;0;0;2;4;2;B01
201500037066;1;33;0;0;2;1;1;A01
201500037067;0;32;0;9;0;1;17;A01
201500037068;0;7;0;0;2;1;1;A01
201500037068;0;7;0;0;2;4;2;B01
201500037069;0;7;0;1;0;1;13;A01
201500037070;0;7;0;0;2;1;0;A01
201500037070;0;7;0;0;2;1;0;B01
201500037071;0;7;0;0;1;1;1;A01
201500037072;0;3;0;0;2;1;1;B01
201500037072;0;32;0;0;2;1;13;A01
201500037073;0;7;0;0;2;4;2;B01
201500037073;0;7;0;0;2;4;2;C01
201500037073;0;7;0;0;2;4;1;A01
201500037073;0;33;0;0;2;7;2;D01
201500037074;0;33;0;0;2;1;17;A01
201500037074;0;7;0;0;2;3;15;B01
201500037075;0;7;0;3;0;3;1;A01
201500037076;0;7;0;0;1;1;1;A01
201500037077;0;7;0;0;2;3;1;B01
201500037077;0;33;0;0;2;2;12;A01
201500037078;0;2;0;0;2;1;1;B01
201500037078;0;7;0;0;2;6;1;A01
201500037079;0;7;0;0;2;3;0;A01
201500037079;0;33;0;0;2;1;5;B01
201500037080;0;7;0;0;2;8;2;B01
201500037080;0;7;0;13;2;1;9;A01
201500037081;0;7;0;0;1;7;1;A01
201500037082;0;7;0;0;2;6;11;A01
201500037082;0;14;0;0;2;1;2;B01
201500037083;0;33;0;0;1;1;1;A01
201500037084;0;33;0;1;0;1;1;A01
201500037085;1;7;0;0;2;1;2;Z01
201500037085;0;7;0;0;2;6;1;A01
201500037086;0;30;0;0;2;7;17;B01
201500037086;0;7;0;0;2;2;5;A01
201500037087;0;7;0;0;2;1;19;A01
201500037087;0;2;0;0;2;2;1;B01
201500037088;0;7;0;0;1;3;1;A01
201500037089;0;7;0;16;0;0;21;A01
201500037089;0;38;1;0;2;0;0;B01
201500037090;0;2;0;0;2;3;14;B01
201500037090;0;7;0;0;2;2;15;A01
201500037091;0;10;0;0;2;3;21;B01
201500037091;0;10;0;0;2;3;15;A01
201500037092;0;7;0;0;2;1;1;A01
201500037092;0;7;0;0;2;4;2;B01
201500037093;0;10;0;0;1;1;1;A01
201500037094;1;10;0;1;2;4;20;Z01
201500037094;0;31;0;0;2;1;1;A01
201500037094;0;7;0;0;2;4;23;B01
201500037095;0;7;0;4;2;2;10;A01
201500037095;0;7;0;9;2;3;1;B01
201500037095;0;7;0;0;2;3;2;C01
201500037096;0;7;0;0;2;4;1;A01
201500037096;0;7;0;0;2;1;2;B01
201500037097;0;7;0;4;2;2;14;A01
201500037097;0;7;0;4;2;6;2;B01
201500037098;0;7;0;9;0;8;1;A01
201500037099;0;7;0;0;1;3;14;A01
201500037100;0;37;1;0;2;2;1;A01
201500037100;0;7;0;0;2;1;15;B01
201500037101;0;7;0;0;2;4;1;B01
201500037101;0;7;0;0;2;1;1;A01
201500037102;0;7;0;0;2;4;2;B01
201500037102;0;7;0;0;2;1;1;A01
201500037103;0;1;0;0;1;1;1;A01
201500037104;0;7;0;0;2;6;15;B01
201500037104;0;1;0;0;2;7;15;A01
201500037105;1;30;0;0;2;1;0;B01
201500037105;2;7;0;6;2;1;0;A01
201500037106;0;7;0;0;1;2;1;A01
201500037107;0;1;0;0;2;1;0;A01
201500037107;0;10;0;0;2;1;0;B01
201500037108;0;10;0;0;2;1;1;B01
201500037108;0;10;0;0;2;4;23;A01
201500037109;0;7;0;0;2;4;0;B01
201500037109;0;7;0;0;2;1;0;A01
201500037110;0;7;0;4;0;1;8;A01
201500037111;0;1;0;0;2;7;1;B01
201500037111;0;7;0;0;2;7;1;A01
201500037112;0;10;0;0;1;2;1;A01
201500037113;0;7;0;1;0;2;14;A01
201500037114;0;7;0;0;2;6;2;C01
201500037114;0;7;0;0;2;0;2;B01
201500037114;0;31;0;1;2;1;1;A01
201500037115;0;33;0;0;2;4;0;B01
201500037115;0;7;0;0;2;1;1;A01
201500037116;0;7;0;0;2;3;1;B01
201500037116;0;2;0;0;2;1;9;A01
201500037117;0;33;0;0;2;5;1;B01
201500037117;0;7;0;0;2;2;19;A01
201500037118;0;7;0;0;2;1;1;A01
201500037118;0;7;0;0;2;4;2;B01
201500037119;0;7;0;0;1;1;1;A01
201500037120;0;7;0;0;1;1;1;A01
201500037121;0;7;0;0;2;3;13;B01
201500037121;0;33;0;0;2;1;1;A01
201500037122;0;37;1;0;2;1;1;B01
201500037122;0;7;0;0;2;1;15;A01
201500037123;0;7;0;0;1;1;1;A01
201500037124;0;7;0;0;1;1;1;A01
201500037125;0;1;0;1;1;0;0;A01
201500037126;0;2;0;0;1;2;21;A01
201500037127;1;7;0;0;2;1;1;A01
201500037127;0;31;0;0;2;0;0;B01
201500037128;0;7;0;0;1;2;1;A01
201500037129;0;33;0;0;2;2;1;A01
201500037129;0;10;0;0;2;3;15;B01
201500037130;0;7;0;0;1;2;1;A01
201500037131;0;34;0;0;2;8;17;B01
201500037131;0;7;0;0;2;6;15;A01
201500037132;0;7;0;0;1;4;4;A01
201500037133;0;1;0;0;2;2;1;B01
201500037133;0;7;0;0;2;6;9;A01
201500037134;0;7;0;0;2;4;2;B01
201500037134;0;10;0;0;2;1;1;A01
201500037135;0;1;0;0;2;1;1;A01
201500037135;0;10;0;0;2;7;1;B01
201500037136;0;1;0;0;2;8;1;C01
201500037136;0;7;0;0;2;1;9;A01
201500037136;0;10;0;0;2;1;1;B01
201500037137;0;7;0;9;2;7;1;A01
201500037137;0;7;0;0;2;1;15;B01
201500037138;0;7;0;0;1;8;15;A01
201500037139;0;34;0;0;2;2;1;A01
201500037139;0;7;0;0;2;3;11;B01
201500037140;0;7;0;0;1;7;1;A01
201500037141;0;7;0;0;2;1;1;A01
201500037141;0;14;0;9;2;1;1;B01
201500037142;0;7;0;0;2;3;1;B01
201500037142;0;7;0;0;2;2;1;A01
201500037143;0;7;0;9;0;1;14;A01
201500037144;0;7;0;0;2;4;2;B01
201500037144;0;7;0;0;2;1;1;A01
201500037145;0;7;0;0;2;3;1;A01
201500037145;1;7;0;1;2;2;1;Z01
201500037146;0;7;0;0;2;8;1;B01
201500037146;0;2;0;0;2;1;9;A01
201500037147;0;7;0;1;1;3;14;A01
201500037148;0;7;0;0;1;6;4;A01
201500037149;0;7;0;9;0;1;1;A01
201500037150;0;7;0;0;2;1;1;A01
201500037150;0;1;0;0;2;1;9;B01
201500037151;0;7;0;0;2;3;1;B01
201500037151;0;7;0;0;2;3;13;A01
201500037152;0;10;0;0;1;2;1;A01
201500037153;0;7;0;4;0;1;1;A01
201500037154;0;31;0;0;1;3;1;A01
201500037155;0;7;0;0;1;1;1;A01
201500037156;0;33;0;0;2;1;0;B01
201500037156;0;13;0;0;2;8;15;A01
201500037157;0;1;0;0;0;0;5;A01
201500037157;0;7;0;0;2;0;0;B01
201500037158;0;33;0;0;2;1;1;A01
201500037158;0;7;0;0;2;7;15;B01
201500037159;0;7;0;0;2;1;1;A01
201500037159;0;7;0;0;2;8;15;B01
201500037160;0;7;0;0;2;1;15;A01
201500037160;0;2;0;0;2;1;1;B01
201500037161;0;7;0;0;1;1;1;A01
201500037162;0;7;0;0;2;4;0;A01
201500037162;0;30;0;0;2;1;0;B01
201500037163;0;7;0;0;2;3;15;A01
201500037163;0;2;0;0;2;6;1;B01
201500037164;0;31;0;1;1;1;21;A01
201500037164;0;7;0;1;0;6;14;B01
201500037165;0;7;0;0;2;3;15;B01
201500037165;0;30;0;0;2;2;1;A01
201500037166;0;33;0;0;2;1;1;B01
201500037166;0;7;0;0;2;2;9;A01
201500037167;0;7;0;0;2;7;15;A01
201500037167;0;33;0;0;2;1;1;B01
201500037168;0;7;0;0;1;2;1;A01
201500037169;0;7;0;6;0;6;1;A01
201500037170;0;7;0;0;2;1;5;A01
201500037170;0;7;0;0;2;1;2;B01
201500037171;0;7;0;0;2;1;1;A01
201500037171;0;1;0;0;2;4;13;B01
201500037172;0;30;0;0;2;2;1;B01
201500037172;0;7;0;0;2;3;9;A01
201500037173;0;7;0;0;1;1;1;A01
201500037174;0;7;0;0;2;0;16;A01
201500037174;0;7;0;0;2;0;15;B01
201500037175;0;2;0;0;2;1;17;A01
201500037175;0;7;0;0;2;3;15;B01
201500037176;0;1;0;0;2;1;2;B01
201500037176;0;7;0;0;2;3;20;A01
201500037177;0;7;0;0;1;1;1;A01
201500037178;0;7;0;0;1;4;4;A01
201500037179;0;7;0;0;1;2;1;A01
201500037180;0;33;0;0;1;1;19;A01
201500037181;0;7;0;0;1;1;1;A01
201500037182;0;30;0;0;2;1;2;B01
201500037182;0;10;0;0;2;4;1;A01
201500037183;0;7;0;0;2;6;13;B01
201500037183;0;10;0;0;2;3;1;A01
201500037184;0;7;0;0;2;1;1;B01
201500037184;0;7;0;0;2;1;1;A01
201500037185;0;7;0;0;2;4;2;B01
201500037185;0;7;0;0;2;1;1;A01
201500037186;0;7;0;0;1;1;1;A01
201500037187;0;7;0;0;2;1;20;B01
201500037187;2;7;0;0;2;1;5;Z01
201500037188;0;7;0;0;2;3;1;B01
201500037188;0;7;0;3;2;7;1;A01
201500037189;0;7;0;0;1;3;15;A01
201500037190;0;7;0;11;0;1;1;A01
201500037191;0;7;0;0;1;1;17;A01
201500037192;0;33;0;0;2;1;4;A01
201500037192;0;7;0;0;2;3;15;B01
201500037193;0;7;0;0;2;6;1;B01
201500037193;0;30;0;0;2;1;13;A01
201500037194;0;1;0;0;2;1;0;B01
201500037194;0;1;0;0;2;1;0;A01
201500037195;0;7;0;0;1;1;1;A01
201500037196;0;2;0;0;1;1;17;A01
201500037197;0;30;0;0;1;1;19;A01
201500037198;0;33;0;0;2;1;1;A01
201500037198;0;7;0;0;2;3;1;B01
201500037199;0;10;0;0;1;4;4;A01
201500037200;0;30;0;0;2;8;1;B01
201500037200;0;7;0;0;2;3;19;A01
201500037201;0;7;0;0;2;1;1;A01
201500037201;0;31;0;0;2;1;1;B01
201500037202;1;7;0;0;1;1;1;A01
201500037203;0;7;0;0;2;1;1;B01
201500037203;0;7;0;0;2;8;15;A01
201500037204;0;2;0;0;2;8;1;B01
201500037204;0;7;0;0;2;3;10;A01
201500037205;0;2;0;0;2;7;15;A01
201500037205;0;7;0;0;2;3;1;B01
201500037206;0;7;0;0;1;1;1;A01
201500037207;0;2;0;0;2;1;1;B01
201500037207;0;7;0;0;2;2;15;A01
201500037208;0;7;0;0;1;1;1;A01
201500037209;0;34;0;0;2;3;17;A01
201500037209;0;7;0;0;2;1;1;B01
201500037210;0;7;0;0;2;7;15;A01
201500037210;0;33;0;0;2;1;1;B01
201500037211;0;7;0;0;2;6;15;A01
201500037211;0;7;0;0;2;3;1;B01
201500037212;0;2;0;0;0;1;1;A01
201500037213;0;7;0;1;2;2;15;A01
201500037214;0;7;0;14;0;1;1;A01
201500037215;0;34;0;0;2;4;15;B01
201500037215;0;7;0;0;2;1;15;A01
201500037215;0;7;0;0;2;3;15;C01
201500037216;0;7;0;6;2;2;17;A01
201500037216;0;7;0;0;0;2;17;B01
201500037217;0;7;0;0;1;2;1;A01
201500037218;0;30;0;0;2;4;2;B01
201500037218;1;7;0;0;2;1;1;A01
201500037219;0;2;0;0;2;2;15;A01
201500037219;0;7;0;0;2;1;1;B01
201500037220;0;7;0;0;2;1;0;A01
201500037220;0;7;0;0;2;8;0;B01
201500037221;0;7;0;0;2;1;0;A01
201500037221;0;7;0;0;2;8;0;B01
201500037222;1;7;0;0;2;3;1;A01
201500037222;0;30;0;0;2;7;17;B01
201500037223;0;1;0;1;0;1;1;B01
201500037223;0;7;0;0;2;6;22;A01
201500037224;0;7;0;0;0;0;15;A01
201500037224;0;1;0;0;0;0;1;B01
201500037225;0;7;0;0;2;8;1;B01
201500037225;0;31;0;0;2;1;17;A01
201500037226;0;7;0;0;0;0;1;A01
201500037227;0;7;0;1;0;2;14;A01
201500037228;0;30;0;0;2;5;2;B01
201500037228;0;7;0;0;2;1;1;A01
201500037229;0;1;0;1;2;1;1;B01
201500037229;0;7;0;1;2;3;22;A01
201500037229;0;7;0;0;2;5;1;C01
201500037230;0;2;0;0;2;8;15;A01
201500037230;0;2;0;0;2;7;1;B01
201500037231;0;7;0;0;2;1;13;A01
201500037231;0;37;1;0;2;3;1;B01
201500037232;0;37;1;6;0;1;1;A01
201500037233;0;7;0;1;0;2;1;A01
201500037234;0;34;0;0;2;3;1;A01
201500037234;0;7;0;1;2;2;20;B01
201500037235;0;7;0;4;0;8;13;A01
201500037236;0;7;0;2;0;1;1;A01
201500037237;0;7;0;0;0;0;0;A01
201500037238;0;7;0;0;2;1;1;A01
201500037238;0;33;0;0;2;8;1;B01
201500037239;0;7;0;0;9;3;2;A01
201500037239;0;1;0;14;0;5;15;B01
201500037240;0;7;0;0;2;7;15;A01
201500037240;0;33;0;0;2;1;1;B01
201500037241;0;2;0;0;2;4;15;B01
201500037241;0;2;0;0;2;1;1;A01
201500037242;0;30;0;12;0;7;14;A01
201500037243;0;7;0;0;2;7;1;A01
201500037243;0;7;0;0;2;1;1;B01
201500037244;0;10;0;0;2;2;1;A01
201500037244;0;7;0;0;2;3;1;B01
201500037245;0;10;0;0;2;1;15;B01
201500037245;0;7;0;0;2;2;1;A01
201500037246;0;7;0;0;2;1;10;A01
201500037246;0;31;0;0;2;1;1;B01
201500037247;0;7;0;0;1;1;1;A01
201500037248;0;7;0;0;2;4;1;A01
201500037248;0;7;0;0;2;1;2;B01
201500037249;0;7;0;0;1;2;1;A01
201500037250;0;7;0;0;2;7;15;A01
201500037250;0;1;0;0;2;7;1;B01
201500037251;0;7;0;1;2;2;16;A01
201500037251;0;7;0;0;2;2;1;B01
201500037252;0;7;0;0;1;3;1;A01
201500037253;0;7;0;0;1;1;1;A01
201500037254;0;7;0;1;2;2;17;A01
201500037254;0;7;0;0;2;3;15;B01
201500037255;0;7;0;0;1;3;1;A01
201500037256;0;30;0;0;2;7;9;B01
201500037256;0;7;0;0;2;1;9;A01
201500037257;0;33;0;0;2;9;1;C01
201500037257;0;7;0;0;2;3;1;A01
201500037257;0;7;0;0;2;1;1;B01
201500037258;0;33;0;0;2;1;1;A01
201500037258;0;7;0;0;2;8;1;B01
201500037259;0;7;0;0;1;3;1;A01
201500037260;2;7;0;0;2;1;1;A01
201500037260;0;7;0;0;2;4;2;B01
201500037260;0;7;0;0;2;4;2;C01
201500037261;0;7;0;0;2;1;15;A01
201500037261;0;33;0;0;2;1;1;B01
201500037262;0;7;0;6;0;1;1;A01
201500037263;0;7;0;0;2;8;24;A01
201500037263;0;30;0;0;2;2;1;B01
201500037264;0;7;0;0;2;8;17;A01
201500037264;0;33;0;0;2;2;1;B01
201500037265;0;7;0;0;2;2;11;A01
201500037265;0;34;0;0;2;1;18;B01
201500037266;0;1;0;0;2;1;1;B01
201500037266;0;10;0;0;2;3;10;A01
201500037267;0;7;0;9;0;1;16;A01
201500037268;0;7;0;0;2;1;1;A01
201500037268;0;34;0;0;2;1;1;B01
201500037269;0;7;0;0;2;3;0;A01
201500037269;0;1;0;0;2;7;1;B01
201500037270;0;7;0;0;1;2;0;A01
201500037271;0;32;0;0;2;0;21;A01
201500037271;0;7;0;0;0;0;15;B01
201500037272;0;10;0;0;1;4;4;A01
201500037273;0;14;0;0;2;2;15;B01
201500037273;0;7;0;0;2;2;9;A01
201500037274;0;7;0;0;2;1;1;B01
201500037274;0;7;0;0;2;8;16;A01
201500037275;0;7;0;0;1;5;4;A01
201500037276;0;7;0;0;2;1;2;A01
201500037276;0;7;0;0;2;4;1;B01
201500037277;0;34;0;0;2;1;1;B01
201500037277;0;7;0;1;2;1;5;A01
201500037278;0;7;0;0;1;1;1;A01
201500037279;0;7;0;0;1;2;0;A01
201500037280;0;7;0;0;1;1;11;A01
201500037281;2;10;0;0;1;1;15;A01
201500037282;0;7;0;0;1;1;1;A01
201500037283;0;30;0;0;2;7;3;A01
201500037283;0;7;0;0;2;3;11;B01
201500037283;0;7;0;0;2;2;1;C01
201500037284;0;7;0;0;2;6;15;B01
201500037284;0;34;0;0;2;1;2;A01
201500037285;0;7;0;0;2;1;1;A01
201500037285;0;7;0;0;2;1;1;B01
201500037286;0;3;0;14;2;4;2;B01
201500037286;0;7;0;0;2;2;1;A01
201500037287;0;33;0;0;2;1;1;B01
201500037287;0;7;0;0;2;8;15;A01
201500037288;0;33;0;0;2;0;0;B01
201500037288;0;33;0;0;2;0;0;A01
201500037289;0;99;0;0;2;6;19;A01
201500037289;0;33;0;0;2;1;1;B01
201500037290;1;7;0;0;1;3;1;A01
201500037291;0;7;0;0;1;1;15;A01
201500037292;0;7;0;0;2;2;1;A01
201500037292;0;7;0;0;2;1;1;B01
201500037293;0;10;0;0;2;8;22;A01
201500037293;0;1;0;1;0;1;1;B01
201500037294;0;7;0;0;1;3;1;A01
201500037295;0;7;0;0;2;1;1;A01
201500037295;0;33;0;0;2;4;15;B01
201500037296;0;1;0;0;2;4;15;B01
201500037296;0;7;0;0;2;3;15;A01
201500037297;0;7;0;0;0;3;13;A01
201500037297;0;37;0;0;0;3;1;B01
201500037298;0;33;0;0;2;8;0;B01
201500037298;0;7;0;0;2;2;0;A01
201500037299;0;10;0;0;2;3;1;A01
201500037299;0;31;0;0;2;8;1;B01
201500037300;0;7;0;0;2;1;1;B01
201500037300;0;30;0;0;2;7;15;A01
201500037301;0;32;0;0;1;1;1;A01
201500037302;2;7;0;0;2;7;1;A01
201500037302;0;7;0;0;1;8;1;B01
201500037303;0;7;0;0;1;3;15;A01
201500037304;0;7;0;0;1;1;15;A01
201500037305;0;7;0;0;1;7;1;A01
201500037306;0;2;0;0;0;0;17;A01
201500037307;0;10;0;0;2;1;15;B01
201500037307;0;32;0;0;2;2;1;A01
201500037308;0;32;0;0;2;7;1;A01
201500037308;1;7;0;0;2;6;11;Z01
201500037309;0;2;0;0;2;7;1;A01
201500037309;0;1;0;0;2;8;15;B01
201500037310;0;2;0;0;2;3;1;A01
201500037310;0;7;0;0;2;6;1;B01
201500037311;0;7;0;0;1;1;1;A01
201500037312;0;38;51;0;2;5;17;A01
201500037312;0;1;0;0;2;8;1;B01
201500037313;0;7;0;0;2;1;1;A01
201500037313;0;33;0;0;2;4;2;B01
201500037314;0;33;0;0;0;8;21;A01
201500037315;0;33;0;0;2;7;1;B01
201500037315;0;32;0;0;2;8;9;A01
201500037316;0;7;0;0;1;1;1;A01