num_acc;senc;catv;occutc;obs;obsm;choc;manv;num_veh
201500037317;0;7;0;0;2;7;15;A01
201500037317;0;2;0;0;2;1;1;B01
201500037318;0;7;0;0;1;2;16;A01
201500037319;1;30;0;0;2;1;17;Z01
201500037319;0;30;0;0;2;8;15;B01
201500037320;0;7;0;0;1;5;1;A01
201500037321;0;37;1;0;1;8;1;A01
201500037322;0;7;0;0;2;2;2;B01
201500037322;0;7;0;0;2;1;1;A01
201500037323;0;10;0;0;2;1;2;A01
201500037323;0;7;0;0;2;4;2;B01
201500037324;0;30;0;0;2;7;15;A01
201500037324;0;7;0;0;2;2;1;B01
201500037325;0;37;2;0;0;0;0;B01
201500037325;0;7;0;0;2;8;13;A01
201500037326;1;30;0;0;1;1;1;Z01
201500037327;0;2;0;0;0;0;0;A01
201500037328;0;1;0;1;0;2;1;A01
201500037329;0;34;0;0;2;1;2;A01
201500037329;0;10;0;0;2;4;2;B01
201500037330;0;7;0;0;2;3;15;A01
201500037330;0;30;0;0;2;8;1;B01
201500037331;1;99;0;0;1;4;4;Z01
201500037332;0;32;0;1;0;1;1;A01
201500037333;0;33;0;0;2;7;1;B01
201500037333;1;7;0;0;2;7;15;Z01
201500037334;0;32;0;0;1;8;17;A01
201500037335;0;7;0;0;1;4;4;A01
201500037336;1;7;0;0;1;1;1;Z01
201500037337;0;7;0;0;1;1;1;A01
201500037338;0;31;0;0;1;1;17;A01
201500037339;0;7;0;0;1;1;1;A01
201500037340;0;33;0;0;2;3;15;B01
201500037340;0;1;0;0;2;1;1;A01
201500037341;0;33;0;0;1;1;1;A01
201500037342;0;7;0;1;2;1;5;A01
201500037342;0;7;0;0;2;3;1;B01
201500037343;0;7;0;9;0;1;21;A01
201500037344;0;7;0;8;0;1;21;A01
201500037345;0;10;0;0;2;2;16;B01
201500037345;0;30;0;0;2;3;18;A01
201500037346;0;7;0;0;2;1;15;A01
201500037346;0;33;0;0;2;1;1;B01
201500037347;0;34;0;0;1;1;1;A01
201500037348;0;33;0;0;2;3;18;A01
201500037348;0;2;0;0;2;5;16;B01
201500037349;0;1;0;0;2;1;2;A01
201500037349;0;10;0;0;2;4;2;B01
201500037350;0;7;0;0;2;6;16;B01
201500037350;0;1;0;0;2;1;1;A01
201500037351;0;7;0;0;1;1;15;A01
201500037352;0;7;0;0;1;1;1;A01
201500037353;0;33;0;0;2;8;15;A01
201500037353;0;7;0;0;2;2;1;B01
201500037354;0;10;0;0;1;4;4;A01
201500037355;1;7;0;0;1;1;1;Z01
201500037356;0;7;0;0;2;2;14;A01
201500037356;0;33;0;0;2;8;1;B01
201500037357;0;7;0;0;2;3;22;A01
201500037357;0;1;0;1;0;7;1;B01
201500037358;0;3;0;0;0;0;0;A01
201500037358;0;7;0;0;0;0;0;B01
201500037359;0;7;0;0;2;8;15;B01
201500037359;0;7;0;0;2;3;15;A01
201500037360;0;2;0;0;1;1;1;A01
201500037361;0;99;0;0;1;0;0;A01
201500037362;0;7;0;0;1;1;16;A01
201500037363;0;7;0;0;1;0;0;A01
201500037364;0;7;0;0;1;1;15;A01
201500037365;0;7;0;0;2;8;1;A01
201500037365;0;7;0;0;2;1;1;B01
201500037366;0;2;0;0;2;1;1;B01
201500037366;0;7;0;0;2;3;15;A01
201500037367;0;7;0;0;2;7;22;A01
201500037367;0;1;0;1;0;1;1;B01
201500037368;0;7;0;0;2;1;16;A01
201500037368;0;7;0;0;2;2;1;B01
201500037369;0;33;0;0;1;8;1;A01
201500037370;0;7;0;0;1;1;1;A01
201500037371;0;10;0;0;2;1;2;A01
201500037371;0;7;0;0;2;4;2;B01
201500037372;0;2;0;0;2;1;18;A01
201500037372;0;7;0;0;2;6;1;B01
201500037373;0;7;0;14;0;8;1;A01
201500037374;0;2;0;0;2;1;17;A01
201500037374;0;7;0;0;2;3;15;B01
201500037375;0;31;0;0;2;7;1;A01
201500037375;0;7;0;0;2;8;16;B01
201500037376;0;7;0;0;1;1;1;A01
201500037377;0;30;0;11;0;8;1;A01
201500037378;0;32;0;0;0;8;1;A01
201500037379;1;32;0;0;1;1;1;Z01
201500037380;0;1;0;0;2;8;19;B01
201500037380;1;13;0;0;2;1;16;Z01
201500037381;0;1;0;0;2;1;2;A01
201500037381;0;7;0;0;2;5;2;B01
201500037382;0;7;0;0;2;1;15;A01
201500037382;0;34;0;0;2;8;17;B01
201500037383;0;10;0;0;2;1;2;A01
201500037383;0;7;0;0;2;4;2;B01
201500037383;0;7;0;0;2;4;2;C01
201500037383;0;7;0;0;2;4;2;D01
201500037383;0;7;0;0;2;4;2;E01
201500037384;0;7;0;0;2;1;17;A01
201500037384;0;13;0;0;2;6;1;B01
201500037385;0;10;0;0;2;2;15;A01
201500037385;0;7;0;0;2;3;1;B01
201500037386;0;1;0;0;2;1;1;B01
201500037386;0;99;0;0;2;6;4;A01
201500037387;0;1;0;0;2;1;2;A01
201500037387;0;10;0;0;2;5;16;B01
201500037388;0;7;0;0;2;1;1;A01
201500037388;0;32;0;0;2;4;1;B01
201500037389;0;7;0;0;2;8;15;A01
201500037389;0;2;0;0;2;8;1;B01
201500037390;0;7;0;0;2;4;4;A01
201500037390;0;32;0;0;2;1;1;B01
201500037391;0;32;0;0;2;1;17;A01
201500037391;0;7;0;0;2;3;15;B01
201500037392;0;7;0;0;2;2;22;A01
201500037392;0;1;0;0;2;8;18;B01
201500037393;0;30;0;0;2;1;17;A01
201500037393;0;7;0;0;2;3;15;B01
201500037394;0;2;0;0;2;0;0;B01
201500037394;1;7;0;0;2;0;1;Z01
201500037395;0;2;0;0;2;1;15;A01
201500037395;0;7;0;0;2;3;1;B01
201500037396;0;7;0;0;2;8;1;A01
201500037396;1;13;0;0;2;7;14;Z01
201500037397;0;32;0;0;2;1;2;A01
201500037397;1;7;0;0;2;4;2;Z01
201500037398;0;10;0;0;2;2;16;A01
201500037398;0;33;0;0;2;8;1;B01
201500037399;0;7;0;0;2;1;1;A01
201500037399;0;7;0;0;2;4;1;B01
201500037400;0;2;0;0;2;8;1;B01
201500037400;0;7;0;0;2;1;1;A01
201500037401;0;7;0;11;2;7;1;B01
201500037401;0;7;0;0;2;0;0;A01
201500037402;0;37;35;0;2;3;1;B01
201500037402;0;2;0;0;2;1;5;A01
201500037403;0;13;0;0;1;1;1;A01
201500037404;0;32;0;0;1;1;17;A01
201500037405;0;7;0;0;1;3;1;A01
201500037406;0;32;0;0;0;0;21;A01
201500037407;0;32;0;0;2;8;1;B01
201500037407;0;13;0;0;2;8;1;A01
201500037408;0;32;0;0;2;1;1;B01
201500037408;0;7;0;0;2;5;9;A01
201500037409;0;32;0;0;2;1;3;A01
201500037409;0;7;0;0;2;8;15;B01
201500037410;0;7;0;0;2;7;15;A01
201500037410;0;32;0;0;2;1;1;B01
201500037411;0;7;0;0;1;7;1;A01
201500037412;0;30;0;0;0;7;1;A01
201500037413;0;7;0;0;1;3;15;A01
201500037414;0;32;0;0;0;8;1;A01
201500037415;0;1;0;12;0;1;15;A01
201500037416;0;31;0;1;0;1;1;A01
201500037417;0;7;0;0;2;1;2;A01
201500037417;0;7;0;0;2;5;2;B01
201500037417;0;7;0;0;2;5;2;C01
201500037418;0;7;0;0;1;5;16;A01
201500037419;0;7;0;0;2;7;1;A01
201500037419;0;7;0;0;2;1;1;B01
201500037420;0;7;0;1;2;3;1;A01
201500037420;1;7;0;0;2;0;17;Z01
201500037420;0;7;0;0;2;1;16;B01
201500037421;0;30;0;8;0;1;0;A01
201500037422;0;7;0;0;1;4;4;A01
201500037423;0;7;0;15;0;8;21;A01
201500037424;0;7;0;0;2;5;1;A01
201500037424;0;7;0;0;2;1;1;B01
201500037425;0;7;0;0;1;2;1;A01
201500037426;0;32;0;1;0;7;1;B01
201500037426;0;7;0;0;2;2;22;A01
201500037427;0;20;0;0;2;2;2;A01
201500037427;0;1;0;0;2;8;2;B01
201500037428;0;7;0;0;1;7;2;A01
201500037429;0;31;0;0;2;1;1;A01
201500037429;0;10;0;0;2;2;16;B01
201500037430;0;7;0;0;1;1;1;A01
201500037431;0;14;0;0;1;4;4;A01
201500037432;0;7;0;0;1;1;16;A01
201500037433;0;33;0;0;1;1;1;A01
201500037434;0;14;0;0;2;3;1;B01
201500037434;0;7;0;0;2;2;9;A01
201500037435;0;7;0;0;1;4;4;A01
201500037436;0;2;0;0;2;8;15;B01
201500037436;0;7;0;8;2;1;1;A01
201500037437;0;7;0;0;2;3;13;A01
201500037437;0;33;0;0;2;7;1;B01
201500037438;0;7;0;0;1;2;2;A01
201500037439;0;30;0;0;2;5;2;A01
201500037439;0;14;0;0;2;5;2;B01
201500037440;0;7;0;0;2;1;13;A01
201500037440;0;7;0;0;2;1;1;B01
201500037441;0;7;0;0;1;2;17;A01
201500037442;0;7;0;0;1;3;11;A01
201500037443;0;10;0;0;1;4;4;A01
201500037444;0;99;0;0;2;5;15;A01
201500037444;0;33;0;0;2;2;2;B01
201500037445;0;7;0;0;2;5;14;A01
201500037445;0;7;0;0;2;3;1;B01
201500037446;1;7;0;0;2;4;4;Z01
201500037446;0;1;0;0;2;1;1;B01
201500037447;0;33;0;2;0;1;1;A01
201500037448;0;32;0;0;2;0;1;B01
201500037448;0;7;0;0;2;1;1;A01
201500037449;0;7;0;0;1;1;15;A01
201500037450;0;10;0;0;1;7;17;A01
201500037451;0;10;0;0;1;1;1;A01
201500037452;0;7;0;0;1;1;15;A01
201500037453;0;32;0;0;2;1;1;B01
201500037453;0;7;0;0;2;7;1;A01
201500037454;0;7;0;0;1;8;1;A01
201500037455;0;30;0;0;2;7;1;B01
201500037455;0;10;0;0;2;7;15;A01
201500037456;0;2;0;15;0;2;2;A01
201500037457;0;7;0;0;2;3;13;A01
201500037457;0;7;0;0;2;3;23;B01
201500037458;0;33;0;0;2;8;1;B01
201500037458;0;7;0;0;2;1;17;C01
201500037458;0;7;0;0;2;0;4;A01
201500037459;0;7;0;0;1;1;1;A01
201500037460;0;7;0;0;2;7;12;A01
201500037460;0;34;0;0;2;7;3;B01
201500037461;0;2;0;0;0;1;1;A01
201500037462;0;2;0;0;2;1;1;B01
201500037462;0;7;0;0;2;2;1;A01
201500037463;0;7;0;0;1;3;1;A01
201500037464;0;33;0;0;2;3;2;B01
201500037464;0;13;0;0;2;3;15;A01
201500037465;0;2;0;0;0;7;2;A01
201500037465;0;7;0;0;0;5;2;B01
201500037466;0;33;0;0;2;3;15;B01
201500037466;0;7;0;0;2;3;2;A01
201500037467;2;30;0;0;2;1;0;Z01
201500037467;0;1;0;0;2;8;1;B01
201500037468;0;7;0;0;2;4;1;B01
201500037468;0;7;0;0;2;1;1;A01
201500037469;0;10;0;0;1;4;4;A01
201500037470;0;7;0;0;1;0;0;A01
201500037471;0;7;0;0;1;2;1;A01
201500037472;0;7;0;0;1;3;1;A01
201500037473;0;34;0;0;2;7;1;B01
201500037473;0;7;0;0;2;2;15;A01
201500037474;0;7;0;0;2;2;14;A01
201500037474;0;7;0;1;2;6;24;B01
201500037475;0;7;0;0;1;3;12;A01
201500037476;0;7;0;0;2;3;9;A01
201500037476;0;7;0;0;2;2;12;B01
201500037477;0;7;0;2;2;9;2;A01
201500037477;0;7;0;0;2;5;23;B01
201500037478;0;7;0;0;1;1;1;A01
201500037479;0;7;0;0;1;1;1;A01
201500037480;0;7;0;0;2;4;2;A01
201500037480;0;33;0;0;2;1;2;B01
201500037481;0;7;0;9;1;1;1;B01
201500037481;1;10;0;0;2;0;0;A01
201500037482;0;33;0;0;0;7;1;B01
201500037482;1;7;0;0;0;0;15;A01
201500037483;1;99;0;1;9;4;24;A01
201500037483;0;1;0;1;0;1;1;B01
201500037484;0;33;0;0;2;1;18;B01
201500037484;0;7;0;0;2;2;16;A01
201500037485;0;33;0;0;2;8;1;A01
201500037485;0;7;0;0;2;1;1;B01
201500037486;0;7;0;0;2;4;2;B01
201500037486;0;33;0;0;2;1;2;A01
201500037487;0;7;0;0;2;6;4;A01
201500037487;0;7;0;0;2;2;2;B01
201500037488;0;7;0;0;1;1;1;A01
201500037489;0;7;0;0;2;2;15;A01
201500037489;0;31;0;0;2;1;1;B01
201500037490;0;7;0;0;2;1;1;A01
201500037490;0;7;0;0;2;3;1;B01
201500037491;0;31;0;0;2;2;1;A01
201500037491;0;7;0;0;9;3;15;B01
201500037492;0;7;0;0;0;0;0;B01
201500037492;0;99;0;0;2;3;1;A01
201500037493;0;31;0;0;2;3;1;B01
201500037493;0;7;0;0;2;2;15;A01
201500037494;0;7;0;0;2;2;16;A01
201500037494;0;7;0;0;2;2;1;B01
201500037495;0;7;0;0;2;2;2;B01
201500037495;0;33;0;0;2;1;1;C01
201500037495;0;7;0;0;2;2;15;A01
201500037496;0;7;0;0;1;4;4;A01
201500037497;0;7;0;0;2;6;2;B01
201500037497;0;7;0;0;2;2;2;A01
201500037498;0;37;44;0;1;2;14;A01
201500037499;2;32;0;0;2;1;1;B01
201500037499;0;7;0;0;2;2;16;A01
201500037500;0;30;0;0;0;1;1;A01
201500037501;0;7;0;0;1;2;15;A01
201500037502;0;7;0;1;0;1;5;A01
201500037503;0;2;0;0;2;1;9;A01
201500037503;0;7;0;0;2;2;2;B01
201500037504;0;7;0;0;1;1;1;A01
201500037505;0;7;0;0;2;1;1;B01
201500037505;0;7;0;0;2;3;9;A01
201500037506;0;7;0;0;2;6;15;B01
201500037506;1;7;0;0;2;1;1;A01
201500037507;0;7;0;0;2;2;10;A01
201500037507;0;31;0;0;2;1;1;B01
201500037508;0;7;0;0;2;1;1;A01
201500037508;0;7;0;0;2;3;1;B01
201500037509;0;7;0;0;1;1;1;A01
201500037510;0;34;0;0;2;5;1;A01
201500037510;0;7;0;0;2;3;15;B01
201500037511;0;7;0;0;1;3;1;A01
201500037512;0;7;0;0;1;2;18;A01
201500037513;0;7;0;0;2;1;2;A01
201500037513;0;7;0;0;2;4;2;B01
201500037514;0;7;0;0;1;1;2;A01
201500037515;0;7;0;0;2;1;1;B01
201500037515;0;7;0;0;2;3;15;A01
201500037516;0;33;0;0;2;1;1;A01
201500037516;0;7;0;0;9;2;15;B01
201500037517;0;7;0;0;1;4;4;A01
201500037518;0;7;0;0;9;3;1;A01
201500037518;0;2;0;0;2;3;16;B01
201500037519;0;7;0;0;2;3;1;B01
201500037519;0;7;0;0;2;1;10;A01
201500037520;0;7;0;14;0;1;6;A01
201500037521;0;7;0;0;1;3;1;A01
201500037522;0;7;0;0;2;3;15;A01
201500037522;0;32;0;0;2;8;1;B01
201500037523;0;10;0;0;2;7;15;A01
201500037523;0;1;0;0;2;1;1;B01
201500037524;0;7;0;0;1;1;15;A01
201500037525;0;7;0;4;0;1;1;A01
201500037526;0;7;0;0;1;2;15;A01
201500037527;0;7;0;0;2;4;1;B01
201500037527;0;10;0;0;2;1;2;A01
201500037528;0;1;0;0;2;4;13;B01
201500037528;0;7;0;0;2;2;1;A01
201500037529;0;7;0;0;1;4;4;A01
201500037530;0;33;0;0;0;1;21;A01
201500037531;0;30;0;0;2;1;17;B01
201500037531;0;7;0;0;2;3;10;A01
201500037532;0;7;0;0;2;3;23;B01
201500037532;0;7;0;0;2;3;13;A01
201500037533;0;7;0;0;2;3;15;A01
201500037533;0;33;0;0;2;7;17;B01
201500037534;0;7;0;0;2;8;15;A01
201500037534;0;7;0;0;2;2;1;B01
201500037535;0;7;0;0;1;4;20;A01
201500037536;0;32;0;0;2;7;1;B01
201500037536;0;7;0;0;2;8;15;A01
201500037537;0;10;0;0;2;2;5;A01
201500037537;0;32;0;0;2;3;1;B01
201500037538;0;7;0;0;2;1;2;A01
201500037538;0;7;0;0;2;4;23;B01
201500037539;0;7;0;11;0;3;1;A01
201500037540;0;31;0;0;0;1;13;B01
201500037540;0;7;0;0;0;0;12;A01
201500037541;0;33;0;0;2;1;2;B01
201500037541;0;7;0;0;2;4;1;A01
201500037542;0;7;0;0;1;2;1;A01
201500037543;0;7;0;0;2;2;1;A01
201500037543;0;33;0;0;2;3;1;B01
201500037543;0;7;0;0;2;3;1;C01
201500037544;0;7;0;0;2;1;2;A01
201500037544;0;30;0;0;2;4;23;B01
201500037545;0;2;0;0;1;1;9;A01
201500037546;0;32;0;0;0;1;21;A01
201500037546;0;7;0;0;0;0;1;B01
201500037547;0;30;0;0;2;4;1;B01
201500037547;0;7;0;0;2;3;2;A01
201500037548;0;7;0;0;1;1;1;A01
201500037549;0;7;0;0;2;5;16;A01
201500037549;0;2;0;0;2;3;9;B01
201500037550;0;7;0;0;2;2;15;A01
201500037550;0;7;0;0;2;1;1;B01
201500037551;0;10;0;0;2;3;15;A01
201500037551;0;33;0;0;2;1;17;B01
201500037552;0;1;0;0;2;1;1;A01
201500037552;0;7;0;0;2;5;0;B01
201500037553;0;7;0;0;0;0;4;B01
201500037553;0;33;0;0;2;8;1;A01
201500037554;0;7;0;0;2;1;2;A01
201500037554;0;33;0;0;2;4;23;B01
201500037555;0;7;0;0;2;1;1;A01
201500037555;0;7;0;0;0;4;1;B01
201500037556;0;33;0;0;2;2;1;B01
201500037556;0;7;0;0;2;0;0;A01
201500037557;0;7;0;0;1;1;15;A01
201500037558;1;32;0;0;2;1;1;A01
201500037558;0;32;0;0;2;3;17;B01
201500037559;0;7;0;0;1;2;1;A01
201500037560;0;2;0;0;0;1;21;A01
201500037561;0;7;0;0;2;8;1;B01
201500037561;0;31;0;0;2;2;17;A01
201500037562;0;33;0;0;1;2;1;A01
201500037563;0;33;0;0;0;1;1;A01
201500037564;0;7;0;0;2;3;15;A01
201500037564;0;31;0;0;2;1;17;B01
201500037565;0;7;0;0;2;7;1;B01
201500037565;0;10;0;0;2;1;1;A01
201500037566;0;7;0;0;1;1;2;A01
201500037566;0;1;0;0;2;4;1;B01
201500037567;0;7;0;0;2;1;2;A01
201500037567;0;7;0;0;2;4;23;B01
201500037568;0;7;0;0;1;1;1;A01
201500037569;0;33;0;0;2;1;16;A01
201500037569;0;7;0;0;2;2;16;B01
201500037570;0;7;0;1;0;3;13;A01
201500037571;0;7;0;0;2;3;15;A01
201500037571;0;32;0;0;2;5;17;B01
201500037572;0;32;0;0;2;1;1;B01
201500037572;0;32;0;0;2;2;16;A01
201500037573;0;34;0;0;0;7;1;A01
201500037574;0;7;0;0;0;1;1;A01
201500037575;0;7;0;0;2;2;1;A01
201500037575;0;7;0;0;2;6;24;B01
201500037576;0;7;0;0;2;1;2;B01
201500037576;0;7;0;0;2;4;1;C01
201500037576;0;7;0;0;2;1;2;A01
201500037577;0;33;0;0;2;3;3;B01
201500037577;0;7;0;0;2;2;14;A01
201500037578;0;37;10;0;2;1;1;B01
201500037578;0;7;0;0;2;5;19;A01
201500037579;0;7;0;0;1;4;4;A01
201500037580;0;32;0;0;2;5;17;B01
201500037580;0;7;0;0;2;1;9;A01
201500037581;0;7;0;0;1;1;9;A01
201500037582;0;2;0;0;0;8;13;A01
201500037583;0;32;0;0;0;8;1;A01
201500037584;0;7;0;0;1;1;1;A01
201500037585;0;7;0;0;2;0;1;C01
201500037585;0;7;0;0;2;1;9;A01
201500037585;0;33;0;0;2;1;1;B01
201500037586;0;7;0;0;2;2;1;A01
201500037586;0;2;0;0;2;8;1;B01
201500037587;0;7;0;11;0;1;1;A01
201500037588;0;37;10;0;1;2;1;A01
201500037589;0;7;0;0;1;1;1;A01
201500037590;1;7;0;0;0;0;15;B01
201500037590;0;33;0;0;0;7;1;A01
201500037591;0;7;0;0;1;2;15;A01
201500037592;0;7;0;0;2;1;15;A01
201500037592;0;7;0;0;2;7;1;B01
201500037593;0;7;0;0;2;1;1;B01
201500037593;0;7;0;0;2;1;1;C01
201500037593;0;10;0;0;2;1;5;A01
201500037594;0;7;0;0;2;3;13;B01
201500037594;0;31;0;0;2;7;17;A01
201500037595;0;7;0;0;1;4;4;A01
201500037596;0;7;0;0;0;2;16;B01
201500037596;0;33;0;0;2;1;16;A01
201500037597;0;7;0;0;2;3;15;A01
201500037597;0;30;0;0;2;1;1;B01
201500037598;0;30;0;0;0;0;1;A01
201500037599;0;33;0;0;2;8;3;A01
201500037599;0;7;0;0;2;2;2;B01
201500037600;0;1;0;0;2;1;1;A01
201500037600;0;7;0;0;0;4;1;B01
201500037601;0;7;0;0;2;4;4;A01
201500037601;0;32;0;0;2;1;1;B01
201500037602;0;7;0;0;0;4;2;B01
201500037602;0;33;0;1;2;1;0;A01
201500037603;0;31;0;0;1;1;1;A01
201500037604;0;31;0;0;2;1;18;A01
201500037604;0;7;0;0;9;7;22;B01
201500037605;0;30;0;0;0;0;1;A01
201500037606;0;31;0;0;2;2;1;B01
201500037606;0;7;0;0;2;3;13;A01
201500037607;0;2;0;0;1;1;17;A01
201500037608;0;1;0;1;0;1;1;B01
201500037608;0;7;0;0;9;8;24;A01
201500037609;0;1;0;1;0;1;1;B01
201500037609;0;7;0;0;2;8;24;A01
201500037610;1;7;0;1;2;1;15;A01
201500037610;0;33;0;0;2;1;1;B01
201500037611;0;7;0;0;2;6;4;A01
201500037611;0;7;0;0;2;8;1;C01
201500037611;0;30;0;0;2;1;1;B01
201500037612;0;32;0;0;2;4;23;B01
201500037612;0;7;0;0;2;1;1;A01
201500037613;0;7;0;0;2;1;1;B01
201500037613;0;7;0;0;2;6;15;A01
201500037614;1;7;0;0;2;2;14;A01
201500037614;0;2;0;0;2;4;1;B01
201500037615;0;7;0;1;0;3;13;A01
201500037616;0;7;0;0;1;3;1;A01
201500037617;0;30;0;0;0;4;23;B01
201500037617;0;7;0;0;2;1;1;A01
201500037618;0;7;0;1;0;2;1;A01
201500037619;0;7;0;0;2;1;15;A01
201500037619;0;32;0;8;2;1;1;B01
201500037620;0;31;0;0;2;1;3;A01
201500037620;0;7;0;0;2;8;1;C01
201500037620;0;31;0;0;2;7;1;B01
201500037621;0;7;0;0;2;4;1;B01
201500037621;0;31;0;0;2;1;1;A01
201500037622;0;7;0;0;2;8;18;B01
201500037622;0;7;0;0;2;7;15;A01
201500037623;0;7;0;8;2;4;1;B01
201500037623;0;32;0;0;2;1;13;A01
201500037624;0;99;0;0;2;3;10;A01
201500037624;0;34;0;0;2;3;2;B01
201500037625;0;7;0;0;2;4;1;B01
201500037625;0;7;0;0;2;1;1;A01
201500037626;1;10;0;0;2;7;0;A01
201500037626;0;7;0;0;2;7;0;B01
201500037627;1;7;0;0;2;8;13;A01
201500037627;0;30;0;0;2;8;1;B01
201500037628;0;31;0;0;0;0;1;A01
201500037629;0;7;0;0;2;4;1;C01
201500037629;0;7;0;0;2;1;1;A01
201500037629;0;7;0;0;2;4;1;B01
201500037630;0;30;0;0;0;1;1;A01
201500037631;0;30;0;0;2;1;1;A01
201500037631;0;7;0;0;2;6;1;B01
201500037632;0;7;0;0;1;8;1;A01
201500037633;0;7;0;0;2;3;24;A01
201500037633;0;1;0;1;0;1;17;B01
201500037634;0;34;0;12;0;1;1;A01
201500037635;0;33;0;0;2;8;0;B01
201500037635;0;7;0;0;2;1;15;A01
201500037636;0;7;0;8;0;1;1;A01
201500037637;1;7;0;0;2;1;2;Z01
201500037637;0;7;0;0;2;4;2;A01
201500037638;0;7;0;0;2;4;2;A01
201500037638;0;10;0;0;2;4;2;C01
201500037638;0;7;0;0;2;4;2;D01
201500037638;0;7;0;0;2;4;2;B01
201500037639;0;7;0;0;2;1;2;B01
201500037639;0;7;0;0;2;1;2;A01
201500037640;0;33;0;0;2;5;0;A01
201500037640;0;7;0;0;2;6;1;B01
201500037641;0;7;0;0;1;2;2;A01
201500037642;0;7;0;0;1;7;1;A01
201500037643;0;7;0;2;0;1;13;A01
201500037644;0;31;0;0;0;7;9;A01
201500037645;0;7;0;0;2;3;15;A01
201500037645;0;7;0;0;2;8;1;B01
201500037646;0;7;0;0;2;8;10;A01
201500037646;0;34;0;0;2;7;1;B01
201500037647;0;7;0;0;2;1;9;A01
201500037647;0;33;0;0;2;1;2;B01
201500037648;0;10;0;0;2;2;1;A01
201500037648;0;7;0;0;2;3;1;B01
201500037649;0;10;0;1;0;1;1;A01
201500037650;0;7;0;0;1;1;15;A01
201500037651;0;7;0;0;2;1;1;A01
201500037651;0;7;0;0;2;4;2;B01
201500037652;0;7;0;0;2;4;1;B01
201500037652;0;30;0;0;2;1;1;A01
201500037653;0;7;0;0;1;1;1;A01
201500037654;0;32;0;0;0;0;1;A01
201500037655;0;7;0;0;2;7;1;A01
201500037655;0;7;0;0;2;1;1;B01
201500037656;0;7;0;0;2;1;12;A01
201500037656;0;7;0;0;2;4;1;C01
201500037656;0;7;0;0;2;4;1;B01
201500037657;0;34;0;0;0;5;1;A01
201500037658;0;34;0;0;0;8;1;A01
201500037659;0;30;0;0;1;1;1;A01
201500037660;0;31;0;0;2;8;2;A01
201500037660;0;31;0;0;2;7;2;B01
201500037661;0;7;0;0;9;8;22;A01
201500037661;0;1;0;0;2;1;1;B01
201500037662;0;1;0;0;2;7;1;B01
201500037662;0;7;0;0;9;6;13;A01
201500037663;0;30;0;11;0;0;1;A01
201500037664;0;7;0;0;1;2;1;A01
201500037665;0;37;1;0;1;7;1;A01
201500037666;0;33;0;0;0;0;1;A01
201500037667;0;7;0;0;1;3;1;A01
201500037668;0;33;0;0;2;1;1;A01
201500037668;0;7;0;0;2;8;16;B01
201500037669;0;7;0;8;1;4;4;A01
201500037670;0;7;0;0;1;1;16;A01
201500037671;0;7;0;0;1;1;1;A01
201500037672;0;7;0;0;2;1;1;B01
201500037672;0;7;0;0;2;1;5;A01
201500037673;1;7;0;0;2;1;12;Z01
201500037673;0;33;0;0;2;7;1;B01
201500037673;0;7;0;0;2;6;1;C01
201500037674;0;30;0;0;1;1;1;A01
201500037675;0;1;0;0;2;1;1;B01
201500037675;0;7;0;0;9;5;23;A01
201500037676;0;30;0;0;1;1;17;A01
201500037677;0;33;0;0;2;1;1;B01
201500037677;0;7;0;0;2;4;4;A01
201500037678;0;7;0;0;2;4;1;B01
201500037678;0;7;0;0;2;1;2;A01
201500037679;0;33;0;0;2;1;1;B01
201500037679;0;7;0;0;2;1;1;A01
201500037680;0;7;0;0;2;4;4;A01
201500037680;0;1;0;0;2;1;1;B01
201500037681;0;30;0;0;0;8;1;A01
201500037682;0;7;0;0;2;1;2;A01
201500037682;0;7;0;0;2;4;2;B01
201500037683;0;7;0;0;2;2;19;A01
201500037683;0;7;0;0;2;3;19;B01
201500037684;0;7;0;0;1;3;15;A01
201500037685;0;7;0;11;2;7;21;A01
201500037685;0;7;0;0;2;1;16;B01
201500037686;0;37;1;0;2;5;14;A01
201500037686;0;32;0;0;2;8;1;B01
201500037687;0;34;0;0;1;3;1;A01
201500037688;0;7;0;0;1;4;20;A01
201500037689;0;7;0;0;2;8;15;A01
201500037689;0;33;0;0;2;8;17;B01
201500037690;0;13;0;0;2;2;1;A01
201500037690;0;7;0;0;2;3;1;B01
201500037691;1;7;0;0;2;1;1;Z01
201500037691;0;30;0;0;2;7;1;B01
201500037692;0;7;0;0;1;1;1;A01
201500037693;0;7;0;0;1;3;1;A01
201500037694;0;7;0;0;2;6;1;B01
201500037694;0;7;0;0;2;1;1;A01
201500037695;0;33;0;15;0;1;1;A01
201500037696;0;33;0;0;2;1;1;B01
201500037696;0;7;0;0;2;8;11;A01
201500037697;0;7;0;0;2;2;16;A01
201500037697;0;1;0;0;2;0;16;B01
201500037698;0;30;0;0;2;0;1;A01
201500037698;0;33;0;0;2;6;15;B01
201500037699;0;7;0;0;1;1;1;A01
201500037700;0;7;0;0;1;2;1;A01
201500037701;0;7;0;0;2;7;2;A01
201500037701;0;33;0;0;2;8;2;B01
201500037702;0;7;0;11;2;2;1;A01
201500037702;0;32;0;1;2;1;16;B01
201500037703;0;1;0;0;2;8;0;A01