num_acc;senc;catv;occutc;obs;obsm;choc;manv;num_veh
201500037703;0;33;0;0;2;1;1;B01
201500037704;0;7;0;0;1;8;1;A01
201500037705;0;13;0;0;1;1;15;A01
201500037706;0;30;0;0;1;1;1;A01
201500037707;0;7;0;0;1;1;15;A01
201500037707;0;30;0;0;2;7;1;B01
201500037708;0;33;0;0;2;1;1;B01
201500037708;0;7;0;0;2;3;17;A01
201500037709;0;1;0;0;2;1;1;B01
201500037709;0;13;0;0;2;8;23;A01
201500037710;0;32;0;0;2;1;18;B01
201500037710;0;7;0;0;2;2;16;A01
201500037711;0;7;0;0;2;2;1;A01
201500037711;0;7;0;0;2;8;24;B01
201500037712;0;7;0;0;1;1;1;A01
201500037713;0;31;0;0;0;1;16;A01
201500037714;0;7;0;0;1;1;15;A01
201500037715;0;7;0;0;1;1;0;A01
201500037716;0;7;0;0;2;4;1;B01
201500037716;0;7;0;0;2;1;1;A01
201500037717;0;7;0;0;1;3;1;A01
201500037718;0;7;0;0;2;3;1;A01
201500037718;0;7;0;0;2;3;15;B01
201500037719;0;7;0;0;1;3;15;A01
201500037720;1;7;0;0;1;1;0;Z01
201500037721;0;7;0;0;2;1;1;C01
201500037721;0;7;0;0;2;1;1;B01
201500037721;0;7;0;0;2;1;5;A01
201500037722;0;1;0;0;2;1;1;B01
201500037722;0;7;0;0;1;1;16;A01
201500037723;0;31;0;0;2;2;15;B01
201500037723;0;7;0;0;2;2;1;A01
201500037724;0;1;0;0;1;1;1;A01
201500037725;0;7;0;0;2;7;1;D01
201500037725;0;7;0;0;2;2;1;B01
201500037725;0;7;0;0;2;8;1;A01
201500037725;0;7;0;0;2;6;1;E01
201500037725;0;7;0;0;2;7;1;C01
201500037726;0;7;0;0;2;1;1;A01
201500037726;0;7;0;0;2;4;1;B01
201500037727;0;30;0;0;0;0;0;A01
201500037728;0;1;0;0;1;1;1;A01
201500037729;0;7;0;0;2;4;2;B01
201500037729;0;7;0;0;2;1;2;A01
201500037730;0;7;0;0;2;8;15;B01
201500037730;0;33;0;0;2;1;17;A01
201500037731;0;7;0;0;1;2;1;A01
201500037732;1;7;0;0;1;4;4;Z01
201500037733;0;7;0;0;1;2;1;A01
201500037734;0;2;0;0;2;1;17;B01
201500037734;0;7;0;0;2;3;15;A01
201500037735;0;7;0;0;2;3;15;A01
201500037735;0;33;0;0;2;7;17;B01
201500037736;0;7;0;0;2;4;20;C01
201500037736;0;7;0;0;2;1;1;B01
201500037736;0;7;0;0;2;2;1;A01
201500037737;0;7;0;1;0;3;1;A01
201500037738;0;2;0;0;2;8;15;B01
201500037738;0;32;0;0;2;2;17;A01
201500037739;0;7;0;1;0;2;1;A01
201500037740;0;7;0;0;1;2;16;A01
201500037741;0;7;0;0;2;1;2;A01
201500037741;0;7;0;0;2;4;23;B01
201500037742;0;7;0;0;2;3;10;B01
201500037742;0;1;0;0;2;1;17;A01
201500037743;0;2;0;0;2;1;17;A01
201500037743;0;7;0;0;2;8;15;B01
201500037744;0;7;0;0;1;3;1;A01
201500037745;0;33;0;0;2;0;0;A01
201500037745;0;1;0;0;2;0;19;B01
201500037746;0;7;0;0;2;1;1;A01
201500037746;0;33;0;0;2;4;2;B01
201500037747;0;7;0;0;2;3;15;B01
201500037747;0;34;0;0;2;1;17;A01
201500037748;0;7;0;0;1;2;1;A01
201500037749;0;33;0;0;2;8;18;A01
201500037749;0;7;0;0;2;7;15;B01
201500037750;0;7;0;1;0;1;1;A01
201500037751;0;7;0;8;1;1;21;A01
201500037751;0;7;0;0;0;4;23;B01
201500037752;0;30;0;0;0;0;1;A01
201500037753;0;31;0;0;2;1;1;B01
201500037753;0;7;0;0;2;3;10;A01
201500037754;0;7;0;0;2;2;1;B01
201500037754;0;1;0;0;2;1;2;A01
201500037755;0;7;0;0;1;0;1;A01
201500037756;0;7;0;0;0;0;5;A01
201500037756;0;7;0;2;0;3;13;B01
201500037757;0;7;0;0;2;2;15;A01
201500037757;0;33;0;0;2;1;1;B01
201500037758;0;7;0;0;1;2;0;A01
201500037759;0;7;0;0;2;4;2;C01
201500037759;0;7;0;0;2;1;2;A01
201500037759;0;7;0;0;2;4;2;B01
201500037760;0;7;0;0;1;2;2;A01
201500037761;0;7;0;0;1;2;1;A01
201500037762;0;7;0;0;1;1;1;A01
201500037763;0;7;0;0;1;1;0;A01
201500037764;0;7;0;0;2;3;0;A01
201500037764;0;7;0;0;2;3;0;B01
201500037765;0;7;0;0;2;8;0;A01
201500037765;0;2;0;0;2;0;0;B01
201500037766;0;40;0;0;2;1;1;B01
201500037766;0;7;0;0;2;3;16;A01
201500037767;0;30;0;0;2;1;1;A01
201500037767;0;7;0;0;2;8;15;B01
201500037768;0;33;0;0;2;7;1;A01
201500037768;0;7;0;0;2;3;1;B01
201500037769;0;10;0;0;2;3;9;A01
201500037769;0;7;0;0;2;2;1;B01
201500037770;0;7;0;0;1;1;1;A01
201500037771;0;7;0;0;1;2;15;A01
201500037772;0;2;0;0;0;8;0;A01
201500037773;0;32;0;0;0;7;1;A01
201500037774;0;30;0;12;0;8;14;A01
201500037775;0;10;0;0;2;4;2;B01
201500037775;0;10;0;0;2;4;2;C01
201500037775;0;10;0;0;2;1;2;A01
201500037776;0;7;0;0;1;1;1;A01
201500037777;1;15;0;0;1;0;1;Z01
201500037778;0;10;0;0;2;3;15;A01
201500037778;0;2;0;0;2;1;1;B01
201500037779;0;10;0;0;1;1;0;A01
201500037780;0;7;0;0;1;1;1;A01
201500037781;0;7;0;0;2;1;1;A01
201500037781;0;10;0;0;2;4;23;B01
201500037782;0;34;0;0;2;1;1;B01
201500037782;0;7;0;0;2;8;15;A01
201500037783;0;10;0;8;2;2;2;A01
201500037783;0;7;0;0;2;4;2;B01
201500037784;0;2;0;0;2;1;2;A01
201500037784;0;7;0;0;2;4;2;B01
201500037785;0;31;0;0;1;1;0;A01
201500037786;0;10;0;0;2;1;0;A01
201500037786;0;10;0;0;2;4;0;B01
201500037787;0;10;0;0;2;1;2;A01
201500037787;0;10;0;0;2;4;2;B01
201500037788;0;10;0;0;1;2;5;A01
201500037789;0;10;0;0;2;1;2;A01
201500037789;0;10;0;0;2;4;2;B01
201500037790;0;7;0;0;2;1;2;A01
201500037790;0;7;0;0;2;4;2;B01
201500037791;0;33;0;0;2;1;2;A01
201500037791;0;7;0;0;2;2;2;B01
201500037791;0;7;0;0;2;1;1;C01
201500037792;0;7;0;0;2;4;2;B01
201500037792;0;7;0;0;2;1;2;A01
201500037793;0;10;0;0;2;4;2;A01
201500037793;0;32;0;0;2;1;2;B01
201500037794;0;33;0;0;0;0;0;A01
201500037795;0;7;0;0;1;1;2;A01
201500037796;0;34;0;0;2;1;1;B01
201500037796;0;7;0;0;2;2;15;A01
201500037797;0;10;0;0;2;1;2;A01
201500037797;0;33;0;0;2;4;2;B01
201500037798;0;7;0;0;1;4;4;A01
201500037799;0;30;0;0;2;1;1;B01
201500037799;0;7;0;0;2;2;15;A01
201500037800;0;33;0;0;2;1;3;A01
201500037800;0;7;0;0;2;1;1;B01
201500037801;0;7;0;0;2;4;2;B01
201500037801;0;30;0;0;2;1;2;A01
201500037802;0;34;0;0;2;4;2;B01
201500037802;0;7;0;0;2;1;2;A01
201500037803;0;33;0;0;1;1;1;A01
201500037804;0;30;0;0;2;1;2;A01
201500037804;0;13;0;0;2;4;2;B01
201500037805;0;7;0;8;0;1;1;A01
201500037806;0;7;0;0;1;1;2;A01
201500037807;0;1;0;0;0;0;2;A01
201500037808;0;33;0;0;0;0;1;B01
201500037808;0;10;0;0;0;0;1;A01
201500037809;0;10;0;0;9;1;1;A01
201500037810;0;7;0;0;1;3;2;B01
201500037810;0;7;0;0;1;3;5;A01
201500037811;0;7;0;2;0;1;1;A01
201500037812;0;40;0;0;2;1;1;B01
201500037812;0;10;0;0;1;8;1;A01
201500037813;0;7;0;0;2;3;10;A01
201500037813;0;31;0;0;2;1;2;B01
201500037814;0;14;0;0;1;1;1;A01
201500037815;1;40;0;0;2;1;1;A01
201500037815;0;7;0;0;9;2;0;B01
201500037816;0;7;0;0;1;1;1;A01
201500037817;0;33;0;0;2;1;1;A01
201500037817;0;7;0;0;2;1;1;B01
201500037818;0;7;0;0;1;4;4;A01
201500037819;0;1;0;0;2;1;1;B01
201500037819;0;7;0;0;9;3;15;A01
201500037820;0;7;0;6;2;3;1;A01
201500037820;0;7;0;0;2;6;1;B01
201500037821;0;7;0;0;2;3;1;A01
201500037821;0;33;0;0;2;2;1;B01
201500037822;0;33;0;5;0;1;1;A01
201500037823;0;10;0;0;1;4;4;A01
201500037824;0;30;0;1;0;1;1;A01
201500037825;0;2;0;0;0;0;0;A01
201500037826;0;7;0;0;2;2;15;A01
201500037826;0;33;0;0;2;1;1;B01
201500037827;0;3;0;8;0;1;15;A01
201500037828;0;10;0;0;1;1;2;A01
201500037829;0;17;0;0;0;7;1;A01
201500037830;0;2;0;0;2;1;2;A01
201500037830;0;10;0;0;2;3;15;B01
201500037831;0;34;0;0;2;1;17;A01
201500037831;0;34;0;0;2;8;15;B01
201500037832;0;7;0;0;2;3;13;A01
201500037832;0;34;0;0;2;2;1;B01
201500037833;0;7;0;1;0;2;18;A01
201500037834;0;34;0;0;0;0;0;A01
201500037835;0;7;0;0;1;1;1;A01
201500037836;0;30;0;0;2;0;1;B01
201500037836;0;10;0;0;2;8;15;A01
201500037837;0;33;0;0;2;2;0;B01
201500037837;0;10;0;0;2;6;0;A01
201500037838;0;34;0;0;2;1;19;A01
201500037838;0;10;0;0;2;1;1;B01
201500037839;0;38;10;0;2;7;1;B01
201500037839;0;2;0;0;9;1;16;A01
201500037840;0;7;0;0;2;1;5;A01
201500037840;0;7;0;0;2;1;1;B01
201500037841;0;7;0;0;2;8;1;A01
201500037841;0;33;0;0;2;1;1;B01
201500037842;0;31;0;0;0;1;17;A01
201500037842;0;32;0;0;2;1;1;B01
201500037843;0;33;0;0;2;8;1;B01
201500037843;0;7;0;0;2;1;9;A01
201500037844;0;10;0;0;2;3;15;A01
201500037844;0;33;0;0;2;8;1;B01
201500037845;0;10;0;2;2;1;13;A01
201500037845;0;2;0;0;2;3;1;B01
201500037845;0;30;0;0;2;1;1;C01
201500037846;0;10;0;0;2;7;16;A01
201500037846;0;1;0;0;2;1;1;B01
201500037847;0;2;0;0;0;8;1;A01
201500037848;0;7;0;0;2;4;1;B01
201500037848;0;7;0;0;2;1;1;A01
201500037849;0;7;0;0;9;8;1;A01
201500037849;0;40;0;0;2;2;1;B01
201500037850;0;2;0;0;2;7;2;B01
201500037850;0;7;0;0;2;8;15;A01
201500037851;0;7;0;0;1;1;1;A01
201500037852;0;7;0;0;1;1;1;A01
201500037853;0;7;0;0;2;4;0;B01
201500037853;0;7;0;1;0;1;1;A01
201500037854;0;7;0;3;2;1;1;B01
201500037854;0;31;0;0;2;1;5;A01
201500037855;0;1;0;0;2;1;1;B01
201500037855;0;7;0;0;2;6;1;A01
201500037856;0;33;0;0;0;0;15;A01
201500037857;0;33;0;0;1;1;1;A01
201500037858;0;10;0;8;0;2;6;A01
201500037859;0;10;0;0;1;1;16;A01
201500037860;0;33;0;0;2;3;1;B01
201500037860;0;10;0;0;2;1;15;A01
201500037861;0;10;0;0;1;1;15;A01
201500037862;0;37;1;0;1;0;1;A01
201500037863;0;7;0;0;1;3;17;A01
201500037864;0;7;0;0;0;0;0;A01
201500037864;0;10;0;0;2;3;0;B01
201500037865;0;7;0;0;2;6;0;A01
201500037865;0;7;0;0;2;3;0;B01
201500037866;0;7;0;0;2;6;1;B01
201500037866;0;7;0;0;2;1;1;A01
201500037867;0;2;0;0;2;2;17;A01
201500037867;0;7;0;0;2;3;15;B01
201500037868;0;33;0;0;2;1;1;A01
201500037868;0;7;0;0;2;4;0;B01
201500037869;0;33;0;0;1;1;1;A01
201500037870;0;7;0;0;1;1;1;A01
201500037871;0;30;0;0;2;3;1;B01
201500037871;0;7;0;0;2;2;16;A01
201500037872;0;1;0;0;9;0;1;A01
201500037873;0;10;0;0;2;6;1;A01
201500037873;0;33;0;0;2;1;1;B01
201500037874;0;33;0;0;2;2;3;A01
201500037874;0;7;0;0;0;3;1;B01
201500037875;0;7;0;3;0;1;1;A01
201500037876;0;7;0;0;1;1;1;A01
201500037877;0;34;0;0;2;8;1;B01
201500037877;0;7;0;0;2;1;1;A01
201500037878;0;34;0;0;0;0;1;A01
201500037879;0;32;0;0;0;0;0;A01
201500037880;0;7;0;0;1;1;0;A01
201500037881;1;7;0;0;0;3;0;A01
201500037881;0;7;0;0;2;3;0;B01
201500037882;1;7;0;;1;0;;Z01
201500037883;0;7;0;1;0;1;0;A01
201500037884;0;34;0;0;0;0;17;A01
201500037884;0;7;0;0;2;8;15;B01
201500037885;0;10;0;0;1;2;1;A01
201500037886;0;10;0;0;2;8;23;A01
201500037886;0;10;0;0;2;7;23;C01
201500037886;0;34;0;1;2;1;1;B01
201500037887;0;7;0;0;1;8;1;A01
201500037888;0;10;0;0;2;8;11;A01
201500037888;0;32;0;0;2;7;13;B01
201500037889;0;7;0;0;0;4;2;B01
201500037889;0;7;0;0;2;1;2;A01
201500037890;0;7;0;0;1;5;20;A01
201500037891;0;33;0;0;1;2;17;A01
201500037892;0;7;0;0;1;5;4;A01
201500037893;0;7;0;0;1;4;4;A01
201500037894;0;7;0;0;2;2;15;A01
201500037894;0;34;0;0;2;1;18;B01
201500037895;0;33;0;0;1;1;1;A01
201500037896;0;33;0;0;2;8;1;B01
201500037896;0;7;0;0;2;3;17;A01
201500037897;0;33;0;0;2;1;1;B01
201500037897;0;7;0;0;2;3;10;A01
201500037898;0;7;0;0;0;2;16;B01
201500037898;0;32;0;0;2;3;3;A01
201500037899;0;33;0;8;0;9;1;A01
201500037900;0;33;0;0;0;7;1;B01
201500037900;0;7;0;0;0;8;13;A01
201500037901;0;7;0;0;2;4;2;B01
201500037901;0;7;0;0;2;1;1;A01
201500037902;0;7;0;0;0;8;10;A01
201500037902;0;33;0;0;2;1;1;B01
201500037903;0;7;0;0;0;3;1;B01
201500037903;0;14;0;0;2;2;14;A01
201500037904;0;30;0;0;0;1;16;A01
201500037905;0;33;0;0;2;8;17;A01
201500037905;0;7;0;0;2;1;1;B01
201500037906;0;7;0;0;1;1;15;A01
201500037907;0;30;0;0;2;7;5;A01
201500037907;0;33;0;0;2;1;1;B01
201500037908;0;37;1;0;1;3;1;A01
201500037909;0;33;0;0;1;1;1;A01
201500037910;0;32;0;0;2;7;1;A01
201500037910;0;7;0;0;0;6;23;B01
201500037911;0;7;0;0;0;8;13;A01
201500037911;0;32;0;0;2;7;1;B01
201500037912;0;30;0;0;1;1;1;A01
201500037913;0;7;0;0;2;1;1;A01
201500037913;0;30;0;0;0;4;1;B01
201500037914;0;10;0;0;0;2;16;A01
201500037914;0;7;0;0;2;6;1;B01
201500037915;0;7;0;0;0;5;16;B01
201500037915;0;30;0;0;2;1;1;A01
201500037916;0;32;0;0;2;1;2;A01
201500037916;0;7;0;0;0;4;0;B01
201500037917;0;7;0;0;0;8;22;A01
201500037917;0;10;0;0;2;7;1;B01
201500037918;0;7;0;0;1;1;1;A01
201500037919;0;14;0;0;1;8;1;A01
201500037920;0;30;0;0;2;7;17;B01
201500037920;0;7;0;0;0;8;11;A01
201500037921;0;7;0;0;1;4;20;A01
201500037922;0;7;0;0;1;1;1;A01
201500037923;0;33;0;0;1;8;1;A01
201500037924;0;33;0;0;0;6;2;B01
201500037924;0;7;0;0;2;1;2;A01
201500037925;0;7;0;0;0;2;16;A01
201500037925;0;33;0;0;2;1;18;B01
201500037926;0;34;0;0;1;1;1;A01
201500037927;0;32;0;0;0;7;1;A01
201500037928;0;34;0;0;1;1;1;A01
201500037929;0;7;0;0;2;1;1;B01
201500037929;0;2;0;0;2;1;17;A01
201500037930;0;7;0;0;2;3;1;B01
201500037930;0;14;0;0;0;5;12;A01
201500037931;0;32;0;0;2;1;18;B01
201500037931;0;7;0;0;2;3;9;A01
201500037932;0;7;0;0;2;3;11;A01
201500037932;0;32;0;0;0;7;17;B01
201500037933;0;1;0;0;0;7;17;B01
201500037933;0;7;0;0;0;8;23;A01
201500037934;0;7;0;0;2;1;2;A01
201500037934;0;7;0;0;0;4;23;B01
201500037935;0;7;0;0;0;8;15;A01
201500037935;0;33;0;0;2;7;17;B01
201500037936;0;30;0;0;2;1;17;B01
201500037936;0;7;0;0;2;8;1;A01
201500037936;0;7;0;0;2;3;1;C01
201500037937;0;7;0;0;0;7;12;A01
201500037937;0;1;0;0;0;6;1;B01
201500037938;0;2;0;14;0;2;14;A01
201500037939;0;7;0;0;1;2;15;A01
201500037940;0;7;0;1;0;9;1;B01
201500037940;0;7;0;0;2;2;2;A01
201500037941;0;7;0;0;2;2;23;C01
201500037941;0;30;0;0;2;3;1;B01
201500037941;2;32;0;0;2;1;5;A01
201500037942;0;1;0;0;0;8;23;C01
201500037942;0;7;0;0;2;2;16;A01
201500037942;0;31;0;0;2;1;1;B01
201500037943;0;7;0;0;2;3;1;B01
201500037943;0;7;0;0;2;3;0;A01
201500037944;1;1;0;0;2;1;5;A01
201500037944;0;7;0;0;2;6;1;B01
201500037945;0;7;0;9;0;1;16;A01
201500037946;0;30;0;12;0;2;16;A01
201500037947;0;7;0;0;2;3;1;A01
201500037947;0;7;0;0;2;3;1;B01
201500037948;0;33;0;0;2;9;1;B01
201500037948;2;7;0;0;2;2;11;A01
201500037949;0;38;1;0;2;1;1;A01
201500037949;0;7;0;0;0;8;1;B01
201500037950;0;30;0;0;2;1;1;A01
201500037951;0;32;0;0;2;3;1;B01
201500037951;0;7;0;0;2;2;15;A01
201500037952;0;7;0;0;1;6;20;A01
201500037953;0;7;0;0;2;1;16;A01
201500037953;0;7;0;0;0;1;1;C01
201500037953;0;7;0;0;0;2;1;B01
201500037954;0;7;0;0;0;8;9;A01
201500037954;0;33;0;0;2;1;1;B01
201500037955;0;33;0;0;1;1;1;A01
201500037956;0;7;0;0;2;2;14;A01
201500037956;0;7;0;0;0;5;16;B01
201500037957;0;32;0;0;1;1;1;A01
201500037958;0;7;0;0;2;3;15;A01
201500037958;0;32;0;0;2;2;1;B01
201500037959;0;32;0;0;2;1;1;B01
201500037959;0;7;0;0;2;3;1;A01
201500037960;0;7;0;0;2;1;15;A01
201500037960;0;32;0;0;2;1;1;B01
201500037961;0;34;0;0;2;1;1;B01
201500037961;0;7;0;0;2;1;15;A01
201500037962;0;7;0;0;0;8;13;A01
201500037962;0;32;0;0;2;1;1;B01
201500037963;0;33;0;0;1;8;1;A01
201500037964;0;7;0;0;0;4;23;C01
201500037964;0;7;0;0;2;1;2;A01
201500037964;0;7;0;0;0;4;23;B01
201500037965;0;30;0;0;0;0;1;A01
201500037966;0;33;0;0;1;7;15;A01
201500037967;0;32;0;0;2;3;1;B01
201500037967;0;7;0;0;2;5;15;A01
201500037968;1;7;0;0;2;5;1;Z01
201500037968;0;32;0;0;2;1;1;A01
201500037969;0;7;0;0;0;5;1;B01
201500037969;0;7;0;0;0;0;2;C01
201500037969;0;33;0;0;2;1;21;A01
201500037970;0;34;0;0;2;1;21;A01
201500037970;0;7;0;0;0;4;23;B01
201500037971;0;32;0;0;0;4;13;A01
201500037971;0;7;0;0;2;3;1;B01
201500037972;0;10;0;0;1;7;16;A01
201500037973;0;30;0;0;1;1;21;A01
201500037974;0;7;0;0;2;8;15;A01
201500037974;0;30;0;0;2;1;1;B01
201500037975;0;7;0;0;2;3;1;B01
201500037975;0;32;0;0;2;2;2;A01
201500037975;0;7;0;0;0;6;2;C01
201500037976;0;7;0;0;1;1;1;A01
201500037977;0;7;0;0;2;4;1;B01
201500037977;0;14;0;0;0;0;1;D01
201500037977;0;7;0;0;2;5;1;C01
201500037977;0;10;0;0;2;1;2;A01
201500037978;0;32;0;0;1;1;1;A01
201500037979;0;32;0;0;1;1;1;A01
201500037980;0;37;1;0;1;5;1;A01
201500037981;0;7;0;0;0;6;4;A01
201500037981;0;32;0;0;2;9;1;B01
201500037982;0;7;0;0;1;2;16;A01
201500037983;0;7;0;0;1;4;4;A01
201500037984;0;33;0;0;1;1;1;A01
201500037985;0;7;0;0;4;1;17;A01
201500037985;0;10;0;0;2;1;1;B01
201500037986;0;32;0;0;0;8;16;A01
201500037987;1;7;0;0;1;0;0;A01
201500037988;0;7;0;0;2;7;1;B01
201500037988;0;7;0;0;2;1;1;A01
201500037989;0;34;0;0;2;2;3;B01
201500037989;0;7;0;0;2;3;1;A01
201500037990;0;7;0;0;2;8;15;B01
201500037991;2;7;0;0;2;1;0;A01
201500037991;0;33;0;0;2;1;1;B01
201500037992;0;7;0;0;1;4;4;A01
201500037993;0;33;0;12;0;8;1;A01
201500037994;0;10;0;0;2;0;14;B01
201500037994;0;33;0;0;2;1;1;A01
201500037995;0;7;0;0;1;1;1;A01
201500037996;0;7;0;0;1;7;1;A01
201500037997;0;7;0;0;2;3;15;A01
201500037998;1;7;0;0;1;1;1;A01
201500037999;0;30;0;0;0;7;1;A01
201500038000;0;7;0;0;2;1;1;A01
201500038000;0;7;0;0;2;4;1;B01
201500038001;0;7;0;0;1;1;15;A01
201500038002;0;7;0;0;2;3;9;A01
201500038002;0;30;0;0;2;1;14;B01
201500038003;0;32;0;1;0;3;5;A01
201500038004;0;7;0;0;2;6;15;A01
201500038004;0;7;0;6;2;1;15;B01
201500038005;0;7;0;0;1;8;1;A01
201500038006;1;30;0;0;0;0;1;A01
201500038007;0;7;0;0;1;4;4;A01
201500038008;0;7;0;0;1;1;1;A01
201500038009;1;7;0;0;2;1;1;A01
201500038009;0;7;0;8;2;4;1;B01
201500038010;0;7;0;0;2;8;15;B01
201500038010;0;7;0;0;2;1;1;A01
201500038011;0;30;0;0;1;1;1;A01
201500038012;0;32;0;0;0;7;1;A01
201500038013;0;30;0;0;0;7;1;A01
201500038014;0;34;0;0;1;1;1;A01
201500038015;0;7;0;0;1;1;1;A01
201500038016;0;10;0;0;2;1;15;B01
201500038016;0;34;0;0;2;1;1;A01
201500038017;0;7;0;0;2;1;0;A01
201500038017;0;32;0;0;2;1;1;B01
201500038018;0;7;0;0;2;4;9;A01
201500038018;0;34;0;0;2;1;1;B01
201500038019;0;7;0;0;2;0;0;A01
201500038019;0;1;0;0;2;0;0;B01
201500038020;0;7;0;0;2;8;15;B01
201500038020;0;34;0;0;2;1;1;A01
201500038021;0;33;0;0;1;1;1;A01
201500038022;0;2;0;0;2;2;0;A01
201500038022;0;7;0;0;2;0;0;B01
201500038023;0;7;0;0;1;1;15;A01
201500038024;0;7;0;0;1;7;15;A01
201500038025;0;34;0;0;2;7;1;B01
201500038025;0;7;0;0;2;8;15;A01
201500038026;0;34;0;0;2;1;1;B01
201500038026;0;7;0;0;2;4;15;A01
201500038027;0;7;0;0;0;0;0;A01
201500038027;0;33;0;0;2;1;1;B01
201500038028;0;34;0;0;2;1;1;B01
201500038028;0;7;0;0;2;4;1;A01
201500038029;0;1;0;0;2;1;1;B01
201500038029;0;7;0;0;2;8;22;A01
201500038030;0;7;0;0;2;1;1;B01
201500038030;0;10;0;0;2;7;1;A01
201500038031;0;7;0;0;2;1;15;B01
201500038031;0;33;0;0;2;1;1;A01
201500038032;0;16;0;4;0;3;1;A01
201500038033;0;33;0;0;2;1;1;B01
201500038033;0;7;0;0;2;7;10;A01
201500038034;0;7;0;0;2;1;1;A01
201500038034;0;7;0;0;2;4;1;B01
201500038035;0;7;0;8;2;7;1;A01
201500038035;0;7;0;0;2;1;1;B01
201500038036;0;7;0;2;0;1;1;A01
201500038037;0;30;0;0;0;0;0;A01
201500038038;0;30;0;0;2;8;1;A01
201500038039;0;7;0;0;2;7;15;A01
201500038039;0;37;0;0;2;1;1;B01
201500038040;0;7;0;0;2;1;1;A01
201500038040;0;7;0;0;2;1;1;B01
201500038041;0;34;0;0;2;1;12;A01
201500038041;0;7;0;0;2;7;15;B01
201500038042;1;34;0;0;1;1;5;A01
201500038043;0;7;0;0;1;4;4;A01
201500038044;0;7;0;1;0;2;1;A01
201500038045;0;7;0;0;2;1;1;A01
201500038045;0;7;0;0;2;3;9;B01
201500038046;0;7;0;0;2;3;9;B01
201500038046;0;32;0;0;2;1;1;A01
201500038047;0;7;0;0;1;1;1;A01
201500038048;0;7;0;0;2;6;15;B01
201500038048;0;31;0;0;2;1;17;A01
201500038049;0;7;0;0;2;3;9;A01
201500038049;0;30;0;0;2;2;1;B01
201500038050;0;37;26;0;1;5;9;A01
201500038051;0;7;0;1;2;1;1;A01
201500038051;0;7;0;1;2;1;1;B01
201500038052;0;7;0;0;1;1;1;A01
201500038053;0;2;0;0;2;2;5;A01
201500038053;0;7;0;0;2;3;0;B01
201500038054;0;33;0;0;2;1;2;B01
201500038054;0;7;0;0;2;8;20;A01
201500038055;0;7;0;0;2;2;0;A01
201500038055;0;7;0;0;2;3;0;B01
201500038056;0;10;0;0;2;2;1;B01
201500038056;0;2;0;0;0;1;0;A01
201500038057;0;7;0;9;2;8;0;B01
201500038057;0;10;0;0;2;1;15;A01
201500038058;0;7;0;0;0;0;0;A01
201500038058;0;33;0;0;0;0;0;B01
201500038059;0;2;0;0;0;0;0;A01
201500038060;0;7;0;0;1;4;4;A01
201500038061;0;7;0;0;1;1;0;A01
201500038062;0;7;0;0;2;3;1;B01
201500038062;0;7;0;0;0;0;0;A01
201500038063;0;7;0;0;2;6;0;B01
201500038063;0;30;0;0;2;2;0;A01
201500038064;0;7;0;0;0;0;0;A01
201500038064;0;33;0;0;1;0;0;B01
201500038065;0;7;0;0;2;1;1;A01
201500038065;0;37;10;0;2;3;15;B01
201500038066;0;7;0;0;2;4;1;B01
201500038066;0;31;0;0;2;1;1;A01
201500038067;0;7;0;0;0;1;0;A01
201500038068;0;1;0;0;2;5;0;B01
201500038068;0;7;0;0;2;2;0;A01
201500038069;0;7;0;0;2;1;1;B01
201500038069;0;30;0;0;2;1;1;A01
201500038070;0;7;0;0;1;2;1;B01
201500038070;0;7;0;0;2;1;1;A01
201500038071;0;7;0;0;2;8;24;C01
201500038071;0;7;0;1;2;8;1;B01
201500038071;0;14;0;0;2;7;9;A01
201500038072;0;2;0;0;2;1;1;B01
201500038072;0;10;0;0;2;7;1;A01
201500038073;0;33;0;0;1;1;1;A01
201500038074;0;7;0;0;2;8;0;B01
201500038074;0;31;0;0;2;2;17;A01
201500038075;0;7;0;0;2;3;1;A01
201500038075;0;7;0;0;2;3;15;B01
201500038076;0;14;0;0;1;1;1;A01
201500038076;0;1;0;0;0;0;1;B01
201500038077;0;10;0;0;1;1;0;A01
201500038078;0;7;0;0;2;7;17;A01
201500038078;0;1;0;0;2;8;1;B01
201500038079;0;7;0;0;2;2;15;A01
201500038079;0;32;0;0;2;1;1;B01
201500038080;0;14;0;0;2;2;16;A01
201500038080;0;1;0;0;2;1;1;B01
201500038081;0;30;0;0;2;1;0;B01
201500038081;0;7;0;0;2;8;10;A01
201500038082;0;7;0;0;2;7;15;A01
201500038082;0;7;0;8;2;3;1;B01
201500038083;0;7;0;0;2;4;0;B01
201500038083;0;7;0;0;2;1;0;A01
201500038084;0;99;0;0;1;1;1;A01
201500038085;0;7;0;8;2;2;15;A01
201500038085;0;30;0;0;2;0;0;B01
201500038086;0;7;0;0;2;2;12;A01
201500038086;0;37;0;0;2;3;7;B01
201500038087;0;7;0;0;2;3;23;A01
201500038087;0;34;0;0;2;1;1;B01
201500038088;0;30;0;0;2;1;5;A01
201500038088;0;7;0;0;2;1;0;B01
201500038089;1;1;0;0;0;0;0;A01
201500038090;0;7;0;0;2;1;1;B01
201500038090;0;2;0;0;2;1;1;A01