num_acc;senc;catv;occutc;obs;obsm;choc;manv;num_veh
201500038091;0;32;0;0;2;1;0;A01
201500038091;0;7;0;0;2;5;0;B01
201500038092;0;30;0;0;2;1;1;B01
201500038092;0;7;0;0;2;3;4;A01
201500038093;0;7;0;0;1;1;1;A01
201500038094;2;7;0;1;0;7;1;A01
201500038095;0;7;0;0;2;8;11;A01
201500038095;0;33;0;0;2;2;1;B01
201500038096;0;7;0;0;2;2;1;A01
201500038096;0;37;26;0;2;3;1;B01
201500038097;1;7;0;0;1;1;1;A01
201500038098;0;10;0;0;2;4;15;B01
201500038098;0;10;0;6;2;1;5;A01
201500038099;0;33;0;0;1;1;0;A01
201500038100;0;7;0;0;2;1;2;A01
201500038100;0;7;0;0;2;4;0;B01
201500038101;0;7;0;1;2;2;1;B01
201500038101;0;32;0;0;2;5;1;C01
201500038101;0;10;0;0;2;1;1;A01
201500038102;0;31;0;0;2;1;0;B01
201500038102;0;7;0;0;2;2;0;A01
201500038103;0;30;0;0;2;1;1;B01
201500038103;0;7;0;0;2;7;15;A01
201500038104;0;7;0;0;2;1;1;A01
201500038104;0;7;0;0;1;1;1;B01
201500038105;0;7;0;0;1;1;0;A01
201500038106;0;7;0;0;1;1;15;A01
201500038107;0;7;0;9;0;2;1;A01
201500038108;0;7;0;1;0;1;0;A01
201500038109;0;7;0;0;2;3;15;A01
201500038109;0;32;0;0;2;1;1;B01
201500038110;0;34;0;0;1;1;1;A01
201500038111;0;7;0;0;1;1;0;A01
201500038112;0;32;0;12;2;7;1;A01
201500038112;1;7;0;0;2;0;0;B01
201500038113;0;2;0;0;0;0;1;A01
201500038114;0;7;0;0;1;1;0;A01
201500038115;0;7;0;0;1;1;1;A01
201500038116;0;7;0;0;2;1;15;A01
201500038116;0;2;0;0;2;1;1;B01
201500038117;0;7;0;0;1;2;0;A01
201500038118;0;10;0;0;1;4;1;A01
201500038119;0;10;0;0;2;3;15;A01
201500038119;0;33;0;0;2;1;1;B01
201500038120;0;1;0;0;2;0;0;B01
201500038120;0;10;0;0;9;0;0;A01
201500038121;0;34;0;1;2;6;1;A01
201500038122;1;2;0;0;1;1;1;A01
201500038123;0;30;0;0;0;2;0;A01
201500038124;0;32;0;0;2;8;1;A01
201500038124;0;7;0;8;2;7;1;B01
201500038125;0;32;0;12;0;0;1;B01
201500038125;0;10;0;0;0;0;14;A01
201500038126;0;7;0;0;1;1;13;A01
201500038127;0;7;0;0;2;7;15;B01
201500038127;0;33;0;0;2;1;1;A01
201500038128;1;7;0;0;1;1;1;A01
201500038129;0;7;0;0;1;0;0;A01
201500038130;0;7;0;0;2;2;1;A01
201500038130;0;1;0;0;2;1;15;B01
201500038131;0;7;0;0;1;3;1;A01
201500038132;0;7;0;0;2;1;1;B02
201500038132;0;10;0;0;2;7;20;A01
201500038133;0;2;0;0;0;0;1;A01
201500038134;0;10;0;0;1;7;16;A01
201500038135;0;33;0;0;2;1;0;B01
201500038136;0;7;0;0;2;1;1;A01
201500038136;0;1;0;0;2;3;19;B01
201500038137;0;1;0;0;2;7;15;B01
201500038137;0;7;0;0;2;1;1;A01
201500038138;0;34;0;0;2;0;1;B01
201500038138;0;7;0;0;2;3;11;A01
201500038139;0;33;0;0;0;8;0;A01
201500038140;0;7;0;0;0;9;24;C01
201500038140;0;7;0;0;2;9;1;A01
201500038141;0;7;0;0;1;1;16;A01
201500038142;0;34;0;0;2;7;9;A01
201500038142;0;7;0;0;2;8;15;B01
201500038143;0;7;0;0;2;2;15;A01
201500038143;0;33;0;0;2;3;1;B01
201500038144;0;30;0;0;0;8;16;A01
201500038145;0;7;0;0;2;4;23;B01
201500038145;0;7;0;0;2;1;2;A01
201500038146;0;1;0;0;2;1;1;A01
201500038146;0;7;0;0;2;1;9;B01
201500038147;0;7;0;0;2;3;15;B01
201500038147;0;37;20;0;2;7;1;A01
201500038148;0;7;0;0;2;6;2;C01
201500038148;0;7;0;0;2;9;2;B01
201500038148;0;7;0;0;2;1;2;A01
201500038149;0;7;0;0;1;4;4;A01
201500038150;0;33;0;0;1;7;1;A01
201500038151;0;7;0;0;1;1;1;A01
201500038152;0;33;0;0;2;1;17;B01
201500038152;0;7;0;0;2;3;15;A01
201500038153;0;7;0;0;1;7;17;A01
201500038154;0;7;0;0;1;3;1;A01
201500038155;0;7;0;;1;1;1;A01
201500038156;0;7;0;0;0;4;2;B01
201500038156;0;2;0;0;2;1;2;A01
201500038157;0;10;0;0;1;1;1;A01
201500038158;0;7;0;0;2;1;2;A01
201500038158;0;32;0;0;2;4;16;B01
201500038159;0;7;0;0;2;8;15;A01
201500038159;0;33;0;0;2;1;1;B01
201500038160;0;33;0;11;0;1;17;A01
201500038161;0;7;0;0;2;3;1;B01
201500038161;0;31;0;0;2;5;1;A01
201500038162;0;32;0;0;0;8;9;A01
201500038163;0;1;0;0;2;1;1;B01
201500038163;0;7;0;0;2;1;0;A01
201500038164;0;32;0;0;1;1;17;A01
201500038165;0;7;0;0;2;4;2;B01
201500038165;0;7;0;0;2;1;2;A01
201500038166;0;31;0;0;0;7;21;A01
201500038167;0;1;0;0;1;1;21;A01
201500038168;0;30;0;0;0;8;1;A01
201500038169;0;30;0;0;2;8;9;A01
201500038170;2;33;0;12;0;1;1;A01
201500038171;0;7;0;0;2;0;20;A01
201500038171;0;1;0;0;2;1;21;B01
201500038172;0;2;0;11;0;1;0;A01
201500038173;0;33;0;0;2;1;1;B01
201500038173;0;7;0;0;2;2;15;A01
201500038174;0;7;0;9;0;9;16;A01
201500038175;0;37;10;0;2;5;17;A01
201500038175;0;1;0;0;2;8;2;B01
201500038176;0;7;0;0;2;2;16;A01
201500038176;0;31;0;0;2;9;1;B01
201500038177;0;7;0;0;1;1;1;A01
201500038178;0;33;0;0;1;7;1;A01
201500038179;0;30;0;0;0;8;1;A01
201500038180;0;7;0;1;0;1;1;A01
201500038181;0;7;0;0;2;4;16;B01
201500038181;0;1;0;0;2;1;2;A01
201500038182;0;31;0;0;1;1;17;A01
201500038183;0;7;0;0;1;3;15;A01
201500038184;0;33;0;0;2;8;1;B01
201500038184;0;32;0;0;2;8;17;A01
201500038184;0;32;0;0;2;1;15;C01
201500038185;0;14;0;0;1;1;16;A01
201500038186;0;7;0;0;2;2;12;A01
201500038186;0;34;0;0;2;7;15;B01
201500038187;0;34;0;0;2;7;2;A01
201500038187;0;7;0;0;2;9;2;B01
201500038187;0;7;0;0;2;4;16;C01
201500038188;0;31;0;0;2;1;1;B01
201500038188;0;7;0;0;2;3;17;A01
201500038189;0;31;0;0;2;1;1;B01
201500038189;0;10;0;0;2;2;15;A01
201500038190;0;7;0;0;2;2;15;A01
201500038190;0;33;0;0;2;7;1;B01
201500038191;0;30;0;0;1;8;1;A01
201500038192;0;10;0;0;1;1;1;A01
201500038193;0;33;0;1;0;1;2;A01
201500038193;0;33;0;0;2;6;23;B01
201500038194;0;7;0;0;1;1;1;A01
201500038195;0;7;0;0;2;7;15;A01
201500038195;0;32;0;0;2;1;1;B01
201500038196;0;7;0;0;2;1;9;B01
201500038196;0;32;0;0;2;1;3;A01
201500038197;0;7;0;12;0;0;0;A01
201500038198;0;33;0;0;2;1;1;B01
201500038198;0;7;0;0;2;3;9;A01
201500038199;0;30;0;9;0;1;1;A01
201500038200;0;37;3;0;2;3;1;B01
201500038200;0;7;0;0;2;0;16;A01
201500038201;0;34;0;0;2;1;2;A01
201500038201;0;7;0;0;0;4;2;B01
201500038202;0;34;0;0;0;0;0;B01
201500038202;0;99;0;0;0;0;2;A01
201500038203;0;2;0;0;0;0;1;A01
201500038204;0;30;0;0;1;1;0;A01
201500038205;0;7;0;0;2;1;9;A01
201500038205;0;30;0;0;2;8;1;B01
201500038206;0;2;0;0;0;0;1;C01
201500038206;0;7;0;0;2;7;9;A01
201500038206;0;34;0;0;2;1;0;B01
201500038207;0;7;0;0;2;1;2;A01
201500038207;0;7;0;0;0;4;2;C01
201500038207;0;7;0;0;2;1;2;B01
201500038208;0;7;0;0;9;7;1;A01
201500038208;0;1;0;0;0;7;19;B01
201500038209;0;7;0;0;1;0;0;A01
201500038210;0;33;0;0;2;1;2;A01
201500038210;0;30;0;0;2;4;2;B01
201500038211;0;7;0;0;0;0;5;C01
201500038211;0;7;0;0;0;0;2;B01
201500038211;0;7;0;0;2;0;0;A01
201500038212;0;20;0;0;0;7;15;A01
201500038213;0;99;0;0;1;0;0;A01
201500038214;0;7;0;0;1;4;4;A01
201500038215;0;34;0;0;0;0;0;B01
201500038215;0;2;0;0;0;2;0;A01
201500038216;0;7;0;0;2;2;15;A01
201500038216;0;33;0;0;2;9;1;B01
201500038217;0;99;0;0;2;8;9;A01
201500038217;0;33;0;0;0;8;3;B01
201500038218;0;7;0;0;1;1;1;A01
201500038219;0;10;0;0;1;2;1;A01
201500038220;0;7;0;0;2;3;1;B01
201500038220;0;33;0;0;2;1;1;A01
201500038221;0;7;0;0;2;1;20;A01
201500038221;0;34;0;0;2;2;1;B01
201500038222;0;7;0;0;2;9;1;B01
201500038222;0;14;0;0;2;1;12;A01
201500038223;0;7;0;0;1;1;0;A01
201500038224;0;30;0;0;1;7;1;A01
201500038225;0;7;0;0;2;1;2;A01
201500038225;0;7;0;0;2;4;2;B01
201500038226;0;30;0;0;0;8;23;A01
201500038227;0;33;0;0;1;3;16;A01
201500038228;0;30;0;0;0;2;1;A01
201500038229;0;7;0;0;2;6;10;A01
201500038229;0;30;0;0;2;1;1;B01
201500038230;0;7;0;0;2;3;10;A01
201500038230;0;34;0;0;2;2;1;B01
201500038231;0;30;0;0;2;9;1;B01
201500038231;0;30;0;0;2;7;16;A01
201500038232;0;7;0;0;2;7;15;A01
201500038232;0;34;0;0;2;3;1;B01
201500038233;0;31;0;0;1;1;1;A01
201500038234;0;34;0;0;1;3;1;A01
201500038234;0;34;0;0;1;3;1;B01
201500038235;0;7;0;0;2;0;13;A01
201500038235;0;34;0;0;1;7;1;B01
201500038236;0;7;0;0;2;4;2;B01
201500038236;0;7;0;0;2;1;2;A01
201500038237;0;7;0;0;2;1;1;B01
201500038237;0;7;0;0;2;2;16;A01
201500038238;0;33;0;0;2;5;1;B01
201500038238;0;7;0;0;2;7;4;A01
201500038239;0;30;0;0;2;8;1;B01
201500038239;0;7;0;0;2;7;1;A01
201500038240;0;33;0;0;1;7;1;A01
201500038241;0;30;0;0;2;1;1;B01
201500038241;0;7;0;0;2;1;15;A01
201500038242;0;32;0;0;2;8;1;B01
201500038243;0;7;0;0;1;2;4;A01
201500038244;0;7;0;0;2;2;15;A01
201500038244;0;33;0;0;2;1;1;B01
201500038245;0;7;0;0;2;1;1;B01
201500038245;0;7;0;0;2;4;23;A01
201500038246;0;7;0;0;1;1;1;A01
201500038247;0;7;0;0;1;1;1;A01
201500038248;0;7;0;0;1;1;1;A01
201500038249;0;31;0;8;0;0;1;A01
201500038250;0;7;0;0;2;7;22;A01
201500038250;0;7;0;0;2;8;24;C01
201500038250;0;1;0;0;2;3;18;B01
201500038251;0;7;0;0;1;1;1;A01
201500038252;0;10;0;1;1;1;21;A01
201500038253;0;33;0;0;2;1;1;A01
201500038253;0;7;0;0;2;6;1;B01
201500038254;0;33;0;0;2;1;1;B01
201500038254;0;7;0;0;2;5;10;A01
201500038255;0;1;0;0;0;0;1;A01
201500038256;1;7;0;0;1;2;1;Z01
201500038257;0;7;0;0;2;2;15;A01
201500038257;0;7;0;0;2;1;1;B01
201500038258;0;30;0;0;0;0;21;A01
201500038258;0;7;0;0;0;0;9;B01
201500038259;0;7;0;0;2;5;16;B01
201500038259;0;30;0;0;2;1;1;A01
201500038260;0;7;0;0;2;3;9;A01
201500038260;0;32;0;0;2;7;1;B01
201500038261;0;7;0;0;1;1;15;A01
201500038262;0;7;0;0;2;3;17;A01
201500038262;0;1;0;0;2;1;1;B01
201500038263;0;32;0;0;2;1;1;B01
201500038263;0;7;0;0;2;1;1;A01
201500038264;0;7;0;0;0;4;2;C01
201500038264;0;7;0;0;0;4;2;D01
201500038264;0;7;0;0;0;1;2;A01
201500038264;0;7;0;0;0;4;2;B01
201500038265;0;7;0;0;1;1;16;A01
201500038266;0;7;0;0;0;4;1;B01
201500038266;0;7;0;0;0;1;1;A01
201500038266;0;7;0;0;1;4;1;C01
201500038267;0;7;0;0;2;8;0;B01
201500038267;0;7;0;0;2;1;0;A01
201500038268;0;34;0;0;0;0;3;B01
201500038268;0;7;0;0;0;0;11;A01
201500038269;0;7;0;0;0;6;2;B01
201500038269;0;34;0;0;2;2;2;A01
201500038270;1;7;0;0;0;4;0;Z01
201500038270;0;33;0;0;2;0;1;A01
201500038271;0;7;0;0;0;6;0;B01
201500038271;0;7;0;0;0;1;5;A01
201500038272;0;31;0;0;0;0;0;A01
201500038273;0;10;0;0;1;2;0;A01
201500038274;0;7;0;0;2;1;0;B01
201500038274;0;10;0;0;2;1;0;A01
201500038275;0;2;0;0;2;1;0;B01
201500038275;0;10;0;0;9;0;10;A01
201500038276;0;7;0;0;2;2;12;B01
201500038276;0;37;1;0;2;3;0;A01
201500038277;0;33;0;0;2;1;0;B01
201500038277;0;7;0;0;2;7;0;A01
201500038278;0;34;0;0;1;1;1;A01
201500038279;0;7;0;0;0;8;2;B01
201500038279;0;2;0;0;2;1;0;A01
201500038280;0;32;0;0;2;2;2;A01
201500038280;0;7;0;0;2;3;9;B01
201500038281;0;7;0;0;0;5;0;A01
201500038281;0;33;0;0;2;1;0;B01
201500038282;0;34;0;0;2;3;1;A01
201500038282;0;7;0;0;2;2;1;B01
201500038283;0;7;0;0;2;5;10;A01
201500038283;0;34;0;0;2;1;0;B01
201500038284;0;32;0;0;2;1;0;B01
201500038284;0;7;0;0;2;7;15;A01
201500038285;0;7;0;0;2;1;0;A01
201500038285;0;7;0;0;2;3;0;B01
201500038286;0;30;0;0;1;3;0;A01
201500038287;0;40;0;15;1;2;0;A01
201500038288;0;32;0;0;2;1;0;B01
201500038288;0;7;0;0;2;3;0;A01
201500038289;0;2;0;0;2;1;1;B01
201500038289;0;7;0;0;2;7;15;A01
201500038290;0;34;0;0;1;1;1;B01
201500038290;0;7;0;0;2;5;15;A01
201500038291;0;7;0;0;2;1;2;A01
201500038291;0;7;0;0;2;4;2;B01
201500038292;0;30;0;0;2;8;1;B01
201500038292;0;7;0;0;2;1;10;A01
201500038293;0;7;0;0;1;1;1;A01
201500038294;0;7;0;0;2;5;1;B01
201500038294;0;30;0;0;2;3;13;A01
201500038295;0;10;0;0;2;1;15;A01
201500038295;0;30;0;0;2;1;1;B01
201500038296;1;7;0;0;2;1;0;B01
201500038296;0;32;0;0;2;1;1;A01
201500038297;0;7;0;0;2;0;9;A01
201500038297;0;1;0;0;2;0;21;B01
201500038298;0;15;0;0;0;7;15;A01
201500038299;0;30;0;0;2;1;17;A01
201500038299;0;7;0;0;2;6;15;B01
201500038300;0;20;0;0;2;5;1;A01
201500038300;0;7;0;0;2;3;1;B01
201500038301;0;32;0;4;0;1;0;A01
201500038302;0;7;0;0;2;7;1;A01
201500038302;0;30;0;0;2;8;11;B01
201500038303;1;7;0;0;0;0;0;Z01
201500038303;0;30;0;0;0;0;21;A01
201500038304;0;7;0;0;2;3;9;A01
201500038304;1;30;0;0;2;1;1;B01
201500038305;0;7;0;0;2;3;9;A01
201500038305;0;33;0;0;2;1;1;B01
201500038306;0;7;0;0;2;4;23;B01
201500038306;0;7;0;0;2;1;2;A01
201500038307;0;34;0;0;2;1;2;A01
201500038307;0;7;0;0;2;5;16;B01
201500038308;0;7;0;0;2;3;1;C01
201500038308;0;7;0;0;2;6;3;B01
201500038308;0;14;0;0;2;5;1;A01
201500038309;0;7;0;0;2;5;15;B01
201500038309;0;34;0;0;2;2;15;A01
201500038310;0;31;0;0;2;2;17;A01
201500038310;0;10;0;0;2;8;15;B01
201500038311;0;10;0;0;2;2;16;B01
201500038311;0;33;0;0;2;3;18;A01
201500038312;0;7;0;0;1;0;0;A01
201500038313;1;7;0;0;1;0;0;Z01
201500038314;0;7;0;0;1;2;1;A01
201500038315;0;33;0;1;2;2;17;A01
201500038315;0;7;0;0;2;8;15;B01
201500038316;0;32;0;0;0;0;0;A01
201500038317;0;10;0;0;2;1;1;A01
201500038317;0;7;0;0;2;6;1;B01
201500038318;0;7;0;0;2;1;2;A01
201500038318;0;7;0;0;2;4;1;C01
201500038318;0;10;0;0;2;4;1;B01
201500038319;0;1;0;0;2;7;3;A01
201500038319;0;7;0;0;9;8;1;B01
201500038320;2;7;0;0;2;7;0;A01
201500038320;0;34;0;0;2;1;1;B01
201500038321;0;7;0;2;0;0;0;A01
201500038322;0;7;0;0;2;1;12;A01
201500038322;0;2;0;0;0;6;1;B01
201500038323;0;7;0;0;2;4;23;B01
201500038323;0;7;0;0;2;1;2;A01
201500038324;0;7;0;0;2;1;15;A01
201500038324;0;33;0;0;2;1;1;B01
201500038325;0;7;0;0;1;1;1;A01
201500038326;0;10;0;0;1;1;1;A01
201500038327;0;15;0;12;0;7;15;A01
201500038328;0;10;0;0;2;3;15;B01
201500038328;0;32;0;0;2;1;17;A01
201500038329;0;31;0;0;2;3;17;A01
201500038329;0;7;0;0;2;8;1;C01
201500038329;0;7;0;0;2;3;1;B01
201500038330;2;34;0;0;1;3;1;A01
201500038331;0;32;0;0;2;1;2;A01
201500038331;0;7;0;0;2;4;2;B01
201500038332;0;7;0;0;1;4;23;B01
201500038332;0;14;0;0;2;1;2;A01
201500038333;0;7;0;0;2;4;2;C01
201500038333;0;7;0;0;2;1;2;A01
201500038333;0;7;0;0;2;4;2;B01
201500038334;0;32;0;14;0;2;18;A01
201500038335;0;7;0;8;0;2;0;A01
201500038336;0;7;0;0;2;2;15;A01
201500038336;0;34;0;0;2;1;1;B01
201500038337;0;32;0;0;2;0;0;B01
201500038337;0;7;0;0;2;1;1;A01
201500038337;0;7;0;0;2;4;1;C01
201500038338;0;33;0;14;0;1;0;A01
201500038339;0;34;0;0;1;1;1;A01
201500038340;0;33;0;0;0;0;0;A01
201500038341;0;33;0;12;0;1;0;A01
201500038342;0;7;0;0;2;3;1;A01
201500038342;0;10;0;0;2;2;15;B01
201500038343;0;30;0;0;2;1;21;A01
201500038343;0;7;0;0;2;3;15;B01
201500038344;0;7;0;0;2;7;16;A01
201500038344;0;37;2;0;2;3;16;B01
201500038345;0;33;0;1;2;1;21;A01
201500038345;0;7;0;0;2;4;11;B01
201500038346;0;2;0;0;2;4;2;B01
201500038346;0;7;0;0;9;1;2;A01
201500038347;0;7;0;0;9;1;1;A01
201500038347;0;1;0;0;2;3;19;B01
201500038348;0;7;0;0;2;3;1;B01
201500038348;0;2;0;0;2;1;17;A01
201500038349;0;7;0;0;2;3;1;B01
201500038349;0;7;0;0;2;5;16;A01
201500038350;0;7;0;14;0;2;0;A01
201500038351;0;1;0;12;0;2;14;A01
201500038352;0;7;0;0;2;3;9;A01
201500038352;0;7;0;0;2;3;1;B01
201500038353;0;32;0;0;2;1;1;B01
201500038353;0;7;0;0;2;7;15;A01
201500038354;0;7;0;0;2;1;9;A01
201500038354;0;1;0;0;2;8;1;B01
201500038355;0;7;0;0;1;1;15;A01
201500038356;0;7;0;0;2;2;1;B01
201500038356;0;7;0;0;2;5;1;A01
201500038357;1;13;0;0;2;6;13;Z01
201500038357;0;33;0;0;2;7;1;A01
201500038358;0;7;0;9;0;1;0;A01
201500038359;0;2;0;0;2;1;5;A01
201500038359;0;7;0;0;2;8;1;B01
201500038360;0;7;0;0;1;3;1;A01
201500038361;0;7;0;0;1;7;1;A01
201500038362;0;10;0;2;0;3;16;A01
201500038363;0;32;0;12;0;0;14;A01
201500038364;0;30;0;0;2;3;3;A01
201500038364;0;7;0;0;2;5;23;B01
201500038365;0;1;0;0;2;3;1;B01
201500038365;0;7;0;0;9;2;16;A01
201500038366;0;10;0;0;2;3;15;B01
201500038366;0;30;0;0;2;1;17;A01
201500038366;0;7;0;0;2;8;1;C01
201500038367;0;32;0;12;0;2;14;A01
201500038368;0;7;0;0;2;1;1;C01
201500038368;0;3;0;0;2;6;1;B01
201500038368;0;14;0;0;2;2;14;A01
201500038369;0;7;0;0;2;7;15;A01
201500038369;0;34;0;0;2;1;1;B01
201500038370;0;7;0;0;2;2;15;A01
201500038370;0;30;0;0;2;0;1;B01
201500038371;0;7;0;0;2;4;0;B01
201500038371;0;7;0;0;2;1;2;A01
201500038372;0;7;0;0;2;2;1;A01
201500038372;0;7;0;0;2;3;9;B01
201500038373;0;1;0;0;2;0;0;B01
201500038373;1;7;0;0;2;0;0;A01
201500038374;0;10;0;0;2;7;1;B01
201500038374;0;7;0;0;2;1;1;A01
201500038375;0;30;0;0;1;3;18;A01
201500038376;0;34;0;0;0;0;0;A01
201500038377;0;32;0;0;2;1;1;B01
201500038377;0;7;0;0;2;2;15;A01
201500038378;0;30;0;0;2;7;1;A01
201500038378;0;7;0;0;2;2;15;B01
201500038379;0;7;0;0;2;3;1;B01
201500038379;0;32;0;0;2;2;16;A01
201500038380;0;10;0;0;2;3;15;A01
201500038380;0;33;0;0;2;1;1;B01
201500038381;0;30;0;0;0;0;0;A01
201500038382;0;10;0;0;2;2;1;B01
201500038382;0;10;0;0;2;8;11;A01
201500038383;0;30;0;0;1;1;0;A01
201500038384;0;7;0;8;0;1;0;A01
201500038385;0;7;0;0;1;1;16;A01
201500038386;1;30;0;0;1;0;0;Z01
201500038387;0;7;0;0;2;2;1;B01
201500038387;0;40;0;0;2;3;1;A01
201500038388;0;7;0;0;2;4;4;A01
201500038388;0;7;0;0;2;1;1;B01
201500038389;0;7;0;0;1;2;1;A01
201500038390;0;33;0;0;2;8;0;A01
201500038390;0;7;0;0;2;7;14;B01
201500038391;0;7;0;0;1;1;1;A01
201500038392;1;7;0;0;1;0;0;Z01
201500038393;0;32;0;14;0;0;0;A01
201500038394;0;7;0;0;1;6;21;A01
201500038395;0;7;0;0;2;3;15;A01
201500038395;0;32;0;0;2;3;1;B01
201500038396;0;7;0;1;0;1;1;A01
201500038397;0;7;0;0;2;1;15;A01
201500038397;0;34;0;0;2;1;1;B01
201500038398;0;30;0;0;2;7;1;B01
201500038398;0;7;0;0;2;3;15;A01
201500038399;0;7;0;0;2;3;15;A01
201500038399;0;32;0;0;2;2;1;B01
201500038400;0;7;0;0;1;1;15;A01
201500038401;0;31;0;0;2;1;1;A01
201500038401;0;7;0;0;2;4;1;B01
201500038402;0;7;0;0;2;1;16;A01
201500038402;0;7;0;0;2;7;1;B01
201500038403;0;30;0;0;2;1;1;B01
201500038403;0;10;0;0;2;2;15;A01
201500038404;0;30;0;0;0;1;1;A01
201500038405;0;33;0;14;0;1;1;A01
201500038406;0;7;0;0;9;1;9;A01
201500038406;0;1;0;0;2;0;1;B01
201500038407;0;7;0;0;2;1;1;A01
201500038407;0;13;0;0;0;4;23;B01
201500038408;0;7;0;9;2;7;15;A01
201500038408;0;7;0;9;2;3;1;B01
201500038409;0;33;0;0;1;1;1;A01
201500038410;0;7;0;14;0;1;16;A01
201500038411;0;32;0;0;1;1;1;A01
201500038412;0;10;0;0;2;3;9;A01
201500038412;0;7;0;0;2;2;1;B01
201500038413;0;37;1;0;1;2;1;A01
201500038414;0;37;10;0;2;0;1;C01
201500038414;0;30;0;0;2;1;1;A01
201500038414;0;10;0;0;2;4;1;B01
201500038415;0;2;0;0;0;1;1;A01
201500038416;0;7;0;0;2;3;1;B01
201500038416;0;1;0;0;2;1;1;A01
201500038417;0;7;0;0;2;8;9;A01
201500038417;0;2;0;0;2;1;1;B01
201500038418;0;99;0;0;2;8;1;A01
201500038418;0;33;0;0;2;1;15;B01
201500038419;0;10;0;0;2;2;20;A01
201500038419;0;2;0;0;2;7;1;B01
201500038420;0;37;1;0;2;4;23;B01
201500038420;0;7;0;0;2;1;1;A01
201500038421;0;7;0;0;2;1;1;B01
201500038421;0;7;0;0;2;6;9;A01
201500038422;0;7;0;0;1;1;1;A01
201500038423;0;7;0;0;1;1;1;A01
201500038424;0;31;0;0;2;8;11;B01
201500038424;0;10;0;0;2;7;12;A01
201500038425;0;7;0;0;2;5;16;B01
201500038425;0;2;0;0;2;8;1;A01
201500038426;0;7;0;0;2;3;16;B01
201500038426;0;7;0;0;2;9;1;A01
201500038427;0;7;0;0;2;4;1;B01
201500038427;0;7;0;0;2;1;1;A01
201500038428;0;7;0;15;0;1;1;A01
201500038429;0;7;0;0;2;1;1;A01
201500038429;0;7;0;0;2;8;16;B01
201500038430;0;33;0;9;2;1;1;A01
201500038431;0;1;0;0;2;0;1;B01
201500038431;0;10;0;0;2;3;23;A01
201500038432;0;10;0;0;1;3;1;A01
201500038433;0;7;0;9;0;1;1;A01
201500038434;0;37;0;1;2;8;1;B01
201500038434;0;7;0;0;2;2;1;A01
201500038435;0;7;0;0;2;7;1;A01
201500038435;0;2;0;0;2;0;1;B01
201500038436;0;17;0;0;2;0;0;A01
201500038436;0;1;0;0;2;4;1;B01
201500038437;0;33;0;0;2;8;0;A01
201500038437;0;10;0;0;2;0;0;B01
201500038438;0;7;0;0;1;1;1;A01
201500038439;0;7;0;0;1;1;15;A01
201500038440;0;7;0;0;1;1;1;A01
201500038441;0;10;0;0;2;3;15;B01
201500038441;0;31;0;0;2;7;1;A01
201500038442;0;31;0;0;2;3;1;B01
201500038442;0;7;0;0;2;3;15;A01
201500038443;0;7;0;0;2;1;1;A01
201500038443;0;7;0;0;2;7;0;B01
201500038444;0;7;0;0;2;1;15;A01
201500038444;0;34;0;0;2;2;1;B01
201500038445;0;7;0;1;0;2;14;A01
201500038445;0;7;0;0;0;6;24;B01
201500038446;0;34;0;5;0;1;2;A01
201500038447;0;13;0;2;0;1;6;A01
201500038448;0;7;0;0;2;1;1;A01
201500038448;0;33;0;0;2;4;1;B01
201500038449;0;7;0;0;1;1;1;A01
201500038450;0;31;0;0;2;1;1;A01
201500038450;0;7;0;0;2;7;15;B01
201500038451;0;7;0;0;2;2;15;A01
201500038451;0;33;0;0;2;3;1;B01
201500038452;0;7;0;0;2;4;15;A01
201500038452;0;1;0;0;2;1;1;B01
201500038453;0;31;0;0;1;1;1;A01
201500038454;0;7;0;0;1;1;1;A01
201500038455;0;33;0;9;0;1;1;A01
201500038456;0;32;0;0;0;7;0;A01
201500038457;0;10;0;9;0;3;1;A01
201500038458;0;1;0;0;0;0;1;A01
201500038459;0;33;0;0;0;1;1;A01
201500038460;0;33;0;0;0;1;1;A01
201500038461;0;7;0;0;1;1;1;A01
201500038462;0;30;0;0;1;1;3;A01
201500038463;0;7;0;0;0;0;1;A01
201500038463;0;34;0;0;0;7;1;B01
201500038464;0;7;0;0;2;4;4;A01
201500038464;0;30;0;0;2;1;0;B01
201500038465;0;7;0;0;1;5;1;A01
201500038466;0;7;0;1;2;2;1;B01
201500038466;0;7;0;0;2;1;1;A01
201500038467;0;7;0;1;2;1;13;A01
201500038467;0;7;0;0;2;1;1;B01
201500038468;0;7;0;0;2;1;1;A01
201500038468;0;7;0;0;2;6;1;B01
201500038469;0;10;0;0;2;5;20;A01
201500038469;0;32;0;0;2;1;1;B01
201500038470;0;7;0;0;0;3;1;A01
201500038470;0;33;0;0;2;7;1;B01
201500038471;0;37;0;0;1;0;0;A01
201500038472;0;10;0;0;2;0;0;A01
201500038472;0;1;0;0;2;0;0;B01
201500038473;0;7;0;0;1;4;4;A01
201500038474;0;30;0;8;0;1;1;A01
201500038474;0;7;0;0;0;0;1;B01
201500038475;0;37;0;0;1;2;1;A01
201500038476;0;7;0;0;2;1;1;A01
201500038476;0;1;0;0;2;4;1;B02
201500038477;0;33;0;0;1;7;1;A01
201500038477;0;7;0;0;2;7;1;B01