num_acc;senc;catv;occutc;obs;obsm;choc;manv;num_veh
201500038884;0;7;0;0;2;2;1;A01
201500038885;2;7;0;0;2;1;1;B01
201500038886;0;7;0;0;2;1;1;A01
201500038886;0;7;0;0;2;7;10;B01
201500038887;0;34;0;0;2;1;17;B01
201500038887;0;7;0;0;2;3;10;A01
201500038888;0;33;0;0;2;1;17;B01
201500038888;0;7;0;0;2;6;15;A01
201500038889;0;7;0;0;2;1;2;A01
201500038889;0;7;0;0;2;4;2;B01
201500038890;0;7;0;0;1;2;1;A01
201500038891;0;7;0;0;2;2;16;B01
201500038891;0;32;0;0;2;1;18;A01
201500038892;1;32;0;0;2;1;1;A01
201500038892;0;7;0;0;2;6;2;B01
201500038893;0;14;0;0;2;1;1;A01
201500038893;0;10;0;0;2;3;1;B01
201500038894;0;32;0;3;0;1;1;A01
201500038895;0;7;0;0;1;3;13;A01
201500038896;0;7;0;0;2;0;1;A01
201500038896;0;32;0;0;0;8;1;B01
201500038897;0;7;0;0;1;0;0;A01
201500038898;0;7;0;0;2;3;11;A01
201500038898;0;31;0;0;2;5;17;B01
201500038899;0;30;0;0;2;1;2;B01
201500038899;0;7;0;0;2;6;15;A01
201500038900;0;7;0;0;2;8;11;A01
201500038900;0;30;0;0;2;7;2;B01
201500038901;0;7;0;0;2;1;1;B01
201500038901;0;7;0;0;2;7;1;A01
201500038902;0;7;0;0;1;2;2;A01
201500038903;0;7;0;0;2;8;1;C01
201500038903;0;32;0;0;2;1;1;B01
201500038903;0;7;0;0;2;3;11;A01
201500038904;0;33;0;0;2;3;2;B01
201500038904;0;7;0;0;2;3;15;A01
201500038905;0;7;0;0;2;3;1;B01
201500038905;0;7;0;0;2;3;1;A01
201500038906;0;10;0;0;1;5;1;A01
201500038907;0;7;0;0;1;2;1;A01
201500038908;1;99;0;0;2;0;0;Z01
201500038908;0;33;0;0;2;0;3;B01
201500038909;0;7;0;0;2;1;1;A01
201500038909;0;7;0;0;2;4;1;B01
201500038910;0;7;0;0;1;3;0;A01
201500038911;0;7;0;0;1;0;0;A01
201500038912;0;31;0;0;2;1;2;A01
201500038912;0;7;0;0;2;4;23;B01
201500038913;0;30;0;4;0;1;1;A01
201500038914;0;7;0;0;2;4;16;C02
201500038914;0;7;0;0;2;1;2;A01
201500038914;0;7;0;0;4;9;2;B02
201500038915;0;7;0;0;1;1;1;A01
201500038916;0;33;0;0;2;1;12;B01
201500038916;1;7;0;0;2;4;15;Z01
201500038917;0;7;0;0;1;3;1;A01
201500038918;0;7;0;1;0;1;1;A01
201500038919;0;7;0;0;0;0;0;B01
201500038919;0;32;0;0;0;0;0;A01
201500038920;0;10;0;0;2;1;15;A01
201500038920;0;30;0;0;2;1;1;B01
201500038921;0;33;0;0;2;1;1;B01
201500038921;0;15;0;0;2;2;15;A01
201500038922;0;7;0;0;1;3;1;A01
201500038923;0;37;29;0;2;3;2;A01
201500038923;0;7;0;0;2;5;2;B01
201500038924;0;7;0;0;1;2;15;A01
201500038925;1;37;1;0;1;0;2;A01
201500038926;0;7;0;0;1;1;1;A01
201500038927;0;7;0;0;1;2;1;A01
201500038928;1;7;0;0;2;1;1;Z01
201500038928;0;7;0;0;2;4;2;A01
201500038929;0;33;0;9;0;7;16;A01
201500038930;0;7;0;0;1;2;2;A01
201500038931;0;33;0;12;0;7;0;A01
201500038932;0;7;0;0;1;4;20;A01
201500038933;0;7;0;0;2;8;10;A01
201500038933;0;31;0;0;2;1;1;B01
201500038934;0;7;0;0;2;2;9;A01
201500038934;0;33;0;0;2;1;1;B01
201500038935;0;7;0;0;2;7;1;A01
201500038935;0;33;0;0;2;6;1;B01
201500038936;0;32;0;0;2;1;2;B01
201500038936;0;7;0;0;2;4;2;A01
201500038937;0;7;0;0;1;1;1;A01
201500038938;0;31;0;0;2;1;0;A01
201500038938;1;2;0;0;2;0;1;Z01
201500038939;0;2;0;0;2;1;1;B01
201500038939;0;10;0;0;2;5;10;A01
201500038940;0;10;0;0;2;1;2;A01
201500038940;0;7;0;0;2;4;2;B01
201500038941;1;10;0;0;2;8;2;Z01
201500038941;0;32;0;0;2;7;3;A01
201500038942;0;7;0;0;1;1;2;A01
201500038943;0;7;0;0;1;2;16;A01
201500038944;0;7;0;0;1;1;1;A01
201500038945;0;7;0;0;1;1;1;A01
201500038946;0;32;0;0;2;7;19;A01
201500038946;1;7;0;0;2;1;0;Z01
201500038947;0;7;0;1;0;4;4;A01
201500038947;0;34;0;0;2;8;24;B01
201500038948;0;7;0;0;1;2;1;A01
201500038949;0;2;0;1;0;7;1;A01
201500038950;0;7;0;0;2;7;15;A01
201500038950;0;1;0;0;2;1;1;B01
201500038951;0;30;0;0;2;0;0;A01
201500038951;0;7;0;0;2;2;0;B01
201500038952;0;2;0;0;1;1;1;A01
201500038953;0;33;0;0;2;3;1;B01
201500038953;0;10;0;0;2;2;15;A01
201500038954;0;2;0;1;0;1;2;A01
201500038955;0;1;0;1;0;2;1;B01
201500038955;0;7;0;0;2;8;24;A01
201500038956;0;10;0;0;2;8;13;A01
201500038956;0;7;0;0;2;8;1;B01
201500038957;1;99;0;0;1;0;0;Z01
201500038958;0;7;0;0;2;0;0;B01
201500038958;0;33;0;0;2;0;0;A01
201500038959;0;7;0;0;2;2;1;B01
201500038959;0;7;0;0;2;1;16;A01
201500038960;0;7;0;0;2;3;21;A01
201500038960;0;31;0;0;2;2;3;B01
201500038961;0;7;0;0;2;2;15;A01
201500038961;0;2;0;0;2;1;1;B01
201500038962;0;1;0;0;2;2;12;A01
201500038962;0;7;0;0;2;3;1;B01
201500038963;0;33;0;0;2;2;3;A01
201500038963;0;7;0;0;2;3;1;C01
201500038963;0;7;0;0;2;2;1;B01
201500038964;0;7;0;0;1;4;4;A01
201500038965;0;7;0;0;2;2;16;A01
201500038965;0;33;0;0;2;3;1;B01
201500038966;0;7;0;0;1;1;1;A01
201500038967;0;7;0;0;2;3;15;A01
201500038967;0;2;0;0;2;7;2;B01
201500038968;0;7;0;0;2;1;2;A01
201500038968;0;7;0;0;2;4;2;B01
201500038969;0;7;0;0;2;2;0;A01
201500038969;0;2;0;0;2;1;0;B01
201500038970;0;7;0;0;2;1;1;B02
201500038970;0;7;0;0;2;5;15;A01
201500038971;0;7;0;0;2;4;1;A01
201500038971;0;30;0;0;2;1;1;B01
201500038972;0;32;0;0;2;1;1;B01
201500038972;0;7;0;0;2;7;10;A01
201500038973;0;34;0;0;2;1;1;B01
201500038973;0;7;0;0;2;8;10;A01
201500038974;0;2;0;0;1;2;0;A01
201500038975;0;34;0;0;1;0;0;A01
201500038976;0;7;0;0;2;3;15;B01
201500038976;0;2;0;0;2;2;17;A01
201500038977;0;7;0;0;2;2;23;A01
201500038977;0;7;0;0;2;6;23;B01
201500038978;0;7;0;0;2;7;0;A01
201500038978;0;7;0;0;2;1;0;B01
201500038979;0;1;0;0;1;1;1;A01
201500038980;0;7;0;0;2;4;2;C01
201500038980;0;7;0;0;2;4;2;B01
201500038980;0;2;0;0;2;1;2;A01
201500038980;0;7;0;0;2;4;2;D01
201500038981;0;7;0;0;1;1;1;A01
201500038982;0;7;0;0;2;3;20;B01
201500038982;0;2;0;0;2;1;1;A01
201500038983;0;7;0;0;2;4;1;B01
201500038983;0;34;0;0;2;1;21;A01
201500038984;0;2;0;0;1;1;5;A01
201500038985;0;7;0;0;1;1;0;A01
201500038986;0;7;0;0;2;6;2;B01
201500038986;0;2;0;0;2;2;2;A01
201500038987;0;33;0;0;2;1;2;B01
201500038987;0;7;0;0;2;3;1;A01
201500038988;0;7;0;0;2;1;2;A01
201500038988;0;7;0;0;2;4;2;B01
201500038989;0;7;0;0;2;4;2;C01
201500038989;0;10;0;0;2;1;2;A01
201500038989;0;33;0;0;2;4;2;B01
201500038990;0;7;0;1;2;1;2;A01
201500038990;0;33;0;0;2;7;23;D01
201500038990;0;34;0;0;2;4;23;C01
201500038990;0;33;0;0;2;4;23;B01
201500038991;0;33;0;0;2;3;1;B01
201500038991;0;7;0;0;2;5;12;A01
201500038992;0;10;0;0;1;4;4;A01
201500038993;0;7;0;0;2;2;16;B01
201500038993;0;34;0;0;2;8;0;A01
201500038994;0;7;0;0;1;2;12;A01
201500038994;0;33;0;0;2;0;16;B01
201500038995;0;7;0;0;2;4;2;B01
201500038995;0;7;0;0;2;1;2;A01
201500038996;0;1;0;0;0;0;2;A01
201500038997;0;10;0;0;1;4;4;A01
201500038998;0;7;0;0;2;8;15;A01
201500038998;0;31;0;0;2;7;1;B01
201500038999;0;7;0;0;2;2;20;A01
201500038999;0;34;0;0;2;8;1;B01
201500039000;0;7;0;0;2;1;2;A01
201500039000;0;2;0;0;2;4;12;B01
201500039001;0;7;0;0;1;8;0;A01
201500039002;0;33;0;0;2;1;1;B01
201500039002;0;7;0;0;2;3;11;A01
201500039003;0;7;0;0;2;1;2;A01
201500039003;0;7;0;0;2;4;2;B01
201500039003;0;7;0;0;2;4;2;C01
201500039004;0;7;0;0;2;1;0;A01
201500039004;0;7;0;0;2;8;15;B01
201500039005;0;7;0;0;2;3;10;A01
201500039005;0;33;0;0;2;1;2;B01
201500039006;0;34;0;8;2;1;19;A01
201500039006;0;7;0;0;2;1;0;B01
201500039007;0;34;0;0;2;1;1;B01
201500039007;0;7;0;0;2;3;9;A01
201500039008;0;7;0;0;2;7;17;A01
201500039008;0;1;0;0;2;8;2;B01
201500039009;0;34;0;0;2;2;1;B01
201500039009;0;7;0;0;2;2;9;A01
201500039010;0;7;0;0;2;8;11;A01
201500039010;0;34;0;0;2;7;1;B01
201500039011;0;7;0;0;2;3;19;B01
201500039011;0;2;0;0;2;1;17;A01
201500039012;0;7;0;0;2;3;20;A01
201500039012;0;31;0;0;2;1;0;B01
201500039013;0;1;0;1;0;1;0;A01
201500039013;0;7;0;0;2;8;22;B01
201500039014;0;2;0;0;1;1;1;A01
201500039015;0;10;0;0;2;1;15;B01
201500039015;0;33;0;8;2;8;1;A01
201500039016;0;7;0;0;1;1;1;A01
201500039017;0;7;0;0;2;1;19;A01
201500039017;0;7;0;0;2;7;19;B01
201500039018;0;7;0;0;2;7;1;B01
201500039018;0;34;0;0;2;1;9;A01
201500039019;0;7;0;0;2;4;1;C02
201500039019;0;7;0;0;2;4;1;B02
201500039019;0;33;0;0;2;9;1;A01
201500039020;0;7;0;0;2;4;1;B01
201500039020;0;33;0;0;2;1;2;A01
201500039021;0;33;0;0;2;1;0;B01
201500039021;0;7;0;0;2;2;15;A01
201500039022;0;10;0;0;2;4;23;B02
201500039022;0;30;0;0;2;1;2;A01
201500039023;0;7;0;0;2;2;16;B01
201500039023;0;30;0;0;2;1;18;A01
201500039024;0;7;0;0;1;4;4;A01
201500039025;0;10;0;0;2;2;15;A01
201500039025;0;32;0;0;2;1;0;B01
201500039026;0;33;0;1;2;0;1;B01
201500039026;0;7;0;0;2;6;9;A01
201500039027;0;7;0;0;1;1;1;A01
201500039028;0;7;0;1;0;1;1;A01
201500039029;0;7;0;0;1;1;1;A01
201500039030;0;7;0;0;2;7;1;B01
201500039030;0;34;0;0;2;1;1;A01
201500039031;0;34;0;0;2;4;2;A01
201500039031;0;10;0;0;2;1;2;B01
201500039032;0;7;0;0;2;8;1;B01
201500039032;0;33;0;0;2;1;20;A01
201500039033;0;7;0;0;2;7;19;A01
201500039033;0;33;0;0;2;1;1;B01
201500039034;0;7;0;0;1;1;15;A01
201500039035;0;7;0;1;0;0;0;A01
201500039036;0;7;0;0;1;1;16;A01
201500039037;0;7;0;0;1;2;1;A01
201500039038;0;7;0;0;2;8;2;A01
201500039038;0;7;0;0;2;1;15;B01
201500039039;0;33;0;0;1;1;1;A01
201500039040;0;7;0;0;1;1;5;A01
201500039041;0;7;0;0;2;3;15;A01
201500039041;0;2;0;0;2;1;1;B01
201500039042;0;7;0;0;2;7;12;A01
201500039042;0;33;0;0;2;8;1;B01
201500039043;0;33;0;0;9;8;2;A01
201500039044;0;7;0;0;2;1;0;A01
201500039044;0;33;0;0;2;8;2;B01
201500039045;0;7;0;0;1;3;16;A01
201500039046;0;7;0;0;2;1;0;A01
201500039046;0;7;0;0;2;1;0;B01
201500039046;0;33;0;14;9;7;0;C01
201500039047;0;7;0;0;1;1;1;A01
201500039048;0;7;0;0;1;1;0;A01
201500039049;0;7;0;0;2;7;0;A01
201500039049;0;33;0;0;2;7;0;B01
201500039050;0;33;0;0;2;1;2;A01
201500039050;0;7;0;0;2;4;1;B01
201500039051;0;2;0;0;1;2;1;A01
201500039052;0;7;0;0;2;1;1;A01
201500039052;0;99;0;0;2;9;19;B01
201500039053;0;2;0;0;1;1;1;A01
201500039054;0;7;0;9;2;9;1;A01
201500039054;0;7;0;0;2;1;1;B01
201500039055;0;7;0;0;2;2;16;A01
201500039055;0;34;0;0;2;1;1;B01
201500039056;0;2;0;0;2;7;3;A01
201500039056;0;7;0;0;2;7;1;B01
201500039057;0;7;0;0;2;2;9;A01
201500039057;0;34;0;0;2;1;3;B01
201500039058;0;2;0;0;1;2;1;A01
201500039059;0;33;0;12;0;1;21;A01
201500039060;0;7;0;0;2;3;15;A01
201500039060;0;31;0;0;2;1;1;B01
201500039061;0;1;0;0;2;1;1;B01
201500039061;0;7;0;0;2;8;22;A01
201500039062;0;7;0;0;2;6;1;B01
201500039062;0;2;0;0;2;2;2;A01
201500039063;0;7;0;0;1;1;1;A01
201500039064;0;7;0;0;1;1;1;A01
201500039065;0;7;0;0;1;1;1;A01
201500039066;0;7;0;0;2;3;1;A01
201500039066;0;7;0;0;2;5;1;B01
201500039067;0;33;0;0;2;1;17;A01
201500039067;0;7;0;0;2;6;1;B01
201500039068;0;7;0;0;2;1;1;A01
201500039068;0;7;0;0;2;4;2;B01
201500039069;0;2;0;0;2;8;18;A01
201500039069;0;7;0;0;2;7;1;B01
201500039070;0;7;0;0;2;2;15;A01
201500039070;0;34;0;0;2;1;1;B01
201500039071;0;7;0;0;2;4;0;A01
201500039071;0;7;0;0;2;4;0;B01
201500039072;0;7;0;0;2;2;0;A01
201500039072;0;33;0;0;2;8;0;B01
201500039073;0;7;0;0;2;1;0;A01
201500039073;0;33;0;0;2;3;0;B01
201500039074;0;7;0;0;2;1;0;A01
201500039074;0;7;0;0;2;4;0;B01
201500039075;0;7;0;0;2;4;0;A01
201500039075;0;7;0;0;2;1;0;C01
201500039075;0;7;0;0;2;6;0;B01
201500039076;0;7;0;0;1;3;0;A01
201500039077;0;7;0;0;2;1;16;B01
201500039077;0;30;0;0;2;1;15;A01
201500039078;0;7;0;0;1;1;0;A01
201500039079;0;7;0;0;2;1;0;A01
201500039079;0;7;0;0;2;4;0;B01
201500039080;0;37;1;0;1;1;0;A01
201500039081;0;7;0;4;2;4;23;B01
201500039081;0;10;0;0;2;1;1;A01
201500039082;0;7;0;0;2;1;15;A01
201500039082;0;1;0;0;2;9;1;B01
201500039083;0;30;0;0;0;0;16;A01
201500039084;0;7;0;0;2;4;1;C01
201500039084;0;7;0;0;2;1;1;A01
201500039084;0;7;0;0;2;1;1;B01
201500039085;0;34;0;0;0;8;1;A01
201500039086;0;7;0;0;2;3;15;B01
201500039086;0;33;0;0;2;8;1;A01
201500039087;0;7;0;0;2;5;10;A01
201500039087;0;31;0;0;2;1;1;B01
201500039088;0;34;0;0;2;1;0;A01
201500039088;0;32;0;0;2;4;1;B01
201500039089;0;7;0;0;1;1;15;A01
201500039090;0;33;0;0;9;9;1;A01
201500039091;0;7;0;0;2;2;15;A01
201500039091;0;2;0;0;2;1;1;B01
201500039092;2;31;0;1;0;1;2;A01
201500039092;0;7;0;0;2;4;23;B01
201500039093;0;10;0;0;1;1;15;A01
201500039094;0;7;0;0;2;3;0;B01
201500039094;0;30;0;0;2;1;0;A01
201500039095;0;7;0;0;2;3;15;B01
201500039095;0;32;0;0;2;2;1;A01
201500039096;0;7;0;0;2;1;1;A01
201500039096;0;7;0;0;2;4;1;B01
201500039097;0;10;0;0;1;4;4;A01
201500039098;0;10;0;0;2;4;4;A01
201500039098;0;30;0;0;2;1;1;B01
201500039099;0;7;0;8;0;1;1;A01
201500039100;0;34;0;0;1;1;1;A01
201500039101;0;7;0;6;1;1;1;A01
201500039102;0;1;0;0;2;4;1;B01
201500039102;1;7;0;0;2;1;9;Z01
201500039103;0;7;0;0;2;1;1;A01
201500039103;0;1;0;0;2;8;15;B01
201500039104;0;30;0;0;1;1;1;A01
201500039105;0;7;0;0;2;3;9;B01
201500039105;0;31;0;0;2;2;1;A01
201500039106;0;7;0;0;2;8;16;B01
201500039106;0;15;0;0;2;7;16;A01
201500039107;0;7;0;0;2;1;9;A01
201500039107;0;7;0;0;2;3;1;B01
201500039108;0;7;0;0;2;8;17;A01
201500039108;0;7;0;0;2;6;1;B01
201500039109;0;37;1;0;1;7;9;A01
201500039110;0;30;0;0;0;7;1;A01
201500039111;0;7;0;6;0;1;1;A01
201500039112;0;30;0;12;0;1;1;A01
201500039113;0;33;0;0;2;1;1;A01
201500039113;0;7;0;0;2;3;15;B01
201500039114;0;1;0;0;2;1;19;A01
201500039114;0;7;0;0;2;7;1;B01
201500039115;0;7;0;0;1;3;0;A01
201500039116;0;7;0;0;2;2;1;A01
201500039116;0;32;0;0;2;3;9;B01
201500039117;0;7;0;0;1;3;1;A01
201500039118;0;30;0;0;2;8;19;A01
201500039118;0;32;0;0;2;1;1;B01
201500039119;1;7;0;0;0;;;Z01
201500039119;0;30;0;0;2;1;1;A01
201500039120;0;7;0;0;2;4;1;B01
201500039120;0;2;0;0;2;1;1;A01
201500039121;0;7;0;0;2;7;1;A01
201500039121;0;14;0;0;2;4;4;B01
201500039122;0;7;0;0;2;8;9;B01
201500039122;0;30;0;0;2;1;1;A01
201500039123;0;7;0;0;2;1;1;A01
201500039123;0;7;0;0;2;3;15;B01
201500039124;0;33;0;0;2;1;1;A01
201500039124;0;7;0;0;2;7;15;B01
201500039125;0;7;0;0;1;2;1;A01
201500039126;0;1;0;0;0;8;0;A01
201500039127;0;7;0;0;1;2;1;A01
201500039128;0;33;0;0;0;7;1;A01
201500039129;0;7;0;0;2;4;1;B01
201500039129;0;7;0;0;2;1;1;A01
201500039130;0;7;0;0;2;3;16;B01
201500039130;0;34;0;0;2;1;1;A01
201500039131;0;7;0;0;2;1;16;A01
201500039131;0;7;0;1;2;7;1;B01
201500039132;0;7;0;0;2;7;15;B01
201500039132;0;7;0;0;2;3;24;C01
201500039132;0;33;0;1;2;1;1;A01
201500039133;0;7;0;0;2;3;1;A01
201500039133;0;7;0;0;2;5;9;B01
201500039134;0;7;0;1;2;3;1;A01
201500039134;0;7;0;0;2;7;24;C01
201500039134;0;7;0;0;2;8;1;B01
201500039135;0;30;0;0;2;1;1;A01
201500039135;0;7;0;0;2;8;10;B01
201500039136;0;33;0;0;0;8;1;A01
201500039137;0;30;0;0;2;1;1;B01
201500039137;0;7;0;0;2;1;10;A01
201500039138;0;7;0;0;2;3;15;B01
201500039138;0;7;0;6;2;1;17;A01
201500039139;0;32;0;0;2;1;1;A01
201500039139;0;7;0;0;2;6;1;B01
201500039140;0;32;0;14;0;1;1;A01
201500039141;0;7;0;0;2;1;1;B01
201500039141;0;1;0;0;2;1;1;A01
201500039142;0;7;0;0;2;3;1;A01
201500039142;0;30;0;0;2;7;1;B01
201500039143;0;33;0;0;2;1;0;B01
201500039143;0;99;0;0;9;2;0;A01
201500039144;0;32;0;0;0;8;1;A01
201500039145;0;30;0;0;2;2;17;B01
201500039145;0;7;0;0;2;8;13;A01
201500039146;0;7;0;15;0;1;1;A01
201500039147;0;7;0;0;2;3;15;A01
201500039147;0;30;0;0;2;7;1;B01
201500039148;0;10;0;2;0;1;1;A01
201500039149;0;7;0;0;2;1;2;A01
201500039149;0;7;0;0;2;4;2;B01
201500039150;0;1;0;0;0;0;1;A01
201500039151;0;7;0;0;0;8;1;B01
201500039151;0;7;0;0;2;3;1;A01
201500039152;0;7;0;0;9;1;1;B01
201500039152;0;1;0;0;2;4;1;A01
201500039153;0;7;0;0;1;6;1;A01
201500039154;0;30;0;0;1;1;1;A01
201500039155;0;7;0;1;0;1;1;A01
201500039156;0;10;0;0;1;8;1;A01
201500039157;0;30;0;0;2;1;15;B01
201500039157;0;7;0;0;2;2;15;A01
201500039158;0;7;0;0;2;3;15;A01
201500039158;0;1;0;0;2;1;1;B01
201500039159;0;33;0;0;2;7;17;A01
201500039159;0;7;0;0;2;8;15;B01
201500039160;0;30;0;0;2;1;2;A01
201500039160;0;38;1;0;2;4;2;B01
201500039161;0;7;0;0;1;2;1;A01
201500039162;0;7;0;0;1;2;1;A01
201500039163;0;10;0;0;1;7;1;A01
201500039164;0;7;0;0;1;1;15;A01
201500039165;0;30;0;0;2;1;18;A01
201500039165;0;7;0;0;2;7;15;B01
201500039166;0;31;0;0;0;8;1;A01
201500039167;0;7;0;0;2;1;0;A01
201500039167;0;1;0;0;2;1;1;B01
201500039168;0;7;0;0;1;0;1;A01
201500039169;0;7;0;0;1;8;1;A01
201500039170;0;7;0;0;2;8;20;B01
201500039170;0;30;0;1;2;7;17;A01
201500039171;0;7;0;0;1;7;1;A01
201500039172;0;7;0;0;0;0;15;A01
201500039172;0;1;0;0;0;0;1;B01
201500039173;0;31;0;0;1;1;1;A01
201500039174;0;7;0;0;2;4;23;C01
201500039174;0;10;0;0;2;4;23;D01
201500039174;0;7;0;0;2;1;2;A01
201500039174;0;7;0;0;2;4;23;B01
201500039175;0;30;0;0;2;8;2;A01
201500039175;0;7;0;0;2;2;2;B01
201500039176;0;7;0;0;2;2;15;A01
201500039176;0;32;0;0;2;1;1;B01
201500039177;0;7;0;0;1;1;1;A01
201500039178;0;7;0;0;2;4;1;C01
201500039178;0;7;0;0;2;1;1;B01
201500039178;0;20;0;1;2;7;1;A01
201500039179;0;32;0;0;2;7;15;B01
201500039179;0;10;0;0;2;1;1;A01
201500039180;0;14;0;0;2;8;1;B01
201500039180;0;31;0;0;2;8;1;A01
201500039181;0;7;0;0;2;3;1;B01
201500039181;0;33;0;0;2;2;1;A01
201500039182;0;7;0;0;1;5;15;B01
201500039182;0;32;0;0;2;1;1;A01
201500039183;0;7;0;0;1;1;1;A01
201500039184;0;7;0;0;2;4;2;A01
201500039184;0;7;0;0;2;1;2;B01
201500039184;0;7;0;0;2;1;2;C01
201500039185;0;7;0;0;1;1;1;A01
201500039186;0;7;0;0;1;1;15;A01
201500039187;0;7;0;0;1;0;16;A01
201500039188;0;7;0;0;1;1;13;A01
201500039189;0;7;0;0;2;8;1;C01
201500039189;0;32;0;0;2;1;17;A01
201500039189;0;33;0;0;2;1;1;B01
201500039190;0;7;0;0;2;1;2;A01
201500039190;0;7;0;0;2;4;2;B01
201500039191;0;34;0;0;2;1;1;B01
201500039191;0;7;0;0;2;8;15;A01
201500039192;0;7;0;0;1;1;0;A01
201500039193;0;7;0;8;0;1;20;A01
201500039194;0;33;0;0;2;7;17;B01
201500039194;0;7;0;0;2;8;13;A01
201500039195;0;7;0;0;1;7;0;A01
201500039196;0;31;0;0;2;1;1;A01
201500039197;0;7;0;0;1;1;1;A01
201500039198;0;30;0;1;2;1;1;B01
201500039198;0;7;0;0;2;1;9;A01
201500039199;0;31;0;15;0;1;1;A01
201500039200;0;7;0;2;0;3;13;A01
201500039201;0;7;0;0;2;3;15;B01
201500039201;0;32;0;0;2;1;17;A01
201500039202;0;7;0;0;2;2;15;A01
201500039202;0;33;0;0;2;1;1;B01
201500039203;0;30;0;0;2;1;1;A01
201500039203;0;7;0;0;2;8;15;B01
201500039204;0;7;0;0;2;2;15;A01
201500039204;0;32;0;0;2;1;1;B01
201500039205;0;7;0;0;2;7;1;A01
201500039205;0;10;0;0;2;1;1;B01
201500039206;0;30;0;0;2;5;17;A01
201500039206;0;13;0;0;2;3;15;B01
201500039207;0;33;0;0;2;1;1;A01
201500039207;0;7;0;0;2;5;4;B01
201500039208;0;30;0;0;2;8;17;A01
201500039208;0;7;0;0;2;8;15;B01
201500039209;0;13;0;0;2;3;1;B01
201500039209;0;32;0;0;2;1;16;A01
201500039210;0;30;0;1;0;1;1;A01
201500039211;0;33;0;0;2;1;1;A01
201500039211;0;37;1;0;2;6;23;B01
201500039212;0;30;0;0;2;1;17;B01
201500039212;0;7;0;0;2;3;9;A01
201500039213;0;13;0;0;2;2;9;A01
201500039213;0;34;0;0;2;1;1;B01
201500039214;0;32;0;0;2;7;17;A01
201500039214;0;7;0;0;2;8;15;B01
201500039215;0;7;0;0;2;1;2;A01
201500039215;0;7;0;0;2;4;2;B01
201500039216;0;10;0;0;2;7;2;A01
201500039216;0;32;0;0;2;8;2;B01
201500039217;0;7;0;0;2;8;15;B01
201500039217;0;34;0;0;2;1;17;A01
201500039218;0;30;0;0;2;1;0;A01
201500039218;0;7;0;0;2;4;0;B01
201500039219;1;7;0;0;1;1;15;A01
201500039220;0;7;0;0;1;0;15;A01
201500039221;0;7;0;0;1;8;15;A01
201500039222;0;31;0;0;1;7;2;A01
201500039223;0;2;0;0;2;7;2;A01
201500039223;0;7;0;0;2;6;2;B01
201500039224;0;7;0;0;1;4;4;A01
201500039225;0;7;0;0;2;8;10;A01
201500039225;0;32;0;0;2;1;1;B01
201500039226;0;7;0;0;0;2;1;A01
201500039227;0;30;0;0;9;1;15;A01
201500039227;0;1;0;0;2;1;1;B01
201500039228;0;1;0;0;0;8;15;A01
201500039229;0;37;1;0;1;1;1;A01
201500039230;0;7;0;0;2;2;15;B01
201500039230;0;34;0;0;2;1;1;A01
201500039231;0;7;0;0;2;1;2;A01
201500039231;0;7;0;0;2;4;23;B01
201500039232;0;31;0;0;0;0;1;A01
201500039233;0;33;0;0;2;7;3;A01
201500039233;0;7;0;0;2;8;1;B01
201500039233;0;7;0;0;2;8;1;C01
201500039234;0;30;0;0;2;1;1;B01
201500039234;0;7;0;0;2;2;1;A01
201500039235;0;33;0;0;2;1;17;B01
201500039235;0;7;0;0;2;3;15;A01
201500039236;0;7;0;0;1;0;1;A01
201500039237;0;7;0;0;2;1;1;B01
201500039237;0;30;0;0;2;1;5;A01
201500039238;0;7;0;0;2;1;19;A01
201500039238;0;33;0;0;2;1;2;C01
201500039238;0;7;0;0;2;1;1;B01
201500039239;0;7;0;8;0;1;1;A01
201500039240;0;7;0;0;2;8;15;A01
201500039240;0;7;0;0;2;1;1;B01
201500039241;0;7;0;0;9;4;1;B01
201500039241;0;1;0;0;2;1;1;A01
201500039242;0;7;0;0;1;0;1;A01
201500039243;0;7;0;0;1;0;1;A01
201500039244;1;30;0;0;1;0;0;X01
201500039245;0;30;0;0;2;4;2;B01
201500039245;0;7;0;0;2;1;2;A01
201500039246;0;30;0;0;0;8;17;A01
201500039246;0;7;0;0;0;0;13;B01
201500039247;0;10;0;1;0;2;1;A01
201500039247;0;7;0;1;0;1;24;B01
201500039248;0;7;0;0;2;8;10;A01
201500039248;0;33;0;0;2;1;2;B01
201500039249;0;7;0;14;0;3;1;A01
201500039250;0;7;0;0;2;3;15;A01
201500039250;0;30;0;0;2;1;1;B01
201500039251;0;7;0;0;2;4;2;D01
201500039251;0;7;0;0;2;4;2;B01
201500039251;0;7;0;0;2;1;2;A01
201500039251;0;7;0;0;2;4;2;C01
201500039252;0;7;0;0;2;3;9;A01
201500039252;0;30;0;0;2;1;1;B01
201500039253;0;30;0;0;0;3;1;A01
201500039254;0;7;0;3;0;3;1;A01
201500039255;0;30;0;0;2;1;0;A01
201500039255;0;10;0;0;2;6;23;B01
201500039256;0;99;0;11;0;1;1;A01
201500039257;0;7;0;3;0;1;1;A01
201500039258;0;30;0;12;0;7;1;A01
201500039259;0;7;0;0;2;3;23;B01
201500039259;0;7;0;11;2;3;1;A01