num_acc;senc;catv;occutc;obs;obsm;choc;manv;num_veh
201500039260;0;7;0;0;2;1;1;A01
201500039260;0;1;0;0;2;4;1;B01
201500039261;0;7;0;0;2;3;0;A01
201500039261;0;7;0;0;2;5;1;B01
201500039262;0;7;0;0;1;1;15;A01
201500039263;0;7;0;0;2;4;23;B01
201500039263;0;7;0;0;2;1;2;A01
201500039264;0;7;0;0;1;2;1;A01
201500039265;0;7;0;0;2;8;1;B01
201500039265;0;32;0;0;2;7;13;A01
201500039266;0;7;0;0;2;1;2;A01
201500039266;0;7;0;0;2;4;2;B01
201500039267;0;10;0;0;2;1;1;B01
201500039267;0;31;0;0;2;4;1;A01
201500039268;0;7;0;0;1;2;1;A01
201500039269;0;7;0;0;2;3;13;A01
201500039269;0;30;0;0;2;0;13;B01
201500039270;0;7;0;0;2;1;2;A01
201500039270;0;7;0;0;2;4;2;B01
201500039271;0;7;0;0;1;1;1;A01
201500039272;0;33;0;0;2;1;1;B01
201500039272;0;7;0;0;2;3;10;A01
201500039273;0;1;0;0;0;0;1;A01
201500039274;0;7;0;0;2;5;15;A01
201500039274;0;31;0;0;2;1;1;B01
201500039275;0;31;0;0;2;1;17;B01
201500039275;0;7;0;0;2;3;15;A01
201500039276;0;2;0;0;9;7;16;A01
201500039277;0;15;0;0;2;4;23;B01
201500039277;0;7;0;1;0;4;1;A01
201500039278;0;31;0;0;2;8;1;B01
201500039278;0;7;0;0;2;5;3;A01
201500039279;0;31;0;0;2;1;1;B01
201500039279;0;7;0;0;2;2;15;A01
201500039280;0;7;0;0;2;4;1;B01
201500039280;0;7;0;0;2;4;1;C01
201500039280;0;7;0;0;2;1;1;A01
201500039281;0;31;0;0;2;1;1;B01
201500039281;0;7;0;0;2;8;10;A01
201500039282;0;10;0;0;1;1;16;A01
201500039283;0;7;0;0;2;1;1;C01
201500039283;0;31;0;0;2;1;1;A01
201500039283;0;7;0;0;2;3;15;B01
201500039284;0;10;0;0;2;3;1;B01
201500039284;0;32;0;0;2;1;17;A01
201500039285;0;30;0;0;2;1;13;B01
201500039285;0;10;0;0;2;6;10;A01
201500039286;0;10;0;0;2;1;2;A01
201500039286;0;33;0;0;2;4;23;B01
201500039287;0;7;0;6;0;1;1;A01
201500039288;0;7;0;0;2;3;15;B01
201500039288;0;33;0;0;2;7;17;A01
201500039289;0;7;0;0;2;3;15;A01
201500039289;0;30;0;0;2;8;17;B01
201500039290;0;33;0;0;2;8;2;B01
201500039290;0;7;0;0;2;1;15;A01
201500039291;0;7;0;0;0;1;2;A01
201500039292;0;10;0;0;1;3;1;A01
201500039293;0;7;0;0;1;1;16;A01
201500039294;0;31;0;0;1;2;21;A01
201500039295;0;7;0;0;2;1;1;C01
201500039295;0;7;0;0;2;7;15;A01
201500039295;0;31;0;0;2;1;1;B01
201500039296;0;33;0;0;2;1;1;B01
201500039296;0;7;0;0;2;3;15;A01
201500039297;0;7;0;6;0;1;1;A01
201500039298;0;7;0;0;2;1;1;A01
201500039298;0;7;0;0;2;8;2;C01
201500039298;0;7;0;0;2;8;1;B01
201500039299;0;7;0;0;2;2;2;A01
201500039299;0;31;0;0;2;8;2;B01
201500039300;0;33;0;0;2;6;2;A01
201500039300;0;7;0;0;2;1;2;B01
201500039301;0;7;0;0;2;1;2;A01
201500039301;0;7;0;0;2;4;2;B01
201500039302;0;2;0;0;2;7;2;A01
201500039303;0;34;0;0;2;1;15;A01
201500039303;0;7;0;0;2;6;15;B01
201500039304;0;7;0;0;2;4;4;A01
201500039304;0;30;0;0;2;8;2;B01
201500039305;0;30;0;14;0;8;1;A01
201500039306;0;30;0;12;0;7;0;A01
201500039307;0;7;0;0;2;1;2;D01
201500039307;0;7;0;0;2;4;2;C01
201500039307;0;7;0;0;2;6;2;B01
201500039307;0;7;0;0;0;8;17;A01
201500039308;0;7;0;4;0;0;1;A01
201500039309;0;14;0;0;2;4;23;B01
201500039309;0;7;0;1;0;1;1;A01
201500039310;0;7;0;0;2;6;24;B01
201500039310;0;30;0;1;0;1;14;A01
201500039311;0;7;0;4;0;1;1;A01
201500039312;0;7;0;0;2;6;15;A01
201500039312;0;33;0;0;2;1;17;B01
201500039313;0;7;0;0;2;3;1;B01
201500039313;0;7;0;0;2;1;1;A01
201500039313;0;7;0;0;2;8;23;C01
201500039314;0;30;0;0;0;0;1;A01
201500039315;0;10;0;0;1;1;1;A01
201500039316;0;7;0;0;1;1;1;A01
201500039317;0;2;0;0;2;1;1;B01
201500039317;0;7;0;0;2;5;15;A01
201500039318;0;7;0;0;2;4;1;B01
201500039318;0;2;0;0;2;1;1;A01
201500039319;1;10;0;0;1;1;1;A01
201500039320;0;7;0;4;0;3;1;A01
201500039321;0;33;0;0;0;0;1;A01
201500039322;0;7;0;0;2;1;1;A01
201500039322;0;32;0;0;2;4;1;B01
201500039323;0;7;0;0;2;1;1;B01
201500039323;0;7;0;0;2;4;4;A01
201500039324;0;7;0;9;0;2;1;A01
201500039325;0;2;0;0;0;0;1;A01
201500039326;0;7;0;0;1;1;1;A01
201500039327;0;33;0;0;2;8;15;A01
201500039327;0;1;0;0;2;1;17;B01
201500039328;0;7;0;0;2;7;16;B01
201500039328;0;30;0;0;2;3;18;A01
201500039329;0;7;0;0;2;1;1;A01
201500039329;0;33;0;0;2;4;23;B01
201500039330;0;33;0;12;0;1;1;A01
201500039331;0;7;0;1;0;1;14;A01
201500039332;0;1;0;0;1;1;1;A01
201500039333;0;1;0;0;2;1;1;B01
201500039333;0;7;0;0;2;1;15;A01
201500039334;0;7;0;0;2;1;1;A01
201500039334;0;7;0;0;2;4;23;B01
201500039335;0;7;0;0;1;1;1;A01
201500039336;0;32;0;0;0;0;1;A01
201500039337;0;33;0;12;0;1;1;A01
201500039338;0;7;0;0;1;1;1;A01
201500039339;0;7;0;0;1;1;1;A01
201500039340;0;37;20;0;1;1;1;A01
201500039341;0;7;0;0;1;6;4;A01
201500039342;0;2;0;0;0;0;1;A01
201500039343;0;10;0;0;1;4;4;A01
201500039344;0;30;0;0;0;0;1;A01
201500039345;0;30;0;0;0;0;1;A01
201500039346;0;7;0;0;2;0;15;A01
201500039346;0;32;0;0;2;0;1;B01
201500039347;0;32;0;0;1;1;17;A01
201500039348;0;7;0;0;1;1;15;A01
201500039349;1;7;0;0;1;7;1;A01
201500039350;0;10;0;0;1;4;4;A01
201500039351;0;7;0;0;2;1;13;A01
201500039351;0;7;0;0;2;1;23;B01
201500039352;0;7;0;0;2;2;9;A01
201500039352;0;30;0;0;2;1;1;B01
201500039353;0;7;0;0;1;1;1;A01
201500039354;0;7;0;12;0;1;1;A01
201500039355;0;10;0;0;2;8;15;A01
201500039355;0;1;0;0;2;1;17;B01
201500039356;0;1;0;0;0;0;1;B01
201500039356;0;7;0;0;0;0;15;A01
201500039357;0;7;0;10;0;1;1;A01
201500039358;0;32;0;0;2;1;1;B01
201500039358;0;7;0;0;2;1;1;A01
201500039359;0;7;0;8;0;1;1;A01
201500039360;1;10;0;0;1;6;1;A01
201500039361;0;7;0;0;2;8;24;A01
201500039361;0;30;0;1;0;1;1;B01
201500039362;0;31;0;0;1;1;1;A01
201500039363;0;7;0;0;2;1;1;A01
201500039363;0;7;0;0;2;7;1;B01
201500039364;0;7;0;0;2;3;1;A01
201500039364;0;7;0;0;2;5;1;B01
201500039365;0;7;0;0;2;5;12;A01
201500039365;0;33;0;0;2;3;1;B01
201500039366;1;7;0;0;2;2;5;Z01
201500039366;0;30;0;0;2;1;0;A01
201500039367;0;7;0;0;2;3;9;B01
201500039367;0;10;0;1;2;2;1;A01
201500039368;0;7;0;0;2;3;11;A01
201500039368;0;34;0;0;2;7;17;B01
201500039369;0;10;0;0;1;1;16;A01
201500039370;0;7;0;0;2;3;9;B01
201500039370;0;34;0;0;2;1;17;A01
201500039371;0;31;0;0;0;0;21;A01
201500039372;0;30;0;0;2;8;9;A01
201500039372;0;7;0;0;2;1;1;B01
201500039373;0;7;0;0;1;4;4;A01
201500039374;0;7;0;0;1;1;15;A01
201500039375;0;7;0;0;1;1;1;A01
201500039376;0;7;0;0;2;7;15;B01
201500039376;0;7;0;0;2;1;1;A01
201500039377;0;7;0;0;2;2;1;A01
201500039377;0;30;0;0;2;8;16;B01
201500039378;0;1;0;0;1;1;2;A01
201500039379;0;7;0;0;2;1;1;A01
201500039379;0;33;0;0;2;6;16;B01
201500039380;0;7;0;8;2;1;7;A01
201500039380;0;34;0;0;2;8;16;B01
201500039381;0;7;0;0;2;1;1;B01
201500039381;0;7;0;0;2;8;15;A01
201500039382;0;30;0;0;0;7;16;A01
201500039383;0;2;0;0;1;8;0;A01
201500039384;0;32;0;0;2;1;17;A01
201500039384;0;1;0;0;0;0;15;B01
201500039385;0;31;0;0;0;0;0;A01
201500039386;0;7;0;0;2;2;15;A01
201500039386;0;33;0;0;2;1;21;B01
201500039387;0;34;0;0;2;1;2;A01
201500039387;0;10;0;0;2;4;2;B01
201500039388;0;7;0;0;2;6;10;A01
201500039388;0;30;0;0;2;1;17;B01
201500039389;1;10;0;0;1;1;1;Z01
201500039390;0;7;0;0;1;1;1;A01
201500039391;0;7;0;0;2;3;15;A01
201500039391;0;31;0;0;2;6;1;B01
201500039392;0;10;0;0;2;1;17;A01
201500039392;0;1;0;0;2;8;2;B01
201500039393;0;10;0;0;2;1;5;B01
201500039393;0;33;0;0;2;1;5;A01
201500039394;0;7;0;0;2;8;13;A01
201500039394;0;7;0;0;2;1;2;B01
201500039395;0;10;0;0;2;3;2;B01
201500039395;0;7;0;0;2;2;15;A01
201500039396;0;30;0;0;2;1;2;B01
201500039396;0;7;0;0;2;2;15;A01
201500039397;0;7;0;8;0;1;2;A01
201500039398;0;7;0;0;1;4;4;A01
201500039399;0;33;0;4;0;1;1;A01
201500039400;0;7;0;0;2;4;2;D01
201500039400;0;7;0;0;2;1;2;A01
201500039400;0;7;0;0;2;4;2;C01
201500039400;0;7;0;0;2;4;2;B01
201500039401;0;33;0;0;2;1;2;B01
201500039401;0;10;0;0;2;2;15;A01
201500039402;0;1;0;0;2;4;2;B01
201500039402;0;7;0;0;2;1;2;A01
201500039403;0;7;0;0;2;8;2;B01
201500039403;0;30;0;0;2;1;19;A01
201500039404;0;1;0;0;2;4;0;B01
201500039404;1;7;0;0;2;8;5;Z01
201500039405;0;14;0;0;2;0;1;A01
201500039405;0;33;0;0;2;7;9;B01
201500039406;0;7;0;0;2;1;0;B01
201500039406;0;7;0;0;2;4;2;C01
201500039406;0;33;0;0;2;1;6;A01
201500039407;0;2;0;0;2;7;1;B01
201500039407;0;7;0;0;2;5;17;A01
201500039408;0;7;0;0;2;1;2;A01
201500039408;0;31;0;0;2;4;23;B01
201500039409;0;7;0;0;2;8;9;A01
201500039409;0;33;0;0;2;1;0;B01
201500039410;0;30;0;0;2;7;17;B01
201500039410;0;7;0;0;2;8;11;A01
201500039411;0;30;0;0;0;8;0;A01
201500039412;0;7;0;0;2;4;2;C01
201500039412;0;7;0;0;2;4;2;B01
201500039412;0;14;0;0;2;1;2;A01
201500039413;0;33;0;0;2;7;16;B01
201500039413;0;31;0;0;2;7;2;A01
201500039414;0;7;0;1;0;1;14;A01
201500039415;0;7;0;0;1;1;2;A01
201500039416;0;33;0;0;0;0;0;A01
201500039417;0;30;0;0;2;1;19;B01
201500039417;0;7;0;0;2;3;19;A01
201500039418;0;10;0;0;2;1;2;A01
201500039418;0;10;0;0;2;4;2;D01
201500039418;0;7;0;0;2;9;2;B01
201500039418;0;7;0;0;2;9;2;C01
201500039419;0;7;0;0;1;1;16;A01
201500039420;0;7;0;9;0;1;13;A01
201500039421;1;7;0;0;2;1;2;Z01
201500039421;0;31;0;0;2;7;15;B01
201500039422;0;7;0;0;9;2;0;A01
201500039422;0;1;0;0;0;3;0;B01
201500039423;0;2;0;0;2;1;2;A01
201500039423;0;7;0;0;2;6;15;B01
201500039424;0;7;0;0;1;2;0;A01
201500039425;0;32;0;0;0;8;0;A01
201500039426;0;7;0;0;2;1;1;A01
201500039426;0;7;0;0;2;4;2;B01
201500039427;0;7;0;0;2;8;24;A01
201500039427;0;1;0;1;0;7;3;B01
201500039428;0;7;0;0;1;4;4;A01
201500039429;0;32;0;0;2;1;2;A01
201500039429;0;7;0;0;2;4;1;B01
201500039430;0;7;0;0;1;3;15;A01
201500039431;0;33;0;0;2;7;17;A01
201500039431;0;7;0;0;2;8;15;B01
201500039432;0;1;0;0;2;0;19;B01
201500039432;0;7;0;0;9;3;15;A01
201500039433;0;7;0;0;1;1;15;A01
201500039434;0;7;0;0;2;1;1;A01
201500039434;0;7;0;0;2;3;1;B01
201500039435;0;7;0;0;2;1;13;A01
201500039435;0;7;0;0;2;1;5;C01
201500039435;0;7;0;0;2;4;2;B01
201500039436;0;7;0;0;2;2;1;A01
201500039436;0;30;0;0;2;3;1;B01
201500039437;0;7;0;0;2;7;1;B01
201500039437;0;33;0;0;2;1;3;A01
201500039437;0;14;0;0;2;8;1;C01
201500039437;0;10;0;0;2;2;1;D01
201500039438;0;1;0;0;2;1;1;B01
201500039438;0;7;0;0;9;3;0;A01
201500039439;0;33;0;0;2;1;2;B01
201500039439;0;7;0;0;2;4;14;A01
201500039440;0;33;0;0;0;7;1;A01
201500039441;0;7;0;0;2;0;0;A01
201500039441;0;33;0;0;2;0;0;B01
201500039442;0;7;0;0;2;3;1;A01
201500039442;0;7;0;0;2;2;11;B01
201500039443;0;33;0;0;2;1;1;B01
201500039443;0;7;0;0;2;1;15;A01
201500039444;0;7;0;1;1;1;1;A01
201500039445;0;32;0;0;2;2;1;A01
201500039445;1;7;0;0;2;8;15;Z01
201500039446;0;33;0;0;0;8;1;A01
201500039447;0;7;0;0;1;1;15;A01
201500039448;1;7;0;0;0;6;2;A01
201500039448;0;33;0;0;2;1;2;B01
201500039449;0;33;0;0;0;0;1;A01
201500039450;0;7;0;0;1;2;1;A01
201500039451;0;34;0;0;2;1;1;B01
201500039451;0;7;0;0;2;3;10;A01
201500039452;0;7;0;0;2;3;9;A01
201500039452;0;30;0;0;2;1;2;B01
201500039453;0;33;0;15;2;7;17;B01
201500039453;0;7;0;0;2;3;15;A01
201500039454;0;1;0;0;0;0;1;B01
201500039454;0;7;0;0;2;4;1;A01
201500039455;0;7;0;0;0;3;13;A01
201500039455;0;31;0;0;2;2;2;B01
201500039456;0;10;0;0;1;1;15;A01
201500039457;0;2;0;1;0;2;0;A01
201500039458;0;7;0;1;0;1;2;A01
201500039459;0;30;0;0;2;3;10;A01
201500039459;0;30;0;0;2;1;2;B01
201500039460;0;7;0;0;1;1;2;A01
201500039461;0;7;0;15;0;3;16;A01
201500039462;0;7;0;0;1;2;2;A01
201500039463;0;37;1;0;2;1;1;B01
201500039463;0;7;0;0;2;2;19;A01
201500039464;0;31;0;0;2;7;1;B01
201500039464;0;7;0;0;2;3;10;A01
201500039465;0;31;0;0;1;1;1;A01
201500039466;0;31;0;0;1;2;1;A01
201500039467;0;1;0;0;0;4;1;B01
201500039467;0;10;0;0;2;1;1;A01
201500039468;0;2;0;0;2;1;17;A01
201500039468;0;7;0;0;2;4;1;B01
201500039469;0;2;0;0;0;1;1;A01
201500039470;0;7;0;0;2;4;1;B01
201500039470;0;7;0;0;2;1;1;A01
201500039471;0;7;0;0;1;2;13;A01
201500039472;0;31;0;0;0;0;0;A01
201500039472;1;7;0;0;0;0;0;B01
201500039473;0;7;0;0;1;1;1;A01
201500039474;0;7;0;0;2;2;15;A01
201500039474;0;1;0;0;2;8;1;B01
201500039475;0;10;0;0;1;1;15;A01
201500039476;1;32;0;0;1;2;2;A01
201500039477;0;33;0;0;1;0;1;A01
201500039478;0;14;0;0;2;6;1;B01
201500039478;0;10;0;0;2;1;1;A01
201500039479;0;31;0;0;2;7;1;A01
201500039479;0;7;0;0;2;8;15;B01
201500039480;0;10;0;0;1;7;1;A01
201500039481;0;7;0;0;1;1;0;A01
201500039482;0;32;0;0;1;0;17;A01
201500039483;0;1;0;1;0;1;14;A01
201500039484;0;30;0;0;2;2;13;B01
201500039484;0;7;0;0;2;3;22;A01
201500039485;0;31;0;0;1;1;1;A01
201500039486;0;33;0;0;2;4;1;B01
201500039486;0;1;0;0;2;1;21;A01
201500039487;0;30;0;0;2;1;1;A01
201500039487;0;7;0;0;2;3;15;B01
201500039488;0;7;0;0;1;0;1;A01
201500039489;0;2;0;0;0;0;16;A01
201500039490;0;7;0;11;0;1;1;A01
201500039491;0;7;0;0;1;2;15;A01
201500039492;0;2;0;0;1;2;1;A01
201500039493;0;31;0;0;2;8;1;A01
201500039493;0;7;0;0;2;7;1;B01
201500039494;1;7;0;0;1;1;1;A01
201500039495;0;7;0;0;2;8;15;B01
201500039495;0;33;0;0;2;1;17;A01
201500039496;0;1;0;0;2;8;19;B01
201500039496;0;7;0;0;0;1;1;A01
201500039497;0;7;0;0;1;2;16;A01
201500039498;0;7;0;0;1;1;16;A01
201500039499;0;7;0;0;2;8;15;B01
201500039499;0;10;0;0;2;2;1;A01
201500039500;0;7;0;0;2;3;1;B01
201500039500;0;7;0;0;2;1;15;A01
201500039501;0;7;0;8;0;1;1;A01
201500039502;0;33;0;11;0;1;1;A01
201500039503;0;33;0;0;2;1;1;B01
201500039503;0;7;0;0;2;7;15;A01
201500039504;0;1;0;0;1;1;16;A01
201500039504;0;37;1;0;2;1;23;B01
201500039505;0;7;0;0;0;7;1;A01
201500039506;0;7;0;0;2;0;4;B01
201500039506;0;30;0;0;0;1;1;A01
201500039507;0;30;0;0;2;1;1;B01
201500039507;0;7;0;0;2;8;15;A01
201500039508;0;2;0;0;2;5;1;B01
201500039508;1;99;0;0;2;2;1;A01
201500039509;0;10;0;0;1;1;1;A01
201500039510;0;7;0;0;2;8;15;B01
201500039510;0;32;0;0;2;1;1;A01
201500039511;0;7;0;0;2;2;10;A01
201500039511;0;33;0;0;2;1;1;B01
201500039512;0;7;0;0;2;7;15;A01
201500039512;1;7;0;0;2;2;1;Z01
201500039513;0;7;0;0;1;1;15;A01
201500039514;0;7;0;8;0;1;1;A01
201500039515;0;7;0;0;2;4;1;B01
201500039515;0;7;0;0;2;1;1;A01
201500039516;0;7;0;0;2;1;1;A01
201500039516;0;31;0;0;2;4;23;B01
201500039517;0;7;0;0;1;1;1;A01
201500039518;0;7;0;0;2;3;1;B01
201500039518;0;7;0;0;2;6;17;A01
201500039519;0;33;0;0;1;1;1;A01
201500039520;0;7;0;8;0;1;1;A01
201500039521;0;7;0;0;1;4;1;B01
201500039521;0;7;0;0;2;1;1;A01
201500039522;0;7;0;0;2;8;1;B01
201500039522;0;7;0;0;1;4;22;A01
201500039523;0;34;0;0;1;1;1;A01
201500039524;0;7;0;0;2;6;23;B01
201500039524;0;30;0;1;0;1;1;A01
201500039525;0;7;0;0;1;1;1;A01
201500039526;0;34;0;0;2;1;1;B01
201500039526;0;7;0;0;2;6;10;A01
201500039527;0;33;0;0;2;1;1;B01
201500039527;0;7;0;0;2;2;15;A01
201500039528;0;7;0;2;0;1;14;A01
201500039529;0;7;0;0;2;7;19;A01
201500039529;0;7;0;0;2;1;1;B01
201500039530;1;7;0;0;1;0;0;A01
201500039531;0;7;0;0;1;1;0;A01
201500039532;2;32;0;0;1;1;0;A01
201500039533;0;3;0;0;2;2;15;B01
201500039533;1;7;0;0;2;1;16;A01
201500039534;0;32;0;0;2;1;1;A01
201500039534;0;7;0;0;2;2;15;B01
201500039535;0;7;0;0;0;4;2;A01
201500039535;0;7;0;0;2;1;2;B01
201500039535;0;7;0;0;2;1;2;C01
201500039536;0;1;0;0;1;0;1;A01
201500039537;0;7;0;0;2;2;1;B01
201500039537;0;7;0;0;2;2;15;A01
201500039538;0;7;0;0;1;2;1;A01
201500039539;0;14;0;0;2;1;2;A01
201500039539;0;10;0;0;2;4;2;C01
201500039539;0;10;0;0;2;2;2;B01
201500039540;0;32;0;9;0;0;0;A01
201500039541;0;33;0;0;0;8;0;A01
201500039542;0;7;0;0;2;4;2;B01
201500039542;0;7;0;0;0;0;10;A01
201500039542;0;7;0;0;2;1;2;D01
201500039542;0;7;0;0;2;1;2;C01
201500039543;0;32;0;0;2;1;15;A01
201500039543;0;33;0;0;2;1;2;B01
201500039544;0;7;0;0;2;1;15;A01
201500039544;0;7;0;0;2;2;1;B01
201500039545;0;7;0;0;2;7;15;A01
201500039545;0;33;0;0;2;1;1;B01
201500039546;0;33;0;0;2;2;1;B01
201500039546;0;7;0;0;2;8;15;A01
201500039547;0;7;0;0;2;2;0;B01
201500039547;1;32;0;0;2;1;0;A01
201500039548;0;7;0;0;2;1;1;B01
201500039548;0;7;0;0;2;2;15;A01
201500039549;0;14;0;0;2;1;12;A01
201500039549;0;7;0;0;2;6;16;B01
201500039550;0;7;0;0;2;1;9;A01
201500039550;0;33;0;0;2;7;2;B01
201500039551;0;7;0;0;1;2;0;A01
201500039552;0;7;0;0;2;3;1;B01
201500039552;0;7;0;0;2;2;15;A01
201500039553;0;7;0;0;0;1;2;A01
201500039553;0;7;0;0;0;4;23;B01
201500039554;0;30;0;0;1;1;14;A01
201500039555;0;32;0;0;2;1;15;B01
201500039555;0;37;10;0;2;2;1;A01
201500039556;0;10;0;0;1;1;1;A01
201500039557;0;7;0;0;1;2;1;A01
201500039558;0;7;0;0;2;3;1;B01
201500039558;0;1;0;0;2;1;1;A01
201500039559;0;7;0;0;1;3;9;A01
201500039560;0;7;0;0;1;1;2;A01
201500039561;1;10;0;0;9;3;2;A01
201500039561;0;33;0;0;2;2;2;B01
201500039562;0;7;0;0;2;4;23;B02
201500039562;0;7;0;0;2;1;2;A01
201500039563;0;16;0;11;0;1;1;A01
201500039564;0;33;0;0;2;2;1;B01
201500039564;0;7;0;0;2;1;1;A01
201500039565;0;10;0;0;2;6;1;B01
201500039565;0;32;0;0;2;1;1;A01
201500039566;0;2;0;0;0;7;2;A01
201500039567;0;34;0;0;0;0;2;A01
201500039568;0;7;0;0;2;4;23;C01
201500039568;0;7;0;0;2;4;23;B01
201500039568;0;7;0;0;2;4;2;E01
201500039568;0;7;0;0;2;4;23;D01
201500039568;0;10;0;0;2;1;2;A01
201500039569;0;33;0;0;2;1;21;B01
201500039569;0;7;0;0;2;5;23;A01
201500039570;0;2;0;0;2;8;12;B01
201500039570;1;7;0;0;2;7;13;A01
201500039571;0;32;0;0;9;7;2;A01
201500039572;0;33;0;0;2;2;1;A01
201500039572;0;7;0;0;2;1;1;B01
201500039573;0;32;0;0;0;8;1;B01
201500039573;0;7;0;0;0;0;1;A01
201500039574;0;30;0;0;1;4;1;A01
201500039575;0;7;0;0;2;5;1;A01
201500039575;0;7;0;0;2;2;1;B01
201500039576;0;7;0;0;0;0;5;A01
201500039576;0;33;0;8;0;1;14;B01
201500039577;0;14;0;1;0;6;0;A01
201500039577;0;34;0;1;0;1;21;B01
201500039578;0;33;0;0;1;1;2;A01
201500039579;0;33;0;0;2;7;1;C01
201500039579;0;32;0;0;2;1;2;B01
201500039579;0;7;0;0;2;3;1;A01
201500039580;0;37;10;0;2;7;20;A01
201500039580;0;37;10;0;2;8;1;B02
201500039581;0;37;1;0;2;7;9;A01
201500039581;0;37;0;0;2;8;19;B01
201500039582;0;7;0;0;2;4;23;C01
201500039582;0;7;0;0;2;1;1;A01
201500039582;0;7;0;0;2;4;23;B01
201500039583;0;7;0;0;2;7;11;A01
201500039583;0;32;0;0;2;0;3;B01
201500039584;0;33;0;0;1;1;1;A01
201500039585;0;10;0;0;2;1;2;A01
201500039585;0;7;0;0;2;4;0;B01
201500039586;0;13;0;1;2;1;1;A01
201500039586;0;7;0;0;2;4;1;B01
201500039587;1;7;0;0;1;0;1;Z01
201500039588;0;33;0;15;0;1;0;A01
201500039589;0;7;0;0;1;2;1;A01
201500039590;0;7;0;0;1;2;1;A01
201500039591;0;7;0;0;1;4;20;A01
201500039592;0;10;0;0;2;4;2;A01
201500039592;0;30;0;0;2;2;2;B01
201500039593;0;7;0;0;2;6;23;A01
201500039593;0;7;0;0;2;2;2;B01
201500039594;0;7;0;0;1;1;1;A01
201500039595;0;7;0;0;1;3;15;A01
201500039596;0;7;0;0;2;4;0;A01
201500039596;0;30;0;0;2;1;0;B01
201500039597;0;34;0;0;1;1;0;A01
201500039598;0;7;0;0;2;2;9;A01
201500039598;0;2;0;0;2;1;0;B01
201500039599;0;7;0;0;1;2;0;A01
201500039600;0;34;0;0;2;1;1;A01
201500039600;1;7;0;0;2;0;5;Z01
201500039601;0;7;0;0;1;7;2;A01
201500039602;0;7;0;0;2;1;10;A01
201500039602;0;7;0;0;2;6;1;B01
201500039603;0;7;0;0;1;0;4;A01
201500039604;0;7;0;0;1;2;1;A01
201500039605;0;7;0;0;2;4;1;A01
201500039605;0;30;0;0;2;1;1;B01
201500039606;0;7;0;6;0;1;0;A01
201500039607;0;7;0;0;0;4;0;A01
201500039607;1;7;0;0;2;1;1;Z01
201500039608;0;7;0;0;2;6;2;A01
201500039608;1;7;0;0;2;0;2;Z01
201500039609;0;7;0;0;1;3;0;A01
201500039610;0;99;0;0;2;4;2;A01
201500039610;0;99;0;0;2;1;2;B01
201500039611;0;30;0;0;2;1;0;A01
201500039611;0;7;0;0;2;0;0;B01
201500039612;0;7;0;0;2;2;1;A01
201500039612;1;7;0;0;2;0;0;B01
201500039613;0;7;0;0;1;2;1;A01
201500039614;0;7;0;0;1;1;1;A01
201500039615;0;10;0;0;2;1;2;A01
201500039615;0;7;0;0;2;4;2;B01
201500039616;0;7;0;0;2;2;10;A01
201500039616;0;32;0;0;2;1;1;B01
201500039617;0;7;0;0;1;3;1;A01
201500039618;0;7;0;0;2;1;2;A01
201500039618;0;7;0;0;2;4;2;B01
201500039619;0;3;0;1;0;1;1;A01
201500039619;0;7;0;0;2;5;1;B01
201500039619;0;7;0;0;2;1;1;C01
201500039620;0;30;0;0;1;1;1;A01
201500039621;0;33;0;0;2;1;0;A01
201500039622;0;7;0;0;1;7;1;A01
201500039623;1;7;0;0;1;1;1;Z01
201500039624;0;7;0;0;1;2;1;A01
201500039625;0;10;0;0;1;2;0;A01
201500039626;0;33;0;0;2;1;1;A01
201500039626;0;7;0;0;2;3;15;B01
201500039627;0;30;0;0;0;7;21;A01
201500039628;0;7;0;0;2;6;2;B01
201500039628;1;7;0;0;2;0;2;Z01
201500039629;0;7;0;1;2;3;9;A01
201500039629;0;7;0;0;2;1;1;B01
201500039630;0;7;0;0;2;2;1;B01
201500039630;1;7;0;0;0;0;1;Z01
201500039631;0;10;0;1;1;2;16;A01
201500039632;0;7;0;0;1;2;16;A01
201500039633;0;7;0;0;1;8;2;A01
201500039634;0;7;0;0;1;6;2;A01
201500039635;0;2;0;1;2;1;3;A01
201500039635;0;7;0;0;0;0;22;B01
201500039635;0;7;0;0;9;2;2;C01
201500039636;0;7;0;1;1;0;1;A01
201500039637;0;7;0;0;1;3;1;A01
201500039638;0;7;0;0;1;4;4;A01
201500039639;0;7;0;0;2;1;15;A01
201500039639;0;1;0;0;2;1;1;B01
201500039640;1;30;0;0;1;0;0;Z01
201500039641;1;15;0;0;1;3;0;Z01
201500039642;0;1;0;0;2;8;1;A01
201500039642;1;7;0;0;2;2;17;Z01
201500039643;0;10;0;0;2;2;9;A01
201500039643;0;34;0;0;2;2;17;B01
201500039644;0;34;0;0;1;1;1;A01
201500039645;0;7;0;0;2;5;1;A01
201500039645;0;1;0;0;2;8;15;B01
201500039646;0;7;0;0;1;6;20;A01
201500039647;0;7;0;0;2;3;0;A01
201500039647;0;33;0;0;2;1;0;B01
201500039648;0;7;0;0;2;1;2;A01
201500039648;0;7;0;0;2;1;2;B01
201500039648;0;7;0;0;2;4;2;C01