num_acc;senc;catv;occutc;obs;obsm;choc;manv;num_veh
201500039649;0;7;0;0;2;5;10;A01
201500039649;0;33;0;0;2;1;1;B01
201500039650;0;33;0;0;2;1;1;A01
201500039650;0;7;0;0;2;2;15;B01
201500039651;0;10;0;0;1;3;1;A01
201500039652;0;2;0;1;0;1;5;A01
201500039653;0;10;0;0;2;1;2;A01
201500039653;0;7;0;0;2;4;2;B01
201500039653;0;14;0;0;2;4;2;C01
201500039654;0;2;0;0;2;5;2;A01
201500039654;0;7;0;0;2;5;2;B01
201500039655;0;34;0;1;2;1;18;A01
201500039655;0;7;0;0;2;7;20;B01
201500039656;0;7;0;0;1;1;1;A01
201500039657;0;7;0;0;2;5;4;A01
201500039657;0;30;0;0;2;1;2;B01
201500039658;0;7;0;0;2;1;2;A01
201500039658;0;7;0;0;2;4;2;B01
201500039659;0;33;0;0;2;1;1;B01
201500039659;0;30;0;0;2;8;19;A01
201500039660;0;7;0;0;1;1;1;A01
201500039661;2;34;0;0;2;1;0;A01
201500039661;0;7;0;0;2;6;1;B01
201500039662;2;7;0;0;2;1;19;A01
201500039662;0;7;0;0;2;3;1;B01
201500039663;0;15;0;0;1;2;2;A01
201500039664;0;7;0;0;2;3;10;A01
201500039664;0;33;0;0;2;1;1;B01
201500039665;0;7;0;0;2;4;20;A01
201500039665;1;2;0;0;2;1;0;B01
201500039666;0;34;0;0;1;3;3;A01
201500039667;0;30;0;0;2;1;17;A01
201500039667;0;7;0;0;2;8;1;B01
201500039668;2;7;0;1;0;1;0;A01
201500039668;0;7;0;9;0;3;0;B01
201500039669;0;30;0;0;2;7;1;B01
201500039669;1;7;0;0;2;0;4;Z01
201500039670;0;10;0;0;2;1;12;A01
201500039670;0;32;0;0;2;1;0;B01
201500039671;0;7;0;0;2;0;20;A01
201500039671;0;34;0;1;2;1;21;B01
201500039671;0;7;0;0;2;8;1;C01
201500039671;0;7;0;0;2;1;1;D01
201500039672;0;10;0;0;2;1;5;A01
201500039672;0;33;0;0;2;1;0;B01
201500039673;0;7;0;0;1;3;15;A01
201500039674;0;7;0;0;1;1;1;A01
201500039675;0;7;0;0;2;3;15;B01
201500039675;0;1;0;0;2;7;5;A01
201500039676;0;7;0;0;2;2;2;A01
201500039676;1;7;0;0;2;3;16;Z01
201500039677;0;32;0;0;2;5;21;A01
201500039677;0;7;0;0;2;5;2;B01
201500039678;0;30;0;0;1;1;0;A01
201500039679;0;37;0;0;1;2;0;B01
201500039680;0;7;0;9;0;2;0;A01
201500039681;0;10;0;1;1;2;1;A01
201500039682;0;7;0;0;1;5;20;A01
201500039683;0;33;0;0;2;3;5;A01
201500039683;0;7;0;0;2;3;5;B01
201500039683;0;37;0;0;2;8;2;C01
201500039684;0;7;0;0;1;2;1;A01
201500039685;0;7;0;0;1;8;0;A01
201500039686;0;7;0;0;1;3;0;A01
201500039687;0;3;0;0;0;2;15;A01
201500039687;0;32;0;0;0;7;17;B01
201500039688;0;7;0;0;2;3;10;A01
201500039688;0;33;0;0;2;1;1;B01
201500039689;0;7;0;0;1;4;4;A01
201500039690;0;7;0;0;2;1;9;A01
201500039690;0;1;0;0;2;7;1;B01
201500039691;0;7;0;0;2;1;15;A01
201500039691;0;2;0;0;2;8;18;B01
201500039692;0;10;0;0;1;2;10;A01
201500039693;0;7;0;0;1;2;1;A01
201500039694;0;34;0;0;2;1;17;A01
201500039694;0;7;0;0;2;3;15;B01
201500039695;0;10;0;1;2;2;17;A01
201500039695;0;7;0;0;2;3;15;B01
201500039696;0;37;0;1;1;1;7;A01
201500039697;0;7;0;0;1;1;1;A01
201500039698;0;7;0;0;1;2;0;A01
201500039699;0;7;0;0;1;1;15;A01
201500039700;0;7;0;0;1;7;0;A01
201500039701;0;37;0;0;1;2;7;A01
201500039702;1;1;0;0;1;8;1;Z01
201500039703;1;7;0;0;1;3;2;Z01
201500039704;0;7;0;0;1;1;1;A01
201500039705;0;7;0;0;1;1;1;A01
201500039706;0;7;0;0;2;6;1;B01
201500039706;0;7;0;0;2;1;1;A01
201500039707;0;7;0;0;2;8;19;A01
201500039707;0;7;0;0;2;2;1;B01
201500039708;0;7;0;0;1;2;2;A01
201500039709;0;7;0;0;1;1;15;A01
201500039710;0;7;0;0;2;4;2;B01
201500039710;0;7;0;0;2;1;2;A01
201500039711;0;7;0;0;0;8;9;A01
201500039711;0;30;0;0;2;2;1;B01
201500039712;0;7;0;1;0;3;14;A01
201500039713;0;7;0;0;1;3;1;A01
201500039714;2;7;0;8;2;4;0;A01
201500039714;2;7;0;1;2;1;2;B01
201500039715;0;7;0;0;1;2;1;A01
201500039716;0;7;0;0;1;2;0;A01
201500039717;0;10;0;0;2;7;0;A01
201500039717;0;30;0;0;2;1;1;B01
201500039718;0;31;0;0;2;3;1;A01
201500039718;0;7;0;0;2;5;14;B01
201500039719;0;7;0;0;2;2;15;A01
201500039719;0;14;0;0;2;3;15;B01
201500039720;0;7;0;0;0;4;2;A01
201500039720;0;7;0;0;0;1;2;B01
201500039720;0;7;0;0;0;1;2;C01
201500039720;0;7;0;0;0;1;2;D01
201500039721;0;7;0;0;2;2;20;A01
201500039721;0;10;0;0;2;2;1;B01
201500039722;0;7;0;0;1;2;17;A01
201500039723;0;10;0;0;1;2;0;A01
201500039724;0;32;0;0;0;0;0;A01
201500039725;0;7;0;0;1;1;1;A01
201500039726;0;7;0;1;2;1;0;A01
201500039726;0;7;0;0;2;3;0;B01
201500039727;0;7;0;0;2;1;2;A01
201500039727;0;7;0;0;2;4;2;B01
201500039728;0;7;0;0;2;3;0;A01
201500039728;0;7;0;0;2;3;2;B01
201500039729;0;7;0;0;2;1;15;A01
201500039729;0;7;0;0;2;1;9;B01
201500039730;0;7;0;4;2;9;2;A01
201500039730;0;15;0;0;2;8;2;B01
201500039731;1;10;0;0;1;0;0;Z01
201500039732;0;7;0;0;2;3;0;A01
201500039732;0;7;0;0;2;2;0;B01
201500039733;0;7;0;0;2;1;14;A01
201500039734;0;10;0;0;2;1;2;A01
201500039734;0;7;0;0;2;4;2;B01
201500039735;0;7;0;0;1;1;1;A01
201500039736;0;7;0;4;0;1;13;A01
201500039737;0;7;0;0;9;1;1;A01
201500039737;0;1;0;0;2;8;1;B01
201500039738;0;33;0;0;2;1;3;A01
201500039738;0;10;0;0;2;0;13;C01
201500039738;0;7;0;0;2;6;1;B01
201500039739;0;7;0;0;1;1;0;A01
201500039740;0;7;0;0;2;1;2;A01
201500039740;0;7;0;0;2;4;2;B01
201500039740;0;7;0;0;2;4;2;C01
201500039741;0;7;0;0;2;8;0;A01
201500039741;0;7;0;0;0;8;0;B01
201500039742;0;7;0;0;1;2;1;A01
201500039742;0;1;0;0;2;0;1;B01
201500039743;0;7;0;8;0;1;1;A01
201500039744;0;7;0;0;2;1;15;A01
201500039744;0;7;0;0;2;1;1;B01
201500039745;0;7;0;1;1;3;24;A01
201500039745;0;1;0;1;0;2;1;B01
201500039746;0;7;0;0;1;0;0;A01
201500039747;0;7;0;0;2;1;2;A01
201500039747;0;7;0;0;0;4;2;B01
201500039748;0;7;0;0;1;2;1;A01
201500039749;0;7;0;0;2;1;1;A01
201500039749;0;7;0;0;0;4;1;B01
201500039750;0;7;0;0;1;7;1;A01
201500039751;0;7;0;0;2;1;0;A01
201500039751;0;7;0;0;2;1;9;B01
201500039752;0;7;0;0;1;0;2;A01
201500039753;1;7;0;0;2;2;0;A01
201500039753;0;3;0;0;0;6;1;B01
201500039753;0;7;0;0;0;4;23;C01
201500039754;0;33;0;0;0;0;0;A01
201500039754;0;7;0;0;2;0;12;B01
201500039755;0;37;0;0;9;8;2;A01
201500039755;0;32;0;0;9;7;2;C01
201500039756;1;7;0;0;1;0;0;Z01
201500039757;0;7;0;0;2;5;1;A01
201500039757;0;32;0;0;2;1;2;B01
201500039758;1;10;0;0;1;3;0;A01
201500039759;0;37;1;0;1;1;1;A01
201500039760;0;7;0;0;2;7;0;A01
201500039760;0;7;0;0;2;1;0;B01
201500039761;0;7;0;0;2;1;1;A01
201500039761;0;7;0;0;2;5;15;B01
201500039762;0;7;0;0;0;0;0;A01
201500039762;0;7;0;0;2;6;24;B01
201500039763;0;10;0;0;2;3;0;A01
201500039763;0;7;0;0;2;5;0;B01
201500039764;0;33;0;0;1;1;1;A01
201500039765;0;7;0;0;2;8;1;A01
201500039765;0;7;0;0;2;0;1;B01
201500039765;0;7;0;8;2;1;0;C01
201500039765;0;7;0;8;2;7;21;D01
201500039766;0;7;0;0;2;1;15;A01
201500039766;0;31;0;0;2;1;21;B01
201500039767;0;3;0;0;2;8;19;A01
201500039767;0;7;0;0;2;1;2;B01
201500039768;0;7;0;0;1;4;4;A01
201500039769;0;7;0;0;2;3;1;A01
201500039769;0;37;0;0;2;5;1;B01
201500039770;0;33;0;0;2;1;2;A01
201500039770;0;7;0;0;2;4;2;B01
201500039771;0;7;0;0;2;1;1;A01
201500039771;0;7;0;0;2;1;1;B01
201500039771;0;7;0;0;2;1;1;C01
201500039772;0;7;0;0;1;2;1;A01
201500039772;0;1;0;0;2;7;19;B01
201500039773;0;7;0;9;2;3;15;B01
201500039773;0;7;0;0;2;2;17;A01
201500039774;0;34;0;0;2;1;1;A01
201500039774;0;7;0;0;2;8;9;B01
201500039775;0;7;0;0;2;4;0;A01
201500039775;0;7;0;0;2;1;0;B01
201500039776;0;7;0;0;1;2;1;A01
201500039777;0;7;0;1;1;2;2;A01
201500039778;0;7;0;0;0;3;15;B01
201500039778;0;7;0;0;2;3;16;A01
201500039779;0;7;0;1;0;2;1;A01
201500039780;0;7;0;0;0;0;0;A01
201500039780;0;7;0;0;2;8;0;B01
201500039781;0;7;0;16;0;1;0;A01
201500039782;0;7;0;1;0;2;0;A01
201500039783;1;7;0;0;1;4;4;Z01
201500039784;0;7;0;0;0;4;2;A01
201500039784;0;7;0;0;2;1;2;B01
201500039785;0;7;0;0;2;1;0;A01
201500039785;0;7;0;0;2;2;10;B01
201500039786;0;10;0;0;1;1;1;A01
201500039787;0;7;0;14;2;2;14;A01
201500039788;0;7;0;0;2;3;13;A01
201500039788;0;7;0;0;2;3;2;B01
201500039789;0;7;0;0;1;3;2;A01
201500039790;1;7;0;0;1;0;0;Z01
201500039791;0;3;0;0;1;2;1;A01
201500039792;0;7;0;0;0;0;0;A01
201500039793;0;7;0;0;0;4;12;A01
201500039793;0;38;31;0;2;1;1;B01
201500039794;0;37;30;0;1;7;1;A01
201500039795;0;7;0;0;2;1;2;A01
201500039795;0;7;0;0;2;3;2;B01
201500039796;0;7;0;0;0;1;0;A01
201500039796;0;7;0;0;0;8;0;B01
201500039797;0;7;0;9;2;9;1;B01
201500039797;0;7;0;0;2;1;1;A01
201500039798;0;7;0;0;1;0;0;A01
201500039799;0;7;0;0;2;1;0;A01
201500039799;0;7;0;0;2;8;0;B01
201500039800;0;33;0;1;0;9;13;A01
201500039801;0;1;0;0;0;8;5;A01
201500039801;0;1;0;0;2;1;1;B01
201500039801;0;1;0;0;2;1;21;C01
201500039802;0;33;0;0;2;1;1;A01
201500039802;0;7;0;0;0;6;0;B01
201500039803;0;7;0;0;2;9;2;B01
201500039803;2;7;0;0;2;1;19;A01
201500039804;0;7;0;0;2;3;0;A01
201500039804;2;7;0;9;2;3;5;B01
201500039805;0;10;0;0;0;1;0;A01
201500039805;0;7;0;0;0;4;0;B01
201500039806;0;7;0;0;2;2;1;B01
201500039806;0;7;0;0;2;3;1;A01
201500039807;0;32;0;8;9;1;2;A01
201500039808;0;7;0;0;0;5;6;A01
201500039808;0;32;0;0;2;0;2;B01
201500039809;0;7;0;6;1;2;1;A01
201500039810;0;7;0;0;0;4;23;A01
201500039810;0;7;0;0;2;1;0;B01
201500039811;0;7;0;12;0;2;1;B01
201500039811;0;7;0;12;0;1;1;A01
201500039812;0;7;0;8;0;1;0;A01
201500039813;0;7;0;0;1;0;0;A01
201500039814;0;7;0;12;2;3;9;A01
201500039814;0;7;0;0;2;1;1;B01
201500039815;0;7;0;0;1;2;1;A01
201500039816;0;7;0;0;2;1;0;A01
201500039816;0;7;0;0;0;4;23;B01
201500039817;0;37;0;0;1;1;1;A01
201500039818;0;7;0;2;0;1;1;A01
201500039819;2;7;0;0;2;1;1;A01
201500039819;0;7;0;0;2;8;0;B01
201500039820;0;7;0;0;2;3;9;A01
201500039820;0;32;0;0;2;8;1;B01
201500039821;0;33;0;0;0;7;0;A01
201500039821;0;7;0;0;0;8;0;B01
201500039822;0;7;0;0;2;4;2;A01
201500039822;0;7;0;0;2;4;2;B01
201500039822;0;7;0;0;2;4;2;C01
201500039822;0;7;0;0;2;4;2;D01
201500039823;0;7;0;0;2;1;2;A01
201500039823;0;7;0;0;2;4;2;B01
201500039824;0;3;0;0;2;1;0;A01
201500039824;0;3;0;0;2;1;0;B01
201500039825;0;30;0;0;0;8;1;A01
201500039826;0;7;0;0;2;8;15;A01
201500039826;0;7;0;0;2;3;1;B01
201500039827;0;7;0;0;1;3;9;A01
201500039827;0;1;0;0;2;2;1;B01
201500039828;0;7;0;0;2;1;1;A01
201500039828;0;7;0;0;0;4;1;B01
201500039828;0;7;0;0;2;1;1;C01
201500039828;0;7;0;0;2;1;1;D01
201500039829;0;7;0;0;2;3;9;A01
201500039829;0;10;0;0;2;2;1;B01
201500039830;0;30;0;0;2;1;0;A01
201500039830;0;7;0;0;0;4;23;B01
201500039831;0;7;0;0;1;0;0;A01
201500039832;0;7;0;0;1;1;1;A01
201500039833;0;1;0;0;2;1;1;A01
201500039833;1;7;0;0;9;7;15;Z01
201500039834;0;10;0;0;2;2;0;A01
201500039834;0;7;0;1;0;4;0;B01
201500039835;0;32;0;0;1;7;0;A01
201500039836;0;7;0;0;2;4;0;A01
201500039836;0;7;0;0;2;0;0;B01
201500039837;1;7;0;0;2;1;1;A01
201500039837;0;33;0;0;0;4;1;B01
201500039838;0;7;0;0;2;5;15;A01
201500039838;1;7;0;0;2;0;1;Z01
201500039839;1;7;0;0;2;0;15;A01
201500039839;0;32;0;0;2;3;1;B01
201500039840;0;7;0;0;1;2;1;B01
201500039841;0;7;0;0;1;1;0;A01
201500039842;0;7;0;14;1;3;15;A01
201500039843;0;7;0;1;0;2;17;A01
201500039843;0;34;0;0;0;1;3;B01
201500039844;0;7;0;0;9;2;0;A01
201500039844;0;1;0;0;2;8;0;B01
201500039845;0;7;0;0;1;0;0;A01
201500039846;0;7;0;0;2;2;14;A01
201500039846;0;32;0;14;2;0;0;B01
201500039847;1;7;0;0;1;3;2;A01
201500039848;0;30;0;0;2;3;18;A01
201500039848;0;7;0;0;0;2;1;B01
201500039849;0;7;0;0;2;3;10;A01
201500039849;0;31;0;0;2;1;2;B01
201500039850;0;7;0;1;0;9;21;A01
201500039851;0;7;0;1;0;3;2;A01
201500039852;0;33;0;0;2;7;21;B01
201500039852;0;7;0;0;2;3;1;A01
201500039853;0;7;0;0;1;3;1;A01
201500039853;0;7;0;0;1;3;1;B01
201500039854;0;7;0;0;0;0;0;A01
201500039854;1;7;0;0;2;0;0;B01
201500039855;0;7;0;0;1;1;2;A01
201500039856;0;7;0;0;1;1;0;A01
201500039857;0;7;0;0;2;0;20;A01
201500039857;0;2;0;12;0;7;18;B01
201500039858;0;7;0;0;1;8;1;A01
201500039859;0;33;0;0;2;2;0;A01
201500039859;0;7;0;0;0;6;0;B01
201500039860;0;7;0;2;0;6;1;A01
201500039860;0;10;0;0;2;2;14;B01
201500039861;0;7;0;0;2;1;1;A01
201500039861;0;7;0;0;2;1;11;B01
201500039862;0;33;0;0;2;0;21;A01
201500039862;1;7;0;0;2;0;1;Z01
201500039863;0;1;0;0;2;1;14;A01
201500039863;0;7;0;0;9;6;20;B01
201500039864;1;7;0;0;2;0;0;A01
201500039864;0;7;0;0;2;3;15;B01
201500039865;0;7;0;8;0;1;0;A01
201500039866;0;7;0;0;2;1;2;A01
201500039866;0;7;0;0;0;4;23;B01
201500039867;0;7;0;0;2;3;2;B01
201500039867;0;7;0;0;2;1;2;A01
201500039868;0;7;0;0;1;1;0;A01
201500039869;0;10;0;0;1;2;1;A01
201500039870;0;33;0;0;2;8;12;A01
201500039870;0;7;0;0;2;1;0;B01
201500039871;1;33;0;0;1;1;0;A01
201500039872;0;7;0;0;0;2;1;A01
201500039872;0;7;0;0;0;1;0;B01
201500039873;0;32;0;0;2;1;2;A01
201500039873;0;7;0;0;2;8;2;B01
201500039874;0;31;0;0;2;0;17;A01
201500039874;0;7;0;0;2;3;15;B01
201500039875;2;7;0;9;0;1;1;A01
201500039876;0;7;0;1;1;2;2;A01
201500039877;0;32;0;1;0;8;0;A01
201500039878;0;7;0;0;1;2;0;A01
201500039879;0;7;0;0;0;3;2;B01
201500039879;0;7;0;0;2;1;2;A01
201500039880;0;7;0;0;9;2;1;A01
201500039880;0;1;0;0;2;1;1;Y01
201500039881;1;7;0;0;1;0;0;A01
201500039882;0;7;0;0;1;2;16;A01
201500039883;0;7;0;0;1;3;15;A01
201500039884;1;7;0;0;2;1;0;A01
201500039884;0;7;0;0;2;3;15;B01
201500039885;0;7;0;0;2;1;2;A01
201500039885;0;7;0;0;2;4;23;B01
201500039886;0;7;0;0;2;7;15;B01
201500039886;0;3;0;0;2;1;1;A01
201500039887;1;32;0;0;1;1;2;A01
201500039888;0;7;0;0;2;2;9;A01
201500039888;0;1;0;0;2;1;14;B01
201500039889;0;7;0;14;0;2;1;A01
201500039890;0;7;0;0;1;2;2;A01
201500039891;0;33;0;0;2;8;0;A01
201500039891;0;7;0;0;2;2;1;B01
201500039892;0;13;0;0;2;5;12;A01
201500039892;0;7;0;0;2;3;1;B01
201500039893;0;7;0;0;2;1;1;A01
201500039893;0;7;0;0;2;3;19;B01
201500039894;0;7;0;0;1;0;1;A01
201500039895;1;33;0;0;2;1;5;A01
201500039895;0;7;0;0;2;7;9;B01
201500039896;0;30;0;12;0;2;1;A01
201500039897;0;33;0;0;2;8;0;B01
201500039897;0;7;0;0;2;1;0;A01
201500039898;0;7;0;0;2;1;1;A01
201500039898;0;7;0;0;2;8;1;B01
201500039899;0;33;0;0;2;7;1;A01
201500039900;0;7;0;0;2;3;1;A01
201500039900;0;7;0;0;2;2;15;B01
201500039901;0;7;0;15;0;2;1;A01
201500039902;0;34;0;0;1;3;1;A01
201500039903;0;7;0;0;1;0;4;A01
201500039904;0;7;0;0;1;3;1;A01
201500039905;0;7;0;0;1;1;0;A01
201500039906;1;7;0;0;1;0;0;A01
201500039907;0;7;0;0;0;3;1;A01
201500039907;0;7;0;0;2;1;19;B01
201500039908;0;7;0;0;2;1;1;A01
201500039908;0;7;0;0;2;6;10;B01
201500039909;0;37;7;0;2;1;1;A01
201500039909;0;15;0;0;0;4;0;B01
201500039910;0;7;0;0;1;5;1;A01
201500039911;0;33;0;0;2;9;21;A01
201500039911;0;33;0;0;2;4;1;B01
201500039912;0;7;0;0;1;3;9;A01
201500039913;0;7;0;0;2;7;12;A01
201500039913;0;15;0;0;2;3;1;B01
201500039914;0;7;0;0;2;3;9;A01
201500039914;0;33;0;0;2;1;1;B01
201500039915;2;99;0;1;0;2;0;A01
201500039915;0;7;0;1;0;6;24;B01
201500039916;0;7;0;0;2;1;9;B01
201500039916;1;7;0;0;2;1;1;A01
201500039917;0;7;0;0;2;2;2;A01
201500039917;0;7;0;0;0;6;23;B01
201500039918;0;30;0;0;0;1;0;A01
201500039918;0;7;0;0;0;8;0;B01
201500039919;0;7;0;0;0;3;15;A01
201500039919;0;7;0;0;2;1;17;B01
201500039920;0;7;0;11;0;1;1;A01
201500039921;0;7;0;12;0;3;6;A01
201500039922;0;7;0;6;0;2;1;A01
201500039922;1;7;0;0;2;1;1;B01
201500039923;0;7;0;0;1;2;21;A01
201500039924;0;7;0;0;1;7;1;A01
201500039925;0;7;0;0;0;1;0;A01
201500039925;0;33;0;0;0;3;0;B01
201500039926;0;7;0;0;0;8;22;A01
201500039926;0;7;0;1;9;8;17;B01
201500039927;0;7;0;0;2;2;2;A01
201500039927;0;7;0;0;2;8;10;B01
201500039928;1;32;0;0;2;1;2;A01
201500039928;0;7;0;0;2;5;2;B01
201500039929;0;7;0;0;2;1;1;A01
201500039929;0;7;0;0;2;1;1;B01
201500039929;0;7;0;0;2;4;1;C01
201500039930;0;30;0;16;0;2;0;A01
201500039931;0;7;0;0;1;1;0;A01
201500039932;0;37;0;0;2;3;2;A01
201500039932;0;10;0;0;2;1;2;B01
201500039933;0;7;0;0;1;2;0;A01
201500039934;0;7;0;0;1;4;20;A01
201500039935;0;2;0;0;1;2;0;A01
201500039936;0;7;0;0;1;1;2;A01
201500039937;0;7;0;15;2;0;2;A01
201500039937;0;1;0;0;2;0;2;B02
201500039938;0;7;0;0;1;1;1;A01
201500039939;0;7;0;0;1;2;17;A01
201500039940;0;14;0;0;0;5;2;A01
201500039940;0;15;0;0;0;3;23;B01
201500039940;0;10;0;0;0;6;23;C01
201500039940;0;10;0;0;0;4;23;D01
201500039941;0;7;0;0;2;1;1;A01
201500039941;0;32;0;0;2;1;5;B01
201500039942;0;7;0;0;2;2;12;A01
201500039942;0;37;1;0;2;8;2;B01
201500039943;0;3;0;0;1;1;2;A01
201500039944;0;7;0;0;2;1;13;A01
201500039944;0;31;0;0;2;1;1;B01
201500039945;0;7;0;0;2;3;1;A01
201500039945;0;13;0;0;0;0;1;B01
201500039946;0;7;0;0;1;1;15;A01
201500039947;0;7;0;0;2;7;2;B01
201500039947;0;7;0;0;2;3;9;A01
201500039948;0;7;0;0;2;4;23;A01
201500039948;0;7;0;0;2;4;23;B01
201500039948;0;7;0;1;0;1;14;C01
201500039949;0;10;0;6;1;1;1;A01
201500039950;1;7;0;0;1;1;0;A01
201500039951;0;7;0;0;2;1;2;A01
201500039951;0;7;0;0;0;0;2;B01
201500039952;0;7;0;0;1;2;2;A01
201500039953;0;7;0;0;2;3;2;A01
201500039953;0;32;0;0;2;7;2;B01
201500039954;0;7;0;0;2;1;0;B01
201500039954;0;7;0;0;2;7;0;A01
201500039955;0;7;0;0;1;3;20;A01
201500039956;0;7;0;0;1;2;1;A01
201500039957;0;2;0;0;2;1;1;A01
201500039957;0;10;0;0;2;3;0;B01
201500039958;0;7;0;0;0;0;0;A01
201500039958;0;7;0;0;0;0;0;B01
201500039959;0;7;0;0;1;2;1;A01
201500039960;0;7;0;0;2;2;15;A01
201500039960;0;10;0;8;2;1;1;B01
201500039961;0;7;0;6;0;2;0;A01
201500039962;1;7;0;0;1;4;4;A01
201500039963;0;7;0;0;1;1;0;A01
201500039964;0;10;0;0;2;1;3;A01
201500039964;0;7;0;0;0;4;0;B01
201500039965;0;37;0;0;1;7;2;A01
201500039966;0;3;0;0;0;1;2;D01
201500039966;0;3;0;0;0;1;2;E01
201500039966;0;3;0;0;0;0;2;F01
201500039966;0;3;0;0;0;0;2;G01
201500039966;0;3;0;0;0;0;2;H01
201500039966;0;3;0;0;2;1;2;C02
201500039966;1;3;0;0;0;0;0;Z02
201500039967;0;7;0;0;1;3;9;A01
201500039968;0;99;0;12;1;5;4;A01
201500039969;0;7;0;0;0;4;2;A01
201500039969;0;7;0;0;0;1;2;B01
201500039970;0;7;0;1;0;1;2;A01
201500039970;0;7;0;1;0;4;2;B01
201500039970;0;7;0;0;0;4;2;C01
201500039971;0;7;0;0;1;2;1;A01
201500039972;0;7;0;0;1;3;17;A01
201500039973;0;7;0;0;2;1;2;A01
201500039973;0;7;0;0;1;4;23;B01
201500039974;0;7;0;0;0;6;0;A01
201500039974;0;37;15;0;0;0;0;B01
201500039975;0;7;0;0;2;1;2;A01
201500039975;0;7;0;0;2;4;2;B01
201500039976;0;7;0;0;2;2;1;A01
201500039976;0;2;0;0;2;1;9;B01
201500039977;0;7;0;0;2;8;1;B01
201500039977;0;7;0;14;2;1;0;A01
201500039978;0;7;0;6;0;1;0;A01
201500039979;0;7;0;0;2;2;1;A01
201500039979;0;7;0;0;2;3;16;B01
201500039980;0;2;0;0;2;1;13;A01
201500039980;0;7;0;0;2;1;0;B01
201500039981;0;7;0;0;2;1;2;A01
201500039981;1;7;0;0;2;7;2;B01
201500039982;0;7;0;0;2;1;1;A01
201500039982;0;7;0;0;2;7;1;B01
201500039983;0;7;0;0;0;3;0;A01
201500039983;0;34;0;0;0;1;0;B01
201500039984;0;7;0;0;0;2;1;A01
201500039984;0;7;0;0;0;1;0;B01
201500039985;0;7;0;0;2;1;0;A01
201500039985;0;7;0;0;2;1;0;B01
201500039986;0;7;0;8;0;1;0;A01
201500039987;0;30;0;0;2;7;0;A01
201500039987;1;30;0;0;0;0;0;B01
201500039988;1;7;0;1;1;1;1;A01
201500039989;0;37;0;0;1;0;0;A01
201500039990;0;7;0;0;2;3;15;A01
201500039990;0;2;0;0;2;2;16;B01
201500039991;0;7;0;0;2;1;2;A01
201500039991;0;7;0;8;2;7;19;B01
201500039992;0;40;0;0;1;2;1;A01
201500039993;0;14;0;0;2;3;17;A01
201500039993;0;1;0;0;1;7;21;B01
201500039994;0;7;0;0;1;2;14;A01
201500039995;0;3;0;0;1;2;1;A01
201500039996;0;2;0;0;2;2;1;A01
201500039996;0;7;0;0;2;8;9;B01
201500039997;0;7;0;0;2;1;2;A01
201500039997;0;7;0;0;0;4;0;B01
201500039997;0;7;0;0;2;4;0;C01
201500039998;0;37;1;0;1;2;1;A01
201500039999;0;7;0;0;0;2;3;A01
201500039999;0;7;0;0;0;8;0;B01
201500039999;0;7;0;0;0;6;0;C01
201500039999;0;7;0;0;0;5;0;D01
201500040000;0;7;0;9;0;3;1;A01
201500040001;0;7;0;9;2;1;1;A01
201500040001;0;7;0;0;2;2;10;B01
201500040002;0;7;0;0;2;1;21;A01
201500040002;0;3;0;0;2;1;1;B01
201500040002;1;3;0;0;0;0;15;Z01
201500040003;0;7;0;0;2;1;9;A01
201500040003;0;31;0;0;2;2;0;B01
201500040004;0;37;0;0;1;2;1;A01
201500040005;0;10;0;12;0;2;1;A01
201500040006;0;7;0;0;1;1;0;A01
201500040007;0;34;0;0;1;0;0;A01
201500040008;0;7;0;2;0;1;7;A01
201500040009;0;7;0;0;2;6;7;A01
201500040009;0;37;0;0;2;2;1;B01
201500040010;1;2;0;0;2;0;12;A01
201500040010;0;3;0;0;2;6;1;B01
201500040010;0;3;0;0;0;0;1;C01
201500040011;0;7;0;0;1;3;0;A01
201500040012;0;7;0;0;1;0;0;A01
201500040013;0;34;0;0;2;3;1;A01
201500040013;0;7;0;0;2;1;1;B01
201500040014;0;7;0;0;0;4;23;A01
201500040014;0;7;0;0;2;1;2;B01
201500040015;0;30;0;0;2;9;1;A01
201500040016;0;7;0;0;1;7;2;A01
201500040017;0;7;0;4;0;1;16;A01
201500040018;0;7;0;0;0;4;2;A01
201500040018;0;7;0;0;2;1;2;B01
201500040019;0;7;0;15;0;1;0;A01
201500040020;0;99;0;0;2;3;13;A01
201500040020;0;2;0;0;2;3;17;B01
201500040021;0;7;0;0;2;4;16;A01
201500040021;0;2;0;0;2;1;1;B01
201500040022;0;34;0;12;0;0;0;A01
201500040023;0;3;0;6;0;1;13;A01
201500040024;2;32;0;0;1;8;1;A01
201500040025;0;7;0;0;2;1;1;A01
201500040025;0;7;0;0;2;2;6;B01
201500040026;1;7;0;0;1;0;0;A01
201500040027;0;7;0;14;2;2;1;A01
201500040027;0;1;0;0;2;4;9;B01
201500040028;0;10;0;0;0;0;0;A01
201500040028;0;30;0;0;0;0;0;B01
201500040029;0;7;0;2;0;0;0;A01
201500040030;2;3;0;0;0;0;0;A01
201500040030;0;3;0;0;0;0;0;B01
201500040031;0;7;0;4;0;3;1;A01
201500040032;0;7;0;0;0;8;3;A01
201500040032;0;15;0;0;2;2;1;B01
201500040032;0;7;0;0;0;6;1;C01
201500040033;0;10;0;0;2;1;2;D01
201500040033;0;14;0;0;2;1;2;A01