num_acc;senc;catv;occutc;obs;obsm;choc;manv;num_veh
201500040033;0;7;0;0;0;0;2;C01
201500040033;0;10;0;0;2;1;2;B01
201500040034;0;37;0;0;0;3;0;B01
201500040034;0;7;0;0;0;2;12;A01
201500040035;0;3;0;0;2;4;1;B01
201500040035;0;3;0;0;2;1;1;A01
201500040036;0;2;0;0;2;7;2;A01
201500040036;0;7;0;0;2;3;0;B01
201500040037;0;7;0;0;1;3;5;A01
201500040038;0;7;0;0;1;0;0;A01
201500040039;1;7;0;0;2;1;14;A01
201500040039;0;7;0;0;0;5;0;B01
201500040040;0;3;0;0;2;1;2;A01
201500040040;0;7;0;0;2;4;2;B01
201500040041;0;7;0;0;1;2;2;A01
201500040042;0;7;0;0;1;2;1;A01
201500040043;0;7;0;0;1;0;0;A01
201500040044;0;34;0;0;1;3;1;A01
201500040045;0;7;0;0;2;1;12;A01
201500040045;0;7;0;0;2;1;19;B01
201500040046;0;7;0;4;0;1;0;A01
201500040046;0;7;0;0;0;1;0;B01
201500040047;0;2;0;0;2;1;0;A01
201500040047;0;7;0;0;0;0;16;B01
201500040048;0;7;0;0;0;0;0;A01
201500040049;0;7;0;0;2;3;9;A01
201500040049;0;7;0;0;2;2;2;B01
201500040050;0;33;0;0;2;6;2;A01
201500040050;1;7;0;0;2;2;17;B01
201500040051;0;7;0;0;1;1;1;A01
201500040052;0;10;0;0;0;3;0;A01
201500040052;0;33;0;12;2;1;2;B01
201500040053;0;37;0;0;1;2;1;A01
201500040054;0;7;0;0;1;1;0;A01
201500040055;0;7;0;0;1;2;1;A01
201500040056;0;37;10;1;0;5;11;A01
201500040056;0;37;10;0;0;6;0;B01
201500040057;0;7;0;0;0;0;0;A01
201500040057;0;7;0;0;0;8;2;B01
201500040058;0;7;0;0;0;3;11;A01
201500040058;0;34;0;0;0;7;2;B01
201500040059;1;99;0;0;0;0;0;A01
201500040060;0;10;0;0;2;2;0;A01
201500040060;0;2;0;0;2;7;0;B01
201500040061;0;7;0;0;0;1;0;A01
201500040062;0;31;0;0;0;7;2;A01
201500040062;0;10;0;0;0;1;2;B01
201500040063;1;7;0;0;1;0;0;A01
201500040064;0;7;0;0;2;1;0;A01
201500040064;0;7;0;0;2;4;0;B01
201500040064;0;7;0;0;0;0;0;C01
201500040064;0;7;0;0;0;6;0;D01
201500040065;0;7;0;0;1;8;10;A01
201500040065;0;32;0;0;2;1;17;B01
201500040066;0;7;0;0;0;3;15;A01
201500040066;0;34;0;0;2;2;17;B01
201500040067;0;7;0;0;1;1;2;A01
201500040067;0;7;0;0;2;1;0;B01
201500040068;0;7;0;0;1;1;0;A01
201500040069;1;7;0;0;2;1;0;A01
201500040069;0;7;0;0;1;1;0;B01
201500040070;0;7;0;0;0;9;0;A01
201500040070;0;10;0;0;2;6;0;B01
201500040070;0;7;0;0;2;1;0;C01
201500040070;0;7;0;0;2;1;0;D01
201500040071;0;7;0;0;2;1;12;A01
201500040071;0;7;0;0;0;4;4;B01
201500040072;0;7;0;0;2;1;2;A01
201500040072;0;7;0;0;0;4;2;B01
201500040073;0;7;0;0;1;2;1;A01
201500040074;0;7;0;0;0;1;0;A01
201500040074;0;7;0;0;0;4;0;B01
201500040075;0;7;0;0;1;2;1;A01
201500040076;0;7;0;8;1;1;2;B01
201500040076;0;7;0;0;2;4;23;A01
201500040077;0;7;0;0;0;6;0;A01
201500040077;0;37;4;0;0;2;0;B01
201500040078;0;7;0;0;2;1;2;A01
201500040078;0;7;0;0;2;4;23;B01
201500040078;0;7;0;0;0;0;21;C01
201500040079;0;7;0;0;1;1;0;A01
201500040080;0;33;0;0;1;2;1;A01
201500040081;0;15;0;0;1;3;1;A01
201500040082;0;33;0;0;2;0;0;A01
201500040082;0;7;0;0;0;0;0;B01
201500040083;1;3;0;0;1;0;0;A01
201500040084;0;37;10;0;1;2;23;A01
201500040085;0;7;0;0;1;3;0;A01
201500040086;0;7;0;0;2;2;0;B01
201500040086;0;7;0;0;2;3;1;A01
201500040087;0;7;0;0;1;1;2;A01
201500040088;0;31;0;0;2;1;2;A01
201500040088;0;7;0;0;0;4;23;B01
201500040089;0;7;0;0;1;1;1;A01
201500040089;0;7;0;0;2;8;1;B01
201500040090;0;7;0;1;0;0;24;A01
201500040090;0;7;0;0;2;5;12;B01
201500040091;0;1;0;0;0;5;0;A01
201500040091;0;7;0;0;0;0;0;B01
201500040092;0;7;0;0;2;2;1;A01
201500040092;0;7;0;0;2;1;1;B01
201500040093;0;7;0;0;0;0;0;A01
201500040093;0;2;0;0;0;0;0;B01
201500040094;0;7;0;0;2;1;2;A01
201500040094;0;7;0;0;2;4;2;B01
201500040095;0;31;0;0;2;5;1;A01
201500040095;0;10;0;0;0;5;23;B01
201500040096;0;7;0;0;1;2;1;A01
201500040097;0;7;0;0;2;3;0;A01
201500040097;0;3;0;0;2;2;1;B01
201500040098;0;7;0;0;0;6;4;A01
201500040098;0;33;0;0;0;2;0;B01
201500040099;0;14;0;0;2;6;11;A01
201500040099;0;7;0;0;2;2;1;B01
201500040100;0;7;0;0;1;3;0;A01
201500040101;0;7;0;0;2;2;7;A01
201500040101;0;34;0;0;2;3;9;B01
201500040102;0;7;0;0;1;2;0;A01
201500040103;0;7;0;0;0;1;2;A01
201500040103;0;7;0;0;0;4;2;B01
201500040104;0;7;0;0;2;1;1;A01
201500040104;0;7;0;0;2;4;1;B01
201500040105;0;7;0;0;1;1;0;A01
201500040106;0;7;0;0;1;3;0;A01
201500040107;0;7;0;0;1;1;1;A01
201500040108;0;34;0;0;2;7;1;B01
201500040108;2;7;0;0;2;2;19;A01
201500040109;0;13;0;0;2;1;1;A01
201500040109;0;7;0;0;9;4;1;B01
201500040110;0;7;0;0;2;1;2;A01
201500040110;0;7;0;0;2;4;23;B01
201500040110;0;7;0;0;2;4;23;C01
201500040111;0;34;0;0;2;2;1;A01
201500040111;0;7;0;0;2;1;11;B01
201500040112;0;7;0;0;0;2;1;B01
201500040112;1;30;0;0;0;0;0;A01
201500040113;0;2;0;0;2;1;2;A01
201500040113;0;7;0;0;2;8;9;B01
201500040114;0;7;0;0;1;8;1;A01
201500040115;0;7;0;0;2;1;2;A01
201500040115;0;7;0;0;2;3;16;B01
201500040116;0;1;0;0;2;8;19;A01
201500040116;0;7;0;0;9;1;1;B01
201500040117;0;34;0;0;2;2;1;B01
201500040117;0;7;0;0;2;3;15;A01
201500040118;0;7;0;0;1;0;0;A01
201500040119;0;7;0;0;0;5;1;B01
201500040119;0;13;0;0;2;3;9;A01
201500040120;0;7;0;0;0;8;11;A01
201500040120;0;34;0;0;2;7;1;B01
201500040121;0;7;0;0;2;5;0;A01
201500040121;0;34;0;0;2;3;0;B01
201500040122;0;7;0;0;0;0;0;A01
201500040122;0;7;0;0;0;0;0;B01
201500040123;0;7;0;0;0;3;0;A01
201500040123;0;30;0;0;2;7;2;B01
201500040124;0;31;0;0;0;8;2;A01
201500040125;0;7;0;0;2;3;3;A01
201500040125;0;7;0;9;0;2;2;B01
201500040126;0;33;0;0;2;2;21;A01
201500040126;0;7;0;0;0;2;15;B01
201500040127;0;7;0;11;0;0;0;A01
201500040128;0;7;0;0;2;2;14;A01
201500040128;0;7;0;0;0;6;1;B01
201500040129;0;33;0;0;2;1;1;B01
201500040129;0;7;0;0;2;1;0;A01
201500040130;0;7;0;3;0;1;1;A01
201500040131;0;10;0;0;0;0;0;A01
201500040131;0;33;0;0;0;0;0;B01
201500040132;0;32;0;0;2;1;2;A01
201500040132;0;7;0;0;0;4;2;B01
201500040133;0;7;0;0;2;2;15;A01
201500040133;0;30;0;0;2;3;16;B01
201500040134;0;33;0;14;0;1;21;A01
201500040134;1;10;0;0;0;0;0;B01
201500040135;0;7;0;0;2;4;2;A01
201500040135;0;13;0;0;2;1;2;B01
201500040136;0;7;0;0;2;1;5;A01
201500040136;0;7;0;0;2;1;1;B01
201500040137;0;37;1;0;0;0;0;A01
201500040137;0;7;0;0;0;0;0;B01
201500040138;0;7;0;0;0;3;1;A01
201500040138;0;7;0;0;0;0;1;B01
201500040139;0;7;0;0;2;1;2;A01
201500040139;0;7;0;0;0;4;2;B01
201500040140;0;7;0;0;2;1;0;A01
201500040140;0;7;0;0;2;1;0;B01
201500040141;0;7;0;0;1;0;0;A01
201500040142;0;32;0;0;9;2;1;A01
201500040142;0;7;0;0;0;5;2;B01
201500040143;0;7;0;0;2;8;1;A01
201500040143;0;33;0;0;2;7;2;B01
201500040144;0;30;0;0;2;2;12;A01
201500040144;0;33;0;0;0;0;0;B01
201500040145;0;7;0;0;2;4;2;A01
201500040145;0;31;0;0;2;1;2;B01
201500040146;0;3;0;0;9;2;9;A01
201500040146;0;1;0;0;2;1;1;B01
201500040147;0;2;0;0;2;7;11;A01
201500040147;0;7;0;0;2;3;2;B01
201500040148;0;7;0;0;2;1;2;A01
201500040148;0;7;0;0;0;4;2;B01
201500040149;0;7;0;0;2;5;12;A01
201500040149;0;34;0;0;2;3;1;B01
201500040150;0;7;0;0;2;5;1;A01
201500040150;1;7;0;0;2;0;0;B01
201500040151;0;1;0;0;0;0;0;A01
201500040151;1;7;0;0;0;0;0;B01
201500040152;0;7;0;0;2;4;0;A01
201500040152;0;7;0;0;2;1;2;B01
201500040153;0;10;0;0;2;2;15;A01
201500040153;0;10;0;15;2;3;1;B01
201500040154;0;7;0;0;2;1;2;A01
201500040154;0;7;0;0;0;4;2;B01
201500040155;0;7;0;1;0;6;2;A01
201500040155;0;1;0;0;0;4;2;B01
201500040156;0;34;0;0;0;7;0;A01
201500040156;0;7;0;0;0;3;0;B01
201500040157;0;7;0;0;1;2;2;A01
201500040158;0;30;0;0;2;2;2;A01
201500040158;0;7;0;0;2;6;0;B01
201500040159;0;99;0;0;1;2;2;A01
201500040160;0;10;0;0;2;1;2;A01
201500040160;0;7;0;0;2;7;2;B01
201500040161;0;33;0;0;1;3;0;B01
201500040161;0;7;0;0;1;1;19;A01
201500040162;0;7;0;0;1;8;1;A01
201500040163;0;7;0;0;0;8;0;A01
201500040163;0;7;0;0;0;1;0;B01
201500040164;0;37;1;0;1;2;0;A01
201500040165;0;7;0;0;0;1;0;A01
201500040165;0;7;0;0;0;7;0;B01
201500040166;0;7;0;0;2;1;2;A01
201500040166;0;7;0;0;2;4;2;B01
201500040167;0;7;0;0;1;1;2;A01
201500040168;1;7;0;0;1;0;0;A01
201500040169;1;7;0;0;1;0;0;A01
201500040170;0;7;0;0;1;3;15;A01
201500040171;0;7;0;0;1;1;0;A01
201500040172;0;7;0;0;0;7;15;A01
201500040172;0;33;0;0;0;1;1;B01
201500040173;0;10;0;0;2;1;2;A01
201500040173;0;10;0;0;0;4;0;B01
201500040174;0;7;0;0;2;4;2;A01
201500040174;0;7;0;0;2;1;2;B01
201500040174;0;7;0;0;2;1;2;C01
201500040175;0;7;0;0;2;1;1;A01
201500040175;0;7;0;0;2;5;1;B01
201500040176;0;7;0;0;1;2;1;A01
201500040177;0;33;0;0;2;0;3;A01
201500040177;0;7;0;0;2;6;1;B01
201500040178;2;7;0;0;2;2;2;A01
201500040179;0;7;0;0;0;5;12;A01
201500040179;0;34;0;0;2;3;0;B01
201500040180;0;7;0;0;0;4;0;A01
201500040180;0;10;0;0;0;0;0;B01
201500040181;0;7;0;0;1;3;1;A01
201500040182;0;1;0;0;9;7;9;A01
201500040182;1;99;0;0;9;0;5;B01
201500040183;1;99;0;0;2;1;19;A01
201500040183;0;7;0;0;2;3;1;B01
201500040184;0;2;0;0;0;0;15;A01
201500040185;0;7;0;0;2;1;1;A01
201500040185;0;7;0;0;2;1;1;B01
201500040186;0;7;0;0;1;2;1;A01
201500040187;0;2;0;0;0;0;2;A01
201500040188;0;7;0;15;0;9;1;A01
201500040189;0;7;0;0;1;1;2;A01
201500040190;0;10;0;0;1;1;17;A01
201500040191;0;30;0;0;2;1;0;A01
201500040191;0;7;0;0;2;4;16;B01
201500040192;0;7;0;12;2;1;13;A01
201500040192;0;7;0;0;2;3;1;B01
201500040193;0;7;0;0;9;3;1;A01
201500040193;0;1;0;0;2;3;13;B01
201500040194;0;7;0;0;2;1;1;A01
201500040194;0;7;0;0;2;2;1;B01
201500040195;0;7;0;0;2;1;1;A01
201500040195;0;7;0;0;2;4;1;B01
201500040196;0;7;0;0;2;3;0;B01
201500040196;0;2;0;0;2;2;0;A01
201500040197;0;7;0;0;2;3;15;A01
201500040197;0;30;0;0;2;9;17;B01
201500040198;0;10;0;0;2;1;2;A01
201500040198;0;7;0;1;0;4;2;B01
201500040199;0;37;0;0;1;2;1;A01
201500040200;0;2;0;0;2;1;1;A01
201500040200;0;7;0;0;2;3;15;B01
201500040201;0;7;0;15;0;1;1;A01
201500040202;0;10;0;0;1;1;1;A01
201500040203;0;7;0;0;2;6;2;A01
201500040203;0;7;0;0;2;6;23;B01
201500040203;0;7;0;0;0;5;23;C01
201500040204;0;31;0;0;2;1;17;A01
201500040204;0;7;0;0;0;4;15;B01
201500040205;0;3;0;0;0;0;14;A01
201500040205;1;1;0;0;0;0;19;B01
201500040206;0;7;0;0;1;3;1;A01
201500040207;0;7;0;0;2;1;11;A01
201500040207;0;33;0;0;2;8;1;B01
201500040208;0;7;0;0;1;7;2;A01
201500040209;0;7;0;0;2;1;0;A01
201500040209;0;7;0;0;2;8;0;B01
201500040210;0;7;0;0;2;7;4;A01
201500040210;0;37;0;0;2;3;1;B01
201500040211;0;32;0;12;0;1;21;A01
201500040212;0;7;0;0;1;2;1;A01
201500040213;0;33;0;0;0;5;0;B01
201500040213;1;99;0;0;2;0;0;Z01
201500040214;0;7;0;0;1;1;1;A01
201500040215;0;7;0;0;2;1;9;B01
201500040215;0;7;0;0;2;2;1;A02
201500040216;0;7;0;0;2;3;15;A01
201500040216;0;32;0;0;2;2;17;B01
201500040217;0;7;0;0;0;2;0;A01
201500040217;0;7;0;0;0;3;0;B01
201500040218;0;7;0;0;1;2;2;A01
201500040219;0;7;0;0;1;1;0;A01
201500040220;0;7;0;9;0;2;13;A01
201500040221;0;7;0;0;0;7;1;B01
201500040221;0;30;0;0;0;1;3;A01
201500040221;0;7;0;0;0;6;1;C01
201500040222;0;7;0;0;0;4;2;A01
201500040222;0;7;0;0;2;1;2;B01
201500040223;0;7;0;0;2;2;1;B01
201500040223;0;7;0;1;2;5;1;A01
201500040224;0;7;0;2;0;3;13;A01
201500040225;0;7;0;0;2;1;1;A01
201500040225;0;7;0;0;2;4;0;B01
201500040226;0;7;0;5;2;8;0;B01
201500040226;0;7;0;0;2;1;0;A01
201500040227;0;32;0;0;2;5;17;A01
201500040227;0;7;0;0;2;3;15;B01
201500040228;0;33;0;0;2;1;3;A01
201500040228;0;7;0;0;1;4;23;B01
201500040229;0;33;0;0;1;1;1;A01
201500040230;1;7;0;0;9;1;15;A01
201500040230;0;1;0;0;2;1;1;B01
201500040231;0;30;0;0;2;1;13;A01
201500040231;0;7;0;0;2;3;15;B01
201500040232;0;7;0;2;0;2;0;A01
201500040233;0;7;0;0;2;8;20;B01
201500040233;1;30;0;0;2;0;5;Z01
201500040234;1;7;0;0;2;0;0;A01
201500040234;0;7;0;0;0;3;0;B01
201500040235;0;7;0;0;1;7;2;A01
201500040236;0;33;0;0;2;1;0;A01
201500040236;0;7;0;0;0;0;2;B01
201500040237;0;10;0;0;2;3;9;A01
201500040237;0;31;0;0;2;6;0;B01
201500040238;0;7;0;0;1;1;1;A01
201500040239;0;7;0;8;2;1;11;A01
201500040239;0;34;0;0;2;8;1;B01
201500040240;0;7;0;0;1;8;1;A01
201500040241;0;33;0;0;0;4;2;A01
201500040241;1;7;0;0;2;1;2;Z01
201500040242;0;7;0;0;2;1;15;A01
201500040242;1;30;0;0;0;0;1;B01
201500040243;0;7;0;0;2;7;1;A01
201500040243;0;7;0;0;2;1;1;B01
201500040244;0;7;0;0;1;1;1;A01
201500040245;0;33;0;0;2;1;1;B01
201500040245;0;10;0;0;2;1;1;C01
201500040245;0;7;0;0;2;2;0;A01
201500040246;0;7;0;0;1;1;1;A01
201500040247;0;7;0;0;2;1;2;A01
201500040247;0;7;0;0;2;4;2;B01
201500040248;0;7;0;0;2;1;2;A01
201500040248;0;7;0;0;2;2;15;B01
201500040249;0;7;0;0;1;3;1;A01
201500040250;0;7;0;0;1;1;1;A01
201500040251;0;7;0;0;2;8;15;A01
201500040251;0;33;0;0;0;7;17;B01
201500040252;0;3;0;15;0;2;2;A01
201500040253;0;7;0;0;0;4;2;A01
201500040253;0;34;0;0;2;1;2;B01
201500040254;0;10;0;6;0;2;1;A01
201500040255;0;7;0;0;2;7;5;A01
201500040255;0;37;15;0;2;3;0;B01
201500040256;0;7;0;1;0;1;2;A01
201500040257;1;7;0;0;2;1;2;A01
201500040257;0;7;0;0;2;6;0;B01
201500040258;0;7;0;0;1;2;0;A01
201500040259;0;7;0;0;0;5;1;A01
201500040259;0;7;0;0;2;2;1;B01
201500040260;0;10;0;0;1;0;1;A01
201500040261;1;7;0;0;2;3;1;A01
201500040261;0;10;0;0;2;3;1;B01
201500040262;0;10;0;0;0;2;5;A01
201500040262;0;10;0;0;0;3;0;B01
201500040263;0;7;0;0;1;1;1;A01
201500040264;0;7;0;0;2;2;12;A01
201500040264;0;7;0;0;2;8;11;B01
201500040265;0;37;1;0;1;2;0;A01
201500040266;0;13;0;0;0;0;0;A01
201500040266;0;13;0;5;0;2;1;B01
201500040267;0;7;0;0;2;1;2;A01
201500040267;0;7;0;0;2;4;23;B01
201500040268;0;7;0;0;0;7;16;A01
201500040268;0;30;0;0;0;8;1;B01
201500040269;0;7;0;0;2;1;2;A01
201500040269;0;33;0;0;2;4;23;B01
201500040269;0;7;0;0;2;4;23;C01
201500040270;0;7;0;11;0;1;12;A01
201500040271;0;7;0;0;1;2;1;A01
201500040272;0;7;0;0;1;3;2;B01
201500040273;0;33;0;1;0;1;19;A01
201500040273;0;7;0;0;2;5;24;B01
201500040274;0;7;0;0;0;1;2;A01
201500040274;0;7;0;0;0;8;2;B01
201500040275;0;7;0;0;2;2;1;A01
201500040275;0;7;0;0;2;1;9;B01
201500040276;0;7;0;0;2;1;1;A01
201500040276;0;34;0;0;2;7;1;B01
201500040277;2;7;0;0;0;1;2;A01
201500040277;0;10;0;0;0;8;15;B01
201500040278;0;7;0;1;2;1;5;A01
201500040278;0;3;0;0;0;8;1;B01
201500040279;1;7;0;0;1;1;0;A01
201500040280;0;7;0;1;2;6;20;B01
201500040280;0;7;0;8;2;7;5;A01
201500040281;0;7;0;0;2;1;11;A01
201500040281;0;10;0;0;2;3;0;B01
201500040281;0;10;0;0;2;8;0;C01
201500040282;0;7;0;0;1;1;1;A01
201500040283;1;7;0;0;1;0;0;A01
201500040284;0;7;0;0;0;1;5;A01
201500040284;0;7;0;0;2;5;1;B01
201500040285;0;2;0;4;0;1;0;A01
201500040286;1;7;0;0;1;3;1;A01
201500040287;0;7;0;0;2;7;1;B01
201500040287;0;7;0;0;2;1;1;C01
201500040287;0;7;0;0;2;1;1;A01
201500040288;0;7;0;0;2;8;10;A01
201500040288;0;7;0;0;2;2;1;B01
201500040289;0;10;0;0;2;1;2;A01
201500040289;0;7;0;0;2;4;2;B01
201500040289;0;16;0;0;2;4;2;C01
201500040290;0;3;0;0;2;3;15;A01
201500040290;0;7;0;0;2;3;1;B01
201500040290;0;3;0;0;0;6;24;C01
201500040291;0;33;0;0;1;5;1;A01
201500040292;0;7;0;0;0;8;7;A01
201500040292;0;14;0;0;0;7;0;B01
201500040293;0;7;0;0;2;2;5;A01
201500040293;0;7;0;0;2;3;1;B01
201500040293;0;7;0;0;2;8;1;C01
201500040294;0;7;0;0;2;1;2;A01
201500040294;0;7;0;0;0;4;2;B01
201500040295;0;7;0;0;2;2;15;A01
201500040295;0;33;0;0;2;1;1;B01
201500040296;0;7;0;0;2;3;1;B01
201500040296;0;34;0;0;2;2;1;A01
201500040297;0;7;0;0;9;1;2;A01
201500040297;0;1;0;0;2;1;9;B01
201500040298;0;7;0;0;1;2;15;A01
201500040298;0;33;0;0;2;1;2;B01
201500040299;0;2;0;0;2;1;2;A01
201500040299;0;7;0;0;2;6;23;B01
201500040300;0;32;0;0;1;1;2;A01
201500040301;0;34;0;0;2;1;1;A01
201500040301;0;7;0;0;0;2;2;B01
201500040302;0;2;0;0;1;1;1;A01
201500040303;0;7;0;0;9;2;0;A01
201500040303;0;1;0;0;2;7;0;B01
201500040304;0;7;0;0;1;2;1;A01
201500040304;0;7;0;0;2;7;1;B01
201500040305;0;10;0;0;1;3;0;A01
201500040306;0;33;0;0;0;2;17;B01
201500040306;0;3;0;0;0;3;16;A01
201500040307;0;7;0;0;1;1;1;A01
201500040308;0;7;0;0;2;3;0;A01
201500040308;0;7;0;0;0;2;0;B01
201500040309;0;10;0;0;0;5;23;A01
201500040309;0;30;0;1;0;1;2;B01
201500040310;0;7;0;0;1;1;1;A01
201500040311;0;10;0;14;0;3;6;A01
201500040312;0;7;0;0;1;2;0;A01
201500040313;1;7;0;0;2;0;0;A01
201500040313;0;7;0;0;2;1;2;B01
201500040313;0;7;0;0;2;1;2;C01
201500040314;0;7;0;0;1;2;2;A01
201500040315;0;7;0;0;2;2;2;A01
201500040315;0;33;0;0;2;7;2;B01
201500040316;0;10;0;0;1;4;0;A01
201500040317;0;7;0;0;1;3;2;A01
201500040318;0;10;0;0;0;6;0;A01
201500040318;2;7;0;0;2;6;1;B01
201500040319;1;7;0;0;1;7;2;Z01
201500040320;0;7;0;0;2;2;2;A01
201500040320;0;13;0;0;0;6;2;B01
201500040321;0;7;0;0;2;3;15;A01
201500040321;0;34;0;0;2;1;1;B01
201500040322;0;10;0;0;2;8;1;B01
201500040322;0;7;0;0;2;2;1;A01
201500040323;1;7;0;0;1;1;0;A01
201500040324;0;7;0;0;4;8;9;A01
201500040324;0;40;0;0;4;1;9;B01
201500040324;0;33;0;0;2;7;0;C01
201500040324;0;33;0;0;2;8;14;D01
201500040325;0;1;0;0;2;4;12;A01
201500040325;0;34;0;0;2;7;3;B01
201500040326;0;7;0;0;2;1;0;A01
201500040326;0;7;0;0;0;4;23;B01
201500040327;0;33;0;0;2;1;3;A01
201500040327;0;7;0;0;0;6;1;B01
201500040327;0;7;0;0;0;5;1;C01
201500040328;0;7;0;0;2;7;15;A01
201500040328;0;7;0;0;0;2;0;B01
201500040328;0;7;0;1;0;5;24;C01
201500040329;0;7;0;0;1;1;1;A01
201500040330;0;7;0;0;2;1;2;A01
201500040330;0;7;0;0;0;4;2;B01
201500040331;1;7;0;0;2;0;0;A01
201500040331;0;7;0;0;2;6;24;B01
201500040332;0;7;0;0;0;6;15;A01
201500040332;0;33;0;0;2;1;3;B01
201500040333;1;7;0;0;1;2;0;A01
201500040334;0;32;0;0;0;0;1;A01
201500040335;0;7;0;0;2;5;4;A01
201500040335;0;7;0;0;2;7;1;B01
201500040336;0;7;0;0;2;2;15;A01
201500040336;0;30;0;0;2;1;2;B01
201500040337;0;34;0;0;0;1;7;A01
201500040337;0;7;0;0;0;7;16;B01
201500040338;0;7;0;0;2;1;0;A01
201500040338;0;7;0;0;2;3;0;B01
201500040339;1;7;0;0;2;0;15;B01
201500040339;0;2;0;0;2;8;3;A01
201500040340;0;7;0;0;1;2;1;A01
201500040341;0;7;0;0;2;2;1;B01
201500040341;0;7;0;0;2;8;11;A01
201500040342;0;7;0;0;0;0;12;A01
201500040342;0;7;0;1;0;1;14;B01
201500040343;0;31;0;0;2;1;2;B01
201500040343;0;7;0;0;2;3;11;A01
201500040344;0;7;0;0;2;1;2;A01
201500040344;0;7;0;0;2;4;2;B01
201500040345;0;34;0;0;0;4;0;A01
201500040345;0;7;0;0;0;2;1;B01
201500040346;0;7;0;0;2;2;13;A01
201500040346;0;30;0;0;2;1;1;B01
201500040347;0;7;0;0;1;1;0;A01
201500040348;0;10;0;0;1;3;1;A01
201500040349;1;7;0;0;2;1;11;A01
201500040349;0;32;0;0;0;1;1;B01
201500040350;0;7;0;1;0;2;2;A01
201500040351;0;7;0;0;1;1;1;A01
201500040352;0;7;0;0;0;0;0;B01
201500040352;0;7;0;0;0;0;0;C01
201500040352;0;7;0;0;0;3;0;A01
201500040353;0;7;0;1;0;1;12;A01
201500040353;0;7;0;0;0;4;0;B01
201500040354;0;7;0;0;1;3;0;A01
201500040355;0;7;0;0;2;7;15;A01
201500040355;0;34;0;0;2;1;1;B01
201500040356;0;7;0;0;1;1;1;A01
201500040357;0;7;0;0;0;1;2;A01
201500040358;0;7;0;0;9;2;23;A01
201500040358;0;1;0;0;2;1;18;B01
201500040359;0;2;0;0;0;7;1;A01
201500040360;0;30;0;0;0;1;9;A01
201500040360;0;34;0;0;2;1;1;B01
201500040361;0;7;0;0;2;1;2;A01
201500040361;0;2;0;0;0;4;15;B01
201500040362;0;7;0;0;0;6;0;A01
201500040362;0;7;0;0;2;2;0;B01
201500040363;0;33;0;0;0;1;1;A01
201500040363;0;7;0;0;0;7;11;B01
201500040364;0;7;0;0;2;7;2;A01
201500040364;0;7;0;0;2;1;2;B01
201500040365;0;7;0;0;2;3;1;A01
201500040365;0;1;0;0;2;3;1;B01
201500040366;0;7;0;0;1;5;1;A01
201500040367;0;7;0;0;0;2;16;A01
201500040367;0;2;0;8;2;3;18;B01
201500040368;0;7;0;0;1;2;2;A01
201500040369;0;7;0;0;2;1;10;A01
201500040369;0;32;0;0;2;1;17;B01
201500040370;0;7;0;0;0;7;15;A01
201500040370;0;2;0;0;0;1;15;B01
201500040371;0;7;0;0;2;1;2;B01
201500040371;0;7;0;8;2;2;2;A01
201500040372;0;7;0;0;1;1;15;A01
201500040373;0;7;0;0;1;3;1;A01
201500040374;1;99;0;0;1;0;0;A01
201500040375;0;7;0;0;1;2;1;A01
201500040376;0;7;0;0;1;2;1;A01
201500040377;0;7;0;0;2;1;1;A01
201500040377;0;7;0;0;0;4;1;B01
201500040378;0;33;0;0;0;2;1;A01
201500040378;0;7;0;0;0;3;20;B01
201500040379;0;7;0;0;1;0;1;A01
201500040380;0;7;0;1;0;3;0;A01
201500040381;0;7;0;0;0;0;0;A01
201500040381;0;1;0;0;0;0;0;B01
201500040382;0;7;0;1;1;2;2;A01
201500040383;0;7;0;0;2;1;1;A01
201500040383;0;1;0;0;2;1;5;B01
201500040384;0;14;0;0;2;5;23;A01
201500040384;0;2;0;0;2;3;18;B01
201500040385;0;7;0;0;2;3;11;A01
201500040385;0;33;0;0;1;5;3;B01
201500040386;0;7;0;1;1;3;17;A01
201500040387;0;7;0;1;2;2;2;A01
201500040388;0;7;0;0;2;7;0;A01
201500040388;0;33;0;0;2;1;0;B01
201500040389;0;7;0;0;2;2;1;A01
201500040389;0;7;0;0;2;3;16;B01
201500040390;0;7;0;9;0;9;0;A01
201500040391;0;7;0;0;2;2;12;A01
201500040391;0;14;0;1;2;6;24;B01
201500040392;0;7;0;0;2;1;2;A01
201500040392;0;7;0;8;2;7;2;B01
201500040393;0;2;0;0;1;1;1;A01
201500040394;0;7;0;0;1;1;2;A01
201500040395;0;7;0;0;1;1;15;A01
201500040396;0;10;0;0;1;6;4;A01
201500040397;0;7;0;0;2;2;0;A01
201500040397;0;7;0;0;2;1;0;B01
201500040398;0;7;0;2;0;1;0;A01
201500040399;0;1;0;0;2;3;1;A01
201500040399;1;7;0;0;9;3;1;Z01
201500040400;0;2;0;0;1;7;3;A01
201500040401;0;33;0;0;1;2;1;A01
201500040402;1;2;0;0;1;1;3;Z01
201500040403;0;7;0;0;1;2;1;A01
201500040404;0;7;0;0;1;3;1;A01
201500040405;0;2;0;0;2;2;1;B01
201500040405;0;7;0;0;2;7;15;A01
201500040406;0;33;0;0;1;1;2;A01
201500040407;2;7;0;0;1;1;11;Z01
201500040408;0;7;0;0;2;3;23;A01
201500040408;0;14;0;0;2;2;14;B01