num_acc;senc;catv;occutc;obs;obsm;choc;manv;num_veh
201500040783;0;13;0;0;2;3;15;B01
201500040784;0;7;0;0;1;2;0;A01
201500040785;0;7;0;0;1;3;1;A01
201500040786;0;7;0;0;1;8;15;A01
201500040787;0;7;0;0;2;1;16;A01
201500040787;0;1;0;0;2;3;5;Y01
201500040788;0;7;0;0;2;3;9;A01
201500040788;0;30;0;0;2;1;2;B01
201500040789;1;7;0;0;2;0;0;A01
201500040789;0;32;0;0;2;1;2;B01
201500040790;0;7;0;0;1;3;2;A01
201500040790;0;7;0;0;0;0;24;B01
201500040791;0;7;0;0;2;4;2;A01
201500040791;0;7;0;0;2;1;2;B01
201500040792;0;7;0;0;0;2;1;B01
201500040792;0;30;0;0;2;1;1;A01
201500040793;0;7;0;0;1;3;17;A01
201500040794;1;10;0;0;1;2;1;A01
201500040795;0;7;0;0;2;2;5;A01
201500040795;0;7;0;0;2;8;1;B01
201500040796;0;1;0;0;1;1;1;A01
201500040797;0;7;0;0;1;3;20;A01
201500040798;0;7;0;0;1;4;4;A01
201500040799;0;7;0;0;1;2;1;A01
201500040800;0;7;0;12;0;1;18;A01
201500040800;1;7;0;0;0;0;13;B01
201500040801;0;7;0;0;9;2;2;A01
201500040801;0;1;0;0;2;8;2;Y01
201500040802;0;7;0;0;0;6;9;A01
201500040802;0;14;0;0;2;2;1;B01
201500040803;0;7;0;12;0;1;9;A01
201500040804;0;7;0;0;1;3;15;A01
201500040805;0;7;0;0;1;1;1;A01
201500040806;1;36;0;0;1;0;0;A01
201500040807;0;2;0;0;2;2;17;A01
201500040807;0;7;0;0;2;6;23;B01
201500040808;0;7;0;0;2;4;2;A01
201500040808;1;7;0;0;2;1;2;B01
201500040809;0;7;0;0;2;7;17;A01
201500040809;0;2;0;0;2;7;2;B01
201500040810;0;7;0;0;0;1;2;A01
201500040810;0;37;6;0;2;6;23;B01
201500040811;0;7;0;0;1;1;16;A01
201500040812;0;1;0;0;1;1;9;A01
201500040813;0;7;0;0;0;8;6;A01
201500040813;0;34;0;0;0;1;1;B01
201500040814;0;7;0;1;1;2;0;A01
201500040815;1;2;0;0;1;0;0;Z01
201500040816;0;30;0;0;2;1;5;A01
201500040816;0;7;0;0;2;3;2;B01
201500040817;0;7;0;0;0;4;0;A01
201500040817;0;7;0;0;2;1;2;B01
201500040818;0;7;0;0;0;4;4;A01
201500040818;0;2;0;1;2;1;2;B01
201500040819;0;7;0;0;2;2;1;A01
201500040819;0;7;0;0;0;3;1;B01
201500040820;0;7;0;0;0;0;16;A01
201500040820;0;32;0;0;2;8;1;B01
201500040821;0;7;0;0;1;1;1;A01
201500040822;0;7;0;0;1;2;0;A01
201500040823;0;7;0;0;2;8;1;B01
201500040823;0;10;0;0;2;3;1;A01
201500040824;0;7;0;1;2;2;15;A01
201500040824;2;7;0;1;2;1;1;B01
201500040825;0;7;0;0;1;3;1;A01
201500040826;1;7;0;1;1;2;21;A01
201500040827;0;34;0;0;1;1;3;A01
201500040828;0;7;0;0;1;1;1;A01
201500040829;0;7;0;0;0;6;0;B01
201500040829;0;7;0;0;0;1;9;A01
201500040830;0;7;0;0;2;8;17;A01
201500040830;0;37;0;0;2;8;2;B01
201500040831;0;10;0;0;2;2;0;B01
201500040831;0;10;0;0;2;2;0;A01
201500040832;0;7;0;3;0;1;1;A01
201500040833;0;7;0;0;2;0;9;A01
201500040833;0;33;0;0;2;0;1;B01
201500040834;0;15;0;1;0;2;20;A01
201500040834;0;7;0;0;2;5;24;B01
201500040835;0;30;0;0;2;7;1;B01
201500040835;0;7;0;0;2;3;1;A01
201500040836;0;7;0;0;0;0;0;A01
201500040836;0;31;0;0;0;0;0;B01
201500040837;0;7;0;0;2;3;15;B01
201500040837;0;33;0;0;2;1;1;A01
201500040838;0;2;0;0;1;2;1;A01
201500040839;1;2;0;0;1;0;0;A01
201500040840;0;7;0;9;2;8;2;B01
201500040840;0;7;0;0;2;1;2;A01
201500040841;0;7;0;0;2;1;1;A01
201500040841;0;1;0;0;2;8;19;B01
201500040842;2;7;0;0;2;3;0;A01
201500040842;0;7;0;0;0;2;15;B01
201500040843;0;7;0;0;1;1;0;A01
201500040844;0;7;0;0;1;0;0;A01
201500040845;1;7;0;0;2;2;15;B01
201500040845;0;33;0;0;2;1;1;Y01
201500040846;0;7;0;0;1;3;15;A01
201500040847;0;7;0;0;2;8;15;A01
201500040847;0;1;0;0;2;1;1;B01
201500040848;0;7;0;0;1;3;0;A01
201500040849;0;7;0;0;1;2;2;A01
201500040850;0;7;0;0;1;0;0;A01
201500040851;0;33;0;0;2;7;17;A01
201500040851;0;7;0;0;2;3;15;B01
201500040852;0;7;0;0;9;2;2;A01
201500040852;0;1;0;0;2;9;2;V01
201500040853;0;7;0;0;0;6;15;A01
201500040853;0;34;0;0;2;9;2;B01
201500040854;1;7;0;0;1;0;1;A01
201500040855;0;7;0;0;1;7;13;A01
201500040856;0;7;0;0;2;3;10;A01
201500040856;0;32;0;0;2;1;1;B01
201500040857;0;7;0;0;2;2;16;A01
201500040857;0;32;0;0;2;3;18;B01
201500040858;0;33;0;0;1;1;1;A01
201500040858;0;7;0;0;2;1;1;B01
201500040859;0;7;0;0;2;7;16;A01
201500040859;0;32;0;0;2;8;1;B01
201500040860;0;33;0;0;2;1;1;B01
201500040860;0;7;0;0;2;1;13;A01
201500040861;0;37;3;0;2;1;2;A01
201500040861;0;7;0;0;2;8;2;B01
201500040862;0;7;0;0;1;7;0;A01
201500040863;0;7;0;1;0;7;2;A01
201500040864;0;7;0;0;2;8;15;A01
201500040864;0;33;0;0;2;7;17;B01
201500040865;0;7;0;0;2;2;10;A01
201500040865;0;20;0;0;2;1;0;B01
201500040866;1;7;0;0;2;1;1;B01
201500040866;0;7;0;0;2;8;10;A01
201500040867;0;7;0;0;1;2;15;A01
201500040868;0;7;0;0;2;3;1;A01
201500040868;2;32;0;0;2;8;15;B01
201500040869;0;30;0;0;2;1;9;A01
201500040869;1;10;0;0;0;7;9;B01
201500040870;0;99;0;0;2;6;2;A01
201500040870;0;2;0;0;2;1;2;B01
201500040871;0;7;0;0;1;3;0;A01
201500040872;0;1;0;0;2;1;1;B01
201500040872;0;7;0;1;2;3;15;A01
201500040873;0;33;0;0;2;1;2;A01
201500040873;0;7;0;0;2;7;15;B01
201500040874;0;10;0;0;2;1;2;A01
201500040874;0;7;0;0;2;3;2;B01
201500040875;0;7;0;0;1;2;16;A01
201500040876;0;1;0;1;0;1;1;A01
201500040876;0;7;0;1;0;8;22;B01
201500040877;0;7;0;0;1;1;15;A01
201500040878;0;7;0;15;0;1;0;A01
201500040879;0;7;0;0;2;2;0;A01
201500040879;0;7;0;0;2;3;0;B01
201500040880;0;7;0;0;1;1;1;A01
201500040881;0;7;0;0;1;3;2;A01
201500040882;0;2;0;0;2;1;2;A01
201500040882;0;10;0;0;2;4;20;B01
201500040883;0;7;0;0;0;3;16;A01
201500040883;0;7;0;6;0;2;1;B01
201500040884;0;7;0;0;1;6;4;A01
201500040885;0;7;0;0;2;1;15;A01
201500040885;0;2;0;0;2;8;18;B01
201500040886;0;34;0;0;2;1;1;A01
201500040886;0;7;0;0;0;5;10;B01
201500040887;0;7;0;0;1;1;15;A01
201500040888;0;7;0;8;0;0;0;A01
201500040889;1;7;0;0;2;1;2;A01
201500040889;0;7;0;0;0;4;2;B01
201500040890;0;7;0;0;1;1;1;A01
201500040891;0;7;0;1;0;1;14;A01
201500040892;0;7;0;0;2;2;19;B01
201500040892;0;7;0;0;2;7;2;A01
201500040893;0;7;0;0;2;1;1;A01
201500040893;0;7;0;0;0;4;1;B01
201500040894;0;31;0;0;2;7;1;B01
201500040894;0;7;0;0;2;1;15;A01
201500040895;1;2;0;0;1;1;1;Z01
201500040896;0;7;0;0;0;1;2;B01
201500040896;2;7;0;15;2;1;3;A01
201500040897;0;30;0;0;2;1;1;A01
201500040897;0;7;0;0;0;6;12;B01
201500040898;0;7;0;0;2;4;2;A01
201500040898;0;7;0;0;0;4;2;B01
201500040899;0;34;0;0;2;8;0;B01
201500040899;0;7;0;0;2;2;0;A01
201500040900;1;7;0;0;1;1;2;Z01
201500040901;0;10;0;0;1;1;1;A01
201500040902;0;7;0;0;2;6;1;A01
201500040902;0;14;0;0;2;2;1;B01
201500040903;0;7;0;0;2;3;15;A01
201500040903;0;7;0;0;2;3;1;B01
201500040904;0;32;0;0;0;7;2;B01
201500040904;1;7;0;0;2;0;10;Z01
201500040905;0;7;0;0;2;1;9;B01
201500040905;0;7;0;0;2;2;9;A01
201500040906;0;7;0;0;1;3;1;A01
201500040907;0;7;0;0;1;8;1;A01
201500040907;0;7;0;0;2;3;15;B01
201500040907;0;7;0;0;2;7;15;C01
201500040907;0;37;1;0;2;6;2;D01
201500040908;0;7;0;0;2;7;1;B01
201500040908;0;7;0;0;2;1;0;A01
201500040909;0;7;0;0;2;4;2;A01
201500040909;0;7;0;0;2;1;2;B01
201500040910;0;7;0;0;1;2;1;A01
201500040911;0;7;0;0;1;2;12;A01
201500040912;0;7;0;0;1;2;2;A01
201500040913;0;7;0;0;1;2;1;A01
201500040914;0;7;0;0;2;1;2;A01
201500040914;0;7;0;0;0;4;2;B01
201500040914;0;7;0;0;0;4;2;C01
201500040915;0;7;0;7;2;8;7;A01
201500040915;0;7;0;0;0;7;16;B01
201500040916;0;7;0;0;2;1;13;A01
201500040916;0;7;0;0;2;1;24;B01
201500040917;0;33;0;0;2;7;1;B01
201500040917;1;7;0;0;2;2;2;Z01
201500040918;0;31;0;0;1;1;1;A01
201500040919;0;7;0;0;1;3;1;A01
201500040920;0;7;0;0;1;1;2;A01
201500040921;0;7;0;0;2;0;0;A01
201500040921;0;7;0;0;2;0;0;B01
201500040922;0;7;0;15;0;3;13;A01
201500040923;0;7;0;0;1;1;0;A01
201500040924;0;2;0;0;2;1;2;B01
201500040924;0;7;0;0;2;3;9;A01
201500040925;0;7;0;0;2;1;15;B01
201500040925;0;7;0;0;2;6;1;A01
201500040926;0;7;0;0;2;1;2;A01
201500040926;0;7;0;0;0;4;2;B01
201500040926;0;10;0;0;0;4;1;C01
201500040927;0;7;0;0;2;3;11;A01
201500040927;0;7;0;0;2;2;1;B01
201500040927;0;7;0;0;2;6;24;C01
201500040928;0;7;0;0;1;2;16;A01
201500040929;0;7;0;1;0;2;0;A01
201500040929;0;7;0;0;0;6;24;B01
201500040930;0;7;0;0;2;2;15;A01
201500040930;0;33;0;0;2;1;1;B01
201500040931;0;7;0;0;2;2;1;A01
201500040931;0;2;0;0;2;1;1;B01
201500040932;0;7;0;0;1;0;1;A01
201500040933;0;2;0;0;2;9;21;A01
201500040933;0;7;0;0;0;3;21;B01
201500040934;0;7;0;0;2;3;22;A01
201500040934;0;2;0;0;2;1;1;B01
201500040935;0;7;0;2;0;1;2;A01
201500040936;0;7;0;0;1;2;1;A01
201500040937;0;7;0;0;2;2;2;A01
201500040937;0;1;0;0;0;8;19;B01
201500040938;0;10;0;0;0;4;2;A01
201500040938;0;15;0;0;2;1;2;B01
201500040939;0;7;0;0;1;2;1;A01
201500040940;0;33;0;0;2;1;1;A01
201500040940;0;7;0;0;2;5;15;B01
201500040941;0;7;0;0;2;1;1;A01
201500040941;0;7;0;0;2;8;0;B01
201500040942;0;30;0;0;2;1;1;A01
201500040942;0;7;0;0;2;8;1;B01
201500040943;0;7;0;2;2;2;11;A01
201500040943;0;7;0;0;2;5;1;B01
201500040943;0;37;1;0;0;4;24;C01
201500040944;0;7;0;0;0;8;1;A01
201500040944;0;7;0;0;2;1;1;B01
201500040945;0;7;0;0;1;1;1;A01
201500040946;1;33;0;0;1;1;1;Z01
201500040947;0;7;0;0;2;2;13;A01
201500040947;0;7;0;0;0;1;17;B01
201500040948;0;7;0;0;1;1;9;A01
201500040949;0;7;0;0;2;5;12;A01
201500040949;0;30;0;0;2;1;3;B01
201500040950;0;7;0;0;1;3;2;A01
201500040951;0;7;0;1;0;1;15;A01
201500040952;0;7;0;0;2;5;0;A01
201500040952;0;32;0;0;2;8;0;B01
201500040953;0;7;0;0;2;5;19;B01
201500040953;0;7;0;0;2;1;19;A01
201500040954;0;10;0;0;1;1;1;A01
201500040955;0;34;0;0;2;1;7;A01
201500040955;0;7;0;0;0;5;16;B01
201500040956;0;7;0;0;2;9;15;A01
201500040956;0;7;0;0;2;1;1;B01
201500040956;0;7;0;0;2;1;1;C01
201500040957;1;7;0;0;2;3;1;A01
201500040957;0;7;0;0;0;6;15;B01
201500040958;0;7;0;0;2;1;0;A01
201500040958;0;7;0;0;2;8;1;B01
201500040959;0;7;0;0;2;1;5;A01
201500040959;0;37;6;0;0;1;1;B01
201500040960;0;7;0;0;2;7;1;B01
201500040960;0;7;0;0;2;1;1;A01
201500040961;0;7;0;2;2;1;2;A01
201500040961;0;7;0;15;2;3;15;B01
201500040962;0;31;0;0;2;1;2;A01
201500040962;0;7;0;0;9;6;15;B01
201500040963;0;33;0;0;2;1;2;A01
201500040963;0;7;0;0;2;7;2;B01
201500040964;0;7;0;2;0;9;2;A01
201500040965;0;7;0;0;1;3;1;A01
201500040966;1;7;0;0;2;4;1;A01
201500040966;0;2;0;0;2;1;1;B01
201500040967;0;7;0;8;0;1;6;A01
201500040968;0;7;0;0;9;0;24;A01
201500040968;0;1;0;1;0;1;1;B01
201500040969;0;7;0;0;1;1;1;A01
201500040970;0;3;0;0;2;3;15;A01
201500040970;0;3;0;0;2;5;1;B01
201500040971;0;7;0;0;2;2;15;A01
201500040971;0;33;0;0;2;7;1;B01
201500040972;0;7;0;0;1;1;2;A01
201500040973;0;1;0;0;2;1;5;A01
201500040973;0;37;0;0;1;2;5;B01
201500040974;0;7;0;0;2;1;11;A01
201500040974;0;7;0;0;2;8;1;B01
201500040975;0;33;0;12;0;0;2;A01
201500040976;0;7;0;2;0;8;1;B01
201500040976;0;7;0;0;2;1;1;A01
201500040977;0;7;0;0;2;1;1;B01
201500040977;0;7;0;0;2;8;15;A01
201500040978;0;7;0;0;0;3;15;A01
201500040978;0;33;0;0;2;3;2;B01
201500040979;0;7;0;14;2;3;2;A01
201500040979;0;7;0;0;0;5;2;B01
201500040980;0;7;0;0;1;2;1;A01
201500040981;0;7;0;1;0;2;2;A01
201500040982;0;7;0;0;1;3;0;A01
201500040983;0;7;0;0;1;3;0;A01
201500040984;0;7;0;0;2;8;4;A01
201500040984;0;7;0;0;2;7;1;B01
201500040985;0;7;0;0;2;5;0;A01
201500040985;0;7;0;0;2;2;0;B01
201500040986;0;14;0;0;1;4;1;A01
201500040987;0;7;0;0;2;1;2;A01
201500040987;0;31;0;0;0;1;2;B01
201500040988;0;7;0;0;1;1;1;A01
201500040989;0;33;0;0;2;3;0;B01
201500040989;0;7;0;0;2;3;9;A01
201500040990;0;7;0;4;2;1;1;A01
201500040990;0;7;0;0;2;3;1;B01
201500040991;0;7;0;0;1;3;1;A01
201500040992;0;7;0;0;1;2;1;A01
201500040993;0;7;0;0;2;6;2;A01
201500040993;2;7;0;0;2;1;2;Z01
201500040994;0;7;0;0;2;1;0;B01
201500040994;0;7;0;0;2;3;0;C01
201500040994;0;7;0;0;2;9;15;A01
201500040995;0;10;0;1;0;1;2;A01
201500040995;0;7;0;1;0;4;2;B01
201500040995;0;7;0;1;0;1;2;C01
201500040995;0;7;0;1;0;4;2;D01
201500040996;0;7;0;0;2;1;1;A01
201500040996;0;10;0;6;2;2;1;B01
201500040997;0;7;0;0;1;2;1;A01
201500040998;0;7;0;14;0;2;1;A01
201500040999;1;7;0;0;9;1;13;A01
201500040999;0;1;0;1;0;4;13;B01
201500041000;0;7;0;0;1;4;4;A01
201500041001;0;7;0;0;2;2;15;A01
201500041001;0;30;0;0;2;1;1;B01
201500041002;0;7;0;0;2;4;2;A01
201500041002;0;7;0;0;2;1;2;B01
201500041003;0;1;0;0;2;2;15;A01
201500041003;0;33;0;0;2;1;1;B01
201500041004;0;7;0;1;0;1;0;A01
201500041005;0;7;0;4;0;5;13;A01
201500041005;0;7;0;0;2;2;21;B01
201500041006;0;7;0;0;2;8;0;B01
201500041006;0;10;0;0;2;1;9;A01
201500041007;0;7;0;0;0;3;9;A01
201500041007;0;7;0;0;2;1;0;B01
201500041008;0;7;0;0;1;1;0;A01
201500041009;0;7;0;0;0;6;16;A01
201500041009;0;33;0;0;2;1;1;B01
201500041010;0;7;0;0;1;3;0;A01
201500041011;0;32;0;0;2;1;1;A01
201500041011;0;7;0;0;2;4;1;B01
201500041012;0;10;0;0;2;3;1;A01
201500041012;0;7;0;0;2;6;19;B01
201500041013;0;7;0;0;1;1;1;A01
201500041014;0;7;0;0;1;1;16;A01
201500041015;0;7;0;0;2;1;2;A01
201500041015;0;7;0;0;2;4;2;B01
201500041016;0;7;0;0;2;2;0;B01
201500041016;0;30;0;0;2;1;1;A01
201500041017;0;7;0;0;1;2;0;A01
201500041018;0;1;0;0;2;0;0;A01
201500041018;0;7;0;0;9;2;1;B01
201500041019;0;2;0;1;0;3;21;A01
201500041020;0;7;0;0;9;4;4;A01
201500041020;0;1;0;0;2;8;19;B01
201500041021;0;7;0;0;1;7;0;A01
201500041022;0;7;0;0;0;1;13;A01
201500041022;0;7;0;0;0;1;1;B01
201500041023;0;7;0;0;2;1;1;A01
201500041023;0;7;0;0;2;7;9;B01
201500041024;0;7;0;0;2;1;15;A01
201500041024;0;7;0;0;2;6;16;B01
201500041025;0;34;0;0;2;0;1;B01
201500041025;1;7;0;0;2;0;12;A01
201500041026;0;7;0;0;2;8;15;A01
201500041026;0;7;0;0;2;3;1;B01
201500041027;0;7;0;0;2;1;2;A01
201500041027;0;7;0;0;2;4;2;B01
201500041028;0;7;0;2;2;1;16;A01
201500041028;0;7;0;0;2;6;1;B01
201500041029;0;1;0;0;2;8;0;B01
201500041029;0;31;0;0;1;2;0;A01
201500041030;1;7;0;0;1;1;0;A01
201500041031;0;37;1;0;1;2;16;A01
201500041032;0;34;0;0;2;7;3;A01
201500041032;0;7;0;0;2;3;15;B01
201500041033;0;7;0;0;1;1;0;A01
201500041034;0;7;0;1;0;4;1;A01
201500041035;0;7;0;0;2;2;15;A01
201500041035;0;7;0;0;2;1;1;B01
201500041035;0;7;0;0;2;1;1;C01
201500041036;0;7;0;0;0;1;1;A01
201500041036;0;7;0;0;0;8;6;B01
201500041037;0;10;0;1;2;2;14;A01
201500041037;0;10;0;0;2;3;24;B01
201500041037;0;7;0;0;2;5;2;C01
201500041038;0;7;0;0;2;1;15;A01
201500041038;0;7;0;0;2;3;1;B01
201500041039;0;7;0;0;1;0;1;A01
201500041040;0;7;0;0;2;1;1;A01
201500041040;0;7;0;0;2;4;23;B01
201500041040;0;7;0;0;2;4;23;C01
201500041040;0;7;0;0;2;4;23;D01
201500041041;0;7;0;0;1;1;1;A01
201500041042;0;32;0;0;0;1;3;B01
201500041042;0;7;0;0;0;2;2;A01
201500041043;1;33;0;0;2;0;2;A01
201500041043;0;7;0;0;2;3;11;B01
201500041044;0;7;0;0;2;2;1;A01
201500041044;0;7;0;0;2;1;13;B01
201500041045;0;13;0;0;2;8;11;A01
201500041045;0;7;0;0;2;7;19;B01
201500041046;0;7;0;0;2;5;15;A01
201500041046;0;7;0;0;2;2;1;B01
201500041047;0;34;0;0;2;1;0;A01
201500041047;0;7;0;0;2;3;1;B01
201500041048;0;7;0;0;1;1;15;A01
201500041049;0;10;0;0;2;1;1;A01
201500041049;0;7;0;0;2;4;23;B01
201500041050;0;7;0;0;2;3;17;A01
201500041050;0;2;0;0;2;7;17;B01
201500041051;1;7;0;0;1;0;0;A01
201500041052;0;33;0;0;2;3;3;A01
201500041052;0;99;0;0;2;5;2;B01
201500041053;0;7;0;0;0;0;0;A01
201500041053;0;34;0;0;0;0;0;B01
201500041054;0;7;0;0;2;1;2;A01
201500041054;0;7;0;0;0;7;8;B01
201500041055;2;7;0;0;1;1;0;A01
201500041056;0;7;0;0;2;3;24;A01
201500041056;0;32;0;0;2;5;0;B01
201500041057;0;7;0;0;2;7;16;A01
201500041057;0;33;0;12;0;1;2;B01
201500041058;0;7;0;0;1;2;2;A01
201500041059;0;7;0;0;9;8;0;A01
201500041059;0;1;0;0;2;7;1;B01
201500041060;0;7;0;0;1;1;2;A01
201500041061;0;7;0;0;2;3;15;A01
201500041061;2;2;0;0;2;2;17;B01
201500041062;0;37;1;0;2;1;2;A01
201500041062;0;7;0;0;2;4;2;B01
201500041063;1;33;0;0;1;0;0;Z01
201500041064;0;3;0;0;2;1;0;B01
201500041064;0;3;0;0;2;3;1;A01
201500041065;1;34;0;0;1;1;1;A01
201500041066;0;7;0;0;2;2;7;A01
201500041066;0;30;0;0;2;1;7;B01
201500041067;0;15;0;0;1;1;20;A01
201500041068;0;2;0;0;2;1;0;A01
201500041068;1;99;0;0;0;4;23;Z01
201500041069;0;7;0;0;2;1;1;B01
201500041069;0;7;0;0;2;2;15;A01
201500041070;0;7;0;0;0;6;2;A01
201500041070;0;30;0;0;2;1;2;B01
201500041071;0;7;0;0;2;3;15;A01
201500041071;0;32;0;0;2;2;1;B01
201500041072;0;10;0;0;0;8;10;A01
201500041072;0;34;0;0;2;1;1;B01
201500041073;0;10;0;0;2;1;1;A01
201500041073;0;7;0;0;0;4;0;B01
201500041074;0;7;0;0;0;2;2;A01
201500041074;0;7;0;0;0;8;11;B01
201500041074;0;99;0;0;0;3;2;C01
201500041075;0;7;0;0;2;7;2;A01
201500041075;0;10;0;0;2;1;1;B01
201500041076;0;7;0;0;2;1;1;B01
201500041076;0;3;0;0;0;2;19;A01
201500041077;0;10;0;0;1;1;1;A01
201500041078;0;7;0;0;2;1;0;B01
201500041078;0;7;0;0;2;1;1;A01
201500041079;1;7;0;0;1;6;4;A01
201500041080;0;7;0;0;2;1;1;A01
201500041080;0;7;0;0;0;4;1;B01
201500041081;0;7;0;6;0;1;2;A01
201500041082;0;34;0;0;2;7;17;A01
201500041082;0;7;0;0;2;3;15;B01
201500041083;0;7;0;1;0;1;17;A01
201500041083;0;33;0;0;2;1;1;B01
201500041083;0;7;0;0;0;0;0;C01
201500041084;0;7;0;0;1;3;2;A01
201500041085;0;7;0;0;2;1;2;A01
201500041085;0;33;0;0;0;4;23;B01
201500041086;0;7;0;0;2;3;15;A01
201500041086;0;7;0;0;2;3;16;B01
201500041087;0;34;0;0;2;4;15;B01
201500041087;1;7;0;0;0;0;0;Z01
201500041088;0;33;0;0;1;1;1;A01
201500041088;0;7;0;0;0;8;1;B01
201500041089;0;10;0;0;2;4;4;A01
201500041089;0;2;0;0;2;1;1;B01
201500041090;0;2;0;0;0;1;1;A01
201500041090;0;13;0;0;0;3;1;B01
201500041091;0;7;0;0;2;3;15;A01
201500041091;0;32;0;0;2;3;1;B01
201500041092;0;7;0;0;0;0;0;A01
201500041092;2;7;0;0;0;0;0;B01
201500041093;0;3;0;0;2;1;2;A01
201500041093;0;3;0;0;0;4;0;B01
201500041094;0;7;0;1;1;7;2;A01
201500041095;0;37;1;0;1;5;1;A01
201500041096;0;7;0;0;2;1;2;A01
201500041096;0;7;0;0;2;4;2;B01
201500041097;0;7;0;1;0;2;1;A01
201500041097;0;7;0;0;0;0;0;B01
201500041097;0;7;0;0;0;0;0;C01
201500041098;0;10;0;0;1;3;2;A01
201500041099;0;10;0;0;1;2;1;A01
201500041100;0;7;0;0;0;8;10;A01
201500041100;0;31;0;0;0;1;1;B01
201500041101;0;7;0;0;2;3;0;A01
201500041101;0;7;0;0;2;3;0;B01
201500041102;0;7;0;0;1;1;2;A01
201500041103;1;7;0;0;1;3;15;A01
201500041104;0;1;0;0;1;1;21;A01
201500041105;0;7;0;0;2;1;1;A01
201500041105;0;7;0;0;2;3;1;B01
201500041106;0;10;0;0;1;0;1;A01
201500041107;0;7;0;11;0;2;0;A01
201500041108;0;32;0;0;1;0;1;A01
201500041109;0;7;0;0;2;3;15;A01
201500041109;0;2;0;0;2;2;17;B01
201500041110;1;7;0;0;1;0;0;A01
201500041111;0;7;0;0;1;2;1;A01
201500041112;0;7;0;1;2;2;2;A01
201500041112;0;2;0;0;0;5;0;B01
201500041113;0;2;0;0;2;4;1;A01
201500041113;1;7;0;0;0;0;0;Z01
201500041114;0;7;0;0;0;1;2;A01
201500041114;0;7;0;0;0;4;2;B01
201500041115;0;7;0;1;2;2;21;A01
201500041115;0;7;0;0;2;0;9;B01
201500041116;0;7;0;0;9;1;0;A01
201500041116;0;7;0;0;2;9;1;B01
201500041116;0;7;0;0;2;4;1;C01
201500041117;0;37;0;0;0;1;2;A01
201500041117;0;2;0;0;0;8;19;B01
201500041118;0;7;0;0;2;3;13;A01
201500041118;0;32;0;0;2;1;17;B01
201500041119;0;34;0;0;2;1;1;B01
201500041119;1;7;0;0;0;3;10;Z01
201500041120;0;7;0;0;0;2;13;A01
201500041120;0;1;0;0;2;1;1;B01
201500041121;0;7;0;0;0;1;1;A01
201500041121;0;7;0;0;0;0;1;B01
201500041122;0;7;0;1;0;1;0;A01
201500041123;0;7;0;0;2;7;15;A01
201500041123;1;99;0;0;0;0;0;Z01
201500041124;0;7;0;0;2;2;1;A01
201500041124;0;1;0;0;2;1;1;B01
201500041125;0;30;0;0;0;0;2;A01
201500041126;0;7;0;0;1;2;19;A01
201500041127;0;7;0;0;1;4;4;A01
201500041128;0;14;0;0;2;2;16;A01
201500041128;0;7;0;0;2;8;1;B01
201500041129;0;7;0;0;0;6;1;A01
201500041129;1;10;0;0;0;0;0;Z01
201500041130;0;15;0;4;1;1;2;A01
201500041131;0;7;0;0;2;4;2;B01
201500041131;0;7;0;0;2;1;2;A01
201500041132;0;7;0;15;0;1;1;A01
201500041133;0;7;0;0;0;8;1;B01
201500041133;0;30;0;0;0;9;17;A01
201500041134;0;7;0;0;1;8;2;A01
201500041135;0;7;0;0;1;3;1;A01
201500041136;0;32;0;0;0;0;0;B01
201500041136;0;33;0;0;2;2;1;A01
201500041137;0;2;0;0;2;3;1;B01
201500041137;0;7;0;0;2;7;16;A01
201500041138;0;7;0;0;2;7;1;A01
201500041138;0;1;0;0;0;0;0;B01
201500041139;0;34;0;0;1;5;1;A01
201500041140;0;7;0;0;2;3;10;A01
201500041140;0;33;0;0;2;2;2;B01
201500041141;0;7;0;0;1;1;1;A01
201500041142;0;34;0;0;2;4;2;B01
201500041142;0;2;0;14;2;4;1;A01
201500041143;0;32;0;0;1;0;0;A01
201500041144;0;7;0;0;2;8;15;B01
201500041144;0;7;0;0;2;1;1;A01
201500041145;1;7;0;0;0;0;0;B01
201500041145;0;2;0;1;2;1;2;A01
201500041146;0;7;0;0;2;1;1;B01
201500041146;0;7;0;0;2;2;15;A01
201500041147;0;7;0;0;2;2;2;B01
201500041147;0;10;0;0;2;3;2;A01
201500041148;0;7;0;0;1;2;1;A01
201500041149;0;2;0;0;2;7;2;A01
201500041149;1;7;0;0;2;0;10;Z01
201500041150;0;7;0;0;1;2;1;A01
201500041151;0;7;0;0;2;4;1;B01
201500041151;0;7;0;7;2;1;1;A01
201500041152;0;34;0;0;2;1;2;A01
201500041152;0;7;0;0;2;6;2;B01
201500041153;0;7;0;0;1;1;1;A01
201500041154;0;7;0;0;2;3;2;B01
201500041154;0;7;0;0;2;1;0;A01
201500041155;0;31;0;0;2;1;1;A01
201500041155;0;7;0;0;2;2;15;B01
201500041156;0;7;0;11;0;1;1;A01
201500041157;0;10;0;0;2;1;2;A01
201500041157;0;7;0;0;1;4;2;B01
201500041157;0;7;0;0;2;4;2;C01
201500041157;0;7;0;0;0;4;2;D01
201500041158;0;7;0;0;2;7;2;A01
201500041158;0;30;0;0;2;1;2;B01
201500041159;0;3;0;0;1;2;2;A01
201500041160;0;7;0;0;2;3;1;B01
201500041160;2;30;0;0;2;1;1;A01
201500041161;0;7;0;0;2;4;2;A01
201500041161;0;32;0;0;2;1;2;B01