num_acc;senc;catv;occutc;obs;obsm;choc;manv;num_veh
201500041162;0;7;0;0;1;3;1;A01
201500041163;0;7;0;0;2;2;1;A01
201500041163;0;2;0;0;2;8;1;B01
201500041164;0;10;0;0;2;1;2;A01
201500041164;0;7;0;0;2;4;2;B01
201500041165;0;7;0;14;0;1;15;A01
201500041166;0;2;0;0;2;1;1;A01
201500041166;0;10;0;0;2;7;20;B01
201500041167;0;7;0;1;0;3;1;A01
201500041167;0;13;0;0;2;6;24;B01
201500041168;0;7;0;0;2;3;0;B01
201500041168;0;30;0;0;2;1;1;A01
201500041169;0;7;0;0;0;1;0;A01
201500041169;0;7;0;8;0;7;0;B01
201500041170;0;7;0;1;2;3;20;A01
201500041170;0;7;0;0;2;2;1;B01
201500041170;0;7;0;0;2;8;1;C01
201500041171;0;34;0;0;0;8;15;A01
201500041172;0;7;0;0;2;1;1;A01
201500041172;0;7;0;8;2;8;1;B01
201500041173;0;32;0;0;2;1;17;A01
201500041173;0;10;0;0;2;8;13;B01
201500041174;0;7;0;6;0;1;1;A01
201500041175;0;7;0;15;0;1;1;A01
201500041176;0;33;0;0;2;7;17;A01
201500041176;0;7;0;0;2;3;15;B01
201500041177;0;7;0;0;1;2;2;A01
201500041178;0;7;0;1;0;1;1;A01
201500041179;0;3;0;0;0;8;15;A01
201500041179;0;31;0;0;0;7;2;B01
201500041180;0;7;0;0;9;1;0;A01
201500041180;0;1;0;0;0;8;0;B01
201500041181;0;7;0;0;1;3;1;A01
201500041182;0;7;0;0;2;2;1;A01
201500041182;0;7;0;0;2;3;1;B01
201500041183;0;7;0;14;0;1;1;A01
201500041184;0;7;0;0;1;7;1;A01
201500041185;0;10;0;0;1;1;1;A01
201500041186;0;7;0;0;2;3;1;A01
201500041186;0;10;0;0;2;6;1;C01
201500041186;0;7;0;0;2;2;9;B01
201500041187;0;31;0;0;2;1;1;A01
201500041187;1;7;0;0;2;2;1;Z01
201500041188;0;7;0;0;9;2;0;A01
201500041189;0;7;0;15;0;2;1;A01
201500041190;0;7;0;0;0;8;0;A01
201500041190;0;31;0;0;0;1;9;B01
201500041191;0;31;0;8;2;1;1;A01
201500041192;0;7;0;0;2;7;15;B01
201500041192;0;7;0;0;2;2;1;A01
201500041193;0;7;0;0;2;3;0;A01
201500041193;0;1;0;0;0;1;0;B01
201500041194;0;34;0;0;2;1;1;A01
201500041194;0;7;0;0;2;2;1;B01
201500041195;0;7;0;0;1;1;1;A01
201500041196;0;33;0;0;2;1;2;B01
201500041196;0;7;0;1;2;7;2;A01
201500041197;0;3;0;8;2;1;2;A01
201500041197;0;3;0;0;2;1;1;B01
201500041198;0;7;0;0;1;1;1;A01
201500041199;0;2;0;0;2;2;1;B01
201500041199;0;7;0;0;2;3;0;A01
201500041200;0;7;0;0;1;1;1;A01
201500041201;0;7;0;0;1;2;2;A01
201500041202;0;34;0;0;1;7;3;A01
201500041203;0;1;0;0;2;1;1;A01
201500041203;1;7;0;0;2;0;0;B01
201500041204;0;7;0;9;0;1;21;A01
201500041205;0;7;0;0;2;4;1;B01
201500041205;0;7;0;0;2;4;1;C01
201500041206;0;34;0;1;0;1;2;A01
201500041207;0;7;0;0;2;1;1;A01
201500041207;0;7;0;0;2;3;1;B01
201500041208;0;31;0;0;2;9;1;B01
201500041208;0;7;0;1;2;3;1;A01
201500041209;1;34;0;0;1;0;0;A01
201500041210;0;2;0;0;2;3;1;A01
201500041210;0;7;0;0;2;2;1;B01
201500041211;0;37;0;0;2;2;1;B01
201500041211;0;7;0;0;2;1;1;A01
201500041212;0;7;0;0;1;0;0;A01
201500041213;0;7;0;0;2;2;1;B01
201500041213;0;2;0;0;2;3;16;A01
201500041214;0;3;0;0;2;8;16;A01
201500041214;0;3;0;0;2;2;1;B01
201500041215;0;30;0;0;2;7;17;A01
201500041215;0;7;0;0;2;3;2;B01
201500041216;0;7;0;0;0;4;16;A01
201500041216;0;7;0;0;2;1;2;B01
201500041217;0;32;0;0;2;2;17;A01
201500041217;0;7;0;0;2;8;13;B01
201500041218;0;7;0;0;2;1;2;A01
201500041218;0;1;0;0;2;8;19;B01
201500041219;0;7;0;0;2;1;1;A01
201500041219;0;7;0;0;2;7;1;B01
201500041220;0;7;0;0;2;1;1;A01
201500041220;0;7;0;0;2;3;1;B01
201500041221;0;7;0;0;2;8;16;A01
201500041221;1;7;0;0;2;0;17;B01
201500041222;0;7;0;0;2;6;2;A01
201500041222;0;7;0;0;2;1;2;B01
201500041223;0;10;0;0;2;1;1;A01
201500041223;0;7;0;0;2;6;1;B01
201500041224;0;7;0;0;1;4;4;A01
201500041225;0;7;0;0;2;1;2;A01
201500041225;0;7;0;0;0;4;2;B01
201500041226;0;7;0;0;1;0;0;A01
201500041227;0;7;0;0;2;2;0;A01
201500041227;0;7;0;0;2;2;2;B01
201500041228;0;7;0;0;1;1;16;A01
201500041229;0;7;0;0;1;1;1;A01
201500041229;0;33;0;0;2;1;11;B01
201500041230;0;7;0;0;1;2;1;A01
201500041231;0;7;0;0;1;1;15;A01
201500041232;0;7;0;0;2;2;1;A01
201500041232;0;7;0;0;2;4;2;B01
201500041233;0;7;0;0;2;8;2;A01
201500041233;0;7;0;0;2;8;15;B01
201500041234;0;14;0;0;1;2;0;A01
201500041235;0;10;0;0;1;0;2;A01
201500041236;0;3;0;0;2;3;10;A01
201500041236;0;3;0;0;2;2;1;B01
201500041237;0;3;0;0;0;8;1;A01
201500041237;0;33;0;0;2;7;1;B01
201500041238;0;7;0;0;2;3;9;A01
201500041238;0;14;0;0;2;2;2;B01
201500041239;2;30;0;1;0;1;1;B02
201500041240;0;7;0;0;2;3;0;A01
201500041240;0;1;0;0;2;1;1;B01
201500041241;1;32;0;0;1;0;0;A01
201500041242;0;7;0;0;2;3;1;A01
201500041242;0;32;0;0;2;3;1;B01
201500041243;0;7;0;0;2;7;1;A01
201500041243;0;7;0;0;2;1;1;B01
201500041244;0;7;0;0;2;3;1;A01
201500041244;0;1;0;0;0;0;1;B01
201500041245;0;7;0;0;2;5;1;A01
201500041245;0;7;0;0;2;1;1;B01
201500041246;0;7;0;0;1;3;1;A01
201500041247;0;7;0;0;2;1;1;A01
201500041247;0;33;0;0;0;4;23;B01
201500041248;0;7;0;0;2;2;9;A01
201500041248;0;31;0;0;2;2;3;B01
201500041249;0;10;0;0;1;1;1;A01
201500041250;0;7;0;0;1;1;11;A01
201500041251;0;7;0;0;2;3;15;A01
201500041251;0;31;0;0;2;1;15;B01
201500041252;0;7;0;0;1;7;1;A01
201500041253;0;7;0;0;1;2;1;A01
201500041254;0;7;0;0;2;2;1;A01
201500041254;0;31;0;0;2;1;1;B01
201500041255;0;7;0;0;2;1;0;A01
201500041255;0;7;0;0;2;8;0;B01
201500041256;0;7;0;6;0;1;0;A01
201500041257;0;7;0;0;0;0;0;A01
201500041258;0;7;0;0;0;4;0;A01
201500041258;0;10;0;0;0;1;0;B01
201500041259;0;7;0;0;1;3;15;A01
201500041260;0;7;0;0;2;4;0;C01
201500041260;0;7;0;0;2;4;1;B01
201500041260;0;7;0;0;2;1;1;A01
201500041261;0;10;0;0;1;3;1;A01
201500041262;0;32;0;0;2;5;0;A01
201500041262;0;7;0;0;2;1;0;B01
201500041263;0;7;0;0;2;1;15;A01
201500041263;0;7;0;0;2;6;1;B01
201500041264;0;10;0;0;1;1;1;A01
201500041265;1;7;0;0;1;0;0;Z01
201500041266;0;37;0;0;1;2;1;A01
201500041267;0;10;0;0;9;8;13;A01
201500041267;0;32;0;0;2;7;1;B01
201500041268;0;7;0;0;2;2;15;A01
201500041268;0;30;0;0;2;8;1;B01
201500041269;0;7;0;0;1;2;2;A01
201500041270;0;7;0;0;9;1;1;A01
201500041270;0;1;0;0;0;6;1;B01
201500041271;0;7;0;1;2;6;11;A01
201500041271;0;13;0;0;2;7;2;B01
201500041271;0;37;1;0;2;8;24;C01
201500041272;0;7;0;0;1;1;1;A01
201500041273;0;10;0;0;2;1;2;A01
201500041273;0;7;0;0;2;4;2;B01
201500041273;0;7;0;0;2;4;2;C01
201500041273;0;7;0;0;2;4;2;D01
201500041274;0;7;0;8;0;3;10;A01
201500041275;0;7;0;0;0;6;2;A01
201500041275;0;7;0;0;0;0;0;B01
201500041275;1;7;0;0;0;0;0;Z01
201500041276;0;7;0;0;1;2;16;A01
201500041277;0;10;0;0;1;7;0;A01
201500041278;0;7;0;10;1;2;6;A01
201500041278;0;7;0;0;0;0;17;B01
201500041279;0;7;0;0;1;2;2;A01
201500041280;0;37;0;0;1;2;16;A01
201500041281;1;7;0;0;1;1;0;Z01
201500041282;0;7;0;0;1;1;9;A01
201500041283;0;7;0;0;2;1;2;B01
201500041283;0;7;0;0;2;3;15;A01
201500041284;0;7;0;0;2;8;11;A01
201500041284;0;30;0;0;2;1;1;B01
201500041285;0;7;0;0;1;1;1;A01
201500041286;0;37;4;1;0;2;1;A01
201500041286;0;34;0;0;0;6;24;C01
201500041287;0;37;1;0;2;2;14;A01
201500041287;0;14;0;0;0;6;16;B01
201500041288;0;7;0;0;1;2;15;A01
201500041289;0;7;0;0;2;4;2;A01
201500041289;0;7;0;0;2;1;2;B01
201500041289;0;7;0;0;2;1;2;C01
201500041289;0;7;0;0;2;1;2;D01
201500041289;0;7;0;0;0;4;2;E01
201500041290;0;2;0;0;1;1;0;A01
201500041291;0;2;0;0;1;1;0;A01
201500041292;0;7;0;0;1;8;0;A01
201500041292;0;37;1;0;0;0;0;B01
201500041293;0;7;0;0;1;1;1;A01
201500041294;0;7;0;0;2;2;15;A01
201500041294;0;2;0;0;2;1;1;B01
201500041295;0;7;0;0;1;3;0;A01
201500041296;0;7;0;0;2;2;19;A01
201500041296;0;7;0;0;2;7;15;B01
201500041297;0;7;0;0;2;1;1;A01
201500041297;0;7;0;0;2;4;23;B01
201500041297;0;7;0;0;2;4;23;C01
201500041298;0;7;0;0;1;1;0;A01
201500041299;0;2;0;0;1;1;0;A01
201500041300;0;3;0;0;1;2;2;A01
201500041301;0;3;0;0;1;0;0;A01
201500041302;0;7;0;1;0;4;2;A01
201500041302;0;7;0;0;0;4;2;B01
201500041303;0;7;0;0;1;1;0;A01
201500041304;0;2;0;0;2;1;1;A01
201500041304;0;7;0;0;2;6;1;B01
201500041305;1;7;0;0;1;2;6;A01
201500041306;1;33;0;0;1;8;0;Z01
201500041307;0;7;0;0;2;8;10;A01
201500041307;0;33;0;0;2;1;2;B01
201500041308;1;34;0;0;1;1;1;A01
201500041309;0;7;0;1;0;9;0;A01
201500041310;0;7;0;1;0;2;2;A01
201500041311;0;30;0;0;2;8;11;B01
201500041311;1;13;0;0;2;0;0;Z01
201500041312;0;7;0;0;1;2;2;A01
201500041313;0;7;0;0;1;1;0;A01
201500041314;0;7;0;0;9;1;1;A01
201500041314;0;1;0;0;2;3;1;B01
201500041315;0;7;0;0;0;4;23;A01
201500041315;0;37;1;1;0;1;15;B01
201500041316;0;7;0;0;1;3;0;A01
201500041317;0;31;0;0;2;1;1;B01
201500041317;0;10;0;0;0;7;15;A01
201500041318;0;7;0;0;1;1;2;A01
201500041319;0;7;0;0;1;1;2;A01
201500041320;1;99;0;0;1;0;0;Z01
201500041321;0;7;0;0;0;0;0;A01
201500041321;0;33;0;0;0;0;0;B01
201500041322;2;7;0;0;2;1;0;A01
201500041322;0;7;0;0;0;4;1;B01
201500041323;1;30;0;0;2;1;5;Z01
201500041324;0;34;0;0;2;2;2;A01
201500041324;1;7;0;0;2;3;10;Z01
201500041325;0;7;0;0;2;5;1;A01
201500041325;0;7;0;0;2;1;1;B01
201500041326;0;13;0;0;0;0;0;A01
201500041326;0;34;0;0;0;9;15;B01
201500041327;0;7;0;0;1;2;0;A01
201500041328;0;7;0;0;2;3;10;A01
201500041328;0;33;0;0;2;1;5;B01
201500041329;0;33;0;0;1;1;2;A01
201500041330;0;33;0;0;2;1;1;B01
201500041330;1;15;0;0;0;0;15;Z01
201500041331;0;7;0;0;1;1;1;A01
201500041332;0;7;0;15;0;2;1;A01
201500041333;0;7;0;0;9;2;2;A01
201500041333;0;1;0;0;2;2;2;B01
201500041334;0;7;0;0;2;1;1;A01
201500041334;0;33;0;0;2;1;19;B01
201500041335;0;7;0;0;2;3;0;A01
201500041335;0;7;0;0;2;2;0;B01
201500041336;0;33;0;0;1;7;1;A01
201500041337;0;7;0;0;1;1;0;A01
201500041338;1;7;0;0;1;0;0;A01
201500041339;0;38;0;0;1;3;10;A01
201500041340;0;7;0;0;2;1;1;A01
201500041340;0;7;0;0;2;4;1;B01
201500041341;1;99;0;0;2;8;11;A01
201500041341;0;30;0;0;2;7;1;B01
201500041342;0;7;0;0;1;2;0;A01
201500041343;0;7;0;0;2;1;1;A01
201500041343;0;2;0;0;2;3;15;B01
201500041344;0;7;0;0;2;2;2;A01
201500041344;0;1;0;0;2;8;2;B01
201500041345;0;7;0;0;1;2;1;A01
201500041346;0;7;0;8;0;1;1;A01
201500041347;0;7;0;0;2;1;2;A01
201500041347;0;7;0;0;0;4;2;B01
201500041348;0;7;0;0;2;0;0;A01
201500041348;0;7;0;0;2;1;14;B01
201500041348;0;7;0;9;0;9;2;C01
201500041349;0;7;0;0;0;2;0;A01
201500041349;0;34;0;0;0;0;0;B01
201500041350;0;33;0;0;2;2;0;A01
201500041350;0;7;0;0;2;5;0;B01
201500041351;0;7;0;0;2;7;15;A01
201500041351;0;34;0;0;2;1;0;B01
201500041352;0;33;0;8;0;0;0;A01
201500041353;0;13;0;0;2;7;2;A01
201500041353;0;30;0;0;2;8;2;B01
201500041354;0;7;0;0;1;1;0;A01
201500041355;0;7;0;0;0;8;9;A01
201500041355;0;7;0;0;2;2;5;B01
201500041355;0;7;0;0;2;8;1;C01
201500041356;0;7;0;0;0;0;10;A01
201500041356;0;34;0;0;2;2;10;B01
201500041357;0;34;0;0;2;8;17;A01
201500041357;0;7;0;0;2;3;20;B01
201500041358;0;7;0;0;2;0;10;A01
201500041358;0;33;0;0;2;3;1;B01
201500041359;0;99;0;0;2;4;4;A01
201500041359;0;7;0;0;2;1;2;B01
201500041360;0;7;0;8;2;1;1;A01
201500041361;0;34;0;0;2;7;1;B01
201500041361;1;7;0;0;2;8;10;Z01
201500041362;0;7;0;0;0;2;0;A01
201500041362;0;30;0;0;2;0;1;B01
201500041363;1;32;0;0;2;8;19;A01
201500041363;0;7;0;0;2;1;1;B01
201500041364;0;7;0;0;1;1;1;A01
201500041365;1;7;0;0;1;0;0;Z01
201500041366;0;7;0;0;1;1;15;A01
201500041367;1;7;0;0;0;0;0;Z01
201500041367;0;7;0;0;0;0;0;A01
201500041368;0;7;0;0;1;8;21;A01
201500041368;0;7;0;0;0;3;0;B01
201500041369;0;7;0;0;0;8;1;B01
201500041369;0;7;0;9;2;1;6;A01
201500041370;0;2;0;0;2;1;5;A01
201500041370;0;7;0;0;2;2;1;B01
201500041371;2;7;0;0;2;1;1;Z01
201500041371;0;7;0;0;2;5;1;B01
201500041372;0;7;0;0;2;1;2;A01
201500041372;0;7;0;0;0;4;2;B01
201500041373;0;7;0;0;2;5;1;A01
201500041373;0;34;0;0;2;1;0;B01
201500041374;0;7;0;0;9;8;15;A01
201500041374;0;34;0;0;2;7;0;B01
201500041375;1;34;0;0;1;1;2;Z01
201500041376;0;10;0;0;2;2;2;A01
201500041376;0;33;0;0;2;8;2;B01
201500041377;0;34;0;0;2;8;2;A01
201500041377;1;7;0;0;2;8;2;Z01
201500041378;0;7;0;0;2;1;2;A01
201500041378;0;7;0;0;2;4;2;B01
201500041378;0;7;0;0;2;4;2;C01
201500041379;2;7;0;0;0;1;0;A01
201500041379;0;7;0;0;0;4;0;B01
201500041379;0;7;0;0;0;4;0;C01
201500041379;0;7;0;0;0;4;0;D01
201500041380;0;7;0;0;2;1;0;A01
201500041380;0;33;0;0;2;0;0;B01
201500041381;0;7;0;0;1;2;2;A01
201500041382;0;7;0;0;2;1;2;A01
201500041382;0;7;0;0;2;5;2;B01
201500041383;0;13;0;0;1;1;0;A01
201500041384;0;7;0;0;2;4;0;A01
201500041384;0;32;0;0;0;0;0;B01
201500041385;0;7;0;0;2;6;11;A01
201500041385;0;7;0;0;2;0;1;B01
201500041386;0;7;0;0;1;7;0;A01
201500041387;0;7;0;0;2;1;5;A01
201500041387;0;7;0;0;2;1;1;B01
201500041388;0;7;0;0;0;0;0;A01
201500041388;0;34;0;0;2;2;16;B01
201500041389;0;7;0;0;2;5;2;A01
201500041389;0;33;0;1;2;1;18;B01
201500041390;0;7;0;0;2;1;2;A01
201500041390;0;7;0;0;2;6;9;B01
201500041391;0;7;0;0;2;1;0;A01
201500041391;0;7;0;0;2;1;11;B01
201500041392;2;7;0;7;2;1;2;A01
201500041392;0;7;0;0;0;4;0;B01
201500041393;0;7;0;0;2;2;15;A01
201500041393;0;30;0;0;2;1;16;B01
201500041394;0;7;0;0;2;1;1;A01
201500041394;0;7;0;0;2;3;0;B01
201500041395;0;99;0;0;2;0;0;A01
201500041395;0;1;0;0;0;0;0;B01
201500041396;0;37;1;0;1;2;20;A01
201500041397;0;3;0;0;1;3;1;A01
201500041398;0;7;0;0;2;3;10;A01
201500041398;0;33;0;0;2;3;1;B01
201500041399;0;7;0;0;2;3;0;A01
201500041399;0;34;0;0;2;6;15;B01
201500041400;0;7;0;0;1;5;0;A01
201500041401;0;30;0;0;2;3;0;B01
201500041401;0;7;0;0;2;2;0;A01
201500041402;0;7;0;4;0;3;2;A01
201500041403;0;7;0;0;1;1;2;A01
201500041404;0;7;0;0;2;1;0;A01
201500041404;0;33;0;0;2;1;0;B01
201500041405;0;7;0;0;1;2;0;A01
201500041405;0;1;0;0;0;0;0;B01
201500041406;0;7;0;0;2;8;11;A01
201500041406;0;33;0;0;2;2;18;B01
201500041407;0;7;0;12;0;1;9;A01
201500041408;1;30;0;0;1;0;1;Z01
201500041409;0;7;0;1;0;4;12;B01
201500041410;0;7;0;8;0;1;2;A01
201500041411;0;7;0;15;0;2;0;A01
201500041412;0;7;0;0;2;1;5;A01
201500041412;0;7;0;0;2;1;1;B01
201500041413;0;7;0;0;2;9;0;A01
201500041413;0;7;0;0;2;7;0;B01
201500041414;0;37;1;0;0;2;2;A01
201500041414;0;7;0;0;0;4;0;B01
201500041415;1;32;0;0;1;0;0;A01
201500041416;0;33;0;0;2;8;2;A01
201500041416;0;7;0;0;2;7;2;B01
201500041417;0;7;0;0;0;4;1;A01
201500041417;0;7;0;0;2;1;2;B01
201500041418;0;10;0;0;2;2;0;A01
201500041418;0;7;0;0;2;6;0;B01
201500041419;0;1;0;0;1;1;0;B01
201500041419;0;10;0;0;0;4;0;A01
201500041420;0;7;0;0;2;2;15;A01
201500041420;0;33;0;0;2;4;15;B01
201500041421;0;10;0;0;2;0;0;B01
201500041421;0;10;0;0;0;0;0;C01
201500041421;0;10;0;0;0;0;0;D01
201500041421;2;10;0;0;2;0;0;Z01
201500041422;1;10;0;0;1;2;0;Z01
201500041423;0;15;0;0;2;7;2;A01
201500041423;0;1;0;0;0;8;2;B01
201500041424;0;10;0;0;2;0;0;A01
201500041424;0;33;0;0;2;0;0;B01
201500041425;0;7;0;0;0;0;0;A01
201500041425;0;33;0;0;0;0;0;B01
201500041426;0;10;0;0;2;2;1;B01
201500041426;0;30;0;0;2;8;9;A01
201500041427;0;10;0;0;2;8;0;A01
201500041427;0;10;0;0;2;7;0;B01
201500041428;1;7;0;0;1;0;0;Z01
201500041429;0;7;0;0;1;1;1;A01
201500041429;0;7;0;0;1;5;24;B01
201500041430;0;7;0;0;2;3;0;A01
201500041430;0;33;0;0;0;7;0;B01
201500041431;1;7;0;0;1;0;0;Z01
201500041432;1;7;0;0;0;0;0;Z01
201500041432;0;7;0;0;2;3;1;A01
201500041433;0;7;0;6;0;1;14;A01
201500041434;0;7;0;0;0;4;10;A01
201500041434;0;33;0;0;2;1;1;B01
201500041435;0;33;0;0;2;2;0;A01
201500041435;0;10;0;0;2;3;0;B01
201500041436;0;7;0;0;2;6;2;A01
201500041436;0;13;0;0;2;2;2;B01
201500041437;1;7;0;0;1;0;0;Z01
201500041438;0;33;0;0;2;7;2;A01
201500041438;0;14;0;0;0;5;1;B01
201500041439;0;7;0;0;1;3;17;A01
201500041440;0;33;0;0;2;3;1;A01
201500041440;0;7;0;0;2;3;10;B01
201500041441;0;7;0;0;0;1;1;A01
201500041441;0;33;0;0;2;4;20;B01
201500041442;0;7;0;14;0;1;0;A01
201500041443;0;37;0;0;0;0;0;A01
201500041444;0;7;0;0;0;4;23;B01
201500041444;1;7;0;0;0;0;0;Z01
201500041444;0;7;0;0;0;1;23;A01
201500041445;0;7;0;0;0;1;2;B01
201500041445;0;7;0;0;0;4;16;A01
201500041446;0;7;0;8;0;1;1;A01
201500041447;0;34;0;0;2;1;2;A01
201500041447;0;7;0;0;0;3;10;B01
201500041448;0;33;0;0;2;1;0;A01
201500041448;0;7;0;0;2;1;2;B01
201500041449;0;3;0;0;0;0;0;A01
201500041449;0;7;0;0;0;0;0;B01
201500041450;0;32;0;0;2;1;7;A01
201500041450;0;7;0;0;2;3;15;B01
201500041451;0;7;0;0;2;2;2;A01
201500041451;0;7;0;0;2;3;15;B01
201500041452;0;10;0;0;0;3;0;A01
201500041452;0;7;0;0;0;5;0;B01
201500041453;0;2;0;0;2;1;1;B01
201500041453;0;7;0;0;2;3;9;A01
201500041454;0;7;0;0;1;1;0;A01
201500041455;0;30;0;14;0;1;15;A01
201500041456;0;30;0;0;2;1;5;B01
201500041456;0;7;0;0;2;3;8;A01
201500041457;0;7;0;0;2;1;0;A01
201500041457;0;7;0;0;2;4;0;B01
201500041458;0;7;0;0;2;1;2;A01
201500041458;0;7;0;0;0;4;23;B01
201500041459;0;14;0;12;0;3;0;A01
201500041460;0;33;0;0;2;0;16;B01
201500041460;0;7;0;0;2;0;15;A01
201500041461;1;10;0;0;0;0;0;A01
201500041461;0;34;0;0;2;3;0;B01
201500041462;2;7;0;0;2;1;1;A01
201500041462;0;33;0;0;2;7;15;B01
201500041463;0;7;0;9;0;9;1;A01
201500041464;0;7;0;0;1;4;23;A01
201500041464;0;7;0;0;2;1;1;B01
201500041465;0;3;0;0;0;8;10;A01
201500041465;0;32;0;0;0;2;3;B01
201500041466;1;7;0;0;2;1;1;Z01
201500041466;0;7;0;0;2;3;9;B01
201500041467;1;7;0;0;1;1;1;Z01
201500041468;0;7;0;0;2;3;15;A01
201500041468;0;34;0;0;2;2;17;B01
201500041469;0;7;0;0;1;3;0;A01
201500041470;1;7;0;0;2;1;9;A01
201500041470;0;30;0;0;2;4;1;B01
201500041471;0;7;0;0;2;3;0;A01
201500041471;0;14;0;0;2;2;0;B01
201500041472;0;7;0;0;0;3;9;A01
201500041472;0;33;0;0;2;1;3;B01
201500041473;0;2;0;0;0;1;18;A01
201500041473;0;10;0;0;0;7;16;B01
201500041474;0;7;0;0;0;1;0;A01
201500041474;0;34;0;0;0;1;0;B01
201500041475;0;7;0;0;1;2;1;A01
201500041476;0;7;0;0;2;2;0;A01
201500041476;0;1;0;0;2;3;0;B01
201500041477;1;14;0;0;1;0;1;A01
201500041478;0;7;0;0;0;3;0;A01
201500041478;0;13;0;0;0;2;0;B01
201500041479;0;1;0;1;0;1;21;B01
201500041479;1;7;0;0;2;3;24;Z01
201500041480;0;2;0;0;2;7;0;A01
201500041480;0;7;0;0;2;3;0;B01
201500041481;0;34;0;0;1;1;0;A01
201500041482;0;7;0;0;2;1;0;B01
201500041482;0;30;0;0;2;7;0;A01
201500041483;0;7;0;0;0;3;2;A01
201500041483;0;31;0;0;2;2;17;B01
201500041484;0;34;0;0;1;1;0;A01
201500041485;0;7;0;0;1;1;1;A01
201500041486;0;10;0;0;2;1;1;A01
201500041486;0;7;0;0;0;4;1;B01
201500041487;0;7;0;0;1;2;1;A01
201500041488;0;7;0;0;1;0;0;A01
201500041489;0;34;0;0;2;1;0;A01
201500041489;0;10;0;0;2;3;15;B01
201500041490;0;2;0;0;0;8;7;A01
201500041490;0;7;0;0;0;7;2;B01
201500041491;0;7;0;0;0;2;15;A01
201500041491;0;34;0;0;2;1;1;B01
201500041492;0;7;0;0;0;6;2;A01
201500041492;0;1;0;0;2;2;3;B01
201500041493;0;7;0;0;0;8;1;A01
201500041493;0;34;0;0;2;2;17;B01
201500041494;0;7;0;0;2;1;9;A01
201500041494;0;33;0;0;2;1;5;B01
201500041495;0;7;0;0;2;2;2;A01
201500041495;0;33;0;0;2;3;2;B01
201500041496;0;33;0;0;0;1;0;A01
201500041496;0;3;0;0;0;3;0;B01
201500041497;0;10;0;0;1;1;15;A01
201500041498;0;37;1;0;1;5;1;A01
201500041499;0;33;0;0;1;1;17;A01
201500041499;0;10;0;0;0;3;15;B01
201500041500;0;7;0;0;2;3;11;A01
201500041500;0;32;0;0;2;7;17;B01
201500041501;1;7;0;0;1;0;0;Z01
201500041502;0;30;0;0;2;1;2;B01
201500041502;0;7;0;0;2;1;2;A01
201500041503;0;10;0;0;0;8;15;A01
201500041503;0;32;0;0;0;1;17;B01
201500041504;0;7;0;0;2;0;0;A01
201500041504;0;33;0;0;2;0;0;B01
201500041505;0;7;0;0;0;3;15;A01
201500041505;0;1;0;0;0;1;0;B01
201500041506;0;7;0;0;2;6;0;A01
201500041506;0;7;0;0;0;0;0;B01
201500041507;0;7;0;0;1;2;2;A01
201500041508;0;32;0;0;2;1;1;B01
201500041508;0;32;0;0;2;1;1;C01
201500041508;1;7;0;0;2;3;13;Z01
201500041509;0;7;0;0;2;4;0;A01
201500041509;0;7;0;0;2;1;2;B01
201500041510;0;7;0;0;2;1;2;A01
201500041510;0;7;0;0;2;1;1;B01
201500041511;0;10;0;0;0;4;2;A01
201500041511;0;7;0;0;0;4;2;B01
201500041512;0;7;0;0;2;6;10;A01
201500041512;0;7;0;0;2;1;1;B01
201500041513;0;31;0;0;0;1;2;A01
201500041513;0;7;0;0;2;6;1;B01
201500041514;0;7;0;0;2;3;9;A01
201500041514;0;34;0;0;2;1;1;B01
201500041515;0;2;0;0;0;2;15;A01
201500041516;0;33;0;0;2;1;0;A01
201500041516;0;37;0;0;2;8;0;B01
201500041517;0;10;0;0;2;1;0;A01
201500041517;0;7;0;0;2;4;2;B01
201500041518;0;7;0;0;2;2;14;A01
201500041518;0;7;0;0;2;8;2;B01
201500041518;0;7;0;0;2;7;23;C01
201500041519;0;10;0;0;1;3;0;A01
201500041520;0;34;0;0;1;1;0;A01
201500041521;0;7;0;0;2;3;1;A01
201500041521;0;33;0;0;2;1;3;B01
201500041522;0;33;0;1;2;7;3;A01
201500041522;0;10;0;0;0;7;23;B01
201500041523;0;7;0;4;0;0;0;A01
201500041524;0;33;0;0;1;1;0;A01
201500041525;0;7;0;0;1;0;0;A01
201500041526;0;7;0;0;0;8;19;A01
201500041526;0;33;0;0;2;1;3;B01
201500041527;0;7;0;0;0;4;23;B01
201500041527;1;7;0;0;0;1;10;Z01
201500041528;0;7;0;0;1;1;0;A01
201500041529;0;13;0;0;1;7;4;A01
201500041530;0;14;0;0;1;7;0;A01
201500041531;0;37;1;0;1;3;0;A01
201500041532;1;7;0;0;1;1;1;A01
201500041533;0;30;0;0;2;2;3;A01
201500041533;0;10;0;0;2;2;19;B01
201500041534;0;7;0;0;2;1;2;A01
201500041534;0;1;0;0;0;4;2;B01
201500041535;0;7;0;0;1;1;2;A01
201500041536;0;33;0;0;2;0;3;A01
201500041536;0;7;0;0;2;0;0;B01
201500041536;0;7;0;0;2;0;0;C01
201500041537;0;32;0;0;2;1;14;A01
201500041537;0;7;0;0;2;3;15;B01
201500041538;0;34;0;0;2;1;1;A01
201500041538;0;7;0;0;0;0;0;B01
201500041539;0;7;0;0;2;3;15;A01
201500041539;0;33;0;0;2;1;17;B01