num_acc;senc;catv;occutc;obs;obsm;choc;manv;num_veh
201500041540;0;10;0;0;0;2;15;A01
201500041540;0;32;0;0;0;8;15;B01
201500041541;0;7;0;0;0;3;9;A01
201500041541;0;34;0;0;0;2;17;B01
201500041542;0;7;0;0;0;3;15;A01
201500041542;0;33;0;0;2;1;1;B01
201500041543;0;33;0;0;2;2;1;A01
201500041543;0;7;0;0;0;7;6;B01
201500041544;0;7;0;0;2;2;15;A01
201500041544;0;7;0;0;2;1;1;B01
201500041545;0;7;0;0;1;2;0;A01
201500041546;0;7;0;0;2;3;16;B01
201500041546;0;7;0;0;2;3;15;A01
201500041547;0;7;0;0;1;2;15;A01
201500041548;0;7;0;0;2;1;1;A01
201500041548;0;7;0;0;2;4;1;B01
201500041549;0;7;0;0;1;3;24;A01
201500041550;0;7;0;0;1;3;0;A01
201500041551;0;7;0;0;1;3;0;A01
201500041552;0;7;0;0;2;7;0;A01
201500041552;2;7;0;0;2;1;0;B01
201500041553;0;7;0;0;1;3;1;A01
201500041554;0;7;0;0;0;3;1;B01
201500041554;0;1;0;0;0;1;19;A01
201500041555;0;7;0;0;2;1;1;A01
201500041555;0;7;0;1;2;4;19;B01
201500041556;0;30;0;0;2;1;1;A01
201500041556;0;7;0;0;2;3;15;B01
201500041557;0;7;0;0;2;2;15;B01
201500041557;0;7;0;0;2;3;1;A01
201500041558;0;7;0;0;1;3;1;A01
201500041559;0;7;0;0;1;3;23;A01
201500041559;0;7;0;0;2;1;2;B01
201500041560;0;7;0;0;2;2;15;A01
201500041560;0;32;0;0;2;1;1;B01
201500041561;0;1;0;0;2;1;0;A01
201500041561;0;7;0;0;9;7;1;B01
201500041562;0;7;0;0;2;4;2;A01
201500041562;0;30;0;0;2;1;2;B01
201500041563;0;7;0;0;2;3;5;A01
201500041563;0;7;0;0;2;3;1;B01
201500041564;0;32;0;0;1;1;17;A01
201500041565;0;7;0;0;2;7;17;A01
201500041565;0;7;0;0;2;3;1;B01
201500041566;0;7;0;0;0;4;11;A01
201500041566;0;7;0;0;2;4;1;B01
201500041566;1;10;0;0;2;1;1;C01
201500041567;0;37;3;0;2;0;0;A01
201500041568;0;7;0;0;1;2;1;A01
201500041569;0;7;0;0;1;2;16;A01
201500041570;0;33;0;0;2;7;0;M01
201500041570;0;7;0;0;9;3;0;A01
201500041571;0;7;0;0;2;6;0;A01
201500041571;0;7;0;0;2;2;0;B01
201500041572;0;37;1;0;1;3;1;A01
201500041573;0;7;0;0;2;2;15;A01
201500041573;0;7;0;0;2;1;1;B01
201500041574;0;7;0;0;2;1;2;A01
201500041574;0;7;0;0;0;4;23;B01
201500041575;0;7;0;1;0;2;1;A01
201500041576;0;7;0;0;2;3;1;A01
201500041576;0;2;0;0;0;8;2;B01
201500041577;0;7;0;1;2;2;17;A01
201500041577;0;7;0;1;0;6;15;B01
201500041578;0;32;0;0;2;2;2;A01
201500041578;0;7;0;0;2;3;15;B01
201500041579;0;7;0;1;0;1;0;A01
201500041579;0;7;0;0;0;0;24;B01
201500041580;0;7;0;0;0;2;1;A01
201500041580;0;32;0;0;2;1;1;B01
201500041581;0;7;0;0;0;1;1;A01
201500041581;0;7;0;0;0;4;1;B01
201500041582;0;7;0;0;1;1;24;A01
201500041582;0;1;0;1;0;0;0;B02
201500041583;0;7;0;15;0;1;15;A01
201500041584;0;7;0;0;2;1;2;A01
201500041584;0;7;0;0;2;4;2;B01
201500041585;0;7;0;0;2;2;15;A01
201500041585;0;34;0;0;2;1;1;B01
201500041586;0;7;0;0;2;3;1;A01
201500041586;0;7;0;0;2;2;15;B01
201500041587;0;7;0;0;0;4;0;A01
201500041587;1;7;0;0;2;1;1;B01
201500041588;0;7;0;0;2;1;0;A01
201500041588;0;7;0;0;2;1;0;B01
201500041589;0;7;0;0;2;3;0;A01
201500041589;0;7;0;0;2;2;0;B01
201500041590;0;7;0;0;2;3;0;A01
201500041590;0;7;0;0;2;6;0;B01
201500041590;0;7;0;0;2;1;0;C01
201500041591;0;7;0;0;1;3;16;A01
201500041592;0;7;0;0;2;3;0;B01
201500041592;0;7;0;0;2;1;2;A01
201500041592;0;10;0;0;2;1;1;C01
201500041593;0;7;0;0;2;2;15;A01
201500041593;0;32;0;0;2;1;0;B01
201500041594;0;7;0;0;2;1;19;A01
201500041594;0;7;0;0;2;1;19;B01
201500041595;2;7;0;14;2;8;1;C01
201500041595;0;7;0;0;2;1;1;A01
201500041595;0;7;0;0;2;8;16;B01
201500041596;0;7;0;0;1;2;0;A01
201500041597;0;7;0;0;1;3;0;A01
201500041598;0;7;0;1;0;0;0;A01
201500041599;0;7;0;0;0;0;0;A01
201500041599;0;7;0;0;0;0;0;B01
201500041600;0;7;0;1;0;1;1;A01
201500041601;0;7;0;0;1;8;0;A01
201500041602;0;7;0;0;2;1;1;A01
201500041602;0;7;0;0;2;4;1;B01
201500041603;0;7;0;0;1;1;9;A01
201500041604;0;7;0;0;1;1;16;A01
201500041605;0;7;0;0;1;2;1;A01
201500041606;0;7;0;0;1;2;0;A01
201500041607;0;33;0;0;2;1;7;A01
201500041607;0;7;0;0;2;8;15;B01
201500041608;0;1;0;0;2;3;9;B01
201500041608;1;7;0;0;9;3;9;Z01
201500041609;0;30;0;0;2;1;1;B01
201500041609;1;7;0;0;2;6;10;Z01
201500041610;1;7;0;0;1;3;5;Z01
201500041611;0;7;0;0;2;3;1;A01
201500041611;0;31;0;0;2;1;1;B01
201500041612;0;7;0;0;1;1;1;A01
201500041613;0;7;0;0;1;2;0;A01
201500041614;0;7;0;0;1;8;0;A01
201500041615;0;7;0;1;0;1;21;A01
201500041616;2;7;0;0;2;1;2;A01
201500041616;0;7;0;0;2;4;23;B01
201500041616;0;7;0;0;0;4;23;C01
201500041617;0;7;0;8;0;1;15;A01
201500041618;1;31;0;0;1;0;0;Z01
201500041619;2;7;0;0;2;1;1;A01
201500041619;0;7;0;0;2;7;1;B01
201500041620;0;7;0;0;1;2;16;A01
201500041621;0;32;0;0;0;0;0;A01
201500041622;0;33;0;0;2;1;2;A01
201500041622;0;7;0;0;2;4;23;B01
201500041623;0;30;0;4;0;6;23;A01
201500041623;0;7;0;0;0;6;23;B01
201500041624;1;30;0;0;1;7;5;Z01
201500041625;0;7;0;0;0;4;23;A01
201500041625;0;10;0;0;2;1;2;B01
201500041626;2;99;0;0;1;1;2;Z01
201500041627;0;7;0;0;2;3;15;A01
201500041627;0;32;0;1;2;1;5;B01
201500041628;0;10;0;6;0;2;2;A01
201500041628;0;10;0;0;2;3;15;B01
201500041629;0;32;0;0;2;0;0;A01
201500041629;0;7;0;0;0;5;0;B01
201500041630;0;7;0;0;0;1;0;A01
201500041630;0;7;0;0;0;1;2;B01
201500041631;0;7;0;0;2;7;16;A01
201500041631;0;1;0;0;2;1;2;B01
201500041632;0;7;0;8;0;1;16;A01
201500041633;0;33;0;0;2;1;1;A01
201500041633;0;7;0;0;2;3;16;B01
201500041634;0;7;0;0;2;1;1;B01
201500041634;0;7;0;0;2;2;0;A01
201500041635;0;30;0;0;1;1;17;A01
201500041636;0;7;0;0;2;4;2;A01
201500041636;0;7;0;0;0;4;23;B01
201500041637;0;7;0;0;1;2;0;A01
201500041638;0;7;0;0;1;3;2;A01
201500041639;1;30;0;0;1;0;0;A01
201500041640;0;7;0;0;1;3;0;A01
201500041641;0;7;0;0;2;1;1;A01
201500041641;0;33;0;0;2;8;1;B01
201500041642;0;10;0;0;1;1;2;A01
201500041643;0;7;0;0;1;1;1;A01
201500041644;0;7;0;0;2;1;2;A01
201500041644;0;7;0;0;0;4;23;B01
201500041645;0;7;0;0;2;2;9;A01
201500041645;0;32;0;0;2;1;1;B01
201500041646;0;7;0;0;0;7;12;A01
201500041646;0;7;0;0;0;1;2;B01
201500041647;0;34;0;0;2;9;3;A01
201500041647;0;7;0;0;2;5;23;B01
201500041647;0;10;0;0;2;3;23;C01
201500041648;0;40;0;0;1;1;0;A01
201500041649;0;7;0;0;0;2;15;A01
201500041649;0;2;0;0;2;1;0;B01
201500041650;0;10;0;0;2;3;1;A01
201500041650;0;33;0;0;2;1;5;B01
201500041651;0;14;0;0;1;3;1;A01
201500041652;1;7;0;0;2;1;2;Z01
201500041652;0;7;0;0;1;3;15;A01
201500041653;2;33;0;0;2;1;0;A01
201500041653;0;7;0;0;2;3;0;B01
201500041654;0;1;0;0;2;4;10;B01
201500041654;0;7;0;0;2;2;16;A01
201500041655;0;7;0;0;2;7;0;A01
201500041655;0;34;0;0;2;8;0;B01
201500041656;0;32;0;0;2;1;1;A01
201500041656;0;7;0;0;2;3;11;B01
201500041657;0;3;0;8;0;7;10;A01
201500041658;0;7;0;0;2;1;1;A01
201500041658;0;7;0;0;2;4;1;B01
201500041659;0;1;0;0;0;4;1;B01
201500041659;1;7;0;0;0;0;2;Z01
201500041660;0;7;0;0;2;1;13;C01
201500041660;0;7;0;0;2;1;0;B01
201500041660;0;7;0;0;0;1;13;A01
201500041661;0;7;0;4;0;1;1;A01
201500041662;0;33;0;0;2;0;0;A01
201500041662;0;7;0;0;2;2;0;B01
201500041663;0;7;0;2;0;8;17;A01
201500041664;0;7;0;0;2;3;10;A01
201500041664;0;7;0;0;2;3;1;B01
201500041665;0;7;0;0;0;1;16;A01
201500041665;0;1;0;0;0;4;1;B01
201500041666;0;10;0;0;2;1;1;A01
201500041666;0;10;0;0;2;3;15;B01
201500041667;0;7;0;0;0;1;1;A01
201500041668;0;33;0;0;2;1;0;A01
201500041669;0;7;0;0;2;3;0;A01
201500041669;0;7;0;0;2;3;0;B01
201500041670;0;7;0;0;2;7;0;A01
201500041670;0;7;0;0;2;1;0;B01
201500041671;0;7;0;0;9;7;1;A01
201500041671;0;30;0;0;2;0;9;B01
201500041672;0;7;0;0;1;1;1;A01
201500041673;1;7;0;0;1;1;2;A01
201500041674;0;10;0;0;0;6;10;A01
201500041674;0;7;0;0;0;1;1;B01
201500041675;0;7;0;0;2;1;1;B01
201500041675;0;7;0;0;2;8;1;A01
201500041676;0;7;0;0;2;4;0;A01
201500041676;0;7;0;0;2;1;0;B01
201500041677;0;7;0;0;2;1;2;B01
201500041677;0;7;0;1;2;3;2;A01
201500041678;0;7;0;0;1;2;11;A01
201500041679;0;3;0;0;0;4;2;B01
201500041680;0;7;0;0;2;3;9;A01
201500041680;0;33;0;0;2;1;1;B01
201500041681;0;33;0;0;2;3;1;A01
201500041681;1;7;0;0;2;0;1;B01
201500041682;0;7;0;0;2;4;23;C01
201500041682;0;10;0;0;2;4;23;B01
201500041682;0;14;0;0;2;1;1;A01
201500041683;0;7;0;0;1;1;4;A01
201500041684;0;30;0;0;2;2;2;B01
201500041684;0;7;0;0;9;1;2;A01
201500041685;0;7;0;0;1;3;1;A01
201500041686;0;7;0;0;9;2;0;A01
201500041686;0;1;0;0;2;2;0;B01
201500041687;0;7;0;0;2;3;1;A01
201500041687;0;7;0;0;2;2;0;B01
201500041688;0;7;0;0;0;3;15;A01
201500041688;0;33;0;0;0;1;13;B01
201500041689;0;10;0;14;0;1;3;A01
201500041689;0;7;0;0;0;4;1;B01
201500041689;0;7;0;0;0;4;2;C01
201500041689;0;7;0;0;0;6;2;D01
201500041690;0;7;0;1;2;1;2;A01
201500041691;0;10;0;0;2;1;0;A01
201500041691;0;7;0;0;2;4;1;B01
201500041692;0;7;0;0;2;1;2;A01
201500041692;0;7;0;0;2;7;9;B01
201500041693;1;7;0;0;2;0;15;A01
201500041693;0;33;0;0;2;8;1;B01
201500041694;0;7;0;2;0;1;0;A01
201500041695;0;10;0;0;2;1;11;A01
201500041695;0;7;0;0;1;4;1;B01
201500041696;0;7;0;0;1;1;2;A01
201500041697;0;7;0;0;2;1;2;A01
201500041697;0;7;0;0;2;4;1;B01
201500041698;0;7;0;0;2;4;0;A01
201500041698;0;7;0;14;0;1;2;B01
201500041699;0;7;0;0;0;4;1;B01
201500041699;0;7;0;0;2;1;1;A01
201500041700;0;7;0;4;0;1;13;A01
201500041701;0;7;0;0;2;2;0;A01
201500041701;0;7;0;0;2;3;0;B01
201500041702;0;7;0;0;2;1;2;A01
201500041702;0;7;0;0;2;1;2;B01
201500041702;0;7;0;0;0;4;2;C01
201500041703;0;7;0;0;2;1;1;A01
201500041703;0;33;0;0;2;8;1;B01
201500041704;0;7;0;0;0;7;15;A01
201500041704;0;7;0;0;0;1;1;B01
201500041705;0;7;0;10;2;1;5;A01
201500041705;0;7;0;0;2;3;15;B01
201500041706;0;7;0;0;6;6;2;A01
201500041706;0;7;0;0;2;2;2;B01
201500041707;0;37;1;0;2;3;1;A01
201500041707;0;7;0;0;2;3;15;B01
201500041708;0;7;0;0;9;3;2;A01
201500041708;0;30;0;0;2;1;2;B01
201500041709;0;7;0;4;0;1;2;A01
201500041710;0;7;0;0;2;3;1;B01
201500041710;0;7;0;0;2;2;2;A01
201500041711;0;10;0;14;2;7;10;A01
201500041711;0;10;0;0;2;1;1;B01
201500041712;0;7;0;6;0;1;2;A01
201500041713;0;7;0;0;2;2;1;A01
201500041713;0;33;0;0;2;1;2;B01
201500041714;0;7;0;15;0;2;0;A01
201500041715;0;7;0;0;1;2;9;A01
201500041716;0;7;0;0;2;3;1;A01
201500041716;0;1;0;0;0;0;0;B01
201500041717;0;37;1;0;2;3;0;B01
201500041717;0;7;0;0;2;5;24;C01
201500041717;0;7;0;0;2;4;24;D01
201500041717;0;7;0;0;2;2;9;A01
201500041718;0;3;0;13;0;7;6;A01
201500041719;0;7;0;15;2;6;0;A01
201500041719;0;7;0;0;2;6;0;B01
201500041719;0;14;0;0;0;0;0;C01
201500041720;1;33;0;0;2;3;1;A01
201500041720;0;7;0;0;2;2;16;B01
201500041721;0;7;0;0;0;1;1;A01
201500041722;0;7;0;0;2;3;1;A01
201500041722;0;7;0;0;0;2;16;B01
201500041723;0;2;0;0;2;1;2;A01
201500041723;0;7;0;0;2;7;15;B01
201500041724;0;32;0;0;2;1;1;A01
201500041724;1;7;0;0;0;0;0;Z01
201500041725;0;1;0;0;2;7;19;Y01
201500041725;0;7;0;0;9;1;1;A01
201500041726;0;37;0;0;0;1;2;A01
201500041726;0;7;0;0;0;4;2;B01
201500041726;0;7;0;0;0;4;2;C01
201500041727;0;7;0;15;2;1;0;A01
201500041727;0;7;0;15;2;2;2;B01
201500041728;0;7;0;0;1;1;15;A01
201500041729;0;7;0;0;0;2;0;A01
201500041729;0;7;0;0;0;3;0;B01
201500041730;1;7;0;0;1;1;0;A01
201500041731;0;7;0;0;1;6;24;B01
201500041731;0;33;0;1;0;9;0;A01
201500041732;0;30;0;0;2;2;0;A01
201500041732;0;7;0;0;2;8;0;B01
201500041733;0;7;0;1;2;1;2;A01
201500041733;0;7;0;0;0;4;23;B01
201500041734;1;7;0;0;1;1;1;A01
201500041735;0;31;0;0;2;1;2;A01
201500041735;0;13;0;0;2;4;2;B01
201500041736;0;31;0;0;2;7;0;A01
201500041736;1;7;0;0;2;0;11;B01
201500041737;0;7;0;5;0;1;13;A01
201500041738;0;34;0;0;2;7;13;A01
201500041738;0;7;0;0;9;3;15;B01
201500041738;0;37;10;0;0;2;1;C01
201500041739;0;7;0;0;2;3;2;A01
201500041739;0;7;0;0;2;5;0;B01
201500041740;0;7;0;0;1;3;21;A01
201500041741;1;7;0;0;1;1;1;A01
201500041742;0;7;0;0;1;3;9;A01
201500041743;0;7;0;0;2;1;1;A01
201500041743;2;2;0;0;2;7;1;B01
201500041744;0;7;0;1;1;8;1;A01
201500041745;1;7;0;0;0;0;0;A01
201500041745;0;1;0;0;2;0;1;B01
201500041746;0;10;0;0;2;2;15;A01
201500041746;0;2;0;0;2;1;1;B01
201500041747;0;3;0;0;2;1;1;A01
201500041747;0;7;0;0;2;4;1;B01
201500041748;1;1;0;0;1;1;1;A01
201500041749;0;7;0;0;1;1;1;B01
201500041750;0;33;0;0;2;4;15;A01
201500041750;0;33;0;0;2;1;2;B01
201500041751;0;7;0;0;1;4;4;A01
201500041752;0;32;0;0;0;8;1;B01
201500041752;0;7;0;0;0;1;1;A01
201500041753;0;7;0;0;1;4;4;A01
201500041754;0;32;0;14;0;1;1;B01
201500041754;0;7;0;0;9;3;15;A01
201500041755;0;2;0;0;0;3;21;B01
201500041756;0;7;0;0;1;3;20;A01
201500041757;0;30;0;0;2;1;1;A01
201500041757;1;7;0;0;2;6;15;B01
201500041758;0;3;0;1;0;9;20;A01
201500041759;0;7;0;0;1;3;1;A01
201500041760;0;7;0;0;1;2;0;A01
201500041761;0;7;0;1;0;2;0;A01
201500041762;0;10;0;0;1;3;0;A01
201500041763;1;7;0;0;2;0;0;A01
201500041763;0;7;0;1;1;6;2;B01
201500041764;0;32;0;0;2;1;16;A01
201500041764;0;10;0;0;2;5;23;B01
201500041765;0;7;0;0;2;3;16;B01
201500041765;0;7;0;0;2;2;0;A01
201500041766;0;2;0;0;0;8;1;A01
201500041767;0;7;0;0;0;1;1;B01
201500041767;0;7;0;0;0;1;9;A01
201500041768;0;33;0;0;0;1;1;A01
201500041768;0;7;0;0;0;7;1;B01
201500041769;0;7;0;0;1;0;0;A01
201500041770;0;10;0;0;0;6;1;B01
201500041770;0;32;0;0;2;3;1;A01
201500041771;0;7;0;0;1;5;4;A01
201500041772;0;7;0;0;0;1;1;A01
201500041772;0;37;0;0;0;3;2;B01
201500041773;0;7;0;0;2;1;1;B01
201500041773;0;7;0;0;2;2;1;A01
201500041774;0;7;0;2;0;8;1;A01
201500041775;0;1;0;15;0;1;1;A01
201500041776;0;32;0;0;2;1;1;A01
201500041776;0;7;0;0;2;5;1;B01
201500041777;0;30;0;0;2;1;1;B01
201500041777;0;7;0;0;2;3;15;A01
201500041778;0;7;0;0;2;3;1;B01
201500041778;0;7;0;0;2;2;15;A01
201500041779;0;7;0;0;1;1;1;A01
201500041780;0;7;0;0;1;1;1;A01
201500041781;0;7;0;0;1;2;1;A01
201500041782;0;1;0;0;2;1;1;B01
201500041782;0;10;0;0;2;1;15;A01
201500041783;0;7;0;0;2;3;15;A01
201500041783;0;1;0;0;2;1;0;B01
201500041784;0;7;0;0;2;6;1;B01
201500041784;0;1;0;0;2;1;15;A01
201500041785;0;10;0;0;1;1;2;A01
201500041786;0;7;0;0;1;0;0;A01
201500041787;0;1;0;0;2;1;2;B01
201500041787;0;10;0;0;2;5;4;A01
201500041788;0;33;0;0;0;1;1;B01
201500041788;0;7;0;0;0;8;15;A01
201500041789;0;7;0;0;0;1;23;D01
201500041789;0;7;0;0;0;1;23;C01
201500041789;0;10;0;0;0;2;1;A01
201500041789;0;10;0;0;0;1;1;B01
201500041790;0;2;0;0;2;3;1;A01
201500041790;0;7;0;0;9;3;15;B01
201500041791;0;32;0;0;2;7;2;A01
201500041791;0;10;0;0;0;5;23;B01
201500041792;0;32;0;12;0;8;2;A01
201500041793;0;7;0;0;2;1;2;A01
201500041793;0;7;0;0;1;4;1;B01
201500041794;0;13;0;8;2;1;0;A01
201500041794;0;7;0;0;2;1;0;B01
201500041795;0;37;38;0;1;6;1;B01
201500041795;0;7;0;0;1;3;1;A01
201500041796;0;7;0;0;2;2;1;B01
201500041796;0;2;0;0;2;1;1;A01
201500041797;0;14;0;0;2;1;15;A01
201500041797;0;7;0;0;0;6;16;B01
201500041798;0;7;0;0;0;1;19;B01
201500041798;0;7;0;0;0;1;15;A01
201500041799;0;10;0;0;1;4;4;A01
201500041800;0;7;0;0;1;1;2;A01
201500041801;0;7;0;0;1;1;20;A01
201500041802;0;7;0;0;0;3;15;A01
201500041802;0;33;0;0;0;8;2;B01
201500041803;0;33;0;1;0;8;1;A01
201500041804;0;7;0;0;2;1;2;A01
201500041804;0;7;0;0;0;4;2;B01
201500041805;0;7;0;0;1;1;1;A01
201500041806;0;7;0;0;2;3;1;B01
201500041806;0;7;0;0;2;1;15;A01
201500041807;0;14;0;0;2;4;1;B01
201500041807;0;15;0;0;2;1;2;A01
201500041808;0;33;0;0;2;1;1;B01
201500041808;0;7;0;0;2;3;15;A01
201500041809;0;7;0;0;2;1;15;A01
201500041809;0;7;0;0;2;1;1;B01
201500041810;0;7;0;0;2;8;2;A01
201500041810;0;1;0;0;2;1;2;B01
201500041811;0;2;0;2;0;7;1;A01
201500041812;0;37;0;0;1;7;1;A01
201500041813;0;7;0;0;2;8;15;B01
201500041813;0;34;0;0;2;7;17;A01
201500041814;0;7;0;0;2;4;1;B01
201500041814;0;10;0;0;2;1;1;A01
201500041815;0;7;0;0;1;3;1;A01
201500041816;0;1;0;0;0;0;1;A01
201500041817;0;7;0;0;2;8;15;B01
201500041817;0;7;0;0;2;1;1;A01
201500041818;0;7;0;0;2;3;15;A01
201500041818;0;32;0;0;2;2;9;B01
201500041819;0;7;0;1;2;3;20;A01
201500041819;0;7;0;0;2;2;2;B01
201500041820;0;7;0;0;2;4;1;B01
201500041820;0;15;0;0;2;1;2;A01
201500041821;0;7;0;0;2;2;2;A01
201500041821;0;7;0;0;9;3;16;B01
201500041822;0;7;0;6;0;1;1;A01
201500041823;0;7;0;4;0;1;1;A01
201500041824;0;7;0;0;0;8;23;C01
201500041824;2;7;0;1;2;3;1;A01
201500041824;0;7;0;0;2;1;16;B01
201500041825;0;1;0;0;2;1;1;B01
201500041825;0;7;0;0;2;7;1;A01
201500041826;0;33;0;0;2;7;3;A01
201500041826;0;7;0;0;2;1;9;B01
201500041827;0;7;0;0;1;1;0;A01
201500041828;2;7;0;0;2;3;7;A01
201500041828;0;10;0;0;2;7;1;B01
201500041829;0;32;0;0;2;9;1;B01
201500041829;0;7;0;0;2;5;15;A01
201500041830;0;7;0;0;1;3;1;A01
201500041831;0;32;0;0;2;3;1;A01
201500041831;0;7;0;0;2;3;1;B01
201500041832;0;7;0;15;0;1;1;A01
201500041833;0;7;0;0;2;6;10;A01
201500041833;0;31;0;0;2;1;1;B01
201500041834;0;7;0;0;1;3;2;A01
201500041835;0;7;0;0;2;4;9;B01
201500041835;0;7;0;0;2;1;2;A01
201500041836;0;7;0;0;1;1;0;A01
201500041837;0;7;0;0;0;1;2;A01
201500041837;0;7;0;0;0;4;2;B01
201500041838;0;7;0;0;1;1;0;A01
201500041839;0;7;0;3;0;1;1;A01
201500041840;0;7;0;0;2;3;9;A01
201500041840;0;34;0;0;2;2;21;B01
201500041841;0;7;0;0;2;3;15;B01
201500041841;0;7;0;0;2;2;16;A01
201500041842;1;30;0;0;1;1;0;A01
201500041843;0;7;0;15;0;9;9;A01
201500041844;0;37;1;0;1;2;15;A01
201500041845;0;7;0;0;2;2;1;B01
201500041845;0;2;0;0;2;1;0;A01
201500041846;0;10;0;0;2;8;17;A01
201500041846;0;30;0;0;2;2;17;B01
201500041847;0;7;0;0;2;4;2;B01
201500041847;0;33;0;0;2;1;2;A01
201500041848;0;7;0;0;2;3;9;A01
201500041848;0;2;0;0;2;6;1;B01
201500041849;0;7;0;0;1;2;1;A01
201500041850;0;7;0;0;1;1;1;B01
201500041850;0;7;0;0;0;3;19;A01
201500041851;0;34;0;14;0;3;17;A01
201500041852;0;34;0;16;0;8;15;A01
201500041853;0;10;0;0;1;2;1;A01
201500041854;0;7;0;0;2;3;15;A01
201500041854;0;7;0;0;2;3;1;B01
201500041855;0;7;0;0;9;2;15;A01
201500041855;0;1;0;0;2;1;15;B01
201500041856;0;34;0;0;2;3;2;B01
201500041856;1;7;0;0;2;5;1;A01
201500041857;0;7;0;0;0;4;2;B01
201500041857;0;7;0;0;2;1;2;A01
201500041858;0;2;0;0;2;1;2;A01
201500041858;0;2;0;0;0;4;10;B01
201500041859;0;7;0;0;1;1;1;A01
201500041860;0;7;0;0;2;4;1;A01
201500041860;0;7;0;0;2;1;2;B01
201500041861;0;33;0;0;2;7;17;B01
201500041861;1;7;0;0;2;8;13;A01
201500041862;0;38;1;0;2;3;15;B01
201500041862;0;10;0;15;2;7;21;A01
201500041862;0;7;0;0;9;1;15;C01
201500041863;0;7;0;0;1;2;1;A01
201500041864;0;7;0;0;0;0;0;A01
201500041864;0;33;0;0;0;0;0;B01
201500041865;0;30;0;0;2;5;17;A01
201500041865;0;7;0;0;2;3;15;B01
201500041866;0;7;0;0;2;1;15;A01
201500041866;0;7;0;0;2;1;1;B01
201500041867;0;33;0;0;1;1;0;A01
201500041868;0;3;0;0;2;2;15;A01
201500041868;0;32;0;0;2;1;1;B01
201500041869;0;7;0;0;2;2;2;A01
201500041869;0;34;0;0;0;8;2;B01
201500041870;0;7;0;15;0;2;14;A01
201500041871;0;7;0;0;2;1;1;B01
201500041871;0;7;0;0;2;8;1;A01
201500041872;0;2;0;1;0;7;2;A01
201500041873;0;7;0;6;0;1;0;A01
201500041874;0;7;0;0;2;1;1;A01
201500041874;0;7;0;0;0;8;9;B01
201500041875;0;34;0;11;0;0;17;A01
201500041876;0;33;0;0;2;7;17;A01
201500041876;0;7;0;0;2;1;20;B01
201500041877;1;99;0;0;1;2;0;A01
201500041878;2;7;0;14;0;0;2;A01
201500041879;0;37;0;0;2;2;1;A01
201500041879;0;7;0;0;2;1;15;B01
201500041880;0;7;0;0;2;1;15;A01
201500041880;0;7;0;0;2;2;1;B01
201500041881;0;7;0;0;1;1;1;A01
201500041882;0;7;0;0;2;1;15;A01
201500041882;0;7;0;0;2;3;1;B01
201500041883;0;7;0;0;2;7;2;A01
201500041883;0;7;0;0;2;1;2;B01
201500041884;0;7;0;4;0;1;13;A01
201500041885;0;7;0;6;0;9;1;A01
201500041886;0;7;0;0;1;1;15;A01
201500041887;0;7;0;0;0;1;0;A01
201500041887;0;7;0;0;0;4;0;B01
201500041888;0;7;0;0;1;2;1;A01
201500041889;0;7;0;0;0;9;15;A01
201500041890;0;32;0;0;2;1;2;A01
201500041890;0;7;0;0;2;6;11;B01
201500041891;0;7;0;0;2;1;2;A01
201500041891;0;7;0;0;0;4;15;B01
201500041892;0;7;0;0;1;6;1;A01
201500041893;0;32;0;0;0;7;1;A01
201500041894;0;37;0;0;1;2;1;A01
201500041895;0;7;0;0;2;2;15;A01
201500041895;0;2;0;0;2;1;2;B01
201500041896;0;7;0;15;2;2;2;A01
201500041896;0;7;0;0;2;3;15;B01
201500041897;0;7;0;0;2;8;22;A01
201500041897;0;33;0;0;2;5;1;B01
201500041898;0;7;0;0;2;3;5;A01
201500041898;0;7;0;0;2;3;1;B01
201500041899;0;33;0;0;1;3;2;A01
201500041900;0;30;0;0;0;7;0;A01
201500041901;0;33;0;0;2;7;14;A01
201500041901;0;7;0;0;2;4;1;B01
201500041902;0;7;0;8;0;1;0;A01
201500041903;0;33;0;0;2;7;3;A01
201500041903;0;7;0;0;0;6;1;B01
201500041904;0;1;0;0;9;1;1;A01
201500041904;0;1;0;0;9;1;1;B01
201500041905;0;33;0;0;2;7;3;B01
201500041905;0;7;0;0;2;3;9;A01
201500041906;0;7;0;0;2;2;9;B01
201500041906;2;99;0;0;2;1;5;A01
201500041907;0;7;0;0;2;3;15;A01
201500041907;0;7;0;0;2;8;1;B01
201500041908;0;33;0;0;2;1;17;A01
201500041908;0;14;0;0;2;3;15;B01
201500041909;0;7;0;0;2;8;10;A01
201500041909;0;10;0;0;2;2;1;B01
201500041910;0;7;0;0;1;1;0;A01
201500041911;0;7;0;0;1;0;1;A01
201500041912;0;7;0;0;2;7;15;A01
201500041912;0;33;0;0;2;1;1;B01
201500041913;0;7;0;0;0;1;1;A01
201500041914;0;7;0;0;2;4;1;B01
201500041914;0;30;0;0;2;1;1;A01
201500041915;1;30;0;0;1;2;1;A01
201500041916;0;7;0;2;0;2;2;A01
201500041917;0;7;0;0;2;1;11;B01
201500041917;0;7;0;0;2;1;2;A01
201500041918;0;7;0;0;0;4;2;B01
201500041918;0;7;0;0;0;1;2;A01
201500041918;0;7;0;0;0;4;2;C01
201500041919;0;14;0;0;2;2;14;A01