num_acc;senc;catv;occutc;obs;obsm;choc;manv;num_veh
201500042295;0;7;0;0;2;6;10;A01
201500042296;0;7;0;0;1;2;12;A01
201500042297;0;7;0;0;2;1;1;A01
201500042297;0;7;0;0;2;8;1;B01
201500042298;0;7;0;0;2;8;1;B01
201500042298;0;7;0;0;2;7;17;A01
201500042299;0;7;0;0;1;2;11;A01
201500042300;0;7;0;0;2;3;21;B01
201500042300;0;7;0;0;2;3;13;A01
201500042301;0;7;0;0;0;7;15;A01
201500042301;0;7;0;0;0;1;1;B01
201500042302;0;10;0;0;1;4;2;A01
201500042303;0;7;0;0;0;4;2;B01
201500042303;0;7;0;0;2;1;2;A01
201500042304;0;30;0;0;2;4;2;A01
201500042304;0;7;0;0;2;1;2;B01
201500042305;1;99;0;0;1;1;17;A01
201500042306;1;7;0;0;1;0;0;A01
201500042307;0;7;0;0;1;1;15;A01
201500042308;0;7;0;0;1;1;0;A01
201500042309;0;32;0;0;2;1;2;A01
201500042309;0;7;0;0;0;2;16;B01
201500042310;0;7;0;0;1;3;0;A01
201500042311;0;34;0;0;2;4;1;B01
201500042311;0;10;0;0;2;1;2;A01
201500042312;0;7;0;0;2;2;1;A01
201500042312;0;2;0;0;2;3;1;B01
201500042313;0;30;0;0;2;8;1;A01
201500042313;0;14;0;0;2;1;0;B01
201500042314;2;10;0;0;2;1;1;A01
201500042314;0;7;0;0;2;7;15;B01
201500042315;0;7;0;0;1;6;4;A01
201500042316;0;7;0;0;1;2;16;A01
201500042317;0;37;0;0;1;2;7;A01
201500042318;0;14;0;0;1;6;2;A01
201500042319;0;31;0;14;0;1;2;A01
201500042320;0;30;0;0;2;1;1;B01
201500042320;0;7;0;0;2;2;15;A01
201500042321;0;32;0;0;0;0;21;B01
201500042321;0;21;0;0;0;0;9;A01
201500042322;1;30;0;0;1;0;17;A01
201500042323;0;7;0;0;2;2;15;B01
201500042323;0;7;0;0;2;1;1;A01
201500042324;0;7;0;0;1;1;1;A01
201500042325;0;37;100;1;0;5;17;B01
201500042325;0;7;0;0;0;3;24;A01
201500042326;0;7;0;0;2;1;15;A01
201500042326;0;30;0;0;2;8;1;B01
201500042327;0;7;0;0;2;8;11;A01
201500042327;0;37;0;0;2;2;2;B01
201500042328;0;7;0;0;2;6;2;B01
201500042328;0;7;0;0;2;2;2;A01
201500042329;0;7;0;0;1;1;1;A01
201500042330;0;7;0;0;1;2;2;A01
201500042331;0;7;0;0;2;6;1;A01
201500042331;0;1;0;0;2;1;11;B01
201500042332;0;34;0;0;2;1;1;B01
201500042332;0;7;0;0;2;7;10;A01
201500042333;0;7;0;0;2;1;1;B01
201500042333;0;7;0;0;0;5;16;A01
201500042334;0;1;0;0;2;2;19;A01
201500042334;0;7;0;0;2;3;1;B01
201500042335;0;13;0;0;2;7;19;A01
201500042335;0;1;0;0;2;8;18;B01
201500042336;0;7;0;0;1;1;15;A01
201500042337;0;7;0;0;0;4;2;C01
201500042337;0;7;0;0;2;1;2;A01
201500042337;0;99;0;0;0;4;2;B01
201500042338;0;10;0;0;1;4;4;A01
201500042339;0;7;0;0;2;2;15;A01
201500042339;0;7;0;0;2;1;1;B01
201500042340;0;13;0;0;2;3;1;A01
201500042340;0;32;0;0;2;5;1;B01
201500042341;0;13;0;0;1;1;1;A01
201500042342;0;2;0;8;0;8;15;A01
201500042343;0;2;0;0;0;1;2;B01
201500042343;0;7;0;0;0;3;10;A01
201500042344;0;32;0;0;2;1;1;A01
201500042344;0;1;0;0;0;8;19;B01
201500042345;0;7;0;0;2;4;17;A01
201500042345;0;7;0;0;2;5;1;B01
201500042346;0;30;0;0;2;3;15;B01
201500042346;0;7;0;0;2;3;15;A01
201500042347;0;7;0;0;0;2;15;A01
201500042347;0;7;0;0;2;3;2;B01
201500042348;0;1;0;0;2;1;19;B01
201500042348;0;37;0;0;2;7;7;A01
201500042349;0;10;0;0;1;2;1;A01
201500042350;1;7;0;0;2;1;1;Z01
201500042350;0;7;0;0;2;4;21;A01
201500042350;0;7;0;0;2;1;21;B01
201500042351;0;7;0;0;1;1;2;A01
201500042352;0;7;0;0;0;9;0;A01
201500042353;0;37;0;0;1;0;1;A01
201500042354;0;7;0;0;2;3;0;A01
201500042354;0;33;0;0;2;1;1;B01
201500042355;0;7;0;0;2;3;1;B01
201500042355;0;7;0;0;2;2;0;A01
201500042356;0;7;0;0;2;1;2;B01
201500042356;0;7;0;0;2;1;10;A01
201500042357;0;33;0;0;2;7;2;A01
201500042357;0;7;0;0;2;4;15;B01
201500042358;0;7;0;0;2;1;2;A01
201500042358;0;7;0;0;0;4;2;B01
201500042359;0;7;0;0;1;2;2;A01
201500042360;0;7;0;0;2;1;2;A01
201500042360;0;32;0;0;0;4;23;B01
201500042361;0;7;0;0;2;7;13;A01
201500042361;0;7;0;0;0;8;23;B01
201500042362;0;30;0;0;2;9;2;B01
201500042362;0;7;0;0;2;3;15;A01
201500042363;0;7;0;0;2;2;2;A01
201500042363;0;30;0;0;0;1;2;B01
201500042364;1;7;0;0;1;1;1;A01
201500042365;0;7;0;0;2;1;1;C01
201500042365;0;7;0;0;2;1;13;A01
201500042365;0;7;0;0;2;1;1;B01
201500042366;0;7;0;0;2;1;1;A01
201500042366;0;37;3;0;2;3;1;B01
201500042367;0;30;0;0;2;1;1;B01
201500042367;0;7;0;0;2;8;9;A01
201500042368;0;7;0;0;2;8;1;A01
201500042368;0;7;0;0;0;1;1;B01
201500042369;0;37;1;0;1;7;7;A01
201500042370;0;7;0;0;0;4;1;B01
201500042370;0;7;0;0;2;1;1;A01
201500042371;0;7;0;0;2;2;10;A01
201500042371;0;33;0;0;2;1;2;B01
201500042372;0;30;0;0;2;1;9;A01
201500042372;0;7;0;0;2;8;1;B01
201500042373;0;7;0;0;2;1;9;A01
201500042373;0;7;0;0;0;4;1;B01
201500042374;0;7;0;0;2;1;1;A01
201500042374;0;34;0;0;2;8;1;B01
201500042375;0;7;0;0;1;1;1;A01
201500042376;1;14;0;0;2;1;2;B01
201500042376;0;7;0;0;0;4;1;A01
201500042377;0;7;0;0;2;1;1;A01
201500042377;0;7;0;0;2;8;1;B01
201500042378;1;7;0;0;1;1;1;A01
201500042379;0;7;0;0;2;3;18;A01
201500042379;0;20;0;0;2;2;2;B01
201500042380;0;7;0;0;1;9;1;A01
201500042381;0;7;0;0;2;1;2;A01
201500042381;0;34;0;0;2;4;2;B01
201500042382;0;37;0;0;2;8;9;B01
201500042382;0;33;0;0;2;1;1;A01
201500042383;0;7;0;12;0;1;0;A01
201500042384;0;7;0;0;2;1;1;B01
201500042384;0;7;0;0;2;4;1;A01
201500042385;0;31;0;0;0;8;1;B01
201500042385;0;7;0;0;2;3;15;A01
201500042386;0;7;0;0;2;5;1;B01
201500042386;0;7;0;0;2;2;9;A01
201500042387;0;7;0;8;0;1;9;A01
201500042388;0;7;0;0;2;1;1;B01
201500042388;0;7;0;0;2;1;5;A01
201500042389;0;7;0;0;2;1;2;C01
201500042389;0;7;0;0;2;1;2;B01
201500042389;0;7;0;0;2;4;13;A01
201500042390;0;7;0;0;2;3;1;B01
201500042390;0;7;0;0;2;2;12;A01
201500042391;0;7;0;0;2;0;1;A01
201500042391;0;31;0;0;2;0;1;B01
201500042392;0;7;0;0;2;2;1;A01
201500042392;0;1;0;0;2;2;0;B01
201500042393;0;14;0;0;2;1;2;A01
201500042393;0;7;0;0;2;4;1;B01
201500042394;0;7;0;14;0;0;1;A01
201500042395;0;7;0;0;9;7;22;A01
201500042395;0;1;0;1;0;1;1;B01
201500042396;0;7;0;0;0;4;2;C01
201500042396;0;2;0;0;2;1;2;B01
201500042396;0;7;0;0;2;1;2;A01
201500042397;0;2;0;0;2;1;21;B01
201500042397;0;15;0;0;2;8;15;A01
201500042398;0;7;0;0;1;1;20;A01
201500042399;0;30;0;0;2;1;2;A01
201500042399;0;7;0;0;0;3;2;B01
201500042400;0;7;0;0;1;1;2;A01
201500042401;0;7;0;0;2;1;2;B01
201500042401;0;3;0;0;2;5;1;A01
201500042402;0;30;0;0;0;8;15;A01
201500042403;1;7;0;0;1;7;0;A01
201500042404;0;7;0;15;0;1;1;A01
201500042405;0;7;0;0;2;3;15;A01
201500042405;0;33;0;0;2;7;17;B01
201500042406;1;7;0;0;1;0;0;Z01
201500042407;0;7;0;0;1;2;0;A01
201500042408;0;7;0;0;1;1;1;A01
201500042409;0;7;0;0;2;1;1;B01
201500042409;0;7;0;0;2;1;1;A01
201500042410;0;7;0;0;2;1;2;A01
201500042410;0;7;0;0;2;1;23;B01
201500042411;0;7;0;0;0;4;23;C01
201500042411;0;7;0;0;2;1;2;A01
201500042411;0;7;0;0;2;1;23;B01
201500042412;0;7;0;0;0;2;0;A01
201500042413;0;31;0;0;2;4;1;A01
201500042413;0;7;0;0;2;1;12;B01
201500042414;0;33;0;0;2;1;15;A01
201500042414;0;7;0;0;2;3;2;B01
201500042415;0;7;0;0;2;1;2;A01
201500042415;0;7;0;0;2;9;23;B01
201500042415;0;7;0;0;2;4;23;C01
201500042416;0;7;0;0;2;1;2;A01
201500042416;0;7;0;0;2;4;1;B01
201500042417;0;33;0;0;2;7;2;A01
201500042417;0;7;0;0;2;3;15;B01
201500042418;0;2;0;16;0;9;0;A01
201500042419;1;7;0;0;2;1;1;A01
201500042419;0;7;0;0;2;7;1;B02
201500042420;0;7;0;0;1;4;1;A01
201500042420;0;7;0;0;2;1;1;B01
201500042421;0;7;0;0;2;5;15;A01
201500042421;0;7;0;0;0;1;1;B01
201500042422;0;7;0;14;2;5;1;B01
201500042422;0;7;0;0;2;1;9;A01
201500042423;0;33;0;0;2;4;1;A01
201500042423;0;7;0;0;2;5;1;B01
201500042424;0;7;0;0;2;1;1;A01
201500042424;0;3;0;0;2;4;1;B01
201500042425;0;7;0;0;1;1;1;A01
201500042426;0;7;0;0;1;1;1;A01
201500042427;0;7;0;0;2;1;17;A01
201500042427;0;7;0;0;0;8;15;B01
201500042428;0;37;0;0;1;0;1;A01
201500042429;0;15;0;0;2;5;12;A01
201500042429;0;7;0;0;2;3;2;B01
201500042430;0;7;0;0;2;4;1;A01
201500042430;0;7;0;0;2;1;1;B01
201500042431;0;7;0;15;0;1;2;A01
201500042432;0;7;0;0;2;1;2;A01
201500042432;0;7;0;0;2;4;2;B01
201500042433;0;1;0;0;2;1;1;A01
201500042433;0;7;0;0;1;1;1;B01
201500042434;0;33;0;0;1;8;21;A01
201500042435;0;7;0;0;2;1;1;A01
201500042435;0;7;0;0;2;2;1;B01
201500042436;0;30;0;0;0;2;1;A01
201500042437;0;32;0;0;2;8;11;A01
201500042437;0;37;1;0;0;7;2;B01
201500042438;0;7;0;0;0;5;15;A01
201500042438;0;34;0;0;2;1;2;B01
201500042439;0;33;0;0;0;7;0;A01
201500042440;0;7;0;0;0;3;15;A01
201500042440;0;2;0;0;2;1;17;B01
201500042441;0;7;0;0;2;2;16;A01
201500042441;0;30;0;0;0;8;16;B01
201500042442;0;7;0;0;2;1;2;B01
201500042442;0;7;0;0;2;7;19;A01
201500042443;0;7;0;1;0;1;2;A01
201500042444;0;7;0;0;1;1;1;A01
201500042445;0;7;0;0;1;1;1;A01
201500042446;0;7;0;2;0;1;1;A01
201500042447;0;7;0;0;1;2;15;A01
201500042448;0;37;1;0;0;1;1;A01
201500042448;0;33;0;0;2;7;15;B01
201500042449;0;7;0;0;2;1;2;A01
201500042449;0;7;0;0;0;4;1;B01
201500042450;0;1;0;0;2;1;19;B01
201500042450;0;7;0;0;0;6;1;A01
201500042451;0;7;0;0;1;1;1;A01
201500042452;0;7;0;0;1;1;1;A01
201500042453;0;7;0;0;2;1;1;A01
201500042453;0;33;0;0;0;4;16;B01
201500042454;0;7;0;0;0;4;1;C01
201500042454;0;7;0;0;2;1;1;A01
201500042454;0;7;0;0;1;4;1;B01
201500042455;0;7;0;0;2;2;1;A01
201500042455;0;7;0;0;2;6;23;B01
201500042455;0;7;0;0;2;3;1;C01
201500042456;0;7;0;0;1;1;1;A01
201500042457;0;1;0;0;2;8;1;B01
201500042457;0;7;0;0;9;1;1;A01
201500042458;0;7;0;8;0;1;1;A01
201500042459;0;7;0;0;2;2;16;A01
201500042459;0;37;1;0;2;8;1;B01
201500042460;0;7;0;14;0;1;1;A01
201500042461;0;30;0;0;2;1;9;A01
201500042461;0;7;0;0;2;2;2;B01
201500042462;0;7;0;0;2;1;2;A01
201500042462;0;33;0;0;0;4;1;B01
201500042463;0;7;0;0;2;4;23;B01
201500042463;0;7;0;0;2;1;2;A01
201500042464;0;7;0;0;2;2;1;A01
201500042464;0;1;0;0;2;1;1;B01
201500042465;0;7;0;0;2;3;1;B01
201500042465;0;30;0;0;2;1;1;A01
201500042466;0;7;0;0;1;0;0;A01
201500042467;1;7;0;0;1;1;15;Z01
201500042468;0;7;0;0;2;1;5;A01
201500042468;0;7;0;0;2;1;1;B01
201500042469;0;7;0;0;0;1;2;A01
201500042469;1;7;0;0;2;1;2;Z01
201500042470;0;7;0;0;2;4;23;B01
201500042470;0;7;0;0;2;1;2;A01
201500042470;0;7;0;0;2;4;23;C01
201500042471;0;2;0;0;2;2;9;A01
201500042472;0;7;0;0;0;7;15;A01
201500042472;0;7;0;0;2;1;2;B01
201500042473;0;7;0;0;2;1;15;A01
201500042473;0;7;0;0;2;3;1;B01
201500042474;0;7;0;0;2;4;1;A01
201500042474;0;1;0;0;2;2;1;B01
201500042475;0;7;0;0;1;3;17;A01
201500042476;0;7;0;0;1;1;1;A01
201500042477;0;7;0;0;1;2;17;A01
201500042478;0;7;0;0;0;1;2;A01
201500042479;0;7;0;0;1;1;2;A01
201500042480;0;7;0;0;2;6;11;A01
201500042480;0;30;0;0;2;1;2;B01
201500042481;0;7;0;0;2;5;11;A01
201500042481;0;33;0;0;2;2;1;B01
201500042482;0;7;0;0;2;1;10;A01
201500042482;0;30;0;0;2;1;2;B01
201500042483;0;7;0;0;2;2;1;B01
201500042483;0;7;0;0;2;3;9;A01
201500042484;0;7;0;0;1;1;1;A01
201500042485;0;32;0;0;0;0;1;A01
201500042486;0;10;0;0;2;7;2;B01
201500042486;0;33;0;0;2;1;2;A01
201500042486;1;7;0;0;2;1;7;Z01
201500042487;0;7;0;0;0;4;24;B01
201500042487;0;7;0;0;2;1;0;A01
201500042488;0;7;0;0;2;1;2;A01
201500042488;0;13;0;0;2;4;2;B01
201500042489;0;37;0;0;1;2;2;A01
201500042490;0;7;0;0;1;1;20;A01
201500042491;0;32;0;0;2;1;1;B01
201500042491;0;7;0;0;2;8;9;A01
201500042492;0;7;0;1;1;1;0;A01
201500042493;0;7;0;0;1;1;0;A01
201500042494;0;33;0;0;2;4;23;B01
201500042494;0;10;0;0;2;1;2;A01
201500042495;0;34;0;0;2;7;1;B01
201500042495;0;7;0;0;2;6;14;A01
201500042496;0;7;0;0;2;3;1;A01
201500042496;0;7;0;0;2;3;15;B01
201500042497;0;7;0;0;2;1;12;A01
201500042497;0;37;3;0;0;3;1;B01
201500042498;0;30;0;0;2;1;2;B01
201500042498;0;7;0;0;0;8;10;A01
201500042499;0;7;0;0;1;1;2;A01
201500042500;0;7;0;0;2;1;10;A01
201500042500;0;33;0;0;2;9;2;B01
201500042501;0;7;0;0;1;1;0;A01
201500042502;0;7;0;0;2;1;1;B01
201500042502;0;7;0;0;2;7;15;A01
201500042503;0;7;0;0;1;1;1;A01
201500042504;0;7;0;0;1;2;1;A01
201500042505;0;30;0;0;2;8;2;B01
201500042505;0;7;0;0;2;7;14;A01
201500042506;0;7;0;0;2;7;15;B01
201500042506;0;7;0;0;0;1;1;A01
201500042507;0;34;0;0;0;9;1;A01
201500042508;0;7;0;0;2;1;9;A01
201500042508;0;7;0;0;2;1;1;B01
201500042509;0;7;0;0;2;4;23;B02
201500042509;0;7;0;0;2;1;2;A01
201500042510;0;7;0;0;2;5;1;B01
201500042510;0;7;0;0;2;1;9;A01
201500042511;0;7;0;0;2;2;9;A01
201500042511;0;7;0;0;2;3;9;B01
201500042512;0;1;0;0;2;1;1;B01
201500042512;0;7;0;0;0;2;9;A01
201500042513;0;7;0;0;2;3;20;A01
201500042513;0;7;0;1;0;2;2;B01
201500042514;0;33;0;0;2;7;1;A01
201500042514;0;37;1;0;2;2;7;B01
201500042515;0;7;0;0;2;1;1;A01
201500042515;0;7;0;0;0;4;1;B01
201500042516;0;7;0;0;1;1;1;A01
201500042517;0;7;0;0;2;2;9;A01
201500042517;0;33;0;0;2;1;2;B01
201500042518;0;31;0;0;1;1;2;A01
201500042519;0;7;0;0;2;3;6;A01
201500042519;0;33;0;0;2;1;2;B01
201500042520;0;7;0;0;2;1;2;A01
201500042520;0;7;0;0;2;1;2;C01
201500042520;0;7;0;0;2;1;2;B01
201500042521;0;31;0;0;2;7;1;B01
201500042521;0;7;0;0;2;3;15;A01
201500042522;0;14;0;0;2;2;9;A01
201500042522;0;7;0;0;2;3;1;B01
201500042523;0;7;0;0;1;1;1;A01
201500042524;0;7;0;0;2;1;1;A01
201500042524;0;7;0;0;2;4;1;B01
201500042525;0;7;0;0;1;1;2;A01
201500042526;0;7;0;0;1;5;1;A01
201500042527;1;7;0;0;1;3;17;A01
201500042528;0;7;0;0;0;9;1;A01
201500042529;0;7;0;0;1;2;1;A01
201500042530;0;31;0;0;2;1;15;A01
201500042530;0;7;0;0;0;3;1;B01
201500042531;0;7;0;0;0;6;1;B01
201500042531;0;7;0;0;0;1;0;A01
201500042531;0;3;0;0;0;6;1;C01
201500042532;1;7;0;1;1;2;2;A01
201500042532;0;7;0;0;0;8;24;B01
201500042533;0;7;0;0;1;2;11;A01
201500042534;1;7;0;0;1;2;1;Z01
201500042535;0;7;0;14;0;1;1;A01
201500042536;0;7;0;1;2;2;0;A01
201500042537;0;7;0;0;0;3;23;B01
201500042537;0;1;0;0;2;1;17;A01
201500042538;0;37;1;0;1;2;16;A01
201500042539;0;7;0;0;1;7;1;A01
201500042540;0;7;0;1;0;2;1;A01
201500042541;2;7;0;1;0;1;0;A01
201500042542;0;7;0;2;0;1;1;A01
201500042543;0;7;0;0;1;4;4;A01
201500042544;0;30;0;0;0;1;2;A01
201500042544;0;7;0;0;0;4;2;B01
201500042545;0;7;0;0;0;7;0;B01
201500042545;0;7;0;0;0;1;0;A01
201500042546;0;7;0;0;2;1;2;A01
201500042546;0;7;0;0;0;4;2;B01
201500042547;0;7;0;0;1;2;1;A01
201500042548;0;7;0;0;2;1;1;A01
201500042548;0;7;0;0;1;3;1;B01
201500042549;0;33;0;0;2;7;17;B01
201500042549;0;7;0;0;2;3;15;A01
201500042550;1;7;0;0;1;0;0;Z01
201500042551;0;7;0;0;0;5;1;B01
201500042551;0;7;0;14;0;9;0;A01
201500042552;0;7;0;0;1;2;0;A01
201500042553;0;7;0;0;1;2;5;A01
201500042554;0;7;0;0;2;3;1;A01
201500042554;0;34;0;0;2;2;2;B01
201500042555;0;7;0;0;2;1;1;A01
201500042555;0;7;0;0;0;4;1;B01
201500042556;0;3;0;0;2;2;0;A01
201500042556;0;1;0;0;0;1;0;B01
201500042557;0;1;0;0;2;1;2;A01
201500042557;0;7;0;0;9;5;2;B01
201500042558;2;7;0;9;0;1;1;A01
201500042559;0;30;0;4;0;1;1;A01
201500042560;0;7;0;0;2;3;0;B01
201500042560;0;7;0;0;2;3;13;A01
201500042561;0;10;0;0;9;0;15;A01
201500042561;0;1;0;0;2;1;21;B01
201500042562;0;32;0;0;1;2;21;A01
201500042563;0;33;0;0;9;1;16;A01
201500042563;0;1;0;0;2;4;16;B01
201500042564;0;7;0;0;9;3;15;A01
201500042564;0;1;0;0;2;9;17;B01
201500042565;0;33;0;0;2;2;1;A01
201500042565;0;10;0;0;0;4;1;B01
201500042566;0;2;0;0;2;1;1;B01
201500042566;0;1;0;0;2;8;0;A01
201500042567;0;7;0;8;0;1;5;A01
201500042568;0;7;0;0;1;8;1;A01
201500042569;0;33;0;0;2;1;2;A01
201500042569;0;33;0;0;2;7;15;B01
201500042570;0;7;0;8;0;2;0;A01
201500042570;0;7;0;0;2;1;0;B01
201500042571;0;10;0;0;2;8;15;B01
201500042571;0;37;2;0;2;2;1;A01
201500042572;0;7;0;0;2;7;16;A01
201500042572;0;31;0;0;2;8;1;B01
201500042573;0;7;0;0;1;1;1;A01
201500042574;0;7;0;0;1;6;4;A01
201500042575;0;7;0;0;2;1;1;B01
201500042575;0;7;0;0;2;3;1;A01
201500042576;0;7;0;0;2;3;13;A01
201500042577;0;7;0;0;1;4;4;A01
201500042578;0;7;0;0;2;6;0;A01
201500042578;0;37;1;0;2;2;1;B01
201500042579;0;33;0;0;2;8;1;A01
201500042579;0;7;0;0;2;8;9;B01
201500042580;0;7;0;0;1;2;1;A01
201500042581;0;30;0;0;2;1;21;B01
201500042581;0;3;0;0;2;3;1;A01
201500042582;0;33;0;8;2;2;2;A01
201500042582;0;7;0;0;2;3;15;B01
201500042583;0;7;0;0;0;6;2;B01
201500042583;0;33;0;0;2;1;2;A01
201500042584;0;7;0;0;1;3;11;A01
201500042585;0;7;0;0;1;3;0;A01
201500042586;0;7;0;0;2;3;1;B01
201500042586;0;7;0;0;2;1;1;A01
201500042587;0;7;0;0;1;2;1;A01
201500042588;0;7;0;6;0;1;1;A01
201500042589;0;7;0;0;1;1;17;A01
201500042590;0;7;0;0;2;2;12;A01
201500042590;0;33;0;0;2;0;1;B01
201500042591;0;7;0;8;0;1;17;A01
201500042592;1;7;0;0;2;0;0;Z01
201500042592;0;30;0;0;2;3;1;A01
201500042593;0;10;0;0;2;3;11;A01
201500042593;0;2;0;0;2;2;1;B01
201500042594;0;2;0;0;2;1;3;A01
201500042594;0;7;0;0;0;6;1;B01
201500042595;0;7;0;0;2;3;15;B01
201500042595;0;10;0;0;2;1;1;A01
201500042596;0;33;0;11;0;0;2;A01
201500042597;0;7;0;0;0;3;0;A01
201500042597;0;32;0;0;0;4;2;B01
201500042598;0;7;0;0;1;1;1;A01
201500042599;1;7;0;0;1;1;15;Z01
201500042600;0;7;0;0;2;2;0;A01
201500042600;0;2;0;0;2;1;0;B01
201500042601;0;7;0;0;0;1;2;A01
201500042601;0;7;0;0;0;4;2;B01
201500042602;1;7;0;0;1;0;0;Z01
201500042603;0;7;0;0;1;2;1;A01
201500042604;0;7;0;0;1;0;15;A01
201500042605;0;7;0;0;2;1;0;A01
201500042605;0;7;0;0;2;1;0;B01
201500042606;0;7;0;0;1;3;1;A01
201500042607;0;7;0;0;0;7;15;A01
201500042607;0;2;0;0;0;1;1;B01
201500042608;0;31;0;0;0;7;1;A01
201500042609;0;7;0;14;1;3;0;A01
201500042610;0;7;0;0;2;6;0;B01
201500042610;0;1;0;0;2;1;1;A01
201500042611;0;7;0;0;1;3;1;A01
201500042612;1;10;0;0;1;1;16;A01
201500042613;0;30;0;8;0;1;1;A01
201500042614;0;7;0;0;2;1;1;A01
201500042614;0;7;0;0;2;1;15;B01
201500042615;0;7;0;0;2;7;15;A01
201500042615;0;33;0;0;2;1;2;B01
201500042616;0;7;0;0;1;2;15;A01
201500042617;0;7;0;0;2;3;2;A01
201500042617;0;34;0;0;2;2;1;B01
201500042618;0;7;0;0;1;7;16;A01
201500042619;0;33;0;0;0;1;0;A01
201500042620;0;7;0;0;1;1;1;A01
201500042621;1;3;0;0;1;1;1;A01
201500042622;0;33;0;0;2;3;2;A01
201500042622;0;7;0;0;2;2;2;B01
201500042623;1;99;0;0;2;1;0;A01
201500042623;0;7;0;0;2;1;1;B01
201500042624;0;34;0;0;2;1;1;B01
201500042624;0;7;0;0;2;2;15;A01
201500042625;0;30;0;0;0;1;0;A01
201500042625;0;10;0;0;0;3;0;B01
201500042626;0;13;0;0;2;3;15;A01
201500042626;0;30;0;0;2;1;17;B01
201500042627;1;7;0;0;2;0;13;A01
201500042627;0;37;2;0;2;7;13;B01
201500042628;0;2;0;0;1;1;5;A01
201500042629;0;7;0;15;0;1;1;A01
201500042630;0;7;0;0;2;3;2;A01
201500042630;0;2;0;0;2;5;2;B01
201500042631;0;2;0;0;2;1;2;B01
201500042631;0;7;0;0;2;3;10;A01
201500042632;0;7;0;1;0;2;1;A01
201500042633;0;7;0;0;1;1;15;A01
201500042634;0;7;0;0;1;1;0;A01
201500042635;0;7;0;0;2;1;2;A01
201500042635;0;7;0;0;2;4;23;B01
201500042636;0;7;0;0;1;1;1;A01
201500042637;0;2;0;0;2;3;2;A01
201500042637;0;7;0;0;2;3;2;B01
201500042638;0;7;0;0;0;1;0;A01
201500042638;0;1;0;0;0;8;0;B01
201500042639;0;7;0;0;1;1;16;A01
201500042640;0;31;0;0;2;2;2;A01
201500042640;0;7;0;0;2;3;2;B01
201500042641;0;7;0;0;2;3;22;A01
201500042641;0;1;0;1;0;1;1;B01
201500042642;0;32;0;0;2;1;13;A01
201500042642;0;30;0;0;2;1;1;B01
201500042643;0;99;0;0;0;8;15;B01
201500042643;0;99;0;0;0;1;11;A01
201500042644;0;32;0;0;2;1;2;B01
201500042644;0;7;0;0;0;6;2;A01
201500042645;0;7;0;0;1;0;4;A01
201500042646;0;10;0;1;0;0;1;A01
201500042647;0;7;0;0;2;6;23;A01
201500042647;0;2;0;0;2;1;17;B01
201500042648;0;7;0;0;2;4;20;B01
201500042648;0;7;0;0;2;1;0;A01
201500042649;0;34;0;0;2;1;1;B01
201500042649;0;7;0;0;2;2;15;A01
201500042650;1;7;0;0;2;1;9;Z01
201500042650;0;33;0;0;2;3;2;B01
201500042651;1;13;0;0;1;1;1;Z01
201500042652;0;10;0;0;2;8;9;A01
201500042652;0;34;0;0;2;7;1;B01
201500042653;0;34;0;0;0;0;13;A01
201500042653;0;7;0;0;2;2;0;B01
201500042654;0;7;0;0;1;7;1;A01
201500042655;0;37;0;0;1;1;1;A01
201500042656;0;7;0;0;1;2;16;A01
201500042657;0;30;0;0;2;8;1;A01
201500042657;0;7;0;0;2;7;16;B01
201500042658;0;32;0;0;0;8;1;B01
201500042658;0;7;0;0;0;1;23;C01
201500042658;0;7;0;0;0;1;1;A01
201500042659;0;7;0;0;2;0;0;A01
201500042659;0;33;0;0;0;6;2;B01
201500042660;0;7;0;0;2;4;2;B01
201500042660;0;7;0;0;2;1;2;A01
201500042661;0;32;0;0;2;1;1;B01
201500042661;0;7;0;0;2;1;1;A01
201500042662;0;7;0;0;2;3;1;A01
201500042662;0;99;0;0;2;1;15;B01
201500042663;0;30;0;0;2;3;0;B01
201500042663;0;7;0;0;2;2;10;A01
201500042664;0;7;0;0;2;1;1;A01
201500042664;0;7;0;0;2;8;15;B01
201500042665;0;10;0;0;2;1;2;A01
201500042665;0;7;0;0;2;4;23;B01
201500042665;0;7;0;0;0;4;23;C01
201500042666;1;30;0;0;2;0;1;B01
201500042666;1;7;0;0;2;0;0;Z01
201500042667;0;7;0;0;1;3;0;A01
201500042668;0;7;0;0;2;1;15;A01
201500042668;0;34;0;0;2;1;1;B01
201500042669;0;33;0;0;2;1;1;B01
201500042669;0;7;0;0;2;2;15;A01
201500042670;0;7;0;0;2;1;1;A01
201500042670;0;33;0;0;2;8;1;B01
201500042671;0;33;0;0;0;7;21;A01
201500042671;0;7;0;14;0;1;2;B01
201500042672;0;10;0;0;0;0;0;A01
201500042672;0;7;0;0;0;2;1;B01
201500042673;0;33;0;0;0;2;17;A01
201500042673;0;7;0;0;0;3;15;B01
201500042674;2;7;0;2;0;8;1;A01
201500042675;0;32;0;0;2;1;1;A01
201500042675;0;7;0;0;2;4;0;B01
201500042676;0;3;0;1;0;6;2;A01
201500042676;0;7;0;0;2;6;24;B01
201500042677;0;37;1;0;0;3;15;B01
201500042677;0;30;0;0;0;1;1;A01
201500042678;0;7;0;0;2;2;15;A01
201500042678;0;33;0;0;2;1;1;B01