num_acc;senc;catv;occutc;obs;obsm;choc;manv;num_veh
201500042679;0;7;0;0;1;1;0;A01
201500042680;0;7;0;0;2;6;0;B01
201500042680;0;31;0;0;2;1;1;A01
201500042681;0;3;0;0;1;0;1;A01
201500042682;0;7;0;0;2;2;10;A01
201500042682;0;33;0;0;2;1;2;B01
201500042683;0;34;0;0;1;1;2;A01
201500042684;1;7;0;0;2;0;1;Z01
201500042684;0;7;0;0;0;5;1;A01
201500042685;1;7;0;0;1;1;1;Z01
201500042686;0;1;0;0;2;1;0;B01
201500042686;0;7;0;0;9;5;0;A01
201500042687;0;32;0;0;0;1;0;B01
201500042687;0;7;0;0;0;1;9;A01
201500042688;0;7;0;0;2;0;1;A01
201500042688;0;7;0;0;2;0;0;B01
201500042689;0;7;0;0;2;4;1;B01
201500042689;0;33;0;0;2;1;1;A01
201500042690;0;7;0;0;2;6;1;C01
201500042690;0;7;0;0;0;2;23;B01
201500042690;0;31;0;1;0;3;3;A01
201500042691;0;7;0;0;1;2;0;A01
201500042692;0;7;0;0;2;2;15;A01
201500042692;0;7;0;0;2;1;1;B01
201500042693;0;10;0;0;2;1;0;A01
201500042693;0;10;0;0;2;4;4;B01
201500042693;0;10;0;0;2;1;23;C01
201500042694;0;7;0;0;2;2;1;B01
201500042694;0;7;0;1;2;3;5;A01
201500042695;0;30;0;0;2;1;2;A01
201500042695;0;7;0;0;2;4;2;B01
201500042696;0;7;0;6;0;1;13;A01
201500042697;0;7;0;12;2;6;0;C01
201500042697;0;7;0;0;2;8;11;A01
201500042697;0;7;0;12;2;7;2;B01
201500042698;0;7;0;0;2;8;0;A01
201500042698;0;7;0;15;2;2;1;B01
201500042699;0;7;0;0;2;5;0;B01
201500042699;0;34;0;0;2;5;2;A01
201500042700;0;7;0;0;2;6;15;B01
201500042700;0;2;0;0;2;1;13;A01
201500042701;0;10;0;0;1;3;0;A01
201500042702;0;7;0;0;2;1;0;A01
201500042702;0;32;0;0;0;7;0;B01
201500042703;1;7;0;0;1;1;0;Z01
201500042704;1;7;0;8;2;2;17;Z01
201500042704;0;7;0;8;2;8;15;A01
201500042705;0;7;0;0;2;8;0;B01
201500042705;0;10;0;0;2;0;0;A01
201500042706;0;7;0;0;2;2;1;A01
201500042706;0;7;0;0;2;4;1;B01
201500042707;0;2;0;0;0;0;0;A01
201500042708;0;7;0;0;2;1;2;A01
201500042708;0;7;0;0;2;1;2;B01
201500042708;0;7;0;0;0;4;2;C01
201500042709;0;34;0;14;0;1;1;C01
201500042709;0;30;0;14;0;1;1;B01
201500042709;0;7;0;0;2;4;1;A01
201500042710;0;10;0;0;2;1;2;B01
201500042710;0;7;0;0;2;7;2;C01
201500042710;0;7;0;0;2;2;1;A01
201500042711;0;13;0;0;2;3;1;A01
201500042711;0;10;0;0;2;2;15;B01
201500042712;1;7;0;0;1;1;1;A01
201500042713;0;7;0;0;0;1;2;A01
201500042713;0;7;0;0;1;4;2;B01
201500042714;0;7;0;1;0;1;1;A01
201500042715;0;7;0;0;2;1;1;A01
201500042715;0;7;0;0;2;8;1;B01
201500042716;0;10;0;0;1;7;17;A01
201500042717;0;99;0;0;1;1;1;A01
201500042718;0;7;0;0;2;5;1;B01
201500042718;0;7;0;0;2;2;15;A01
201500042719;0;10;0;0;0;2;12;A01
201500042719;0;1;0;0;2;3;0;B01
201500042720;0;7;0;0;1;1;15;A01
201500042721;0;7;0;0;0;1;2;A01
201500042721;0;7;0;0;0;4;2;B01
201500042722;0;7;0;0;2;3;9;B01
201500042722;0;7;0;0;2;3;1;A01
201500042722;0;7;0;9;2;3;0;C01
201500042723;0;7;0;0;1;0;1;A01
201500042724;1;10;0;0;1;4;4;Z01
201500042725;0;32;0;0;2;1;17;A01
201500042725;0;7;0;0;2;6;1;B01
201500042726;0;7;0;0;2;4;0;B01
201500042726;0;34;0;0;2;1;0;A01
201500042727;2;30;0;0;2;2;0;B01
201500042727;0;7;0;0;2;6;6;A01
201500042728;0;34;0;0;2;1;17;A01
201500042728;0;7;0;0;2;1;15;B01
201500042729;0;7;0;0;2;3;9;A01
201500042729;0;33;0;0;2;1;2;B01
201500042730;0;32;0;8;2;1;1;B01
201500042730;0;7;0;0;2;2;16;A01
201500042731;0;2;0;0;1;1;1;A01
201500042732;0;7;0;0;1;2;2;A01
201500042733;0;7;0;0;1;1;0;A01
201500042734;0;33;0;0;2;1;2;A01
201500042734;0;14;0;0;2;4;2;B01
201500042735;0;32;0;0;2;8;1;B01
201500042735;0;7;0;0;2;3;15;A01
201500042736;0;7;0;0;1;6;4;A01
201500042737;0;7;0;0;2;2;12;B01
201500042737;0;31;0;0;2;3;2;A01
201500042738;0;33;0;0;2;2;17;A01
201500042738;0;7;0;0;2;3;17;B01
201500042739;0;7;0;0;1;3;1;A01
201500042740;0;7;0;0;2;8;22;A01
201500042740;0;37;4;1;0;8;1;B01
201500042741;1;7;0;0;1;1;1;Z01
201500042742;0;7;0;0;2;2;0;B01
201500042742;0;2;0;0;2;7;0;A01
201500042743;0;7;0;0;1;1;16;A01
201500042744;0;32;0;0;1;1;1;A01
201500042745;0;7;0;0;1;2;1;A01
201500042746;0;7;0;0;1;3;0;A01
201500042747;0;33;0;0;2;1;2;B01
201500042747;0;7;0;0;0;5;10;A01
201500042748;0;7;0;0;2;7;1;A01
201500042748;0;7;0;0;0;1;2;B01
201500042749;0;30;0;0;2;2;2;B01
201500042749;0;7;0;0;2;3;2;A01
201500042750;0;7;0;0;0;0;11;A01
201500042750;0;34;0;0;1;1;21;B01
201500042751;0;7;0;0;2;1;1;B01
201500042751;0;7;0;0;2;1;1;C01
201500042751;0;7;0;0;2;5;10;A01
201500042752;0;7;0;15;0;2;14;A01
201500042753;0;2;0;0;2;1;1;B01
201500042753;0;37;0;0;2;2;15;A01
201500042754;0;14;0;0;2;2;16;B01
201500042754;0;33;0;0;2;3;18;A01
201500042755;0;7;0;0;2;1;15;A01
201500042755;0;1;0;0;0;4;15;B01
201500042756;0;2;0;12;0;1;2;B01
201500042756;0;7;0;0;0;0;2;A01
201500042757;0;33;0;0;2;1;1;B01
201500042757;0;7;0;0;2;1;10;A01
201500042758;0;1;0;0;2;0;2;A01
201500042758;0;7;0;0;2;8;15;B01
201500042759;0;33;0;0;0;2;1;A01
201500042759;0;34;0;0;0;3;9;B01
201500042760;0;7;0;0;2;1;1;A01
201500042760;0;7;0;0;2;1;1;B01
201500042761;0;31;0;0;2;1;5;A01
201500042761;0;7;0;0;2;1;1;B01
201500042762;0;7;0;0;2;4;23;B01
201500042762;0;37;1;0;2;1;2;A01
201500042763;0;10;0;0;2;1;10;A01
201500042763;0;33;0;0;2;8;1;B01
201500042764;0;1;0;0;2;1;5;A01
201500042764;0;7;0;0;2;3;9;B01
201500042765;0;7;0;0;2;3;15;A01
201500042765;0;2;0;0;2;1;17;B01
201500042766;2;13;0;0;0;1;0;A01
201500042767;0;30;0;0;2;1;1;B01
201500042767;0;7;0;0;2;5;15;A01
201500042768;0;7;0;0;2;1;9;B01
201500042768;0;2;0;0;2;1;1;A01
201500042769;0;30;0;0;2;3;0;A01
201500042769;0;7;0;0;0;3;9;B01
201500042770;0;7;0;0;1;8;1;A01
201500042771;1;7;0;0;1;1;2;Z01
201500042772;0;7;0;14;0;1;13;A01
201500042773;0;32;0;0;1;3;15;A01
201500042774;0;33;0;0;1;1;1;A01
201500042775;0;7;0;0;1;2;2;A01
201500042776;0;32;0;1;2;3;18;A01
201500042776;0;7;0;0;0;3;24;B01
201500042776;0;7;0;0;0;5;0;C01
201500042777;0;10;0;0;2;4;10;A01
201500042777;0;2;0;0;2;1;1;B01
201500042778;0;7;0;0;2;2;1;A01
201500042778;0;30;0;0;2;3;1;B01
201500042779;0;33;0;0;2;2;17;A01
201500042779;0;7;0;0;2;3;15;B01
201500042780;0;30;0;0;2;1;16;A01
201500042780;0;7;0;0;2;5;1;B01
201500042781;0;10;0;0;1;3;0;A01
201500042782;0;7;0;0;2;3;15;A01
201500042782;0;33;0;0;0;4;1;B01
201500042783;0;30;0;12;0;0;2;A01
201500042784;0;2;0;0;2;2;17;A01
201500042784;0;7;0;0;2;8;15;B01
201500042785;0;7;0;0;1;5;4;A01
201500042786;0;33;0;0;1;7;15;A01
201500042786;0;7;0;0;0;1;0;B01
201500042787;0;7;0;0;2;3;10;A01
201500042787;0;33;0;0;2;1;17;B01
201500042788;0;7;0;0;1;4;4;A01
201500042789;0;7;0;16;0;6;14;A01
201500042790;0;32;0;0;1;1;0;A01
201500042791;0;33;0;0;2;1;1;B01
201500042791;0;7;0;0;2;6;9;A01
201500042792;0;7;0;0;2;1;2;A01
201500042792;0;3;0;0;0;4;2;B01
201500042793;0;7;0;0;1;2;1;A01
201500042794;0;7;0;0;2;1;2;A01
201500042794;0;7;0;0;2;5;1;B01
201500042795;0;7;0;0;1;1;0;A01
201500042796;0;10;0;0;2;1;0;B01
201500042796;0;14;0;0;2;2;1;A01
201500042797;0;7;0;0;1;6;1;A01
201500042798;0;10;0;0;2;1;1;A01
201500042798;0;1;0;0;0;2;19;B01
201500042799;0;10;0;0;0;1;15;A01
201500042799;0;10;0;0;2;1;1;B01
201500042800;0;7;0;1;0;9;1;A01
201500042801;0;7;0;0;2;2;1;B01
201500042801;0;7;0;0;2;1;9;A01
201500042802;0;7;0;0;1;2;2;A01
201500042803;0;7;0;0;2;2;17;A01
201500042803;0;1;0;0;2;8;13;B01
201500042804;0;2;0;0;0;9;16;A01
201500042805;0;32;0;0;2;2;1;B01
201500042805;0;7;0;0;2;1;0;A01
201500042806;0;30;0;0;0;0;0;A01
201500042807;0;7;0;0;9;6;0;B01
201500042807;0;31;0;0;2;1;0;A01
201500042808;0;7;0;0;2;2;12;A01
201500042808;0;33;0;0;2;8;1;B01
201500042809;0;7;0;0;2;4;23;B01
201500042809;0;7;0;0;2;1;1;A01
201500042810;0;37;4;0;2;3;2;B01
201500042810;0;7;0;0;2;2;9;A01
201500042811;0;7;0;0;0;8;0;A01
201500042811;0;37;0;0;0;3;0;B01
201500042812;0;7;0;0;2;1;2;B01
201500042812;0;7;0;0;2;1;9;A01
201500042813;0;7;0;0;1;1;15;A01
201500042814;0;7;0;0;2;5;23;B01
201500042814;0;31;0;0;2;1;3;A01
201500042815;0;7;0;4;0;8;1;A01
201500042816;0;32;0;0;2;1;2;B01
201500042816;0;7;0;0;2;8;10;A01
201500042817;0;31;0;0;2;1;1;B01
201500042817;0;7;0;0;2;3;9;A01
201500042818;0;7;0;0;1;3;1;A01
201500042819;0;17;0;0;2;0;2;A01
201500042819;0;10;0;0;2;1;2;B01
201500042820;0;7;0;4;2;2;1;C01
201500042820;0;10;0;0;2;1;2;A01
201500042820;0;7;0;0;2;9;1;B01
201500042821;0;31;0;0;0;0;0;A01
201500042822;0;7;0;0;2;1;1;A01
201500042822;0;10;0;0;2;8;15;B01
201500042823;0;7;0;3;0;3;16;A01
201500042824;0;7;0;0;0;4;2;B01
201500042824;2;7;0;0;2;1;2;A01
201500042825;0;33;0;0;2;1;2;B01
201500042825;0;7;0;0;0;3;10;A01
201500042826;0;33;0;0;0;8;1;B01
201500042826;0;10;0;0;0;1;15;A01
201500042827;0;10;0;0;2;3;1;B01
201500042827;0;7;0;0;2;1;10;A01
201500042828;0;7;0;0;2;2;15;A01
201500042828;0;7;0;0;2;1;1;B01
201500042829;1;7;0;0;1;1;0;A01
201500042830;0;7;0;0;1;1;0;A01
201500042831;0;7;0;0;1;3;1;A01
201500042832;0;31;0;0;0;1;6;A01
201500042833;0;7;0;0;2;3;9;A01
201500042833;0;30;0;0;2;2;1;B01
201500042834;0;7;0;0;0;1;0;B01
201500042834;0;7;0;0;0;1;0;A01
201500042834;0;7;0;0;0;4;0;C01
201500042835;0;30;0;4;0;1;2;A01
201500042836;0;7;0;0;2;3;1;B01
201500042836;0;7;0;0;2;3;1;A01
201500042837;0;7;0;0;2;3;15;A01
201500042837;0;2;0;0;2;2;0;B01
201500042838;0;31;0;1;2;7;2;A01
201500042839;0;7;0;14;0;3;0;A01
201500042840;0;7;0;9;0;1;1;A01
201500042841;0;7;0;4;0;9;1;A01
201500042842;0;7;0;0;2;1;15;A01
201500042842;0;7;0;0;2;3;1;B01
201500042843;0;7;0;0;2;1;2;A01
201500042843;0;7;0;0;0;4;2;B01
201500042844;0;7;0;0;1;2;0;A01
201500042845;0;7;0;0;0;4;2;B01
201500042845;0;30;0;0;2;1;2;A01
201500042846;0;7;0;0;2;8;9;A01
201500042846;0;33;0;0;2;7;1;B01
201500042847;0;7;0;9;2;4;16;B01
201500042847;0;7;0;9;2;1;16;A01
201500042847;0;7;0;0;0;5;0;C01
201500042848;0;7;0;0;2;6;1;B01
201500042848;0;14;0;0;2;2;15;A01
201500042849;0;7;0;0;1;2;1;A01
201500042850;0;7;0;0;0;2;1;A01
201500042850;0;7;0;0;0;1;1;B01
201500042851;0;33;0;12;0;1;2;A01
201500042852;0;3;0;0;1;2;15;A01
201500042853;0;7;0;0;1;1;20;A01
201500042854;0;7;0;0;1;7;2;A01
201500042855;0;15;0;0;2;1;2;A01
201500042855;0;14;0;0;2;3;2;B01
201500042856;0;7;0;0;2;3;0;A01
201500042856;0;17;0;0;2;2;0;B01
201500042857;0;2;0;8;0;2;2;A01
201500042858;0;7;0;0;1;5;20;A01
201500042859;2;7;0;6;1;1;0;A01
201500042860;0;7;0;0;2;3;15;A01
201500042860;0;33;0;0;2;1;17;B01
201500042861;0;7;0;12;0;6;2;A01
201500042862;0;7;0;0;1;1;2;A01
201500042863;0;7;0;0;2;3;2;A01
201500042863;0;7;0;0;0;5;1;B01
201500042864;0;33;0;0;0;7;17;A01
201500042864;0;7;0;0;0;8;2;B01
201500042865;0;30;0;0;2;1;1;B01
201500042865;0;7;0;0;2;3;15;A01
201500042866;0;7;0;0;1;1;1;A01
201500042867;0;33;0;0;0;1;17;A01
201500042867;0;37;0;0;0;1;1;C01
201500042867;0;10;0;0;0;2;15;B01
201500042868;1;32;0;0;1;0;0;A01
201500042869;0;31;0;0;0;0;2;A01
201500042870;1;34;0;0;1;2;5;A01
201500042871;0;7;0;0;9;1;17;A01
201500042871;0;1;0;0;2;3;1;Y01
201500042872;0;7;0;0;0;1;2;A01
201500042872;0;7;0;0;0;4;1;B01
201500042873;0;7;0;0;0;1;0;A01
201500042873;0;7;0;0;0;4;0;B01
201500042874;0;2;0;0;2;5;2;A01
201500042875;0;7;0;0;0;1;2;A01
201500042875;0;7;0;0;0;4;2;B01
201500042876;0;7;0;0;2;1;2;A01
201500042876;0;7;0;15;2;4;2;B01
201500042876;0;7;0;0;0;4;2;C01
201500042877;0;3;0;0;0;1;1;A01
201500042877;0;7;0;0;0;4;1;B01
201500042878;0;2;0;0;2;2;13;A01
201500042878;0;7;0;0;2;3;15;B01
201500042879;0;7;0;0;9;1;0;A01
201500042879;0;1;0;0;2;7;1;B01
201500042880;0;7;0;0;2;2;1;A01
201500042880;0;7;0;0;2;1;1;B01
201500042881;0;7;0;0;1;2;2;A01
201500042881;0;1;0;0;2;3;19;B02
201500042882;0;7;0;0;2;1;2;A01
201500042882;0;7;0;0;2;4;2;B01
201500042883;0;1;0;0;2;1;5;A01
201500042883;0;7;0;0;9;5;23;B01
201500042884;0;7;0;0;0;2;15;A01
201500042884;0;7;0;0;0;1;1;B01
201500042885;0;7;0;1;0;1;2;A01
201500042885;0;7;0;0;2;4;2;B01
201500042886;0;14;0;0;2;1;1;A01
201500042886;0;34;0;0;2;6;1;B01
201500042887;0;7;0;0;2;8;20;A01
201500042887;0;33;0;0;2;7;1;B01
201500042888;1;7;0;0;1;1;1;Z01
201500042889;0;7;0;0;1;7;1;A01
201500042890;0;7;0;0;0;1;2;A01
201500042890;0;7;0;0;0;4;23;B01
201500042890;0;14;0;0;0;4;23;C01
201500042891;0;7;0;0;2;1;2;A01
201500042891;0;7;0;0;0;1;2;B01
201500042891;0;7;0;0;0;4;2;C01
201500042892;0;7;0;0;2;1;2;A01
201500042892;0;7;0;0;2;4;2;B01
201500042892;0;7;0;0;2;4;2;C01
201500042893;0;7;0;0;2;3;9;A01
201500042893;0;7;0;0;2;2;1;B01
201500042894;0;7;0;0;2;9;1;A01
201500042894;0;33;0;0;2;3;17;B01
201500042894;0;31;0;0;2;6;1;C01
201500042895;1;30;0;0;0;0;0;A01
201500042896;0;7;0;15;0;1;1;A01
201500042897;2;7;0;0;2;1;0;A01
201500042897;0;7;0;0;2;1;0;B01
201500042897;0;7;0;0;2;4;0;C01
201500042898;0;1;0;0;0;0;0;A01
201500042898;0;1;0;0;0;1;0;B01
201500042898;0;1;0;0;0;1;0;C01
201500042898;0;1;0;0;0;1;0;D01
201500042899;0;7;0;0;1;2;1;A01
201500042900;0;7;0;0;1;7;2;A01
201500042901;0;7;0;0;2;1;2;A01
201500042901;0;7;0;0;0;4;2;B01
201500042902;1;7;0;0;1;0;0;A01
201500042903;0;7;0;0;2;8;1;B01
201500042903;0;7;0;0;2;1;1;A01
201500042904;0;10;0;0;0;8;11;A01
201500042904;0;33;0;0;0;1;1;B01
201500042905;0;7;0;1;0;7;1;A01
201500042906;0;7;0;0;2;1;2;A01
201500042906;0;7;0;0;2;9;2;B01
201500042906;0;7;0;0;2;4;23;C01
201500042907;0;33;0;0;0;0;0;A01
201500042908;1;10;0;0;9;2;12;A01
201500042908;0;1;0;1;2;7;2;B01
201500042909;0;7;0;0;2;7;1;A01
201500042909;0;7;0;0;2;1;1;B01
201500042910;0;7;0;0;2;1;1;A01
201500042910;0;7;0;0;0;4;2;B01
201500042911;0;1;0;0;2;1;1;A01
201500042911;0;7;0;0;0;3;1;B01
201500042912;0;1;0;0;2;7;0;B01
201500042912;0;7;0;0;2;3;0;A01
201500042913;0;7;0;0;0;2;15;A01
201500042913;0;33;0;0;0;1;0;B01
201500042914;2;7;0;0;2;5;15;A01
201500042914;0;1;0;0;2;1;1;B01
201500042915;0;7;0;11;0;3;0;A01
201500042916;0;7;0;0;2;3;11;A01
201500042916;0;7;0;0;2;7;1;B01
201500042917;0;7;0;0;1;2;17;A01
201500042918;0;7;0;0;2;3;1;B01
201500042918;0;7;0;0;2;7;15;A01
201500042919;0;34;0;6;0;2;20;A01
201500042920;1;30;0;0;2;3;5;A01
201500042920;0;7;0;0;2;2;16;B01
201500042921;0;7;0;0;1;1;1;A01
201500042922;0;2;0;0;0;0;0;A01
201500042923;0;7;0;0;2;1;1;A01
201500042923;0;7;0;0;2;2;9;B01
201500042924;0;7;0;0;2;1;2;A01
201500042924;0;7;0;0;2;9;23;B01
201500042924;0;7;0;0;2;4;23;C01
201500042925;0;33;0;8;2;7;17;B01
201500042925;1;7;0;0;2;3;15;Z01
201500042926;0;7;0;0;0;1;0;A01
201500042926;0;31;0;0;0;4;0;B01
201500042927;0;7;0;1;0;2;0;A01
201500042928;2;7;0;0;2;1;2;A01
201500042928;0;33;0;0;2;4;2;B01
201500042929;0;7;0;0;1;1;1;A01
201500042930;1;2;0;0;1;1;2;A01
201500042931;0;32;0;0;2;1;9;A01
201500042931;0;10;0;0;2;6;1;B01
201500042932;0;1;0;0;2;8;2;A01
201500042932;0;2;0;0;9;7;2;B01
201500042933;0;7;0;0;1;1;2;A01
201500042934;0;7;0;0;2;3;15;A01
201500042934;0;34;0;0;2;1;1;B01
201500042935;0;32;0;0;2;7;22;B01
201500042935;1;7;0;0;0;0;0;Z01
201500042936;0;7;0;0;2;3;11;A01
201500042936;0;33;0;0;2;7;3;B01
201500042937;0;33;0;0;2;1;1;A01
201500042937;0;7;0;0;2;4;23;B01
201500042938;0;2;0;0;2;8;2;A01
201500042938;0;7;0;0;0;5;2;B01
201500042939;0;7;0;0;1;4;4;A01
201500042940;0;7;0;0;1;0;0;A01
201500042941;0;10;0;0;2;3;0;B01
201500042941;0;7;0;0;2;1;1;A01
201500042942;0;32;0;8;0;1;1;A01
201500042943;0;7;0;0;1;5;20;A01
201500042944;0;7;0;0;1;2;17;A01
201500042945;0;7;0;0;0;3;10;A01
201500042945;0;33;0;0;0;1;17;B01
201500042946;0;7;0;0;2;3;2;A01
201500042946;0;7;0;15;0;4;15;B01
201500042947;0;7;0;0;2;1;16;A01
201500042947;0;7;0;0;0;6;1;B01
201500042947;0;7;0;0;0;3;1;C01
201500042948;0;7;0;0;1;1;15;A01
201500042949;0;33;0;0;2;1;2;A01
201500042949;0;10;0;0;2;1;2;B01
201500042950;0;33;0;0;0;7;1;A01
201500042951;0;37;0;0;1;1;19;A01
201500042952;0;7;0;0;2;2;1;A01
201500042952;0;2;0;0;1;1;1;B01
201500042953;0;30;0;1;0;1;0;A01
201500042954;0;7;0;0;2;6;10;A01
201500042954;0;7;0;0;2;2;1;B01
201500042955;0;7;0;0;2;6;1;B01
201500042955;0;7;0;0;2;2;2;A01
201500042956;0;33;0;0;2;1;3;A01
201500042956;0;15;0;0;2;4;1;B01
201500042957;0;1;0;0;0;0;1;A01
201500042958;0;7;0;0;0;4;2;B01
201500042958;0;7;0;0;2;1;2;A01
201500042959;0;7;0;0;1;3;15;A01
201500042960;0;30;0;0;0;8;0;A01
201500042961;0;1;0;0;2;1;2;A01
201500042961;0;7;0;0;9;4;1;B01
201500042962;0;7;0;9;0;1;1;A01
201500042963;0;33;0;4;0;8;3;A01
201500042964;0;7;0;0;1;5;1;A01
201500042965;0;7;0;0;2;1;1;A01
201500042965;0;33;0;0;2;8;1;B01
201500042966;0;7;0;0;1;3;1;A01
201500042967;1;7;0;0;0;0;19;Z01
201500042967;0;7;0;0;2;2;21;B01
201500042967;0;7;0;0;2;6;21;A01
201500042968;0;33;0;0;2;3;1;B01
201500042968;0;7;0;0;2;7;1;A01
201500042969;0;7;0;0;1;4;4;A01
201500042970;0;7;0;0;2;3;15;B01
201500042970;0;33;0;0;2;2;17;A01
201500042971;2;7;0;0;2;2;2;A01
201500042971;0;7;0;1;2;6;1;B01
201500042972;0;2;0;0;2;1;17;A01
201500042972;0;7;0;0;2;8;15;B01
201500042973;0;7;0;0;1;6;4;A01
201500042974;0;7;0;0;2;4;1;B01
201500042974;0;7;0;0;2;1;1;A01
201500042974;0;7;0;0;0;4;1;D01
201500042974;0;7;0;0;2;4;1;C01
201500042975;0;33;0;0;2;2;17;B01
201500042975;0;7;0;0;2;3;17;A01
201500042976;0;2;0;0;2;3;1;C01
201500042976;0;7;0;0;2;2;15;A01
201500042976;0;2;0;0;2;1;1;B01
201500042977;0;7;0;0;2;3;15;B01
201500042977;0;7;0;0;2;8;9;A01
201500042978;0;7;0;0;2;8;10;A01
201500042978;0;2;0;0;2;1;17;B01
201500042979;0;7;0;0;1;1;0;A01
201500042980;0;7;0;0;0;9;1;A01
201500042981;0;2;0;0;0;2;0;A01
201500042982;0;7;0;0;1;1;1;A01
201500042983;0;34;0;0;0;0;0;A01
201500042984;0;31;0;0;2;1;1;B01
201500042984;0;7;0;0;2;2;11;A01
201500042985;0;7;0;0;2;1;15;A01
201500042985;0;2;0;0;2;1;0;B01
201500042986;0;30;0;0;0;0;0;A01
201500042987;0;7;0;0;1;3;1;A01
201500042988;0;2;0;1;0;1;1;A01
201500042989;0;7;0;0;2;1;2;A01
201500042989;0;7;0;0;2;4;2;B01
201500042990;0;7;0;0;1;1;1;A01
201500042991;0;7;0;0;1;2;1;A01
201500042992;0;7;0;0;1;1;15;A01
201500042993;0;7;0;0;1;3;1;A01
201500042994;0;7;0;1;1;2;17;A01
201500042995;0;7;0;0;2;1;1;A01
201500042995;0;7;0;0;2;3;1;B01
201500042996;0;7;0;15;0;1;2;A01
201500042997;0;7;0;0;0;1;2;B01
201500042997;0;7;0;0;0;4;2;C01
201500042997;0;13;0;0;2;1;2;A01
201500042997;0;7;0;0;0;4;2;D01
201500042998;0;33;0;0;0;1;16;A01
201500042998;0;1;0;0;0;6;1;B01
201500042999;0;30;0;0;2;1;1;B01
201500042999;0;7;0;0;2;3;9;A01
201500043000;1;7;0;0;1;2;2;A01
201500043001;0;7;0;0;2;8;1;C01
201500043001;2;7;0;0;2;1;0;Z01
201500043001;0;31;0;0;2;1;1;A01
201500043002;1;1;0;0;1;0;1;A01
201500043003;0;7;0;0;1;2;1;A01
201500043004;0;7;0;0;1;2;1;A01
201500043005;2;7;0;0;0;1;0;A01
201500043005;0;7;0;0;0;8;0;B01
201500043006;0;14;0;2;0;1;13;A01
201500043007;0;7;0;12;2;1;0;A01
201500043007;0;7;0;0;2;1;0;B01
201500043008;0;7;0;0;1;3;1;A01
201500043009;0;10;0;0;2;7;16;A01
201500043009;0;1;0;0;2;1;1;B01
201500043010;0;2;0;0;1;1;17;A01
201500043011;0;7;0;0;1;1;19;A01
201500043012;1;7;0;0;2;3;0;B01
201500043012;0;7;0;0;2;2;0;A01
201500043013;2;7;0;14;0;1;1;A01
201500043014;0;7;0;0;2;8;1;B01
201500043014;0;7;0;0;2;1;13;A01
201500043015;0;7;0;0;2;1;0;B01
201500043015;0;32;0;0;0;2;0;A01
201500043016;0;1;0;0;1;1;1;A01
201500043017;0;10;0;0;1;7;6;A01
201500043018;0;31;0;0;1;1;1;A01
201500043019;0;7;0;0;1;2;2;A01
201500043020;1;30;0;0;1;1;1;B01
201500043021;0;14;0;0;2;7;16;A01
201500043021;0;1;0;0;2;7;1;B01
201500043022;0;32;0;0;2;1;17;B01
201500043022;0;10;0;0;0;6;17;A01
201500043023;0;7;0;0;2;0;16;A01
201500043023;0;1;0;0;2;0;2;B01
201500043024;0;2;0;0;2;1;1;B01
201500043024;0;7;0;0;2;3;15;A01
201500043025;0;7;0;0;1;3;1;A01
201500043026;0;2;0;1;0;1;16;A01
201500043027;0;7;0;0;2;6;23;B01
201500043027;0;30;0;1;0;1;2;A01
201500043028;2;7;0;0;0;3;9;A01
201500043028;0;31;0;0;2;1;1;B01
201500043029;0;10;0;0;1;2;1;B01
201500043030;0;7;0;0;1;1;1;A01
201500043031;0;7;0;0;2;2;2;A01
201500043031;0;7;0;0;2;1;2;B01
201500043032;0;30;0;0;2;0;1;B01
201500043032;0;7;0;0;2;1;5;A01
201500043033;0;34;0;0;2;3;7;A01
201500043033;0;7;0;0;2;2;7;B01
201500043034;0;7;0;0;2;1;1;B01
201500043034;2;7;0;0;2;2;15;A01
201500043035;0;7;0;0;1;1;1;A01
201500043036;0;7;0;0;2;1;15;A01
201500043036;0;30;0;0;2;1;1;B01
201500043037;0;7;0;0;0;4;2;B01
201500043037;0;7;0;0;2;1;2;A01
201500043038;0;7;0;0;1;7;1;A01
201500043039;0;33;0;0;0;1;2;B01
201500043039;0;7;0;0;0;8;15;A01
201500043040;0;2;0;0;9;5;2;B01
201500043040;0;1;0;0;2;1;2;A01
201500043041;0;3;0;0;0;7;22;A01
201500043041;0;1;0;1;9;1;2;B01
201500043042;0;7;0;0;2;8;21;B01
201500043042;0;7;0;2;2;1;5;A01
201500043043;0;37;0;0;0;2;1;B01
201500043043;0;1;0;0;0;6;7;A01
201500043044;0;34;0;0;2;5;0;A01
201500043044;0;3;0;0;2;2;0;B01
201500043045;0;10;0;0;1;2;1;A01
201500043046;1;37;0;0;1;3;1;Z01
201500043047;0;99;0;0;0;7;24;A01
201500043047;0;1;0;1;0;7;1;B01
201500043048;0;31;0;12;0;8;2;A01
201500043049;0;7;0;0;1;1;1;A01
201500043050;0;30;0;0;2;8;1;B01
201500043050;0;7;0;0;0;2;12;A01
201500043051;0;7;0;0;2;2;16;B01
201500043051;0;32;0;0;2;1;5;A01
201500043052;0;10;0;0;1;4;4;A01
201500043053;0;2;0;0;2;1;0;A01
201500043053;0;7;0;0;2;3;0;B01
201500043054;0;10;0;0;1;0;15;A01
201500043055;0;7;0;0;1;3;2;A01
201500043056;0;7;0;1;0;3;1;A01