num_acc;senc;catv;occutc;obs;obsm;choc;manv;num_veh
201500043057;0;7;0;0;0;1;2;A01
201500043057;0;7;0;0;0;4;1;B01
201500043058;1;7;0;0;1;8;0;Z01
201500043059;0;10;0;0;1;1;1;A01
201500043060;0;7;0;0;2;2;19;B01
201500043060;0;7;0;0;2;0;19;A01
201500043060;0;7;0;0;2;8;0;C01
201500043061;0;10;0;0;0;1;1;A01
201500043061;0;32;0;0;0;3;1;B01
201500043062;0;7;0;0;1;3;15;A01
201500043063;0;7;0;14;2;3;1;B01
201500043063;0;32;0;14;2;1;1;A01
201500043064;0;37;1;0;1;7;8;A01
201500043065;0;34;0;0;2;1;2;A01
201500043065;0;10;0;0;0;4;2;B01
201500043066;0;7;0;0;0;6;11;A01
201500043066;0;33;0;0;0;7;2;B01
201500043067;0;7;0;0;2;4;2;B01
201500043067;0;2;0;0;2;1;2;A01
201500043068;0;7;0;0;2;2;0;B01
201500043068;0;31;0;0;2;1;5;A01
201500043069;0;33;0;0;1;8;0;A01
201500043070;0;14;0;0;0;2;0;A01
201500043070;0;34;0;0;0;4;0;B01
201500043071;0;30;0;0;0;2;23;B01
201500043071;0;1;0;0;0;1;0;A01
201500043072;0;7;0;0;1;2;15;A01
201500043073;0;7;0;0;2;3;15;A01
201500043073;0;32;0;0;2;1;1;B01
201500043074;0;10;0;15;0;1;0;A01
201500043075;0;7;0;0;1;2;6;A01
201500043076;0;34;0;1;0;1;1;A01
201500043077;0;10;0;0;1;6;4;A01
201500043078;0;7;0;0;1;1;0;A01
201500043079;0;7;0;0;1;1;1;B01
201500043080;0;7;0;1;0;2;14;A01
201500043081;0;10;0;0;1;2;0;A01
201500043082;0;10;0;0;1;4;4;A01
201500043083;0;31;0;0;2;2;18;A01
201500043083;0;14;0;0;2;2;16;B01
201500043084;0;7;0;0;2;2;10;A01
201500043084;0;31;0;0;2;9;1;B01
201500043085;0;30;0;0;2;1;1;A01
201500043085;0;7;0;0;2;5;23;B01
201500043086;0;37;1;1;0;7;1;A01
201500043087;0;7;0;0;1;1;1;A01
201500043088;0;7;0;0;2;9;1;A01
201500043088;0;7;0;0;2;1;1;B01
201500043089;0;30;0;0;1;9;1;A01
201500043090;1;7;0;0;2;8;1;Z01
201500043090;0;34;0;0;2;7;1;A01
201500043091;0;7;0;0;1;1;1;A01
201500043092;0;7;0;0;2;1;1;A01
201500043092;0;7;0;0;0;0;1;B01
201500043093;0;2;0;0;0;1;0;A01
201500043093;0;7;0;0;0;1;0;B01
201500043094;0;7;0;1;0;0;0;A01
201500043095;0;7;0;0;1;1;1;A01
201500043096;0;7;0;0;2;1;0;B01
201500043096;0;10;0;0;2;7;15;A01
201500043097;0;7;0;0;2;8;0;A01
201500043097;0;14;0;0;2;5;0;B01
201500043098;0;30;0;0;1;7;1;A01
201500043099;0;33;0;0;2;4;12;A01
201500043099;0;7;0;0;2;4;23;B01
201500043100;0;7;0;0;0;7;0;A01
201500043100;0;2;0;0;2;4;0;B01
201500043101;0;3;0;0;2;2;1;B01
201500043101;0;7;0;0;2;1;9;A01
201500043102;0;7;0;0;1;2;0;A01
201500043103;0;7;0;0;0;9;0;B01
201500043103;0;7;0;0;2;4;1;C01
201500043103;0;7;0;0;0;1;0;A01
201500043104;2;7;0;8;0;1;1;A01
201500043105;1;7;0;0;0;0;15;Z01
201500043105;0;34;0;0;2;2;1;B01
201500043106;0;7;0;0;2;5;1;B01
201500043106;0;33;0;1;0;1;0;A01
201500043107;0;7;0;0;9;1;1;A01
201500043107;0;1;0;1;2;4;19;B01
201500043108;0;7;0;0;0;6;0;A01
201500043108;0;2;0;0;0;1;0;B01
201500043109;0;32;0;0;2;8;1;B01
201500043109;0;7;0;0;2;2;15;A01
201500043110;0;7;0;0;2;2;0;A01
201500043110;0;31;0;0;2;1;0;B01
201500043111;0;13;0;0;1;0;1;A01
201500043112;0;7;0;0;1;3;1;A01
201500043113;0;7;0;0;9;3;15;A01
201500043113;0;31;0;0;2;1;1;B01
201500043114;0;7;0;1;0;1;1;A01
201500043115;0;7;0;1;2;2;1;A01
201500043115;0;7;0;0;0;7;0;C01
201500043115;0;7;0;0;2;3;1;B01
201500043116;0;7;0;0;2;3;0;A01
201500043116;0;33;0;0;2;6;0;B01
201500043117;0;7;0;0;1;7;17;A01
201500043118;0;30;0;0;2;1;17;A01
201500043118;0;7;0;0;2;3;10;B01
201500043119;0;10;0;0;0;8;0;A01
201500043119;0;33;0;0;0;2;0;B01
201500043120;0;7;0;0;2;1;1;B01
201500043120;0;7;0;0;2;8;15;A01
201500043121;0;7;0;0;9;4;23;B01
201500043121;0;30;0;1;0;1;1;A01
201500043122;0;7;0;8;0;1;0;A01
201500043123;0;7;0;0;0;1;0;A01
201500043124;0;7;0;0;0;4;0;A01
201500043124;0;10;0;0;0;1;0;B01
201500043125;0;7;0;0;2;4;11;B01
201500043125;0;7;0;0;2;1;1;A01
201500043126;0;7;0;0;2;1;11;A01
201500043126;0;7;0;0;2;4;0;B01
201500043127;0;7;0;0;2;3;10;A01
201500043127;0;33;0;0;2;1;1;B01
201500043128;0;33;0;0;2;8;1;B01
201500043128;0;7;0;8;2;1;1;A01
201500043129;0;2;0;0;0;1;0;A01
201500043129;0;1;0;0;2;0;19;B01
201500043130;0;7;0;0;2;1;1;A01
201500043130;0;10;0;0;2;4;23;B01
201500043131;0;2;0;0;1;1;0;A01
201500043132;0;7;0;0;1;2;0;A01
201500043133;0;7;0;0;2;1;1;A01
201500043133;0;7;0;0;2;1;1;C01
201500043133;0;1;0;0;2;1;1;B01
201500043134;0;1;0;0;2;7;0;A01
201500043134;0;7;0;0;9;3;0;B01
201500043135;0;7;0;2;0;0;0;A01
201500043136;0;7;0;0;2;3;1;A01
201500043136;0;7;0;0;2;1;1;B01
201500043137;0;33;0;0;0;7;0;B01
201500043137;0;7;0;0;0;3;11;A01
201500043138;0;33;0;0;2;7;0;A01
201500043138;0;30;0;0;2;8;0;B01
201500043139;0;7;0;0;2;1;1;A01
201500043139;0;7;0;0;2;4;23;B01
201500043140;0;7;0;0;2;1;0;A01
201500043140;0;7;0;0;2;4;0;B01
201500043141;0;30;0;0;2;1;1;B01
201500043141;2;34;0;0;2;1;1;Z01
201500043142;0;7;0;0;2;1;16;A01
201500043142;0;1;0;0;2;1;19;B01
201500043143;0;7;0;0;1;1;1;A01
201500043144;0;7;0;8;2;2;1;A01
201500043144;0;37;0;0;2;3;13;B01
201500043145;0;7;0;0;0;3;0;A01
201500043145;0;7;0;0;0;3;0;B01
201500043146;0;7;0;0;1;0;1;A01
201500043147;0;7;0;0;2;1;1;A01
201500043147;0;7;0;0;2;3;16;B01
201500043148;0;7;0;0;1;1;1;A01
201500043149;0;7;0;0;2;3;15;A01
201500043149;0;34;0;1;2;2;2;B01
201500043150;0;30;0;8;0;2;0;A01
201500043151;0;7;0;0;2;7;10;A01
201500043151;0;33;0;0;2;8;1;B01
201500043152;0;33;0;0;1;1;17;A01
201500043153;0;7;0;0;2;0;15;A01
201500043153;0;1;0;0;2;0;1;B01
201500043154;0;7;0;0;1;2;1;A01
201500043155;0;2;0;0;2;1;1;B01
201500043155;0;7;0;0;2;5;12;A01
201500043156;0;7;0;0;1;1;1;A01
201500043157;0;10;0;0;2;3;10;A01
201500043157;0;7;0;0;2;2;1;B01
201500043158;0;7;0;0;2;3;15;B01
201500043158;0;2;0;0;2;2;3;A01
201500043159;0;7;0;0;2;3;15;B01
201500043159;0;2;0;0;2;2;3;A01
201500043160;0;10;0;0;0;4;23;B01
201500043160;0;10;0;0;2;1;0;A01
201500043160;0;7;0;0;0;4;23;C01
201500043161;0;7;0;0;2;3;1;B01
201500043161;0;7;0;0;2;3;13;A01
201500043162;0;7;0;0;0;8;1;B01
201500043162;0;3;0;0;2;1;13;A01
201500043163;0;7;0;0;2;8;22;A01
201500043163;0;1;0;1;0;7;3;Z01
201500043164;0;33;0;0;2;8;2;B01
201500043164;0;7;0;0;2;2;9;A01
201500043165;0;7;0;0;0;3;13;A01
201500043165;0;7;0;0;0;3;1;B01
201500043166;0;2;0;0;1;1;1;A01
201500043167;1;7;0;0;1;2;0;A01
201500043168;0;7;0;0;0;6;15;A01
201500043168;0;99;0;0;0;4;4;B01
201500043169;0;33;0;0;1;1;17;A01
201500043170;0;33;0;0;2;2;17;B01
201500043170;0;7;0;0;2;8;15;A01
201500043171;0;7;0;0;2;1;2;A01
201500043171;0;10;0;0;2;6;2;B01
201500043172;0;7;0;0;2;1;11;A01
201500043172;0;7;0;0;0;4;23;B01
201500043173;0;7;0;0;1;2;15;A01
201500043174;0;7;0;0;1;2;1;A01
201500043175;0;7;0;0;1;6;4;A01
201500043176;0;30;0;0;2;1;0;B01
201500043176;0;10;0;12;2;6;23;C01
201500043176;0;10;0;0;2;2;11;A01
201500043177;0;7;0;0;1;3;1;A01
201500043178;0;7;0;0;1;3;0;A01
201500043179;0;1;0;0;2;4;15;B02
201500043179;0;10;0;0;2;3;15;A01
201500043180;0;31;0;0;0;1;1;A01
201500043180;0;7;0;0;0;5;1;B01
201500043181;0;7;0;0;2;1;1;A01
201500043181;0;7;0;0;2;6;1;B01
201500043182;0;7;0;0;1;2;2;A01
201500043183;0;7;0;0;0;1;4;A01
201500043183;0;1;0;0;0;0;0;B01
201500043184;0;7;0;0;1;7;15;A01
201500043185;0;1;0;0;2;1;16;A01
201500043185;0;1;0;0;2;1;15;B01
201500043186;0;32;0;0;2;8;1;B01
201500043186;0;30;0;0;2;8;5;A01
201500043187;0;10;0;0;1;4;4;A01
201500043188;0;30;0;1;0;1;2;A01
201500043189;0;7;0;0;9;5;23;B01
201500043189;0;1;0;0;0;3;18;A01
201500043190;0;7;0;1;0;3;2;A01
201500043191;0;2;0;14;2;1;17;A01
201500043191;0;7;0;0;2;4;23;B01
201500043192;0;10;0;0;0;0;16;A01
201500043192;0;30;0;0;0;8;16;B01
201500043193;0;7;0;0;2;1;1;A01
201500043193;0;7;0;0;2;4;23;B01
201500043194;0;7;0;0;2;1;15;A01
201500043194;0;2;0;0;2;1;1;B01
201500043195;0;7;0;0;1;2;0;A01
201500043196;0;10;0;0;2;4;2;B01
201500043196;0;30;0;0;2;1;2;A01
201500043197;0;7;0;0;1;8;1;A01
201500043198;0;7;0;0;1;3;15;A01
201500043199;0;34;0;0;2;3;1;B01
201500043199;0;7;0;0;2;2;15;A01
201500043200;0;34;0;0;2;1;1;B01
201500043200;0;7;0;0;2;2;15;A01
201500043201;0;1;0;0;1;1;1;A01
201500043202;0;7;0;0;1;2;2;A01
201500043203;0;7;0;0;2;1;2;A01
201500043203;0;7;0;0;0;4;2;B01
201500043204;0;38;0;0;1;1;1;A01
201500043205;0;2;0;0;2;1;2;B01
201500043205;0;7;0;0;0;6;10;A01
201500043206;0;7;0;0;1;2;1;A01
201500043207;0;1;0;0;2;4;2;B01
201500043207;0;7;0;0;2;7;2;A01
201500043208;0;7;0;0;2;1;0;A01
201500043208;0;7;0;0;0;3;0;B01
201500043209;0;10;0;0;2;1;2;A01
201500043209;0;7;0;0;0;4;2;B01
201500043210;0;2;0;0;1;1;2;A01
201500043211;0;7;0;0;0;1;0;A01
201500043211;0;34;0;0;0;0;0;B01
201500043212;0;32;0;0;1;1;2;A01
201500043213;0;7;0;0;2;2;15;A01
201500043213;0;30;0;0;2;1;0;B01
201500043214;0;32;0;0;2;1;0;A01
201500043214;0;7;0;0;2;4;2;B01
201500043215;0;7;0;0;2;3;10;A01
201500043215;0;33;0;0;2;1;3;B01
201500043216;0;2;0;0;2;2;1;A01
201500043216;0;7;0;0;2;3;9;B01
201500043217;0;7;0;0;2;4;23;A01
201500043217;0;7;0;0;2;1;2;B01
201500043218;0;7;0;0;2;8;15;A01
201500043218;0;31;0;0;2;7;17;B01
201500043219;0;7;0;0;2;1;1;A01
201500043219;0;7;0;0;2;4;1;B01
201500043220;0;30;0;0;0;1;1;B01
201500043220;0;7;0;0;0;7;2;A01
201500043221;0;7;0;0;2;1;2;A01
201500043221;0;10;0;2;0;4;23;B01
201500043222;0;30;0;0;2;7;19;A01
201500043222;0;7;0;0;2;5;1;B01
201500043223;0;30;0;0;2;7;15;A01
201500043223;0;31;0;0;2;1;1;B01
201500043224;0;7;0;0;2;1;1;B01
201500043224;0;7;0;0;2;1;1;A01
201500043225;0;7;0;1;0;1;20;A01
201500043225;0;7;0;0;1;8;0;B01
201500043226;0;7;0;0;2;2;1;A01
201500043226;0;7;0;0;2;3;15;B01
201500043227;0;2;0;0;2;2;3;A01
201500043227;0;10;0;0;2;3;15;B01
201500043228;0;7;0;0;1;3;1;A01
201500043229;0;33;0;0;2;0;2;B01
201500043229;0;7;0;0;2;3;13;A01
201500043230;0;15;0;0;1;2;1;A01
201500043231;0;7;0;1;0;2;14;A01
201500043232;0;10;0;0;2;2;2;B01
201500043232;0;7;0;0;2;3;9;A01
201500043233;0;2;0;0;2;1;2;A01
201500043233;0;7;0;0;0;7;16;B01
201500043234;0;7;0;0;1;0;0;A01
201500043235;0;30;0;0;2;1;13;A01
201500043235;0;7;0;0;2;3;15;B01
201500043236;0;2;0;0;2;1;3;A01
201500043236;0;7;0;0;2;3;15;B01
201500043237;0;7;0;0;0;5;2;A01
201500043237;0;10;0;0;2;3;2;B01
201500043238;0;33;0;0;2;7;1;B01
201500043238;0;7;0;0;2;8;15;A01
201500043239;0;10;0;0;1;3;15;A01
201500043240;0;7;0;0;1;2;1;A01
201500043241;0;7;0;0;2;8;13;B01
201500043241;0;31;0;0;2;1;1;A01
201500043242;0;34;0;0;2;2;2;B01
201500043242;0;7;0;0;2;2;9;A01
201500043243;0;7;0;0;2;3;15;B02
201500043243;0;7;0;0;2;8;1;A01
201500043244;0;7;0;8;2;1;1;A01
201500043244;0;7;0;0;0;6;23;B01
201500043245;0;33;0;0;2;3;7;B01
201500043245;0;7;0;0;2;2;15;A01
201500043246;0;7;0;0;2;3;15;A01
201500043246;0;2;0;0;2;2;17;B01
201500043247;0;7;0;0;2;3;1;B01
201500043247;0;7;0;0;2;1;15;A01
201500043248;0;33;0;0;2;3;1;A01
201500043249;0;7;0;0;1;2;1;A01
201500043250;0;7;0;0;1;3;1;A01
201500043251;0;7;0;0;2;8;11;B01
201500043251;0;33;0;0;2;7;1;A01
201500043252;0;7;0;0;2;3;1;B01
201500043252;0;10;0;0;2;2;16;A01
201500043253;0;7;0;0;1;2;1;A01
201500043254;0;7;0;0;1;2;16;A01
201500043255;0;7;0;0;2;2;16;A01
201500043255;0;1;0;0;2;1;5;Z01
201500043256;0;1;0;1;0;1;1;Z01
201500043257;0;37;0;0;2;5;16;B01
201500043257;0;7;0;0;2;3;2;A01
201500043258;0;7;0;0;1;1;1;A01
201500043259;0;1;0;0;0;1;1;B01
201500043259;0;7;0;0;0;3;0;A01
201500043260;0;7;0;0;1;3;1;A01
201500043261;0;31;0;0;2;1;2;A01
201500043261;0;7;0;0;2;8;15;B01
201500043262;0;32;0;0;2;1;21;A01
201500043262;0;10;0;0;2;3;15;B01
201500043263;0;33;0;0;2;8;1;B01
201500043263;0;7;0;0;2;1;15;A01
201500043264;0;7;0;0;1;1;1;A01
201500043265;0;7;0;0;0;4;2;B01
201500043265;0;7;0;0;2;1;2;A01
201500043266;0;1;0;0;2;1;5;A01
201500043266;0;3;0;0;2;3;16;B01
201500043267;0;14;0;0;2;2;1;A01
201500043267;0;33;0;0;2;3;3;B01
201500043268;0;7;0;0;1;7;1;B01
201500043268;0;10;0;0;2;1;1;A01
201500043269;0;33;0;0;2;1;1;B01
201500043269;0;7;0;0;2;3;15;A01
201500043270;0;7;0;0;2;1;1;B01
201500043270;1;2;0;0;2;6;15;A01
201500043271;0;7;0;0;1;2;16;A01
201500043272;0;7;0;0;1;3;1;A01
201500043273;0;7;0;3;2;6;15;A01
201500043273;0;7;0;0;2;3;1;B01
201500043274;0;7;0;14;1;1;2;A01
201500043275;0;7;0;0;2;6;15;B01
201500043275;0;34;0;0;2;7;1;A01
201500043276;0;7;0;0;9;1;0;A01
201500043276;0;30;0;0;0;4;23;B01
201500043277;0;7;0;0;2;2;15;A01
201500043277;0;7;0;0;2;3;1;B01
201500043278;0;7;0;0;2;1;2;A01
201500043278;0;7;0;0;2;4;1;B01
201500043278;0;7;0;0;2;4;1;C01
201500043279;0;10;0;0;9;3;2;A01
201500043279;0;1;0;0;0;4;17;B01
201500043280;0;33;0;0;0;6;15;B01
201500043280;0;7;0;0;2;2;15;A01
201500043281;0;7;0;0;2;3;2;B01
201500043281;0;7;0;0;2;3;13;A01
201500043282;0;7;0;0;1;3;16;A01
201500043283;0;7;0;0;1;3;1;A01
201500043284;0;33;0;0;2;1;1;B01
201500043284;0;7;0;0;2;1;15;A01
201500043285;0;10;0;0;1;2;15;A01
201500043286;0;7;0;0;2;4;1;B01
201500043286;0;30;0;0;2;1;2;A01
201500043287;0;7;0;0;2;3;9;A01
201500043287;0;3;0;0;2;2;1;B01
201500043288;0;7;0;0;2;1;1;A01
201500043288;0;34;0;0;2;8;1;B01
201500043289;0;7;0;0;1;3;15;A01
201500043290;0;7;0;0;2;0;0;B01
201500043290;0;7;0;0;2;3;1;A01
201500043291;0;31;0;0;2;1;1;B01
201500043291;0;7;0;0;2;3;15;A01
201500043292;0;2;0;0;2;1;1;B01
201500043292;0;7;0;0;2;2;15;A01
201500043293;0;7;0;0;2;2;1;A01
201500043293;0;2;0;0;2;8;1;B01
201500043294;0;7;0;0;2;3;15;A01
201500043294;0;30;0;0;2;0;1;B01
201500043295;0;7;0;0;1;3;0;A01
201500043296;0;7;0;0;1;2;16;A01
201500043297;0;7;0;0;1;3;1;A01
201500043298;0;2;0;0;2;3;0;A01
201500043298;0;7;0;0;2;6;15;B01
201500043299;0;7;0;0;1;1;2;A01
201500043300;0;7;0;0;2;0;1;B01
201500043300;0;7;0;0;2;8;1;A01
201500043301;0;34;0;0;2;1;1;A01
201500043301;0;7;0;0;2;1;1;B01
201500043302;0;2;0;0;2;9;1;A01
201500043302;0;7;0;0;2;1;1;B01
201500043303;0;7;0;0;9;0;0;A01
201500043303;0;1;0;0;2;1;1;B01
201500043304;0;1;0;0;2;8;1;B01
201500043304;0;7;0;0;2;0;1;A01
201500043305;0;7;0;0;2;5;15;A01
201500043305;0;33;0;0;2;1;1;B01
201500043306;0;2;0;0;0;9;15;A01
201500043307;0;7;0;0;2;1;1;A01
201500043307;0;10;0;0;2;4;1;B01
201500043308;0;7;0;0;2;3;1;B01
201500043308;0;7;0;0;2;7;1;A01
201500043309;0;33;0;1;0;2;21;A01
201500043310;0;10;0;8;2;2;1;A01
201500043310;0;33;0;0;2;1;0;B01
201500043311;0;37;0;0;1;7;1;A01
201500043312;0;32;0;0;2;0;1;A01
201500043312;0;7;0;0;2;0;15;B01
201500043313;0;7;0;0;1;7;2;A01
201500043314;0;7;0;0;2;6;15;A01
201500043314;0;33;0;0;2;1;17;B01
201500043315;0;7;0;0;2;1;0;B01
201500043315;0;7;0;0;2;1;1;A01
201500043316;0;7;0;0;2;1;1;B01
201500043316;0;7;0;8;2;7;1;A01
201500043317;0;7;0;0;9;3;15;A01
201500043317;0;1;0;0;2;0;0;B01
201500043318;0;7;0;0;2;2;1;A01
201500043318;0;7;0;12;2;3;0;B01
201500043319;0;33;0;0;2;0;2;B01
201500043319;0;7;0;0;2;2;1;A01
201500043320;0;33;0;0;2;1;17;A01
201500043320;0;7;0;0;2;6;15;B01
201500043321;0;7;0;0;1;2;16;A01
201500043322;0;7;0;0;2;2;15;A01
201500043322;0;7;0;0;2;1;1;B01
201500043323;0;33;0;0;2;0;1;A01
201500043323;0;7;0;0;2;3;0;B01
201500043324;0;7;0;0;1;1;2;A01
201500043325;0;7;0;8;0;1;1;A01
201500043326;0;10;0;0;2;2;9;A01
201500043326;0;33;0;0;2;1;2;B01
201500043327;0;7;0;0;2;3;1;B01
201500043327;0;7;0;0;2;1;1;A01
201500043328;0;7;0;0;1;0;1;A01
201500043329;0;7;0;0;1;2;1;A01
201500043330;0;1;0;0;2;1;1;B01
201500043330;0;7;0;0;9;2;1;A01
201500043331;0;2;0;1;2;2;17;A01
201500043331;0;7;0;0;2;8;2;B01
201500043332;0;33;0;0;2;1;1;B01
201500043332;0;30;0;0;2;1;5;A01
201500043333;0;1;0;0;1;0;16;A01
201500043334;0;7;0;0;2;2;1;A01
201500043334;0;33;0;0;2;1;1;B01
201500043335;0;7;0;0;2;6;4;A01
201500043335;0;33;0;0;2;1;1;B01
201500043336;0;7;0;0;2;3;9;A01
201500043336;0;3;0;0;2;2;2;B01
201500043336;0;7;0;0;2;6;1;C01
201500043336;0;7;0;0;2;8;1;D01
201500043337;0;7;0;0;9;1;1;A01
201500043337;0;1;0;0;2;0;1;B01
201500043338;0;7;0;0;2;4;2;A01
201500043338;0;33;0;0;2;1;2;B01
201500043339;0;33;0;0;2;7;1;A01
201500043339;0;7;0;0;2;1;13;B01
201500043340;0;10;0;0;9;1;0;A01
201500043340;0;1;0;0;2;0;0;B01
201500043341;0;1;0;0;2;7;1;A01
201500043341;0;7;0;0;2;1;1;B01
201500043342;0;7;0;8;1;1;0;A01
201500043343;0;7;0;0;0;0;0;A01
201500043344;0;7;0;0;1;1;15;A01
201500043345;0;7;0;0;2;3;15;A01
201500043345;0;2;0;0;2;1;1;B01
201500043346;0;1;0;0;2;1;0;A01
201500043346;0;7;0;0;2;0;1;B01
201500043347;0;34;0;0;2;1;2;A01
201500043347;0;7;0;0;2;2;15;B01
201500043348;0;1;0;0;2;1;1;A01
201500043348;0;7;0;0;2;4;1;B01
201500043349;0;7;0;0;2;2;1;A01
201500043349;0;7;0;0;2;3;1;B01
201500043350;0;7;0;0;2;8;15;A01
201500043350;0;33;0;0;2;5;1;B01
201500043351;0;7;0;1;0;1;1;A01
201500043352;0;7;0;0;2;5;1;B01
201500043352;0;33;0;0;2;1;1;A01
201500043353;0;1;0;0;0;0;1;A01
201500043354;0;7;0;0;2;1;1;A01
201500043354;0;30;0;0;2;4;1;B01
201500043355;0;7;0;0;2;8;1;B01
201500043355;0;10;0;0;2;1;1;A01
201500043356;0;37;0;0;1;7;1;A01
201500043357;0;33;0;0;2;1;1;A01
201500043357;0;7;0;8;2;1;1;B01
201500043358;0;32;0;0;2;1;1;B01
201500043358;0;7;0;0;2;1;10;A01
201500043359;0;7;0;0;2;1;15;A01
201500043359;0;32;0;0;2;0;0;B01
201500043360;0;7;0;0;2;3;10;A01
201500043360;0;33;0;0;2;3;2;B01
201500043361;0;7;0;0;2;4;23;B01
201500043361;0;7;0;0;2;4;23;C01
201500043361;0;7;0;0;2;1;2;A01
201500043362;0;30;0;0;2;1;1;A01
201500043362;0;7;0;0;2;3;1;B01
201500043363;0;7;0;0;2;3;2;B01
201500043363;0;7;0;0;1;5;1;A01
201500043364;0;7;0;0;1;1;15;A01
201500043365;0;7;0;0;0;6;1;B01
201500043365;0;2;0;0;2;1;1;A01
201500043366;0;7;0;0;1;2;1;A01
201500043367;0;10;0;0;2;1;2;A01
201500043367;0;33;0;0;2;8;9;B01
201500043368;0;2;0;0;0;1;14;A01
201500043369;0;7;0;0;2;1;2;A01
201500043369;0;7;0;0;0;4;23;B01
201500043370;0;7;0;0;2;1;1;A01
201500043370;0;7;0;0;2;3;15;B01
201500043371;0;7;0;0;2;6;10;A01
201500043371;0;30;0;0;2;1;1;B01
201500043372;0;10;0;0;2;1;2;A01
201500043372;0;7;0;0;0;8;1;B01
201500043373;0;7;0;0;2;3;0;B01
201500043373;0;7;0;0;2;1;17;A01
201500043374;0;10;0;0;1;2;1;A01
201500043375;0;7;0;0;1;3;1;A01
201500043376;0;33;0;14;2;3;21;A01
201500043376;0;7;0;0;0;5;15;B01
201500043377;0;1;0;1;0;1;1;B01
201500043377;0;7;0;0;2;3;22;A01
201500043378;0;7;0;0;2;1;2;A01
201500043378;0;33;0;0;0;6;15;B01
201500043379;0;7;0;0;2;3;1;B01
201500043379;0;7;0;0;2;2;1;A01
201500043380;0;7;0;0;1;1;1;A01
201500043381;0;33;0;0;2;2;17;B01
201500043381;0;7;0;0;2;6;23;A01
201500043382;0;7;0;0;2;1;1;A01
201500043382;0;7;0;0;2;4;2;B01
201500043383;0;7;0;1;2;7;1;A01
201500043383;0;7;0;0;2;1;1;B01
201500043384;0;7;0;0;1;5;1;A01
201500043385;0;30;0;0;2;0;0;A01
201500043385;0;10;0;0;2;0;15;B01
201500043386;0;2;0;0;2;0;21;B01
201500043386;0;7;0;0;2;0;1;A01
201500043387;0;7;0;0;1;3;0;A01
201500043388;0;7;0;0;2;1;1;A01
201500043388;0;7;0;0;2;8;1;B01
201500043389;0;7;0;0;1;1;2;A01
201500043390;0;7;0;0;1;2;2;A01
201500043391;0;7;0;0;1;0;15;A01
201500043392;0;7;0;0;2;1;1;A01
201500043392;0;7;0;0;2;4;1;B01
201500043393;0;7;0;0;1;3;15;A01
201500043394;0;7;0;0;1;3;15;A01
201500043395;0;7;0;0;2;8;23;C01
201500043395;0;33;0;0;2;4;2;A01
201500043395;0;33;0;0;2;1;2;B01
201500043396;0;33;0;0;0;7;1;A01
201500043397;0;10;0;0;2;1;2;A01
201500043397;0;1;0;0;2;0;0;B01
201500043398;0;7;0;0;1;1;15;A01
201500043399;0;7;0;0;1;3;15;A01
201500043400;0;7;0;0;2;3;1;B01
201500043400;0;30;0;0;2;1;1;A01
201500043401;0;33;0;0;1;0;0;A01
201500043402;0;7;0;0;2;4;15;B01
201500043402;0;7;0;0;2;1;1;C01
201500043402;0;7;0;0;2;1;2;A01
201500043403;0;7;0;1;1;9;1;A01
201500043404;0;7;0;0;1;1;15;A01
201500043405;1;10;0;0;2;0;9;Z01
201500043405;0;31;0;0;2;7;1;B01
201500043406;0;7;0;8;0;1;0;A01
201500043407;0;2;0;0;2;4;1;B01
201500043408;0;33;0;1;2;0;2;A01
201500043408;0;7;0;0;2;2;10;B01
201500043409;0;7;0;0;1;1;1;A01
201500043410;0;33;0;0;2;0;1;B01
201500043410;0;7;0;0;2;0;0;A01
201500043411;0;2;0;0;0;0;0;A01
201500043412;0;7;0;0;2;3;1;B01
201500043412;0;7;0;0;2;2;15;A01
201500043413;0;30;0;1;0;1;1;A01
201500043414;0;7;0;6;0;1;15;A01
201500043415;0;10;0;0;2;2;1;A01
201500043415;0;10;0;0;2;3;16;B01
201500043416;1;10;0;0;2;1;1;Z01
201500043416;0;7;0;0;2;4;1;B01
201500043417;1;35;0;0;0;0;1;Z01
201500043417;0;30;0;0;2;4;23;A01
201500043417;0;7;0;0;2;4;23;B01
201500043418;1;7;0;0;1;7;2;A01
201500043419;0;2;0;11;0;1;1;A01
201500043420;0;7;0;0;2;1;23;B01
201500043420;0;7;0;9;2;1;14;A01
201500043421;0;7;0;0;2;2;1;A01
201500043421;0;2;0;0;2;1;1;B01
201500043422;1;7;0;0;1;0;0;Z01
201500043423;0;31;0;0;2;1;1;A01
201500043423;0;7;0;0;2;2;15;B01
201500043424;1;7;0;0;1;1;0;Z01
201500043425;0;2;0;1;0;0;0;A01
201500043426;0;7;0;8;0;1;1;A01
201500043427;0;7;0;0;2;2;15;A01
201500043427;0;7;0;0;2;1;1;B01
201500043428;0;7;0;0;2;7;1;A01
201500043428;0;37;3;0;2;1;1;B01
201500043429;0;37;1;0;2;4;1;B01
201500043429;0;7;0;0;2;1;2;A01
201500043430;0;7;0;0;2;8;15;B01
201500043430;2;7;0;0;2;1;1;A01
201500043431;0;30;0;0;2;1;0;A01
201500043431;0;7;0;0;2;3;0;B01
201500043432;0;7;0;0;2;3;0;A01
201500043432;0;7;0;0;2;3;1;B01
201500043433;0;7;0;0;2;6;23;B01
201500043433;0;7;0;0;2;4;23;C01