num_acc;senc;catv;occutc;obs;obsm;choc;manv;num_veh
201500043433;0;33;0;0;2;9;2;A01
201500043434;0;7;0;0;1;0;0;A01
201500043435;0;7;0;0;1;0;1;A01
201500043436;0;7;0;0;2;8;1;B01
201500043436;0;37;50;0;2;1;1;A01
201500043437;0;10;0;0;1;4;4;A01
201500043438;0;7;0;0;0;0;0;A01
201500043439;0;2;0;0;0;0;0;A01
201500043440;0;7;0;4;0;3;0;A01
201500043441;0;7;0;0;1;1;1;A01
201500043442;0;7;0;0;2;1;13;A01
201500043442;0;7;0;0;2;8;2;B01
201500043443;0;32;0;0;2;1;1;B01
201500043443;0;7;0;0;2;2;15;A01
201500043444;0;7;0;0;2;1;1;A01
201500043444;0;7;0;0;2;2;15;B01
201500043445;0;7;0;0;1;1;1;A01
201500043446;0;7;0;14;0;3;1;A01
201500043447;0;33;0;0;2;1;2;A01
201500043447;0;7;0;0;2;4;23;B01
201500043448;1;33;0;0;0;1;2;A01
201500043449;0;33;0;0;0;7;1;A01
201500043450;0;7;0;0;2;1;3;A01
201500043450;0;7;0;0;0;8;6;B01
201500043451;0;7;0;0;2;4;1;B01
201500043451;0;7;0;0;2;4;1;C01
201500043451;0;7;0;0;2;1;17;A01
201500043452;0;30;0;0;1;3;7;A01
201500043453;0;7;0;0;2;5;6;A01
201500043453;0;34;0;0;2;1;1;B01
201500043454;0;33;0;0;1;2;3;A01
201500043455;0;7;0;0;2;4;1;B01
201500043455;0;7;0;0;2;9;2;A01
201500043455;0;33;0;0;2;1;2;C01
201500043456;0;7;0;0;2;3;1;B01
201500043456;0;7;0;0;2;1;17;A01
201500043457;0;7;0;0;1;1;1;A01
201500043458;0;33;0;15;1;1;0;A01
201500043459;0;7;0;0;2;5;12;A01
201500043459;0;33;0;0;2;1;1;B01
201500043460;0;7;0;0;2;1;1;B01
201500043460;0;7;0;0;2;3;1;A01
201500043461;0;7;0;0;2;1;2;A01
201500043461;0;7;0;0;0;4;23;B01
201500043462;0;7;0;0;0;2;2;A01
201500043462;0;10;0;0;0;8;10;B01
201500043463;0;7;0;0;0;3;1;A01
201500043463;0;7;0;0;0;3;2;B01
201500043464;0;10;0;0;1;1;2;A01
201500043465;0;7;0;9;0;3;1;A01
201500043466;0;7;0;0;2;6;23;C01
201500043466;0;7;0;0;2;8;1;D01
201500043466;0;7;0;0;2;9;23;B01
201500043466;0;7;0;0;2;1;2;A01
201500043467;0;7;0;0;2;1;1;A01
201500043467;0;7;0;0;2;3;1;B01
201500043468;0;7;0;1;0;9;13;A01
201500043469;0;7;0;0;1;3;15;A01
201500043470;0;7;0;0;0;0;0;B01
201500043470;0;7;0;0;0;0;0;A01
201500043470;0;37;0;0;0;0;0;C01
201500043471;0;7;0;0;1;1;1;A01
201500043472;0;1;0;0;0;0;0;A01
201500043473;0;7;0;1;0;2;1;A01
201500043474;0;7;0;0;2;6;1;B01
201500043474;0;7;0;0;2;6;1;C01
201500043474;2;7;0;0;2;1;1;A01
201500043475;0;10;0;0;1;8;1;A01
201500043476;0;7;0;0;0;5;1;B01
201500043476;0;7;0;0;2;3;2;A01
201500043477;0;7;0;0;1;1;1;A01
201500043478;0;7;0;0;1;1;1;A01
201500043479;0;3;0;0;2;3;17;A01
201500043479;0;3;0;0;2;3;1;B01
201500043480;0;7;0;0;2;1;17;A01
201500043480;0;7;0;0;2;3;15;B01
201500043481;0;7;0;0;1;2;2;A01
201500043482;0;33;0;11;0;1;1;A01
201500043483;0;33;0;15;0;1;1;A01
201500043484;0;7;0;0;1;1;2;A01
201500043485;0;7;0;0;2;1;2;A01
201500043485;0;33;0;0;0;2;2;B01
201500043486;0;7;0;0;2;1;0;A01
201500043486;0;34;0;0;2;3;1;B01
201500043487;0;7;0;0;2;3;1;C01
201500043487;0;7;0;0;0;3;0;A01
201500043487;0;7;0;1;0;1;1;B01
201500043488;0;7;0;0;0;4;0;B01
201500043488;0;7;0;0;2;1;1;A01
201500043489;0;7;0;0;2;3;0;B01
201500043489;0;7;0;0;2;1;1;A01
201500043490;0;7;0;0;2;1;2;A01
201500043490;0;13;0;0;2;1;1;B01
201500043490;0;7;0;0;0;1;1;C01
201500043491;0;7;0;0;1;2;1;A01
201500043492;0;7;0;0;2;7;15;A01
201500043492;0;33;0;0;2;1;18;B01
201500043493;0;15;0;0;9;2;16;A01
201500043493;0;1;0;0;2;3;1;B01
201500043494;0;7;0;0;2;1;17;B01
201500043494;0;7;0;0;2;8;15;A01
201500043495;0;7;0;0;2;1;1;A01
201500043495;0;7;0;0;0;4;0;B01
201500043495;0;7;0;0;0;7;0;C01
201500043496;2;7;0;0;2;1;2;A01
201500043496;0;7;0;0;0;0;2;B01
201500043497;0;34;0;0;2;1;1;A01
201500043497;0;7;0;0;2;2;15;B01
201500043498;0;7;0;0;2;3;23;C01
201500043498;0;7;0;0;2;4;23;B01
201500043498;0;7;0;0;2;1;21;A01
201500043499;0;10;0;0;2;1;2;A01
201500043499;0;7;0;0;2;4;23;B01
201500043500;0;37;1;0;9;5;2;A01
201500043500;0;1;0;0;2;3;2;B01
201500043501;0;7;0;0;0;2;15;A01
201500043501;0;30;0;0;2;1;2;B01
201500043502;0;2;0;0;0;1;1;A01
201500043503;0;33;0;12;0;1;1;A01
201500043504;0;7;0;0;2;1;2;A01
201500043504;0;10;0;0;2;4;1;B01
201500043505;0;33;0;0;2;2;1;A01
201500043506;0;7;0;0;2;9;1;A01
201500043506;0;7;0;0;2;1;1;C01
201500043506;0;7;0;0;2;1;15;B01
201500043507;0;7;0;0;9;5;15;B01
201500043507;0;99;0;0;2;1;0;A01
201500043508;0;2;0;0;2;1;5;A01
201500043508;0;7;0;0;2;1;1;B01
201500043509;0;7;0;0;1;1;0;A01
201500043510;1;99;0;0;1;0;0;A01
201500043511;0;7;0;6;0;3;0;A01
201500043512;0;31;0;0;0;0;0;A01
201500043513;0;1;0;0;2;1;1;A01
201500043513;0;7;0;0;1;3;1;B01
201500043514;0;10;0;0;2;1;1;A01
201500043514;0;7;0;0;2;3;9;B01
201500043515;0;33;0;0;2;1;2;A01
201500043515;0;7;0;0;2;6;23;B01
201500043515;0;7;0;0;2;5;23;C01
201500043516;0;7;0;0;1;1;1;A01
201500043517;0;7;0;6;0;1;2;A01
201500043518;0;33;0;0;2;1;1;A01
201500043518;0;10;0;0;2;2;15;B01
201500043519;0;7;0;0;0;4;0;B01
201500043519;0;7;0;1;0;1;2;A01
201500043520;0;33;0;0;2;3;3;A01
201500043520;0;7;0;0;2;8;15;B01
201500043521;0;7;0;0;2;2;0;A01
201500043521;0;1;0;0;0;1;0;B01
201500043522;0;34;0;0;2;1;1;B01
201500043522;0;7;0;0;2;2;15;A01
201500043523;0;7;0;0;0;9;1;A01
201500043524;0;7;0;0;0;6;1;A01
201500043524;0;7;0;0;2;1;0;B01
201500043525;0;7;0;0;1;1;0;A01
201500043526;0;30;0;0;0;1;2;B01
201500043526;0;7;0;0;0;1;15;A01
201500043527;0;10;0;0;2;2;1;A01
201500043527;0;7;0;0;2;6;23;B01
201500043528;0;7;0;0;2;1;1;B01
201500043528;0;7;0;15;2;7;15;A01
201500043529;0;7;0;0;2;1;1;B01
201500043529;0;7;0;0;2;6;9;A01
201500043530;0;7;0;0;2;4;1;B01
201500043530;0;13;0;0;2;1;2;A01
201500043531;0;32;0;4;0;2;1;A01
201500043532;0;7;0;0;2;3;13;A01
201500043532;0;33;0;0;2;2;0;B01
201500043533;0;7;0;0;1;2;1;A01
201500043534;0;10;0;0;1;2;1;A01
201500043535;0;33;0;0;0;8;1;A01
201500043536;1;7;0;0;2;3;2;Z01
201500043536;0;31;0;0;0;7;2;A01
201500043537;0;7;0;0;2;1;1;C01
201500043537;0;7;0;0;2;1;6;A01
201500043537;0;7;0;0;2;8;21;B01
201500043538;0;2;0;0;0;7;1;A01
201500043539;0;7;0;0;1;1;1;A01
201500043540;0;33;0;0;0;0;1;A01
201500043541;0;7;0;0;1;8;1;A01
201500043542;0;33;0;0;2;1;1;B01
201500043542;0;7;0;0;2;1;1;A01
201500043543;0;31;0;0;0;1;1;A01
201500043544;0;7;0;0;2;5;2;B01
201500043544;0;7;0;0;2;3;2;A01
201500043545;0;1;0;8;0;0;1;A01
201500043546;0;7;0;0;0;0;2;A01
201500043547;0;34;0;0;2;1;2;A01
201500043547;0;7;0;0;2;4;1;B01
201500043548;0;7;0;0;1;2;0;A01
201500043549;0;30;0;0;2;3;11;A01
201500043549;0;7;0;0;2;7;1;B01
201500043550;0;1;0;0;2;1;0;B01
201500043551;0;33;0;0;1;1;3;A01
201500043552;0;7;0;0;2;1;1;A01
201500043552;0;10;0;0;1;4;1;B01
201500043553;1;33;0;0;1;1;1;Z01
201500043554;0;7;0;0;1;2;1;A01
201500043555;0;33;0;0;2;1;5;A01
201500043555;0;7;0;0;2;2;1;B01
201500043556;0;7;0;0;2;2;15;A01
201500043556;0;33;0;0;2;1;1;B01
201500043557;0;1;0;0;2;8;0;B01
201500043557;2;7;0;0;2;2;16;A01
201500043558;2;7;0;4;2;1;21;B01
201500043558;0;7;0;0;2;1;1;C01
201500043558;2;7;0;0;2;1;5;A01
201500043559;0;7;0;0;2;4;1;C01
201500043559;0;7;0;0;2;4;2;B01
201500043559;0;7;0;0;2;1;2;A01
201500043560;0;7;0;0;2;3;9;A01
201500043560;0;33;0;0;2;7;1;B01
201500043561;1;7;0;0;1;1;5;A01
201500043562;0;7;0;1;1;2;17;A01
201500043563;0;34;0;0;1;1;1;A01
201500043564;0;7;0;0;2;1;15;A01
201500043564;0;7;0;0;2;8;0;B01
201500043565;0;7;0;0;2;3;0;A01
201500043565;0;7;0;0;2;3;0;B01
201500043566;0;7;0;0;2;1;1;B01
201500043566;0;7;0;0;2;1;15;A01
201500043567;0;2;0;0;2;2;1;B01
201500043567;0;7;0;0;2;3;1;A01
201500043568;0;10;0;0;2;1;2;A01
201500043568;0;10;0;0;0;4;2;B01
201500043569;0;30;0;0;1;1;2;A01
201500043570;0;2;0;11;0;1;1;A01
201500043571;0;15;0;0;2;2;1;A01
201500043571;0;7;0;0;2;8;9;B01
201500043572;0;31;0;0;2;1;2;A01
201500043572;0;7;0;0;2;4;1;B01
201500043573;0;7;0;0;2;9;23;B01
201500043573;0;7;0;0;2;1;2;A01
201500043573;0;10;0;0;2;4;23;D01
201500043573;0;7;0;0;2;9;23;C01
201500043574;0;7;0;0;1;3;17;A01
201500043575;1;2;0;0;1;0;0;A01
201500043576;0;7;0;0;1;2;1;A01
201500043577;0;33;0;0;2;1;15;B01
201500043577;0;14;0;0;2;6;4;A01
201500043578;0;7;0;0;1;3;15;A01
201500043579;0;1;0;0;2;6;19;B01
201500043579;0;30;0;0;2;0;9;A01
201500043580;0;33;0;0;2;3;21;B01
201500043580;0;7;0;0;2;1;15;A01
201500043581;0;7;0;1;2;8;15;B01
201500043581;0;7;0;1;2;1;1;A01
201500043582;0;7;0;0;1;7;15;A01
201500043583;0;7;0;0;2;5;17;A01
201500043583;0;30;0;0;2;3;17;B01
201500043584;0;2;0;0;2;1;2;A01
201500043584;0;34;0;0;2;5;2;B01
201500043585;0;7;0;0;2;4;0;A01
201500043585;0;1;0;0;2;1;1;B01
201500043586;0;32;0;0;1;1;1;A01
201500043587;0;1;0;1;0;0;0;B01
201500043587;0;34;0;0;2;8;22;A01
201500043588;0;1;0;0;2;8;2;B01
201500043588;0;10;0;0;2;5;9;A01
201500043589;0;7;0;0;2;5;1;A01
201500043589;0;7;0;0;2;2;1;B01
201500043590;0;10;0;0;1;1;0;A01
201500043591;0;2;0;0;0;0;0;A01
201500043591;0;1;0;0;0;0;0;B01
201500043592;0;7;0;0;1;3;15;A01
201500043593;2;7;0;0;2;1;15;Z01
201500043593;0;30;0;0;2;8;1;B01
201500043594;0;7;0;0;2;3;15;B01
201500043594;0;31;0;0;2;1;17;A01
201500043595;0;7;0;0;2;1;19;B01
201500043595;0;7;0;0;2;7;19;A01
201500043596;0;30;0;0;2;1;1;A01
201500043596;0;7;0;0;2;5;16;B01
201500043597;0;7;0;0;0;2;1;A01
201500043597;0;7;0;0;0;1;1;B01
201500043598;0;1;0;0;2;3;19;B01
201500043598;0;7;0;0;9;2;1;A01
201500043599;0;1;0;1;0;1;0;B01
201500043599;0;7;0;0;9;4;23;A01
201500043600;0;7;0;0;1;2;0;A01
201500043601;0;10;0;0;2;1;10;B01
201500043601;0;31;0;0;2;1;1;A01
201500043602;0;7;0;0;1;3;1;A01
201500043603;0;7;0;0;2;5;2;A01
201500043603;0;1;0;0;2;6;2;B01
201500043604;0;7;0;0;2;8;1;A01
201500043604;0;1;0;0;2;1;1;B01
201500043605;0;10;0;0;2;3;2;A01
201500043605;0;7;0;0;0;4;0;B01
201500043606;0;7;0;0;2;1;14;A01
201500043606;0;7;0;0;2;2;15;B01
201500043607;0;7;0;0;2;3;10;A01
201500043607;0;33;0;0;2;1;1;B01
201500043608;0;10;0;0;1;3;1;A01
201500043609;0;99;0;0;1;6;4;A01
201500043610;0;1;0;0;1;2;2;A01
201500043611;0;30;0;0;2;2;2;A01
201500043611;0;7;0;0;2;3;13;B01
201500043612;0;99;0;0;2;3;0;B01
201500043612;1;99;0;1;0;1;0;Z01
201500043613;0;31;0;0;2;4;1;A01
201500043613;0;7;0;0;0;0;23;B01
201500043614;0;7;0;0;2;1;5;A01
201500043614;0;7;0;0;2;1;1;B01
201500043615;0;3;0;0;1;1;15;A01
201500043616;0;7;0;0;1;1;16;A01
201500043617;0;7;0;0;1;4;4;A01
201500043618;0;33;0;0;2;3;1;B01
201500043618;0;7;0;0;2;2;1;A01
201500043619;1;99;0;0;2;0;10;A01
201500043619;0;2;0;8;0;1;21;B01
201500043620;0;3;0;0;2;8;10;A01
201500043620;0;31;0;0;2;2;1;B01
201500043621;0;34;0;0;2;2;2;A01
201500043621;0;32;0;0;2;4;2;B01
201500043622;0;34;0;0;0;0;21;B01
201500043622;0;7;0;0;0;0;20;A01
201500043623;0;2;0;0;1;0;0;A01
201500043624;0;7;0;0;2;4;2;A01
201500043624;0;2;0;0;2;1;2;B01
201500043625;0;34;0;0;2;8;1;B01
201500043625;0;7;0;0;2;7;16;A01
201500043626;0;33;0;0;2;8;0;B01
201500043626;0;7;0;0;2;3;15;A01
201500043627;0;7;0;0;2;0;9;A01
201500043627;0;31;0;0;0;0;1;B01
201500043628;0;33;0;0;2;7;21;A01
201500043628;0;7;0;0;2;3;20;B01
201500043629;0;10;0;0;1;2;5;A01
201500043630;0;2;0;0;2;1;2;B01
201500043630;0;34;0;0;0;8;15;A01
201500043631;0;33;0;0;2;1;0;B01
201500043631;0;7;0;0;2;3;10;A01
201500043632;0;1;0;0;2;1;2;A01
201500043632;0;34;0;0;0;6;16;B01
201500043633;0;7;0;0;1;4;4;A01
201500043634;0;32;0;0;0;4;12;B01
201500043634;0;34;0;0;2;2;1;A01
201500043635;0;33;0;0;2;7;1;B01
201500043635;0;7;0;0;2;3;9;A01
201500043636;0;7;0;0;1;2;2;A01
201500043637;0;7;0;0;2;3;15;A01
201500043637;0;1;0;0;2;0;0;B01
201500043638;0;7;0;0;2;1;2;A01
201500043638;0;7;0;0;2;4;23;B01
201500043639;0;99;0;0;2;3;1;B01
201500043639;0;30;0;0;2;7;1;A01
201500043640;0;7;0;0;2;3;10;A01
201500043640;0;32;0;0;2;5;2;B01
201500043641;0;31;0;0;0;8;0;A01
201500043642;0;1;0;0;2;1;1;B01
201500043642;0;7;0;1;2;3;22;A01
201500043643;1;3;0;0;1;0;0;A01
201500043644;0;7;0;0;1;2;1;A01
201500043645;1;7;0;0;1;0;0;A01
201500043646;0;7;0;0;1;2;16;A01
201500043647;0;34;0;0;0;0;0;B01
201500043647;0;7;0;1;0;3;16;A01
201500043648;0;7;0;0;1;1;1;A01
201500043649;0;7;0;2;0;9;14;A01
201500043650;0;7;0;0;2;2;2;A01
201500043650;0;7;0;0;2;8;9;B01
201500043651;0;7;0;0;1;0;0;A01
201500043651;0;7;0;0;0;0;0;B01
201500043652;0;1;0;0;0;6;2;B01
201500043652;0;7;0;0;2;2;15;A01
201500043653;0;7;0;0;1;1;1;A01
201500043654;0;1;0;0;2;4;2;B01
201500043654;1;7;0;0;2;2;2;A01
201500043655;0;7;0;0;2;6;2;B01
201500043655;0;7;0;0;2;1;2;A01
201500043656;0;7;0;0;0;1;2;A01
201500043656;0;7;0;0;0;1;16;B01
201500043657;0;14;0;0;2;1;2;A01
201500043657;0;7;0;0;2;4;23;B01
201500043658;0;7;0;0;1;1;1;A01
201500043659;0;7;0;0;1;1;17;A01
201500043660;0;7;0;0;2;1;9;A01
201500043660;0;7;0;0;2;2;1;B01
201500043661;0;7;0;0;2;2;15;A01
201500043661;0;7;0;15;2;3;1;B01
201500043662;0;7;0;0;1;6;4;A01
201500043663;0;32;0;0;2;7;17;A01
201500043663;0;7;0;0;2;3;15;B01
201500043664;0;10;0;0;1;1;15;A01
201500043665;0;7;0;0;2;3;15;A01
201500043665;0;34;0;0;2;8;2;B01
201500043666;0;33;0;0;2;1;1;B01
201500043666;0;10;0;0;2;2;10;A01
201500043667;0;7;0;0;1;0;0;A01
201500043668;0;7;0;0;1;0;0;A01
201500043669;0;7;0;0;0;8;10;A01
201500043669;0;7;0;0;2;2;1;B01
201500043670;0;2;0;0;1;8;1;A01
201500043671;0;7;0;0;1;2;1;A01
201500043672;0;7;0;0;0;4;1;C01
201500043672;0;7;0;0;2;4;1;B01
201500043672;0;14;0;0;2;1;1;A01
201500043673;0;10;0;0;2;1;2;A01
201500043673;0;7;0;0;0;4;15;B01
201500043674;0;33;0;0;0;1;0;A01
201500043674;0;7;0;0;0;0;0;B01
201500043675;0;7;0;0;1;4;4;A01
201500043676;0;7;0;0;1;3;1;A01
201500043677;0;32;0;0;2;3;1;B01
201500043677;0;7;0;0;2;2;19;A01
201500043678;0;7;0;0;2;3;1;B01
201500043678;0;30;0;0;2;1;1;A01
201500043679;0;30;0;0;2;1;1;A01
201500043680;0;7;0;0;2;1;1;A01
201500043681;0;7;0;0;2;5;0;A01
201500043681;0;7;0;0;2;1;0;B01
201500043682;0;7;0;0;1;1;1;A01
201500043683;0;7;0;0;2;1;1;A01
201500043683;0;7;0;0;2;4;1;B01
201500043684;0;32;0;0;2;1;1;A01
201500043684;0;7;0;0;2;3;15;B01
201500043685;0;7;0;0;1;2;1;A01
201500043686;0;7;0;0;2;1;1;A01
201500043686;0;7;0;0;2;6;1;B01
201500043687;0;10;0;0;1;0;1;A01
201500043688;0;7;0;0;2;1;15;A01
201500043688;0;37;0;0;2;3;1;B01
201500043689;0;7;0;0;2;4;23;B01
201500043689;0;7;0;0;2;1;2;A01
201500043690;0;33;0;0;2;1;1;B01
201500043690;0;7;0;0;2;1;15;A01
201500043691;0;7;0;0;2;3;20;B01
201500043691;0;7;0;0;2;1;1;A01
201500043692;0;7;0;0;1;1;1;A01
201500043693;0;7;0;0;1;4;1;A01
201500043694;0;7;0;0;1;3;1;A01
201500043695;0;7;0;1;0;4;1;B01
201500043695;0;7;0;0;2;1;1;A01
201500043696;0;7;0;0;1;0;0;A01
201500043697;0;7;0;0;2;6;10;A01
201500043697;0;7;0;0;2;3;1;B01
201500043698;0;7;0;0;1;1;1;A01
201500043699;0;7;0;4;0;1;1;A01
201500043700;0;33;0;0;0;0;1;A01
201500043701;0;1;0;1;2;1;1;A01
201500043701;0;7;0;0;2;8;1;B01
201500043702;0;7;0;0;2;0;1;B01
201500043702;0;7;0;0;2;5;1;A01
201500043703;0;7;0;0;2;3;1;B01
201500043703;0;30;0;0;2;1;13;A01
201500043704;0;7;0;0;2;1;1;A01
201500043704;0;7;0;0;2;4;0;B01
201500043705;1;7;0;1;1;2;20;A01
201500043706;0;7;0;0;2;3;1;A01
201500043706;0;34;0;0;2;1;0;B01
201500043707;0;33;0;0;2;6;1;B01
201500043708;0;7;0;0;1;3;1;A01
201500043709;1;99;0;0;1;1;1;A01
201500043710;0;32;0;0;2;1;2;A01
201500043710;0;7;0;0;2;3;2;B01
201500043711;0;7;0;0;1;0;1;A01
201500043712;0;7;0;0;0;1;2;A01
201500043712;0;7;0;0;0;4;2;B01
201500043713;0;7;0;1;1;2;2;A01
201500043714;0;7;0;11;0;1;1;A01
201500043715;0;30;0;0;0;1;0;A01
201500043715;0;7;0;0;0;1;1;B01
201500043716;0;7;0;0;1;3;1;A01
201500043717;0;7;0;0;1;2;21;A01
201500043718;0;7;0;0;1;2;15;A01
201500043719;0;30;0;0;2;1;17;A01
201500043719;0;7;0;0;2;8;15;B01
201500043720;0;2;0;0;0;0;0;A01
201500043721;0;7;0;0;2;3;15;A01
201500043721;0;33;0;0;2;1;1;B01
201500043722;0;10;0;0;1;3;16;A01
201500043723;0;33;0;0;0;0;1;B01
201500043723;0;14;0;0;0;0;15;A01
201500043724;0;7;0;0;1;0;0;A01
201500043725;0;7;0;0;1;7;2;A01
201500043726;0;7;0;0;2;1;2;A01
201500043726;0;33;0;0;2;4;23;B01
201500043727;0;1;0;0;2;1;17;B01
201500043727;0;37;1;0;2;3;1;A01
201500043728;0;7;0;9;0;9;1;A01
201500043729;0;7;0;8;0;9;1;A01
201500043730;0;3;0;0;0;5;2;B01
201500043730;0;7;0;0;2;3;2;A01
201500043731;0;7;0;0;0;5;9;A01
201500043731;0;37;10;0;0;3;9;B01
201500043732;0;7;0;9;2;1;1;A01
201500043732;0;7;0;0;2;2;1;B01
201500043733;0;7;0;1;0;1;14;A01
201500043734;0;7;0;0;2;1;2;A01
201500043734;0;7;0;0;2;4;23;B01
201500043735;0;7;0;0;1;0;0;A01
201500043736;0;10;0;0;2;1;2;A01
201500043736;0;7;0;0;2;4;23;B01
201500043737;0;7;0;0;2;4;23;B01
201500043737;1;7;0;0;2;1;1;A01
201500043738;0;7;0;0;0;3;1;B01
201500043738;0;7;0;0;2;1;1;A01
201500043739;0;7;0;0;2;1;1;B01
201500043739;0;10;0;0;2;2;15;A01
201500043740;0;7;0;0;2;1;2;A01
201500043740;0;7;0;0;2;4;23;B01
201500043741;0;33;0;0;2;8;9;A01
201500043741;0;15;0;0;2;8;15;B01
201500043742;0;30;0;8;1;1;2;A01
201500043743;0;14;0;0;0;0;16;A01
201500043743;0;2;0;0;0;0;1;B01
201500043744;0;30;0;12;0;1;2;A01
201500043745;0;10;0;0;1;4;2;A01
201500043746;0;7;0;0;2;3;2;B01
201500043746;0;30;0;0;2;7;17;A01
201500043747;0;37;0;0;1;2;1;A01
201500043748;0;7;0;0;1;1;0;A01
201500043749;0;31;0;0;0;0;21;A01
201500043749;0;7;0;0;0;0;11;B01
201500043750;0;7;0;0;2;2;2;A01
201500043750;0;7;0;0;2;4;23;B01
201500043751;0;33;0;0;0;4;23;B01
201500043751;0;10;0;0;0;1;2;A01
201500043752;0;7;0;0;2;7;1;B01
201500043752;0;2;0;0;2;1;5;A01
201500043753;0;7;0;0;2;8;1;B01
201500043753;0;7;0;0;2;8;17;A01
201500043754;0;32;0;0;2;8;2;B01
201500043754;0;7;0;0;2;3;9;A01
201500043755;0;31;0;0;2;1;13;A01
201500043755;0;7;0;0;2;1;15;B01
201500043756;0;10;0;0;2;1;2;B01
201500043756;0;7;0;0;2;4;2;A01
201500043757;1;7;0;0;2;2;12;A01
201500043757;0;33;0;0;2;8;1;B01
201500043758;0;36;0;9;2;1;1;A01
201500043759;0;7;0;0;2;5;1;B01
201500043759;0;30;0;0;2;1;1;A01
201500043760;0;7;0;0;1;2;1;A01
201500043761;0;10;0;0;1;1;0;A01
201500043762;0;7;0;0;1;0;1;A01
201500043763;0;14;0;0;1;2;16;A01
201500043764;0;7;0;0;2;2;17;B01
201500043764;0;2;0;0;2;1;5;A01
201500043765;0;7;0;0;1;2;1;A01
201500043766;0;2;0;0;0;3;0;A01
201500043767;0;7;0;0;2;8;10;A01
201500043767;0;33;0;0;2;1;3;B01
201500043768;0;7;0;0;1;3;2;A01
201500043769;0;37;0;1;1;1;7;A01
201500043770;0;7;0;0;1;0;0;A01
201500043771;0;33;0;8;2;2;17;B01
201500043771;0;7;0;0;2;3;15;A01
201500043772;0;7;0;0;0;3;15;A01
201500043772;0;33;0;0;0;9;1;B01
201500043773;0;32;0;0;2;2;1;A01
201500043773;0;7;0;0;2;2;15;B01
201500043774;0;7;0;0;1;0;0;A01
201500043775;0;7;0;0;1;7;9;A01
201500043776;0;7;0;0;2;1;2;A01
201500043776;0;3;0;0;2;4;2;B01
201500043777;0;33;0;0;0;0;0;A01
201500043777;0;7;0;0;0;0;0;B01
201500043778;0;7;0;0;2;6;2;B01
201500043778;0;7;0;0;2;1;2;A01
201500043779;0;7;0;0;1;3;1;A01
201500043780;0;7;0;0;1;1;15;A01
201500043781;0;7;0;3;2;1;2;A01
201500043781;0;7;0;3;2;4;1;B01
201500043782;0;7;0;0;2;2;9;A01
201500043782;0;32;0;0;2;1;1;B01
201500043783;1;2;0;0;1;1;1;Z01
201500043784;0;7;0;0;1;1;1;A01
201500043785;0;7;0;0;1;3;1;A01
201500043786;0;7;0;0;1;1;16;A01
201500043787;0;14;0;0;1;1;1;A01
201500043788;0;7;0;0;2;4;2;C01
201500043788;0;7;0;0;2;1;1;A01
201500043788;0;7;0;0;2;4;2;B01
201500043789;0;7;0;0;2;6;15;B01
201500043789;0;33;0;0;2;1;17;A01
201500043790;0;33;0;0;2;8;1;B01
201500043790;0;7;0;0;2;1;15;A01
201500043791;0;33;0;0;2;7;1;B01
201500043791;0;7;0;0;2;8;15;A01
201500043792;0;7;0;0;1;1;15;A01
201500043793;0;30;0;9;0;1;1;A01
201500043794;0;34;0;0;2;1;1;A01
201500043794;0;7;0;0;2;2;1;B01
201500043795;0;30;0;11;0;1;1;A01
201500043796;0;7;0;0;2;5;16;B01
201500043796;0;34;0;0;2;1;16;A01
201500043797;0;7;0;0;1;1;1;A01
201500043798;2;7;0;0;2;1;1;A01
201500043798;0;7;0;8;2;2;9;B01
201500043799;0;7;0;0;2;1;1;A01
201500043799;0;7;0;0;2;4;23;B01
201500043800;0;7;0;0;1;1;1;A01
201500043801;0;7;0;0;2;2;1;A01
201500043801;0;7;0;0;2;6;12;B01
201500043802;0;7;0;0;2;1;1;B01
201500043802;0;7;0;0;2;8;1;C01
201500043802;0;7;0;0;2;1;21;A01
201500043803;0;37;13;3;0;1;1;A01
201500043804;0;7;0;0;2;5;15;A01
201500043804;0;30;0;0;2;1;1;B01
201500043805;1;7;0;0;1;0;16;Z01
201500043806;0;2;0;0;2;1;14;B01
201500043806;0;7;0;0;2;4;4;A01
201500043807;0;10;0;0;1;4;20;A01
201500043808;0;7;0;0;1;3;1;A01
201500043809;0;7;0;0;1;3;1;A01
201500043810;0;1;0;6;0;3;13;A01
201500043811;0;7;0;0;2;2;1;A01
201500043811;0;1;0;0;2;1;16;B01
201500043812;0;7;0;1;2;3;1;B01
201500043812;0;7;0;0;2;2;15;A01
201500043813;0;7;0;0;2;7;15;A01
201500043813;0;33;0;0;2;1;1;B01
201500043814;0;30;0;0;2;1;1;B01
201500043814;0;32;0;0;2;7;1;A01
201500043815;0;30;0;7;0;1;1;A01
201500043816;0;7;0;0;1;1;15;A01
201500043817;0;7;0;0;1;8;1;A01
201500043818;0;1;0;14;0;9;1;A01
201500043819;0;7;0;0;2;2;15;A01
201500043819;0;7;0;0;2;1;1;B01
201500043820;0;7;0;6;1;1;1;A01
201500043821;0;30;0;0;1;1;1;A01
201500043822;0;10;0;0;2;3;13;A01
201500043822;0;32;0;0;2;3;1;B01
201500043823;0;7;0;0;2;2;9;A01
201500043823;0;33;0;0;2;8;1;B01
201500043824;0;33;0;0;1;1;1;A01
201500043825;0;7;0;0;2;8;11;A01