num_acc;senc;catv;occutc;obs;obsm;choc;manv;num_veh
201500043825;0;30;0;0;2;2;17;B01
201500043826;0;7;0;0;2;1;1;B01
201500043826;0;7;0;0;2;8;19;A01
201500043827;0;7;0;0;2;2;15;A01
201500043827;0;7;0;0;2;1;2;B01
201500043828;0;7;0;0;0;3;9;B01
201500043828;0;33;0;0;2;3;1;A01
201500043829;0;7;0;0;1;7;1;A01
201500043830;0;1;0;0;2;2;19;B01
201500043830;0;7;0;0;2;3;1;A01
201500043831;0;7;0;12;0;1;1;A01
201500043832;0;7;0;14;2;1;1;A01
201500043832;0;7;0;0;2;2;16;C01
201500043832;0;7;0;0;2;2;15;B01
201500043833;0;32;0;0;2;1;1;B01
201500043833;0;7;0;0;2;2;15;A01
201500043834;1;7;0;0;1;1;17;Z01
201500043835;0;7;0;0;2;1;17;B01
201500043835;0;7;0;0;2;3;15;A01
201500043836;0;33;0;0;2;8;16;A01
201500043836;0;10;0;0;2;5;12;B01
201500043837;0;31;0;0;2;7;3;A01
201500043837;0;7;0;0;2;3;9;B01
201500043838;0;7;0;0;2;7;1;A01
201500043838;0;7;0;0;2;1;1;B01
201500043839;0;30;0;0;2;7;1;A01
201500043839;0;7;0;0;2;1;15;B01
201500043840;0;7;0;0;1;1;1;A01
201500043841;0;7;0;0;2;1;17;A01
201500043841;0;1;0;0;2;8;1;B01
201500043842;0;7;0;0;1;7;21;A01
201500043843;0;33;0;0;2;1;17;A01
201500043843;0;10;0;0;2;1;1;C01
201500043843;0;7;0;0;2;3;11;B01
201500043844;0;32;0;0;2;1;17;B01
201500043844;0;7;0;0;2;3;9;A01
201500043845;0;33;0;16;0;0;14;A01
201500043846;0;34;0;0;1;1;1;A01
201500043847;1;7;0;0;2;0;0;Z01
201500043847;0;7;0;0;2;3;1;B01
201500043848;0;33;0;0;2;4;21;B01
201500043848;1;10;0;0;2;1;1;Z01
201500043849;0;33;0;0;2;1;2;A01
201500043849;0;7;0;0;2;6;15;B01
201500043850;0;7;0;0;2;4;2;B01
201500043850;0;7;0;0;2;1;1;A01
201500043851;0;31;0;0;2;1;1;B01
201500043851;0;7;0;0;2;2;19;A01
201500043852;2;7;0;6;0;2;13;A01
201500043853;0;2;0;16;0;7;1;A01
201500043854;0;7;0;0;2;1;1;B01
201500043854;0;7;0;1;2;6;1;A01
201500043855;0;34;0;1;2;1;3;A01
201500043855;0;7;0;0;2;8;1;B01
201500043856;0;7;0;0;1;3;1;A01
201500043857;1;2;0;16;0;0;0;Z01
201500043858;0;10;0;0;2;1;1;B01
201500043858;0;10;0;0;2;3;19;A01
201500043859;0;7;0;0;2;3;1;B01
201500043859;0;7;0;0;2;1;15;A01
201500043860;0;7;0;0;2;2;15;A01
201500043860;0;33;0;0;2;1;1;B01
201500043861;0;7;0;0;2;4;2;B01
201500043861;0;7;0;0;2;1;1;A01
201500043862;0;7;0;0;2;4;23;B01
201500043862;0;7;0;0;2;1;1;A01
201500043863;0;7;0;0;2;2;1;B01
201500043863;0;7;0;0;2;1;1;A01
201500043864;0;30;0;9;2;9;1;A01
201500043864;0;7;0;9;2;3;1;B01
201500043865;0;7;0;0;2;2;1;B01
201500043865;0;2;0;0;2;1;15;A01
201500043866;0;7;0;1;0;2;14;A01
201500043867;0;7;0;0;1;2;1;A01
201500043868;0;30;0;0;2;1;1;A01
201500043868;0;7;0;0;2;4;23;B01
201500043869;0;34;0;0;2;1;1;B01
201500043869;0;7;0;0;2;2;15;A01
201500043870;0;1;0;0;2;3;1;A01
201500043870;1;7;0;0;2;1;1;Z01
201500043871;0;7;0;0;0;1;2;B01
201500043871;0;7;0;0;2;4;2;A01
201500043872;0;7;0;0;2;3;9;A01
201500043872;0;34;0;0;2;1;1;B01
201500043873;0;33;0;0;2;7;1;B01
201500043873;0;7;0;0;2;1;9;A01
201500043874;0;7;0;0;1;2;1;A01
201500043875;0;7;0;0;1;1;1;A01
201500043876;0;33;0;0;2;2;1;B01
201500043876;0;7;0;0;2;3;16;A01
201500043877;1;7;0;0;2;0;1;Z01
201500043877;0;32;0;0;2;8;11;A01
201500043877;0;7;0;0;2;5;1;B01
201500043878;0;7;0;0;2;3;15;A01
201500043878;0;34;0;0;2;2;1;B01
201500043879;0;7;0;0;1;3;1;A01
201500043880;1;32;0;0;1;0;0;Z01
201500043880;0;7;0;0;2;2;1;A01
201500043881;0;2;0;16;0;9;1;A01
201500043882;1;10;0;0;1;1;1;Z01
201500043883;0;7;0;0;2;1;1;A01
201500043883;0;7;0;0;2;4;2;B01
201500043883;0;10;0;0;2;4;2;C01
201500043884;0;7;0;0;2;1;1;B01
201500043884;0;2;0;0;1;1;1;A01
201500043885;0;7;0;0;2;2;15;A01
201500043885;0;31;0;0;2;3;1;B01
201500043886;0;10;0;0;1;2;1;A01
201500043887;0;7;0;0;2;3;10;B01
201500043887;0;33;0;1;0;8;13;A01
201500043888;0;7;0;0;2;8;1;B01
201500043888;0;7;0;0;2;1;15;A01
201500043889;0;7;0;0;1;1;1;A01
201500043890;0;7;0;0;2;1;1;A01
201500043890;0;7;0;0;2;3;1;B01
201500043891;0;7;0;0;1;1;1;A01
201500043892;0;33;0;0;2;6;2;A01
201500043892;0;7;0;;2;5;2;C01
201500043892;0;7;0;9;2;6;14;B01
201500043893;0;7;0;;2;2;2;B01
201500043893;0;7;0;1;0;2;18;A01
201500043894;0;7;0;3;0;1;14;A01
201500043895;0;30;0;16;0;3;1;A01
201500043896;0;30;0;0;2;4;2;B01
201500043896;0;10;0;0;2;1;1;A01
201500043897;0;7;0;6;0;1;1;A01
201500043898;0;34;0;12;2;2;16;A01
201500043898;0;7;0;0;2;1;1;B01
201500043899;0;37;2;5;1;3;21;A01
201500043900;1;7;0;0;1;0;0;Z01
201500043901;0;7;0;0;1;3;1;A01
201500043902;0;36;0;16;0;9;1;A01
201500043903;0;10;0;0;2;3;10;B01
201500043903;0;31;0;0;2;1;5;A01
201500043904;0;2;0;16;0;9;1;A01
201500043905;0;7;0;0;2;8;2;B01
201500043905;0;7;0;6;2;9;14;A01
201500043906;0;7;0;0;2;5;15;A01
201500043906;0;32;0;0;2;1;1;B01
201500043907;0;7;0;11;0;3;14;A01
201500043908;0;30;0;0;1;1;1;A01
201500043909;0;30;0;0;1;2;17;A01
201500043910;0;7;0;0;2;4;16;A01
201500043910;1;7;0;0;2;1;1;Z01
201500043911;0;7;0;0;1;1;15;A01
201500043912;0;10;0;0;2;1;15;A01
201500043912;0;7;0;0;2;8;1;B01
201500043913;0;7;0;0;1;3;1;A01
201500043914;0;1;0;8;2;4;2;A01
201500043914;1;7;0;0;2;0;1;Z01
201500043915;0;7;0;0;2;3;15;B01
201500043915;0;33;0;0;2;1;1;A01
201500043916;0;2;0;0;2;1;1;B01
201500043916;0;7;0;0;2;1;1;A01
201500043917;0;7;0;0;1;3;1;A01
201500043918;0;7;0;0;2;1;1;A01
201500043918;0;7;0;0;2;2;15;B01
201500043919;1;7;0;9;1;0;1;Z01
201500043920;0;7;0;0;2;4;1;B01
201500043920;0;33;0;1;2;1;3;A01
201500043921;0;7;0;0;2;7;1;A01
201500043921;0;32;0;0;2;1;1;B01
201500043922;0;7;0;0;1;2;1;A01
201500043923;0;7;0;0;2;8;10;B01
201500043923;0;34;0;0;2;1;1;A01
201500043924;0;7;0;11;1;2;1;A01
201500043925;0;7;0;0;2;7;1;B01
201500043925;0;34;0;0;2;8;15;A01
201500043926;0;7;0;0;2;3;15;B01
201500043926;0;33;0;0;2;2;17;A01
201500043927;0;31;0;15;0;0;5;A01
201500043928;1;7;0;0;1;1;1;Z01
201500043929;0;7;0;0;2;8;16;B01
201500043929;0;7;0;0;2;1;1;A01
201500043930;0;7;0;0;2;3;23;B01
201500043930;0;33;0;0;1;1;1;A01
201500043931;0;7;0;0;1;3;18;A01
201500043932;0;7;0;0;2;2;15;A01
201500043932;0;33;0;0;2;1;17;B01
201500043933;0;7;0;0;2;1;15;A01
201500043933;0;2;0;0;2;8;1;B01
201500043934;0;7;0;0;1;1;1;A01
201500043935;0;7;0;3;2;1;14;A01
201500043935;0;7;0;4;2;5;9;B01
201500043936;0;30;0;0;2;4;2;B01
201500043936;1;7;0;0;2;1;1;Z01
201500043937;0;10;0;0;1;3;1;A01
201500043938;0;33;0;0;1;1;1;A01
201500043939;0;7;0;1;1;1;1;A01
201500043940;0;15;0;;0;4;24;B01
201500043940;0;2;0;1;2;1;1;A01
201500043941;0;10;0;0;1;1;1;A01
201500043942;0;7;0;0;0;0;24;B01
201500043942;0;7;0;1;2;1;1;A01
201500043943;0;7;0;0;1;2;1;A01
201500043944;0;7;0;0;2;1;5;A01
201500043944;0;10;0;0;2;1;23;B01
201500043945;0;7;0;0;2;1;1;B01
201500043945;1;31;0;0;2;1;1;Z01
201500043946;0;37;2;0;1;7;14;A01
201500043947;0;7;0;0;2;4;2;B01
201500043947;0;7;0;0;2;3;1;A01
201500043948;0;7;0;0;2;3;11;A01
201500043948;0;33;0;0;2;1;17;B01
201500043949;0;7;0;0;1;1;1;A01
201500043950;0;1;0;0;2;9;2;B01
201500043950;0;10;0;6;2;2;9;A01
201500043951;0;7;0;0;2;3;15;B01
201500043951;0;7;0;0;2;1;17;A01
201500043952;0;7;0;0;2;1;13;A01
201500043952;0;7;0;0;2;1;1;B01
201500043953;0;1;0;0;2;4;9;B01
201500043953;0;7;0;0;2;3;1;A01
201500043954;0;7;0;0;0;3;15;A01
201500043954;0;1;0;0;2;1;1;B01
201500043955;0;7;0;0;2;6;11;B01
201500043955;0;7;0;0;2;2;1;A01
201500043956;0;14;0;16;0;1;13;A01
201500043957;0;33;0;8;2;7;17;A01
201500043957;0;7;0;0;2;6;1;B01
201500043958;0;33;0;0;2;5;1;A01
201500043958;1;7;0;0;2;1;1;Z01
201500043959;0;7;0;0;1;1;1;A01
201500043960;0;7;0;8;0;9;14;A01
201500043961;0;10;0;0;2;2;15;B01
201500043961;0;10;0;0;2;1;19;A01
201500043962;0;33;0;0;2;1;15;B01
201500043962;0;10;0;0;2;3;19;A01
201500043963;0;7;0;0;2;4;2;B01
201500043963;0;7;0;0;2;1;1;A01
201500043964;0;7;0;0;2;1;1;A01
201500043964;0;7;0;0;2;7;15;B01
201500043965;0;1;0;0;2;1;1;A01
201500043965;0;7;0;;2;4;23;B01
201500043966;0;33;0;16;0;9;13;A01
201500043967;0;7;0;0;2;5;1;B01
201500043967;0;33;0;0;2;1;2;A01
201500043968;0;7;0;6;0;1;1;A01
201500043969;0;7;0;0;1;1;1;A01
201500043970;0;7;0;0;2;7;1;A01
201500043970;0;1;0;0;2;7;19;B01
201500043971;0;32;0;14;0;1;1;A01
201500043972;0;7;0;0;2;1;1;A01
201500043972;0;7;0;0;2;6;2;B01
201500043972;0;7;0;0;2;6;2;C01
201500043972;0;7;0;0;2;4;2;E01
201500043972;0;7;0;0;2;9;2;D01
201500043973;0;1;0;12;0;9;1;A01
201500043974;0;7;0;0;2;2;1;A01
201500043974;0;1;0;0;2;7;19;B01
201500043975;0;1;0;0;2;2;1;A01
201500043975;0;7;0;0;2;2;9;B01
201500043976;0;7;0;0;2;6;2;A01
201500043976;1;7;0;0;0;0;0;Z01
201500043977;0;7;0;0;2;3;13;A01
201500043977;0;7;0;0;2;3;1;B01
201500043978;0;1;0;0;2;4;2;B01
201500043978;0;7;0;0;2;3;11;A01
201500043979;0;34;0;0;2;3;18;B01
201500043979;0;7;0;0;2;2;16;A01
201500043980;0;7;0;0;1;1;1;A01
201500043981;0;37;2;0;1;1;7;A01
201500043982;0;7;0;0;2;4;2;A01
201500043982;0;7;0;0;2;1;1;B01
201500043983;0;33;0;3;0;8;13;A01
201500043984;0;7;0;0;2;7;15;A01
201500043984;0;33;0;0;2;1;1;B01
201500043985;0;33;0;0;2;1;1;A01
201500043985;0;33;0;0;2;4;2;B01
201500043986;0;35;0;8;0;1;13;A01
201500043987;0;7;0;0;2;3;13;A01
201500043987;0;38;2;0;2;3;1;B01
201500043988;0;7;0;0;2;1;1;A01
201500043988;0;7;0;0;2;2;15;B01
201500043989;0;7;0;0;1;2;1;A01
201500043990;0;2;0;0;2;2;1;A01
201500043990;0;7;0;0;2;3;15;B01
201500043991;0;10;0;0;1;2;1;A01
201500043992;0;7;0;0;2;1;1;B01
201500043992;0;30;0;0;2;2;1;A01
201500043993;0;30;0;0;2;1;1;B01
201500043993;0;7;0;0;2;1;15;A01
201500043994;0;7;0;5;2;3;11;A01
201500043994;0;7;0;16;2;7;1;B01
201500043995;0;34;0;0;2;1;2;B01
201500043995;0;7;0;0;2;2;15;A01
201500043996;1;7;0;0;1;1;1;Z01
201500043997;0;7;0;0;2;3;1;A01
201500043997;0;33;0;0;2;3;15;B01
201500043998;0;7;0;0;1;4;4;A01
201500043999;0;7;0;6;1;3;13;A01
201500044000;0;7;0;0;2;1;1;A01
201500044000;0;30;0;0;2;1;15;B01
201500044001;0;30;0;0;1;1;1;A01
201500044002;0;10;0;0;1;4;4;A01
201500044003;0;3;0;0;1;8;1;A01
201500044004;0;7;0;15;2;2;19;A01
201500044004;0;7;0;0;2;3;1;B01
201500044005;0;7;0;0;1;2;1;A01
201500044006;1;3;0;0;1;1;1;Z01
201500044007;0;7;0;0;2;8;22;B01
201500044007;0;7;0;0;2;7;23;C01
201500044007;0;33;0;0;2;1;3;A01
201500044008;1;30;0;0;0;0;15;Z01
201500044008;0;7;0;0;2;3;1;A01
201500044009;0;7;0;0;2;3;19;B01
201500044009;0;7;0;;2;5;1;A01
201500044010;0;7;0;0;1;1;1;A01
201500044011;0;32;0;0;1;1;1;A01
201500044012;0;7;0;0;2;6;11;A01
201500044012;0;34;0;0;2;8;1;B01
201500044013;0;7;0;0;1;1;15;A01
201500044014;0;33;0;0;2;1;1;A01
201500044014;0;7;0;0;2;3;11;B01
201500044015;0;33;0;0;2;9;1;B01
201500044015;0;7;0;0;2;2;15;A01
201500044016;0;7;0;0;2;4;2;B01
201500044016;2;7;0;0;2;1;1;A01
201500044017;0;7;0;0;1;2;16;A01
201500044018;0;7;0;1;2;3;1;B01
201500044018;0;34;0;1;0;6;2;A01
201500044019;0;1;0;0;2;3;1;B01
201500044019;0;7;0;0;2;1;15;A01
201500044020;0;7;0;0;1;2;1;A01
201500044021;0;10;0;0;2;3;9;B01
201500044021;0;7;0;6;2;7;2;A01
201500044022;0;7;0;0;1;1;16;A01
201500044023;0;7;0;0;1;1;1;A01
201500044024;0;7;0;0;2;2;17;A01
201500044024;0;7;0;0;2;8;10;B01
201500044025;0;7;0;0;1;1;17;A01
201500044026;0;7;0;0;1;1;1;A01
201500044027;0;7;0;0;1;8;1;A01
201500044028;0;7;0;0;2;4;2;B01
201500044028;0;10;0;0;2;4;2;C01
201500044028;0;7;0;0;2;1;1;A01
201500044029;0;7;0;0;2;1;1;A01
201500044029;0;7;0;0;2;4;2;B01
201500044030;0;13;0;0;2;1;19;B01
201500044030;0;33;0;0;2;7;9;A01
201500044031;0;10;0;0;2;1;13;A01
201500044031;0;7;0;0;2;1;1;B01
201500044032;0;7;0;0;1;2;1;A01
201500044033;0;33;0;0;2;1;3;B01
201500044033;0;7;0;0;2;6;15;A01
201500044034;0;7;0;0;0;6;23;A01
201500044034;0;32;0;0;2;2;1;B01
201500044035;0;7;0;0;1;3;1;A01
201500044036;0;7;0;1;0;2;1;A01
201500044037;0;2;0;0;2;1;1;B01
201500044037;0;10;0;0;2;5;4;A01
201500044038;0;7;0;0;2;6;2;A01
201500044038;1;7;0;0;2;1;1;Z01
201500044039;0;7;0;0;1;1;15;A01
201500044040;0;7;0;0;2;1;1;B01
201500044040;0;7;0;0;2;4;2;A01
201500044041;0;1;0;0;2;4;2;B01
201500044041;0;7;0;0;2;1;1;A01
201500044042;0;7;0;0;2;1;1;A01
201500044042;0;7;0;0;2;4;2;B01
201500044043;0;30;0;0;1;1;1;A01
201500044044;0;7;0;0;2;3;1;B01
201500044044;0;7;0;0;2;1;13;A01
201500044045;0;2;0;0;2;1;1;B01
201500044045;0;7;0;0;2;3;15;A01
201500044046;0;2;0;0;2;1;1;A01
201500044046;0;7;0;0;2;3;9;B01
201500044047;0;2;0;0;2;1;14;A01
201500044047;0;7;0;0;2;3;5;B01
201500044048;0;33;0;0;2;3;1;A01
201500044048;0;37;1;0;2;7;15;B01
201500044049;0;10;0;0;0;4;2;B01
201500044049;0;7;0;0;2;1;1;A01
201500044050;0;7;0;0;2;3;11;A01
201500044050;0;31;0;0;2;3;1;B01
201500044051;0;10;0;0;1;2;1;A01
201500044052;0;7;0;0;2;3;13;A01
201500044052;0;7;0;0;2;1;1;B01
201500044053;0;7;0;0;2;3;13;B01
201500044053;0;7;0;0;2;3;1;A01
201500044054;0;1;0;0;1;1;1;A01
201500044055;0;7;0;0;2;3;15;A01
201500044055;0;33;0;0;2;7;17;B01
201500044056;0;7;0;0;2;3;15;A01
201500044056;0;34;0;0;2;1;1;B01
201500044057;0;7;0;0;2;4;2;B01
201500044057;0;7;0;0;2;1;1;A01
201500044058;0;7;0;0;2;2;1;A01
201500044058;0;1;0;0;2;4;2;B01
201500044059;0;7;0;0;2;3;11;B01
201500044059;0;34;0;0;2;1;1;A01
201500044060;0;33;0;9;2;7;1;A01
201500044060;0;7;0;0;2;8;9;B01
201500044061;0;10;0;0;2;5;2;B01
201500044061;0;7;0;0;2;3;1;A01
201500044062;0;7;0;0;1;2;1;A01
201500044063;0;2;0;0;1;1;1;A01
201500044064;0;7;0;0;2;2;15;A01
201500044064;0;1;0;0;2;1;1;B01
201500044065;0;33;0;0;2;7;1;B01
201500044065;0;7;0;0;2;6;24;A01
201500044066;0;7;0;0;2;1;15;A01
201500044066;0;2;0;0;2;1;1;B01
201500044067;0;7;0;0;2;2;17;A01
201500044067;0;1;0;0;2;1;15;B01
201500044068;0;7;0;0;2;1;19;B01
201500044068;0;7;0;8;2;3;19;A01
201500044069;0;7;0;0;2;4;2;A01
201500044069;0;7;0;0;2;1;1;B01
201500044070;2;7;0;1;0;2;1;A01
201500044071;0;7;0;0;2;3;15;A01
201500044071;0;30;0;0;2;1;1;B01
201500044072;0;30;0;0;2;1;1;B01
201500044072;0;7;0;0;2;3;1;A01
201500044073;0;7;0;0;1;1;15;A01
201500044074;0;7;0;0;2;1;1;A01
201500044074;0;7;0;0;2;4;2;B01
201500044074;0;7;0;0;2;4;2;C01
201500044075;0;7;0;8;0;1;13;A01
201500044076;0;1;0;0;2;1;1;A01
201500044076;0;7;0;0;2;3;15;B01
201500044077;0;7;0;1;0;2;14;A01
201500044077;0;7;0;0;0;8;24;B01
201500044078;0;7;0;0;2;1;1;B01
201500044078;0;7;0;0;2;7;15;A01
201500044079;0;7;0;0;2;3;15;A01
201500044079;0;7;0;0;2;4;1;B01
201500044080;0;7;0;0;2;1;1;A01
201500044080;0;33;0;0;2;4;2;B01
201500044081;0;7;0;8;0;2;1;A01
201500044082;0;7;0;0;2;3;1;A01
201500044082;0;1;0;0;2;3;1;B01
201500044083;0;7;0;0;1;1;1;A01
201500044084;0;7;0;1;0;2;14;A01
201500044085;0;10;0;0;2;1;9;C01
201500044085;0;33;0;0;2;7;15;L01
201500044086;0;7;0;0;2;3;9;A01
201500044086;0;1;0;0;2;7;15;B01
201500044087;0;30;0;0;2;8;1;A01
201500044087;0;7;0;0;2;1;1;B01
201500044088;0;1;0;0;2;1;1;A01
201500044088;0;7;0;0;2;3;16;B01
201500044089;0;32;0;16;0;9;1;A01
201500044090;0;7;0;0;2;2;15;B01
201500044090;0;33;0;0;2;1;1;A01
201500044091;0;7;0;0;1;2;15;A01
201500044092;0;7;0;1;2;3;1;B01
201500044092;0;7;0;0;2;3;13;A01
201500044093;0;7;0;0;1;1;1;A01
201500044094;0;7;0;0;2;4;2;B01
201500044094;0;7;0;0;2;9;1;A01
201500044094;0;32;0;0;2;4;2;C01
201500044095;0;1;0;0;2;7;5;B01
201500044095;0;7;0;0;2;1;1;A01
201500044096;0;7;0;0;1;1;1;A01
201500044097;0;7;0;0;1;3;15;A01
201500044098;0;30;0;16;0;1;1;A01
201500044099;0;7;0;1;0;9;1;A01
201500044100;0;7;0;0;1;1;1;A01
201500044100;0;7;0;0;2;1;1;B01
201500044101;0;30;0;0;2;1;1;A01
201500044101;0;7;0;0;2;6;2;B01
201500044102;0;7;0;1;0;2;14;A01
201500044103;0;1;0;0;2;1;1;B01
201500044103;0;7;0;0;2;8;9;A01
201500044104;0;7;0;0;1;1;1;A01
201500044105;0;7;0;0;2;1;1;A01
201500044105;0;7;0;0;0;7;9;B01
201500044106;0;7;0;0;1;3;1;A01
201500044107;0;7;0;0;1;3;1;A01
201500044108;0;7;0;0;1;3;16;A01
201500044109;1;7;0;0;1;6;4;Z01
201500044110;0;7;0;16;0;0;1;A01
201500044111;0;1;0;0;2;7;1;B01
201500044111;0;7;0;0;2;1;1;A01
201500044112;0;33;0;12;0;9;14;A01
201500044113;1;10;0;0;1;2;1;Z01
201500044114;0;7;0;0;2;4;2;B01
201500044114;0;7;0;0;2;1;1;A01
201500044115;0;7;0;11;0;3;1;A01
201500044116;2;7;0;0;1;2;9;A01
201500044117;0;1;0;0;2;7;9;B01
201500044117;0;7;0;0;2;3;1;A01
201500044118;0;7;0;0;1;1;16;A01
201500044119;0;7;0;0;1;4;4;A01
201500044119;0;7;0;0;2;1;1;B01
201500044120;0;30;0;0;2;7;1;A01
201500044120;0;7;0;0;2;1;9;B01
201500044121;0;2;0;0;2;1;1;B01
201500044121;0;7;0;0;2;1;5;A01
201500044122;0;7;0;0;0;4;23;A01
201500044122;0;7;0;0;0;1;23;B01
201500044122;0;7;0;1;0;1;1;C01
201500044123;0;7;0;0;1;1;1;A01
201500044124;0;2;0;16;0;9;1;A01
201500044125;0;7;0;0;0;8;22;A01
201500044125;0;1;0;1;0;3;1;B01
201500044126;0;1;0;0;2;7;2;B01
201500044126;0;7;0;0;2;1;1;A01
201500044127;0;7;0;0;2;6;11;A01
201500044127;0;7;0;0;2;2;1;B01
201500044128;0;7;0;6;0;1;1;A01
201500044129;0;32;0;0;2;7;3;B01
201500044129;0;10;0;0;2;8;1;A01
201500044130;0;30;0;0;0;9;1;A01
201500044130;1;7;0;0;0;1;9;Z01
201500044131;0;7;0;0;2;1;1;B01
201500044131;0;31;0;0;2;1;16;A01
201500044132;0;7;0;0;1;1;1;A01
201500044133;0;7;0;0;2;1;1;A01
201500044133;0;7;0;0;2;4;2;B01
201500044133;0;7;0;0;2;4;2;C01
201500044134;0;1;0;0;2;1;1;B01
201500044134;0;7;0;;2;8;22;A01
201500044135;0;32;0;0;2;1;1;B01
201500044135;0;7;0;0;2;6;15;A01
201500044136;0;10;0;15;2;7;1;B01
201500044136;0;14;0;0;2;1;9;A01
201500044137;0;1;0;0;2;7;15;B01
201500044137;0;7;0;0;2;3;9;A01
201500044138;1;7;0;0;2;0;0;Z01
201500044138;0;1;0;0;2;4;2;A01
201500044139;0;7;0;0;2;5;16;A01
201500044139;0;1;0;0;2;1;16;B01
201500044140;0;1;0;0;2;2;1;B01
201500044140;0;7;0;0;2;3;9;A01
201500044141;0;7;0;0;1;1;1;A01
201500044142;0;1;0;0;2;7;1;B01
201500044142;0;7;0;0;2;1;15;A01
201500044143;0;7;0;0;2;4;23;B01
201500044143;0;30;0;0;2;1;1;A01
201500044144;0;7;0;0;1;1;1;A01
201500044145;0;1;0;1;0;1;1;A01
201500044145;0;7;0;0;2;4;23;B01
201500044146;0;34;0;0;2;1;1;B01
201500044146;0;7;0;0;2;3;15;A01
201500044147;0;7;0;0;2;3;15;A01
201500044147;0;2;0;0;2;1;1;B01
201500044148;0;7;0;0;2;1;9;B01
201500044148;0;7;0;0;2;3;1;A01
201500044149;0;7;0;0;2;4;2;A01
201500044149;0;7;0;0;2;1;1;B01
201500044150;0;7;0;0;1;1;16;A01
201500044151;0;7;0;0;1;1;16;A01
201500044152;0;7;0;0;2;3;1;B01
201500044152;0;7;0;0;2;3;15;A01
201500044153;0;7;0;0;2;2;1;B01
201500044153;0;7;0;0;2;3;19;A01
201500044154;0;7;0;0;1;1;1;A01
201500044155;0;7;0;1;0;1;1;A01
201500044156;0;7;0;0;1;1;1;A01
201500044157;0;10;0;0;1;1;16;A01
201500044158;0;30;0;0;2;1;1;B01
201500044158;0;7;0;0;2;1;13;A01
201500044159;0;7;0;0;2;4;2;A01
201500044159;0;13;0;0;2;1;1;B01
201500044160;0;7;0;0;1;1;1;A01
201500044161;0;7;0;0;1;1;1;A01
201500044162;0;7;0;0;1;3;1;A01
201500044163;0;33;0;0;2;4;2;B01
201500044163;0;7;0;0;2;1;1;A01
201500044163;0;7;0;0;2;2;1;C01
201500044164;0;7;0;0;1;1;1;A01
201500044165;0;7;0;0;1;1;1;A01
201500044166;0;7;0;0;2;1;1;A01
201500044166;0;7;0;0;2;8;16;B01
201500044167;0;7;0;0;1;3;1;A01
201500044168;0;2;0;0;2;1;1;A01
201500044168;0;7;0;0;2;3;1;B01
201500044169;0;7;0;0;2;8;15;A01
201500044169;1;7;0;0;2;1;1;Z01
201500044170;0;7;0;12;0;9;19;A01
201500044171;0;7;0;8;2;3;5;A01
201500044171;0;7;0;6;2;2;1;B01
201500044172;0;7;0;2;0;1;21;A01
201500044173;0;7;0;0;1;1;1;A01
201500044174;0;7;0;0;1;1;1;A01
201500044175;0;7;0;0;1;1;1;A01
201500044176;0;7;0;0;2;3;13;A01
201500044176;0;7;0;0;2;3;1;B01
201500044177;0;7;0;0;1;1;1;A01
201500044178;0;3;0;1;0;1;1;B01
201500044179;0;33;0;15;2;9;17;A01
201500044179;0;17;0;0;2;3;15;B01
201500044180;0;7;0;0;1;1;16;A01
201500044181;1;7;0;0;1;0;0;Z01
201500044182;1;7;0;0;1;0;0;Z01
201500044183;0;30;0;0;2;2;17;A01
201500044183;0;7;0;0;2;3;15;B01
201500044184;0;7;0;0;2;7;1;A01
201500044184;0;7;0;0;2;2;9;B01
201500044185;0;7;0;16;0;1;13;A01
201500044186;1;7;0;0;2;0;1;Z01
201500044186;0;7;0;0;2;4;2;A01
201500044187;0;7;0;0;1;3;1;A01
201500044188;0;31;0;0;2;3;1;A01
201500044188;0;7;0;0;2;6;2;B01
201500044189;0;7;0;0;2;1;23;B01
201500044189;0;7;0;2;2;7;21;A01
201500044190;1;7;0;0;0;0;0;Z01
201500044190;0;7;0;0;2;1;1;A01
201500044191;0;7;0;0;2;5;24;B01
201500044191;0;33;0;1;0;1;14;A01
201500044192;0;7;0;0;1;3;1;A01
201500044193;0;7;0;0;1;1;1;A01
201500044194;0;7;0;0;2;7;1;A01
201500044194;0;1;0;0;2;1;1;B01
201500044195;0;7;0;0;2;3;15;A01
201500044195;0;1;0;0;2;7;17;B01
201500044196;0;7;0;0;1;1;16;A01
201500044197;0;33;0;0;1;3;1;A01
201500044198;0;10;0;0;1;1;1;A01
201500044199;0;15;0;0;1;1;1;A01
201500044200;0;7;0;0;1;7;17;A01
201500044201;0;34;0;0;2;1;1;B01
201500044201;0;7;0;0;2;5;4;A01
201500044202;0;7;0;0;1;2;1;A01
201500044203;0;7;0;0;1;2;1;A01
201500044204;0;10;0;0;1;1;1;A01
201500044205;0;7;0;0;1;1;1;A01
201500044206;0;7;0;0;2;1;13;A01
201500044206;0;7;0;0;2;2;1;B01
201500044207;0;7;0;0;2;3;1;A01
201500044207;0;7;0;0;2;3;13;B01
201500044208;0;7;0;0;2;3;1;A01
201500044208;0;7;0;0;2;2;1;B01
201500044209;0;7;0;0;1;1;1;A01
201500044210;1;7;0;0;2;1;1;Z01
201500044210;0;1;0;0;2;2;1;A01
201500044211;0;7;0;0;2;4;23;A01
201500044211;0;7;0;0;2;1;1;B01
201500044212;0;7;0;0;2;1;1;A01