num_acc;senc;catv;occutc;obs;obsm;choc;manv;num_veh
201500044212;0;7;0;7;2;7;15;B01
201500044213;0;15;0;0;2;3;9;B01
201500044213;0;7;0;0;2;2;1;A01
201500044214;0;7;0;0;2;4;2;A01
201500044214;0;7;0;0;0;1;1;B01
201500044215;0;7;0;1;0;4;24;B01
201500044215;0;7;0;1;0;4;24;C01
201500044215;0;7;0;1;0;1;1;A01
201500044216;0;7;0;15;2;7;1;B01
201500044216;0;7;0;0;2;1;1;A01
201500044217;1;33;0;0;2;1;1;A01
201500044217;0;7;0;0;2;6;2;B01
201500044218;0;7;0;0;2;4;2;B01
201500044218;0;7;0;0;2;4;2;C01
201500044218;0;7;0;0;2;4;23;A01
201500044218;0;7;0;0;2;1;1;D01
201500044219;0;2;0;11;0;3;6;A01
201500044220;0;7;0;0;1;3;1;A01
201500044221;0;7;0;0;2;9;2;C01
201500044221;0;7;0;0;2;4;2;A01
201500044221;0;7;0;0;2;1;1;B01
201500044222;0;7;0;0;1;2;15;A01
201500044223;0;33;0;0;2;1;1;B01
201500044223;0;7;0;0;2;6;10;A01
201500044224;0;7;0;0;1;1;1;A01
201500044225;0;7;0;0;2;4;2;C01
201500044225;0;7;0;0;2;1;2;B01
201500044225;0;7;0;1;1;1;1;A01
201500044226;0;2;0;0;2;3;3;B01
201500044226;0;7;0;0;2;7;1;A01
201500044227;0;33;0;0;2;1;1;B01
201500044227;0;7;0;0;2;7;15;A01
201500044228;0;2;0;0;2;1;1;A01
201500044228;0;7;0;0;2;3;10;B01
201500044229;0;7;0;0;1;2;1;A01
201500044230;0;31;0;0;2;1;1;B01
201500044230;0;7;0;0;2;2;15;A01
201500044231;0;7;0;0;1;1;1;A01
201500044232;0;7;0;0;2;8;11;A01
201500044232;0;7;0;0;2;1;1;B01
201500044233;0;7;0;0;2;2;15;A01
201500044233;0;30;0;0;2;1;1;B01
201500044234;0;7;0;0;2;3;1;A01
201500044234;0;7;0;0;2;2;12;B01
201500044235;0;7;0;12;0;9;17;A01
201500044236;0;7;0;0;2;2;1;C01
201500044236;0;7;0;0;2;1;1;B01
201500044236;0;2;0;0;2;7;3;A01
201500044237;0;7;0;0;2;1;1;A01
201500044237;0;7;0;0;2;2;15;B01
201500044238;0;33;0;0;2;1;1;B01
201500044238;0;7;0;0;2;7;15;A01
201500044239;0;7;0;0;2;1;15;A01
201500044239;0;33;0;0;2;3;1;B01
201500044239;0;7;0;0;2;4;1;C01
201500044240;0;32;0;0;2;1;1;B01
201500044240;0;7;0;0;2;8;10;A01
201500044241;0;7;0;0;1;1;1;A01
201500044242;0;31;0;0;2;1;1;B01
201500044242;0;31;0;0;2;8;15;A01
201500044243;0;7;0;0;1;4;4;A01
201500044244;0;3;0;0;1;8;4;A01
201500044245;0;33;0;0;2;1;17;B01
201500044245;0;7;0;0;2;8;10;A01
201500044246;0;7;0;0;1;1;1;A01
201500044247;0;30;0;0;2;1;1;A01
201500044247;0;7;0;0;2;4;2;B01
201500044248;0;7;0;0;1;3;1;A01
201500044249;1;10;0;0;2;0;1;Z01
201500044249;0;7;0;0;2;8;15;A01
201500044250;0;7;0;0;2;8;1;B01
201500044250;0;7;0;0;2;3;1;A01
201500044251;0;7;0;0;2;1;1;C01
201500044251;0;7;0;0;2;3;1;B01
201500044251;0;7;0;0;2;3;13;A01
201500044252;1;7;0;0;1;1;1;Z01
201500044253;0;7;0;0;1;7;1;A01
201500044254;0;7;0;0;1;2;1;A01
201500044255;0;10;0;4;0;1;0;A01
201500044256;0;33;0;0;2;1;1;A01
201500044256;0;10;0;0;2;4;2;B01
201500044257;0;7;0;0;2;4;2;C01
201500044257;0;7;0;0;2;1;1;A01
201500044257;0;7;0;0;2;1;2;B01
201500044258;0;33;0;12;0;1;14;A01
201500044259;0;13;0;0;0;1;13;A01
201500044259;0;7;0;0;0;1;1;B01
201500044260;0;7;0;0;2;4;2;A01
201500044260;0;7;0;0;2;1;2;E01
201500044260;0;7;0;0;2;1;2;C01
201500044260;0;7;0;0;2;1;2;D01
201500044260;0;7;0;0;2;1;2;B01
201500044261;0;7;0;4;2;9;1;B01
201500044261;0;38;1;0;2;5;2;A01
201500044262;0;7;0;0;2;3;1;A01
201500044262;0;7;0;0;2;5;15;B01
201500044263;0;7;0;0;2;5;2;B01
201500044263;0;7;0;0;2;1;1;A01
201500044264;0;7;0;3;0;8;1;A01
201500044265;0;7;0;0;0;3;1;B01
201500044265;0;7;0;0;0;1;13;A01
201500044266;0;7;0;8;0;0;0;A01
201500044267;0;7;0;6;0;3;1;A01
201500044268;0;7;0;14;0;3;13;A01
201500044269;0;7;0;0;2;3;1;A01
201500044269;0;33;0;0;2;5;14;B01
201500044270;0;10;0;0;2;1;1;A01
201500044270;0;3;0;0;2;3;1;B01
201500044271;0;10;0;14;0;1;1;A01
201500044272;0;33;0;16;0;9;1;A01
201500044273;0;15;0;0;2;6;10;A01
201500044273;0;31;0;0;2;1;1;B01
201500044274;0;7;0;0;2;5;2;A01
201500044274;2;7;0;0;2;3;1;Z01
201500044275;0;10;0;5;0;3;13;A01
201500044276;0;7;0;0;2;5;2;B01
201500044276;0;7;0;0;2;4;12;A01
201500044277;0;7;0;0;2;3;9;A01
201500044277;0;7;0;0;2;3;1;B01
201500044278;0;10;0;3;0;3;13;A01
201500044279;0;7;0;0;2;4;2;C01
201500044279;0;7;0;0;2;1;1;A01
201500044279;0;7;0;0;2;4;2;B01
201500044280;0;30;0;16;0;9;1;A01
201500044281;0;7;0;0;1;1;1;A01
201500044282;0;7;0;3;0;0;0;A01
201500044283;0;7;0;0;2;8;17;A01
201500044283;0;17;0;0;2;3;1;B01
201500044284;0;7;0;15;0;3;15;A01
201500044285;0;7;0;11;0;1;1;A01
201500044286;0;7;0;0;2;4;2;A01
201500044286;1;7;0;0;2;2;1;Z01
201500044287;0;7;0;6;0;6;13;A01
201500044288;0;10;0;0;2;1;2;A01
201500044288;0;31;0;0;2;1;2;B01
201500044289;0;7;0;0;0;4;23;B01
201500044289;0;31;0;0;2;1;2;A01
201500044290;0;15;0;0;2;2;0;B01
201500044290;0;7;0;3;0;4;2;A01
201500044291;0;7;0;0;2;2;1;B01
201500044291;0;7;0;0;2;4;2;A01
201500044292;0;7;0;0;2;1;5;A01
201500044292;0;7;0;0;2;8;1;B01
201500044293;0;7;0;0;2;4;23;B01
201500044293;0;7;0;0;2;1;1;C01
201500044293;0;7;0;0;2;4;23;A01
201500044294;0;7;0;0;1;1;1;A01
201500044295;0;37;2;0;2;2;1;B01
201500044295;0;7;0;0;2;6;11;A01
201500044296;0;10;0;7;0;1;14;A01
201500044297;0;7;0;0;0;4;2;B01
201500044297;0;7;0;0;2;1;1;A01
201500044298;0;7;0;0;2;9;2;B01
201500044298;0;7;0;0;2;4;2;C01
201500044298;0;15;0;0;2;1;1;D01
201500044298;0;7;0;0;2;9;1;A01
201500044299;0;7;0;0;2;1;1;A01
201500044299;0;7;0;0;2;4;2;B01
201500044300;0;30;0;0;1;1;1;A01
201500044301;0;7;0;0;1;3;1;A01
201500044302;0;7;0;14;0;1;1;A01
201500044303;0;7;0;0;2;8;10;A01
201500044303;0;31;0;0;2;1;1;B01
201500044304;0;7;0;0;2;4;2;A01
201500044304;0;7;0;0;2;1;1;B01
201500044305;1;2;0;0;1;1;1;Z01
201500044306;0;7;0;0;1;1;1;A01
201500044307;0;10;0;0;1;1;16;A01
201500044308;0;34;0;8;2;3;1;A01
201500044308;0;10;0;0;2;4;2;B01
201500044309;0;37;2;0;2;1;13;A01
201500044309;1;7;0;0;0;3;13;Z01
201500044310;0;7;0;9;0;1;14;A01
201500044311;0;7;0;0;1;1;15;A01
201500044312;0;1;0;16;0;1;13;A01
201500044313;0;7;0;0;0;6;14;A01
201500044314;1;7;0;0;2;0;17;Z01
201500044314;0;7;0;0;2;3;1;A01
201500044315;0;7;0;0;2;6;2;C01
201500044315;0;7;0;0;2;1;1;A01
201500044315;0;7;0;0;2;5;2;B01
201500044316;0;30;0;16;0;9;1;A01
201500044317;1;31;0;0;1;0;0;Z01
201500044318;0;7;0;0;1;2;17;A01
201500044319;0;7;0;0;2;2;2;C01
201500044319;0;7;0;0;2;1;5;A01
201500044319;0;7;0;0;2;1;1;B01
201500044320;0;30;0;0;2;1;17;B01
201500044320;0;7;0;0;2;1;1;A01
201500044321;0;30;0;0;2;1;1;A01
201500044321;0;7;0;0;2;8;1;B01
201500044322;0;7;0;0;1;1;1;A01
201500044323;1;2;0;0;1;1;1;Z01
201500044324;0;7;0;0;2;3;1;A01
201500044324;0;33;0;0;2;1;5;B01
201500044325;0;7;0;0;1;2;21;A01
201500044326;0;7;0;0;1;1;1;B01
201500044326;0;7;0;0;2;1;21;A01
201500044327;0;7;0;0;1;1;1;A01
201500044328;0;7;0;0;2;3;15;A01
201500044328;0;34;0;8;2;1;17;B01
201500044329;0;7;0;0;2;1;1;A01
201500044329;0;7;0;0;2;4;2;B01
201500044330;0;7;0;0;1;1;1;A01
201500044331;1;2;0;0;1;1;1;Z01
201500044332;0;7;0;12;1;1;16;A01
201500044333;0;7;0;0;1;2;1;A01
201500044334;0;10;0;0;2;3;1;C01
201500044334;0;7;0;0;2;3;1;B01
201500044334;0;7;0;0;2;2;10;A01
201500044335;0;7;0;14;0;2;21;A01
201500044336;0;7;0;2;0;1;1;A01
201500044337;0;33;0;0;2;1;1;B01
201500044337;0;7;0;0;2;3;16;A01
201500044338;0;7;0;0;2;1;1;A01
201500044338;0;7;0;0;0;4;2;B01
201500044339;0;1;0;0;1;1;1;A01
201500044340;0;7;0;0;1;1;1;A01
201500044341;0;7;0;0;1;3;1;A01
201500044342;0;10;0;0;2;1;1;A01
201500044342;0;13;0;0;2;4;2;B01
201500044343;0;7;0;0;2;1;1;B01
201500044343;0;7;0;0;2;3;1;A01
201500044344;0;7;0;0;1;3;1;A01
201500044345;0;7;0;0;1;1;1;A01
201500044346;0;7;0;0;1;1;1;A01
201500044347;0;7;0;0;2;1;1;A01
201500044347;0;34;0;0;2;4;2;B01
201500044348;0;34;0;16;0;2;1;A01
201500044349;0;7;0;0;2;4;2;B01
201500044349;0;10;0;0;2;1;1;A01
201500044350;0;7;0;0;2;4;2;B01
201500044350;0;7;0;0;2;1;1;A01
201500044351;0;7;0;0;1;1;1;A01
201500044352;0;31;0;0;2;1;1;B01
201500044352;0;7;0;0;2;3;15;A01
201500044353;0;7;0;0;1;1;1;A01
201500044354;0;7;0;0;1;1;1;A01
201500044355;0;7;0;0;1;2;1;A01
201500044356;0;10;0;0;2;1;1;A01
201500044356;0;10;0;0;2;3;13;B01
201500044357;0;7;0;0;1;1;11;A01
201500044358;0;7;0;0;2;1;1;A01
201500044358;0;7;0;0;0;4;2;C01
201500044358;0;7;0;0;2;4;2;B01
201500044359;1;7;0;0;0;1;1;Z01
201500044359;0;7;0;0;9;4;2;B01
201500044359;0;7;0;0;2;4;2;A01
201500044360;0;7;0;0;1;3;1;A01
201500044361;0;7;0;0;1;1;1;A01
201500044362;0;7;0;0;1;3;1;A01
201500044363;0;7;0;0;2;8;1;B01
201500044363;0;1;0;0;2;3;17;A01
201500044364;0;7;0;0;1;2;1;A01
201500044365;0;7;0;0;2;1;1;B01
201500044365;0;10;0;0;2;4;2;A01
201500044366;0;7;0;0;2;4;23;B01
201500044366;0;7;0;1;0;1;21;A01
201500044367;0;33;0;0;2;1;21;B01
201500044367;0;7;0;0;2;5;17;A01
201500044368;0;7;0;0;1;1;1;A01
201500044369;0;33;0;0;2;7;15;A01
201500044369;0;7;0;0;2;1;9;B01
201500044370;0;7;0;0;1;1;1;A01
201500044371;0;1;0;0;2;1;1;B01
201500044371;0;7;0;0;2;1;15;A01
201500044372;0;7;0;0;2;3;1;B01
201500044372;0;31;0;0;2;7;1;A01
201500044373;0;30;0;0;2;7;1;A01
201500044373;0;7;0;0;2;3;15;B01
201500044374;0;7;0;0;1;1;1;A01
201500044375;0;7;0;0;2;3;5;A01
201500044375;0;7;0;14;2;2;1;B01
201500044376;0;7;0;0;2;2;15;A01
201500044376;0;31;0;0;2;1;1;B01
201500044377;0;7;0;0;1;1;16;A01
201500044378;0;7;0;0;1;1;1;A01
201500044379;1;7;0;0;2;1;1;Z01
201500044379;0;7;0;6;2;7;1;A01
201500044380;0;7;0;0;2;2;1;A01
201500044380;0;7;0;0;2;3;1;B01
201500044381;0;7;0;0;0;5;24;B01
201500044381;0;7;0;1;0;2;1;A01
201500044382;0;7;0;15;0;3;9;A01
201500044383;0;14;0;0;2;1;20;A01
201500044383;0;33;0;0;2;1;1;B01
201500044384;0;7;0;0;2;3;15;A01
201500044384;0;1;0;0;2;8;1;B01
201500044385;0;7;0;0;2;8;10;A01
201500044385;0;33;0;0;2;1;3;B01
201500044386;0;2;0;0;2;1;1;A01
201500044386;0;7;0;0;2;4;1;B01
201500044387;0;7;0;0;2;3;0;A01
201500044387;0;34;0;0;2;2;1;B01
201500044388;0;7;0;0;2;2;13;A01
201500044388;0;7;0;0;2;6;20;B01
201500044389;0;7;0;0;2;2;1;B01
201500044389;0;7;0;0;2;3;15;A01
201500044390;0;7;0;0;2;3;1;A01
201500044390;0;7;0;0;2;5;9;B01
201500044391;0;7;0;0;2;1;1;A01
201500044391;0;7;0;0;2;8;9;B01
201500044392;0;33;0;0;0;0;0;A01
201500044393;0;30;0;0;2;1;1;A01
201500044393;0;7;0;0;2;8;17;B01
201500044394;0;33;0;11;0;1;17;A01
201500044395;0;7;0;0;1;2;1;A01
201500044396;0;33;0;0;0;0;1;A01
201500044397;0;7;0;0;2;3;9;A01
201500044397;0;31;0;0;2;1;1;B01
201500044398;0;7;0;0;2;8;9;A01
201500044398;0;31;0;0;2;0;1;B01
201500044399;0;31;0;0;2;1;1;A01
201500044399;0;7;0;0;2;4;1;B01
201500044400;0;33;0;0;2;7;1;B01
201500044400;0;7;0;0;2;3;9;A01
201500044401;0;20;0;0;2;2;5;A01
201500044401;0;20;0;0;2;1;15;B01
201500044402;0;7;0;0;9;1;1;A01
201500044402;0;31;0;1;0;1;1;B01
201500044403;0;7;0;0;1;6;1;A01
201500044404;0;33;0;3;0;3;1;A01
201500044405;0;33;0;0;2;0;1;A01
201500044405;0;7;0;0;2;8;15;B01
201500044406;0;7;0;0;6;1;1;A01
201500044407;0;31;0;0;2;0;1;A01
201500044407;0;7;0;0;2;5;9;B01
201500044408;0;7;0;0;2;2;9;A01
201500044408;0;33;0;1;2;1;1;B01
201500044408;0;37;1;0;2;4;24;C01
201500044409;0;31;0;0;2;1;1;B01
201500044409;1;2;0;0;0;0;0;Z01
201500044410;0;32;0;0;0;0;1;A01
201500044411;0;7;0;0;2;1;1;A01
201500044411;0;7;0;0;2;4;23;B01
201500044412;0;7;0;0;1;1;1;A01
201500044413;0;33;0;0;2;0;1;B01
201500044413;0;32;0;0;2;1;9;A01
201500044414;0;7;0;0;2;3;15;A01
201500044414;0;32;0;0;2;1;17;B01
201500044415;0;7;0;0;2;1;13;A01
201500044415;0;33;0;0;2;0;1;B01
201500044415;0;7;0;0;2;1;1;C01
201500044415;0;7;0;0;2;5;1;D01
201500044416;0;33;0;0;2;2;12;A01
201500044416;0;7;0;0;2;3;0;B01
201500044417;0;7;0;0;2;3;13;A01
201500044417;0;7;0;0;0;0;0;B01
201500044418;0;7;0;0;1;1;0;A01
201500044419;0;30;0;0;2;3;7;A01
201500044419;0;7;0;0;0;0;0;B01
201500044420;0;33;0;0;0;0;0;B01
201500044420;1;10;0;0;2;1;1;Z01
201500044421;0;33;0;0;2;3;1;A01
201500044421;0;7;0;0;2;5;9;B01
201500044422;0;31;0;0;2;6;1;B01
201500044422;0;7;0;0;2;2;9;A01
201500044423;0;34;0;0;1;0;1;A01
201500044424;0;7;0;0;2;3;15;A01
201500044424;0;33;0;0;2;1;17;B01
201500044425;0;7;0;0;2;8;11;A01
201500044425;0;33;0;3;2;7;1;B01
201500044426;0;7;0;0;1;1;1;A01
201500044427;0;2;0;0;1;3;17;A01
201500044428;0;7;0;0;2;1;13;A01
201500044428;0;7;0;0;2;3;1;B01
201500044429;0;7;0;0;1;0;1;A01
201500044430;0;7;0;0;2;8;23;B01
201500044430;0;7;0;0;2;8;23;C01
201500044430;0;7;0;0;2;4;24;D01
201500044430;0;7;0;0;2;5;1;E01
201500044430;1;7;0;0;2;0;1;Z01
201500044431;0;7;0;0;1;1;1;A01
201500044432;0;33;0;0;2;1;17;A01
201500044432;0;7;0;0;2;8;15;B01
201500044433;1;1;0;0;1;0;0;Z01
201500044434;0;7;0;0;1;1;1;A01
201500044435;0;33;0;0;1;3;1;A01
201500044436;0;30;0;0;2;1;1;B01
201500044436;0;7;0;0;2;3;9;A01
201500044437;0;7;0;0;2;3;24;A01
201500044437;0;2;0;0;0;0;0;B01
201500044438;0;2;0;0;2;0;1;A01
201500044438;0;14;0;0;2;0;15;B01
201500044439;0;2;0;16;0;0;1;B01
201500044440;0;7;0;0;1;3;15;A01
201500044441;0;1;0;0;1;1;1;A01
201500044442;0;7;0;1;1;1;1;A01
201500044443;0;7;0;0;1;4;4;A01
201500044444;0;32;0;8;0;1;5;A01
201500044445;0;7;0;4;0;1;1;A01
201500044446;0;7;0;4;0;1;1;A01
201500044447;0;7;0;0;2;6;0;A01
201500044447;2;7;0;0;2;1;2;B01
201500044448;0;7;0;0;0;0;13;A01
201500044448;0;7;0;4;0;1;1;B01
201500044449;0;7;0;0;2;4;23;A01
201500044449;0;7;0;0;2;1;2;B01
201500044450;0;7;0;0;2;4;1;A01
201500044450;1;7;0;0;2;1;2;Z01
201500044451;0;33;0;0;0;3;1;A01
201500044452;0;31;0;0;0;8;3;A01
201500044453;0;7;0;4;2;8;1;A01
201500044454;0;7;0;0;2;4;1;A01
201500044454;0;7;0;0;2;9;2;B01
201500044454;0;7;0;0;2;9;2;C01
201500044454;0;7;0;0;2;1;2;D01
201500044455;0;7;0;0;2;4;1;A01
201500044455;0;7;0;0;2;9;2;B01
201500044455;0;10;0;0;2;1;2;C01
201500044456;0;99;0;0;2;5;2;A01
201500044456;0;10;0;0;2;1;2;B01
201500044457;0;7;0;0;2;4;1;A01
201500044457;0;7;0;0;2;1;2;B01
201500044458;0;33;0;3;0;7;13;A01
201500044459;0;7;0;4;0;1;1;A01
201500044460;0;7;0;0;2;3;11;A01
201500044460;0;34;0;0;2;1;3;B01
201500044461;0;7;0;0;0;0;0;A01
201500044461;0;33;0;0;2;0;0;B01
201500044462;0;15;0;0;2;5;1;A01
201500044462;0;10;0;0;2;3;14;B01
201500044463;0;33;0;0;2;8;1;A01
201500044463;0;10;0;0;2;5;1;C01
201500044463;0;7;0;0;2;8;11;B01
201500044463;0;10;0;0;2;4;1;D01
201500044464;0;7;0;0;2;8;1;A01
201500044464;0;17;0;0;2;2;17;B01
201500044464;0;10;0;0;2;7;21;C01
201500044464;0;16;0;0;2;8;13;D01
201500044465;0;31;0;0;2;4;1;A01
201500044465;0;10;0;0;2;1;2;B01
201500044466;0;7;0;3;0;1;1;A01
201500044467;0;33;0;0;2;3;3;A01
201500044467;0;7;0;0;9;7;1;B01
201500044467;0;7;0;0;9;4;2;C01
201500044468;0;7;0;0;2;4;23;A01
201500044468;0;7;0;1;2;1;12;B01
201500044468;0;10;0;0;2;7;21;C01
201500044469;0;7;0;4;0;1;1;A01
201500044470;0;7;0;0;0;0;0;A01
201500044470;0;7;0;0;0;0;0;B01
201500044470;0;7;0;0;2;1;2;C01
201500044471;0;7;0;0;2;4;1;A01
201500044471;0;7;0;0;2;0;0;B01
201500044472;0;7;0;0;2;6;1;A01
201500044472;0;33;0;0;2;1;3;B01
201500044472;0;33;0;0;2;4;3;C01
201500044473;0;7;0;2;0;1;0;A01
201500044474;0;7;0;4;0;1;1;A01
201500044475;0;7;0;4;0;1;1;A01
201500044476;0;7;0;4;9;3;13;A01
201500044476;0;7;0;14;0;1;1;E01
201500044476;0;34;0;4;2;7;1;C01
201500044476;0;7;0;16;0;0;0;H02
201500044476;0;7;0;16;0;0;0;G02
201500044476;0;7;0;0;2;1;1;D01
201500044476;0;7;0;0;2;3;1;F02
201500044476;0;7;0;14;0;2;1;I02
201500044476;0;7;0;0;2;8;2;B01
201500044477;0;7;0;0;2;7;1;A01
201500044477;0;13;0;0;2;3;9;B01
201500044478;0;10;0;0;0;4;2;A01
201500044478;0;7;0;0;2;1;2;B01
201500044479;0;7;0;0;2;4;1;A01
201500044479;0;7;0;0;2;9;2;B01
201500044479;0;7;0;0;2;1;2;C01
201500044480;0;7;0;0;2;1;9;A01
201500044480;0;31;0;0;2;7;1;B01
201500044481;2;7;0;0;2;1;1;A01
201500044481;0;7;0;0;2;6;1;B01
201500044481;0;7;0;0;2;5;1;C01
201500044482;0;14;0;0;2;1;2;A01
201500044482;0;7;0;0;2;9;2;B01
201500044482;0;7;0;0;2;4;1;C01
201500044483;0;7;0;6;0;1;1;A01
201500044484;0;7;0;0;2;8;1;A01
201500044484;0;17;0;0;2;2;12;B01
201500044485;0;31;0;0;2;8;1;A01
201500044485;1;15;0;0;2;5;12;Z01
201500044486;0;10;0;0;2;1;2;A01
201500044486;0;7;0;0;2;4;2;B01
201500044486;0;7;0;0;2;4;2;C01
201500044486;0;7;0;0;2;4;2;D01
201500044487;0;10;0;0;2;4;1;A01
201500044487;0;33;0;0;2;1;2;B01
201500044488;0;7;0;4;0;2;1;A01
201500044489;0;7;0;0;2;5;2;A01
201500044489;0;7;0;0;2;3;2;B01
201500044489;0;33;0;0;2;1;2;C01
201500044490;0;7;0;4;0;0;0;A01
201500044491;0;33;0;4;0;7;1;A01
201500044492;0;7;0;0;2;4;23;A01
201500044492;0;7;0;0;2;1;2;C01
201500044492;0;7;0;0;2;9;2;B01
201500044493;0;31;0;0;0;8;1;A01
201500044494;0;7;0;0;2;1;2;A01
201500044494;0;7;0;0;2;4;2;B01
201500044495;0;7;0;0;2;8;1;A01
201500044495;0;15;0;0;2;2;12;B01
201500044496;0;7;0;1;2;1;1;B01
201500044496;0;14;0;0;2;3;21;C01
201500044496;0;7;0;4;0;1;13;A01
201500044497;0;7;0;0;2;1;1;C01
201500044497;0;7;0;0;2;6;1;A01
201500044497;0;7;0;0;2;9;1;B01
201500044498;0;7;0;4;2;3;0;C01
201500044498;0;7;0;0;2;7;1;A01
201500044498;0;7;0;0;2;0;1;B01
201500044499;0;34;0;0;2;1;3;B01
201500044499;0;7;0;0;2;6;11;A01
201500044500;0;7;0;0;2;1;2;A01
201500044500;0;7;0;0;2;5;1;B01
201500044501;0;7;0;0;2;1;1;A01
201500044501;0;10;0;0;2;4;1;B01
201500044502;0;7;0;4;0;3;21;A01
201500044503;0;7;0;0;2;4;2;A01
201500044503;0;7;0;0;2;1;2;C01
201500044503;0;7;0;0;2;4;2;B01
201500044504;0;7;0;0;2;8;1;A01
201500044504;0;7;0;0;2;2;14;B01
201500044505;0;7;0;0;2;1;2;A01
201500044505;0;7;0;0;2;4;2;B01
201500044506;0;7;0;0;2;4;2;A01
201500044506;0;7;0;0;2;1;2;B01
201500044507;0;7;0;4;0;0;0;A01
201500044508;0;7;0;0;0;9;13;A01
201500044509;0;7;0;4;0;1;1;A01
201500044510;0;7;0;0;2;6;1;A01
201500044510;1;15;0;0;2;2;12;Z01
201500044511;0;7;0;0;2;4;1;A01
201500044511;0;31;0;0;2;3;2;B01
201500044512;0;7;0;0;0;7;12;A01
201500044512;0;33;0;0;2;1;3;B01
201500044513;0;7;0;0;2;5;12;A01
201500044513;0;34;0;0;2;1;3;B01
201500044514;0;14;0;0;2;4;2;A01
201500044514;0;15;0;0;2;1;2;B01
201500044515;0;7;0;0;2;4;1;A01
201500044515;0;34;0;0;2;1;2;B01
201500044516;0;7;0;0;2;0;0;A01
201500044516;0;7;0;0;2;0;0;B01
201500044516;0;7;0;0;2;0;0;C01
201500044517;0;10;0;1;0;4;0;B01
201500044517;0;7;0;1;0;1;2;D01
201500044517;0;10;0;1;0;4;0;C01
201500044517;0;10;0;0;9;4;0;A01
201500044518;0;33;0;0;0;8;1;A01
201500044519;0;15;0;3;0;3;0;A01
201500044520;0;7;0;0;2;1;1;A01
201500044520;0;7;0;0;2;5;1;B01
201500044520;0;7;0;0;0;6;1;C01
201500044521;0;7;0;0;2;1;1;D01
201500044521;0;10;0;0;2;1;1;E01
201500044521;0;7;0;0;2;8;1;B01
201500044521;0;7;0;0;2;2;14;A01
201500044521;0;7;0;0;2;4;1;C01
201500044522;0;15;0;0;2;2;14;B01
201500044522;0;7;0;0;2;6;1;A01
201500044523;0;7;0;0;2;4;23;A01
201500044523;0;7;0;0;2;8;21;B01
201500044523;0;7;0;0;2;1;2;C01
201500044523;0;7;0;0;2;1;1;D01
201500044524;0;7;0;4;0;3;17;A01
201500044525;0;7;0;4;0;3;1;A01
201500044526;0;7;0;4;0;1;1;A01
201500044527;0;7;0;0;2;7;1;D01
201500044527;0;10;0;0;2;3;1;B01
201500044527;0;33;0;0;2;7;21;C01
201500044527;0;7;0;3;0;1;1;A01
201500044528;2;7;0;0;2;0;0;B01
201500044528;1;31;0;0;2;8;0;A01
201500044529;0;30;0;0;0;0;0;A01
201500044530;0;31;0;0;0;7;3;A01
201500044531;0;7;0;3;0;8;1;A01
201500044532;0;7;0;4;0;1;0;A01
201500044533;0;7;0;4;0;1;0;A01
201500044534;0;7;0;0;2;1;2;A01
201500044534;0;7;0;0;0;6;2;B01
201500044535;0;7;0;0;2;4;23;A01
201500044535;0;7;0;0;2;4;23;B01
201500044535;0;7;0;0;2;4;23;C01
201500044535;0;7;0;0;2;1;2;D01
201500044536;0;7;0;4;0;1;9;A01
201500044537;0;7;0;4;0;4;1;A01
201500044538;0;7;0;0;2;4;1;C01
201500044538;0;7;0;0;2;9;2;B01
201500044538;0;7;0;0;2;1;2;A01
201500044539;0;7;0;15;0;1;1;A01
201500044540;0;7;0;0;2;1;2;A01
201500044540;0;7;0;0;2;4;2;B01
201500044540;0;7;0;0;2;4;0;C01
201500044541;0;7;0;4;0;2;1;A01
201500044542;0;14;0;0;2;6;23;A01
201500044542;0;10;0;0;2;2;14;B01
201500044543;0;15;0;0;2;4;1;A01
201500044543;0;10;0;0;2;1;2;B01
201500044544;0;10;0;0;2;2;14;A01
201500044544;0;7;0;0;0;6;1;B01
201500044544;0;7;0;0;0;0;0;T01
201500044545;0;7;0;4;0;3;1;A01
201500044546;0;7;0;0;2;4;1;C01
201500044546;0;33;0;0;2;7;3;A01
201500044546;0;7;0;0;2;8;11;B01
201500044547;0;7;0;0;2;6;1;B01
201500044547;0;7;0;0;2;3;11;A01
201500044548;0;7;0;0;2;1;2;C01
201500044548;0;7;0;0;2;4;1;A01
201500044548;0;7;0;0;2;9;2;B01
201500044549;0;7;0;4;2;8;11;A01
201500044549;0;7;0;0;2;2;1;B01
201500044550;0;7;0;4;0;9;0;A01
201500044551;0;33;0;0;2;8;1;A01
201500044551;0;7;0;0;2;7;12;B01
201500044552;0;7;0;0;2;3;11;B01
201500044552;0;7;0;0;2;7;1;C01
201500044552;0;33;0;0;2;2;3;A01
201500044552;0;7;0;0;2;5;1;D01
201500044553;0;10;0;0;2;4;2;A01
201500044553;0;10;0;0;2;4;2;B01
201500044553;0;38;1;0;2;1;2;C01
201500044554;0;7;0;0;2;4;2;A01
201500044554;0;7;0;0;2;1;2;B01
201500044554;0;7;0;0;2;1;2;C01
201500044555;0;33;0;0;2;1;3;C01
201500044555;0;7;0;0;2;3;12;A01
201500044555;0;7;0;0;2;5;1;B01
201500044556;0;7;0;0;2;8;11;A01
201500044556;0;33;0;0;2;2;3;B01
201500044557;0;33;0;0;2;2;14;A01
201500044558;0;7;0;0;2;4;2;A01
201500044558;0;7;0;0;2;1;2;B01
201500044558;0;7;0;0;2;4;2;C01