num_acc;senc;catv;occutc;obs;obsm;choc;manv;num_veh
201500044558;0;7;0;0;2;4;2;D01
201500044558;0;7;0;0;2;1;2;E01
201500044559;0;14;0;0;2;6;23;A01
201500044559;0;14;0;1;0;2;11;B01
201500044559;0;17;0;3;2;2;2;C01
201500044560;0;15;0;0;2;8;23;A01
201500044560;0;14;0;0;2;3;23;B01
201500044560;0;7;0;0;2;4;0;C01
201500044560;0;7;0;0;2;1;0;D01
201500044561;0;33;0;3;0;8;1;A01
201500044562;0;7;0;0;2;4;1;A01
201500044562;0;7;0;0;2;4;1;B01
201500044562;0;7;0;0;2;1;1;C01
201500044563;0;7;0;0;0;4;12;A01
201500044563;0;33;0;0;2;1;12;B01
201500044564;0;17;0;0;2;2;12;B01
201500044564;0;7;0;0;2;6;1;A01
201500044565;0;15;0;0;2;2;12;A01
201500044565;0;7;0;0;2;9;1;B01
201500044566;0;33;0;0;0;0;0;B01
201500044566;0;7;0;0;2;2;14;A01
201500044567;0;33;0;0;2;1;3;A01
201500044567;0;7;0;0;2;4;12;B01
201500044568;0;7;0;0;2;4;1;C01
201500044568;0;7;0;0;2;1;2;A01
201500044568;0;7;0;0;2;9;2;B01
201500044569;0;7;0;4;2;4;23;A01
201500044569;0;7;0;0;2;1;2;B01
201500044570;0;33;0;0;2;3;2;B01
201500044570;0;7;0;0;2;5;23;A01
201500044571;0;7;0;4;2;5;1;A01
201500044571;0;15;0;0;2;1;11;B01
201500044572;0;7;0;4;0;1;1;A01
201500044573;0;15;0;0;2;8;1;B01
201500044573;0;7;0;0;2;0;1;C01
201500044573;0;7;0;0;2;0;0;A01
201500044574;0;33;0;0;2;7;1;B01
201500044574;0;7;0;0;2;8;11;A01
201500044575;0;7;0;4;0;1;1;A01
201500044576;0;7;0;0;2;4;1;C01
201500044576;0;33;0;0;2;9;3;B01
201500044576;0;7;0;0;2;8;11;A01
201500044577;0;34;0;0;0;1;1;A01
201500044578;0;7;0;0;2;1;12;A01
201500044578;0;7;0;3;2;1;1;B01
201500044579;0;7;0;4;0;0;1;A01
201500044580;0;7;0;0;2;3;2;C01
201500044580;0;7;0;0;2;4;2;A01
201500044580;0;10;0;0;2;5;2;B01
201500044581;0;10;0;4;0;0;2;A01
201500044582;0;7;0;4;2;3;1;A01
201500044582;0;7;0;0;2;3;1;B01
201500044583;0;7;0;0;2;4;1;A01
201500044583;0;10;0;0;0;0;13;C01
201500044583;0;34;0;0;2;1;3;B01
201500044584;0;15;0;0;2;1;12;A01
201500044584;0;7;0;0;2;4;1;B01
201500044585;0;31;0;0;2;8;1;A01
201500044585;1;7;0;0;2;2;12;Z01
201500044586;0;10;0;0;2;4;1;B01
201500044586;0;7;0;0;2;1;2;A01
201500044587;0;7;0;0;2;1;2;A01
201500044587;0;7;0;0;2;4;2;B01
201500044588;0;7;0;0;2;1;2;A01
201500044588;0;7;0;0;2;4;1;B01
201500044589;0;7;0;4;0;8;1;A01
201500044590;0;7;0;0;2;1;9;A01
201500044590;0;7;0;3;2;1;1;B01
201500044591;0;7;0;3;0;1;9;A01
201500044591;0;7;0;0;9;2;0;B01
201500044592;0;7;0;0;2;4;2;A01
201500044592;0;7;0;0;2;1;2;B01
201500044593;0;33;0;0;2;1;2;A01
201500044594;0;10;0;0;2;1;2;A01
201500044594;0;7;0;0;2;4;2;B01
201500044594;0;7;0;0;2;8;1;C01
201500044594;0;7;0;0;2;8;1;D01
201500044595;0;7;0;0;2;1;1;A01
201500044595;0;7;0;0;2;4;2;B01
201500044596;0;34;0;0;2;8;2;A01
201500044596;1;7;0;0;2;5;1;B01
201500044597;0;10;0;0;2;9;2;B01
201500044597;0;7;0;0;2;4;1;A01
201500044597;0;7;0;0;2;1;2;D01
201500044597;0;7;0;0;2;9;2;C01
201500044598;0;7;0;3;0;1;1;A01
201500044599;0;7;0;0;2;4;2;A01
201500044599;0;7;0;0;2;4;2;B01
201500044599;0;14;0;0;2;2;2;C01
201500044600;0;33;0;0;2;8;2;A01
201500044600;0;7;0;0;0;4;2;B01
201500044601;0;33;0;0;2;1;3;A01
201500044601;0;7;0;0;2;2;12;B01
201500044602;0;7;0;0;2;6;1;B01
201500044602;0;15;0;0;2;2;12;A01
201500044603;0;7;0;0;2;4;1;A01
201500044603;0;7;0;0;2;4;2;B01
201500044603;0;7;0;0;2;1;2;C01
201500044604;0;7;0;0;2;1;2;C01
201500044604;0;7;0;0;2;4;1;A01
201500044604;0;7;0;0;2;9;2;B01
201500044605;0;7;0;0;2;1;2;A01
201500044605;0;7;0;0;2;1;2;B01
201500044605;0;7;0;0;2;4;2;C01
201500044606;0;7;0;0;2;7;11;B01
201500044606;0;7;0;6;2;8;1;A01
201500044607;0;7;0;0;0;4;1;B01
201500044607;0;7;0;0;2;1;1;A01
201500044608;0;7;0;0;2;1;2;B01
201500044608;0;7;0;0;2;4;23;A01
201500044609;0;7;0;0;2;6;1;B01
201500044609;0;17;0;0;2;7;12;A01
201500044610;0;7;0;3;2;3;2;A01
201500044610;0;7;0;4;2;2;2;B01
201500044610;0;13;0;0;2;8;2;C01
201500044611;0;17;0;0;2;7;1;C01
201500044611;0;7;0;4;2;6;1;A01
201500044611;0;17;0;0;2;2;12;B01
201500044612;1;7;0;0;2;1;1;Z01
201500044612;0;10;0;0;2;2;1;A01
201500044612;0;7;0;4;2;6;1;B01
201500044613;0;7;0;0;2;1;12;A01
201500044613;0;32;0;0;2;7;3;B01
201500044613;0;7;0;0;2;4;1;C01
201500044614;0;7;0;0;1;2;1;A01
201500044615;0;7;0;0;2;8;11;A01
201500044615;0;15;0;0;2;2;12;B01
201500044616;0;7;0;0;2;4;2;B01
201500044616;0;7;0;0;2;4;2;C01
201500044616;0;7;0;0;2;1;2;A01
201500044617;0;33;0;0;2;2;1;A01
201500044617;2;7;0;0;2;8;11;B01
201500044618;0;33;0;0;2;1;2;A01
201500044618;0;7;0;0;2;6;2;B01
201500044618;0;7;0;0;0;0;2;T01
201500044619;0;7;0;0;2;7;12;A01
201500044619;0;31;0;0;2;8;1;B01
201500044620;0;7;0;0;2;4;2;A01
201500044620;0;7;0;0;2;1;2;B01
201500044621;0;7;0;0;2;4;12;A01
201500044621;0;34;0;0;2;1;3;B01
201500044622;0;7;0;0;2;4;23;A01
201500044622;0;7;0;0;2;1;2;B01
201500044623;0;7;0;0;0;0;0;A01
201500044624;0;7;0;0;2;5;12;C01
201500044624;0;7;0;0;2;4;1;A01
201500044624;0;33;0;0;2;8;3;B01
201500044625;0;15;0;4;0;1;11;A01
201500044626;0;7;0;4;0;1;1;A01
201500044627;0;7;0;4;0;1;14;A01
201500044628;0;7;0;4;0;0;1;A01
201500044629;0;7;0;4;0;3;1;A01
201500044630;0;10;0;4;0;1;1;A01
201500044631;0;7;0;4;0;1;1;A01
201500044632;0;7;0;4;0;2;1;A01
201500044633;0;7;0;0;2;1;1;A01
201500044633;0;14;0;0;2;8;1;B01
201500044634;0;7;0;5;0;1;2;A01
201500044635;0;7;0;0;2;0;0;A01
201500044635;0;7;0;0;2;5;0;B01
201500044635;0;7;0;0;2;1;1;C01
201500044636;0;7;0;0;2;1;1;A01
201500044636;0;33;0;0;2;1;1;B01
201500044637;0;7;0;4;2;2;12;A01
201500044637;0;7;0;4;2;3;11;B01
201500044638;0;7;0;0;2;1;2;F01
201500044638;0;7;0;0;2;9;2;E01
201500044638;0;7;0;0;2;4;1;A01
201500044638;0;7;0;0;2;9;2;D01
201500044638;0;7;0;0;2;9;2;B01
201500044638;0;7;0;0;2;9;2;C01
201500044639;0;34;0;0;2;1;1;B01
201500044639;0;7;0;0;2;4;1;A01
201500044640;0;7;0;0;2;9;1;A01
201500044640;0;7;0;0;2;1;2;B01
201500044640;1;7;0;0;2;6;11;Z01
201500044641;0;7;0;4;0;3;17;A01
201500044642;0;7;0;4;0;1;1;A01
201500044643;0;7;0;4;2;9;1;A01
201500044643;0;7;0;0;2;8;1;B01
201500044644;0;7;0;4;0;0;0;A01
201500044645;0;10;0;4;0;8;1;A01
201500044646;0;7;0;4;0;3;1;A01
201500044647;0;7;0;0;2;3;1;A01
201500044647;0;15;0;0;2;2;12;B01
201500044648;0;33;0;0;2;1;3;A01
201500044648;0;10;0;0;2;5;12;B01
201500044649;0;7;0;0;2;1;2;C01
201500044649;0;7;0;0;2;4;1;A01
201500044649;0;10;0;0;2;9;2;B01
201500044650;0;7;0;0;2;4;2;A01
201500044650;0;7;0;0;2;1;2;B01
201500044651;0;7;0;0;2;5;12;A01
201500044651;0;33;0;0;2;8;3;B01
201500044652;0;7;0;0;2;6;11;A01
201500044652;0;33;0;0;2;1;1;B01
201500044653;0;7;0;0;0;4;2;A01
201500044653;0;7;0;3;2;1;2;B01
201500044654;0;7;0;14;2;1;2;A01
201500044654;0;7;0;14;0;4;2;B01
201500044654;0;7;0;14;0;1;1;C01
201500044654;0;15;0;3;0;0;21;D01
201500044654;0;7;0;14;0;2;2;E01
201500044655;0;10;0;0;2;7;12;A01
201500044655;0;33;0;0;2;8;3;B01
201500044656;0;34;0;0;0;8;1;A01
201500044657;0;7;0;0;2;4;11;A01
201500044657;0;33;0;0;2;1;1;B01
201500044658;0;7;0;2;0;2;0;A01
201500044659;0;7;0;0;2;6;23;A01
201500044659;0;7;0;0;2;2;1;B01
201500044660;0;7;0;3;0;1;1;A01
201500044661;0;7;0;0;2;3;2;A01
201500044661;0;17;0;0;2;4;2;B01
201500044662;0;15;0;0;2;8;23;A01
201500044662;0;34;0;0;2;7;1;B01
201500044663;0;33;0;0;2;1;3;A01
201500044663;0;7;0;0;2;5;12;B01
201500044664;0;7;0;0;2;4;1;A01
201500044664;0;33;0;0;2;1;2;B01
201500044665;0;31;0;0;2;8;1;B01
201500044665;0;7;0;0;2;7;12;A01
201500044666;0;33;0;0;2;1;2;B01
201500044666;0;7;0;0;0;5;1;A01
201500044667;0;7;0;0;1;2;0;A01
201500044668;0;33;0;0;2;1;2;A01
201500044668;0;7;0;0;0;6;2;B01
201500044669;0;7;0;0;2;9;2;B01
201500044669;0;7;0;0;2;1;2;C01
201500044669;0;7;0;0;2;4;23;A01
201500044670;0;7;0;0;2;4;1;C01
201500044670;0;7;0;0;2;4;12;A01
201500044670;0;33;0;0;2;1;3;B01
201500044671;0;10;0;0;2;5;1;B01
201500044671;0;7;0;4;2;9;12;A01
201500044672;0;7;0;6;2;3;21;A01
201500044672;0;7;0;6;2;8;1;B01
201500044673;0;7;0;2;0;1;1;A01
201500044674;0;33;0;0;2;4;1;A01
201500044674;0;7;0;0;2;1;2;B01
201500044675;0;34;0;0;2;1;1;B01
201500044675;0;10;0;0;2;5;12;A01
201500044676;0;7;0;0;2;0;0;A01
201500044676;0;7;0;0;2;1;2;B01
201500044676;0;7;0;0;2;6;2;C01
201500044677;0;7;0;0;2;3;1;C01
201500044677;0;7;0;0;2;5;1;A01
201500044677;0;33;0;0;2;9;2;B01
201500044678;0;7;0;0;2;2;2;A01
201500044678;0;7;0;0;2;6;23;B01
201500044679;0;10;0;0;2;2;12;A01
201500044679;0;33;0;0;2;3;17;B01
201500044680;0;7;0;0;2;0;12;A01
201500044680;0;7;0;0;2;7;21;B01
201500044680;0;33;0;0;2;8;1;C01
201500044681;0;7;0;0;2;8;1;B01
201500044681;2;7;0;0;2;7;14;A01
201500044682;0;7;0;5;0;0;0;A01
201500044682;0;7;0;0;0;0;2;B01
201500044683;0;7;0;0;2;1;0;A01
201500044683;0;7;0;0;2;1;2;B01
201500044684;0;7;0;0;2;4;2;A01
201500044684;0;3;0;0;9;4;9;B01
201500044685;0;7;0;4;0;1;21;A01
201500044686;0;33;0;0;2;8;1;A01
201500044686;1;7;0;0;2;7;14;B01
201500044687;0;10;0;0;2;3;11;A01
201500044687;0;33;0;0;2;1;3;B01
201500044688;0;7;0;0;2;3;12;A01
201500044688;0;7;0;0;2;4;0;B01
201500044688;0;7;0;0;2;4;0;C01
201500044689;0;33;0;14;0;8;1;A01
201500044690;0;7;0;0;2;5;1;B01
201500044690;0;7;0;0;2;8;1;C01
201500044690;0;33;0;0;2;9;3;A01
201500044691;0;7;0;0;0;0;0;A01
201500044691;0;7;0;0;0;0;0;B01
201500044692;0;7;0;0;0;0;0;A01
201500044692;0;33;0;0;0;0;0;B01
201500044693;0;7;0;15;2;4;2;A01
201500044693;0;7;0;0;2;1;2;B01
201500044694;0;33;0;0;2;7;3;B01
201500044694;0;10;0;0;2;3;11;A01
201500044695;0;31;0;0;2;1;2;A01
201500044695;0;7;0;0;2;6;11;B01
201500044696;0;7;0;0;2;1;2;B01
201500044696;0;7;0;0;2;4;1;A01
201500044697;0;33;0;3;0;2;14;A01
201500044698;0;7;0;4;2;2;1;A01
201500044698;1;7;0;0;2;6;11;Z01
201500044699;0;33;0;0;9;7;0;A01
201500044700;0;33;0;0;2;9;3;B01
201500044700;0;7;0;0;2;2;12;A01
201500044700;0;7;0;0;2;8;1;C01
201500044701;0;7;0;0;2;5;2;A01
201500044701;0;7;0;0;2;5;2;B01
201500044702;0;33;0;0;2;1;3;A01
201500044702;0;7;0;0;2;2;12;B01
201500044703;0;15;0;0;2;2;12;B01
201500044703;0;7;0;0;2;6;1;A01
201500044704;0;34;0;0;2;1;21;A01
201500044704;0;7;0;0;2;6;11;B01
201500044705;0;7;0;0;2;9;2;B01
201500044705;0;7;0;0;2;4;1;A01
201500044705;0;7;0;0;2;9;2;C01
201500044705;0;7;0;0;2;1;2;D01
201500044706;0;7;0;0;2;4;2;A01
201500044706;0;7;0;0;2;1;2;B01
201500044707;0;33;0;3;0;1;1;A01
201500044708;0;7;0;0;0;0;0;A01
201500044709;0;7;0;0;2;1;2;B01
201500044709;0;7;0;0;2;5;1;A01
201500044710;0;33;0;4;0;3;13;A01
201500044711;0;33;0;0;9;7;2;A01
201500044712;0;7;0;0;2;2;2;A01
201500044712;0;7;0;0;0;4;2;B01
201500044713;0;7;0;0;2;9;2;B01
201500044713;1;7;0;0;2;9;1;Z01
201500044713;0;7;0;0;2;2;2;C01
201500044713;0;7;0;0;2;5;12;A01
201500044714;0;33;0;6;0;8;13;A01
201500044715;0;7;0;0;2;4;1;B01
201500044715;0;33;0;0;2;1;2;A01
201500044716;0;7;0;0;2;3;1;A01
201500044716;0;7;0;0;2;1;2;B01
201500044717;0;10;0;4;0;3;1;A01
201500044718;0;7;0;6;0;1;21;A01
201500044719;0;33;0;0;2;3;3;B01
201500044719;0;10;0;0;2;2;12;A01
201500044720;0;33;0;0;2;2;1;B01
201500044720;0;10;0;0;2;6;11;A01
201500044721;0;7;0;0;2;4;1;C01
201500044721;0;15;0;0;2;1;1;A01
201500044721;0;33;0;0;2;4;11;B01
201500044722;0;7;0;0;2;0;2;A01
201500044722;0;17;0;0;2;6;2;B01
201500044723;1;7;0;0;2;7;12;Z01
201500044723;0;33;0;0;2;8;1;A01
201500044724;0;34;0;0;0;0;2;A01
201500044725;0;7;0;0;2;1;2;A01
201500044725;0;7;0;0;2;5;2;B01
201500044725;0;7;0;0;2;4;2;C01
201500044726;0;7;0;0;2;4;1;A01
201500044726;0;7;0;3;2;1;11;B01
201500044727;0;17;0;0;0;4;2;A01
201500044727;0;7;0;0;2;4;2;B01
201500044727;0;7;0;0;2;4;2;C01
201500044727;0;7;0;0;2;4;2;D01
201500044727;0;17;0;0;2;1;2;E01
201500044728;0;7;0;0;2;3;11;A01
201500044728;0;33;0;0;2;7;3;B01
201500044729;1;7;0;0;2;4;1;A01
201500044730;0;7;0;0;2;8;23;C01
201500044730;0;33;0;3;2;9;3;A01
201500044730;0;7;0;0;2;3;23;B01
201500044731;0;33;0;0;2;0;0;A01
201500044731;0;7;0;0;2;0;0;B01
201500044731;0;7;0;0;2;0;0;C01
201500044732;0;34;0;0;2;4;1;A01
201500044732;0;34;0;0;2;1;13;B01
201500044733;0;33;0;0;2;7;3;B01
201500044733;0;7;0;0;2;8;11;A01
201500044734;0;7;0;0;2;5;1;A01
201500044734;0;7;0;0;2;3;11;B01
201500044734;0;31;0;0;2;1;3;C01
201500044735;0;7;0;3;0;1;1;A01
201500044736;0;33;0;0;2;1;0;A01
201500044736;0;7;0;0;2;8;0;B01
201500044737;0;31;0;0;2;1;2;B01
201500044737;0;33;0;0;2;4;23;A01
201500044738;0;33;0;0;2;1;3;C01
201500044738;0;10;0;0;2;6;1;A01
201500044738;0;10;0;0;2;3;13;B01
201500044739;0;7;0;4;0;1;1;A01
201500044740;0;31;0;0;2;7;3;B01
201500044740;0;7;0;0;2;6;11;A01
201500044741;0;7;0;0;2;2;12;A01
201500044741;0;7;0;0;2;6;1;B01
201500044741;0;7;0;0;2;4;1;C01
201500044742;0;7;0;0;2;4;2;A01
201500044742;0;7;0;0;2;4;2;B01
201500044742;0;17;0;0;2;1;2;C01
201500044743;0;13;0;0;2;4;0;A01
201500044743;0;7;0;0;2;4;0;B01
201500044743;0;7;0;0;2;1;0;C01
201500044744;0;7;0;0;2;7;12;A01
201500044744;0;33;0;0;2;8;2;B01
201500044745;0;7;0;0;0;0;0;A01
201500044745;0;13;0;0;0;0;0;B01
201500044746;0;7;0;13;0;0;0;A01
201500044747;0;33;0;16;0;7;1;A01
201500044748;0;7;0;4;0;3;0;A01
201500044749;0;7;0;0;2;6;11;A01
201500044749;0;33;0;0;2;1;3;B01
201500044750;0;15;0;0;2;2;12;A01
201500044750;0;7;0;0;2;8;1;B01
201500044751;0;33;0;0;2;0;0;A01
201500044751;0;7;0;0;2;0;0;B01
201500044751;0;7;0;0;2;0;0;C01
201500044752;0;7;0;0;2;6;2;A01
201500044752;0;7;0;0;2;3;2;B01
201500044753;0;33;0;0;2;6;3;B01
201500044753;0;7;0;0;2;2;12;A01
201500044754;0;10;0;0;2;9;1;C01
201500044754;0;15;0;0;2;3;1;D01
201500044754;0;33;0;0;2;1;3;A01
201500044754;0;7;0;0;2;5;1;B01
201500044755;0;7;0;0;2;1;2;B01
201500044755;0;7;0;0;2;4;23;A01
201500044756;0;33;0;16;0;9;18;A01
201500044757;0;10;0;0;0;9;2;A01
201500044758;0;33;0;16;0;8;1;A01
201500044759;0;7;0;0;2;1;2;C01
201500044759;0;7;0;0;2;4;23;A01
201500044759;0;7;0;0;2;9;23;B01
201500044760;0;31;0;16;0;8;1;A01
201500044761;0;34;0;16;0;8;1;A01
201500044762;0;7;0;13;0;2;1;A01
201500044763;0;7;0;0;2;6;1;B01
201500044763;0;7;0;0;2;9;21;A01
201500044764;0;15;0;0;2;0;9;A01
201500044764;0;10;0;0;0;0;0;B01
201500044765;0;7;0;0;2;1;2;C01
201500044765;0;7;0;0;2;4;1;A01
201500044765;0;7;0;0;2;9;2;B01
201500044766;0;33;0;0;2;7;3;A01
201500044766;0;7;0;0;2;3;11;B01
201500044767;0;10;0;0;2;5;12;A01
201500044767;0;31;0;0;2;1;3;B01
201500044768;0;7;0;0;2;5;1;A01
201500044768;0;7;0;0;2;7;12;C01
201500044768;0;7;0;0;2;6;1;B01
201500044768;0;33;0;0;2;9;3;D01
201500044769;0;33;0;0;2;1;17;A01
201500044769;0;33;0;0;0;4;1;B01
201500044770;0;7;0;0;2;0;0;B01
201500044770;0;7;0;0;2;1;0;A01
201500044771;0;7;0;0;2;6;11;A01
201500044771;0;33;0;0;2;1;12;B01
201500044772;0;10;0;4;0;8;1;A01
201500044773;0;7;0;0;2;7;12;A01
201500044773;0;7;0;3;0;7;2;B01
201500044773;0;7;0;0;0;8;18;C01
201500044774;0;33;0;0;2;1;2;A01
201500044774;0;7;0;0;2;4;1;B01
201500044775;0;7;0;4;2;4;1;A01
201500044775;1;7;0;0;2;1;2;Z01
201500044776;0;32;0;3;0;8;1;A01
201500044777;0;7;0;4;0;9;1;A01
201500044778;0;17;0;0;2;2;12;A01
201500044778;0;7;0;4;2;8;1;B01
201500044779;0;7;0;0;2;4;1;B01
201500044779;0;33;0;6;2;9;14;A01
201500044780;0;7;0;0;2;6;11;A01
201500044780;0;34;0;0;2;1;1;B01
201500044781;0;7;0;4;2;6;1;A01
201500044781;1;13;0;0;2;2;12;Z01
201500044782;0;7;0;0;2;8;11;A01
201500044782;0;7;0;0;0;0;0;B01
201500044783;0;7;0;0;2;4;1;A01
201500044783;0;7;0;0;2;1;0;B01
201500044784;0;7;0;0;2;4;1;A01
201500044784;0;7;0;0;2;1;2;B01
201500044784;0;7;0;14;0;2;1;C01
201500044785;0;7;0;0;0;0;11;A01
201500044785;0;34;0;0;0;7;1;B01
201500044786;0;7;0;2;0;1;2;A01
201500044787;0;7;0;0;2;5;23;A01
201500044787;0;33;0;0;2;1;2;B01
201500044788;0;7;0;4;0;1;11;A01
201500044789;0;10;0;0;2;4;23;A01
201500044789;0;7;0;1;0;1;14;B01
201500044790;0;33;0;0;2;1;2;A01
201500044790;0;7;0;0;2;6;9;B01
201500044791;0;7;0;13;0;0;14;A01
201500044792;0;7;0;0;2;6;11;A01
201500044792;0;33;0;0;2;1;1;B01
201500044793;0;7;0;0;2;4;1;A01
201500044793;0;7;0;0;2;1;14;B01
201500044794;0;7;0;3;0;1;2;A01
201500044795;0;33;0;0;2;4;2;A01
201500044795;0;7;0;0;2;2;11;B01
201500044796;0;7;0;0;2;5;23;D01
201500044796;0;7;0;0;2;6;21;C01
201500044796;0;33;0;0;2;1;21;E01
201500044796;0;7;0;0;2;7;1;B01
201500044796;0;7;0;0;2;3;11;A01
201500044797;0;34;0;16;0;3;21;A01
201500044798;0;7;0;6;0;3;1;A01
201500044799;0;7;0;4;0;3;19;A01
201500044800;0;10;0;0;2;3;11;A01
201500044800;0;33;0;0;2;7;1;B01
201500044801;0;7;0;0;2;1;1;B01
201500044801;0;7;0;4;2;9;11;A01
201500044802;0;10;0;0;2;4;0;A01
201500044802;0;7;0;0;2;1;0;B01
201500044802;0;7;0;0;2;4;0;C01
201500044802;0;7;0;0;2;0;0;D01
201500044802;1;7;0;0;2;1;0;Z01
201500044803;0;7;0;0;2;6;23;B01
201500044803;0;7;0;0;2;1;2;A01
201500044804;0;7;0;0;2;1;1;A01
201500044804;0;13;0;0;2;4;1;B01
201500044805;0;7;0;0;2;5;1;A01
201500044805;0;33;0;0;2;1;21;B01
201500044806;0;7;0;0;2;4;2;B01
201500044806;0;7;0;0;2;1;2;A01
201500044806;0;10;0;0;2;4;2;C01
201500044807;0;7;0;0;2;3;11;A01
201500044807;0;7;0;0;2;5;1;B01
201500044808;0;7;0;0;2;1;2;A01
201500044808;0;7;0;0;2;4;1;B01
201500044809;0;7;0;0;2;4;1;A01
201500044809;0;7;0;0;2;1;2;B01
201500044810;0;7;0;0;2;9;23;B01
201500044810;0;7;0;0;2;4;23;A01
201500044810;0;7;0;0;2;1;2;C01
201500044811;0;7;0;0;2;1;2;A01
201500044811;0;7;0;0;2;4;23;B01
201500044812;0;33;0;0;0;7;3;A01
201500044812;0;7;0;0;2;3;11;B01
201500044813;0;33;0;0;2;1;2;A01
201500044813;0;10;0;0;0;4;2;B01
201500044814;0;15;0;0;2;4;1;A01
201500044814;0;14;0;0;2;1;2;B01
201500044815;0;7;0;0;2;1;2;A01
201500044815;0;7;0;0;2;4;1;B01
201500044816;0;7;0;0;2;6;2;A01
201500044816;0;33;0;0;2;1;3;B01
201500044817;0;7;0;0;2;7;14;A01
201500044817;0;15;0;0;2;3;1;B01
201500044817;0;33;0;0;2;5;1;C01
201500044818;0;7;0;0;0;0;0;C01
201500044818;0;14;0;0;0;0;0;A01
201500044818;0;7;0;0;0;0;0;B01
201500044819;0;33;0;0;2;1;2;A01
201500044819;0;7;0;0;2;4;23;B01
201500044820;0;33;0;16;0;0;0;A01
201500044821;0;7;0;0;2;1;1;B01
201500044821;0;7;0;3;2;9;1;A01
201500044822;0;7;0;0;2;8;11;A01
201500044822;0;33;0;0;2;1;3;B01
201500044823;0;33;0;0;2;1;3;A01
201500044823;0;7;0;0;2;4;1;B01
201500044824;0;7;0;0;2;4;1;B01
201500044824;0;7;0;0;2;1;2;A01
201500044825;0;7;0;0;2;8;1;A01
201500044825;0;14;0;0;2;2;12;B01
201500044826;0;31;0;0;2;1;2;C01
201500044826;0;7;0;0;2;4;1;A01
201500044826;0;7;0;0;2;9;2;B01
201500044827;0;33;0;0;0;7;3;A01
201500044828;0;33;0;4;0;0;0;A01
201500044829;0;7;0;0;2;4;1;A01
201500044829;0;33;0;0;2;1;2;B01
201500044830;0;33;0;0;2;1;0;A01
201500044830;0;7;0;0;2;7;0;B01
201500044831;0;7;0;0;2;4;1;C01
201500044831;0;14;0;0;2;1;2;A01
201500044831;0;10;0;0;2;9;2;B01
201500044832;0;32;0;0;2;1;3;A01
201500044832;0;33;0;0;2;4;3;B01
201500044833;0;7;0;3;2;1;21;A01
201500044833;0;7;0;0;2;5;2;B01
201500044834;0;7;0;0;2;4;2;A01
201500044834;0;7;0;0;2;1;2;B01
201500044835;0;7;0;0;2;4;23;A01
201500044835;0;7;0;0;2;1;2;B01
201500044836;0;7;0;0;2;5;0;A01
201500044837;0;7;0;4;0;1;1;A01
201500044838;0;7;0;3;0;2;14;A01
201500044839;0;7;0;3;0;1;2;A01
201500044839;0;7;0;0;2;1;2;B01
201500044840;0;7;0;3;0;1;1;A01
201500044841;0;3;0;4;0;1;23;A01
201500044841;0;7;0;14;2;1;11;B01
201500044842;0;7;0;3;2;3;0;A01
201500044842;0;7;0;3;0;1;0;B01
201500044843;0;10;0;0;2;7;1;A01
201500044843;0;7;0;0;2;2;2;B01
201500044844;0;7;0;6;0;3;9;A01
201500044845;0;7;0;0;2;4;2;C01
201500044845;0;7;0;0;2;4;2;B01
201500044845;0;7;0;0;2;1;2;A01
201500044846;0;7;0;0;2;4;23;B01
201500044846;0;7;0;0;2;1;2;A01
201500044847;0;7;0;0;2;7;12;A01
201500044847;0;33;0;0;2;3;3;B01
201500044848;0;7;0;0;2;1;0;A01
201500044848;0;7;0;0;2;4;0;B01
201500044849;0;7;0;0;2;1;0;C01
201500044849;0;7;0;0;2;4;2;B01
201500044849;0;7;0;4;2;1;2;A01
201500044850;1;7;0;0;2;4;1;B01
201500044850;0;33;0;0;2;1;2;A01
201500044851;0;33;0;0;0;8;11;A01
201500044852;0;33;0;0;2;1;3;B01
201500044852;0;10;0;0;2;8;1;A01
201500044853;0;17;0;3;2;9;17;A01
201500044853;0;7;0;0;0;3;1;C01
201500044853;0;17;0;3;2;1;1;B01
201500044853;0;7;0;0;2;3;1;D01
201500044854;0;7;0;0;2;4;1;A01
201500044854;0;31;0;0;2;1;2;B01
201500044855;0;7;0;0;2;7;12;A01
201500044855;0;33;0;0;2;8;3;B01
201500044856;0;7;0;0;2;8;1;B01
201500044856;0;10;0;0;2;2;17;A01
201500044857;0;33;0;0;0;3;3;A01
201500044858;0;7;0;4;0;1;21;A01
201500044859;0;7;0;0;2;2;1;B01
201500044859;0;33;0;0;2;6;1;A01
201500044860;0;7;0;0;2;5;23;B01
201500044860;0;7;0;4;1;3;1;C01
201500044860;0;7;0;6;0;3;1;A01
201500044861;0;7;0;1;2;4;23;B01
201500044861;0;7;0;1;2;1;2;C01
201500044861;0;7;0;0;2;4;23;A01
201500044862;0;7;0;3;2;1;13;B01
201500044862;0;10;0;0;2;4;23;A01
201500044863;0;15;0;0;0;4;2;A01
201500044863;0;15;0;0;2;1;2;B01
201500044864;0;10;0;0;2;2;2;A01
201500044864;0;10;0;0;2;6;23;B01
201500044865;0;7;0;0;2;7;12;A01
201500044865;0;31;0;0;2;1;3;B01
201500044866;0;7;0;0;0;4;2;A01
201500044866;0;7;0;0;0;4;2;B01
201500044866;0;7;0;0;0;0;0;C01
201500044866;0;7;0;0;0;0;0;D01
201500044867;0;7;0;0;2;6;13;A01