num_acc;senc;catv;occutc;obs;obsm;choc;manv;num_veh
201500044867;0;15;0;0;2;2;1;B01
201500044867;0;7;0;0;2;7;1;C01
201500044868;0;33;0;0;2;7;1;A01
201500044868;1;7;0;0;2;8;11;B01
201500044869;0;7;0;0;0;9;17;A01
201500044870;0;7;0;4;0;1;13;A01
201500044871;0;33;0;0;2;1;3;A01
201500044871;0;7;0;0;2;4;11;B01
201500044872;0;7;0;0;0;0;0;A01
201500044873;0;7;0;0;2;6;2;A01
201500044873;0;7;0;0;2;1;2;B01
201500044873;0;7;0;0;2;3;1;C01
201500044873;0;7;0;0;2;4;13;D01
201500044873;0;7;0;0;2;1;2;E01
201500044873;0;33;0;0;2;1;1;F02
201500044874;0;7;0;0;2;8;1;B01
201500044874;0;15;0;0;2;2;12;A01
201500044875;0;7;0;0;2;4;1;A01
201500044875;0;33;0;0;2;1;3;B01
201500044875;0;7;0;0;2;3;1;C01
201500044876;0;33;0;0;0;0;0;A01
201500044876;0;7;0;0;0;0;0;B01
201500044876;0;7;0;0;0;0;0;C01
201500044877;0;32;0;0;0;7;1;A01
201500044878;1;10;0;0;2;3;11;Z01
201500044878;0;32;0;0;2;7;3;A01
201500044879;0;7;0;0;2;5;12;B01
201500044879;0;33;0;0;2;1;3;A01
201500044880;0;33;0;0;2;4;14;B01
201500044880;0;7;0;0;2;1;12;A01
201500044881;0;7;0;13;0;1;14;A01
201500044882;0;7;0;0;2;8;11;A01
201500044882;0;33;0;0;2;7;1;B01
201500044883;0;7;0;3;2;9;1;B01
201500044883;0;7;0;3;2;9;2;A01
201500044883;0;7;0;0;2;5;1;C01
201500044883;0;7;0;0;2;6;1;D01
201500044884;0;7;0;0;2;3;11;A01
201500044884;0;33;0;1;2;0;3;B01
201500044885;0;7;0;0;2;9;2;B01
201500044885;0;7;0;0;2;4;1;A01
201500044885;0;7;0;0;2;9;2;C01
201500044885;0;7;0;0;2;1;2;D01
201500044886;0;7;0;0;0;7;2;A01
201500044886;0;7;0;14;0;1;2;B01
201500044886;0;7;0;0;2;1;2;C01
201500044886;0;7;0;0;0;4;2;D01
201500044886;0;17;0;0;2;3;1;E01
201500044886;0;15;0;0;2;3;1;F02
201500044887;0;10;0;0;2;5;1;A01
201500044887;0;32;0;0;2;3;21;B01
201500044888;0;33;0;0;2;7;3;B01
201500044888;0;7;0;0;2;8;11;A01
201500044889;0;7;0;0;2;2;12;A01
201500044889;0;33;0;0;2;8;1;B01
201500044890;0;33;0;0;2;8;1;B01
201500044890;0;7;0;0;2;7;12;A01
201500044891;0;7;0;0;2;1;2;A01
201500044891;0;7;0;3;2;1;0;B01
201500044892;0;7;0;0;2;4;2;A01
201500044892;0;10;0;0;2;1;2;B01
201500044893;0;34;0;0;2;1;2;B01
201500044893;0;7;0;0;2;6;1;A01
201500044894;0;7;0;0;2;4;2;C01
201500044894;0;7;0;0;2;4;2;D01
201500044894;0;7;0;0;2;1;2;A01
201500044894;0;7;0;0;2;4;2;B01
201500044895;0;33;0;3;0;9;1;A01
201500044896;0;7;0;0;2;1;2;A01
201500044896;0;7;0;0;2;4;23;B01
201500044897;0;7;0;0;2;5;2;A01
201500044897;0;7;0;0;2;1;1;C01
201500044897;0;7;0;0;2;9;1;B01
201500044898;0;10;0;0;2;3;13;A01
201500044898;0;33;0;0;2;1;2;C01
201500044898;0;7;0;0;2;1;2;D01
201500044898;0;7;0;0;2;2;2;B01
201500044899;0;7;0;0;2;4;1;A01
201500044899;0;34;0;0;2;1;21;B01
201500044900;0;7;0;0;2;4;1;C01
201500044900;0;7;0;0;2;1;2;A01
201500044900;0;7;0;0;2;9;2;B01
201500044901;0;7;0;0;2;4;23;C01
201500044901;0;7;0;0;2;1;2;A01
201500044901;0;7;0;0;2;9;23;B01
201500044902;0;33;0;0;0;8;3;B01
201500044902;0;7;0;0;2;7;12;A01
201500044903;0;7;0;0;2;4;2;A01
201500044903;0;7;0;0;2;1;2;B01
201500044904;0;14;0;7;0;1;1;A01
201500044905;0;7;0;0;0;9;1;A01
201500044906;0;7;0;0;2;2;12;B01
201500044906;0;34;0;0;2;8;3;A01
201500044907;0;7;0;0;2;3;12;A01
201500044907;0;33;0;0;2;7;14;B01
201500044908;0;7;0;4;0;3;1;A01
201500044909;0;3;0;3;2;5;1;A01
201500044909;0;7;0;0;2;6;18;B01
201500044910;0;7;0;13;0;1;1;A01
201500044911;0;7;0;0;2;2;12;A01
201500044911;0;34;0;0;2;3;3;B01
201500044912;0;33;0;0;2;3;11;B01
201500044912;0;7;0;0;2;2;1;A01
201500044913;0;7;0;0;2;4;2;A01
201500044913;0;7;0;0;2;4;2;B01
201500044913;0;7;0;0;2;1;2;C01
201500044914;0;7;0;0;2;4;11;B01
201500044914;0;33;0;0;2;1;2;A01
201500044915;0;99;0;3;0;0;0;A01
201500044916;0;7;0;0;2;5;1;A01
201500044916;0;34;0;0;2;1;11;B01
201500044917;0;10;0;0;2;5;1;A01
201500044917;0;33;0;0;9;1;1;B01
201500044918;0;7;0;0;2;4;1;A01
201500044918;0;7;0;0;2;4;2;B01
201500044918;0;7;0;0;2;4;2;C01
201500044918;0;7;0;0;2;1;2;D01
201500044919;0;7;0;0;2;1;2;B01
201500044919;0;7;0;0;2;4;23;A01
201500044920;0;7;0;4;2;8;1;B01
201500044920;0;16;0;0;2;2;12;A01
201500044921;0;33;0;0;2;9;1;B01
201500044921;0;7;0;0;2;7;12;A01
201500044921;0;7;0;0;2;8;1;C01
201500044922;0;7;0;0;2;4;1;A01
201500044922;0;7;0;0;2;8;1;C01
201500044922;0;7;0;0;2;1;2;B01
201500044923;0;33;0;0;2;7;3;A01
201500044923;0;7;0;0;2;3;11;B01
201500044924;0;7;0;3;0;8;1;A01
201500044925;0;7;0;0;2;6;1;A01
201500044925;0;10;0;0;2;2;2;B01
201500044926;0;33;0;16;0;8;1;A01
201500044927;0;10;0;0;2;5;1;A01
201500044927;0;33;0;0;2;1;2;B01
201500044928;0;31;0;16;0;7;3;A01
201500044929;0;33;0;0;2;1;3;A01
201500044929;0;7;0;0;2;6;11;B01
201500044930;0;33;0;0;2;1;3;B01
201500044930;0;7;0;0;2;6;11;A01
201500044931;0;10;0;0;2;5;12;A01
201500044931;0;31;0;0;2;1;2;B01
201500044932;0;7;0;0;2;3;0;A01
201500044932;0;15;0;0;2;2;2;B01
201500044933;0;7;0;4;0;1;14;A01
201500044934;0;7;0;0;2;1;2;B01
201500044934;0;7;0;0;2;4;23;A01
201500044935;0;7;0;0;2;1;2;C01
201500044935;0;7;0;0;2;4;1;A01
201500044935;0;7;0;0;2;9;2;B01
201500044936;0;7;0;7;0;9;2;A01
201500044937;0;33;0;0;2;1;2;A01
201500044937;0;10;0;0;2;4;1;B01
201500044938;0;33;0;0;2;8;1;A01
201500044938;0;7;0;0;2;0;0;B01
201500044939;0;7;0;0;2;9;2;B01
201500044939;0;7;0;0;2;9;23;C01
201500044939;0;7;0;0;2;1;12;A01
201500044939;0;7;0;0;2;4;23;D01
201500044940;0;34;0;16;0;7;1;A01
201500044941;0;7;0;0;2;6;1;A01
201500044941;0;15;0;0;2;2;1;C01
201500044941;0;7;0;4;2;1;1;B01
201500044942;0;7;0;0;2;1;1;A01
201500044942;1;10;0;0;0;0;0;Z01
201500044943;0;7;0;0;0;4;1;A01
201500044943;0;7;0;0;0;1;1;B01
201500044944;0;7;0;0;2;3;11;B01
201500044944;0;31;0;0;2;2;3;A01
201500044945;0;31;0;0;2;7;12;A01
201500044945;0;7;0;0;2;3;1;B01
201500044946;0;15;0;0;2;2;1;A01
201500044946;0;7;0;0;2;8;11;B01
201500044947;0;7;0;0;2;2;2;A01
201500044947;0;17;0;0;2;6;2;B01
201500044948;0;7;0;0;2;7;1;A01
201500044948;0;31;0;0;2;1;21;B01
201500044949;0;10;0;0;2;1;2;A01
201500044949;0;7;0;0;2;4;23;B01
201500044949;0;7;0;0;2;4;23;C01
201500044949;0;7;0;0;2;4;23;D01
201500044949;0;10;0;0;2;8;23;E01
201500044949;0;15;0;0;2;5;2;F02
201500044949;0;10;0;0;2;1;2;G02
201500044950;0;14;0;0;2;2;1;A01
201500044950;0;7;0;0;2;8;11;B01
201500044951;0;33;0;0;2;4;1;A01
201500044951;0;33;0;0;2;1;1;B01
201500044952;0;14;0;0;0;0;1;A01
201500044952;0;31;0;16;2;7;1;C01
201500044952;0;31;0;16;0;7;1;B01
201500044953;0;33;0;0;2;4;3;A01
201500044953;0;7;0;0;2;3;11;B01
201500044954;0;33;0;0;2;1;3;A01
201500044954;0;7;0;0;2;8;11;B01
201500044955;0;7;0;0;2;4;23;C01
201500044955;0;7;0;0;2;9;23;B01
201500044955;0;10;0;0;2;1;2;A01
201500044956;0;33;0;16;0;7;1;A01
201500044957;0;33;0;0;2;1;2;A01
201500044957;0;7;0;0;2;6;23;B01
201500044958;0;7;0;0;2;4;2;B01
201500044958;0;7;0;0;2;1;2;A01
201500044958;0;7;0;0;0;4;2;C01
201500044959;0;33;0;16;0;0;1;A01
201500044960;0;7;0;0;0;4;2;A01
201500044960;0;7;0;0;2;1;2;B01
201500044961;0;10;0;0;2;2;14;B01
201500044961;0;14;0;0;2;6;1;A01
201500044962;0;7;0;0;2;7;12;B01
201500044962;0;33;0;0;2;9;3;A01
201500044963;0;7;0;0;0;7;0;A01
201500044963;0;31;0;0;0;0;0;B01
201500044964;0;7;0;3;0;2;14;A01
201500044965;0;7;0;3;0;1;11;A01
201500044966;0;7;0;0;2;2;12;B01
201500044966;0;33;0;0;2;3;3;A01
201500044967;0;7;0;4;0;1;1;A01
201500044968;0;7;0;0;2;4;1;A01
201500044968;0;33;0;0;2;1;3;C01
201500044968;0;7;0;0;2;8;11;B01
201500044969;0;31;0;0;2;7;1;B01
201500044969;0;7;0;0;2;8;11;A01
201500044970;0;17;0;0;2;2;1;A01
201500044970;0;7;0;0;2;3;13;B01
201500044971;0;7;0;4;2;9;9;A01
201500044971;0;7;0;0;2;2;1;B01
201500044972;0;7;0;0;2;3;1;C01
201500044972;0;7;0;0;2;6;1;A01
201500044972;0;7;0;0;2;9;1;B01
201500044973;0;7;0;0;2;4;1;A01
201500044973;0;7;0;0;2;1;1;B01
201500044974;0;33;0;0;2;1;2;C01
201500044974;0;30;0;0;2;4;1;A01
201500044974;0;33;0;0;2;1;2;B01
201500044975;0;33;0;0;2;2;3;B01
201500044975;0;7;0;0;2;3;11;A01
201500044976;0;7;0;13;0;0;0;A01
201500044977;0;7;0;0;2;8;1;C01
201500044977;0;33;0;0;2;1;3;A01
201500044977;0;7;0;0;2;8;11;B01
201500044978;0;7;0;0;2;4;2;A01
201500044978;0;7;0;0;2;4;2;B01
201500044978;0;7;0;0;2;1;2;C01
201500044979;0;33;0;16;0;7;1;A01
201500044980;0;7;0;0;0;5;12;A01
201500044980;0;33;0;0;2;1;1;B01
201500044981;0;7;0;0;2;9;23;C01
201500044981;0;10;0;0;2;1;2;E01
201500044981;0;7;0;0;2;9;23;D01
201500044981;0;7;0;0;2;9;23;B01
201500044981;0;7;0;0;2;4;23;A01
201500044982;0;7;0;0;2;8;1;A01
201500044982;0;15;0;0;2;2;12;B01
201500044983;0;15;0;4;0;1;1;A01
201500044984;0;31;0;16;0;7;1;A01
201500044985;0;33;0;0;2;7;1;A01
201500044986;0;33;0;0;2;1;3;A01
201500044986;0;33;0;0;2;9;1;B01
201500044986;0;38;10;0;2;4;1;C01
201500044987;0;7;0;0;2;6;1;B01
201500044987;0;33;0;0;2;8;3;A01
201500044987;1;99;0;0;2;7;12;Z01
201500044988;0;33;0;0;2;3;3;B01
201500044988;0;7;0;0;2;7;12;A01
201500044989;0;33;0;0;0;0;0;B01
201500044989;0;7;0;0;0;0;0;A01
201500044990;0;7;0;0;2;8;1;B01
201500044990;0;7;0;4;2;9;12;A01
201500044991;0;33;0;0;2;3;3;A01
201500044991;0;10;0;0;2;7;12;B01
201500044992;0;7;0;0;2;2;12;B01
201500044992;0;33;0;0;2;8;1;A01
201500044993;0;7;0;0;2;5;1;A01
201500044993;0;33;0;0;2;1;3;B01
201500044994;0;7;0;3;0;4;1;A01
201500044994;0;7;0;0;2;1;1;B01
201500044995;0;7;0;0;2;6;0;A01
201500044995;0;7;0;1;0;3;9;B01
201500044996;0;15;0;0;2;5;23;A01
201500044996;0;33;0;0;2;1;2;B01
201500044997;0;7;0;0;2;1;2;A01
201500044997;0;7;0;0;2;9;2;B01
201500044997;0;7;0;0;2;4;1;C01
201500044998;0;7;0;0;2;7;1;A01
201500044998;0;7;0;0;2;6;1;B01
201500044998;0;33;0;0;2;9;3;C01
201500044999;0;7;0;0;2;9;2;B01
201500044999;0;7;0;0;2;9;2;C01
201500044999;0;7;0;0;2;4;1;D01
201500044999;0;10;0;0;2;1;2;A01
201500045000;0;10;0;0;0;0;0;B01
201500045000;0;10;0;0;0;0;0;A01
201500045000;0;7;0;0;0;0;0;C01
201500045001;0;33;0;0;2;2;3;B01
201500045001;0;7;0;0;2;8;11;A01
201500045002;0;7;0;3;0;3;13;A01
201500045003;0;17;0;0;0;0;0;B01
201500045003;0;17;0;0;0;0;0;C01
201500045003;0;14;0;0;0;0;0;A01
201500045004;0;7;0;0;2;4;1;A01
201500045004;0;7;0;0;2;1;1;B01
201500045005;0;7;0;4;0;2;0;A01
201500045006;0;7;0;0;2;1;1;C01
201500045006;0;15;0;0;2;2;12;A01
201500045006;0;7;0;0;2;9;1;B01
201500045007;0;33;0;0;0;0;0;A01
201500045008;0;15;0;0;0;4;2;A01
201500045008;0;10;0;0;2;1;2;B01
201500045009;0;31;0;0;2;2;1;A01
201500045009;1;7;0;0;2;6;11;Z01
201500045010;0;10;0;0;0;0;0;B01
201500045010;0;7;0;0;2;1;1;A01
201500045011;1;33;0;0;2;1;3;A01
201500045012;0;7;0;4;0;1;1;A01
201500045013;0;7;0;0;2;4;23;A01
201500045013;0;7;0;0;2;1;2;B01
201500045014;0;10;0;0;2;6;14;A01
201500045014;2;7;0;0;2;2;12;B01
201500045015;0;7;0;0;2;2;1;B01
201500045015;0;7;0;0;2;8;11;A01
201500045016;0;31;0;4;0;1;1;A01
201500045017;0;7;0;0;2;4;1;A01
201500045017;0;7;0;0;2;9;2;B01
201500045017;0;7;0;0;2;1;2;C01
201500045018;0;7;0;0;2;4;1;A01
201500045018;2;7;0;0;2;1;1;B01
201500045019;0;7;0;3;2;9;21;A01
201500045019;0;7;0;0;2;1;1;B01
201500045020;0;15;0;0;2;3;1;C01
201500045020;0;10;0;0;2;1;2;A01
201500045020;0;7;0;0;2;9;1;B01
201500045021;0;7;0;0;2;6;1;C01
201500045021;0;33;0;0;2;1;1;A01
201500045021;0;7;0;0;0;0;12;B01
201500045022;1;7;0;0;2;0;0;Z01
201500045022;0;7;0;0;2;4;2;A01
201500045023;0;33;0;0;2;1;2;B01
201500045023;0;7;0;0;2;6;1;A01
201500045024;0;7;0;4;2;0;1;A01
201500045024;0;7;0;0;0;0;0;B01
201500045025;0;7;0;0;2;8;11;A01
201500045025;0;33;0;0;2;2;3;B01
201500045026;0;10;0;0;2;1;2;A01
201500045026;0;17;0;0;0;6;1;B01
201500045027;0;31;0;0;2;3;3;B01
201500045027;0;7;0;0;2;7;12;A01
201500045028;0;7;0;0;2;1;2;C01
201500045028;0;10;0;0;2;4;23;A01
201500045028;0;10;0;0;2;9;23;B01
201500045029;0;7;0;0;2;1;1;A01
201500045029;0;7;0;0;2;2;12;B01
201500045029;0;14;0;0;2;0;1;C01
201500045029;0;7;0;0;2;5;1;D01
201500045030;0;33;0;0;0;7;1;A01
201500045031;0;7;0;0;2;8;11;A01
201500045031;0;33;0;0;2;7;1;B01
201500045032;0;7;0;0;2;2;12;A01
201500045032;0;33;0;0;2;8;1;B01
201500045033;0;7;0;0;2;8;1;A01
201500045033;0;17;0;0;2;2;12;B01
201500045034;0;7;0;0;2;9;23;C01
201500045034;0;7;0;0;2;4;23;D01
201500045034;0;7;0;0;2;1;2;A01
201500045034;0;7;0;0;2;9;2;B01
201500045035;0;38;9;0;2;1;2;A01
201500045035;0;7;0;0;2;4;2;B01
201500045036;0;7;0;0;9;1;1;A01
201500045036;1;15;0;0;0;0;0;Z01
201500045037;0;10;0;0;2;1;2;C01
201500045037;0;7;0;0;2;4;1;A01
201500045037;0;7;0;0;2;9;2;B01
201500045038;0;15;0;0;2;2;12;A01
201500045038;0;3;0;0;2;6;11;B01
201500045039;0;7;0;0;2;3;11;A01
201500045039;0;33;0;0;2;7;3;B01
201500045040;0;7;0;0;0;3;13;A01
201500045041;0;7;0;0;2;1;0;A01
201500045041;0;7;0;0;0;0;0;B01
201500045042;0;7;0;0;2;1;12;C01
201500045042;0;7;0;0;2;4;1;A01
201500045042;0;7;0;0;2;4;1;B01
201500045043;0;33;0;0;2;8;3;A01
201500045043;1;7;0;0;2;7;14;Z01
201500045044;0;7;0;0;2;1;2;A01
201500045044;0;7;0;0;2;4;1;B01
201500045045;0;7;0;0;2;1;2;C01
201500045045;0;7;0;0;2;4;1;A01
201500045045;0;7;0;0;2;9;2;B01
201500045046;0;7;0;4;0;1;1;A01
201500045047;0;7;0;0;2;4;1;A01
201500045047;0;7;0;0;2;1;2;B01
201500045048;0;10;0;0;2;9;23;C01
201500045048;0;7;0;0;2;9;23;E01
201500045048;0;7;0;0;2;9;23;B01
201500045048;0;7;0;0;2;1;2;F01
201500045048;0;10;0;0;2;4;23;A01
201500045048;0;7;0;0;2;9;23;D01
201500045049;0;7;0;0;2;5;2;B01
201500045049;0;7;0;0;2;3;2;A01
201500045050;0;15;0;0;2;1;1;C01
201500045050;0;33;0;0;2;2;14;A01
201500045050;0;7;0;0;2;3;1;B01
201500045051;0;7;0;0;2;4;2;A01
201500045051;0;7;0;0;2;1;0;C01
201500045051;0;7;0;0;2;4;0;B01
201500045052;0;7;0;16;0;1;1;A01
201500045053;0;31;0;0;0;9;16;A01
201500045054;0;7;0;0;2;2;12;A01
201500045054;0;7;0;0;2;8;2;B01
201500045055;0;7;0;3;0;3;0;A01
201500045056;0;7;0;0;2;4;2;B01
201500045056;0;7;0;0;2;1;1;A01
201500045057;0;10;0;0;2;1;1;A01
201500045057;0;15;0;0;2;4;2;B01
201500045058;0;7;0;4;0;0;0;A01
201500045059;0;33;0;16;0;0;0;A01
201500045060;0;7;0;0;0;9;0;A01
201500045061;0;7;0;0;2;4;11;B01
201500045061;0;33;0;0;2;1;1;A01
201500045062;0;7;0;0;2;5;2;B01
201500045062;0;15;0;0;2;2;1;A01
201500045063;0;7;0;0;2;6;2;A01
201500045063;0;7;0;0;2;1;1;B01
201500045064;0;7;0;6;0;1;13;A01
201500045065;0;7;0;16;0;0;13;A01
201500045066;0;7;0;0;2;6;2;A01
201500045066;0;15;0;0;2;2;1;B01
201500045067;0;7;0;6;0;9;0;A01
201500045068;0;7;0;0;2;8;1;B01
201500045068;0;37;2;0;2;9;1;A01
201500045068;0;7;0;0;2;1;1;C01
201500045069;0;7;0;0;2;3;0;A01
201500045069;0;7;0;0;2;6;0;B01
201500045070;1;1;0;0;2;0;11;Z01
201500045070;0;7;0;0;2;9;0;A01
201500045070;0;7;0;0;2;0;0;B01
201500045071;0;7;0;4;0;9;0;A01
201500045072;0;7;0;0;2;2;1;B01
201500045072;0;15;0;0;2;6;11;A01
201500045073;0;7;0;4;0;3;13;A01
201500045074;0;15;0;0;2;6;1;A01
201500045074;0;7;0;0;2;1;0;B01
201500045075;0;7;0;4;0;9;13;A01
201500045076;0;7;0;0;2;9;1;B01
201500045076;0;15;0;1;2;1;1;A01
201500045077;0;7;0;4;9;9;0;A01
201500045077;0;7;0;0;2;1;0;B01
201500045078;0;7;0;4;0;3;13;A01
201500045079;0;7;0;0;2;9;1;B01
201500045079;0;7;0;0;2;4;1;C01
201500045079;0;7;0;0;2;1;2;A01
201500045080;0;7;0;4;0;9;13;A01
201500045081;0;10;0;0;0;9;0;A01
201500045082;0;7;0;16;0;9;1;A01
201500045083;0;15;0;0;2;3;0;A01
201500045083;0;10;0;0;2;0;0;C01
201500045083;0;10;0;0;2;4;0;B01
201500045083;0;10;0;0;2;0;0;D01
201500045084;0;33;0;0;0;9;0;A01
201500045085;0;7;0;0;2;6;12;A01
201500045085;0;7;0;0;2;4;2;B01
201500045085;0;33;0;0;2;9;3;C01
201500045086;0;7;0;0;2;4;2;A01
201500045086;0;31;0;0;2;1;1;B01
201500045087;0;7;0;4;0;9;13;A01
201500045088;0;38;0;0;2;7;0;B01
201500045088;0;33;0;0;2;8;0;A01
201500045089;0;33;0;0;2;1;0;A01
201500045089;0;7;0;0;2;4;0;B01
201500045090;0;7;0;0;2;4;2;A01
201500045090;0;15;0;0;2;1;1;B01
201500045091;0;7;0;0;2;0;0;B01
201500045091;0;7;0;0;2;0;0;C01
201500045091;0;7;0;0;2;0;0;A01
201500045092;0;14;0;0;2;7;12;B01
201500045092;0;7;0;4;2;8;0;A01
201500045093;0;7;0;0;2;4;2;B01
201500045093;0;7;0;0;2;2;1;A01
201500045094;0;7;0;3;0;1;13;A01
201500045095;0;34;0;0;2;4;1;B01
201500045095;0;7;0;0;2;4;1;A01
201500045096;0;7;0;4;0;3;1;A01
201500045097;1;7;0;0;2;6;11;Z01
201500045097;0;32;0;0;2;2;3;A01
201500045098;0;7;0;4;0;1;12;A01
201500045099;0;7;0;0;2;1;1;B01
201500045099;0;7;0;3;2;4;2;A01
201500045100;0;7;0;4;0;1;14;A01
201500045101;0;7;0;3;0;9;1;A01
201500045102;0;7;0;0;2;4;12;B01
201500045102;0;7;0;0;2;1;2;A01
201500045103;0;7;0;0;2;4;2;A01
201500045103;0;7;0;0;2;1;2;B01
201500045104;0;7;0;0;2;4;2;A01
201500045104;0;15;0;0;2;1;1;B01
201500045105;0;7;0;0;2;1;12;A01
201500045105;0;7;0;0;2;8;1;B01
201500045106;0;7;0;4;0;1;1;A01
201500045107;0;7;0;0;2;4;2;B01
201500045107;0;7;0;0;2;1;2;A01
201500045107;0;33;0;0;2;1;3;C01
201500045108;0;7;0;4;0;1;17;A01
201500045109;0;33;0;4;0;7;0;A01
201500045110;0;7;0;0;2;6;2;B01
201500045110;0;7;0;0;9;2;14;A01
201500045111;0;3;0;4;0;1;14;A01
201500045112;0;7;0;;2;3;2;B01
201500045112;0;7;0;0;2;1;12;A01
201500045113;0;7;0;3;0;1;12;A01
201500045114;0;7;0;3;0;1;1;A01
201500045115;0;31;0;0;2;7;0;A01
201500045115;0;7;0;0;2;7;0;B01
201500045116;0;7;0;0;2;1;1;A01
201500045116;0;7;0;0;2;4;2;B01
201500045117;0;7;0;0;2;3;1;B01
201500045117;0;33;0;0;2;2;9;A01
201500045118;0;7;0;4;0;3;13;A01
201500045119;0;7;0;13;0;3;14;A01
201500045120;0;7;0;4;0;3;13;A01
201500045121;0;7;0;0;2;8;11;A01
201500045121;0;33;0;0;2;7;2;B01
201500045122;0;7;0;4;0;3;13;A01
201500045123;0;7;0;0;2;0;0;C01
201500045123;0;15;0;0;2;1;0;A01
201500045123;0;7;0;0;2;0;0;B01
201500045124;0;7;0;0;2;1;2;A01
201500045124;0;7;0;0;0;0;0;B01
201500045125;0;7;0;0;0;9;9;A01
201500045126;0;7;0;4;0;1;13;A01
201500045127;0;15;0;0;1;1;0;A01
201500045128;0;34;0;0;0;0;0;A01
201500045129;0;33;0;0;2;1;1;A01
201500045129;0;7;0;0;2;6;11;B01
201500045130;0;33;0;0;0;2;1;A01
201500045131;0;7;0;0;2;4;2;A01
201500045131;0;7;0;0;2;1;1;B01
201500045132;0;33;0;0;2;6;2;B01
201500045132;0;7;0;0;2;2;12;A01
201500045133;0;14;0;0;2;6;2;B01
201500045133;0;7;0;4;2;1;1;A01
201500045134;0;33;0;0;0;0;0;A01
201500045135;0;7;0;0;2;5;12;B01
201500045135;0;33;0;0;2;3;3;A01
201500045136;0;7;0;4;0;0;0;A01
201500045137;0;7;0;3;0;3;1;A01
201500045138;0;7;0;4;0;2;14;A01
201500045139;0;7;0;0;2;4;0;A01
201500045139;0;7;0;0;2;1;0;B01
201500045140;0;7;0;0;2;4;0;A01
201500045140;0;7;0;0;2;1;0;B01
201500045140;0;7;0;0;2;0;0;C01
201500045141;0;7;0;0;0;0;0;A01
201500045142;0;7;0;0;2;0;0;A01
201500045142;0;7;0;0;2;0;0;B01
201500045143;0;7;0;0;2;0;0;C01
201500045143;0;7;0;0;2;0;0;A01
201500045143;0;7;0;0;2;0;0;D01
201500045143;0;7;0;0;2;0;0;B01
201500045144;0;15;0;16;0;1;1;A01
201500045145;0;7;0;4;0;1;0;A01
201500045146;2;7;0;0;2;3;0;C01
201500045146;0;7;0;0;0;8;1;A01
201500045146;0;7;0;0;0;8;1;B01
201500045147;0;7;0;0;2;1;1;B01
201500045147;0;7;0;0;2;1;1;C01
201500045147;0;7;0;0;2;1;1;A01
201500045148;0;7;0;4;0;9;0;A01
201500045149;0;7;0;4;0;1;14;A01
201500045150;0;33;0;0;0;7;0;A01
201500045151;0;7;0;4;0;1;0;A01
201500045152;0;7;0;4;0;1;13;A01
201500045153;0;7;0;4;0;2;14;A01
201500045154;0;10;0;0;2;1;0;D01
201500045154;0;10;0;0;2;4;0;B01
201500045154;0;10;0;0;2;4;0;A01
201500045154;0;10;0;0;2;4;0;C01
201500045155;0;7;0;0;2;8;11;A01
201500045155;0;34;0;0;2;1;3;B01
201500045156;0;7;0;0;2;1;0;A01
201500045156;0;7;0;0;2;3;0;C01
201500045156;0;15;0;0;2;4;0;B01
201500045157;0;7;0;0;2;6;1;B01
201500045157;0;17;0;0;2;2;1;A01
201500045158;0;7;0;0;2;4;0;A01
201500045158;0;7;0;0;2;1;0;B01
201500045159;0;32;0;0;2;8;1;A01
201500045159;0;7;0;0;2;2;0;B01
201500045160;0;7;0;0;0;0;0;B01
201500045160;0;7;0;0;2;4;0;A01
201500045161;0;7;0;4;0;1;0;A01
201500045162;0;7;0;0;2;3;11;A01
201500045162;0;34;0;0;2;1;0;B01
201500045163;0;7;0;0;2;3;5;A01
201500045163;0;15;0;0;2;3;2;B01
201500045164;0;7;0;0;0;4;2;B01
201500045164;0;7;0;0;2;1;2;A01
201500045165;0;7;0;3;0;0;0;A01
201500045166;0;7;0;0;2;7;1;B01
201500045166;0;7;0;0;2;4;2;C01
201500045166;0;7;0;0;2;1;1;A01
201500045167;0;34;0;0;0;0;0;A01
201500045167;0;1;0;0;0;0;0;B01
201500045167;0;1;0;0;0;0;0;C01
201500045168;0;7;0;0;2;5;0;A01
201500045168;0;7;0;0;2;3;0;B01
201500045169;0;7;0;2;0;1;6;A01
201500045170;0;7;0;4;0;1;14;A01
201500045171;0;7;0;0;1;2;1;B01
201500045172;0;15;0;0;2;5;2;B01
201500045172;0;10;0;0;2;1;1;A01
201500045173;0;7;0;0;2;8;1;B01
201500045173;0;7;0;0;2;2;18;A01
201500045174;0;7;0;16;0;5;21;A01
201500045175;0;7;0;0;2;0;0;D01
201500045175;0;7;0;0;2;0;0;A01
201500045175;0;7;0;0;2;0;0;B01
201500045175;0;7;0;0;2;0;0;C01
201500045176;0;34;0;0;1;2;2;A01
201500045177;0;34;0;0;0;0;0;A01
201500045178;0;7;0;4;0;2;14;A01
201500045179;0;7;0;1;2;2;14;A01
201500045179;0;7;0;0;2;6;24;B01
201500045179;0;7;0;0;2;1;2;C01
201500045179;0;7;0;0;2;1;2;D01
201500045180;0;7;0;16;0;9;1;A01
201500045181;0;7;0;0;2;1;1;A01
201500045181;0;7;0;0;2;4;2;B01
201500045182;0;7;0;0;0;0;0;A01
201500045183;0;7;0;4;0;2;2;A01
201500045184;0;7;0;16;0;9;1;A01
201500045185;0;7;0;0;2;1;0;A01