num_acc;senc;catv;occutc;obs;obsm;choc;manv;num_veh
201500045185;0;7;0;0;2;4;0;B01
201500045186;0;1;0;5;0;8;14;A01
201500045187;0;33;0;0;2;4;21;A01
201500045187;0;7;0;0;2;3;9;B01
201500045187;0;7;0;0;2;2;2;C01
201500045188;0;7;0;0;2;1;0;A01
201500045188;0;7;0;0;2;4;0;C01
201500045188;0;15;0;0;2;4;0;D01
201500045188;0;7;0;0;2;1;0;E01
201500045188;0;7;0;0;2;1;0;B01
201500045189;0;7;0;0;2;1;2;A01
201500045189;0;7;0;0;2;4;2;B01
201500045190;0;7;0;0;2;1;2;B01
201500045190;0;7;0;0;2;3;0;C01
201500045190;0;7;0;4;0;9;13;A01
201500045191;0;7;0;0;2;4;2;B01
201500045191;0;7;0;0;2;9;1;A01
201500045191;0;7;0;0;2;6;2;C01
201500045192;0;33;0;0;0;1;0;A01
201500045193;0;7;0;0;2;4;0;B01
201500045193;0;7;0;0;2;1;2;A01
201500045194;0;7;0;0;2;8;1;A01
201500045194;0;14;0;0;2;2;9;B01
201500045195;0;7;0;4;0;1;0;A01
201500045195;0;7;0;1;2;2;0;B01
201500045196;0;33;0;14;0;9;9;A01
201500045197;1;7;0;0;2;1;1;Z01
201500045197;0;7;0;0;2;4;2;A01
201500045198;0;7;0;0;2;1;1;B01
201500045198;0;7;0;3;0;1;1;A01
201500045199;1;7;0;0;2;7;12;Z01
201500045199;0;7;0;4;2;8;1;A01
201500045200;0;10;0;3;0;1;2;A01
201500045201;0;7;0;0;2;4;2;C01
201500045201;0;7;0;0;2;4;2;B01
201500045201;0;7;0;0;2;1;2;A01
201500045202;0;7;0;4;0;1;16;A01
201500045203;0;7;0;0;2;4;2;C01
201500045203;0;7;0;0;2;6;2;A01
201500045203;0;7;0;0;2;1;1;B01
201500045204;0;7;0;4;0;3;13;A01
201500045205;0;7;0;4;0;1;1;A01
201500045206;0;7;0;0;2;0;0;A01
201500045206;0;7;0;0;2;4;1;B01
201500045207;0;7;0;0;2;9;2;C01
201500045207;0;7;0;0;2;1;1;A01
201500045207;0;7;0;0;2;9;2;B01
201500045207;0;7;0;0;2;4;2;D01
201500045208;0;7;0;3;0;1;1;A01
201500045209;0;7;0;4;0;1;0;A01
201500045210;0;7;0;0;2;1;1;A01
201500045210;0;7;0;0;0;4;1;B01
201500045211;0;10;0;3;0;1;1;A01
201500045212;0;7;0;4;0;9;14;A01
201500045213;0;7;0;0;2;1;1;A01
201500045213;0;7;0;0;0;2;12;B01
201500045214;0;31;0;4;0;9;0;A01
201500045215;0;7;0;3;0;1;0;A01
201500045216;0;31;0;13;0;7;14;A01
201500045217;0;7;0;0;0;0;0;B01
201500045217;0;7;0;0;0;1;0;A01
201500045218;0;7;0;4;0;1;1;A01
201500045219;0;7;0;3;0;7;14;A01
201500045220;0;7;0;0;2;1;1;B01
201500045220;0;7;0;0;2;4;2;A01
201500045220;0;7;0;0;2;1;1;C01
201500045220;0;7;0;0;2;4;1;D01
201500045221;0;7;0;0;2;8;1;A01
201500045221;0;14;0;0;2;0;0;B01
201500045222;0;7;0;0;2;3;0;A01
201500045222;0;7;0;4;2;8;19;B01
201500045223;0;7;0;6;0;2;1;A01
201500045224;0;7;0;0;2;4;2;B01
201500045224;0;33;0;0;2;1;1;A01
201500045225;0;7;0;0;2;9;2;B01
201500045225;0;7;0;0;2;1;1;A01
201500045225;0;7;0;0;2;4;2;C01
201500045226;0;7;0;0;2;1;18;A01
201500045226;0;7;0;0;2;4;1;B01
201500045227;0;7;0;0;2;4;0;A01
201500045227;0;34;0;0;2;1;2;B01
201500045228;0;7;0;0;2;6;0;B01
201500045228;0;7;0;0;2;2;0;A01
201500045229;0;7;0;0;2;4;2;B01
201500045229;0;15;0;0;2;1;1;A01
201500045229;0;7;0;0;2;4;2;C01
201500045230;0;33;0;0;2;6;17;A01
201500045230;0;33;0;0;2;5;17;M01
201500045230;0;15;0;0;2;0;0;C01
201500045231;0;7;0;0;0;0;0;B01
201500045231;0;7;0;0;0;0;0;A01
201500045232;0;7;0;3;0;1;0;A01
201500045233;0;7;0;4;0;9;1;A01
201500045234;0;7;0;14;0;0;0;C01
201500045234;0;7;0;0;0;0;0;B01
201500045234;0;10;0;0;0;0;0;A01
201500045235;0;7;0;0;2;4;11;B01
201500045235;0;7;0;0;2;1;2;C01
201500045235;0;7;0;0;2;1;0;A01
201500045236;0;10;0;4;;1;1;A01
201500045237;0;7;0;4;0;3;13;A01
201500045238;0;7;0;4;0;1;0;A01
201500045239;0;7;0;0;2;5;1;A01
201500045239;2;7;0;0;2;1;2;B01
201500045240;0;7;0;0;2;4;0;B01
201500045240;0;7;0;0;2;1;0;A01
201500045241;0;7;0;16;0;9;1;A01
201500045242;0;7;0;0;2;0;0;C01
201500045242;0;33;0;0;2;0;0;B01
201500045242;0;7;0;0;2;1;0;A01
201500045243;0;7;0;0;2;4;2;B01
201500045243;2;14;0;0;2;1;1;A01
201500045244;0;7;0;0;2;4;0;C01
201500045244;0;7;0;0;2;1;0;B01
201500045244;0;7;0;0;2;1;0;A01
201500045245;0;7;0;3;0;8;17;A01
201500045246;0;7;0;0;2;2;1;A01
201500045246;1;7;0;0;2;0;0;Z01
201500045247;0;7;0;0;2;1;1;A01
201500045247;0;7;0;0;2;4;2;B01
201500045248;0;7;0;0;0;4;2;A01
201500045248;0;34;0;0;0;1;0;B01
201500045249;0;7;0;13;0;9;9;A01
201500045250;0;10;0;0;2;1;2;C01
201500045250;0;7;0;0;2;4;2;B01
201500045250;0;7;0;0;2;4;2;A01
201500045251;2;7;0;0;2;1;2;A01
201500045251;0;10;0;0;2;1;2;B01
201500045252;0;7;0;0;2;6;1;C01
201500045252;0;33;0;0;2;7;2;A01
201500045252;0;7;0;0;2;7;1;B01
201500045253;0;10;0;0;2;3;11;B01
201500045253;0;33;0;0;2;2;3;A01
201500045254;0;15;0;0;2;4;2;B01
201500045254;0;7;0;0;2;1;1;A01
201500045254;0;10;0;0;2;4;2;C01
201500045255;0;7;0;0;2;4;0;B01
201500045255;0;7;0;0;2;1;0;A01
201500045256;0;33;0;0;0;0;0;A01
201500045257;0;7;0;0;2;1;2;A01
201500045257;0;7;0;0;2;4;2;B01
201500045257;0;7;0;0;2;0;0;D01
201500045257;0;7;0;0;2;4;2;C01
201500045258;0;15;0;3;2;1;1;A01
201500045258;0;7;0;0;2;9;2;C01
201500045258;0;10;0;0;2;4;2;B01
201500045258;0;7;0;0;2;4;2;D01
201500045259;0;10;0;0;2;1;1;A01
201500045259;0;10;0;0;2;4;2;B01
201500045260;0;7;0;0;2;4;2;B01
201500045260;0;7;0;0;2;1;1;A01
201500045261;0;7;0;0;2;1;0;B01
201500045261;0;7;0;0;2;1;0;C01
201500045261;0;7;0;0;2;4;0;A01
201500045262;0;33;0;0;2;3;2;A01
201500045263;0;7;0;0;2;2;12;A01
201500045263;0;34;0;0;2;1;1;B01
201500045264;0;7;0;0;2;4;2;A01
201500045264;0;7;0;2;2;1;1;B01
201500045265;0;7;0;0;2;4;0;B01
201500045265;0;7;0;0;2;1;0;A01
201500045265;0;7;0;0;2;4;0;C01
201500045266;0;7;0;0;2;4;0;A01
201500045266;0;7;0;0;2;1;0;B01
201500045267;0;7;0;0;2;4;13;B01
201500045267;0;31;0;0;2;1;1;A01
201500045268;0;33;0;0;2;1;13;B01
201500045268;0;7;0;0;2;4;0;A01
201500045269;0;7;0;0;2;1;2;A01
201500045269;0;7;0;0;2;4;2;B01
201500045270;0;7;0;0;2;4;2;A01
201500045270;0;7;0;0;2;1;1;B01
201500045270;0;7;0;0;2;4;2;C01
201500045271;0;7;0;0;2;8;0;C01
201500045271;0;7;0;0;2;1;0;A01
201500045271;0;7;0;0;2;8;0;B01
201500045272;0;10;0;4;0;3;13;A01
201500045273;0;34;0;0;2;2;3;A01
201500045273;0;7;0;0;0;8;1;B01
201500045274;0;33;0;0;2;4;1;B01
201500045274;0;10;0;0;2;1;2;A01
201500045275;0;34;0;0;2;1;3;A01
201500045275;0;7;0;0;2;8;0;B01
201500045276;0;7;0;0;2;7;12;A01
201500045276;0;31;0;0;2;1;3;B01
201500045276;0;7;0;0;2;4;1;C01
201500045277;0;33;0;0;0;7;2;A01
201500045278;0;7;0;3;0;1;0;A01
201500045279;0;7;0;14;0;1;2;B01
201500045279;0;7;0;4;0;3;1;A01
201500045280;0;10;0;0;2;3;17;A01
201500045280;0;33;0;0;2;1;3;B01
201500045281;0;33;0;0;2;1;11;A01
201500045281;0;7;0;0;2;4;2;C01
201500045281;0;7;0;0;2;3;11;B01
201500045282;1;7;0;0;2;0;0;Z01
201500045282;0;33;0;0;2;0;0;A01
201500045283;0;7;0;0;2;0;0;B01
201500045283;0;7;0;0;2;0;0;A01
201500045284;0;7;0;0;2;4;0;B01
201500045284;0;7;0;0;2;1;1;A01
201500045285;0;7;0;0;2;0;0;B01
201500045285;0;7;0;0;2;1;0;A01
201500045285;0;7;0;0;2;1;2;C01
201500045286;0;33;0;0;2;2;1;A01
201500045286;0;7;0;0;2;3;11;B01
201500045287;0;7;0;0;2;1;0;B01
201500045287;0;7;0;0;2;4;0;C01
201500045287;0;7;0;0;2;1;0;A01
201500045288;0;14;0;0;0;8;0;A01
201500045289;0;7;0;4;0;1;0;A01
201500045290;1;10;0;0;2;0;0;Z01
201500045290;0;33;0;0;2;3;3;A01
201500045291;0;33;0;0;2;1;3;A01
201500045291;1;7;0;0;2;4;11;Z01
201500045292;0;7;0;4;0;1;0;A01
201500045293;0;15;0;0;2;7;0;A01
201500045293;0;7;0;0;2;8;0;B01
201500045294;0;7;0;0;2;0;0;A01
201500045294;0;7;0;0;2;0;0;B01
201500045295;0;3;0;4;0;9;1;A01
201500045296;0;7;0;0;2;0;0;B01
201500045296;0;7;0;0;2;0;0;A01
201500045297;0;7;0;0;2;0;0;B01
201500045297;0;7;0;0;2;7;12;A01
201500045298;0;10;0;0;2;1;2;A01
201500045298;0;7;0;0;2;4;0;B01
201500045298;0;7;0;0;2;0;0;C01
201500045299;0;15;0;0;2;7;0;B01
201500045299;0;7;0;0;2;9;0;A01
201500045300;0;7;0;4;0;0;0;C01
201500045300;0;15;0;0;2;2;2;A01
201500045300;0;7;0;0;2;8;9;B01
201500045301;0;7;0;0;2;1;1;A01
201500045301;0;7;0;0;2;4;2;C01
201500045301;0;7;0;0;2;4;2;D01
201500045301;0;7;0;0;2;4;2;B01
201500045302;0;7;0;0;2;7;1;B01
201500045302;0;7;0;0;2;3;11;A01
201500045303;0;33;0;0;2;1;1;B01
201500045303;0;7;0;0;2;5;12;A01
201500045304;0;7;0;0;2;6;2;B01
201500045304;2;7;0;0;2;1;12;A01
201500045305;0;34;0;0;2;1;3;A01
201500045305;0;7;0;0;2;6;1;B01
201500045306;0;7;0;3;0;1;12;A01
201500045307;0;7;0;4;0;8;13;A01
201500045308;0;7;0;3;0;9;2;A01
201500045309;1;7;0;0;2;0;0;Z01
201500045309;0;7;0;0;2;1;2;A01
201500045309;0;7;0;0;2;4;2;C01
201500045310;0;7;0;0;2;1;1;B01
201500045310;0;7;0;0;2;4;2;A01
201500045311;0;7;0;0;2;3;2;B01
201500045311;0;7;0;0;9;0;1;A01
201500045312;0;7;0;16;0;1;1;A01
201500045313;1;7;0;0;2;0;0;Z01
201500045313;0;7;0;0;2;4;2;A01
201500045314;0;7;0;0;2;4;2;D01
201500045314;0;7;0;0;2;4;2;B01
201500045314;0;7;0;0;2;1;2;A01
201500045314;0;7;0;0;2;6;2;C01
201500045315;0;7;0;0;2;4;2;B01
201500045315;0;10;0;0;2;1;2;A01
201500045316;0;7;0;4;0;1;14;A01
201500045317;0;7;0;4;0;1;0;A01
201500045318;0;7;0;4;0;2;0;A01
201500045319;1;7;0;0;2;0;0;Z01
201500045319;0;7;0;0;2;3;1;A01
201500045320;0;7;0;0;2;3;1;B01
201500045320;0;7;0;4;2;1;18;A01
201500045321;0;7;0;4;0;8;13;A01
201500045322;0;7;0;3;0;9;14;A01
201500045323;0;7;0;0;2;3;2;B01
201500045323;0;7;0;0;2;2;1;A01
201500045324;0;7;0;4;0;3;13;A01
201500045325;0;7;0;0;0;0;0;A01
201500045326;0;7;0;0;0;0;0;A01
201500045327;0;7;0;4;0;0;0;A01
201500045328;0;7;0;0;2;8;1;A01
201500045328;0;33;0;0;2;7;3;B01
201500045329;0;7;0;0;0;9;2;A01
201500045330;0;10;0;0;2;1;1;A01
201500045331;0;33;0;0;2;2;3;A01
201500045331;0;7;0;0;2;6;2;B01
201500045332;0;15;0;5;0;1;13;A01
201500045333;0;7;0;0;2;6;1;B01
201500045333;0;7;0;0;2;4;1;C01
201500045333;0;7;0;0;2;8;1;D01
201500045333;0;33;0;0;2;1;3;A01
201500045334;0;15;0;0;2;2;12;A01
201500045334;0;7;0;0;2;9;1;B01
201500045335;0;7;0;3;0;1;2;A01
201500045336;0;7;0;0;2;8;11;A01
201500045336;0;7;0;0;2;7;1;B01
201500045337;0;7;0;4;0;0;0;A01
201500045338;0;7;0;4;0;1;13;A01
201500045339;0;7;0;4;0;1;13;A01
201500045340;0;33;0;0;2;1;3;B01
201500045340;0;10;0;0;2;3;11;A01
201500045341;0;33;0;0;2;1;1;B01
201500045341;0;7;0;0;2;4;2;A01
201500045342;0;7;0;1;0;1;0;A01
201500045342;0;7;0;1;0;1;0;B01
201500045342;0;7;0;1;0;1;0;C01
201500045342;0;7;0;0;2;4;2;D01
201500045343;0;33;0;0;2;2;3;B01
201500045343;0;7;0;0;2;4;1;C01
201500045343;0;7;0;0;2;8;1;A01
201500045344;0;7;0;0;2;4;2;B01
201500045344;0;7;0;0;2;1;2;A01
201500045345;0;7;0;0;2;6;0;A01
201500045346;0;7;0;4;0;2;14;A01
201500045347;2;7;0;16;0;9;1;A01
201500045348;0;7;0;0;2;4;1;D01
201500045348;0;7;0;0;2;4;1;E01
201500045348;0;10;0;0;2;1;1;A01
201500045348;0;7;0;0;2;4;1;B01
201500045348;0;7;0;0;2;4;1;C01
201500045349;0;7;0;4;0;6;2;A01
201500045349;1;7;0;0;2;0;0;Z01
201500045350;0;7;0;0;2;2;2;A01
201500045350;0;7;0;0;0;6;11;B01
201500045350;0;7;0;0;2;6;2;C01
201500045351;0;33;0;0;2;1;0;A01
201500045351;0;7;0;0;2;4;0;B01
201500045352;0;7;0;0;2;5;12;A01
201500045352;0;33;0;0;2;9;1;B01
201500045353;0;7;0;0;2;1;2;A01
201500045353;0;7;0;0;2;4;2;B01
201500045354;0;7;0;0;2;8;11;B01
201500045354;0;33;0;0;2;1;3;A01
201500045355;0;7;0;4;0;3;13;A01
201500045356;0;7;0;0;2;8;1;B01
201500045356;0;7;0;0;2;2;9;A01
201500045357;0;7;0;0;2;4;2;A01
201500045357;0;7;0;0;2;1;1;B01
201500045357;0;7;0;0;2;4;2;C01
201500045358;0;15;0;0;2;1;1;A01
201500045358;0;15;0;0;2;4;11;B01
201500045359;0;15;0;0;2;3;1;A01
201500045359;0;10;0;0;2;4;11;B01
201500045360;0;7;0;0;2;4;0;C01
201500045360;0;33;0;0;2;1;0;A01
201500045360;0;33;0;0;2;4;0;B01
201500045361;0;7;0;0;2;7;1;B01
201500045361;0;7;0;3;2;1;18;A01
201500045362;0;7;0;0;2;6;2;A01
201500045363;0;32;0;0;2;8;0;A01
201500045363;1;7;0;0;2;0;0;Z01
201500045364;0;7;0;4;0;9;14;A01
201500045365;0;7;0;4;0;9;14;A01
201500045366;0;7;0;3;9;9;1;A01
201500045367;0;7;0;0;0;0;0;C01
201500045367;0;15;0;0;0;0;0;B01
201500045367;0;7;0;0;2;0;0;A01
201500045368;0;33;0;0;2;1;0;A01
201500045368;0;7;0;0;2;6;0;B01
201500045369;0;7;0;0;2;4;2;A01
201500045369;0;7;0;0;2;1;2;E01
201500045369;0;99;0;0;2;4;2;D01
201500045369;0;99;0;0;2;4;2;C01
201500045369;0;7;0;0;2;4;2;B01
201500045370;0;7;0;0;2;1;2;A01
201500045370;0;7;0;0;2;4;2;B01
201500045370;0;7;0;0;2;4;2;C01
201500045371;0;7;0;0;2;1;1;A01
201500045371;0;7;0;0;2;4;2;B01
201500045372;0;7;0;0;2;8;0;A01
201500045372;0;7;0;0;2;0;0;B01
201500045373;0;14;0;0;2;1;2;A01
201500045373;0;34;0;0;2;1;3;C01
201500045373;0;7;0;0;2;4;2;B01
201500045374;0;34;0;0;2;0;0;A01
201500045374;0;7;0;0;2;6;0;B01
201500045374;0;7;0;0;2;7;0;C01
201500045375;0;7;0;0;2;4;2;B01
201500045375;0;7;0;0;2;1;2;A01
201500045376;0;7;0;4;0;2;21;A01
201500045377;0;7;0;0;2;4;1;A01
201500045377;0;7;0;0;2;2;2;B01
201500045378;0;7;0;0;2;6;23;B01
201500045378;0;10;0;0;2;2;14;A01
201500045379;0;7;0;0;2;1;2;A01
201500045379;0;7;0;0;2;4;2;B01
201500045380;0;7;0;0;2;0;0;B01
201500045380;0;15;0;0;2;0;0;A01
201500045381;0;33;0;16;0;9;1;A01
201500045382;0;7;0;16;0;9;1;A01
201500045383;0;7;0;0;9;1;1;A01
201500045384;0;7;0;0;2;4;2;C01
201500045384;0;7;0;0;2;1;2;A01
201500045384;0;7;0;0;2;4;2;B01
201500045385;0;7;0;16;0;9;1;A01
201500045386;0;7;0;0;2;3;1;A01
201500045386;0;7;0;0;2;7;12;B01
201500045387;0;7;0;0;2;1;2;A01
201500045387;0;7;0;0;2;4;2;B01
201500045387;0;7;0;0;2;4;2;C01
201500045387;0;7;0;0;2;4;2;D01
201500045388;0;7;0;3;2;1;13;A01
201500045388;0;7;0;0;2;5;2;C01
201500045388;0;10;0;0;2;4;2;B01
201500045389;0;14;0;0;2;2;12;A01
201500045389;0;7;0;0;2;6;1;B01
201500045390;0;7;0;3;0;1;0;A01
201500045391;0;7;0;0;2;1;0;A01
201500045391;0;7;0;0;2;4;0;B01
201500045392;0;7;0;4;0;9;0;A01
201500045393;0;7;0;0;0;0;0;A01
201500045393;0;7;0;0;0;0;0;B01
201500045393;1;13;0;0;0;0;0;Z01
201500045394;0;14;0;0;2;2;12;B01
201500045394;0;7;0;4;0;2;21;A01
201500045395;0;7;0;0;2;4;2;B01
201500045395;0;7;0;0;2;1;1;A01
201500045396;0;7;0;0;2;1;2;A01
201500045396;0;7;0;0;2;4;2;B01
201500045397;0;7;0;4;0;9;13;A01
201500045398;0;7;0;4;0;9;13;A01
201500045399;0;7;0;4;0;2;14;A01
201500045400;0;7;0;0;2;4;2;B01
201500045400;0;7;0;0;2;4;2;C01
201500045400;0;7;0;0;2;4;2;D01
201500045400;0;7;0;0;2;1;1;A01
201500045401;0;7;0;4;0;3;13;A01
201500045402;0;7;0;13;0;1;13;A01
201500045403;0;7;0;4;0;9;1;A01
201500045404;0;15;0;0;2;8;1;A01
201500045404;0;7;0;0;2;7;1;B01
201500045405;0;15;0;0;2;2;0;B01
201500045405;0;7;0;0;2;8;0;A01
201500045406;0;10;0;0;2;4;2;A01
201500045406;0;31;0;0;2;1;2;B01
201500045407;0;34;0;4;2;7;3;A01
201500045407;0;7;0;0;2;6;11;B01
201500045408;0;7;0;0;2;4;0;A01
201500045408;0;33;0;0;2;1;0;B01
201500045409;0;7;0;0;2;6;2;B01
201500045409;0;7;0;0;2;4;23;D01
201500045409;0;33;0;0;2;2;1;A01
201500045409;0;7;0;0;2;4;2;C01
201500045410;0;7;0;0;2;7;21;B01
201500045410;0;7;0;0;2;8;24;A01
201500045411;0;33;0;0;2;1;0;A01
201500045411;0;7;0;0;2;4;0;B01
201500045412;0;7;0;0;2;5;0;B01
201500045412;0;33;0;0;2;3;3;A01
201500045413;0;33;0;0;0;7;1;A01
201500045414;0;10;0;5;0;9;14;A01
201500045415;0;33;0;0;9;0;2;A01
201500045416;0;7;0;13;0;7;16;A01
201500045417;0;34;0;0;2;0;0;A01
201500045417;0;7;0;0;2;0;0;B01
201500045418;0;7;0;4;0;9;1;A01
201500045419;0;15;0;4;0;9;13;A01
201500045420;0;7;0;4;0;2;14;A01
201500045421;0;7;0;4;0;4;0;A01
201500045422;0;7;0;4;0;9;1;A01
201500045423;0;7;0;4;0;1;15;A01
201500045424;0;7;0;4;0;1;1;A01
201500045425;0;7;0;3;0;1;13;A01
201500045426;0;7;0;3;0;1;0;A01
201500045427;0;7;0;0;2;1;1;A01
201500045427;0;7;0;0;2;4;2;B01
201500045428;0;7;0;0;2;1;1;A01
201500045428;0;7;0;0;2;4;2;B01
201500045429;0;7;0;4;0;2;2;A01
201500045430;0;7;0;0;0;4;0;A01
201500045431;0;7;0;4;0;2;14;A01
201500045432;0;7;0;4;0;8;13;A01
201500045433;0;7;0;4;0;1;13;A01
201500045434;0;7;0;3;0;1;16;A01
201500045435;0;7;0;3;0;1;0;A01
201500045436;0;7;0;3;0;1;12;A01
201500045437;0;7;0;0;2;1;2;B01
201500045437;0;7;0;4;0;1;1;A01
201500045438;0;7;0;4;0;0;0;A01
201500045439;0;7;0;6;0;1;14;A01
201500045440;0;7;0;4;0;2;14;A01
201500045441;0;7;0;0;2;4;0;B01
201500045441;0;7;0;0;2;1;0;A01
201500045442;0;32;0;4;0;1;3;A01
201500045443;0;7;0;0;2;4;23;A01
201500045443;0;7;0;0;2;1;23;B01
201500045444;0;7;0;3;0;1;1;A01
201500045445;0;10;0;0;2;2;14;A01
201500045445;0;15;0;0;2;6;1;B01
201500045446;0;7;0;0;2;1;1;C01
201500045446;0;7;0;0;2;3;9;A01
201500045446;0;7;0;0;2;2;1;B01
201500045447;0;7;0;4;2;1;0;A01
201500045447;0;7;0;0;2;4;23;B01
201500045448;0;7;0;4;0;1;0;A01
201500045449;0;7;0;4;0;2;0;A01
201500045450;0;7;0;0;2;4;1;B01
201500045450;0;13;0;0;2;1;2;A01
201500045451;0;7;0;0;0;3;2;A01
201500045452;0;7;0;0;9;2;2;A01
201500045453;0;7;0;4;0;1;1;A01
201500045454;0;7;0;13;0;7;14;A01
201500045455;0;13;0;0;2;7;0;A01
201500045455;0;33;0;0;2;1;0;C01
201500045455;0;7;0;0;2;8;0;B01
201500045456;0;7;0;4;0;1;0;A01
201500045457;0;7;0;0;2;1;0;C01
201500045457;0;7;0;0;2;4;0;A01
201500045457;0;7;0;0;2;4;0;B01
201500045458;0;7;0;0;0;6;0;A01
201500045458;0;15;0;1;0;2;13;B01
201500045459;0;34;0;16;0;8;0;A01
201500045460;0;10;0;0;2;1;0;A01
201500045460;0;7;0;0;2;4;0;B01
201500045461;0;7;0;0;2;1;2;A01
201500045461;0;7;0;0;2;4;1;C01
201500045461;0;7;0;0;2;4;2;B01
201500045462;0;7;0;4;0;3;13;A01
201500045463;0;7;0;4;0;3;0;A01
201500045464;1;7;0;0;1;2;2;C01
201500045464;0;7;0;0;2;4;2;B01
201500045465;0;7;0;0;2;7;1;B01
201500045465;0;7;0;0;2;3;9;A01
201500045466;0;33;0;0;2;1;1;A01
201500045466;0;7;0;0;2;4;2;B01
201500045467;0;7;0;0;0;1;2;A01
201500045468;0;33;0;0;2;8;0;B01
201500045468;0;7;0;0;2;7;0;A01
201500045469;0;33;0;13;0;1;0;A01
201500045470;0;33;0;4;0;1;14;A01
201500045471;0;7;0;0;2;2;1;B01
201500045471;0;7;0;0;2;4;2;A01
201500045472;0;7;0;0;2;2;12;A01
201500045472;0;33;0;0;2;1;3;B01
201500045473;0;15;0;0;2;8;2;A01
201500045473;0;7;0;0;2;9;11;B01
201500045474;0;7;0;0;2;8;11;A01
201500045474;0;34;0;0;2;7;1;B01
201500045475;0;7;0;4;0;1;2;A01
201500045476;0;33;0;0;0;8;9;A01
201500045477;0;7;0;4;0;1;1;A01
201500045478;1;7;0;0;0;0;0;Z01
201500045478;0;7;0;0;2;1;2;B01
201500045478;1;7;0;0;2;8;2;A01
201500045479;0;10;0;4;0;1;13;A01
201500045480;0;7;0;16;0;8;13;A01
201500045481;0;7;0;0;2;4;0;D01
201500045481;0;7;0;0;2;5;0;C01
201500045481;0;7;0;0;2;1;0;B01
201500045481;0;7;0;0;2;6;0;E01
201500045481;0;7;0;0;2;4;0;A01
201500045482;0;7;0;0;2;4;2;B01
201500045482;0;14;0;0;2;1;1;A01
201500045483;0;7;0;0;2;5;2;B01
201500045483;0;7;0;0;2;3;1;A01
201500045484;0;7;0;0;2;1;0;A01
201500045484;0;7;0;0;2;5;0;B01
201500045485;0;33;0;0;2;8;0;A01
201500045485;0;10;0;0;2;5;0;B01
201500045486;0;7;0;0;2;8;2;A01
201500045486;0;7;0;0;2;3;0;B01
201500045487;0;7;0;0;2;2;1;B01
201500045487;0;7;0;0;2;2;1;C01
201500045487;0;15;0;0;2;8;11;A01
201500045488;0;15;0;16;2;2;0;C01
201500045488;0;7;0;0;2;2;0;A01
201500045488;0;7;0;0;2;6;0;B01
201500045489;0;7;0;3;2;4;0;A01
201500045489;0;7;0;0;2;1;1;B01
201500045490;0;7;0;0;2;2;0;C01
201500045490;0;15;0;0;2;2;3;A01
201500045490;0;7;0;0;2;7;2;B01
201500045491;0;7;0;0;2;8;0;B01
201500045491;0;14;0;0;2;2;14;A01
201500045492;0;33;0;0;2;3;1;B01
201500045492;0;10;0;0;2;3;1;A01
201500045493;0;33;0;0;2;1;3;C01
201500045493;0;7;0;0;2;8;0;A01
201500045493;0;7;0;0;2;6;0;B01
201500045494;0;14;0;0;2;3;0;B01
201500045494;0;7;0;0;2;2;0;A01
201500045495;0;7;0;0;2;3;0;A01
201500045495;0;7;0;0;2;5;0;B01
201500045496;0;7;0;16;0;0;0;A01
201500045496;0;7;0;16;0;0;0;B01
201500045497;0;7;0;0;2;4;0;A01
201500045497;0;7;0;0;2;1;0;B01
201500045498;0;33;0;0;2;1;11;A01
201500045498;0;7;0;0;2;6;0;B01
201500045499;0;7;0;0;2;4;0;E01
201500045499;0;7;0;0;2;1;0;A01
201500045499;0;7;0;0;2;4;2;B01
201500045499;0;7;0;0;2;4;2;C01
201500045499;0;7;0;0;2;4;0;D01
201500045500;0;7;0;0;2;4;2;B01
201500045500;0;7;0;0;2;1;2;A01
201500045500;0;7;0;0;2;1;2;C01
201500045500;0;10;0;0;2;4;0;D01
201500045501;0;7;0;0;2;4;0;B01
201500045501;0;15;0;0;2;1;0;A01
201500045502;0;33;0;0;2;2;3;A01
201500045502;0;7;0;0;2;6;11;B01
201500045502;0;7;0;0;2;7;1;C01
201500045503;0;10;0;0;1;1;1;A01
201500045504;0;99;0;0;0;9;0;A01
201500045505;0;33;0;0;2;1;2;A01
201500045505;0;7;0;0;2;6;2;B01
201500045506;0;7;0;4;0;2;1;A01
201500045507;0;7;0;0;2;4;2;A01
201500045507;0;7;0;0;2;4;2;B01
201500045507;0;7;0;0;2;1;1;C01
201500045508;0;7;0;0;2;1;0;A01
201500045508;0;7;0;0;2;4;0;B01
201500045509;0;33;0;0;2;1;2;A01
201500045509;0;33;0;0;2;4;2;B01
201500045510;0;7;0;0;2;1;2;A01
201500045510;0;7;0;0;2;4;2;B01
201500045510;0;7;0;0;2;4;2;C01
201500045511;0;7;0;6;0;1;14;A01
201500045512;0;33;0;4;0;1;1;A01
201500045513;0;7;0;4;0;1;14;A01
201500045514;0;7;0;4;0;1;0;A01
201500045515;0;7;0;4;2;1;9;A01
201500045515;0;7;0;0;2;4;21;B01
201500045516;0;7;0;0;2;4;2;C01
201500045516;0;3;0;0;2;1;2;A01
201500045516;0;7;0;0;2;9;2;B01
201500045517;0;7;0;0;2;4;2;D01
201500045517;0;7;0;0;2;4;2;B01
201500045517;0;7;0;0;2;1;2;A01
201500045517;0;7;0;0;2;4;2;C01
201500045518;0;15;0;0;2;1;2;A01
201500045518;0;7;0;16;0;4;2;B01
201500045519;0;7;0;0;2;3;0;A01
201500045519;0;7;0;0;2;5;0;B01
201500045520;0;7;0;0;2;6;2;C01