num_acc;senc;catv;occutc;obs;obsm;choc;manv;num_veh
201500045843;0;33;0;1;0;7;14;A01
201500045844;0;7;0;4;0;1;14;A01
201500045844;0;7;0;4;0;1;1;B01
201500045845;0;7;0;4;0;1;14;A01
201500045846;0;7;0;0;2;4;2;A01
201500045846;0;7;0;0;2;1;2;B01
201500045846;0;14;0;0;2;2;0;C01
201500045847;0;15;0;4;0;8;1;A01
201500045848;0;7;0;3;0;1;21;A01
201500045849;0;7;0;0;2;4;0;B01
201500045849;0;7;0;0;2;1;0;A01
201500045850;0;33;0;0;2;3;3;A01
201500045850;0;7;0;0;2;2;1;B01
201500045851;0;7;0;4;0;6;1;A01
201500045852;1;15;0;0;2;0;0;Z01
201500045852;0;7;0;0;2;2;0;A01
201500045853;0;34;0;0;0;1;0;A01
201500045854;0;7;0;0;2;8;1;B01
201500045854;0;32;0;0;2;7;3;A01
201500045855;0;7;0;0;2;1;1;A01
201500045855;0;10;0;0;2;4;2;B01
201500045856;0;7;0;0;2;1;0;A01
201500045856;0;7;0;0;2;4;0;B01
201500045857;0;33;0;0;2;2;0;A01
201500045857;0;7;0;0;2;4;0;B01
201500045858;0;7;0;0;2;4;2;B01
201500045858;0;7;0;0;2;2;1;A01
201500045859;0;7;0;16;0;9;1;A01
201500045860;0;7;0;4;0;1;14;A01
201500045861;0;7;0;0;2;4;0;C01
201500045861;0;7;0;0;2;4;0;B01
201500045861;0;7;0;0;2;1;2;A01
201500045862;1;7;0;0;2;3;11;A01
201500045862;0;7;0;0;2;3;13;B01
201500045862;0;7;0;0;2;2;1;C01
201500045863;0;33;0;0;0;0;0;A01
201500045864;0;10;0;0;2;1;1;A01
201500045864;0;10;0;0;2;4;1;C01
201500045864;0;7;0;0;2;9;1;B01
201500045865;0;7;0;0;2;4;2;B01
201500045865;0;7;0;0;2;4;2;C01
201500045865;0;7;0;0;2;1;2;A01
201500045866;0;10;0;4;0;9;1;A01
201500045867;0;34;0;16;0;9;1;A01
201500045868;0;7;0;4;0;1;13;A01
201500045869;0;7;0;0;0;0;0;A01
201500045870;0;34;0;0;0;8;1;A01
201500045871;0;32;0;0;2;2;3;A01
201500045871;0;10;0;0;2;6;1;B01
201500045872;0;7;0;0;2;8;11;B01
201500045872;0;33;0;0;2;7;3;A01
201500045873;1;7;0;0;2;1;1;Z01
201500045873;0;7;0;0;2;4;2;A01
201500045874;0;7;0;0;2;4;2;A01
201500045874;0;14;0;0;2;1;1;B01
201500045875;0;33;0;0;2;8;3;B01
201500045875;0;7;0;0;2;7;1;A01
201500045876;0;7;0;16;0;1;1;A01
201500045877;0;15;0;0;2;8;0;A01
201500045877;0;7;0;0;2;7;0;B01
201500045878;0;15;0;0;2;0;0;A01
201500045878;0;7;0;0;2;0;0;B01
201500045879;0;31;0;0;0;7;0;A01
201500045880;0;34;0;0;2;1;3;A01
201500045880;0;7;0;0;2;8;0;B01
201500045881;0;7;0;0;2;4;2;B01
201500045881;0;7;0;0;2;1;1;A01
201500045882;0;37;0;0;2;4;0;A01
201500045882;0;7;0;0;2;1;0;B01
201500045883;0;7;0;0;0;4;2;B01
201500045883;0;7;0;16;2;1;2;A01
201500045884;0;2;0;0;2;3;0;A01
201500045884;0;7;0;0;0;4;0;B01
201500045885;0;7;0;0;2;4;1;B01
201500045885;0;7;0;0;2;4;0;C01
201500045885;0;7;0;0;2;1;0;A01
201500045886;1;7;0;0;0;0;0;Z01
201500045886;0;7;0;0;2;6;21;B01
201500045886;0;7;0;0;2;9;2;A01
201500045887;0;7;0;4;0;3;13;A01
201500045888;0;7;0;0;2;0;0;D01
201500045888;0;7;0;0;2;0;0;A01
201500045888;0;7;0;0;2;0;0;B01
201500045888;0;7;0;0;2;0;0;C01
201500045889;0;7;0;0;2;2;1;B01
201500045889;0;7;0;0;2;6;2;A01
201500045890;0;33;0;16;0;9;1;A01
201500045891;0;15;0;0;2;4;2;A01
201500045891;0;15;0;0;2;1;1;D01
201500045891;0;7;0;0;2;9;2;C01
201500045891;0;7;0;0;2;1;2;B01
201500045892;0;7;0;0;2;0;0;A01
201500045892;0;33;0;0;2;7;0;B01
201500045893;0;33;0;0;2;3;0;B01
201500045893;0;7;0;0;2;7;12;A01
201500045894;0;7;0;0;2;5;1;A01
201500045894;0;31;0;0;2;7;0;C01
201500045894;0;33;0;0;2;1;3;B01
201500045895;0;34;0;0;2;0;0;C01
201500045895;0;7;0;0;2;0;0;B01
201500045895;0;7;0;0;2;0;0;A01
201500045896;0;7;0;0;2;5;2;B01
201500045896;0;7;0;0;2;3;18;A01
201500045896;0;7;0;0;2;8;1;C01
201500045896;0;7;0;0;2;3;1;D01
201500045897;0;33;0;0;2;1;3;C01
201500045897;0;7;0;0;2;3;11;A01
201500045897;0;33;0;0;2;1;3;B01
201500045898;0;7;0;0;0;0;0;C01
201500045898;0;33;0;0;0;0;0;A01
201500045898;0;7;0;0;0;0;0;B01
201500045899;0;7;0;5;0;1;2;A01
201500045900;0;7;0;4;0;2;0;A01
201500045901;0;13;0;0;2;2;0;A01
201500045901;0;7;0;0;2;2;1;B01
201500045902;0;7;0;0;0;9;1;A01
201500045903;1;10;0;0;2;3;1;Z01
201500045903;0;7;0;0;2;5;1;A01
201500045904;0;7;0;0;0;3;13;A01
201500045905;0;34;0;0;2;2;3;A01
201500045905;0;7;0;0;2;6;1;B01
201500045906;0;10;0;0;2;1;2;A01
201500045906;0;13;0;0;2;1;2;C01
201500045906;0;7;0;0;2;4;2;B01
201500045907;0;7;0;0;2;1;2;A01
201500045907;0;7;0;0;2;4;2;B01
201500045908;0;7;0;4;0;9;0;A01
201500045909;0;7;0;0;2;1;1;C01
201500045909;0;7;0;0;2;9;1;A01
201500045909;0;7;0;0;2;3;1;B01
201500045910;0;7;0;0;2;4;0;B01
201500045910;0;7;0;0;0;4;0;C01
201500045910;0;7;0;0;2;1;0;A01
201500045911;0;7;0;14;0;1;2;A01
201500045911;0;7;0;0;0;0;0;B01
201500045911;0;7;0;14;0;4;2;C01
201500045912;0;7;0;16;0;9;1;A01
201500045913;0;7;0;4;0;2;14;A01
201500045914;0;7;0;4;0;1;13;A01
201500045915;1;7;0;0;1;0;0;Z01
201500045916;0;33;0;0;2;1;0;A01
201500045916;0;7;0;0;2;2;12;B01
201500045917;0;7;0;14;2;1;0;B01
201500045917;0;7;0;4;0;1;0;A01
201500045918;0;7;0;0;2;4;23;A01
201500045918;0;7;0;0;2;1;1;C01
201500045918;0;7;0;0;2;4;23;B01
201500045919;0;7;0;0;2;6;1;B01
201500045919;0;33;0;0;2;1;3;A01
201500045920;0;7;0;0;2;1;0;A01
201500045920;0;7;0;0;2;4;0;B01
201500045921;0;7;0;0;2;4;0;B01
201500045921;0;7;0;0;2;1;0;A01
201500045922;0;7;0;1;9;2;21;B01
201500045922;0;17;0;0;0;6;23;A01
201500045923;0;7;0;0;2;1;1;B01
201500045923;0;7;0;0;2;4;2;A01
201500045924;0;34;0;0;2;7;3;A01
201500045924;0;7;0;0;2;8;1;B01
201500045924;0;7;0;0;2;4;2;C01
201500045925;0;7;0;0;2;0;0;C01
201500045925;0;2;0;0;2;0;0;A01
201500045925;0;7;0;0;2;0;0;B01
201500045926;0;7;0;0;2;2;0;C01
201500045926;0;7;0;0;2;4;2;B01
201500045926;0;7;0;0;2;6;1;A01
201500045927;0;7;0;0;2;1;0;A01
201500045927;0;7;0;0;2;1;0;B01
201500045928;0;33;0;16;0;9;1;A01
201500045929;0;33;0;16;0;8;1;A01
201500045930;0;7;0;4;0;2;14;A01
201500045931;0;7;0;0;2;4;2;B01
201500045931;0;7;0;0;2;1;0;A01
201500045932;0;7;0;0;2;6;1;B01
201500045932;0;31;0;0;2;0;3;A01
201500045932;1;7;0;0;0;0;0;Z01
201500045933;0;7;0;0;2;0;0;B01
201500045933;0;7;0;0;0;0;0;C01
201500045933;0;33;0;0;2;0;0;A01
201500045934;0;7;0;0;2;0;1;B01
201500045934;0;31;0;0;2;0;3;A01
201500045935;0;33;0;0;2;7;3;A01
201500045935;0;7;0;0;2;8;1;B01
201500045936;0;33;0;0;2;0;0;A01
201500045936;0;7;0;0;2;0;0;B01
201500045937;0;7;0;0;2;3;11;B01
201500045937;0;7;0;0;2;5;1;A01
201500045938;0;7;0;4;0;2;14;A01
201500045939;0;34;0;0;2;7;0;A01
201500045939;0;7;0;0;2;8;0;B01
201500045940;0;7;0;0;2;1;1;B01
201500045940;0;7;0;0;0;0;0;C01
201500045940;0;7;0;0;0;0;0;A01
201500045941;0;7;0;0;2;7;1;B01
201500045941;0;7;0;0;2;3;9;A01
201500045942;0;7;0;0;2;6;11;B01
201500045942;0;14;0;0;2;2;1;A01
201500045943;0;7;0;0;2;1;2;A01
201500045943;0;7;0;0;2;4;2;C01
201500045943;0;7;0;0;2;4;2;E01
201500045943;0;10;0;0;2;4;2;B01
201500045943;0;10;0;0;2;4;2;D01
201500045944;0;7;0;0;2;8;11;B01
201500045944;0;15;0;0;2;2;1;A01
201500045945;0;14;0;0;2;2;12;A01
201500045945;0;7;0;0;2;8;1;B01
201500045946;0;33;0;0;2;8;1;A01
201500045946;0;7;0;0;2;7;1;B01
201500045947;0;33;0;0;2;1;0;A01
201500045947;0;7;0;0;2;5;0;B01
201500045948;0;7;0;0;2;4;2;B01
201500045948;0;7;0;0;2;6;2;C01
201500045948;0;7;0;0;2;1;1;A01
201500045949;0;7;0;4;0;3;13;A01
201500045950;0;7;0;0;2;1;1;B01
201500045950;0;7;0;0;2;4;1;A01
201500045951;0;33;0;0;2;7;3;A01
201500045951;0;7;0;0;2;8;11;B01
201500045952;0;10;0;0;2;1;1;A01
201500045952;0;15;0;0;0;4;2;B01
201500045953;0;13;0;0;2;1;1;A01
201500045953;0;7;0;0;2;4;2;B01
201500045954;0;7;0;0;2;4;9;B01
201500045954;0;17;0;0;2;1;1;A01
201500045955;0;7;0;4;0;9;13;A01
201500045956;0;31;0;5;0;1;1;A01
201500045957;0;15;0;0;2;8;1;A01
201500045957;0;15;0;0;2;4;2;C01
201500045957;0;7;0;0;2;8;1;D01
201500045957;0;15;0;0;2;1;2;B01
201500045958;0;7;0;0;2;5;9;B01
201500045958;0;7;0;0;2;3;1;A01
201500045959;0;7;0;16;0;1;1;A01
201500045960;0;7;0;0;2;4;23;B01
201500045960;0;7;0;0;0;4;23;C01
201500045960;0;20;0;0;2;1;2;A01
201500045961;0;7;0;4;2;1;13;A01
201500045961;0;7;0;4;2;4;0;B01
201500045962;0;15;0;0;2;2;0;A01
201500045962;0;7;0;0;2;6;0;B01
201500045963;0;7;0;4;0;1;21;A01
201500045964;0;15;0;0;2;1;0;B01
201500045964;0;7;0;0;0;4;2;A01
201500045965;0;33;0;4;0;2;0;A01
201500045966;0;7;0;0;2;4;2;B01
201500045966;0;7;0;0;2;1;1;A01
201500045967;1;1;0;0;0;0;0;Z01
201500045967;0;7;0;14;0;3;21;B01
201500045967;0;7;0;0;2;2;1;A01
201500045968;1;7;0;0;0;4;2;A01
201500045969;0;7;0;0;2;1;2;A01
201500045969;0;7;0;0;2;4;2;B01
201500045970;0;7;0;3;0;3;0;A01
201500045971;0;33;0;0;2;7;3;A01
201500045971;0;7;0;0;2;8;17;B01
201500045972;0;7;0;0;2;8;19;B01
201500045972;0;7;0;0;2;1;1;A01
201500045973;1;99;0;0;2;1;2;Z02
201500045973;1;7;0;0;2;4;2;A01
201500045973;1;7;0;0;2;4;2;Z01
201500045973;1;7;0;0;2;0;0;D01
201500045973;1;7;0;0;2;1;2;B01
201500045973;1;7;0;0;2;1;2;C01
201500045974;0;7;0;15;0;9;1;A01
201500045975;0;7;0;3;0;3;13;A01
201500045976;0;34;0;4;0;1;13;A01
201500045977;0;7;0;0;2;6;2;B01
201500045977;0;7;0;0;2;7;12;A01
201500045978;0;7;0;0;2;4;2;B01
201500045978;0;7;0;0;2;1;1;A01
201500045978;0;7;0;0;2;4;2;C01
201500045979;0;7;0;0;2;4;2;B01
201500045979;0;7;0;0;2;1;2;A01
201500045980;0;7;0;0;2;1;1;A01
201500045980;0;7;0;0;0;4;1;C01
201500045980;0;7;0;0;2;4;1;B01
201500045981;0;15;0;0;2;3;0;B01
201500045981;0;7;0;0;9;8;11;A01
201500045982;0;33;0;4;0;1;14;A01
201500045983;0;7;0;0;2;6;9;A01
201500045983;0;15;0;0;2;2;12;B01
201500045984;0;7;0;0;2;6;2;A01
201500045984;0;37;2;0;2;2;1;B01
201500045985;0;7;0;0;2;0;0;D01
201500045985;0;7;0;0;2;0;0;A01
201500045985;0;7;0;0;2;0;0;C01
201500045985;0;7;0;0;2;0;0;B01
201500045986;0;7;0;4;0;8;14;A01
201500045987;0;34;0;0;2;1;0;A01
201500045987;1;7;0;0;0;0;0;Z01
201500045988;0;7;0;0;2;4;1;A01
201500045988;0;7;0;0;2;4;1;B01
201500045988;0;7;0;0;2;0;0;C01
201500045989;0;15;0;0;2;5;2;A01
201500045989;0;10;0;0;2;3;1;B01
201500045990;1;1;0;0;0;0;0;Z01
201500045990;0;7;0;0;2;1;1;B01
201500045990;0;7;0;0;2;4;2;A01
201500045991;0;7;0;4;0;1;0;A01
201500045992;0;7;0;0;2;6;2;A01
201500045992;0;7;0;0;2;1;2;B01
201500045993;0;34;0;3;0;8;1;A01
201500045994;1;17;0;0;2;0;0;Z01
201500045994;0;7;0;3;0;6;1;A01
201500045995;0;7;0;0;2;0;2;A01
201500045995;0;7;0;0;0;4;2;B01
201500045996;0;33;0;0;2;7;3;A01
201500045996;0;7;0;0;2;3;11;B01
201500045996;0;7;0;0;2;7;1;C01
201500045997;0;7;0;0;2;7;1;A01
201500045997;0;7;0;4;2;8;1;B01
201500045998;0;7;0;3;0;1;0;A01
201500045999;0;7;0;16;2;9;1;A01
201500046000;0;7;0;0;2;7;18;A01
201500046000;0;10;0;0;2;2;1;B01
201500046000;0;10;0;0;2;1;1;C01
201500046001;0;7;0;3;0;1;13;A01
201500046002;0;7;0;4;0;3;13;A01
201500046003;0;99;0;0;2;1;2;A01
201500046003;0;7;0;0;2;4;2;B01
201500046004;0;33;0;0;0;7;0;A01
201500046005;0;32;0;0;2;1;1;B01
201500046005;0;7;0;0;2;4;2;A01
201500046006;0;7;0;4;0;3;17;A01
201500046007;0;34;0;0;2;8;1;A01
201500046007;1;7;0;0;2;7;12;Z01
201500046008;0;7;0;0;2;6;2;B01
201500046008;0;7;0;0;2;1;1;A01
201500046009;0;7;0;0;2;4;2;A01
201500046009;0;7;0;0;2;1;2;B01
201500046010;0;33;0;0;2;9;3;A01
201500046010;0;7;0;0;2;3;1;C01
201500046010;0;7;0;0;2;2;1;B01
201500046011;0;7;0;0;2;4;2;B01
201500046011;0;7;0;0;2;1;1;A01
201500046012;0;7;0;0;2;1;2;A01
201500046012;0;7;0;0;2;4;2;B01
201500046013;0;7;0;14;0;2;12;A01
201500046014;0;7;0;3;0;3;0;A01
201500046015;1;7;0;0;2;0;2;Z01
201500046015;1;33;0;0;2;6;2;A01
201500046016;2;7;0;4;0;2;1;B01
201500046016;0;7;0;0;1;8;22;A01
201500046017;0;31;0;0;2;2;0;A01
201500046017;0;7;0;0;2;3;0;B01
201500046018;0;10;0;0;2;1;0;A01
201500046018;0;7;0;0;0;4;2;B01
201500046019;0;7;0;4;0;3;13;A01
201500046020;1;7;0;0;2;0;12;Z01
201500046020;0;7;0;0;2;4;2;C01
201500046020;0;10;0;0;2;3;2;A01
201500046020;0;7;0;0;2;2;2;B01
201500046020;0;7;0;0;2;3;1;D01
201500046021;0;7;0;6;0;1;14;A01
201500046022;0;15;0;0;2;1;2;A01
201500046022;0;10;0;0;2;4;2;C01
201500046022;0;7;0;0;2;9;2;B01
201500046023;0;33;0;0;0;0;2;A01
201500046024;1;7;0;0;2;0;0;Z01
201500046024;0;7;0;0;2;8;2;B01
201500046024;0;7;0;0;2;4;2;A01
201500046025;0;7;0;0;0;0;0;B01
201500046025;0;7;0;0;0;0;0;C01
201500046025;0;7;0;0;0;0;0;D01
201500046025;0;7;0;0;2;1;2;A01
201500046026;0;7;0;4;0;3;13;A01
201500046027;0;7;0;4;0;3;13;A01
201500046028;0;31;0;0;0;7;1;A01
201500046029;0;7;0;0;2;1;1;C01
201500046029;0;7;0;3;2;6;2;B01
201500046029;0;15;0;0;2;3;0;A01
201500046030;0;7;0;0;2;4;2;C01
201500046030;0;7;0;0;2;1;2;A01
201500046030;0;7;0;0;2;4;2;B01
201500046031;0;10;0;0;2;1;1;B01
201500046031;0;7;0;0;2;4;2;A01
201500046032;0;7;0;0;2;4;2;D01
201500046032;0;7;0;0;2;4;2;C01
201500046032;0;7;0;0;2;1;1;A01
201500046032;0;7;0;0;2;4;2;B01
201500046033;0;15;0;0;2;4;2;B01
201500046033;0;14;0;0;2;1;1;C01
201500046033;0;14;0;0;2;4;2;A01
201500046034;0;99;0;0;1;1;1;A01
201500046035;0;7;0;0;2;1;1;A01
201500046035;0;7;0;0;2;4;2;B01
201500046035;0;7;0;0;2;4;2;C01
201500046036;0;7;0;4;0;9;17;A01
201500046037;0;7;0;0;2;2;1;B01
201500046037;0;7;0;0;2;9;14;A01
201500046038;0;7;0;0;2;1;1;A01
201500046038;0;7;0;4;2;4;2;B01
201500046039;0;7;0;0;2;1;13;A01
201500046039;0;7;0;0;2;9;1;B01
201500046039;0;7;0;0;2;4;1;C01
201500046040;0;7;0;0;2;3;11;A01
201500046040;0;33;0;0;2;2;1;B01
201500046041;0;7;0;4;0;2;12;A01
201500046042;0;7;0;4;0;9;13;A01
201500046043;0;7;0;0;2;1;0;A01
201500046043;0;7;0;14;0;1;0;C01
201500046043;0;7;0;16;0;9;0;B01
201500046044;2;7;0;0;2;1;18;Z01
201500046044;0;7;0;0;2;4;1;B01
201500046045;1;7;0;5;2;1;0;A01
201500046046;0;7;0;0;2;4;0;B01
201500046046;0;7;0;0;2;1;0;A01
201500046047;0;10;0;0;2;1;1;A01
201500046047;0;7;0;0;2;4;1;B01
201500046048;0;7;0;4;0;3;0;A01
201500046049;0;31;0;0;0;8;0;A01
201500046050;0;33;0;0;2;7;1;A01
201500046050;0;10;0;0;2;8;11;B01
201500046051;0;7;0;0;2;4;2;B01
201500046051;0;7;0;0;2;4;2;C01
201500046051;0;10;0;0;2;1;2;A01
201500046051;0;7;0;0;2;4;2;D01
201500046052;0;33;0;0;2;1;3;B01
201500046052;0;7;0;0;2;5;12;A01
201500046053;0;7;0;4;0;3;21;B01
201500046053;0;33;0;0;2;9;3;C01
201500046053;0;7;0;0;2;7;12;A01
201500046054;0;10;0;0;2;1;2;A01
201500046054;0;10;0;0;0;0;0;B01
201500046055;0;7;0;6;0;1;14;A01
201500046056;0;7;0;0;0;1;1;A01
201500046057;0;7;0;0;2;2;1;A01
201500046057;0;7;0;0;2;1;9;B01
201500046058;0;7;0;13;0;1;14;A01
201500046059;0;15;0;0;2;1;1;A01
201500046059;0;7;0;0;2;8;11;B01
201500046060;0;7;0;13;0;9;13;A01
201500046061;0;7;0;4;0;2;12;A01
201500046062;0;2;0;0;0;0;0;A01
201500046063;0;7;0;3;0;3;2;A01
201500046064;0;33;0;0;2;1;3;A01
201500046065;0;7;0;1;0;2;1;A01
201500046065;0;7;0;0;2;6;23;B01
201500046066;0;10;0;3;0;3;13;A01
201500046067;0;15;0;0;2;1;0;A01
201500046067;0;7;0;0;2;7;0;B01
201500046068;0;34;0;0;2;2;0;C01
201500046068;0;7;0;0;2;4;0;A01
201500046068;0;7;0;0;0;1;0;B01
201500046069;0;2;0;16;0;9;1;A01
201500046070;0;7;0;0;0;0;0;A01
201500046071;0;7;0;0;2;4;2;B01
201500046071;0;7;0;0;2;1;1;A01
201500046071;0;7;0;0;2;6;2;C01
201500046072;0;7;0;4;0;3;13;A01
201500046073;0;7;0;0;0;0;0;A01
201500046074;0;7;0;0;2;4;2;B01
201500046074;0;7;0;0;2;1;1;A01
201500046074;0;7;0;0;2;4;2;C01
201500046075;0;7;0;;2;6;1;B01
201500046075;0;7;0;0;2;5;9;A01
201500046076;0;10;0;0;2;2;2;C01
201500046076;0;7;0;0;2;3;1;A01
201500046076;0;7;0;0;2;4;2;B01
201500046077;0;7;0;0;0;4;2;B01
201500046077;0;7;0;14;2;1;2;A01
201500046078;0;33;0;0;2;8;1;A01
201500046078;1;7;0;0;0;;17;Z01
201500046079;0;7;0;0;2;8;1;A01
201500046079;0;7;0;14;0;1;0;B01
201500046079;1;7;0;0;0;0;0;Z01
201500046080;0;7;0;4;0;1;14;A01
201500046081;0;34;0;0;2;7;0;B01
201500046081;0;7;0;0;2;8;0;A01
201500046082;0;31;0;5;0;9;0;A01
201500046083;0;31;0;16;0;2;1;A01
201500046084;0;7;0;0;2;6;0;A01
201500046084;0;7;0;0;2;2;11;B01
201500046085;0;7;0;3;0;1;2;A01
201500046086;0;7;0;0;2;1;1;B01
201500046086;0;7;0;0;2;4;2;A01
201500046087;0;7;0;0;2;1;2;B01
201500046087;0;7;0;0;2;4;0;A01
201500046087;0;7;0;0;2;2;2;C01
201500046087;0;7;0;0;2;1;2;D01
201500046088;0;7;0;4;0;3;13;A01
201500046089;0;7;0;4;0;1;14;A01
201500046090;0;10;0;0;2;6;2;C01
201500046090;0;7;0;0;2;9;13;A01
201500046090;0;15;0;0;2;9;21;B01
201500046091;0;7;0;0;2;1;0;A01
201500046091;0;7;0;0;2;4;0;B01
201500046092;0;7;0;3;0;1;0;A01
201500046093;0;7;0;0;2;5;2;B01
201500046093;0;32;0;0;2;1;2;A01
201500046094;0;7;0;0;2;3;14;A01
201500046095;0;7;0;0;2;1;2;A01
201500046095;0;7;0;0;2;4;2;C01
201500046095;0;7;0;0;2;4;2;B01
201500046096;0;7;0;0;2;6;23;B01
201500046096;0;33;0;0;2;7;3;A01
201500046097;1;7;0;0;2;0;0;Z01
201500046097;0;7;0;0;2;5;0;A01
201500046098;0;7;0;0;2;7;0;A01
201500046098;0;33;0;0;2;1;0;B01
201500046099;0;7;0;0;2;5;1;B01
201500046099;0;33;0;0;2;1;13;A01
201500046100;0;7;0;0;2;1;1;A01
201500046100;0;1;0;0;0;4;2;B01
201500046101;0;7;0;0;2;1;2;A01
201500046101;0;7;0;0;2;4;2;B01
201500046102;0;33;0;0;2;8;1;B01
201500046102;0;7;0;0;2;7;12;A01
201500046103;2;7;0;0;2;4;1;B01
201500046103;0;15;0;0;2;2;0;A01
201500046103;0;7;0;0;2;4;0;C01
201500046104;0;33;0;0;2;1;1;A01
201500046104;0;7;0;0;2;4;2;B01
201500046105;0;33;0;0;2;1;3;A01
201500046105;0;7;0;0;2;8;11;B01
201500046106;0;33;0;0;2;1;3;A01
201500046106;1;33;0;0;2;4;3;B01
201500046107;0;10;0;0;2;1;0;A01
201500046107;0;10;0;0;2;4;0;C01
201500046107;0;7;0;0;2;4;0;B01
201500046107;0;7;0;0;2;4;0;D01
201500046108;0;7;0;0;2;1;0;C01
201500046108;0;7;0;0;2;4;0;A01
201500046108;0;7;0;0;2;0;0;B01
201500046109;0;7;0;0;2;4;2;B01
201500046109;0;7;0;0;2;1;2;A01
201500046110;0;7;0;0;2;1;2;B01
201500046110;0;7;0;0;2;4;2;C01
201500046110;0;15;0;0;2;1;1;A01
201500046111;0;10;0;0;2;4;2;B01
201500046111;0;33;0;0;2;1;2;A01
201500046112;0;7;0;0;2;7;0;A01
201500046112;0;33;0;0;2;0;0;B01
201500046113;0;7;0;0;2;3;0;A01
201500046113;0;33;0;0;2;2;0;B01
201500046114;0;33;0;0;2;0;0;A01
201500046114;0;7;0;0;2;0;0;B01
201500046115;0;7;0;0;2;4;0;A01
201500046115;0;7;0;0;2;4;1;B01
201500046116;0;33;0;0;0;0;2;A01
201500046117;0;7;0;4;0;3;13;A01
201500046118;0;7;0;0;2;4;2;B01
201500046118;0;7;0;0;2;1;1;A01
201500046119;0;7;0;0;2;4;2;B01
201500046119;0;7;0;0;2;1;1;A01
201500046120;0;7;0;0;2;1;2;D01
201500046120;0;7;0;0;2;6;2;A01
201500046120;0;7;0;0;2;1;1;B01
201500046120;0;7;0;0;2;1;2;C01
201500046121;0;15;0;0;2;4;0;B01
201500046121;0;10;0;0;2;1;2;A01
201500046122;0;7;0;0;2;8;0;A01
201500046122;0;14;0;0;2;2;12;B01
201500046123;0;7;0;0;2;3;0;B01
201500046123;0;31;0;0;2;2;0;A01
201500046124;0;7;0;4;0;1;16;A01
201500046125;0;33;0;0;2;1;3;A01
201500046125;0;7;0;0;2;5;1;C01
201500046125;0;10;0;0;2;8;0;B01
201500046126;0;10;0;4;0;1;13;A01
201500046127;0;7;0;0;2;7;12;C01
201500046127;0;33;0;0;2;8;3;B01
201500046127;0;7;0;0;9;4;1;A01
201500046128;0;7;0;4;0;3;13;A01
201500046129;0;10;0;0;2;5;2;A01
201500046129;0;33;0;0;2;1;1;B01
201500046130;0;7;0;0;2;6;2;B01
201500046130;0;7;0;1;2;2;11;A01
201500046130;0;15;0;0;2;5;2;C01
201500046131;0;7;0;0;2;1;2;A01
201500046131;0;7;0;0;2;4;2;B01
201500046132;0;7;0;0;2;9;2;B01
201500046132;0;7;0;0;2;9;1;A01
201500046133;0;7;0;0;2;1;1;A01
201500046133;0;7;0;0;2;4;2;B01
201500046134;0;7;0;0;2;4;2;A01
201500046134;0;7;0;0;2;1;1;B01
201500046135;0;7;0;4;0;8;13;A01
201500046136;0;15;0;0;2;0;0;A01
201500046136;0;7;0;0;0;0;0;B01
201500046137;0;7;0;0;2;4;2;B01
201500046137;0;7;0;0;2;4;2;A01
201500046137;0;7;0;0;2;1;1;C01
201500046138;0;7;0;0;2;8;9;A01
201500046138;0;14;0;0;2;7;1;B01
201500046139;0;7;0;4;2;9;18;A01
201500046139;0;10;0;0;2;7;1;B01
201500046140;0;7;0;0;1;3;1;B01
201500046141;0;7;0;4;0;3;13;A01
201500046142;1;7;0;0;0;0;0;Z01
201500046142;0;7;0;0;2;4;0;A01
201500046143;0;7;0;3;0;1;14;A01
201500046144;0;7;0;0;2;3;11;B01
201500046144;0;15;0;0;2;2;12;A01
201500046145;0;7;0;0;2;4;0;D01
201500046145;0;7;0;0;2;1;0;A01
201500046145;0;7;0;0;2;1;0;B01
201500046145;0;32;0;0;2;4;0;C01
201500046146;0;33;0;0;2;2;3;A01
201500046146;0;7;0;0;2;8;1;B01
201500046147;0;7;0;0;2;3;16;A01
201500046147;0;15;0;0;2;5;2;B01
201500046148;0;7;0;0;2;3;1;B01
201500046148;0;15;0;0;2;7;17;A01
201500046149;0;33;0;0;2;9;2;A01
201500046150;0;7;0;0;2;1;1;A01
201500046150;0;7;0;0;2;4;2;B01
201500046151;0;7;0;0;2;1;1;A01
201500046151;0;7;0;0;2;4;2;B01
201500046151;0;7;0;0;2;4;2;C01
201500046152;0;7;0;0;2;4;0;A01
201500046152;0;7;0;0;2;1;0;B01
201500046153;0;3;0;3;0;1;0;A01
201500046154;0;7;0;3;0;1;0;A01
201500046155;0;7;0;0;2;1;1;A01
201500046155;0;7;0;0;2;4;2;B01
201500046156;0;7;0;0;2;1;12;A01
201500046156;0;7;0;0;2;5;2;B01
201500046157;0;10;0;4;0;3;1;A01
201500046158;0;7;0;4;0;2;21;A01
201500046159;0;7;0;4;2;1;1;A01
201500046159;0;7;0;4;2;4;2;B01
201500046160;0;10;0;0;2;6;2;B01
201500046160;0;33;0;0;2;1;2;A01
201500046161;0;10;0;4;2;2;0;A01
201500046161;0;7;0;4;2;8;2;B01
201500046162;0;15;0;0;2;4;0;C01
201500046162;0;7;0;0;2;2;0;A01
201500046162;0;33;0;0;2;3;0;B01
201500046163;0;7;0;0;9;1;11;A01
201500046164;0;7;0;0;2;1;1;A01
201500046164;0;10;0;0;2;1;2;B01
201500046164;1;7;0;0;2;0;0;Z01
201500046165;0;7;0;0;2;2;1;A01