num_acc;senc;catv;occutc;obs;obsm;choc;manv;num_veh
201500046165;0;13;0;0;2;6;24;B01
201500046166;0;7;0;0;2;4;2;B01
201500046166;0;7;0;0;2;1;1;A01
201500046167;0;7;0;0;0;1;0;A01
201500046168;0;7;0;0;2;1;1;A01
201500046168;0;7;0;0;2;4;2;B01
201500046168;0;7;0;0;2;4;2;C01
201500046168;0;7;0;0;2;4;2;D01
201500046168;0;7;0;0;2;4;2;E01
201500046169;0;7;0;0;0;1;2;A01
201500046170;0;10;0;3;0;9;14;A01
201500046171;0;7;0;0;2;1;1;A01
201500046171;0;7;0;4;2;5;2;B01
201500046172;0;7;0;0;2;7;0;B01
201500046172;0;7;0;0;2;1;11;A01
201500046173;0;7;0;4;0;1;1;A01
201500046174;0;7;0;0;2;4;2;B01
201500046174;0;7;0;0;2;4;1;C01
201500046174;0;7;0;0;2;1;1;A01
201500046175;0;7;0;0;9;0;0;A01
201500046176;0;7;0;0;2;4;2;B01
201500046176;0;7;0;0;2;4;2;C01
201500046176;0;7;0;0;2;1;1;A01
201500046177;0;7;0;0;2;1;1;B01
201500046177;0;7;0;0;2;3;14;A01
201500046178;0;31;0;1;2;1;0;A01
201500046178;0;7;0;1;2;6;18;C01
201500046178;0;7;0;1;2;9;23;B01
201500046179;0;7;0;4;0;1;14;A01
201500046180;0;14;0;4;0;2;14;A01
201500046181;0;7;0;3;2;9;12;A01
201500046182;0;7;0;0;2;7;2;A01
201500046183;0;7;0;0;2;1;3;A01
201500046183;0;7;0;14;0;4;1;B01
201500046183;0;7;0;14;0;0;0;C01
201500046184;0;7;0;0;2;4;2;A01
201500046184;0;7;0;0;2;1;2;B01
201500046184;0;7;0;0;2;1;2;C01
201500046184;0;7;0;0;2;1;2;D01
201500046184;0;7;0;0;2;1;2;E01
201500046185;0;7;0;4;0;1;0;A01
201500046186;0;7;0;4;0;3;21;A01
201500046187;0;7;0;0;2;4;1;B01
201500046187;0;7;0;0;2;1;14;A01
201500046188;0;7;0;4;0;3;13;A01
201500046189;0;7;0;4;0;5;0;A01
201500046190;0;33;0;0;0;6;2;B01
201500046190;0;33;0;0;2;1;2;A01
201500046191;0;7;0;0;0;6;0;B01
201500046191;0;31;0;0;2;1;0;A01
201500046192;0;7;0;4;0;1;0;A01
201500046193;0;33;0;0;2;1;2;A01
201500046193;0;7;0;0;0;4;2;B01
201500046194;0;33;0;0;0;8;0;A01
201500046195;0;7;0;0;2;1;1;B01
201500046195;0;7;0;0;2;6;9;A01
201500046196;0;33;0;0;0;8;21;A01
201500046197;0;7;0;4;0;3;0;A01
201500046198;0;7;0;0;2;1;2;A01
201500046198;0;7;0;0;2;4;2;B01
201500046199;0;7;0;0;2;1;2;A01
201500046199;0;7;0;0;0;0;0;B01
201500046200;0;17;0;0;0;0;0;A01
201500046200;0;7;0;0;0;0;0;B01
201500046201;0;7;0;0;0;0;0;C01
201500046201;0;7;0;0;2;1;2;A01
201500046201;0;7;0;0;0;0;0;B01
201500046202;0;7;0;0;0;0;0;C01
201500046202;0;7;0;0;0;0;0;B01
201500046202;0;33;0;0;0;0;0;A01
201500046203;0;7;0;0;2;0;0;B01
201500046203;0;34;0;0;2;0;0;A01
201500046204;0;32;0;0;0;0;0;A01
201500046205;0;7;0;0;0;0;0;A01
201500046205;0;7;0;0;0;0;0;B01
201500046206;0;7;0;4;0;1;2;A01
201500046207;0;7;0;0;0;3;1;A01
201500046208;0;7;0;0;0;0;0;A01
201500046209;0;10;0;0;2;1;0;A01
201500046209;0;7;0;0;0;4;0;B01
201500046210;0;7;0;0;0;0;0;A01
201500046210;0;33;0;0;2;1;3;B01
201500046211;0;7;0;0;0;0;0;B01
201500046211;0;33;0;0;2;8;3;A01
201500046212;0;33;0;0;2;0;3;A01
201500046213;0;31;0;0;2;5;0;B01
201500046213;0;15;0;0;2;6;0;D01
201500046213;0;7;0;13;0;1;0;A01
201500046213;0;7;0;1;2;1;0;C01
201500046214;0;7;0;4;0;3;11;A01
201500046215;0;33;0;0;0;0;0;A01
201500046215;0;7;0;0;0;0;0;B01
201500046216;0;7;0;4;2;5;17;B01
201500046216;0;7;0;0;2;3;13;A01
201500046217;0;7;0;4;9;7;2;A01
201500046218;0;7;0;4;0;3;15;A01
201500046219;0;7;0;4;0;1;0;A01
201500046220;0;33;0;16;0;7;0;A01
201500046221;0;7;0;0;0;4;2;B01
201500046221;0;7;0;0;2;1;2;A01
201500046222;0;33;0;0;2;1;3;A01
201500046222;0;7;0;0;2;6;11;B01
201500046223;0;7;0;0;0;0;0;A01
201500046224;0;7;0;0;2;4;2;B01
201500046224;0;7;0;0;2;1;2;A01
201500046224;0;10;0;0;2;4;2;D01
201500046224;0;7;0;0;2;4;2;C01
201500046225;0;7;0;5;2;7;6;A01
201500046225;0;34;0;0;0;8;0;B01
201500046226;0;15;0;4;0;3;2;A01
201500046227;0;7;0;0;2;4;1;C01
201500046227;0;7;0;0;2;3;2;A01
201500046227;0;7;0;0;2;1;2;B01
201500046228;0;7;0;0;2;1;2;A01
201500046228;0;7;0;0;0;4;1;B01
201500046229;0;7;0;3;0;7;1;A01
201500046230;0;7;0;4;0;1;1;A01
201500046231;0;32;0;0;2;2;3;A01
201500046231;0;7;0;0;0;4;1;B01
201500046232;0;7;0;0;2;1;2;A01
201500046232;0;7;0;0;2;4;23;B01
201500046232;0;7;0;0;2;4;23;D01
201500046232;0;7;0;0;2;4;23;C01
201500046233;0;7;0;0;2;3;11;B01
201500046233;0;33;0;0;2;2;1;A01
201500046234;0;7;0;0;2;1;2;A01
201500046234;0;7;0;0;2;4;2;B01
201500046235;0;3;0;4;0;2;14;A01
201500046236;0;7;0;5;0;2;0;A01
201500046237;0;7;0;0;2;1;5;A01
201500046237;0;7;0;0;2;1;1;B01
201500046238;0;7;0;0;2;1;2;A01
201500046238;0;7;0;0;0;0;0;B01
201500046239;0;7;0;0;2;1;2;A01
201500046239;0;7;0;0;2;4;2;B01
201500046240;0;7;0;0;2;8;11;A01
201500046240;0;33;0;0;2;7;0;B01
201500046241;0;33;0;0;2;3;0;B01
201500046241;0;10;0;0;2;5;12;A01
201500046242;0;33;0;0;2;3;3;A01
201500046242;0;7;0;0;2;7;12;B01
201500046243;0;7;0;0;2;4;23;C01
201500046243;0;7;0;0;2;1;2;A01
201500046243;0;7;0;0;2;4;23;B01
201500046244;0;33;0;0;0;4;1;A01
201500046244;0;7;0;0;0;5;2;C01
201500046244;0;7;0;0;0;0;2;B01
201500046245;2;7;0;4;0;9;23;Z01
201500046245;0;7;0;0;2;2;2;B01
201500046246;0;7;0;0;2;4;2;B01
201500046246;0;32;0;0;2;2;2;A01
201500046246;0;7;0;0;2;4;2;D01
201500046246;0;7;0;0;2;6;2;E01
201500046246;0;7;0;0;2;3;2;F02
201500046246;0;7;0;0;2;1;2;C01
201500046247;0;7;0;4;0;2;0;A01
201500046248;0;7;0;0;0;1;0;A01
201500046249;0;32;0;0;2;1;3;A01
201500046249;1;1;0;0;0;0;0;Z01
201500046250;0;7;0;0;0;0;0;A01
201500046251;0;15;0;3;2;1;1;A01
201500046251;0;7;0;3;0;6;2;B01
201500046252;0;33;0;0;2;7;3;B01
201500046252;0;7;0;0;2;8;11;A01
201500046253;0;7;0;14;0;1;0;A01
201500046254;0;33;0;0;2;1;0;A01
201500046254;0;7;0;0;2;4;0;B01
201500046254;0;7;0;0;2;4;0;C01
201500046255;0;33;0;0;2;1;2;A01
201500046255;0;10;0;0;2;4;1;B01
201500046256;0;7;0;0;2;7;12;A01
201500046256;0;33;0;0;2;3;1;B01
201500046257;0;7;0;0;2;1;2;A01
201500046257;0;7;0;0;9;4;2;B01
201500046258;0;7;0;0;0;4;2;B01
201500046258;0;7;0;0;2;1;2;A01
201500046259;0;14;0;0;2;8;13;A01
201500046259;0;7;0;0;2;1;2;B01
201500046260;0;33;0;0;0;8;16;A01
201500046261;0;32;0;0;0;7;2;A01
201500046262;0;7;0;0;2;6;2;B01
201500046262;0;7;0;0;2;2;2;A01
201500046263;0;7;0;3;0;3;2;A01
201500046264;0;7;0;4;2;1;2;A01
201500046264;0;7;0;0;2;6;2;B01
201500046265;0;34;0;0;2;2;2;A01
201500046266;0;7;0;0;0;8;2;D01
201500046266;0;7;0;0;2;2;2;A01
201500046266;0;7;0;0;0;4;2;C01
201500046266;0;7;0;0;0;6;2;B01
201500046267;0;34;0;0;0;0;0;A01
201500046268;0;15;0;4;0;3;0;A01
201500046269;0;7;0;3;0;1;17;A01
201500046270;0;7;0;3;0;2;0;A01
201500046271;0;33;0;14;0;2;6;A01
201500046272;0;7;0;4;0;1;0;A01
201500046273;0;32;0;4;0;7;2;A01
201500046274;0;32;0;0;0;0;0;A01
201500046275;0;7;0;0;2;4;2;B01
201500046275;0;7;0;0;2;1;2;A01
201500046276;0;33;0;16;0;3;3;A01
201500046277;0;7;0;0;2;4;2;B01
201500046277;0;7;0;0;2;1;2;A01
201500046278;0;7;0;0;2;3;1;B01
201500046278;0;15;0;0;2;2;3;A01
201500046279;0;7;0;0;2;6;23;B01
201500046279;0;34;0;0;0;0;0;A01
201500046280;0;7;0;0;2;4;0;B01
201500046280;0;33;0;0;2;1;0;A01
201500046280;0;7;0;0;0;0;0;C01
201500046281;0;7;0;0;2;4;23;D01
201500046281;0;7;0;0;2;4;23;C01
201500046281;0;7;0;0;2;4;23;B01
201500046281;0;7;0;0;2;1;2;A01
201500046282;0;7;0;0;2;1;2;A01
201500046282;0;7;0;0;2;4;2;B01
201500046283;0;15;0;0;1;7;2;B01
201500046284;0;33;0;0;2;1;1;A01
201500046284;0;7;0;0;2;4;1;B01
201500046285;0;7;0;0;2;3;11;A01
201500046285;0;34;0;0;2;5;0;B01
201500046286;0;7;0;4;0;3;19;A01
201500046287;0;33;0;0;0;0;0;B01
201500046287;0;7;0;0;0;0;0;A01
201500046288;0;7;0;0;0;4;2;C01
201500046288;0;7;0;0;2;1;2;A01
201500046288;0;7;0;0;2;4;2;B01
201500046289;0;7;0;0;2;4;2;B01
201500046289;0;34;0;0;2;1;2;A01
201500046289;0;7;0;0;2;4;2;C01
201500046290;0;7;0;0;2;5;2;B01
201500046290;0;34;0;0;2;3;3;A01
201500046291;0;7;0;0;2;3;12;A01
201500046291;0;7;0;0;9;5;1;B01
201500046292;0;7;0;3;0;1;1;A01
201500046293;0;7;0;0;2;0;0;B01
201500046293;0;15;0;0;0;0;0;A01
201500046294;0;7;0;0;0;0;0;B01
201500046294;0;7;0;0;0;0;0;C01
201500046294;0;7;0;0;0;0;0;A01
201500046295;0;7;0;0;2;1;2;A01
201500046295;0;7;0;0;2;4;2;B01
201500046296;0;7;0;0;2;6;12;B02
201500046296;0;33;0;0;2;1;3;A01
201500046297;0;33;0;7;0;1;11;A01
201500046298;0;7;0;3;0;6;0;A01
201500046299;1;7;0;0;0;0;0;Z01
201500046299;0;33;0;0;2;0;2;B01
201500046300;0;10;0;0;2;5;1;C01
201500046300;0;7;0;0;2;5;12;A01
201500046300;0;33;0;0;2;3;3;B01
201500046301;0;7;0;0;0;0;0;A01
201500046301;0;7;0;0;0;0;0;B01
201500046302;0;7;0;3;0;8;11;A01
201500046302;0;15;0;0;2;2;1;B01
201500046303;0;30;0;3;0;1;1;A01
201500046304;0;33;0;0;2;1;1;A01
201500046304;0;10;0;0;2;4;1;B01
201500046305;0;7;0;4;0;3;11;A01
201500046306;1;7;0;0;2;7;2;A01
201500046306;0;7;0;2;2;8;2;B01
201500046307;0;7;0;0;2;4;14;B01
201500046307;0;34;0;0;2;1;3;A01
201500046308;0;7;0;0;2;2;1;A01
201500046308;0;17;0;0;2;2;0;B01
201500046309;0;33;0;0;2;1;3;A01
201500046309;0;7;0;0;0;4;11;B01
201500046310;0;33;0;0;0;0;3;A01
201500046311;0;7;0;0;0;0;0;A01
201500046311;0;14;0;0;0;0;0;B01
201500046312;0;10;0;0;2;4;23;B01
201500046312;0;10;0;1;0;1;2;A01
201500046313;0;7;0;0;2;5;1;B01
201500046313;0;7;0;0;0;0;0;A01
201500046313;0;7;0;0;2;5;2;C01
201500046314;0;33;0;0;2;1;3;A01
201500046314;0;7;0;0;2;4;0;B01
201500046315;0;7;0;0;0;0;0;A01
201500046315;0;33;0;0;0;0;0;B01
201500046316;0;7;0;4;0;3;11;A01
201500046317;0;31;0;0;0;0;0;A01
201500046318;0;7;0;0;2;4;2;B01
201500046318;0;7;0;0;2;4;2;C01
201500046318;0;7;0;0;2;1;2;A01
201500046319;0;7;0;0;2;6;2;B01
201500046319;0;31;0;0;2;1;3;A01
201500046320;0;7;0;4;0;1;2;A01
201500046321;0;7;0;0;0;5;1;B01
201500046321;0;33;0;0;2;3;3;A01
201500046322;0;7;0;0;2;1;2;C01
201500046322;0;7;0;0;2;1;1;B01
201500046322;0;7;0;0;2;8;1;A01
201500046323;0;7;0;0;9;1;1;A01
201500046324;0;7;0;0;0;0;0;B01
201500046324;0;33;0;0;0;0;0;A01
201500046325;0;34;0;0;2;2;3;A01
201500046325;0;15;0;0;2;3;2;B01
201500046326;0;7;0;0;2;2;12;A01
201500046326;0;32;0;0;2;3;3;B01
201500046327;0;7;0;0;0;0;0;A01
201500046327;0;33;0;0;0;0;0;B01
201500046328;0;7;0;0;0;0;0;B01
201500046328;0;31;0;0;2;1;0;A01
201500046329;0;33;0;0;2;8;2;B01
201500046329;0;7;0;0;2;5;12;A01
201500046330;0;15;0;0;0;0;0;A01
201500046330;0;7;0;0;0;0;0;B01
201500046331;0;32;0;0;0;3;3;A01
201500046332;0;7;0;0;2;5;2;A01
201500046332;0;7;0;0;2;3;2;B01
201500046333;0;7;0;0;2;4;2;B01
201500046333;0;10;0;0;2;4;2;D01
201500046333;0;7;0;0;2;4;2;C01
201500046333;0;10;0;0;2;1;2;A01
201500046334;0;7;0;0;2;2;1;C01
201500046334;1;34;0;0;0;0;0;A01
201500046334;0;34;0;0;2;5;3;B01
201500046335;0;7;0;3;2;5;12;A01
201500046335;0;7;0;3;2;8;1;B01
201500046336;0;15;0;0;2;6;0;B01
201500046336;0;7;0;3;2;2;1;C01
201500046336;0;33;0;1;0;2;18;A01
201500046337;0;33;0;0;2;2;3;A01
201500046337;0;7;0;0;2;7;1;C01
201500046337;0;7;0;0;2;3;11;B01
201500046338;0;33;0;0;0;2;21;A01
201500046339;0;7;0;0;2;4;2;C01
201500046339;0;7;0;0;2;4;2;B01
201500046339;0;7;0;0;2;1;2;A01
201500046340;0;7;0;0;2;4;2;B01
201500046340;0;7;0;0;2;1;1;A01
201500046340;0;7;0;0;2;6;2;C01
201500046340;0;7;0;0;2;4;2;D01
201500046341;0;7;0;0;2;1;2;A01
201500046341;0;7;0;0;2;4;2;B01
201500046342;0;7;0;4;0;9;14;A01
201500046343;0;10;0;0;2;6;11;A01
201500046343;0;10;0;4;2;2;1;B01
201500046344;0;34;0;0;2;2;1;B01
201500046344;0;7;0;0;2;3;14;A01
201500046345;0;31;0;6;2;1;2;A01
201500046345;0;7;0;0;2;2;1;B01
201500046346;0;31;0;0;2;7;3;A01
201500046346;0;7;0;0;0;6;11;B01
201500046347;0;7;0;0;0;0;0;B01
201500046347;0;7;0;0;2;3;1;A01
201500046348;0;10;0;0;0;0;0;A01
201500046348;0;7;0;0;0;0;0;B01
201500046349;0;7;0;4;0;3;13;A01
201500046350;0;7;0;0;2;4;2;B01
201500046350;0;10;0;0;2;1;2;A01
201500046351;0;7;0;3;2;4;23;A01
201500046351;0;7;0;3;2;1;2;B01
201500046352;0;33;0;4;2;2;3;A01
201500046352;0;7;0;0;2;8;11;B01
201500046353;0;33;0;0;2;3;3;A01
201500046353;0;7;0;0;2;0;1;B01
201500046354;0;34;0;0;2;4;2;A01
201500046355;0;7;0;0;2;1;2;A01
201500046355;0;7;0;0;2;1;2;B01
201500046355;0;7;0;0;2;4;2;C01
201500046356;0;7;0;4;0;3;13;A01
201500046357;0;7;0;0;2;2;2;B01
201500046357;0;7;0;4;2;7;0;A01
201500046358;0;33;0;0;2;3;3;A01
201500046358;0;7;0;0;2;2;12;B01
201500046359;0;7;0;0;2;7;1;C01
201500046359;0;34;0;0;2;1;3;B01
201500046359;0;37;0;0;0;6;0;A01
201500046359;0;33;0;0;2;3;3;D01
201500046360;0;7;0;4;0;3;0;A01
201500046361;0;7;0;0;2;0;0;A01
201500046361;0;15;0;0;2;0;0;B01
201500046362;0;33;0;0;2;3;3;A01
201500046362;0;33;0;0;2;5;2;B01
201500046363;0;7;0;4;0;3;13;A01
201500046364;0;7;0;0;2;4;2;B01
201500046364;0;10;0;0;2;1;2;A01
201500046365;0;7;0;0;2;5;2;C01
201500046365;0;7;0;0;2;2;12;A01
201500046365;0;7;0;0;2;3;2;B01
201500046366;0;7;0;4;2;2;0;A01
201500046366;0;7;0;0;0;5;0;B01
201500046367;0;10;0;4;0;2;1;A01
201500046368;0;7;0;0;2;4;2;C01
201500046368;0;7;0;0;2;1;2;A01
201500046368;0;7;0;0;2;4;2;B01
201500046369;0;7;0;4;0;2;2;A01
201500046370;0;7;0;3;0;2;2;A01
201500046371;0;33;0;0;2;1;3;B01
201500046371;0;7;0;0;2;2;12;A01
201500046372;0;7;0;4;0;2;2;A01
201500046373;0;7;0;4;0;2;2;A01
201500046374;0;7;0;2;0;3;0;A01
201500046375;0;31;0;0;2;8;2;A01
201500046375;1;7;0;0;0;0;0;Z01
201500046376;0;7;0;4;0;1;0;A01
201500046377;0;7;0;4;0;1;0;A01
201500046378;0;7;0;0;2;1;0;A01
201500046378;0;3;0;0;2;4;0;B01
201500046379;0;7;0;0;2;4;2;C01
201500046379;0;7;0;0;2;2;1;A01
201500046379;0;7;0;0;2;6;2;B01
201500046380;0;7;0;3;0;2;14;A01
201500046381;0;7;0;0;2;1;2;A01
201500046381;0;7;0;0;2;4;2;C01
201500046381;0;7;0;0;2;4;2;B01
201500046382;0;10;0;0;2;1;2;A01
201500046382;0;7;0;0;2;4;2;C01
201500046382;0;7;0;0;2;4;2;B01
201500046383;0;7;0;0;2;5;0;B01
201500046383;0;2;0;0;2;3;0;A01
201500046384;0;7;0;16;0;7;14;A01
201500046385;0;33;0;0;0;0;0;A01
201500046386;1;7;0;0;0;0;0;Z01
201500046386;0;31;0;0;0;3;9;A01
201500046387;0;7;0;0;2;1;2;A01
201500046387;0;7;0;6;2;1;2;B01
201500046388;0;7;0;0;2;1;2;A01
201500046388;0;7;0;0;0;6;2;B01
201500046389;0;7;0;0;2;4;2;B01
201500046389;0;7;0;0;2;1;2;A01
201500046390;1;7;0;3;0;7;1;A01
201500046391;0;33;0;0;2;1;2;A01
201500046391;0;33;0;0;2;0;0;C01
201500046391;0;7;0;0;2;5;1;B01
201500046392;0;7;0;4;0;3;13;A01
201500046393;0;7;0;0;0;0;0;A01
201500046393;0;33;0;0;0;0;0;B01
201500046393;0;15;0;0;2;0;0;C01
201500046394;0;7;0;9;0;1;1;A01
201500046395;0;33;0;0;2;2;3;A01
201500046395;0;7;0;0;2;2;12;B01
201500046396;0;7;0;0;2;1;2;A01
201500046396;0;7;0;0;2;4;2;B01
201500046397;0;7;0;0;2;4;2;B01
201500046397;0;10;0;0;2;1;1;A01
201500046397;0;7;0;0;2;4;2;C01
201500046397;0;7;0;0;2;4;2;D01
201500046398;0;10;0;0;2;1;2;C01
201500046398;0;7;0;0;2;4;0;E01
201500046398;0;7;0;0;2;1;2;A01
201500046398;0;7;0;0;2;4;2;B01
201500046398;0;7;0;0;2;1;2;D01
201500046399;0;7;0;0;2;2;14;A01
201500046399;0;33;0;3;2;3;2;B01
201500046400;0;7;0;0;2;2;12;B01
201500046400;0;33;0;0;2;3;3;A01
201500046401;0;15;0;0;2;8;2;B01
201500046401;0;7;0;4;2;1;2;A01
201500046401;0;7;0;0;2;3;2;C01
201500046402;0;7;0;4;2;3;1;A01
201500046402;0;7;0;0;2;3;1;B01
201500046403;0;7;0;0;2;6;23;B01
201500046403;0;33;0;0;2;1;0;A01
201500046404;0;7;0;4;0;3;0;A01
201500046405;0;7;0;0;0;0;0;A01
201500046406;0;7;0;3;2;1;0;A01
201500046406;0;7;0;4;2;4;0;B01
201500046407;0;7;0;4;0;3;0;A01
201500046408;0;15;0;0;2;2;1;A01
201500046408;0;7;0;0;2;3;0;B01
201500046409;0;7;0;3;2;5;12;A01
201500046409;0;15;0;0;2;3;1;B01
201500046410;0;7;0;0;2;1;2;A01
201500046410;0;33;0;0;2;4;2;B01
201500046411;0;7;0;0;0;0;0;B01
201500046411;0;7;0;0;0;0;0;C01
201500046411;0;17;0;0;0;0;0;A01
201500046412;0;7;0;0;2;4;0;C01
201500046412;0;7;0;0;2;1;0;A01
201500046412;0;7;0;0;2;4;0;B01
201500046413;0;33;0;0;2;4;2;B01
201500046413;0;7;0;0;2;1;2;A01
201500046414;0;7;0;0;2;0;0;B01
201500046414;0;33;0;1;0;1;1;A01
201500046415;0;33;0;0;2;1;1;D01
201500046415;0;7;0;0;2;6;12;A01
201500046415;0;7;0;0;2;3;1;C01
201500046415;0;99;0;0;2;3;1;B01
201500046416;0;7;0;0;2;5;11;A01
201500046416;0;7;0;0;2;6;0;C01
201500046416;0;7;0;0;2;1;1;B01
201500046417;0;7;0;0;2;6;2;B01
201500046417;0;33;0;0;2;1;2;A01
201500046418;0;7;0;13;0;1;14;A01
201500046419;0;7;0;0;2;1;14;A01
201500046419;0;15;0;0;2;4;2;B01
201500046420;0;34;0;4;0;0;0;A01
201500046421;0;99;0;4;0;6;1;A01
201500046422;0;10;0;4;0;1;1;A01
201500046423;0;7;0;0;2;0;0;A01
201500046423;0;33;0;0;0;0;0;B01
201500046424;0;31;0;0;2;5;2;A01
201500046424;0;7;0;0;0;5;2;B01
201500046425;0;7;0;0;2;7;0;B01
201500046425;0;14;0;4;2;3;0;A01
201500046426;0;31;0;0;2;3;3;A01
201500046426;0;7;0;0;2;5;2;B01
201500046427;0;7;0;3;0;1;1;A01
201500046428;0;7;0;4;0;3;1;A01
201500046429;0;7;0;0;0;0;0;B01
201500046429;0;7;0;0;0;0;0;A01
201500046430;0;32;0;0;2;3;3;A01
201500046430;0;7;0;0;2;2;11;B01
201500046431;0;7;0;0;2;5;2;B01
201500046431;0;7;0;0;2;3;2;A01
201500046432;0;7;0;0;2;4;2;C01
201500046432;0;7;0;0;2;4;2;B01
201500046432;0;14;0;0;2;1;2;A01
201500046433;0;33;0;0;0;2;0;A01
201500046434;0;7;0;0;2;2;2;A01
201500046434;0;7;0;0;2;6;0;B01
201500046435;0;33;0;0;2;8;0;C01
201500046435;0;7;0;0;2;5;0;B01
201500046435;0;33;0;0;2;3;3;A01
201500046435;0;34;0;0;2;0;0;D01
201500046436;0;34;0;0;0;0;0;A01
201500046437;0;7;0;4;0;0;11;A01
201500046437;0;7;0;0;2;4;2;B01
201500046437;0;7;0;0;2;1;2;C01
201500046438;0;34;0;0;0;0;1;A01
201500046439;0;10;0;0;0;0;0;A01
201500046440;0;34;0;0;0;0;0;A01
201500046440;0;7;0;0;0;0;0;B01
201500046441;0;7;0;4;0;3;1;A01
201500046442;0;7;0;0;2;2;1;D01
201500046442;0;7;0;0;2;5;1;C01
201500046442;0;7;0;0;2;3;18;A01
201500046442;0;7;0;0;2;5;1;B01
201500046443;0;32;0;0;0;3;0;A01
201500046444;0;7;0;4;0;1;2;A01
201500046445;0;7;0;4;0;2;1;A01
201500046446;0;7;0;0;2;4;2;B01
201500046446;0;7;0;0;2;1;2;C01
201500046446;0;7;0;0;2;1;2;A01
201500046447;0;17;0;0;2;1;0;A01
201500046447;0;7;0;0;2;4;2;D01
201500046447;0;7;0;0;2;4;2;B01
201500046447;0;7;0;0;2;4;2;C01
201500046447;0;7;0;0;2;4;2;E01
201500046448;0;7;0;0;2;5;2;B01
201500046448;0;7;0;0;2;3;2;A01
201500046449;0;33;0;0;2;7;21;A01
201500046449;0;15;0;0;2;8;2;B01
201500046450;0;33;0;0;2;1;1;A01
201500046450;0;7;0;0;2;5;0;B01
201500046451;0;15;0;0;2;5;23;B01
201500046451;0;7;0;0;2;2;0;A01
201500046452;0;33;0;0;0;2;3;A01
201500046453;0;7;0;0;2;5;2;B01
201500046453;0;34;0;0;2;3;2;A01
201500046454;0;7;0;0;2;1;2;A01
201500046454;0;7;0;0;2;4;2;B01
201500046455;0;10;0;0;2;1;2;A01
201500046455;0;7;0;0;2;4;0;B01
201500046456;0;7;0;0;2;4;2;B01
201500046456;0;10;0;0;2;1;2;A01
201500046456;0;7;0;0;2;4;2;E01
201500046456;0;7;0;0;2;8;2;D01
201500046456;0;10;0;0;2;6;2;C01
201500046457;0;7;0;4;2;6;2;B01
201500046457;0;7;0;0;2;2;12;A01
201500046458;1;7;0;0;2;2;12;Z01
201500046458;0;33;0;0;2;3;3;A01
201500046458;0;7;0;0;0;4;1;B01
201500046459;0;33;0;4;0;3;1;A01
201500046460;0;7;0;0;2;4;2;B01
201500046460;0;7;0;0;2;1;2;A01
201500046461;0;33;0;0;0;0;0;A01
201500046462;0;7;0;4;2;2;17;A01
201500046462;0;7;0;0;2;6;2;B01
201500046463;0;7;0;0;2;6;2;B01
201500046463;0;7;0;0;2;2;0;A01
201500046463;0;7;0;0;2;1;2;D01
201500046463;0;7;0;0;0;4;2;C01
201500046464;0;7;0;0;0;0;0;B01
201500046464;0;33;0;0;0;0;0;A01
201500046465;0;34;0;6;0;3;0;A01
201500046466;0;33;0;0;0;0;0;A01
201500046467;0;14;0;4;0;2;0;A01
201500046468;0;31;0;0;2;2;3;A01
201500046468;0;10;0;0;2;8;11;B01
201500046469;0;7;0;0;0;0;0;B01
201500046469;0;31;0;0;0;1;0;A01
201500046470;0;10;0;0;2;2;2;S01
201500046470;0;7;0;0;0;6;2;B01
201500046471;0;31;0;0;0;3;3;A01
201500046472;0;7;0;0;2;4;2;C01
201500046472;0;7;0;0;2;1;2;A01
201500046472;0;7;0;0;2;4;2;D01
201500046472;0;7;0;0;2;3;0;E01
201500046472;0;7;0;0;2;4;2;B01
201500046473;0;33;0;0;2;2;3;A01
201500046473;0;7;0;0;0;8;1;B01
201500046473;0;7;0;0;0;4;1;C01
201500046474;0;7;0;0;2;1;2;A01
201500046474;0;7;0;0;2;4;2;B01
201500046475;0;7;0;0;2;1;2;A01
201500046475;0;3;0;0;2;4;2;B01
201500046476;0;7;0;0;2;1;2;A01
201500046476;0;7;0;0;2;4;2;B01
201500046477;0;7;0;4;2;1;2;A01
201500046477;0;10;0;4;2;6;2;B01
201500046478;0;7;0;0;2;6;2;A01
201500046478;0;7;0;0;2;3;1;B01
201500046479;0;7;0;11;0;1;0;A01
201500046480;0;7;0;0;2;1;0;A01
201500046480;0;7;0;0;2;4;0;B01
201500046481;0;33;0;0;2;6;3;A01
201500046481;0;7;0;0;2;2;2;B01
201500046482;0;7;0;0;2;1;0;A01
201500046482;0;7;0;0;2;4;0;B01
201500046483;0;34;0;0;0;0;0;A01
201500046484;0;33;0;0;2;1;2;A01
201500046484;0;7;0;0;2;6;2;C01
201500046484;0;7;0;0;2;5;2;B01
201500046485;0;10;0;0;2;7;1;C01
201500046485;0;15;0;0;2;6;0;B01
201500046485;0;31;0;0;2;1;0;A01
201500046486;0;7;0;0;2;0;0;A01
201500046486;0;7;0;0;2;0;0;B01
201500046487;0;38;0;0;0;6;1;C01
201500046487;0;33;0;0;2;3;3;A01
201500046487;0;10;0;0;0;7;1;B01
201500046488;0;33;0;0;0;0;0;A01
201500046488;0;10;0;0;0;0;0;B01
201500046489;0;7;0;0;9;5;12;B01
201500046489;0;33;0;0;2;1;3;A01
201500046490;0;7;0;0;2;1;3;A01
201500046490;0;10;0;0;2;4;0;D01
201500046490;0;7;0;0;2;4;1;B01
201500046490;0;7;0;0;2;4;0;C01
201500046491;0;7;0;0;2;2;12;A01
201500046491;0;33;0;0;2;3;3;B01