num_acc;senc;catv;occutc;obs;obsm;choc;manv;num_veh
201500046492;0;7;0;0;2;8;11;A01
201500046492;0;7;0;0;2;1;1;B01
201500046493;0;7;0;0;0;3;0;A01
201500046494;0;7;0;0;2;4;2;C01
201500046494;0;7;0;0;2;1;2;A01
201500046494;0;7;0;0;2;4;2;B01
201500046495;0;34;0;14;0;1;13;A01
201500046496;0;7;0;0;2;1;0;A01
201500046496;0;7;0;0;2;4;2;B01
201500046497;0;7;0;3;0;2;0;A01
201500046498;0;33;0;0;0;0;0;A01
201500046498;0;7;0;0;0;0;0;B01
201500046499;1;33;0;0;0;0;0;A01
201500046500;0;10;0;14;0;1;2;A01
201500046500;0;20;0;0;2;4;24;B01
201500046501;0;33;0;0;0;0;0;A01
201500046501;0;7;0;0;0;0;0;C01
201500046501;0;7;0;0;0;0;0;B01
201500046502;0;7;0;0;2;0;0;A01
201500046502;0;33;0;0;2;0;0;B01
201500046503;0;33;0;0;2;0;0;A01
201500046503;0;33;0;0;2;0;0;B01
201500046504;0;32;0;0;2;1;3;A01
201500046504;0;7;0;0;2;5;12;B01
201500046505;0;32;0;0;2;3;3;A01
201500046505;0;7;0;0;2;2;12;B01
201500046506;0;7;0;0;2;1;2;A01
201500046506;0;7;0;0;2;4;2;B01
201500046507;0;7;0;0;2;2;11;A01
201500046507;0;7;0;0;2;2;1;B01
201500046507;0;7;0;0;2;4;1;C01
201500046508;0;33;0;0;2;4;21;B01
201500046508;0;32;0;0;2;1;21;A01
201500046509;0;7;0;0;2;1;1;A01
201500046509;0;10;0;0;2;4;1;C01
201500046509;0;7;0;0;2;4;1;B01
201500046510;0;7;0;0;2;5;2;B01
201500046510;0;7;0;0;2;4;2;D01
201500046510;0;7;0;0;2;4;2;C01
201500046510;0;10;0;0;2;3;2;A01
201500046511;0;7;0;0;2;2;12;B01
201500046511;0;33;0;0;2;8;3;A01
201500046512;0;7;0;4;0;1;2;A01
201500046513;0;33;0;0;2;7;3;A01
201500046513;0;10;0;0;2;0;0;B01
201500046514;0;7;0;0;2;4;2;C01
201500046514;0;7;0;0;2;1;2;A01
201500046514;0;7;0;0;2;4;2;B01
201500046515;0;7;0;0;2;6;24;A01
201500046515;0;7;0;0;2;2;21;B01
201500046516;0;33;0;4;0;2;0;A01
201500046517;0;7;0;3;0;1;2;A01
201500046518;0;7;0;0;2;8;1;C01
201500046518;0;34;0;0;2;1;3;A01
201500046518;0;7;0;0;2;7;1;B01
201500046519;0;34;0;0;2;1;2;A01
201500046519;0;7;0;0;2;6;1;C01
201500046519;0;7;0;0;2;2;3;B01
201500046520;0;99;0;0;0;0;0;A01
201500046520;0;7;0;0;2;4;2;B01
201500046520;0;7;0;0;2;4;2;C01
201500046521;0;7;0;0;2;0;0;B01
201500046521;0;34;0;0;2;0;0;A01
201500046522;0;10;0;0;2;4;2;C01
201500046522;0;7;0;0;2;1;2;A01
201500046522;0;7;0;0;2;4;2;B01
201500046523;0;7;0;0;2;4;2;B01
201500046523;0;7;0;0;2;1;2;A01
201500046524;0;33;0;0;2;0;0;A01
201500046524;0;7;0;0;2;0;0;B01
201500046525;0;7;0;0;2;7;12;A01
201500046525;0;33;0;0;2;8;3;B01
201500046526;0;31;0;0;0;7;0;A01
201500046527;0;7;0;0;2;9;0;A01
201500046527;0;7;0;0;2;9;0;B01
201500046527;0;7;0;0;2;4;0;C01
201500046528;0;33;0;0;2;2;3;A01
201500046528;0;7;0;0;2;6;17;B01
201500046529;0;32;0;0;2;8;0;A01
201500046529;0;7;0;0;2;7;0;B01
201500046530;0;7;0;0;2;6;1;B01
201500046530;1;15;0;0;0;0;0;Z01
201500046531;0;33;0;0;2;2;3;A01
201500046531;0;7;0;0;2;6;23;B01
201500046531;0;7;0;0;2;2;1;C01
201500046531;0;7;0;0;2;4;1;D01
201500046532;0;7;0;0;2;4;2;C01
201500046532;0;7;0;0;2;4;2;B01
201500046532;0;14;0;0;2;1;2;A01
201500046532;0;7;0;0;2;4;2;D01
201500046533;0;34;0;0;2;1;2;A01
201500046533;0;7;0;0;0;5;2;B01
201500046534;1;7;0;0;2;4;0;A01
201500046534;0;33;0;0;2;1;0;B01
201500046535;0;7;0;0;2;4;2;B01
201500046535;0;7;0;0;2;4;2;C01
201500046535;0;7;0;0;2;1;2;A01
201500046536;0;34;0;0;2;2;0;A01
201500046536;0;34;0;0;2;4;0;B01
201500046537;0;3;0;0;2;2;0;B01
201500046537;0;33;0;0;2;3;0;A01
201500046538;0;7;0;0;2;0;0;C01
201500046538;0;7;0;0;2;0;0;D01
201500046538;0;10;0;0;2;0;0;B01
201500046538;0;7;0;0;2;0;0;A01
201500046539;0;7;0;0;2;2;0;A01
201500046539;0;7;0;0;2;4;1;C01
201500046539;0;7;0;0;2;3;1;B01
201500046540;0;7;0;4;0;3;0;A01
201500046541;0;7;0;0;0;0;0;A01
201500046542;0;7;0;4;0;2;0;A01
201500046543;0;7;0;4;0;3;1;A01
201500046544;0;7;0;4;0;1;0;A01
201500046545;0;7;0;0;2;7;1;B01
201500046545;2;7;0;0;2;8;3;A01
201500046545;0;7;0;0;2;4;2;C01
201500046545;0;7;0;0;2;5;2;D01
201500046546;0;7;0;0;9;2;2;A01
201500046547;0;7;0;4;0;3;13;A01
201500046548;0;7;0;3;2;2;14;A01
201500046548;0;7;0;0;0;0;0;B01
201500046549;0;7;0;4;2;8;0;A01
201500046549;0;7;0;0;2;2;2;B01
201500046550;0;7;0;0;1;2;2;B01
201500046551;0;7;0;0;2;1;2;A01
201500046551;0;10;0;0;2;4;2;C01
201500046551;0;7;0;0;2;4;2;B01
201500046552;0;7;0;0;2;4;2;B01
201500046552;0;7;0;0;2;4;2;C01
201500046552;0;7;0;0;2;1;2;A01
201500046552;0;7;0;0;2;4;2;D01
201500046553;0;7;0;3;0;2;14;A01
201500046554;0;7;0;0;0;9;21;A01
201500046555;0;7;0;0;0;0;0;A01
201500046556;0;7;0;0;2;2;1;A01
201500046556;0;7;0;0;0;6;2;B01
201500046557;0;10;0;0;2;1;2;A01
201500046557;0;7;0;0;2;4;2;D01
201500046557;0;7;0;0;2;4;2;C01
201500046557;0;7;0;0;2;4;2;E01
201500046557;0;7;0;0;2;5;2;B01
201500046558;0;33;0;14;0;3;1;A01
201500046559;0;7;0;3;0;1;0;A01
201500046560;0;33;0;0;2;1;1;A01
201500046560;0;7;0;0;2;4;1;B01
201500046561;0;7;0;0;2;1;0;A01
201500046561;0;7;0;0;2;4;0;B01
201500046561;0;7;0;0;2;4;0;C01
201500046562;0;33;0;0;2;2;3;A01
201500046562;0;7;0;0;2;3;11;B01
201500046563;0;7;0;0;2;7;1;C01
201500046563;0;7;0;0;2;8;11;B01
201500046563;0;33;0;0;2;7;3;A01
201500046564;0;7;0;10;0;1;1;A01
201500046565;0;7;0;10;0;2;1;A01
201500046566;0;7;0;0;2;1;1;B01
201500046566;0;7;0;0;2;1;5;A01
201500046567;0;7;0;0;2;4;2;A01
201500046567;1;7;0;0;2;1;2;Z01
201500046568;0;7;0;4;0;1;14;A01
201500046569;0;33;0;0;2;2;1;A01
201500046569;0;7;0;0;2;3;0;B01
201500046570;0;30;0;0;0;0;0;A01
201500046571;0;7;0;0;2;1;2;C01
201500046571;0;7;0;0;2;1;2;A01
201500046571;0;7;0;0;2;4;2;B01
201500046572;0;33;0;0;2;2;12;A01
201500046572;0;33;0;0;2;3;1;B01
201500046573;0;33;0;0;2;5;3;A01
201500046573;0;7;0;0;2;8;1;C01
201500046573;0;7;0;0;2;2;12;B01
201500046574;0;10;0;0;2;5;1;C01
201500046574;0;7;0;3;2;1;1;A01
201500046574;0;10;0;0;2;1;1;B01
201500046575;0;33;0;0;2;3;3;A01
201500046575;0;7;0;0;2;5;0;B01
201500046576;0;33;0;12;0;3;2;A01
201500046577;0;7;0;1;0;1;2;A01
201500046577;0;7;0;0;2;4;23;B01
201500046578;0;15;0;0;2;6;1;B01
201500046578;0;38;0;0;2;2;12;A01
201500046579;0;10;0;0;2;4;0;B01
201500046579;0;34;0;0;2;7;0;A01
201500046580;0;7;0;0;2;7;2;A01
201500046580;0;10;0;0;2;2;2;B01
201500046581;0;33;0;0;0;8;3;A01
201500046582;0;7;0;4;0;1;0;A01
201500046583;0;33;0;16;0;7;1;A01
201500046584;0;7;0;0;0;0;0;A01
201500046585;0;10;0;0;2;6;9;B01
201500046585;0;7;0;0;2;2;2;A01
201500046586;0;33;0;0;2;0;0;A01
201500046586;0;7;0;0;2;0;0;B01
201500046587;0;34;0;16;0;7;1;A01
201500046588;0;10;0;0;2;2;1;B01
201500046588;0;10;0;4;2;1;1;C01
201500046588;0;7;0;0;2;6;11;A01
201500046589;0;10;0;1;0;1;2;A01
201500046589;0;7;0;0;0;0;0;B01
201500046590;0;7;0;4;0;1;2;A01
201500046591;0;7;0;0;2;1;12;B01
201500046591;0;7;0;0;2;4;23;A01
201500046591;0;7;0;0;2;5;1;C01
201500046592;0;14;0;0;0;0;0;C01
201500046592;0;7;0;0;0;0;0;B01
201500046592;0;7;0;0;0;0;0;A01
201500046593;0;7;0;4;0;3;13;A01
201500046593;0;7;0;0;2;8;2;B01
201500046594;0;7;0;4;0;1;14;A01
201500046595;0;7;0;4;0;2;0;A01
201500046596;0;7;0;6;0;3;1;A01
201500046597;0;32;0;0;0;3;1;A01
201500046598;0;7;0;0;2;2;0;A01
201500046598;0;7;0;0;0;6;0;B01
201500046599;0;33;0;0;2;3;3;A01
201500046599;0;7;0;0;2;5;2;B01
201500046600;0;7;0;3;0;1;0;A01
201500046601;0;7;0;3;0;1;1;A01
201500046602;0;33;0;0;0;0;0;A01
201500046603;0;7;0;4;0;8;1;A01
201500046604;0;7;0;0;2;4;0;C01
201500046604;0;15;0;0;2;1;1;B01
201500046604;0;7;0;0;2;1;12;A01
201500046605;0;33;0;0;2;3;2;A01
201500046605;0;7;0;0;2;5;2;B01
201500046606;0;15;0;0;0;0;0;C01
201500046606;0;7;0;0;0;0;0;B01
201500046606;0;10;0;0;0;0;0;A01
201500046607;0;7;0;0;2;1;2;A01
201500046607;0;7;0;0;2;4;2;B01
201500046607;0;7;0;0;2;4;2;C01
201500046608;0;7;0;0;2;0;0;A01
201500046608;0;7;0;0;2;0;0;B01
201500046609;0;7;0;0;0;0;0;A01
201500046609;0;10;0;0;0;0;0;B01
201500046610;0;7;0;0;6;1;1;A01
201500046611;0;7;0;0;2;1;2;C01
201500046611;0;7;0;0;0;0;0;A01
201500046611;0;7;0;0;2;1;2;B01
201500046612;0;7;0;0;2;6;0;B01
201500046612;0;7;0;0;2;2;0;A01
201500046613;0;7;0;0;0;0;0;A01
201500046613;0;7;0;0;0;4;2;B01
201500046614;0;7;0;0;2;4;1;B01
201500046614;0;32;0;0;2;1;14;A01
201500046615;0;34;0;0;2;1;1;A01
201500046615;0;7;0;0;2;4;1;B01
201500046616;0;7;0;0;2;3;1;B01
201500046616;0;34;0;0;2;2;2;A01
201500046617;0;7;0;0;2;3;1;C01
201500046617;0;7;0;0;2;2;12;A01
201500046617;0;33;0;0;2;2;12;B01
201500046618;0;10;0;0;0;0;0;B01
201500046618;0;7;0;0;0;0;0;A01
201500046619;0;7;0;0;0;0;0;B01
201500046619;0;33;0;0;0;0;0;A01
201500046620;0;15;0;0;2;2;3;A01
201500046620;0;7;0;0;2;3;1;B01
201500046621;0;7;0;0;2;4;2;C01
201500046621;0;7;0;0;2;4;2;D01
201500046621;0;7;0;0;2;4;2;B01
201500046621;0;7;0;0;2;1;2;A01
201500046622;0;32;0;0;2;2;0;A01
201500046622;0;7;0;0;2;6;23;B01
201500046623;0;7;0;0;2;2;0;C01
201500046623;0;7;0;0;2;4;0;B01
201500046623;0;7;0;0;0;0;0;A01
201500046624;0;7;0;3;0;3;1;A01
201500046625;0;7;0;0;2;5;6;A01
201500046625;0;7;0;0;2;2;1;B01
201500046626;0;7;0;0;2;4;2;D01
201500046626;0;7;0;0;2;4;2;B01
201500046626;0;7;0;0;2;1;2;A01
201500046626;0;7;0;0;0;0;0;C01
201500046627;0;34;0;0;2;1;3;A01
201500046627;0;7;0;0;2;6;11;B01
201500046628;0;7;0;4;0;3;2;A01
201500046629;0;7;0;0;2;1;2;B01
201500046629;0;7;0;4;2;4;2;A01
201500046630;0;7;0;4;0;1;0;A01
201500046631;0;33;0;6;0;2;13;A01
201500046632;0;7;0;4;0;1;2;A01
201500046633;0;7;0;0;0;0;0;A01
201500046633;0;7;0;0;0;0;0;B01
201500046634;0;33;0;0;0;3;1;A01
201500046635;0;7;0;0;2;4;2;C01
201500046635;0;7;0;0;2;1;2;A01
201500046635;0;7;0;0;2;4;2;B01
201500046636;0;7;0;0;0;0;0;C01
201500046636;0;7;0;0;0;0;0;A01
201500046636;0;7;0;0;0;0;0;B01
201500046637;0;7;0;0;0;0;2;A01
201500046638;0;34;0;0;2;1;2;A01
201500046638;0;7;0;0;2;5;2;B01
201500046639;0;31;0;0;2;1;1;A01
201500046639;0;7;0;0;2;5;2;B01
201500046640;2;7;0;4;0;3;0;A01
201500046641;0;7;0;0;2;4;2;B01
201500046641;0;7;0;0;2;1;2;A01
201500046642;0;7;0;4;0;3;17;A01
201500046643;0;31;0;0;2;3;3;A01
201500046644;0;7;0;0;2;4;2;C01
201500046644;0;10;0;0;2;4;2;B01
201500046644;0;14;0;0;2;1;2;A01
201500046645;0;7;0;0;2;3;11;A01
201500046645;0;33;0;4;2;2;3;B01
201500046646;0;7;0;0;2;3;13;A01
201500046646;0;33;0;0;2;1;2;B01
201500046647;0;17;0;0;2;0;0;B01
201500046647;0;7;0;3;2;0;0;A01
201500046648;0;10;0;0;2;4;23;B01
201500046648;0;7;0;0;2;1;2;A01
201500046648;0;7;0;0;2;4;23;C01
201500046649;0;7;0;0;2;1;2;C01
201500046649;0;7;0;0;2;4;2;A01
201500046649;0;7;0;0;2;1;2;B01
201500046650;0;33;0;0;2;7;3;A01
201500046650;1;1;0;0;0;0;0;Z01
201500046651;0;33;0;0;2;1;1;B01
201500046651;0;7;0;0;2;2;1;C01
201500046651;0;7;0;0;2;6;11;A01
201500046652;0;7;0;4;0;4;0;A01
201500046652;0;7;0;4;0;4;0;B01
201500046653;0;14;0;0;2;2;1;A01
201500046653;0;10;0;0;2;4;1;D01
201500046653;0;7;0;0;2;4;1;C01
201500046653;0;7;0;0;2;4;1;B01
201500046653;0;10;0;0;0;4;1;E01
201500046654;0;7;0;0;2;3;0;A01
201500046655;0;10;0;0;0;4;2;D01
201500046655;0;7;0;0;0;6;2;C01
201500046655;0;7;0;0;2;5;2;B01
201500046655;0;7;0;0;2;1;12;A01
201500046656;0;7;0;0;2;1;2;A01
201500046656;0;7;0;0;2;4;2;B01
201500046657;0;7;0;0;2;4;1;B01
201500046657;0;7;0;0;2;4;2;C01
201500046657;0;7;0;0;2;1;1;A01
201500046658;0;7;0;0;0;0;0;C01
201500046658;0;7;0;0;0;0;0;A01
201500046658;0;33;0;0;0;0;0;B01
201500046659;0;7;0;0;2;3;0;A01
201500046659;0;7;0;0;2;9;0;B01
201500046660;0;33;0;0;2;0;0;A01
201500046660;0;7;0;0;2;0;0;C01
201500046660;0;34;0;0;2;0;0;B01
201500046661;0;7;0;0;2;1;14;B01
201500046661;0;33;0;0;2;5;1;A01
201500046662;0;7;0;0;0;6;2;B01
201500046662;0;33;0;0;2;2;1;A01
201500046663;1;10;0;0;0;0;0;Z01
201500046663;0;33;0;0;2;4;3;A01
201500046664;0;7;0;0;2;5;12;A01
201500046664;0;32;0;0;0;0;0;B01
201500046665;0;33;0;0;2;1;2;A01
201500046665;0;7;0;0;2;6;11;B01
201500046666;0;7;0;0;2;2;0;B01
201500046666;0;7;0;0;2;3;0;C01
201500046666;0;33;0;0;2;6;0;A01
201500046667;0;32;0;0;2;1;0;A01
201500046667;0;7;0;0;0;0;0;B01
201500046668;0;7;0;0;2;3;2;A01
201500046668;0;7;0;0;2;5;2;B01
201500046669;0;7;0;0;2;4;2;B01
201500046669;0;32;0;0;2;1;2;A01
201500046670;0;7;0;0;2;1;1;A01
201500046670;0;7;0;0;2;4;0;B01
201500046670;0;7;0;0;2;4;1;C01
201500046671;0;7;0;0;2;4;2;C01
201500046671;0;7;0;0;2;3;0;A01
201500046671;0;7;0;4;2;5;2;B01
201500046672;0;7;0;4;0;3;13;A01
201500046673;0;14;0;0;2;2;12;A01
201500046673;0;7;0;0;2;8;1;B01
201500046674;0;10;0;0;2;8;23;B01
201500046674;0;33;0;0;2;7;0;A01
201500046675;0;7;0;0;2;8;1;B01
201500046675;0;34;0;0;2;7;3;A01
201500046676;0;7;0;0;2;2;13;B01
201500046676;0;7;0;0;2;4;2;C01
201500046676;0;33;0;0;2;3;3;A01
201500046677;0;33;0;0;2;8;2;B01
201500046677;0;7;0;0;2;5;12;A01
201500046678;0;7;0;0;2;4;2;B01
201500046678;0;7;0;0;2;4;0;C01
201500046678;0;7;0;0;2;0;2;A01
201500046679;0;7;0;0;2;5;12;B01
201500046679;0;33;0;0;2;3;3;A01
201500046680;0;7;0;0;2;2;14;B01
201500046680;0;33;0;0;2;3;3;A01
201500046681;0;7;0;0;2;0;0;C01
201500046681;0;7;0;0;2;2;0;A01
201500046681;0;7;0;0;2;0;0;B01
201500046682;0;32;0;0;0;0;0;A01
201500046683;0;31;0;0;2;2;11;A01
201500046683;0;7;0;0;2;6;1;B01
201500046684;0;10;0;4;0;1;0;A01
201500046685;0;33;0;0;2;1;2;A01
201500046685;0;7;0;0;2;4;2;B01
201500046686;0;33;0;0;0;7;3;A01
201500046687;0;7;0;0;2;1;2;A01
201500046687;0;7;0;0;2;4;1;B01
201500046688;0;33;0;0;0;7;1;A01
201500046689;0;33;0;0;2;3;3;A01
201500046689;0;10;0;0;2;0;14;B01
201500046690;0;7;0;0;2;5;2;B01
201500046690;0;7;0;0;2;3;2;A01
201500046691;0;7;0;0;2;4;2;A01
201500046691;0;14;0;0;2;1;2;B01
201500046692;0;7;0;3;0;2;14;A01
201500046693;0;7;0;0;2;4;2;C01
201500046693;0;7;0;0;2;4;2;B01
201500046693;0;10;0;0;2;1;2;A01
201500046694;0;33;0;0;2;1;2;A01
201500046694;0;7;0;0;2;4;2;B01
201500046695;0;33;0;0;2;3;3;B01
201500046695;0;7;0;0;2;2;12;A01
201500046696;0;7;0;13;0;2;2;A01
201500046697;0;33;0;3;0;3;3;A01
201500046698;0;34;0;0;2;1;3;A01
201500046698;0;7;0;0;0;5;1;B01
201500046699;0;33;0;0;2;3;3;A01
201500046699;0;7;0;0;2;7;14;B01
201500046700;0;7;0;4;0;1;2;A01
201500046701;0;10;0;0;2;4;2;B01
201500046701;0;10;0;0;2;1;0;A01
201500046702;0;7;0;0;2;4;2;C01
201500046702;0;10;0;0;2;1;2;A01
201500046702;0;7;0;0;2;4;2;B01
201500046703;0;33;0;0;0;0;1;A01
201500046704;0;7;0;0;2;1;1;A01
201500046704;0;7;0;0;2;4;1;B01
201500046705;0;33;0;0;2;7;3;A01
201500046705;0;10;0;0;2;8;11;B01
201500046706;0;7;0;13;0;1;13;A01
201500046707;0;10;0;0;0;0;12;B01
201500046707;0;33;0;0;0;9;0;A01
201500046708;0;7;0;0;2;1;2;A01
201500046708;0;7;0;0;2;4;0;C01
201500046708;0;7;0;0;2;4;2;B01
201500046709;0;7;0;0;2;2;12;A01
201500046709;0;33;0;0;2;3;3;B01
201500046710;0;7;0;0;2;1;2;A01
201500046710;0;7;0;0;2;4;0;B01
201500046711;0;32;0;0;2;1;0;A01
201500046711;0;7;0;0;2;4;0;B01
201500046712;0;7;0;0;2;5;23;C01
201500046712;0;7;0;0;2;6;23;D01
201500046712;0;7;0;0;2;5;23;B01
201500046712;0;33;0;0;2;3;3;A01
201500046713;0;7;0;4;0;1;0;A01
201500046714;0;7;0;0;2;2;0;A01
201500046714;1;10;0;0;2;5;0;B01
201500046715;0;7;0;0;0;0;0;C01
201500046715;0;7;0;0;2;7;12;B01
201500046715;0;33;0;0;2;8;3;A01
201500046716;0;31;0;0;0;0;0;A01
201500046717;0;7;0;0;2;1;2;C01
201500046717;0;7;0;0;2;4;0;D01
201500046717;1;10;0;0;2;1;0;Y01
201500046717;0;7;0;0;2;3;2;B01
201500046717;1;15;0;0;2;2;14;Z01
201500046718;0;7;0;0;2;3;2;A01
201500046718;0;7;0;0;2;5;2;C01
201500046718;0;7;0;0;2;2;2;B01
201500046719;0;33;0;0;0;0;0;A01
201500046720;0;31;0;0;0;7;2;A01
201500046721;0;7;0;0;2;1;2;A01
201500046721;0;7;0;0;2;1;2;B01
201500046722;0;7;0;0;2;1;2;A01
201500046722;0;7;0;0;2;4;2;B01
201500046723;0;30;0;16;0;7;16;A01
201500046724;0;7;0;0;2;3;1;C01
201500046724;0;33;0;0;2;2;3;A01
201500046724;0;7;0;0;2;8;11;B01
201500046725;0;33;0;16;0;1;9;A01
201500046726;0;7;0;0;2;3;0;B01
201500046726;0;15;0;0;2;2;12;A01
201500046727;0;33;0;0;2;7;1;B01
201500046727;1;10;0;0;0;0;0;Z01
201500046728;0;7;0;0;2;4;1;B01
201500046728;0;7;0;0;2;1;1;A01
201500046729;0;7;0;4;0;9;1;A01
201500046730;0;33;0;3;0;7;0;A01
201500046731;0;10;0;4;0;1;0;A01
201500046732;0;7;0;0;2;6;24;B01
201500046732;0;7;0;1;0;2;2;A01
201500046733;0;33;0;0;2;1;2;A01
201500046733;0;7;0;0;2;5;2;B01
201500046734;0;10;0;0;2;6;11;A01
201500046734;0;33;0;0;2;2;3;B01
201500046735;0;7;0;0;2;4;0;A01
201500046735;1;7;0;0;0;0;0;B01
201500046736;0;7;0;4;0;0;0;A01
201500046737;0;7;0;0;2;6;2;B01
201500046737;0;10;0;0;2;7;2;C01
201500046737;0;31;0;0;2;0;3;A01
201500046738;0;33;0;0;2;0;0;A01
201500046738;0;7;0;0;0;6;1;B01
201500046739;0;7;0;0;2;2;2;C01
201500046739;0;15;0;0;2;3;21;B01
201500046739;0;7;0;0;2;1;2;A01
201500046740;0;7;0;0;2;5;1;C01
201500046740;0;7;0;0;2;8;2;B01
201500046740;0;34;0;0;2;1;2;A01
201500046740;0;7;0;0;2;6;1;D01
201500046741;2;7;0;4;0;3;17;A01
201500046742;0;10;0;0;2;1;2;A01
201500046742;0;7;0;0;2;4;2;B01
201500046743;0;7;0;0;2;5;1;B01
201500046743;0;7;0;0;2;3;0;A01
201500046744;0;7;0;0;2;2;14;A01
201500046744;0;33;0;0;2;1;1;B01
201500046745;0;31;0;0;2;4;2;B01
201500046745;0;7;0;0;2;1;2;A01
201500046746;0;33;0;0;2;1;1;A01
201500046746;0;7;0;0;2;3;2;B01
201500046747;0;7;0;0;2;2;12;A01
201500046747;0;33;0;0;2;1;1;B01
201500046747;0;7;0;0;2;4;1;C01
201500046748;0;7;0;0;2;4;2;B01
201500046748;0;7;0;0;2;1;2;A01
201500046749;0;15;0;4;0;2;0;A01
201500046750;0;7;0;0;2;2;0;C01
201500046750;0;10;0;0;2;1;0;A01
201500046750;0;7;0;4;2;4;0;B01
201500046751;0;7;0;0;2;1;2;A01
201500046751;0;7;0;0;2;4;2;B01
201500046751;0;7;0;0;2;4;2;C01
201500046752;0;33;0;0;2;1;2;B01
201500046752;0;7;0;0;2;5;0;A01
201500046753;0;31;0;0;0;0;0;A01
201500046754;0;7;0;0;2;6;0;B01
201500046754;0;7;0;0;2;2;0;A01
201500046755;0;7;0;4;0;1;2;A01
201500046756;0;7;0;0;0;0;0;B01
201500046756;0;7;0;0;0;0;0;A01
201500046757;0;10;0;0;2;6;2;B01
201500046757;0;33;0;0;2;1;3;A01
201500046758;0;1;0;0;2;3;15;A01
201500046759;0;7;0;0;2;6;11;A01
201500046759;0;33;0;0;2;1;3;B01
201500046760;0;7;0;0;2;4;2;C01
201500046760;0;7;0;0;2;1;2;A01
201500046760;0;7;0;0;2;4;2;B01
201500046761;0;33;0;0;2;7;14;B01
201500046761;1;7;0;0;0;0;0;Z01
201500046761;0;33;0;0;2;3;2;A01
201500046762;0;33;0;0;0;3;0;A01
201500046763;0;7;0;0;2;1;2;A01
201500046763;0;7;0;0;2;4;2;B01
201500046764;0;7;0;0;2;6;1;B01
201500046764;0;33;0;0;2;1;1;A01
201500046765;0;15;0;0;2;6;24;B01
201500046765;0;10;0;1;0;2;1;A01
201500046766;0;7;0;0;2;4;2;C01
201500046766;0;7;0;0;2;1;2;A01
201500046766;0;7;0;0;2;1;2;B01
201500046767;0;33;0;0;2;4;0;B01
201500046767;0;33;0;0;2;1;0;A01
201500046767;0;7;0;0;2;5;2;C01
201500046768;0;7;0;0;2;2;2;A01
201500046768;0;7;0;0;2;6;2;B01
201500046769;0;10;0;0;2;1;0;A01
201500046769;0;7;0;0;0;4;0;C01
201500046769;0;7;0;0;2;4;0;B01
201500046770;0;33;0;0;0;7;3;A01
201500046770;0;7;0;0;2;3;0;B01
201500046771;0;33;0;0;0;0;1;A01
201500046772;0;7;0;0;2;0;0;A01
201500046772;0;33;0;0;0;0;0;B01
201500046773;0;7;0;0;2;4;2;C01
201500046773;0;7;0;0;2;4;2;E01
201500046773;0;15;0;0;2;1;2;A01
201500046773;0;7;0;0;2;4;2;D01
201500046773;0;7;0;0;2;4;2;B01
201500046774;0;7;0;0;2;5;2;B01
201500046774;0;33;0;0;2;3;2;A01
201500046775;0;7;0;0;2;4;2;B01
201500046775;0;7;0;0;2;1;2;A01
201500046776;0;7;0;0;2;4;2;C01
201500046776;0;7;0;0;2;1;2;A01
201500046776;0;7;0;0;2;9;2;B01
201500046777;0;7;0;0;2;3;2;C01
201500046777;0;7;0;0;2;1;2;A01
201500046777;0;30;0;0;2;4;2;B01
201500046778;0;34;0;0;2;7;13;A01
201500046778;0;7;0;0;2;8;11;B01
201500046779;0;7;0;0;2;1;2;A01
201500046779;0;7;0;0;2;6;1;B01
201500046780;0;7;0;0;2;1;2;A01
201500046780;0;7;0;0;2;1;2;B01
201500046780;0;7;0;0;2;4;2;C01
201500046780;0;7;0;0;2;4;2;D01
201500046781;0;3;0;0;0;0;0;A01
201500046782;0;7;0;0;0;4;0;C01
201500046782;0;7;0;0;0;1;1;A01
201500046782;0;7;0;0;0;4;1;B01
201500046783;0;33;0;4;0;2;0;A01
201500046784;0;33;0;0;2;2;3;B01
201500046784;0;7;0;0;2;2;12;A01
201500046785;0;7;0;0;2;8;11;A01
201500046785;0;34;0;0;2;2;3;B01
201500046786;0;7;0;14;0;1;12;L01
201500046787;0;7;0;0;2;1;2;A01
201500046787;0;7;0;0;2;4;2;B01
201500046788;1;7;0;0;0;0;0;Z01
201500046788;0;34;0;0;2;3;1;A01
201500046789;0;33;0;0;2;7;3;A01
201500046789;0;7;0;0;2;3;11;B01
201500046790;0;33;0;0;2;3;3;A01
201500046790;0;7;0;0;2;5;12;B01
201500046791;0;33;0;0;2;1;3;A01
201500046791;0;7;0;0;2;6;1;C01
201500046791;0;7;0;0;2;5;16;B01
201500046792;0;7;0;4;0;0;16;A01
201500046793;0;7;0;0;2;3;1;B01
201500046793;0;7;0;0;2;2;21;A01
201500046794;0;2;0;16;0;1;2;A01
201500046795;0;7;0;8;0;3;1;A01
201500046796;0;7;0;0;2;2;12;A01
201500046796;0;31;0;0;2;8;1;B01
201500046797;0;33;0;0;0;0;0;A01
201500046798;0;15;0;0;2;8;1;B01
201500046798;0;33;0;0;2;3;3;A01
201500046799;0;33;0;0;2;2;3;A01
201500046799;0;7;0;0;2;6;11;B01
201500046800;0;33;0;0;0;3;1;A01
201500046801;0;7;0;0;0;0;0;A01
201500046802;0;31;0;0;0;0;0;A01
201500046803;0;7;0;4;0;1;0;A01
201500046804;0;7;0;0;2;1;1;A01
201500046804;0;7;0;0;2;4;1;B01
201500046805;0;37;0;0;0;4;2;B01