num_acc;senc;catv;occutc;obs;obsm;choc;manv;num_veh
201500046805;0;7;0;0;2;1;2;A01
201500046806;0;33;0;0;0;3;0;A01
201500046807;0;7;0;0;2;4;1;B01
201500046807;0;15;0;0;2;1;12;A01
201500046808;0;10;0;0;2;1;2;D01
201500046808;0;10;0;13;0;1;2;B01
201500046808;0;7;0;0;2;1;2;A01
201500046808;0;7;0;0;2;2;2;C01
201500046809;0;7;0;0;2;6;0;B01
201500046809;0;7;0;0;2;1;0;A01
201500046810;0;32;0;0;2;3;0;A01
201500046810;0;7;0;0;2;2;1;B01
201500046811;0;7;0;0;0;0;0;B01
201500046811;0;10;0;0;0;0;0;A01
201500046812;0;33;0;0;2;1;0;B01
201500046812;0;7;0;0;2;5;1;A01
201500046813;0;7;0;0;2;0;0;B01
201500046813;0;33;0;0;2;0;0;A01
201500046814;0;7;0;0;2;4;0;C01
201500046814;0;34;0;0;2;1;0;A01
201500046814;0;7;0;0;2;1;0;B01
201500046815;0;7;0;0;2;7;12;B01
201500046815;0;33;0;0;2;8;0;A01
201500046816;0;10;0;3;0;2;14;A01
201500046817;0;7;0;0;2;1;0;A01
201500046817;0;7;0;0;2;4;0;B01
201500046818;0;31;0;0;2;8;18;A01
201500046818;0;7;0;0;2;2;0;B01
201500046819;0;32;0;0;2;2;3;B01
201500046819;0;7;0;0;2;8;11;A01
201500046820;0;7;0;0;2;5;12;A01
201500046820;0;33;0;0;2;3;3;B01
201500046821;0;14;0;0;2;1;2;A01
201500046821;0;7;0;0;2;4;2;B01
201500046822;0;30;0;14;0;1;0;A01
201500046823;0;7;0;0;2;4;0;C01
201500046823;0;15;0;0;2;2;2;A01
201500046823;0;10;0;0;2;4;2;B01
201500046824;0;33;0;0;2;5;1;B01
201500046824;0;10;0;0;2;3;11;A01
201500046825;2;7;0;3;2;1;0;A01
201500046825;0;7;0;4;2;4;0;B01
201500046826;0;7;0;0;2;6;2;B01
201500046826;0;7;0;0;2;4;2;C01
201500046826;0;7;0;0;2;9;2;A01
201500046826;0;10;0;0;2;4;2;D01
201500046827;0;7;0;0;2;4;2;B01
201500046827;0;7;0;0;2;1;2;A01
201500046828;0;7;0;4;0;1;1;A01
201500046829;0;34;0;0;2;1;3;A01
201500046829;0;7;0;0;0;2;14;B01
201500046830;0;7;0;0;2;1;1;A01
201500046830;0;7;0;0;2;4;1;B01
201500046830;0;7;0;0;0;4;1;C01
201500046831;0;31;0;0;0;0;21;A01
201500046832;0;7;0;4;0;1;13;A01
201500046833;0;7;0;0;2;4;2;B01
201500046833;0;7;0;0;2;4;2;C01
201500046833;0;7;0;0;2;1;2;A01
201500046834;0;7;0;0;0;0;0;B01
201500046834;0;34;0;0;0;0;0;A01
201500046835;0;32;0;0;2;3;3;A01
201500046835;0;7;0;0;0;5;0;C01
201500046835;0;7;0;0;0;5;0;B01
201500046835;1;1;0;0;0;0;0;Z01
201500046836;0;33;0;0;2;7;3;A01
201500046836;0;7;0;0;2;8;11;B01
201500046837;0;33;0;0;2;1;3;A01
201500046837;0;7;0;0;2;2;12;B01
201500046838;1;31;0;0;2;0;1;A01
201500046839;0;7;0;3;0;3;13;A01
201500046840;0;7;0;0;0;0;0;A01
201500046841;0;7;0;4;0;2;0;A01
201500046842;0;7;0;3;0;0;0;A01
201500046843;0;7;0;3;2;6;13;A01
201500046843;0;7;0;3;2;2;2;B01
201500046844;0;7;0;0;2;5;2;B01
201500046844;0;33;0;0;2;0;2;A01
201500046845;0;7;0;0;2;4;2;B01
201500046845;0;7;0;0;2;4;2;C01
201500046845;0;7;0;0;2;1;2;A01
201500046846;0;7;0;0;2;1;2;A01
201500046846;0;7;0;0;2;4;2;B01
201500046847;0;33;0;0;2;1;1;A01
201500046847;0;7;0;0;2;4;1;B01
201500046848;0;34;0;0;2;2;3;A01
201500046848;0;7;0;0;2;2;2;B01
201500046849;0;33;0;0;2;2;3;A01
201500046849;0;7;0;0;2;6;0;B01
201500046850;0;33;0;0;2;1;3;A01
201500046850;0;7;0;0;2;4;14;B01
201500046851;0;7;0;12;0;1;1;A01
201500046852;0;7;0;0;2;3;2;B01
201500046853;0;7;0;0;2;5;12;A01
201500046854;0;7;0;0;2;5;1;B01
201500046854;0;7;0;0;2;5;1;C01
201500046854;0;7;0;0;2;1;1;D01
201500046854;0;10;0;0;2;2;9;A01
201500046855;0;7;0;0;2;8;11;A01
201500046855;0;7;0;0;2;7;1;B01
201500046856;0;7;0;0;2;2;3;A01
201500046856;0;7;0;0;2;6;3;B01
201500046857;0;7;0;0;2;2;1;A01
201500046857;0;7;0;6;2;6;2;B01
201500046858;0;7;0;3;2;6;21;A01
201500046858;0;7;0;0;2;2;9;B01
201500046859;0;7;0;0;2;1;1;A01
201500046859;0;7;0;0;2;4;2;B01
201500046860;0;33;0;0;2;1;2;A01
201500046860;0;7;0;0;2;4;1;B01
201500046861;0;7;0;0;2;1;1;A01
201500046861;0;7;0;0;2;4;2;B01
201500046862;0;33;0;0;2;2;3;A01
201500046862;0;7;0;0;2;6;13;B01
201500046863;0;7;0;0;2;1;1;A01
201500046863;0;7;0;0;2;4;2;C01
201500046863;0;7;0;0;2;4;2;B01
201500046863;0;7;0;0;2;4;2;D01
201500046864;0;7;0;4;0;1;1;A01
201500046865;0;7;0;0;2;4;2;B01
201500046865;0;7;0;0;2;1;1;A01
201500046866;0;7;0;0;2;1;1;A01
201500046866;0;7;0;0;2;4;2;B01
201500046867;0;31;0;0;2;1;3;A01
201500046867;0;7;0;0;2;8;11;B01
201500046867;0;7;0;0;2;4;2;C01
201500046868;0;7;0;0;2;1;1;A01
201500046868;0;7;0;0;2;5;2;C01
201500046868;0;7;0;0;2;6;2;D01
201500046868;0;13;0;0;2;4;2;E01
201500046868;0;7;0;0;2;5;2;B01
201500046869;0;7;0;0;2;1;1;A01
201500046869;0;7;0;0;2;1;1;B01
201500046870;0;14;0;0;2;1;2;C01
201500046870;0;7;0;0;2;4;2;D01
201500046870;0;7;0;0;2;4;1;A01
201500046870;0;7;0;0;2;4;2;B01
201500046871;0;7;0;0;2;6;9;B01
201500046871;0;14;0;0;2;2;14;A01
201500046872;0;7;0;0;2;1;2;C01
201500046872;0;7;0;0;2;4;2;B01
201500046872;0;7;0;0;2;4;1;A01
201500046873;0;7;0;16;0;9;1;A01
201500046874;0;7;0;16;0;9;17;A01
201500046875;0;14;0;0;2;2;14;A01
201500046875;0;7;0;0;2;8;1;B01
201500046875;0;7;0;0;2;6;1;C01
201500046876;0;7;0;4;0;4;2;B01
201500046876;0;7;0;1;2;1;2;A01
201500046877;0;7;0;13;0;9;1;A01
201500046878;0;14;0;0;2;1;2;A01
201500046878;0;7;0;0;2;4;1;B01
201500046879;0;7;0;4;0;1;1;A01
201500046880;0;7;0;0;2;4;2;B01
201500046880;0;7;0;0;2;1;1;A01
201500046881;0;7;0;3;0;7;1;A01
201500046882;0;7;0;6;0;1;1;A01
201500046883;0;33;0;5;0;8;3;A01
201500046884;0;7;0;3;0;9;12;A01
201500046885;0;7;0;0;2;4;1;A01
201500046885;0;7;0;0;2;1;2;B01
201500046885;0;33;0;0;2;8;2;C01
201500046886;0;7;0;0;2;3;1;C01
201500046886;0;7;0;0;2;8;11;A01
201500046886;0;7;0;0;2;4;13;B01
201500046887;0;7;0;0;2;1;1;A01
201500046887;0;7;0;0;2;4;2;B01
201500046888;0;7;0;0;2;1;2;C01
201500046888;0;7;0;0;2;1;2;B01
201500046888;0;7;0;0;2;4;1;A01
201500046889;0;7;0;13;0;9;1;A01
201500046890;0;7;0;0;2;1;2;D01
201500046890;0;7;0;0;2;4;2;B01
201500046890;0;7;0;0;2;4;2;C01
201500046890;0;7;0;0;2;4;1;A01
201500046891;0;33;0;0;2;3;3;B01
201500046891;0;7;0;0;2;5;1;A01
201500046892;0;7;0;1;1;2;1;A01
201500046892;0;7;0;3;2;3;23;B01
201500046893;0;7;0;4;0;1;1;A01
201500046894;0;7;0;0;2;1;2;A01
201500046894;0;7;0;0;2;4;1;B01
201500046895;0;7;0;0;2;5;1;C01
201500046895;0;7;0;0;2;5;1;B01
201500046895;0;13;0;0;2;3;11;A01
201500046896;0;33;0;0;2;8;1;B01
201500046896;0;7;0;0;2;7;12;A01
201500046897;0;7;0;0;2;6;1;A01
201500046897;0;13;0;0;2;2;12;B01
201500046897;0;7;0;0;2;3;1;C01
201500046898;0;7;0;0;2;4;2;C01
201500046898;0;7;0;0;2;4;2;D01
201500046898;0;7;0;0;2;1;2;B01
201500046898;0;7;0;0;2;1;1;A01
201500046899;0;99;0;3;0;8;1;A01
201500046900;0;7;0;6;0;1;1;A01
201500046901;0;7;0;0;2;4;1;A01
201500046901;0;7;0;0;2;1;2;B01
201500046902;0;7;0;4;0;1;1;A01
201500046903;0;33;0;0;2;3;3;A01
201500046903;0;7;0;0;2;5;12;B01
201500046904;0;33;0;16;0;7;1;A01
201500046905;0;7;0;0;2;4;1;A01
201500046905;0;7;0;0;2;1;2;B01
201500046906;0;34;0;0;2;3;3;A01
201500046906;0;7;0;0;2;2;1;B01
201500046907;0;13;0;0;2;3;2;A01
201500046907;0;7;0;0;2;5;1;B01
201500046908;0;7;0;0;2;6;12;A01
201500046908;0;33;0;0;2;3;3;B01
201500046909;0;7;0;4;2;8;13;A01
201500046909;0;7;0;0;2;4;1;B01
201500046910;0;7;0;4;0;1;1;A01
201500046911;0;33;0;0;0;7;12;A01
201500046912;0;7;0;16;0;9;1;A01
201500046913;0;7;0;0;2;8;1;B01
201500046913;0;7;0;0;2;7;19;A01
201500046914;0;7;0;4;0;1;1;A01
201500046915;0;7;0;0;2;4;2;B01
201500046915;0;7;0;0;2;4;1;A01
201500046915;0;7;0;0;2;1;2;C01
201500046916;0;7;0;0;2;1;2;B01
201500046916;0;7;0;0;2;4;1;A01
201500046917;0;7;0;0;2;4;1;A01
201500046917;0;33;0;0;2;1;2;B01
201500046918;0;7;0;0;2;8;1;B01
201500046918;0;15;0;0;2;2;12;A01
201500046919;0;7;0;4;0;1;1;A01
201500046920;0;7;0;3;0;8;1;A01
201500046921;0;7;0;0;2;4;1;A01
201500046922;0;7;0;4;0;1;1;A01
201500046923;0;7;0;0;2;1;2;B01
201500046923;0;7;0;0;2;7;9;A01
201500046924;0;7;0;4;0;1;1;A01
201500046925;0;7;0;0;2;4;12;A01
201500046925;0;33;0;0;2;1;3;B01
201500046926;0;7;0;0;2;8;1;A01
201500046926;0;31;0;0;2;7;17;B01
201500046927;0;7;0;16;0;9;21;A01
201500046928;0;7;0;0;2;4;1;A01
201500046928;0;7;0;0;2;1;2;B01
201500046929;0;10;0;0;2;6;1;D01
201500046929;0;14;0;4;2;6;1;C01
201500046929;0;7;0;0;2;6;1;B01
201500046929;0;17;0;4;2;2;21;A01
201500046930;0;7;0;4;0;1;1;A01
201500046931;0;7;0;1;0;1;2;B01
201500046931;0;7;0;0;2;4;23;A01
201500046931;0;7;0;0;2;1;2;C01
201500046932;0;7;0;0;2;1;1;A01
201500046932;0;7;0;0;2;4;2;B01
201500046933;0;7;0;0;2;5;2;B01
201500046933;0;33;0;0;2;1;1;A01
201500046934;0;33;0;16;0;7;1;A01
201500046935;0;7;0;0;2;4;1;B01
201500046935;0;7;0;0;2;1;2;A01
201500046936;0;7;0;0;2;4;1;B01
201500046936;0;7;0;0;2;1;2;A01
201500046937;0;7;0;3;0;1;1;A01
201500046938;0;7;0;0;2;3;2;B01
201500046938;0;7;0;0;2;3;13;A01
201500046939;0;7;0;0;2;1;1;A01
201500046939;0;7;0;0;2;1;2;D01
201500046939;0;7;0;0;2;1;2;C01
201500046939;0;7;0;0;2;4;2;B01
201500046940;0;7;0;0;2;6;1;A01
201500046940;1;1;0;0;2;1;3;Z01
201500046940;0;7;0;0;2;0;0;B01
201500046941;0;33;0;0;2;1;3;A01
201500046941;0;7;0;0;2;4;11;B01
201500046942;0;32;0;0;2;3;3;B01
201500046942;0;7;0;0;2;5;12;A01
201500046943;0;7;0;0;2;7;12;B01
201500046943;0;33;0;0;2;1;3;A01
201500046943;0;7;0;0;2;4;2;C01
201500046943;0;15;0;0;2;4;2;D01
201500046944;0;33;0;0;2;1;3;B01
201500046944;0;7;0;0;2;4;12;A01
201500046945;0;13;0;0;2;1;1;B01
201500046945;0;7;0;0;2;4;1;A01
201500046946;0;7;0;15;0;3;1;A01
201500046947;0;7;0;14;2;1;2;C01
201500046947;0;7;0;4;2;1;13;A01
201500046947;0;7;0;14;0;1;2;E01
201500046947;0;7;0;14;0;3;2;F02
201500046947;0;7;0;14;0;1;2;D01
201500046947;0;10;0;1;0;3;2;B01
201500046948;0;7;0;0;2;2;1;A01
201500046948;0;7;0;0;2;3;1;B01
201500046949;0;7;0;4;0;3;1;A01
201500046950;0;7;0;0;2;6;1;A01
201500046950;1;7;0;0;2;2;0;Z01
201500046951;0;7;0;0;2;6;1;B01
201500046951;0;7;0;0;2;2;1;A01
201500046952;0;7;0;0;2;8;1;B01
201500046952;0;7;0;0;2;4;1;A01
201500046953;0;7;0;3;0;4;1;A01
201500046954;0;7;0;0;2;1;1;A01
201500046954;0;7;0;0;2;4;2;B01
201500046954;0;7;0;0;2;4;2;C01
201500046955;0;7;0;3;0;3;13;A01
201500046956;0;7;0;0;2;1;2;B01
201500046956;0;7;0;0;2;4;2;C01
201500046956;0;7;0;0;2;1;2;D01
201500046956;0;7;0;0;2;4;1;A01
201500046957;0;15;0;0;2;2;1;B01
201500046957;0;7;0;0;2;1;1;C01
201500046957;0;7;0;4;2;9;9;A01
201500046958;0;15;0;4;0;8;13;A01
201500046959;0;7;0;0;2;1;23;A01
201500046959;0;7;0;0;2;1;1;B01
201500046960;0;7;0;3;0;1;17;A01
201500046961;0;7;0;0;2;4;9;D01
201500046961;0;15;0;0;2;1;11;A01
201500046961;0;7;0;0;2;4;2;B01
201500046961;0;15;0;0;2;8;2;C01
201500046962;0;7;0;0;2;4;1;B01
201500046962;0;7;0;0;2;1;2;A01
201500046963;0;7;0;4;0;1;1;A01
201500046964;0;7;0;1;0;3;1;A01
201500046964;0;10;0;0;2;5;1;B01
201500046965;0;33;0;16;0;8;1;A01
201500046966;0;7;0;13;0;9;1;A01
201500046967;0;15;0;3;0;8;1;A01
201500046968;0;7;0;6;0;1;1;A01
201500046969;0;7;0;6;0;1;17;A01
201500046970;0;7;0;8;0;2;12;A01
201500046970;0;10;0;16;0;0;21;B01
201500046971;0;7;0;4;2;5;1;A01
201500046971;0;7;0;4;2;3;1;B01
201500046972;0;7;0;0;2;1;18;B01
201500046972;0;14;0;0;2;8;2;A01
201500046972;0;7;0;0;2;2;2;C01
201500046973;0;7;0;4;0;1;1;A01
201500046974;0;7;0;0;2;1;1;B01
201500046974;2;10;0;0;2;1;5;Z01
201500046975;0;7;0;3;0;6;1;A01
201500046976;0;7;0;16;0;9;1;A01
201500046977;0;7;0;0;2;4;2;F02
201500046977;0;7;0;0;2;1;2;G02
201500046977;0;7;0;0;2;1;1;A01
201500046977;0;7;0;0;2;1;2;E01
201500046977;0;7;0;0;2;4;2;H02
201500046977;0;7;0;0;2;4;2;B01
201500046977;0;7;0;0;2;4;2;D01
201500046977;0;7;0;0;2;1;2;C01
201500046978;0;7;0;0;2;1;1;A01
201500046978;0;7;0;0;2;4;1;B01
201500046979;0;7;0;3;0;1;1;A01
201500046980;0;7;0;0;2;1;2;A01
201500046980;0;7;0;0;2;9;2;C01
201500046980;0;7;0;0;2;9;2;B01
201500046980;0;7;0;0;2;4;1;D01
201500046981;0;33;0;16;0;7;1;A01
201500046982;0;7;0;0;2;4;2;B01
201500046982;0;7;0;0;2;1;1;A01
201500046982;0;7;0;0;2;4;2;C01
201500046983;0;7;0;0;2;8;12;A01
201500046983;0;33;0;0;2;7;3;B01
201500046984;0;7;0;0;2;4;2;B01
201500046984;0;7;0;0;2;1;1;A01
201500046985;0;7;0;0;2;1;21;A01
201500046985;0;15;0;0;2;5;1;B01
201500046986;0;7;0;0;2;8;1;C01
201500046986;0;32;0;0;2;3;3;B01
201500046986;0;7;0;0;2;5;12;A01
201500046987;0;7;0;0;2;2;1;B01
201500046987;0;31;0;0;2;8;3;A01
201500046988;0;7;0;0;2;1;2;E01
201500046988;0;7;0;0;2;4;2;D01
201500046988;0;7;0;0;2;7;1;C01
201500046988;0;15;0;0;2;8;1;B01
201500046988;0;7;0;0;2;2;1;A01
201500046989;0;7;0;0;2;1;2;A01
201500046989;0;7;0;0;2;4;2;B01
201500046990;0;34;0;0;2;4;1;B01
201500046990;0;7;0;0;2;1;2;A01
201500046991;0;33;0;0;2;1;2;A01
201500046991;0;7;0;0;2;4;1;B01
201500046992;0;7;0;0;2;4;2;C01
201500046992;0;7;0;0;2;4;2;E01
201500046992;0;7;0;0;2;4;2;B01
201500046992;0;7;0;0;2;1;1;A01
201500046992;0;7;0;0;2;4;2;D01
201500046993;0;7;0;0;2;9;1;A01
201500046993;1;14;0;0;2;7;14;Z01
201500046994;0;7;0;0;2;6;1;B01
201500046994;2;7;0;0;2;1;1;Z01
201500046995;0;10;0;0;2;1;2;A01
201500046995;0;7;0;0;2;9;2;B01
201500046995;0;7;0;0;2;4;1;C01
201500046996;0;7;0;0;2;1;1;A01
201500046996;0;7;0;0;2;4;2;B01
201500046997;0;7;0;4;0;1;1;A01
201500046998;0;33;0;16;0;1;1;A01
201500046999;0;7;0;0;2;8;11;A01
201500046999;0;7;0;0;2;7;1;B01
201500047000;0;7;0;0;2;3;1;B01
201500047000;0;7;0;0;2;3;14;A01
201500047001;0;7;0;0;2;4;1;A01
201500047001;0;7;0;0;2;1;2;B01
201500047002;2;7;0;0;0;0;0;Z01
201500047002;0;7;0;0;2;4;1;B01
201500047003;0;15;0;0;2;4;2;B01
201500047003;0;7;0;0;2;1;1;A01
201500047004;0;7;0;16;2;4;1;A01
201500047004;0;7;0;0;2;1;1;B01
201500047005;0;13;0;0;2;2;12;A01
201500047005;0;7;0;0;2;8;1;B01
201500047006;0;10;0;0;2;2;12;A01
201500047006;0;33;0;0;2;3;1;B01
201500047006;0;7;0;0;2;0;0;C01
201500047007;0;15;0;0;2;2;14;A01
201500047007;0;7;0;4;2;9;1;B01
201500047008;0;10;0;0;2;2;1;B01
201500047008;0;7;0;0;2;1;1;A01
201500047008;0;14;0;0;2;2;1;C01
201500047009;0;7;0;0;2;4;2;C01
201500047009;0;7;0;0;2;4;2;B01
201500047009;0;7;0;0;2;4;2;D01
201500047009;0;7;0;0;2;1;1;A01
201500047010;0;13;0;0;2;4;1;A01
201500047010;0;7;0;0;2;1;9;B01
201500047011;0;7;0;0;2;8;13;B01
201500047011;0;33;0;0;2;7;3;A01
201500047011;0;7;0;0;2;4;1;C01
201500047012;0;15;0;1;2;2;1;A01
201500047012;0;7;0;4;2;6;2;B01
201500047013;0;7;0;3;0;1;1;A01
201500047014;0;7;0;0;2;4;1;A01
201500047014;0;13;0;0;2;1;1;B01
201500047015;0;7;0;0;2;4;1;B01
201500047015;0;7;0;0;2;1;2;A01
201500047016;0;7;0;0;2;1;1;A01
201500047016;0;7;0;0;2;4;2;B01
201500047017;0;33;0;16;0;7;21;A01
201500047018;0;7;0;0;2;4;11;B01
201500047018;0;33;0;0;2;1;3;C01
201500047018;0;33;0;0;2;1;3;D01
201500047018;0;7;0;0;2;4;1;A01
201500047019;0;7;0;0;2;2;17;A01
201500047019;0;7;0;0;2;6;2;B01
201500047019;0;7;0;0;2;1;2;C01
201500047020;0;7;0;0;2;1;2;C01
201500047020;0;7;0;0;2;4;2;B01
201500047020;0;7;0;0;2;4;1;A01
201500047021;0;33;0;8;2;0;17;A01
201500047021;0;7;0;0;2;3;1;B01
201500047022;0;15;0;0;2;4;1;C01
201500047022;0;7;0;0;2;4;1;B01
201500047022;0;7;0;0;2;1;14;A01
201500047023;0;7;0;16;0;1;14;A01
201500047024;0;7;0;4;0;7;1;A01
201500047025;0;7;0;13;0;2;1;A01
201500047026;0;7;0;0;2;4;2;B01
201500047026;0;7;0;0;2;1;1;A01
201500047027;0;7;0;4;0;1;1;A01
201500047028;0;7;0;0;2;4;1;A01
201500047028;0;7;0;0;2;1;2;B01
201500047029;0;7;0;0;2;9;1;A01
201500047029;0;7;0;0;2;4;1;C01
201500047029;0;7;0;0;2;6;1;B01
201500047030;0;7;0;0;2;2;12;A01
201500047030;0;7;0;0;2;4;1;B01
201500047031;0;7;0;0;2;8;1;C01
201500047031;0;7;0;0;2;1;13;A01
201500047031;0;7;0;0;2;3;1;D01
201500047031;0;7;0;0;2;0;21;B01
201500047032;0;10;0;0;2;4;1;A01
201500047032;0;33;0;0;2;1;2;B01
201500047033;0;7;0;0;2;1;1;A01
201500047033;0;7;0;0;2;4;2;D01
201500047033;0;7;0;0;2;4;2;E01
201500047033;0;7;0;0;2;4;2;B01
201500047033;0;7;0;0;2;4;2;C01
201500047034;0;7;0;13;0;9;1;A01
201500047035;0;33;0;0;0;0;0;A01
201500047036;0;7;0;0;2;6;12;A01
201500047036;0;34;0;0;2;8;1;B01
201500047037;0;7;0;0;2;8;1;C01
201500047037;0;7;0;0;2;5;2;B01
201500047037;0;7;0;0;2;3;1;A01
201500047038;0;33;0;0;2;8;3;A01
201500047038;0;7;0;0;2;7;1;B01
201500047039;0;33;0;16;0;8;1;A01
201500047040;0;7;0;0;2;6;1;B01
201500047040;0;7;0;4;2;1;1;A01
201500047041;0;7;0;0;2;4;1;D01
201500047041;0;7;0;0;2;9;2;B01
201500047041;0;7;0;0;2;1;2;A01
201500047041;0;7;0;0;2;9;2;C01
201500047042;0;7;0;16;0;9;1;A01
201500047043;0;33;0;16;0;8;1;A01
201500047044;0;7;0;0;2;4;2;B01
201500047044;0;7;0;0;2;1;1;A01
201500047045;0;7;0;0;2;1;2;D01
201500047045;0;7;0;0;2;4;2;B01
201500047045;0;7;0;0;2;4;2;C01
201500047045;0;7;0;0;2;4;1;A01
201500047046;0;13;0;0;2;1;1;A01
201500047046;0;7;0;0;2;4;2;B01
201500047046;0;7;0;0;2;4;2;C01
201500047047;0;7;0;0;2;8;1;B01
201500047047;0;33;0;0;2;3;11;A01
201500047048;0;33;0;0;2;1;1;A01
201500047048;0;7;0;0;2;4;2;B01
201500047049;0;7;0;0;2;3;1;A01
201500047049;0;7;0;0;2;5;1;B01
201500047050;0;33;0;0;2;1;3;A01
201500047051;0;30;0;0;2;1;3;A01
201500047051;0;7;0;0;2;7;13;B01
201500047052;0;7;0;0;2;4;2;B01
201500047052;0;7;0;0;2;1;1;A01
201500047053;0;7;0;0;2;6;13;A01
201500047053;0;33;0;0;2;1;13;B01
201500047054;0;33;0;0;2;2;3;B01
201500047054;0;7;0;0;2;6;11;A01
201500047055;0;7;0;0;2;4;1;B01
201500047055;0;7;0;0;2;1;1;A01
201500047056;0;7;0;0;2;6;2;B01
201500047056;0;7;0;0;2;2;1;A01
201500047057;0;7;0;0;2;1;9;A01
201500047057;0;7;0;0;2;4;1;B01
201500047058;0;33;0;0;2;8;3;B01
201500047058;0;7;0;0;2;1;12;A01
201500047058;0;7;0;0;2;4;1;C01
201500047059;0;10;0;0;2;1;2;B01
201500047059;0;10;0;0;2;3;2;C01
201500047059;0;10;0;0;2;4;1;A01
201500047060;0;33;0;0;2;3;3;A01
201500047060;0;7;0;0;2;5;14;B01
201500047061;0;7;0;0;2;6;11;A01
201500047061;0;33;0;0;2;2;3;B01
201500047062;0;7;0;0;2;4;1;C01
201500047062;0;7;0;0;2;2;1;B01
201500047062;0;34;0;0;2;9;3;A01
201500047063;0;7;0;4;2;9;2;C01
201500047063;0;7;0;0;2;9;2;B01
201500047063;0;7;0;0;2;1;2;A01
201500047063;0;7;0;0;2;4;1;D01
201500047064;0;7;0;0;2;9;2;B01
201500047064;0;7;0;0;2;4;1;D01
201500047064;0;7;0;0;2;1;2;A01
201500047064;0;7;0;0;2;9;2;C01
201500047065;0;7;0;0;2;7;14;A01
201500047065;0;7;0;0;2;8;1;B01
201500047066;0;33;0;0;2;7;1;B01
201500047066;0;7;0;0;2;7;1;C01
201500047066;0;7;0;0;2;8;11;A01
201500047067;0;7;0;0;2;8;11;A01
201500047067;0;7;0;0;2;5;1;C01
201500047067;0;34;0;0;2;7;3;B01
201500047068;0;13;0;0;2;3;21;A01
201500047068;0;7;0;0;2;3;1;C01
201500047068;0;7;0;0;2;2;21;B01
201500047069;0;7;0;7;0;8;1;A01
201500047070;0;34;0;0;2;8;3;B01
201500047070;0;7;0;0;2;7;12;A01
201500047071;0;7;0;0;2;9;1;A01
201500047071;0;7;0;0;2;7;1;B01
201500047072;0;7;0;0;2;1;1;A01
201500047072;0;7;0;0;2;4;2;B01
201500047073;0;7;0;0;2;6;1;B01
201500047073;0;7;0;0;2;2;14;A01
201500047074;0;7;0;0;2;7;12;A01
201500047074;0;33;0;0;2;8;1;B01
201500047075;0;7;0;4;0;9;17;A01
201500047076;0;7;0;14;2;1;1;B01
201500047076;0;15;0;4;2;8;1;A01
201500047077;0;7;0;0;2;1;2;B01
201500047077;0;7;0;0;2;7;1;A01
201500047078;0;7;0;6;0;1;1;A01
201500047079;0;7;0;0;2;1;9;A01
201500047080;0;7;0;3;0;1;1;A01
201500047081;0;7;0;0;2;9;0;A01
201500047081;0;7;0;0;2;1;1;C01
201500047081;0;7;0;0;2;0;0;B01
201500047082;0;10;0;0;2;1;2;C01
201500047082;0;13;0;0;2;9;2;B01
201500047082;0;37;0;0;2;4;1;A01
201500047083;0;7;0;0;2;4;2;B01
201500047083;0;7;0;0;2;1;13;A01
201500047083;0;7;0;0;2;4;2;C01
201500047084;0;7;0;3;0;7;1;A01
201500047085;0;7;0;0;2;4;9;A01
201500047085;0;7;0;0;2;1;1;B01
201500047086;0;7;0;0;2;4;2;C01
201500047086;0;10;0;0;2;4;2;B01
201500047086;0;15;0;0;2;1;2;D01
201500047086;0;7;0;0;2;4;1;A01
201500047087;0;7;0;0;2;5;1;B01
201500047087;0;32;0;0;2;8;3;A01
201500047088;0;32;0;0;2;1;1;A01
201500047088;0;7;0;0;2;4;1;B01
201500047089;0;7;0;4;0;9;0;A01
201500047090;0;7;0;4;0;6;1;A01
201500047091;0;7;0;3;0;1;1;A01
201500047092;0;7;0;16;0;4;1;A01
201500047093;0;7;0;16;0;7;1;A01
201500047094;0;7;0;4;0;9;1;A01
201500047095;0;7;0;4;0;1;1;A01
201500047096;0;7;0;13;0;9;0;A01
201500047097;0;7;0;0;2;1;1;B01
201500047097;0;7;0;0;2;8;11;A01
201500047098;0;7;0;0;2;1;2;A01
201500047098;0;7;0;0;2;4;2;C01
201500047098;0;7;0;0;2;4;2;B01
201500047099;0;7;0;0;2;4;2;B01
201500047099;0;7;0;0;2;1;1;A01
201500047099;0;7;0;0;2;4;2;C01
201500047100;0;33;0;16;0;7;1;A01
201500047101;0;7;0;0;2;3;1;B01
201500047101;0;7;0;0;2;4;9;A01
201500047102;0;33;0;0;0;7;1;A01
201500047103;0;33;0;16;0;8;1;A01
201500047104;0;7;0;3;0;0;0;A01
201500047105;0;33;0;16;0;7;1;C01
201500047105;0;33;0;16;0;7;1;B01
201500047105;0;33;0;16;0;7;1;D01
201500047105;0;33;0;16;0;7;1;A01
201500047106;0;7;0;4;0;8;1;A01
201500047107;0;7;0;0;2;1;1;A01
201500047107;0;7;0;0;2;6;2;B01
201500047107;0;7;0;0;2;4;2;C01
201500047108;1;7;0;0;1;1;0;Z01
201500047109;0;7;0;0;2;1;2;D01
201500047109;0;7;0;0;2;9;2;B01
201500047109;0;7;0;0;2;4;23;A01
201500047109;0;7;0;0;2;9;2;C01
201500047110;0;7;0;0;2;1;2;A01
201500047110;0;7;0;0;2;9;23;B01
201500047110;0;7;0;0;2;4;23;C01
201500047111;0;7;0;0;2;2;12;B01
201500047111;0;7;0;0;2;6;1;C01