num_acc;senc;catv;occutc;obs;obsm;choc;manv;num_veh
201500047111;0;33;0;0;2;1;3;A01
201500047112;0;33;0;4;0;0;1;A01
201500047113;0;7;0;0;2;4;1;C01
201500047113;0;33;0;0;2;3;3;A01
201500047113;0;7;0;0;2;2;12;B01
201500047114;0;7;0;0;2;4;2;B01
201500047114;0;7;0;0;2;1;1;A01
201500047115;0;34;0;0;2;2;3;A01
201500047115;0;7;0;0;2;3;11;B01
201500047116;0;7;0;0;2;1;1;A01
201500047116;0;7;0;0;2;4;2;B01
201500047117;0;33;0;0;2;7;3;B01
201500047117;0;7;0;0;2;8;11;A01
201500047118;0;7;0;16;0;9;0;A01
201500047119;0;33;0;0;2;1;21;B01
201500047119;0;7;0;0;2;4;1;A01
201500047120;0;15;0;0;2;7;12;A01
201500047120;0;7;0;0;2;8;1;B01
201500047121;0;7;0;0;2;4;2;B01
201500047121;0;7;0;0;2;1;1;A01
201500047122;0;15;0;0;2;6;1;B01
201500047122;0;7;0;0;2;5;12;A01
201500047122;0;7;0;0;2;2;1;C01
201500047123;0;7;0;0;2;1;1;A01
201500047123;0;7;0;0;2;4;2;B01
201500047123;0;7;0;0;2;4;2;C01
201500047124;0;33;0;0;2;3;3;A01
201500047124;0;7;0;0;2;5;12;B01
201500047125;1;38;2;0;2;2;1;Z01
201500047125;0;7;0;4;2;6;11;A01
201500047126;0;10;0;4;0;9;1;A01
201500047127;0;7;0;0;2;2;12;A01
201500047127;0;33;0;0;2;8;1;B01
201500047128;0;7;0;0;2;4;21;A01
201500047128;0;7;0;0;2;1;1;D01
201500047128;0;7;0;0;2;7;1;C01
201500047128;1;7;0;0;2;0;0;Z01
201500047128;0;33;0;0;2;1;2;B01
201500047129;0;7;0;0;2;4;2;C01
201500047129;0;7;0;0;2;1;1;A01
201500047129;0;7;0;0;2;4;2;B01
201500047130;2;7;0;0;2;7;1;Z01
201500047130;0;7;0;0;2;8;18;B01
201500047131;0;7;0;0;2;1;1;A01
201500047131;0;7;0;0;2;4;2;B01
201500047132;0;33;0;0;2;1;1;A01
201500047132;0;7;0;0;2;5;1;B01
201500047133;0;7;0;0;2;2;11;B01
201500047133;0;33;0;0;2;3;1;A01
201500047134;0;7;0;0;2;1;2;A01
201500047134;0;7;0;0;2;4;1;B01
201500047135;0;7;0;0;2;6;1;C01
201500047135;0;33;0;0;2;8;11;A01
201500047135;0;7;0;0;2;5;1;B01
201500047136;0;7;0;0;2;8;1;B01
201500047136;0;14;0;0;2;1;14;A01
201500047137;0;33;0;0;2;2;3;A01
201500047137;0;7;0;0;2;2;12;B01
201500047138;0;14;0;0;2;1;1;A01
201500047138;0;7;0;0;2;5;9;B01
201500047139;0;7;0;0;2;5;1;B01
201500047139;0;7;0;0;2;1;17;A01
201500047140;0;7;0;4;0;9;21;A01
201500047141;0;33;0;0;2;7;3;A01
201500047141;0;7;0;0;2;3;11;B01
201500047142;0;7;0;16;0;4;1;B01
201500047142;0;34;0;16;0;0;1;A01
201500047143;0;7;0;0;2;4;2;B01
201500047143;0;33;0;0;2;1;1;A01
201500047144;0;7;0;0;2;5;1;B01
201500047144;0;7;0;0;2;3;11;A01
201500047145;0;7;0;0;2;1;9;B01
201500047145;0;7;0;0;2;1;9;A01
201500047146;0;7;0;0;2;1;2;A01
201500047146;0;7;0;0;2;9;2;B01
201500047146;0;7;0;0;2;4;1;C01
201500047147;0;7;0;0;2;1;1;A01
201500047147;0;7;0;0;2;4;2;B01
201500047147;0;7;0;0;2;4;2;C01
201500047148;0;7;0;16;0;9;1;A01
201500047149;0;7;0;0;2;4;24;B01
201500047149;0;7;0;1;0;1;21;C01
201500047149;0;7;0;1;0;2;1;A01
201500047150;0;7;0;4;0;1;1;A01
201500047151;0;7;0;4;0;6;1;A01
201500047152;0;7;0;0;2;5;12;A01
201500047152;0;33;0;0;2;1;1;B01
201500047153;0;33;0;0;2;1;1;B01
201500047153;0;7;0;0;2;6;12;A01
201500047154;0;33;0;0;2;1;1;A01
201500047154;0;7;0;0;2;4;23;B01
201500047155;0;33;0;0;2;1;1;A01
201500047155;0;7;0;0;2;4;2;B01
201500047156;0;7;0;0;2;4;2;B01
201500047156;0;7;0;0;2;1;1;A01
201500047157;0;7;0;0;2;5;11;B01
201500047157;0;34;0;0;2;8;1;A01
201500047157;0;7;0;0;2;4;1;C01
201500047158;0;7;0;0;2;3;13;B01
201500047158;0;33;0;0;2;2;3;A01
201500047159;0;33;0;0;2;8;3;B01
201500047159;0;7;0;0;2;7;12;A01
201500047159;0;15;0;0;2;8;1;C01
201500047160;0;7;0;0;2;6;1;B01
201500047160;0;7;0;0;2;1;1;C01
201500047160;0;15;0;0;2;2;12;A01
201500047161;0;7;0;0;2;4;1;C01
201500047161;0;7;0;0;2;4;1;B01
201500047161;0;7;0;0;2;1;13;A01
201500047162;0;7;0;0;2;1;2;B01
201500047162;0;7;0;0;2;4;1;A01
201500047163;0;7;0;0;2;4;1;C01
201500047163;0;34;0;0;2;1;3;A01
201500047163;0;34;0;0;2;8;11;B01
201500047164;0;7;0;0;2;4;14;A01
201500047164;0;33;0;0;2;1;3;B01
201500047165;0;15;0;0;2;2;12;A01
201500047165;0;7;0;4;2;6;1;B01
201500047166;0;33;0;0;0;0;3;A01
201500047167;0;7;0;0;2;6;2;B01
201500047167;0;33;0;0;2;1;1;A01
201500047168;0;33;0;0;0;0;21;A01
201500047169;0;7;0;0;2;4;1;B01
201500047169;0;7;0;0;2;1;17;A01
201500047170;0;7;0;0;2;4;1;C01
201500047170;0;7;0;0;2;1;1;A01
201500047170;0;7;0;0;2;9;2;B01
201500047171;0;7;0;0;2;7;14;B01
201500047171;0;31;0;0;2;8;3;A01
201500047172;0;10;0;0;2;1;1;A01
201500047172;0;7;0;0;2;4;2;C01
201500047172;0;7;0;0;2;4;2;B01
201500047173;0;7;0;0;2;4;1;C01
201500047173;0;33;0;0;2;9;1;B01
201500047173;0;7;0;0;2;3;11;A01
201500047174;0;33;0;0;2;1;3;A01
201500047174;0;7;0;0;2;8;11;B01
201500047175;0;7;0;1;0;8;13;A01
201500047175;0;10;0;0;2;5;23;B01
201500047176;0;33;0;16;0;8;0;A01
201500047177;0;7;0;3;0;1;14;A01
201500047178;0;33;0;0;2;8;1;B01
201500047178;0;7;0;0;2;2;12;A01
201500047179;0;7;0;0;2;1;1;A01
201500047179;0;7;0;0;2;4;2;B01
201500047180;0;7;0;0;2;4;2;C01
201500047180;0;7;0;0;2;4;2;B01
201500047180;0;7;0;0;2;1;1;A01
201500047181;0;7;0;0;2;4;2;D01
201500047181;0;7;0;0;2;4;2;C01
201500047181;0;7;0;0;2;4;2;B01
201500047181;0;7;0;0;2;1;1;A01
201500047182;0;33;0;0;2;8;3;A01
201500047182;0;7;0;0;2;7;12;B01
201500047183;0;7;0;0;2;1;1;A01
201500047183;0;7;0;0;2;4;2;B01
201500047184;0;7;0;0;2;4;2;C01
201500047184;0;7;0;0;2;1;1;A01
201500047184;0;7;0;0;2;4;2;B01
201500047185;0;7;0;0;2;1;2;B01
201500047185;0;7;0;0;2;4;23;A01
201500047186;0;7;0;0;2;6;2;B01
201500047186;0;33;0;0;2;3;3;A01
201500047187;0;7;0;0;2;1;1;A01
201500047187;0;7;0;0;2;6;2;C01
201500047187;0;7;0;0;2;4;2;B01
201500047188;0;10;0;0;2;5;12;A01
201500047188;0;33;0;0;2;1;3;B01
201500047189;0;33;0;6;0;7;1;A01
201500047190;0;13;0;0;2;2;1;B01
201500047190;0;7;0;0;2;9;11;A01
201500047191;0;33;0;0;2;8;3;B01
201500047191;0;7;0;0;2;7;12;A01
201500047192;0;7;0;0;2;1;2;A01
201500047192;0;7;0;0;2;9;2;B01
201500047192;0;7;0;0;2;9;2;C01
201500047192;0;15;0;0;2;4;1;D01
201500047193;0;7;0;0;2;2;12;B01
201500047193;0;33;0;0;2;3;3;A01
201500047194;0;33;0;0;2;2;3;B01
201500047194;0;7;0;0;2;3;11;A01
201500047195;0;33;0;16;0;1;1;A01
201500047196;0;33;0;0;2;2;3;A01
201500047196;0;7;0;0;2;6;12;B01
201500047197;0;33;0;16;0;8;1;A01
201500047198;0;33;0;0;2;1;2;A01
201500047198;0;7;0;0;2;6;1;B01
201500047199;0;7;0;0;2;2;14;A01
201500047199;0;33;0;0;2;8;1;B01
201500047200;0;7;0;16;0;9;12;A01
201500047201;0;7;0;16;0;9;1;A01
201500047202;0;31;0;16;0;3;1;A01
201500047203;0;7;0;0;2;1;1;A01
201500047203;0;13;0;0;2;8;1;C01
201500047203;0;7;0;0;2;4;1;B01
201500047204;0;7;0;4;0;9;1;A01
201500047205;0;33;0;0;2;2;3;B01
201500047205;0;7;0;0;2;3;11;A01
201500047205;0;7;0;0;2;5;1;C01
201500047206;0;7;0;0;2;4;2;A01
201500047206;0;7;0;0;2;1;2;B01
201500047206;0;7;0;0;2;1;2;C01
201500047207;0;7;0;0;2;1;1;A01
201500047207;0;7;0;0;2;4;2;B01
201500047208;0;7;0;0;2;2;2;A01
201500047208;0;7;0;0;2;6;1;B01
201500047209;0;7;0;0;2;1;1;A01
201500047209;0;7;0;0;2;4;2;B01
201500047209;0;7;0;0;2;4;2;C01
201500047209;0;7;0;0;2;4;2;D01
201500047210;0;7;0;0;2;4;2;B01
201500047210;0;7;0;0;2;1;1;A01
201500047211;0;33;0;16;0;7;1;A01
201500047212;0;7;0;0;2;3;1;B01
201500047212;0;7;0;0;2;5;14;A01
201500047213;0;33;0;0;2;2;1;A01
201500047213;0;7;0;0;2;6;11;B01
201500047214;0;7;0;0;2;4;1;A01
201500047214;0;7;0;0;2;1;2;B01
201500047215;0;7;0;0;2;4;2;B01
201500047215;0;7;0;0;2;4;2;C01
201500047215;0;7;0;0;2;1;1;A01
201500047216;0;7;0;0;2;1;2;A01
201500047216;0;7;0;0;2;4;1;B01
201500047217;0;33;0;0;2;7;1;B01
201500047217;0;7;0;0;2;4;1;A01
201500047218;0;13;0;0;2;1;1;A01
201500047218;0;7;0;0;2;4;2;B01
201500047219;0;33;0;0;2;1;1;B01
201500047219;0;7;0;0;2;4;11;A01
201500047220;0;33;0;0;0;7;1;A01
201500047221;0;7;0;4;0;1;1;A01
201500047222;0;7;0;0;2;4;2;C01
201500047222;0;7;0;0;2;4;2;B01
201500047222;0;7;0;0;2;4;2;D01
201500047222;0;7;0;0;2;4;2;E01
201500047222;0;7;0;0;2;1;1;A01
201500047223;0;7;0;0;2;1;1;B01
201500047223;0;7;0;3;2;5;17;A01
201500047224;0;7;0;0;2;7;12;A01
201500047224;0;33;0;0;2;1;3;B01
201500047225;0;13;0;0;2;1;2;A01
201500047225;0;7;0;0;2;4;2;B01
201500047226;0;7;0;0;2;4;1;B01
201500047226;1;7;0;0;2;0;0;Z01
201500047226;0;7;0;0;2;5;1;A01
201500047227;0;7;0;0;2;5;1;A01
201500047227;0;7;0;0;2;3;2;B01
201500047228;0;33;0;16;0;8;3;A01
201500047229;0;7;0;13;0;0;1;A01
201500047230;0;7;0;0;2;4;2;C01
201500047230;0;7;0;0;2;4;2;B01
201500047230;0;7;0;0;2;1;1;A01
201500047231;0;7;0;0;2;4;2;B01
201500047231;0;7;0;0;2;1;1;A01
201500047232;0;33;0;16;0;8;3;A01
201500047233;0;13;0;0;2;2;1;B01
201500047233;0;7;0;0;2;6;13;A01
201500047234;0;7;0;0;2;3;1;A01
201500047234;0;7;0;0;2;5;2;B01
201500047235;0;7;0;3;0;9;1;A01
201500047236;0;33;0;0;2;1;3;A01
201500047236;0;7;0;0;2;6;1;C01
201500047236;0;7;0;0;2;8;13;B01
201500047237;0;7;0;0;2;4;1;C01
201500047237;0;33;0;0;2;1;14;A01
201500047237;0;7;0;0;2;4;1;B01
201500047238;0;7;0;0;2;2;1;A01
201500047238;0;7;0;0;2;6;14;B01
201500047239;0;7;0;6;0;1;1;A01
201500047240;0;34;0;0;2;1;2;A01
201500047240;0;7;0;0;2;4;1;B01
201500047241;0;7;0;0;2;4;2;B01
201500047241;0;7;0;0;2;1;1;A01
201500047242;0;34;0;16;0;8;1;A01
201500047243;0;7;0;4;0;1;1;A01
201500047244;0;33;0;16;0;7;1;A01
201500047245;0;7;0;0;2;4;1;B01
201500047245;0;7;0;0;2;1;12;A01
201500047246;0;33;0;0;2;8;3;A01
201500047246;0;7;0;0;2;7;1;B01
201500047247;0;7;0;0;2;4;1;C01
201500047247;0;33;0;0;2;1;1;A01
201500047247;0;7;0;0;2;4;1;B01
201500047248;0;30;0;0;2;9;1;B01
201500047248;0;7;0;0;2;5;1;C01
201500047248;2;7;0;16;2;7;12;A01
201500047249;0;32;0;4;0;2;1;A01
201500047250;0;7;0;6;0;1;17;A01
201500047251;0;33;0;16;0;7;1;A01
201500047252;0;7;0;0;2;1;1;A01
201500047252;0;7;0;0;2;4;2;B01
201500047253;0;7;0;0;2;4;2;B01
201500047253;0;7;0;0;2;1;1;A01
201500047253;0;7;0;0;2;4;2;C01
201500047254;0;7;0;0;2;1;1;A01
201500047254;0;7;0;0;2;4;1;B01
201500047255;0;7;0;4;2;8;1;A01
201500047255;0;7;0;0;2;6;1;B01
201500047256;0;7;0;0;2;3;11;B01
201500047256;0;32;0;0;2;2;3;A01
201500047257;0;7;0;15;0;1;1;A01
201500047258;0;7;0;0;2;5;1;B01
201500047258;0;7;0;0;2;6;1;C01
201500047258;0;33;0;0;2;2;3;A01
201500047259;0;7;0;0;2;5;1;A01
201500047259;0;33;0;0;2;1;3;C01
201500047259;0;7;0;0;2;2;1;B01
201500047260;0;13;0;0;2;1;12;A01
201500047260;0;7;0;0;2;6;1;B01
201500047261;0;7;0;0;2;4;1;A01
201500047261;0;7;0;0;2;1;2;B01
201500047262;0;7;0;0;2;6;9;A01
201500047262;0;13;0;0;2;2;1;B01
201500047263;1;7;0;0;2;4;1;A01
201500047263;1;7;0;0;2;1;1;C01
201500047263;1;13;0;0;2;4;1;B01
201500047264;0;33;0;16;0;3;1;A01
201500047265;0;7;0;0;2;6;1;B01
201500047265;0;37;1;0;2;2;14;A01
201500047266;0;7;0;0;2;1;1;B01
201500047266;0;7;0;0;2;4;23;A01
201500047267;0;7;0;16;0;9;1;A01
201500047268;0;7;0;5;0;1;1;A01
201500047269;0;7;0;0;2;5;1;B01
201500047269;0;7;0;0;2;6;0;C01
201500047269;0;7;0;0;2;3;14;A01
201500047270;0;7;0;3;0;8;1;A01
201500047271;0;7;0;0;2;5;1;B01
201500047271;0;33;0;0;2;3;3;A01
201500047272;0;7;0;0;2;4;1;A01
201500047272;0;7;0;0;2;4;2;B01
201500047272;0;7;0;0;2;1;2;C01
201500047273;0;10;0;0;2;6;2;B01
201500047273;0;7;0;0;2;1;1;A01
201500047273;0;7;0;0;2;4;2;C01
201500047274;0;33;0;0;2;1;2;A01
201500047274;0;7;0;0;2;4;1;B01
201500047275;0;7;0;0;2;1;1;A01
201500047275;0;7;0;0;2;4;2;B01
201500047276;0;30;0;16;0;7;1;A01
201500047277;0;7;0;0;2;4;1;A01
201500047277;0;7;0;0;2;1;17;C01
201500047277;0;7;0;0;2;4;2;B01
201500047278;0;7;0;0;2;6;16;A01
201500047278;0;33;0;0;2;1;1;B01
201500047279;0;7;0;0;2;1;1;A01
201500047279;0;7;0;0;2;4;2;B01
201500047280;0;7;0;0;2;1;1;A01
201500047280;0;7;0;0;2;4;2;B01
201500047280;0;7;0;0;2;4;2;C01
201500047281;0;7;0;0;2;5;1;C01
201500047281;0;33;0;0;2;1;18;A01
201500047281;0;7;0;0;2;7;1;B01
201500047282;0;7;0;0;2;5;12;A01
201500047282;0;33;0;0;2;3;1;B01
201500047283;0;7;0;0;2;3;1;B01
201500047283;1;7;0;0;0;1;2;Z01
201500047283;0;7;0;4;2;6;1;A01
201500047284;0;33;0;3;0;1;1;A01
201500047285;0;33;0;0;2;1;1;B01
201500047285;0;7;0;0;2;4;11;A01
201500047286;0;7;0;16;0;0;1;A01
201500047286;0;34;0;16;0;0;1;B01
201500047287;0;7;0;16;0;0;1;A01
201500047288;0;7;0;4;0;1;1;A01
201500047289;0;7;0;16;0;9;1;A01
201500047290;0;7;0;16;0;9;1;A01
201500047291;0;7;0;0;2;7;12;B01
201500047291;0;7;0;0;2;4;1;C01
201500047291;0;33;0;0;2;3;3;A01
201500047292;0;7;0;0;2;4;1;C01
201500047292;0;7;0;0;2;1;1;B01
201500047292;0;7;0;0;2;4;1;A01
201500047293;0;33;0;0;2;4;1;B01
201500047293;0;7;0;0;2;1;2;A01
201500047294;0;7;0;0;1;1;1;B01
201500047295;0;7;0;0;2;5;1;C01
201500047295;0;33;0;0;2;9;3;B01
201500047295;0;7;0;0;2;3;11;A01
201500047296;0;7;0;16;0;9;1;A01
201500047297;0;7;0;0;2;2;12;A01
201500047297;0;7;0;0;2;4;1;B01
201500047298;0;7;0;0;2;3;9;A01
201500047298;0;7;0;0;2;2;1;B01
201500047299;0;7;0;3;0;1;1;A01
201500047300;0;7;0;4;0;1;1;A01
201500047301;0;7;0;3;0;3;1;A01
201500047302;0;7;0;16;0;9;14;A01
201500047303;0;7;0;0;2;1;1;A01
201500047303;0;7;0;0;2;4;2;B01
201500047304;0;7;0;0;2;1;1;A01
201500047304;0;7;0;0;2;4;2;B01
201500047305;0;7;0;0;2;4;2;C01
201500047305;0;7;0;0;2;1;1;A01
201500047305;0;7;0;0;2;1;2;B01
201500047306;0;7;0;0;2;9;2;C01
201500047306;0;7;0;0;2;1;2;D01
201500047306;0;7;0;0;2;9;2;B01
201500047306;0;7;0;0;2;4;1;A01
201500047307;0;7;0;4;0;1;1;A01
201500047308;0;7;0;0;2;1;2;A01
201500047308;0;7;0;0;2;4;2;B01
201500047309;0;33;0;0;2;2;3;A01
201500047309;0;7;0;0;2;8;1;B01
201500047310;0;7;0;0;2;5;1;B01
201500047310;0;7;0;0;2;3;11;A01
201500047310;0;7;0;0;2;4;1;C01
201500047311;0;7;0;0;2;4;1;A01
201500047311;0;13;0;0;2;1;2;B01
201500047312;0;7;0;0;2;1;2;C01
201500047312;0;7;0;0;2;4;1;A01
201500047312;0;7;0;0;2;4;2;B01
201500047313;0;7;0;4;0;1;19;A01
201500047314;0;7;0;0;2;1;2;B01
201500047314;0;7;0;0;2;3;2;C01
201500047314;0;7;0;0;2;1;5;A01
201500047315;1;7;0;;2;1;;B02
201500047315;0;7;0;0;2;7;9;A01
201500047316;0;7;0;0;2;5;12;B01
201500047316;0;33;0;0;2;1;3;A01
201500047317;0;7;0;16;0;1;1;A01
201500047318;0;7;0;0;2;8;11;A01
201500047318;0;13;0;0;2;7;1;B01
201500047319;0;7;0;0;2;4;1;C01
201500047319;0;13;0;0;2;1;2;A01
201500047319;0;7;0;0;2;9;2;B01
201500047320;0;7;0;0;2;1;1;A01
201500047320;0;7;0;0;2;4;2;B01
201500047321;0;7;0;0;2;4;2;B01
201500047321;0;7;0;0;2;1;1;A01
201500047322;0;31;0;16;0;7;1;A01
201500047323;0;31;0;0;2;1;3;A01
201500047323;0;7;0;0;2;7;12;B01
201500047324;0;7;0;0;2;4;2;B01
201500047324;0;7;0;0;2;4;2;C01
201500047324;0;7;0;0;2;1;1;A01
201500047325;0;7;0;0;2;4;2;C01
201500047325;0;7;0;0;2;1;2;A01
201500047325;0;7;0;0;2;4;0;B01
201500047326;0;33;0;0;0;7;1;A01
201500047327;0;7;0;0;2;9;1;B01
201500047327;2;7;0;0;2;9;13;A01
201500047328;0;33;0;4;0;8;1;A01
201500047329;0;7;0;4;0;1;1;A01
201500047330;0;7;0;0;2;4;12;A01
201500047330;0;33;0;0;2;1;3;B01
201500047331;0;7;0;0;2;4;2;B01
201500047331;0;7;0;0;2;4;2;C01
201500047331;0;13;0;0;2;1;2;D01
201500047331;0;7;0;0;2;4;1;A01
201500047332;0;33;0;16;0;8;1;A01
201500047333;0;33;0;0;2;1;1;A01
201500047333;0;7;0;0;2;4;2;B01
201500047333;0;7;0;0;2;4;11;C01
201500047334;0;7;0;0;2;4;1;B01
201500047334;0;7;0;0;2;1;2;A01
201500047335;0;7;0;0;2;1;1;A01
201500047335;0;7;0;0;2;1;2;B01
201500047335;0;7;0;0;2;4;2;C01
201500047336;0;7;0;0;2;1;1;A01
201500047336;0;34;0;0;2;4;2;B01
201500047337;0;32;0;0;2;7;3;A01
201500047338;0;7;0;4;0;6;1;A01
201500047339;0;7;0;16;0;9;1;A01
201500047340;0;7;0;0;2;4;2;B01
201500047340;0;15;0;0;2;1;1;A01
201500047341;0;7;0;0;2;1;2;B01
201500047341;0;7;0;0;2;5;1;A01
201500047341;0;7;0;0;2;1;2;C01
201500047342;0;13;0;0;2;1;1;A01
201500047342;0;7;0;0;2;4;2;B01
201500047343;0;33;0;0;2;1;1;B01
201500047343;0;7;0;0;2;3;10;A01
201500047344;0;7;0;0;2;1;2;B01
201500047344;0;7;0;0;2;4;1;A01
201500047345;0;7;0;0;2;6;23;A01
201500047345;0;7;0;0;2;1;12;B01
201500047346;0;33;0;0;2;8;3;B01
201500047346;0;7;0;0;2;7;12;A01
201500047347;0;7;0;0;2;4;2;C01
201500047347;0;7;0;0;2;4;2;D01
201500047347;0;7;0;0;2;1;1;A01
201500047347;0;7;0;0;2;4;2;B01
201500047348;0;10;0;0;2;1;1;E01
201500047348;0;7;0;0;2;4;1;D01
201500047348;0;10;0;0;2;4;21;A01
201500047348;0;33;0;0;2;1;1;C01
201500047348;0;10;0;0;2;1;21;B01
201500047349;0;7;0;0;2;4;2;C01
201500047349;0;7;0;0;2;1;1;A01
201500047349;0;7;0;0;2;4;2;B01
201500047350;0;7;0;1;2;4;23;B01
201500047350;0;10;0;1;2;1;1;A01
201500047351;0;7;0;0;2;4;2;A01
201500047351;0;33;0;0;2;1;2;B01
201500047352;0;7;0;0;2;4;1;B01
201500047352;0;10;0;0;2;1;12;A01
201500047353;0;33;0;16;0;7;3;A01
201500047354;0;33;0;16;0;7;1;A01
201500047355;0;7;0;4;0;8;1;A01
201500047356;0;7;0;0;2;4;23;B01
201500047356;0;33;0;0;2;1;1;A01
201500047357;0;7;0;0;2;2;1;B01
201500047357;0;7;0;0;2;1;5;A01
201500047358;0;7;0;3;0;1;1;A01
201500047359;0;7;0;3;0;1;1;A01
201500047360;0;33;0;0;2;1;1;A01
201500047360;0;7;0;0;2;4;2;B01
201500047361;0;7;0;4;0;3;1;A01
201500047362;0;7;0;4;0;1;1;A01
201500047363;0;7;0;0;2;1;21;A01
201500047363;0;7;0;0;2;2;1;B01
201500047364;0;7;0;3;0;1;1;A01
201500047365;0;7;0;0;2;1;1;A01
201500047365;0;7;0;0;2;6;23;B01
201500047366;0;7;0;13;0;1;1;A01
201500047367;0;7;0;3;0;1;1;A01
201500047368;0;7;0;4;0;5;1;A01
201500047369;0;7;0;15;0;2;1;A01
201500047370;0;7;0;0;0;9;1;A01
201500047371;0;7;0;3;0;1;1;A01
201500047372;0;10;0;0;2;2;12;B01
201500047372;0;32;0;0;2;1;3;A01
201500047373;0;7;0;7;0;2;1;A01
201500047374;0;33;0;0;2;3;3;A01
201500047374;0;7;0;0;2;3;11;B01
201500047374;0;7;0;0;2;5;1;C01
201500047375;0;33;0;0;2;9;3;A01
201500047375;0;7;0;0;2;6;1;C01
201500047375;0;7;0;0;2;5;11;B01
201500047376;0;16;0;0;2;1;1;A01
201500047376;0;10;0;0;2;4;2;C01
201500047376;0;7;0;0;2;4;2;B01
201500047377;0;7;0;0;2;1;2;A01
201500047377;0;7;0;0;2;4;2;B01
201500047378;0;7;0;0;2;9;1;B01
201500047378;0;7;0;0;2;2;14;A01
201500047379;0;7;0;0;2;4;12;B01
201500047379;0;7;0;0;2;6;1;C01
201500047379;0;33;0;0;2;1;1;A01
201500047380;0;37;8;0;2;4;21;C01
201500047380;0;14;0;0;2;9;1;B01
201500047380;0;14;0;0;2;7;13;A01
201500047381;0;33;0;16;0;8;1;A01
201500047382;0;7;0;0;2;4;2;D01
201500047382;0;7;0;0;2;4;2;B01
201500047382;0;33;0;0;2;1;1;A01
201500047382;0;7;0;0;2;4;2;C01
201500047383;0;7;0;0;2;5;1;A01
201500047383;0;32;0;0;2;1;2;B01
201500047384;0;33;0;4;0;2;1;A01
201500047385;0;7;0;0;2;4;1;B01
201500047385;0;33;0;0;2;1;2;A01
201500047386;0;7;0;0;2;2;12;C01
201500047386;0;33;0;0;2;1;3;B01
201500047386;0;7;0;0;2;3;1;A01
201500047387;0;7;0;0;2;4;2;B01
201500047387;0;7;0;0;2;1;1;A01
201500047388;0;7;0;0;2;4;2;C01
201500047388;0;7;0;0;2;4;2;B01
201500047388;0;7;0;0;2;1;1;A01
201500047389;0;7;0;0;2;4;1;A01
201500047389;0;7;0;0;2;4;2;B01
201500047389;0;7;0;0;2;1;2;D01
201500047389;0;7;0;0;2;4;2;C01
201500047390;0;33;0;4;0;8;1;A01
201500047391;0;7;0;0;2;1;2;B01
201500047391;0;7;0;0;2;3;1;D01
201500047391;0;7;0;0;2;3;1;C01
201500047391;0;7;0;0;2;1;17;A01
201500047392;0;7;0;0;2;4;2;B01
201500047392;0;10;0;0;2;1;1;A01
201500047393;0;33;0;0;2;8;3;A01
201500047393;0;7;0;0;2;2;12;B01
201500047394;0;7;0;0;0;9;1;A01
201500047395;0;7;0;3;0;3;1;A01
201500047396;0;33;0;16;0;8;3;A01
201500047397;0;7;0;0;2;4;2;B01
201500047397;0;7;0;0;2;4;2;C01
201500047397;0;7;0;0;2;4;2;D01
201500047397;0;7;0;0;2;1;1;A01
201500047397;0;7;0;0;2;4;2;E01
201500047398;0;33;0;16;0;7;14;A01
201500047399;0;7;0;0;2;9;23;B01
201500047399;0;7;0;0;2;1;2;A01
201500047399;0;32;0;0;2;4;23;D01
201500047399;0;7;0;0;2;9;23;C01
201500047400;0;7;0;0;2;1;1;B01
201500047400;0;7;0;0;2;6;11;A01
201500047401;0;7;0;15;0;1;1;A01
201500047402;0;34;0;0;2;3;1;A01
201500047402;0;7;0;0;2;6;12;B01
201500047403;0;7;0;0;0;0;0;A01
201500047404;0;33;0;0;0;7;1;A01
201500047405;0;33;0;0;2;2;3;B01
201500047405;0;7;0;0;2;8;11;A01
201500047406;0;7;0;0;2;1;2;A01
201500047406;0;7;0;0;2;4;1;B01
201500047407;0;34;0;0;2;1;3;B01
201500047407;0;33;0;0;2;4;11;A01
201500047408;0;7;0;0;2;4;2;B01
201500047408;0;33;0;0;2;1;1;A01
201500047409;0;7;0;1;0;1;1;A01
201500047410;0;7;0;0;2;3;1;A01
201500047410;1;7;0;0;2;2;14;B01
201500047411;1;14;0;0;2;8;2;Z01
201500047411;0;31;0;0;2;7;1;A01
201500047412;0;33;0;0;2;1;3;A01
201500047412;0;7;0;0;2;8;1;C01
201500047412;0;7;0;0;2;4;11;B01
201500047413;0;7;0;0;2;4;2;B01
201500047413;0;7;0;0;2;1;1;A01
201500047414;0;7;0;0;2;4;2;C01
201500047414;0;7;0;0;2;4;2;D01
201500047414;0;7;0;0;2;1;1;A01
201500047414;0;7;0;0;2;4;2;B01
201500047415;0;7;0;0;2;4;2;B01
201500047415;0;7;0;0;2;1;1;A01
201500047416;0;34;0;16;0;7;1;A01
201500047417;0;7;0;0;2;4;2;B01
201500047417;0;38;1;0;2;4;1;C01
201500047417;0;7;0;0;2;1;2;A01
201500047418;0;32;0;0;2;8;3;A01
201500047418;0;7;0;0;2;7;12;B01
201500047419;0;7;0;3;0;1;1;A01
201500047420;0;7;0;0;2;7;3;A01
201500047420;0;7;0;0;2;8;2;B01
201500047421;0;7;0;0;2;4;1;C01
201500047421;0;7;0;0;2;1;2;A01
201500047421;0;7;0;0;2;4;2;B01
201500047422;0;7;0;0;2;4;2;B01
201500047422;0;7;0;0;2;1;2;A01
201500047423;0;10;0;0;2;5;2;B01