num_acc;senc;catv;occutc;obs;obsm;choc;manv;num_veh
201500047423;0;7;0;0;2;1;1;A01
201500047424;0;7;0;0;2;1;1;A01
201500047424;0;7;0;0;2;4;2;B01
201500047425;0;7;0;3;0;8;1;A01
201500047426;0;7;0;4;0;1;1;A01
201500047427;0;34;0;0;2;4;1;B01
201500047427;0;33;0;0;2;9;1;A01
201500047428;0;7;0;4;0;7;1;A01
201500047429;0;7;0;4;0;8;1;A01
201500047430;0;32;0;16;0;8;3;A01
201500047431;0;33;0;0;2;1;3;A01
201500047431;0;7;0;0;2;8;11;B01
201500047432;0;7;0;0;2;1;2;A01
201500047432;0;7;0;0;2;4;1;B01
201500047433;0;7;0;0;2;4;2;B01
201500047433;0;7;0;0;2;1;1;A01
201500047434;0;7;0;4;0;9;1;A01
201500047435;0;7;0;0;2;9;2;B01
201500047435;0;7;0;0;2;9;2;C01
201500047435;0;7;0;0;2;4;1;D01
201500047435;0;7;0;0;2;1;2;A01
201500047436;0;7;0;0;2;2;1;A01
201500047436;0;7;0;0;2;3;1;B01
201500047437;0;10;0;0;2;2;12;A01
201500047437;0;7;0;0;2;4;2;C01
201500047437;0;33;0;0;2;4;3;B01
201500047438;0;7;0;1;0;1;1;A01
201500047439;0;31;0;0;2;3;3;A01
201500047439;0;7;0;0;2;5;12;B01
201500047440;0;7;0;0;2;1;2;B01
201500047440;0;15;0;0;2;4;1;A01
201500047441;0;7;0;0;2;2;12;B01
201500047441;0;32;0;0;2;3;3;A01
201500047442;0;15;0;0;2;4;1;A01
201500047442;0;15;0;0;2;1;2;C01
201500047442;0;10;0;0;2;4;2;B01
201500047443;0;10;0;0;2;1;1;A01
201500047443;0;15;0;0;2;4;2;B01
201500047444;0;7;0;0;2;4;2;B01
201500047444;0;7;0;0;2;1;2;A01
201500047445;0;7;0;0;2;4;2;B01
201500047445;0;7;0;0;2;1;2;C01
201500047445;0;7;0;0;2;4;1;A01
201500047446;0;7;0;0;2;4;2;C01
201500047446;0;7;0;0;2;4;2;B01
201500047446;0;7;0;0;2;1;1;A01
201500047446;0;7;0;0;2;4;2;E01
201500047446;0;7;0;0;2;4;2;D01
201500047447;0;7;0;0;2;1;1;A01
201500047447;0;30;0;0;2;4;2;B01
201500047448;0;7;0;0;2;1;1;A01
201500047448;0;7;0;0;2;4;2;B01
201500047449;0;33;0;16;0;7;13;A01
201500047450;0;7;0;0;2;4;1;C01
201500047450;0;7;0;0;2;1;2;A01
201500047450;0;7;0;0;2;9;2;B01
201500047451;0;32;0;0;2;1;3;A01
201500047451;0;7;0;0;2;5;12;B01
201500047452;0;33;0;0;2;4;1;B01
201500047452;0;7;0;0;2;3;2;A01
201500047453;0;10;0;0;2;7;12;B01
201500047453;0;33;0;0;2;1;3;A01
201500047454;0;7;0;2;0;1;1;A01
201500047455;0;7;0;0;2;4;2;B01
201500047455;0;7;0;0;2;1;1;A01
201500047456;0;7;0;0;2;5;1;A01
201500047456;0;33;0;0;2;8;3;B01
201500047457;0;33;0;16;0;8;1;A01
201500047458;0;7;0;0;2;6;12;A01
201500047458;0;32;0;0;2;2;3;B01
201500047459;0;33;0;0;2;1;1;A01
201500047459;0;7;0;0;2;4;2;B01
201500047459;0;7;0;0;2;8;1;C01
201500047460;0;7;0;3;0;1;1;A01
201500047461;0;7;0;0;2;2;1;C01
201500047461;0;7;0;0;2;4;2;B01
201500047461;0;7;0;0;2;1;1;A01
201500047462;0;7;0;0;2;5;1;B01
201500047462;0;33;0;0;2;3;3;A01
201500047463;0;7;0;0;2;4;23;C01
201500047463;0;7;0;0;2;1;1;A01
201500047463;0;7;0;0;2;4;23;B01
201500047464;0;34;0;0;2;7;1;B01
201500047464;0;7;0;0;2;3;11;A01
201500047465;0;7;0;3;0;3;1;A01
201500047466;0;7;0;0;2;5;1;A01
201500047466;0;34;0;0;2;1;2;B01
201500047467;0;7;0;0;2;7;14;B01
201500047467;0;7;0;0;2;8;1;A01
201500047468;0;7;0;0;2;1;1;A01
201500047468;0;7;0;0;2;5;2;B01
201500047469;0;7;0;0;2;1;1;A01
201500047469;0;7;0;0;2;4;2;D01
201500047469;0;7;0;0;2;4;2;C01
201500047469;0;7;0;0;2;4;2;B01
201500047470;0;7;0;0;2;2;12;B01
201500047470;0;33;0;0;2;3;3;A01
201500047471;0;7;0;0;2;2;1;B01
201500047471;0;7;0;0;2;6;1;A01
201500047472;0;7;0;0;2;1;2;A01
201500047472;0;7;0;0;2;4;1;B01
201500047473;0;7;0;16;0;9;1;A01
201500047474;0;7;0;0;2;4;2;B01
201500047474;0;10;0;0;2;1;19;A01
201500047475;0;10;0;0;2;4;2;B01
201500047475;0;7;0;0;2;1;1;A01
201500047476;0;7;0;4;0;1;1;A01
201500047477;0;15;0;4;0;1;19;A01
201500047478;0;7;0;3;0;1;1;A01
201500047479;0;33;0;0;2;1;1;A01
201500047479;0;7;0;0;2;5;11;B01
201500047480;0;7;0;0;2;1;1;B01
201500047480;0;7;0;0;2;8;21;A01
201500047481;0;7;0;0;2;4;2;C01
201500047481;0;7;0;0;2;1;1;A01
201500047481;0;7;0;0;2;4;2;B01
201500047481;0;7;0;0;2;4;2;D01
201500047482;0;33;0;0;2;8;1;B01
201500047482;0;7;0;0;2;7;12;A01
201500047483;0;33;0;0;2;8;1;B01
201500047483;0;7;0;0;2;6;11;A01
201500047484;0;10;0;0;2;6;12;B01
201500047484;0;33;0;0;2;1;3;A01
201500047485;0;7;0;0;2;1;1;A01
201500047485;0;7;0;0;2;4;1;B01
201500047486;0;10;0;0;2;1;1;A01
201500047486;0;7;0;0;2;4;2;B01
201500047486;0;7;0;0;2;4;2;C01
201500047487;0;7;0;13;0;9;16;A01
201500047488;0;7;0;0;2;2;2;B01
201500047488;0;33;0;0;2;1;14;A01
201500047489;0;7;0;0;2;4;2;B01
201500047489;0;7;0;0;2;1;1;A01
201500047489;0;7;0;0;2;4;2;C01
201500047490;0;7;0;0;2;4;1;C01
201500047490;0;7;0;0;2;1;2;A01
201500047490;0;7;0;0;2;9;2;B01
201500047491;0;7;0;4;0;1;1;A01
201500047492;0;7;0;0;2;3;1;B01
201500047492;0;7;0;4;2;9;1;A01
201500047493;1;14;0;0;2;2;12;Z01
201500047493;0;7;0;0;2;3;1;A01
201500047494;0;7;0;0;2;4;1;A01
201500047494;0;7;0;0;2;1;2;B01
201500047495;0;7;0;0;2;1;1;B01
201500047495;2;7;0;0;2;1;5;Z01
201500047496;0;7;0;0;2;4;1;A01
201500047496;1;7;0;0;2;1;1;Z01
201500047497;0;7;0;0;2;6;1;B01
201500047497;0;7;0;0;2;3;5;A01
201500047498;0;7;0;0;2;4;2;B01
201500047498;0;10;0;0;2;1;1;A01
201500047499;0;7;0;0;2;4;2;C01
201500047499;0;7;0;0;2;4;2;B01
201500047499;0;10;0;0;2;1;1;A01
201500047500;0;10;0;0;2;1;2;A01
201500047500;0;7;0;0;2;5;2;B01
201500047501;0;7;0;0;2;5;14;A01
201500047501;0;32;0;0;2;1;1;B01
201500047502;0;33;0;0;2;8;1;B01
201500047502;0;7;0;0;2;7;12;A01
201500047503;0;33;0;0;2;1;3;B01
201500047503;0;7;0;0;2;4;11;A01
201500047504;0;7;0;0;2;8;9;A01
201500047504;0;13;0;0;2;2;1;B01
201500047504;0;7;0;0;2;1;1;C01
201500047505;0;7;0;0;2;4;2;B01
201500047505;0;7;0;0;2;1;1;A01
201500047506;0;13;0;0;2;2;12;A01
201500047506;0;7;0;0;2;6;1;B01
201500047507;0;7;0;0;2;4;1;A01
201500047507;0;7;0;0;2;4;2;B01
201500047507;0;7;0;0;2;1;2;C01
201500047508;0;33;0;0;2;7;3;A01
201500047508;1;7;0;0;2;8;11;B01
201500047509;0;7;0;0;2;1;2;A01
201500047509;0;7;0;0;2;5;1;B01
201500047510;0;7;0;0;2;5;1;B01
201500047510;0;7;0;0;2;3;2;A01
201500047511;0;7;0;0;2;3;1;A01
201500047511;2;7;0;0;2;3;13;B01
201500047512;0;10;0;0;2;4;2;B01
201500047512;0;14;0;0;2;4;2;C01
201500047512;0;14;0;0;2;1;2;D01
201500047512;0;7;0;0;2;4;23;A01
201500047513;0;33;0;16;0;8;1;A01
201500047514;0;33;0;16;0;8;1;A01
201500047515;0;10;0;0;2;1;1;A01
201500047515;0;10;0;0;2;4;2;C01
201500047515;0;10;0;0;2;4;2;B01
201500047516;0;33;0;0;2;8;3;A01
201500047516;0;7;0;0;2;7;12;B01
201500047517;0;7;0;0;2;1;1;A01
201500047517;0;7;0;0;2;4;2;B01
201500047518;0;7;0;0;2;3;1;C01
201500047518;0;7;0;0;2;2;1;B01
201500047518;0;7;0;0;2;3;18;A01
201500047519;0;33;0;16;0;8;13;A01
201500047520;0;7;0;0;2;1;1;A01
201500047520;0;7;0;0;2;4;2;B01
201500047520;0;7;0;0;2;4;2;C01
201500047521;0;7;0;0;2;8;11;B01
201500047521;0;33;0;0;2;8;21;A01
201500047522;0;15;0;4;0;1;1;A01
201500047523;0;7;0;16;0;9;1;A01
201500047524;0;13;0;0;2;1;1;A01
201500047525;0;7;0;13;0;8;1;A01
201500047526;0;7;0;0;2;6;1;B01
201500047526;0;33;0;0;2;1;3;A01
201500047527;0;7;0;0;2;4;1;C01
201500047527;0;7;0;0;2;1;2;A01
201500047527;0;7;0;0;2;9;2;B01
201500047528;0;7;0;3;0;1;17;A01
201500047529;0;7;0;0;2;4;11;B01
201500047529;0;33;0;0;2;1;3;A01
201500047530;0;33;0;0;2;1;1;B01
201500047530;0;13;0;0;2;4;1;C01
201500047530;0;7;0;0;2;8;11;A01
201500047531;0;10;0;0;2;1;1;A01
201500047531;0;10;0;0;2;4;2;B01
201500047532;0;33;0;0;2;1;1;B01
201500047532;0;7;0;0;2;8;11;A01
201500047533;0;13;0;0;2;1;1;A01
201500047533;0;10;0;0;2;4;23;B01
201500047534;0;32;0;16;0;1;1;A01
201500047535;0;7;0;0;2;4;24;B01
201500047535;0;7;0;1;0;1;13;A01
201500047536;0;7;0;4;0;9;1;A01
201500047537;0;13;0;0;2;3;13;A01
201500047537;0;7;0;0;2;5;1;B01
201500047538;0;14;0;0;2;4;2;C01
201500047538;0;15;0;0;2;4;2;B01
201500047538;0;13;0;0;2;1;1;A01
201500047539;0;7;0;0;2;1;1;A01
201500047539;0;7;0;0;2;4;2;B01
201500047540;0;7;0;0;2;8;13;A01
201500047540;0;7;0;0;2;5;1;B01
201500047541;0;33;0;16;0;7;21;A01
201500047542;0;7;0;0;2;4;1;A01
201500047542;0;7;0;0;2;1;2;B01
201500047543;0;7;0;13;0;1;14;A01
201500047544;0;33;0;16;0;7;1;A01
201500047545;0;7;0;0;2;3;1;D01
201500047545;0;7;0;0;2;6;13;A01
201500047545;0;7;0;0;2;4;13;C01
201500047545;0;7;0;0;2;1;1;B01
201500047546;0;33;0;0;2;3;3;B01
201500047546;0;7;0;0;2;5;12;A01
201500047547;0;33;0;16;0;8;3;A01
201500047548;0;14;0;0;2;7;12;A01
201500047548;0;7;0;0;2;8;1;B01
201500047549;0;7;0;3;0;1;13;A01
201500047550;0;7;0;0;2;8;9;A01
201500047550;0;13;0;0;2;7;1;B01
201500047551;0;7;0;0;2;3;13;A01
201500047551;0;7;0;0;2;5;1;B01
201500047552;0;7;0;0;2;1;21;A01
201500047552;0;7;0;0;2;4;1;B01
201500047553;0;7;0;0;2;4;11;B01
201500047553;0;33;0;0;2;1;3;A01
201500047554;0;7;0;0;2;4;1;A01
201500047554;0;33;0;0;2;1;2;B01
201500047555;0;33;0;0;2;4;1;A01
201500047555;0;7;0;0;2;1;2;B01
201500047556;0;10;0;3;0;1;12;A01
201500047557;0;7;0;13;0;9;14;A01
201500047558;0;7;0;3;0;7;14;A01
201500047559;0;7;0;0;2;4;2;B01
201500047559;0;7;0;0;2;1;1;A01
201500047559;0;7;0;0;2;4;1;C01
201500047560;1;17;0;0;0;0;1;Z01
201500047560;0;33;0;16;0;7;3;A01
201500047561;0;7;0;0;2;5;1;A01
201500047561;0;33;0;0;2;1;3;B01
201500047562;0;7;0;0;2;5;12;B01
201500047562;0;33;0;0;2;1;3;A01
201500047563;0;33;0;16;0;8;3;A01
201500047564;0;13;0;0;2;4;2;B01
201500047564;0;7;0;0;2;1;1;A01
201500047565;0;13;0;0;2;4;1;B01
201500047565;0;7;0;0;2;3;1;A01
201500047566;0;33;0;0;2;1;3;A01
201500047566;0;7;0;0;2;8;1;C01
201500047566;0;7;0;0;2;4;11;B01
201500047567;0;15;0;0;2;6;11;B01
201500047567;0;7;0;0;2;1;13;A01
201500047568;0;7;0;0;2;6;11;A01
201500047568;0;33;0;0;2;7;3;B01
201500047569;0;7;0;0;2;3;9;A01
201500047569;0;10;0;0;2;7;1;C01
201500047569;0;7;0;0;2;1;1;D01
201500047569;0;14;0;0;2;2;1;B01
201500047570;0;14;0;0;2;7;12;A01
201500047570;0;33;0;0;2;8;1;B01
201500047571;0;7;0;0;2;4;2;B01
201500047571;0;7;0;0;2;1;1;A01
201500047571;0;7;0;0;2;4;2;C01
201500047572;0;7;0;0;2;2;2;C01
201500047572;0;14;0;0;2;3;11;B01
201500047572;0;7;0;0;2;1;11;A01
201500047573;0;7;0;0;2;8;1;A01
201500047573;0;30;0;0;2;2;3;B01
201500047574;0;7;0;4;0;9;1;A01
201500047575;0;7;0;0;2;4;1;B01
201500047575;0;14;0;0;2;1;1;A01
201500047576;0;7;0;0;2;4;2;B01
201500047576;0;10;0;0;2;1;1;A01
201500047577;0;7;0;4;0;1;1;A01
201500047578;0;7;0;0;2;3;1;A01
201500047578;0;7;0;0;2;9;9;B01
201500047579;0;7;0;0;2;6;9;A01
201500047579;0;14;0;0;2;2;1;B01
201500047580;0;14;0;4;0;7;1;A01
201500047581;0;7;0;0;2;1;2;B01
201500047581;0;7;0;0;1;1;17;A01
201500047582;0;33;0;0;2;8;13;A01
201500047582;0;7;0;0;2;5;1;B01
201500047583;0;7;0;0;2;3;11;A01
201500047583;0;7;0;0;2;7;1;B01
201500047584;0;10;0;0;2;1;1;A01
201500047584;0;7;0;0;2;4;12;B01
201500047584;0;10;0;0;2;4;1;C01
201500047585;0;7;0;0;2;7;12;B01
201500047585;0;7;0;0;2;3;1;A01
201500047586;0;34;0;0;2;1;2;A01
201500047586;0;7;0;0;2;6;1;B01
201500047587;0;33;0;0;2;4;3;D01
201500047587;0;7;0;0;2;8;1;A01
201500047587;0;7;0;0;2;5;1;C01
201500047587;0;33;0;0;2;7;3;B01
201500047588;0;10;0;0;2;7;19;A01
201500047588;0;14;0;0;2;1;1;B01
201500047589;0;7;0;0;2;9;2;B01
201500047589;0;10;0;0;2;1;2;C01
201500047589;0;7;0;0;2;4;1;A01
201500047590;0;33;0;0;2;1;1;A01
201500047590;0;7;0;0;2;4;2;B01
201500047591;0;7;0;0;2;3;13;B01
201500047591;0;7;0;0;2;4;1;C01
201500047591;0;33;0;0;2;2;3;A01
201500047592;0;13;0;0;2;1;1;A01
201500047592;0;13;0;0;2;4;2;B01
201500047593;0;7;0;0;2;8;1;B01
201500047593;0;13;0;0;2;2;9;A01
201500047594;0;7;0;0;2;4;2;C01
201500047594;0;7;0;0;2;1;1;A01
201500047594;0;7;0;0;2;4;2;B01
201500047595;0;7;0;16;0;1;1;A01
201500047596;0;7;0;0;2;4;2;B01
201500047596;0;10;0;0;2;1;1;A01
201500047597;0;33;0;0;2;1;3;B01
201500047597;0;7;0;0;2;4;1;A01
201500047598;0;7;0;0;2;9;2;D01
201500047598;0;7;0;0;2;4;1;E01
201500047598;0;7;0;0;2;9;2;B01
201500047598;0;7;0;0;2;1;2;A01
201500047598;0;7;0;0;2;9;2;C01
201500047599;0;7;0;4;0;1;1;A01
201500047600;0;7;0;0;2;7;12;B01
201500047600;0;34;0;0;2;8;3;A01
201500047601;0;7;0;0;2;8;11;B01
201500047601;0;7;0;0;2;6;1;C01
201500047601;0;33;0;0;2;7;3;A01
201500047602;0;7;0;0;2;5;14;A01
201500047602;0;33;0;0;2;1;1;B01
201500047603;0;7;0;0;2;4;13;A01
201500047603;0;7;0;0;2;1;1;B01
201500047604;0;7;0;0;2;1;13;A01
201500047604;0;7;0;0;2;4;2;B01
201500047604;0;10;0;0;2;4;2;C01
201500047605;0;7;0;0;2;2;1;B01
201500047605;0;10;0;0;2;1;1;E01
201500047605;0;7;0;0;2;5;1;A01
201500047605;0;7;0;0;2;1;1;D01
201500047605;0;7;0;0;2;3;13;C01
201500047606;0;7;0;3;0;8;21;A01
201500047607;0;7;0;0;2;1;1;A01
201500047607;0;15;0;0;2;6;1;C01
201500047607;0;7;0;0;2;4;1;B01
201500047608;0;13;0;0;2;1;1;A01
201500047608;0;7;0;0;2;4;11;B01
201500047609;0;7;0;0;2;1;2;A01
201500047609;0;7;0;0;2;4;1;B01
201500047610;0;7;0;0;2;1;1;A01
201500047610;0;7;0;0;2;4;2;B01
201500047611;0;7;0;0;2;1;1;A01
201500047611;0;7;0;0;2;4;2;B01
201500047612;0;31;0;16;0;7;1;A01
201500047613;0;7;0;3;0;9;1;A01
201500047614;0;7;0;0;2;4;2;C01
201500047614;0;7;0;0;2;1;1;A01
201500047614;0;10;0;0;2;4;2;B01
201500047615;0;7;0;1;0;1;2;C01
201500047615;2;7;0;0;1;2;14;A01
201500047615;0;7;0;0;2;6;2;B01
201500047616;0;7;0;4;0;1;1;A01
201500047617;0;7;0;0;2;4;1;A01
201500047617;0;7;0;0;2;1;2;B01
201500047618;0;7;0;0;2;1;2;E01
201500047618;0;33;0;0;2;1;2;B01
201500047618;0;7;0;0;2;4;2;C01
201500047618;0;7;0;0;2;4;2;D01
201500047618;0;7;0;0;2;1;1;A01
201500047619;0;7;0;3;0;7;1;A01
201500047620;0;33;0;16;0;7;1;A01
201500047621;0;7;0;0;2;1;1;A01
201500047621;0;7;0;0;2;4;2;B01
201500047622;1;7;0;0;2;4;12;Z01
201500047622;0;33;0;0;2;1;1;B01
201500047623;0;7;0;0;1;2;1;A01
201500047624;0;7;0;0;2;9;1;C01
201500047624;0;7;0;0;2;1;1;A01
201500047624;0;7;0;0;2;6;1;B01
201500047625;0;10;0;0;2;9;1;B01
201500047625;0;16;0;0;2;7;1;A01
201500047626;0;7;0;0;2;4;1;B01
201500047626;0;7;0;0;2;2;1;C01
201500047626;0;13;0;0;2;1;12;A01
201500047627;0;7;0;0;2;5;1;A01
201500047627;0;7;0;0;2;2;2;B01
201500047628;0;7;0;0;2;1;1;A01
201500047628;0;7;0;0;2;4;2;C01
201500047628;0;7;0;0;2;4;2;B01
201500047629;1;7;0;0;2;5;1;Z01
201500047629;0;7;0;0;2;3;1;A01
201500047630;0;10;0;4;0;1;1;A01
201500047631;0;7;0;0;2;4;1;B01
201500047631;0;14;0;0;2;1;1;A01
201500047632;0;7;0;13;0;0;1;A01
201500047633;0;7;0;6;2;1;13;A01
201500047633;0;32;0;0;2;1;1;B01
201500047634;0;37;0;0;1;5;1;A01
201500047635;0;7;0;0;1;1;1;A01
201500047636;0;31;0;0;2;1;2;A01
201500047636;0;7;0;0;2;0;0;B01
201500047637;0;7;0;2;0;1;1;A01
201500047638;0;7;0;0;2;7;1;A01
201500047638;0;7;0;0;2;1;1;B01
201500047639;0;7;0;0;1;1;1;A01
201500047640;0;7;0;0;2;4;1;B01
201500047640;0;7;0;0;2;1;1;A01
201500047641;0;7;0;0;2;1;1;A01
201500047641;0;7;0;0;2;4;1;B01
201500047642;0;37;0;0;1;2;1;A01
201500047643;0;7;0;1;1;1;1;A01
201500047644;0;7;0;0;0;2;2;A01
201500047645;0;7;0;0;2;1;9;A01
201500047645;0;7;0;0;2;8;1;B01
201500047646;0;7;0;14;0;0;1;A01
201500047647;0;7;0;2;0;0;1;A01
201500047648;0;7;0;0;2;1;0;A01
201500047648;0;7;0;0;2;4;11;B01
201500047649;0;7;0;0;1;1;1;A01
201500047650;0;7;0;0;2;1;1;A01
201500047650;0;7;0;0;2;6;1;C01
201500047650;0;7;0;0;2;4;1;B01
201500047650;0;7;0;0;2;1;1;D01
201500047651;0;33;0;0;2;1;1;B01
201500047651;0;7;0;0;2;6;9;A01
201500047652;0;7;0;0;2;4;2;B01
201500047652;0;7;0;0;2;1;2;A01
201500047653;0;3;0;0;2;3;1;A01
201500047653;0;7;0;0;2;3;9;B01
201500047654;0;7;0;0;2;1;2;A01
201500047654;0;7;0;0;2;4;1;B01
201500047655;0;30;0;0;1;1;0;A01
201500047656;0;7;0;0;2;4;1;B01
201500047656;0;7;0;0;2;1;2;A01
201500047657;0;7;0;0;2;1;1;A01
201500047657;0;7;0;0;2;1;1;B01
201500047658;0;1;0;0;2;3;19;A01
201500047658;0;32;0;0;2;1;1;B01
201500047659;0;7;0;14;0;1;1;A01
201500047660;0;99;0;0;0;8;16;A01
201500047661;0;30;0;15;0;7;1;A01
201500047662;0;7;0;0;2;1;2;A01
201500047662;0;7;0;0;2;4;23;B01
201500047663;0;7;0;0;2;4;1;B01
201500047663;0;7;0;0;2;1;1;A01
201500047664;1;7;0;0;1;1;1;Z01
201500047665;0;7;0;0;2;4;1;B01
201500047665;0;7;0;0;2;1;1;A01
201500047666;0;7;0;0;2;3;15;A01
201500047666;0;7;0;0;2;1;1;B01
201500047667;0;7;0;0;2;3;13;A01
201500047667;0;7;0;0;2;6;1;B01
201500047668;0;7;0;8;0;2;1;A01
201500047669;0;7;0;0;2;3;1;B01
201500047669;0;7;0;0;2;3;13;A01
201500047670;0;2;0;14;0;1;2;A01
201500047671;0;7;0;0;2;8;1;B01
201500047671;0;7;0;0;2;3;13;A01
201500047672;0;2;0;8;0;1;2;A01
201500047673;0;7;0;8;0;2;1;A01
201500047674;0;34;0;0;1;1;15;A01
201500047675;0;7;0;0;2;3;13;A01
201500047675;0;7;0;0;2;8;1;B01
201500047676;0;7;0;0;2;3;1;B01
201500047676;0;33;0;0;2;3;1;A01
201500047676;0;7;0;0;2;3;1;C01
201500047677;0;30;0;0;2;2;17;A01
201500047677;1;13;0;0;2;5;1;Z01
201500047678;0;7;0;0;2;3;6;A01
201500047678;0;7;0;0;2;6;1;B01
201500047679;0;7;0;0;2;1;1;C01
201500047679;0;7;0;0;2;1;1;B01
201500047679;0;7;0;0;2;3;9;A01
201500047680;0;7;0;0;2;3;1;B01
201500047680;0;7;0;0;2;3;13;A01
201500047681;0;33;0;0;2;1;1;A01
201500047681;0;10;0;0;2;8;15;B01
201500047682;0;33;0;0;2;1;1;B01
201500047682;0;7;0;0;2;3;15;A01
201500047683;0;7;0;8;0;1;13;A01
201500047684;0;7;0;0;2;3;1;B01
201500047684;0;7;0;8;0;3;16;A01
201500047685;0;7;0;0;2;1;16;B01
201500047685;0;32;0;0;2;7;1;A01
201500047686;1;7;0;0;2;1;2;Z01
201500047686;0;7;0;0;2;5;2;B01
201500047687;0;13;0;0;4;1;13;A01
201500047687;0;39;10;0;2;1;1;B01
201500047688;0;7;0;0;2;1;2;B01
201500047688;0;7;0;0;0;0;0;A01
201500047689;0;7;0;0;2;4;1;B01
201500047689;0;7;0;0;2;1;1;A01
201500047690;0;32;0;0;2;1;17;A01
201500047690;0;7;0;0;2;3;15;B01
201500047691;0;31;0;0;2;1;1;B01
201500047691;0;7;0;0;2;1;1;A01
201500047692;0;10;0;0;1;3;2;A01
201500047693;0;7;0;12;0;9;1;A01
201500047694;0;7;0;0;2;8;15;B01
201500047694;0;2;0;0;2;1;17;A01
201500047695;0;33;0;0;2;1;3;A01
201500047695;0;7;0;0;2;3;15;B01
201500047696;0;30;0;0;2;1;13;A01
201500047696;0;7;0;0;2;0;1;B01
201500047697;0;7;0;0;2;1;2;A01
201500047697;0;7;0;0;2;4;2;B01
201500047698;0;7;0;4;0;3;2;A01
201500047699;0;10;0;0;2;4;2;C01
201500047699;0;10;0;0;2;1;2;A01
201500047699;0;10;0;0;2;1;2;B01
201500047700;0;7;0;0;2;3;9;A01
201500047700;0;7;0;0;2;2;0;B01
201500047701;0;33;0;0;2;1;1;A01
201500047701;0;7;0;0;2;5;15;B01
201500047702;0;7;0;0;0;4;2;B01
201500047702;0;7;0;0;2;1;2;A01
201500047703;0;30;0;0;0;3;1;A01
201500047704;0;30;0;0;2;4;2;B01
201500047704;1;7;0;0;2;1;2;Z01
201500047705;0;31;0;0;2;1;18;A01
201500047705;0;34;0;0;2;7;16;B01
201500047706;0;7;0;0;2;3;15;A01
201500047706;0;34;0;0;2;7;1;B01
201500047707;0;7;0;0;2;1;2;A01
201500047707;0;7;0;0;2;4;2;B01
201500047708;0;7;0;6;0;1;6;A01
201500047709;0;7;0;0;2;1;2;A01
201500047709;0;2;0;0;2;4;2;B01
201500047710;0;34;0;0;2;7;21;A01
201500047710;0;7;0;0;2;8;13;B01
201500047711;0;2;0;0;2;3;15;A01
201500047711;0;7;0;0;2;3;1;B01
201500047712;0;33;0;4;0;1;2;A01
201500047713;0;7;0;0;1;1;0;A01
201500047714;0;33;0;0;2;7;16;A01
201500047714;0;33;0;0;2;8;18;B01
201500047715;0;10;0;0;2;7;16;B01
201500047715;0;1;0;0;2;1;18;A01
201500047716;0;7;0;0;1;2;16;A01
201500047717;0;7;0;0;2;5;12;A01
201500047717;0;7;0;0;2;3;1;B01
201500047718;0;7;0;0;9;3;0;B01
201500047718;0;2;0;0;2;1;0;A01
201500047719;0;2;0;0;2;1;0;A01
201500047719;0;7;0;0;9;1;0;B01
201500047720;0;7;0;0;2;2;16;B01
201500047720;0;7;0;0;2;3;9;A01
201500047721;0;7;0;0;2;3;0;A01
201500047721;0;32;0;0;2;3;1;B01
201500047722;0;7;0;6;0;1;14;A01
201500047723;0;15;0;0;2;3;0;A01
201500047723;0;7;0;0;9;0;0;B01
201500047724;0;33;0;15;0;1;1;A01
201500047725;0;7;0;0;0;0;9;A01
201500047725;0;33;0;8;0;0;2;B01
201500047725;0;34;0;0;0;0;0;D01
201500047726;0;14;0;0;1;0;12;F01
201500047727;0;7;0;0;0;0;0;A01
201500047727;0;7;0;0;0;0;2;C01
201500047727;0;7;0;0;0;0;0;B01
201500047728;0;7;0;0;1;5;1;A01
201500047729;0;7;0;0;2;3;0;B01
201500047729;1;7;0;0;0;0;0;C01
201500047729;0;7;0;0;2;3;13;A02
201500047730;0;7;0;4;0;3;1;A01
201500047731;0;7;0;0;1;2;2;A01
201500047732;0;31;0;0;0;7;0;A01
201500047733;0;33;0;0;0;7;0;A01
201500047734;0;7;0;0;0;4;2;B01
201500047734;0;7;0;0;2;1;2;A01
201500047735;0;10;0;0;2;1;2;A01
201500047735;0;7;0;0;2;4;2;B01
201500047736;0;7;0;0;2;8;9;A01
201500047736;0;7;0;0;2;1;16;B01
201500047737;0;33;0;0;2;8;3;A01
201500047737;0;7;0;0;2;3;11;B01
201500047738;0;32;0;0;1;1;17;A01
201500047739;0;7;0;0;0;4;4;A01
201500047739;0;31;0;0;0;0;0;B01
201500047740;0;7;0;8;0;1;2;A01
201500047741;0;7;0;3;0;1;1;A01
201500047742;0;7;0;11;0;1;0;A01
201500047743;0;7;0;0;2;1;2;A01
201500047743;0;7;0;0;2;4;15;B01
201500047744;0;7;0;0;2;1;2;A01
201500047744;0;7;0;0;2;1;2;B01
201500047744;0;7;0;0;2;4;0;C01
201500047744;0;7;0;0;2;4;0;D01
201500047745;0;31;0;0;1;1;1;A01
201500047746;0;31;0;0;2;1;0;A01
201500047746;0;32;0;0;2;1;0;B01
201500047747;0;7;0;0;2;1;1;A01
201500047747;0;7;0;0;2;7;16;B01
201500047748;0;33;0;0;0;8;0;A01
201500047749;0;7;0;0;1;6;4;A01
201500047750;0;33;0;0;2;3;13;A01
201500047750;0;10;0;0;2;6;1;B01
201500047751;0;7;0;0;2;3;15;A01
201500047751;0;33;0;0;2;1;1;B01