num_acc;senc;catv;occutc;obs;obsm;choc;manv;num_veh
201500047752;0;7;0;0;2;8;9;A01
201500047752;0;2;0;0;2;1;2;B01
201500047753;0;7;0;2;0;1;2;A01
201500047754;0;10;0;0;2;3;13;A01
201500047754;0;7;0;0;2;8;1;B01
201500047755;0;7;0;6;0;3;1;A01
201500047756;0;17;0;0;0;7;14;A01
201500047756;0;38;0;0;2;3;19;B01
201500047757;2;10;0;0;2;1;0;A01
201500047757;0;10;0;0;0;4;0;B01
201500047758;0;33;0;0;2;1;1;B01
201500047758;0;7;0;0;2;3;15;A01
201500047759;0;1;0;0;2;1;17;B01
201500047759;0;10;0;0;0;8;15;A01
201500047760;0;7;0;0;2;1;9;A01
201500047760;0;7;0;0;2;7;1;B01
201500047761;0;7;0;4;0;6;17;A01
201500047762;0;37;0;0;1;8;2;A01
201500047763;0;33;0;4;0;8;0;A01
201500047764;0;7;0;0;2;2;15;A01
201500047764;0;32;0;0;2;8;2;B01
201500047765;0;7;0;0;2;7;0;B01
201500047765;0;33;0;0;2;8;0;A01
201500047766;0;7;0;0;2;1;15;A01
201500047766;0;7;0;0;2;3;0;B01
201500047767;0;7;0;0;1;0;0;A01
201500047768;0;7;0;0;1;5;0;B01
201500047769;1;3;0;0;1;0;0;Z01
201500047770;0;7;0;0;2;3;1;B01
201500047770;2;7;0;0;2;3;1;A01
201500047770;0;32;0;0;2;1;2;C01
201500047771;0;7;0;0;1;7;1;A01
201500047772;0;7;0;4;2;2;0;B01
201500047772;0;7;0;4;2;6;13;A01
201500047773;0;17;0;0;2;0;0;A01
201500047773;0;7;0;0;2;0;0;B01
201500047774;0;7;0;4;0;8;0;A01
201500047775;0;7;0;0;1;1;2;A01
201500047776;0;7;0;0;1;8;2;A01
201500047777;0;33;0;0;0;1;2;B01
201500047777;0;2;0;4;0;4;11;A01
201500047778;0;7;0;0;2;3;2;B01
201500047778;0;7;0;0;5;3;21;A01
201500047779;0;33;0;1;2;8;1;B01
201500047779;0;7;0;1;2;2;1;A01
201500047780;0;7;0;0;2;1;5;A01
201500047780;0;7;0;0;2;8;0;B01
201500047781;0;13;0;0;2;0;0;A01
201500047781;0;34;0;0;0;0;0;B01
201500047782;0;2;0;0;2;1;2;A01
201500047782;0;7;0;0;2;4;0;B01
201500047783;0;7;0;0;2;2;15;A01
201500047783;0;7;0;0;2;3;15;B01
201500047784;0;7;0;0;2;3;16;A01
201500047784;0;10;0;0;2;2;1;B01
201500047785;0;7;0;0;2;6;2;B01
201500047785;0;31;0;0;2;1;2;A01
201500047786;0;30;0;0;2;1;17;B01
201500047786;0;7;0;0;2;3;20;A01
201500047787;0;7;0;0;0;0;0;T01
201500047787;0;10;0;0;2;2;1;A01
201500047787;0;10;0;0;2;3;0;B01
201500047788;0;7;0;0;1;0;1;A01
201500047789;0;10;0;0;2;1;2;A01
201500047789;0;7;0;0;2;4;2;B01
201500047790;0;7;0;4;0;1;2;A01
201500047790;2;7;0;4;0;1;2;B01
201500047791;0;7;0;0;2;1;1;A01
201500047791;0;7;0;0;2;1;1;B01
201500047792;0;10;0;0;2;1;2;A01
201500047792;0;7;0;0;2;4;2;B01
201500047793;0;33;0;0;2;1;1;B01
201500047793;0;7;0;0;2;3;15;A01
201500047794;0;10;0;0;2;4;2;C01
201500047794;0;7;0;0;2;4;2;B01
201500047794;0;10;0;0;2;1;2;A01
201500047795;0;7;0;0;2;1;5;A01
201500047795;0;7;0;0;2;1;1;B01
201500047795;0;7;0;0;2;3;1;C01
201500047796;0;40;0;0;2;2;2;B01
201500047796;0;7;0;0;4;3;15;A01
201500047797;0;7;0;0;1;1;1;A01
201500047798;0;30;0;0;2;1;1;A01
201500047798;0;10;0;0;2;2;1;B01
201500047799;0;7;0;0;2;1;0;A01
201500047799;0;7;0;0;2;4;2;B01
201500047800;0;7;0;0;1;1;1;A01
201500047801;0;30;0;0;2;0;1;A01
201500047801;0;7;0;0;2;8;20;B01
201500047802;0;7;0;0;1;0;0;A01
201500047803;0;2;0;0;0;7;1;A01
201500047804;0;1;0;0;2;0;0;B01
201500047804;0;7;0;0;2;1;1;A01
201500047805;0;7;0;0;1;5;4;A01
201500047806;0;7;0;8;0;1;1;A01
201500047807;0;37;0;0;1;1;2;A01
201500047808;0;33;0;0;2;1;13;A01
201500047808;0;7;0;0;2;8;15;B01
201500047809;0;7;0;0;2;5;1;A01
201500047809;0;1;0;0;2;3;2;B01
201500047810;0;7;0;0;2;3;22;A01
201500047810;0;1;0;0;2;1;1;B01
201500047811;0;7;0;0;1;4;4;A01
201500047812;0;30;0;0;2;1;1;A01
201500047812;0;7;0;0;2;6;15;B01
201500047813;1;99;0;0;1;0;0;Z01
201500047814;1;7;0;0;1;1;16;Z01
201500047815;0;7;0;8;0;1;15;A01
201500047816;0;1;0;0;9;1;15;A01
201500047816;0;1;0;0;9;2;1;B01
201500047817;0;7;0;0;2;4;2;B01
201500047817;0;7;0;0;2;1;2;A01
201500047818;0;30;0;0;1;8;2;A01
201500047819;0;10;0;0;1;2;14;A01
201500047820;0;7;0;0;1;2;1;A01
201500047821;0;7;0;15;0;0;1;A01
201500047822;0;32;0;0;0;8;14;A01
201500047823;0;30;0;0;2;8;1;A01
201500047823;0;7;0;0;2;1;1;B01
201500047824;0;7;0;0;1;0;0;A01
201500047825;0;32;0;0;2;4;1;B01
201500047825;0;7;0;0;2;1;1;A01
201500047826;0;33;0;14;0;9;21;A01
201500047827;0;7;0;0;1;1;0;A01
201500047828;0;7;0;0;2;3;24;A01
201500047828;0;1;0;0;2;1;1;B01
201500047829;0;7;0;12;0;9;1;A01
201500047830;0;7;0;0;2;7;2;A01
201500047830;0;7;0;0;2;1;2;B01
201500047831;0;7;0;0;1;2;1;A01
201500047832;0;2;0;0;2;6;2;B01
201500047832;0;7;0;0;2;2;2;A01
201500047833;0;7;0;0;2;8;1;B01
201500047833;0;15;0;0;2;8;1;A01
201500047834;0;7;0;0;1;1;1;A01
201500047835;0;7;0;0;2;3;1;B01
201500047835;0;7;0;0;2;6;4;A01
201500047836;0;7;0;14;0;1;16;A01
201500047837;0;32;0;0;2;4;3;A01
201500047837;0;32;0;0;2;1;2;B01
201500047838;0;7;0;0;1;4;4;A01
201500047839;0;7;0;0;1;2;1;A01
201500047840;0;31;0;0;2;7;1;B01
201500047840;0;7;0;0;2;1;1;A01
201500047841;0;7;0;0;1;2;1;A01
201500047842;0;7;0;0;1;3;1;A01
201500047843;0;7;0;0;2;2;15;B01
201500047843;0;7;0;0;2;3;1;A01
201500047844;0;7;0;0;2;2;1;B01
201500047844;0;7;0;0;2;3;0;A01
201500047845;0;1;0;0;2;1;1;A01
201500047845;0;7;0;0;2;7;1;B01
201500047846;0;7;0;0;1;4;4;G01
201500047847;0;7;0;0;2;1;2;A01
201500047847;0;7;0;0;2;5;0;B01
201500047848;0;2;0;0;2;1;2;A01
201500047848;0;7;0;0;2;0;2;B01
201500047849;0;7;0;0;1;1;1;A01
201500047850;0;7;0;0;1;2;1;A01
201500047851;0;7;0;0;1;7;17;A01
201500047852;0;7;0;0;1;0;0;A01
201500047853;0;7;0;0;4;3;10;A01
201500047853;0;40;30;0;2;2;1;B01
201500047854;0;2;0;0;2;1;2;A01
201500047854;0;7;0;0;0;6;15;B01
201500047855;0;7;0;0;2;7;10;A01
201500047855;0;33;0;0;2;1;1;B01
201500047856;0;7;0;1;2;2;1;A01
201500047857;0;7;0;0;2;7;1;A01
201500047857;0;7;0;0;2;1;1;B01
201500047858;0;7;0;0;1;1;16;A01
201500047859;0;7;0;0;2;6;1;H02
201500047859;0;7;0;0;2;5;2;D01
201500047859;0;7;0;0;2;5;1;E01
201500047859;0;7;0;0;2;6;1;G02
201500047859;0;7;0;0;2;6;2;B01
201500047859;0;7;0;0;2;8;1;F02
201500047859;0;7;0;0;2;7;2;C01
201500047859;0;7;0;0;2;1;1;A01
201500047860;0;7;0;0;2;8;1;B01
201500047860;0;7;0;0;2;3;19;A01
201500047861;0;7;0;0;2;7;15;B01
201500047861;0;33;0;0;2;2;13;A01
201500047862;0;37;0;0;2;3;15;B01
201500047862;0;7;0;0;2;1;1;A01
201500047863;0;10;0;0;2;2;7;A01
201500047863;0;32;0;0;2;8;1;B01
201500047864;0;7;0;0;2;5;15;B01
201500047864;0;2;0;0;2;1;18;A01
201500047865;0;36;0;6;2;2;2;A01
201500047866;0;7;0;0;2;3;15;A01
201500047866;0;31;0;0;2;1;17;B01
201500047867;0;7;0;0;2;1;2;A01
201500047867;0;7;0;0;2;4;2;B01
201500047868;0;2;0;0;2;3;15;A01
201500047868;0;7;0;0;2;3;1;B01
201500047869;0;7;0;0;1;3;1;A01
201500047870;1;99;0;0;1;1;17;A01
201500047871;0;33;0;0;2;2;1;A01
201500047871;0;7;0;0;2;3;9;B01
201500047872;0;1;0;1;2;7;1;B01
201500047872;1;7;0;0;9;9;1;Z01
201500047873;0;7;0;0;1;7;1;A01
201500047874;0;7;0;0;1;3;0;A01
201500047875;0;2;0;0;0;8;1;A01
201500047876;0;7;0;0;2;3;2;B01
201500047876;0;7;0;4;2;8;13;A01
201500047877;0;30;0;0;2;7;1;A01
201500047877;0;7;0;0;2;1;1;B01
201500047878;2;7;0;0;2;3;2;A01
201500047878;0;7;0;0;2;5;2;B01
201500047879;0;7;0;0;2;4;2;C01
201500047879;0;7;0;0;2;4;2;B01
201500047879;0;7;0;0;2;1;2;A01
201500047880;0;7;0;0;2;4;2;B01
201500047880;0;7;0;0;2;1;2;A01
201500047880;0;7;0;0;2;4;2;C01
201500047880;0;7;0;0;2;4;2;D01
201500047881;0;7;0;0;1;0;4;A01
201500047882;0;7;0;0;1;3;0;A01
201500047883;0;34;0;0;1;1;21;A01
201500047884;0;7;0;0;1;1;1;A01
201500047885;0;33;0;0;2;1;1;A01
201500047885;0;7;0;0;2;7;15;B01
201500047886;0;7;0;0;2;3;5;A01
201500047886;0;7;0;0;2;3;1;B01
201500047887;0;1;0;0;1;0;1;A01
201500047888;0;30;0;0;0;0;0;A01
201500047889;0;7;0;0;2;2;12;A01
201500047889;0;33;0;0;2;8;2;B01
201500047890;0;7;0;0;2;1;2;A01
201500047890;0;3;0;0;2;1;15;B01
201500047891;0;7;0;0;2;3;1;B01
201500047891;0;7;0;0;2;1;19;A01
201500047892;0;7;0;0;2;3;15;B01
201500047892;0;7;0;0;2;2;1;A01
201500047893;0;7;0;10;0;1;1;A01
201500047894;0;7;0;1;0;6;4;A01
201500047895;0;7;0;8;2;1;13;A01
201500047896;0;37;25;0;9;6;24;B01
201500047896;0;1;0;1;0;1;21;A01
201500047897;0;7;0;0;2;3;2;A01
201500047897;0;1;0;0;2;7;1;B01
201500047898;0;33;0;0;2;1;17;A01
201500047898;0;7;0;0;0;0;0;B01
201500047899;0;7;0;0;2;3;10;A01
201500047899;0;7;0;0;2;2;2;B01
201500047900;0;40;0;0;1;2;1;A01
201500047901;0;7;0;0;2;3;1;B01
201500047901;0;7;0;0;2;2;1;A01
201500047902;0;1;0;0;0;0;0;A01
201500047903;0;7;0;0;1;2;1;A01
201500047904;0;1;0;0;2;0;0;B01
201500047904;0;7;0;0;9;1;13;A01
201500047905;0;7;0;9;0;2;14;A01
201500047906;0;7;0;0;2;1;2;B01
201500047906;0;7;0;0;2;4;4;A01
201500047907;0;7;0;0;2;8;15;B01
201500047907;0;34;0;0;2;1;1;A01
201500047908;0;7;0;0;1;1;1;A01
201500047909;0;1;0;0;1;1;0;A01
201500047910;1;7;0;0;2;1;1;A01
201500047910;0;7;0;9;2;8;1;B01
201500047911;0;7;0;0;2;1;1;A01
201500047911;0;7;0;0;2;8;1;B01
201500047912;0;7;0;0;2;3;15;A01
201500047912;0;1;0;0;2;1;5;B01
201500047913;0;7;0;0;1;1;1;A01
201500047914;0;7;0;1;2;1;1;B01
201500047914;0;7;0;1;2;1;15;A01
201500047915;0;1;0;0;2;1;1;A01
201500047915;0;7;0;0;2;2;1;B01
201500047916;0;7;0;0;2;6;2;B01
201500047916;0;3;0;0;2;7;2;A01
201500047917;0;7;0;0;2;1;2;A01
201500047917;0;10;0;0;2;4;16;B01
201500047918;0;7;0;0;1;3;15;A01
201500047919;0;7;0;0;1;1;0;A01
201500047920;0;7;0;0;1;3;1;A01
201500047920;0;7;0;0;1;7;23;B01
201500047921;0;7;0;0;9;3;0;A01
201500047921;0;1;0;1;0;0;0;B01
201500047922;0;33;0;0;2;4;1;B01
201500047922;0;7;0;0;2;6;0;D01
201500047922;0;7;0;0;2;4;1;C01
201500047922;0;7;0;0;2;1;0;A01
201500047923;1;7;0;0;1;0;0;A01
201500047924;0;7;0;0;2;3;0;A01
201500047924;0;33;0;0;2;0;0;B01
201500047925;0;1;0;0;1;0;5;A01
201500047926;0;7;0;1;0;2;1;A01
201500047927;0;1;0;0;0;0;0;B01
201500047927;0;7;0;0;2;6;1;A01
201500047928;0;1;0;0;2;0;0;B01
201500047928;0;7;0;0;2;3;15;A01
201500047929;0;7;0;0;1;3;15;A01
201500047930;0;7;0;0;2;3;1;A01
201500047930;0;7;0;0;2;0;15;B01
201500047931;0;30;0;0;2;1;2;A01
201500047931;0;7;0;0;2;8;2;B01
201500047932;0;7;0;0;1;2;1;A01
201500047933;0;7;0;0;1;6;9;A01
201500047934;0;7;0;0;1;1;1;A01
201500047935;0;7;0;14;2;2;2;A01
201500047936;2;7;0;0;1;0;0;A01
201500047937;0;30;0;1;2;5;1;B01
201500047937;0;7;0;0;2;3;0;A01
201500047937;0;7;0;0;2;4;23;C01
201500047938;0;7;0;1;0;1;0;A01
201500047939;0;7;0;0;2;2;15;A01
201500047939;0;33;0;0;2;1;1;B01
201500047940;1;7;0;0;1;0;0;Z01
201500047941;0;7;0;0;1;7;2;A01
201500047942;0;7;0;0;2;5;1;B01
201500047942;0;7;0;1;2;1;2;A01
201500047943;0;7;0;0;2;1;2;A01
201500047943;0;7;0;0;2;4;2;B01
201500047943;0;7;0;0;2;4;2;C01
201500047943;0;7;0;0;2;4;2;D01
201500047944;0;7;0;0;2;7;19;B01
201500047944;0;32;0;0;2;1;0;A01
201500047945;0;7;0;0;2;1;12;A01
201500047945;0;7;0;0;2;4;1;C01
201500047945;0;7;0;0;2;8;1;B01
201500047946;0;7;0;0;2;1;1;A01
201500047946;0;7;0;0;2;4;15;B01
201500047947;0;7;0;0;2;1;5;A01
201500047947;0;7;0;0;2;8;1;B01
201500047948;0;99;0;0;2;2;1;A01
201500047948;0;1;0;0;2;3;0;B01
201500047949;0;31;0;0;2;7;17;B01
201500047949;1;7;0;0;2;8;17;Z01
201500047950;0;7;0;0;2;2;15;A01
201500047950;0;7;0;0;2;1;0;B01
201500047951;0;34;0;0;2;3;2;A01
201500047951;0;37;0;0;2;5;1;B01
201500047952;0;1;0;0;2;1;1;A01
201500047952;0;7;0;0;2;2;16;B01
201500047953;0;7;0;0;2;7;0;A01
201500047953;0;1;0;0;2;0;0;B01
201500047954;0;1;0;0;2;2;19;B01
201500047954;0;7;0;0;2;1;2;A01
201500047955;0;30;0;0;2;2;1;B01
201500047955;0;7;0;0;2;8;19;A01
201500047956;0;7;0;0;2;5;1;A01
201500047956;0;7;0;0;2;1;1;B01
201500047957;0;7;0;0;2;1;12;A01
201500047957;0;33;0;0;2;8;1;B01
201500047958;1;1;0;0;1;1;1;A01
201500047959;0;7;0;0;2;2;19;A01
201500047959;0;10;0;0;2;1;1;B01
201500047960;0;7;0;0;2;4;1;B01
201500047960;0;7;0;0;2;1;1;A01
201500047961;0;10;0;0;1;4;4;A01
201500047962;0;7;0;0;1;3;16;A01
201500047963;0;7;0;0;2;3;1;B01
201500047963;0;30;0;0;2;2;13;A01
201500047964;0;7;0;0;2;1;1;B01
201500047964;0;7;0;0;2;7;1;A01
201500047965;0;7;0;0;1;2;1;A01
201500047966;0;7;0;0;1;1;1;A01
201500047967;0;7;0;0;2;1;1;B01
201500047967;0;7;0;0;2;8;1;A01
201500047968;0;1;0;0;2;0;0;A01
201500047968;0;7;0;0;2;0;0;B01
201500047969;0;7;0;0;2;1;2;A01
201500047969;0;7;0;0;2;4;2;B01
201500047969;0;7;0;0;2;4;2;C01
201500047970;0;1;0;0;2;0;0;B01
201500047970;0;7;0;0;2;3;15;A01
201500047971;0;7;0;0;1;1;16;A01
201500047972;0;7;0;0;1;1;15;A01
201500047973;0;7;0;0;1;2;17;A01
201500047974;0;17;0;0;2;7;12;A01
201500047974;0;7;0;0;2;8;1;B01
201500047975;0;7;0;0;2;7;1;B01
201500047975;0;30;0;16;2;7;9;A01
201500047976;0;7;0;0;2;7;17;A01
201500047976;0;7;0;0;2;8;1;B01
201500047977;0;7;0;0;1;1;17;A01
201500047978;2;7;0;0;1;0;19;A01
201500047979;0;7;0;14;0;1;0;A01
201500047980;0;7;0;0;1;3;15;A01
201500047981;0;33;0;;2;7;;A01
201500047982;0;7;0;0;2;1;2;A01
201500047982;0;7;0;0;2;4;2;B01
201500047982;0;7;0;0;2;4;2;C01
201500047983;0;7;0;13;9;9;19;A01
201500047984;0;7;0;0;0;4;2;B01
201500047984;0;37;35;0;2;1;11;A01
201500047985;0;10;0;0;2;2;1;B01
201500047985;0;2;0;0;2;1;19;A01
201500047986;0;2;0;0;2;1;1;B01
201500047986;0;7;0;0;2;3;15;A01
201500047987;0;7;0;4;2;9;1;A01
201500047988;0;7;0;0;1;4;4;A01
201500047989;0;7;0;0;0;2;15;A01
201500047989;0;32;0;0;0;1;1;B01
201500047990;0;7;0;0;2;1;2;B01
201500047990;0;3;0;1;2;1;1;A01
201500047991;0;2;0;0;0;0;0;A01
201500047992;0;34;0;14;0;7;6;A01
201500047993;0;7;0;0;2;6;1;B01
201500047993;0;15;0;0;2;7;14;A01
201500047994;0;33;0;11;0;7;0;A01
201500047995;0;7;0;0;2;1;19;A01
201500047995;0;7;0;0;2;8;1;B01
201500047996;0;7;0;0;2;1;1;B01
201500047996;0;7;0;0;2;8;0;A01
201500047997;0;7;0;0;1;2;1;A01
201500047998;0;7;0;0;2;1;2;A01
201500047998;0;7;0;0;2;4;2;B01
201500047999;0;7;0;0;2;4;23;C01
201500047999;0;7;0;0;2;4;23;B01
201500047999;0;7;0;0;2;1;2;A01
201500048000;0;7;0;0;2;1;1;A01
201500048000;0;7;0;0;2;4;15;B01
201500048001;0;2;0;0;2;0;0;A01
201500048001;0;7;0;0;2;2;1;B01
201500048002;0;7;0;0;0;2;15;A01
201500048002;0;2;0;0;0;1;1;B01
201500048003;0;7;0;6;2;4;4;A01
201500048004;0;1;0;0;0;0;0;A01
201500048005;0;7;0;0;2;3;15;A01
201500048005;0;7;0;0;2;2;2;B01
201500048006;0;10;0;0;1;1;16;A01
201500048007;0;7;0;0;2;1;2;A01
201500048007;0;7;0;0;2;5;2;C01
201500048007;0;7;0;0;2;4;2;B01
201500048008;0;7;0;0;1;0;0;A01
201500048009;0;7;0;0;1;0;15;A01
201500048010;0;33;0;0;2;2;17;A01
201500048010;0;7;0;0;2;3;15;B01
201500048011;0;7;0;0;2;5;1;B01
201500048011;0;1;0;0;2;3;13;A01
201500048012;0;7;0;0;1;3;1;A01
201500048013;0;33;0;0;2;0;0;B01
201500048013;0;7;0;0;2;2;15;A01
201500048014;0;2;0;0;2;4;23;B01
201500048014;0;14;0;0;2;1;1;A01
201500048015;0;34;0;0;2;2;15;B01
201500048015;0;7;0;0;2;1;15;A01
201500048016;0;7;0;0;0;0;0;B01
201500048016;0;7;0;0;2;1;2;C01
201500048016;0;7;0;0;2;0;0;A01
201500048017;0;1;0;0;2;7;2;B01
201500048017;1;7;0;0;2;0;0;Z01
201500048018;0;7;0;0;2;4;0;B01
201500048018;0;7;0;0;2;1;2;A01
201500048019;0;30;0;12;0;2;0;A01
201500048020;0;7;0;1;0;2;1;A01
201500048021;0;7;0;0;2;8;9;A01
201500048021;0;33;0;0;2;0;0;B01
201500048022;0;33;0;12;2;7;1;A01
201500048023;0;14;0;0;1;7;1;A01
201500048024;0;7;0;0;2;0;0;B01
201500048024;0;10;0;0;2;0;0;A01
201500048025;0;7;0;4;2;8;2;A01
201500048026;0;7;0;0;2;3;1;B01
201500048026;2;7;0;14;2;3;17;A01
201500048027;0;2;0;0;2;7;2;B01
201500048027;0;7;0;0;2;1;15;A01
201500048028;0;7;0;0;2;3;13;B01
201500048028;0;2;0;0;2;2;17;A01
201500048029;0;7;0;0;2;7;0;A01
201500048029;0;32;0;0;2;1;1;B01
201500048030;0;7;0;11;0;1;13;A01
201500048031;0;7;0;0;2;1;2;A01
201500048031;0;7;0;0;2;6;2;B01
201500048032;0;7;0;0;2;2;23;B01
201500048032;0;1;0;0;2;2;2;A01
201500048033;0;7;0;0;1;2;1;A01
201500048034;0;33;0;3;0;3;13;A01
201500048035;0;7;0;0;2;1;5;A01
201500048035;0;10;0;0;2;6;1;B01
201500048036;0;7;0;0;1;1;15;A01
201500048037;0;7;0;0;2;3;15;B01
201500048037;0;30;0;0;2;1;1;A01
201500048038;0;2;0;0;1;7;21;A01
201500048039;0;7;0;0;2;2;2;A01
201500048040;0;7;0;0;2;8;0;B01
201500048040;0;30;0;1;2;2;1;A01
201500048041;0;7;0;11;2;1;13;A01
201500048042;0;7;0;0;1;6;0;C01
201500048042;0;1;0;0;1;1;1;A01
201500048043;0;7;0;0;2;4;2;B01
201500048043;0;7;0;0;2;1;2;A01
201500048044;0;7;0;1;2;1;14;A01
201500048045;0;7;0;4;0;0;0;A01
201500048046;0;33;0;0;2;0;0;B01
201500048046;0;7;0;0;2;2;12;A01
201500048047;0;10;0;6;2;1;14;A01
201500048048;0;7;0;0;2;2;1;B01
201500048048;0;7;0;0;2;3;15;A01
201500048049;0;7;0;0;2;1;1;A01
201500048049;0;7;0;0;2;8;15;B01
201500048050;0;7;0;0;2;1;1;B01
201500048050;0;7;0;0;2;5;15;A01
201500048051;0;7;0;0;0;0;0;A01
201500048052;0;7;0;0;1;6;1;A01
201500048053;0;1;0;0;0;0;0;A01
201500048054;0;10;0;0;2;6;15;B01
201500048054;0;33;0;0;2;1;2;A01
201500048055;0;7;0;0;2;0;0;B01
201500048055;0;10;0;0;2;0;0;A01
201500048056;0;14;0;0;2;2;0;A01
201500048056;0;1;0;0;2;0;2;B01
201500048057;0;7;0;0;1;8;1;A01
201500048058;0;7;0;0;2;1;19;B01
201500048058;0;32;0;6;2;8;19;A01
201500048059;0;1;0;0;1;1;2;A01
201500048060;0;7;0;0;2;5;4;A01
201500048060;0;7;0;0;2;8;15;B01
201500048061;0;30;0;0;2;1;2;B01
201500048061;0;7;0;0;2;3;20;A01
201500048062;0;7;0;0;2;3;9;A01
201500048062;0;1;0;0;2;7;1;B01
201500048063;0;7;0;0;1;8;15;A01
201500048064;0;7;0;0;2;0;15;A01
201500048064;0;7;0;0;2;1;1;B01
201500048065;0;7;0;16;2;4;1;C01
201500048065;0;7;0;0;2;1;0;A01
201500048065;0;7;0;12;0;4;1;B01
201500048066;0;1;0;0;2;7;1;B01
201500048066;0;7;0;0;2;8;15;A01
201500048067;0;7;0;0;2;2;23;A01
201500048067;0;1;0;0;2;1;3;B01
201500048068;0;33;0;0;1;1;1;A01
201500048069;0;7;0;0;1;3;1;A01
201500048070;0;99;0;0;1;2;16;A01
201500048071;0;7;0;0;2;2;15;B01
201500048071;0;32;0;0;2;2;1;A01
201500048072;1;7;0;0;2;0;0;Z01
201500048072;0;7;0;0;2;3;1;A01
201500048073;0;10;0;0;1;4;4;A01
201500048074;0;7;0;0;1;3;1;A01
201500048075;0;1;0;0;2;1;2;B01
201500048075;0;7;0;0;2;3;2;A01
201500048076;0;7;0;0;2;1;0;B01
201500048076;0;7;0;0;2;1;0;A01
201500048077;0;7;0;0;2;2;0;B01
201500048077;0;7;0;0;2;3;9;A01
201500048078;0;1;0;1;0;2;14;A01
201500048079;0;10;0;0;2;6;11;B01
201500048079;0;7;0;0;2;2;17;A01
201500048080;0;33;0;0;2;1;2;B01
201500048080;0;10;0;0;2;1;0;A01
201500048081;0;7;0;0;2;4;2;B01
201500048081;0;7;0;0;2;1;2;A01
201500048082;0;32;0;0;2;1;2;B01
201500048082;0;7;0;0;2;0;0;A01
201500048083;0;13;0;0;1;5;5;A01
201500048084;0;2;0;0;2;1;1;B01
201500048084;0;7;0;0;2;1;4;A01
201500048085;0;7;0;0;1;0;1;A01
201500048086;0;10;0;0;1;4;0;A01
201500048087;0;1;0;0;1;1;21;A01
201500048088;0;7;0;0;1;2;1;A01
201500048089;0;2;0;0;2;1;17;A01
201500048089;0;7;0;0;2;8;15;B01
201500048090;0;7;0;0;2;8;17;B01
201500048090;0;33;0;0;2;7;17;A01
201500048091;0;7;0;0;2;3;1;A01
201500048091;0;32;0;0;2;1;16;B01
201500048092;0;30;0;0;1;3;1;A01
201500048093;1;7;0;0;1;3;1;A01
201500048094;0;7;0;0;1;1;1;A01
201500048095;0;10;0;0;1;2;15;A01
201500048096;0;7;0;0;1;2;1;A01
201500048097;0;33;0;0;2;1;17;A01
201500048097;0;10;0;0;2;3;15;B01
201500048098;0;7;0;0;1;3;1;A01
201500048099;0;30;0;0;0;0;0;A01
201500048100;0;7;0;0;1;2;1;A01
201500048101;0;7;0;0;2;3;17;A01
201500048101;0;7;0;0;0;0;24;C01
201500048101;0;7;0;0;0;6;17;B01
201500048102;0;33;0;0;2;2;17;A01
201500048102;0;7;0;0;2;3;15;B01
201500048103;0;7;0;0;2;1;9;A01
201500048103;0;7;0;0;2;8;1;B01
201500048104;0;7;0;0;1;0;15;A01
201500048105;0;7;0;0;2;5;0;C01
201500048105;0;7;0;0;2;1;0;A01
201500048105;0;7;0;0;2;7;0;B01
201500048105;0;7;0;0;2;1;0;D01
201500048106;0;1;0;0;2;0;0;B01
201500048106;0;7;0;0;2;3;15;A01
201500048107;0;30;0;0;2;1;3;B01
201500048107;0;7;0;0;2;3;15;A01
201500048108;0;7;0;0;1;2;1;A01
201500048109;0;1;0;1;0;1;13;A01
201500048110;0;7;0;0;1;1;1;A01
201500048111;0;37;0;0;1;0;0;A01
201500048112;0;33;0;0;2;8;21;B01
201500048112;0;7;0;0;2;1;12;A01
201500048113;0;1;0;0;2;1;2;B01
201500048113;0;7;0;0;2;2;15;A01
201500048114;1;2;0;0;1;0;0;Z01
201500048115;0;7;0;6;0;2;0;A01
201500048116;0;7;0;0;2;2;10;A01
201500048116;0;2;0;0;2;8;1;B01
201500048117;0;7;0;0;2;1;2;A01
201500048117;0;7;0;12;2;6;23;B01
201500048118;0;7;0;8;2;3;1;A01
201500048119;0;7;0;10;1;2;2;A01
201500048120;0;33;0;0;2;0;2;B01
201500048120;0;7;0;0;2;3;15;A01
201500048121;0;33;0;0;2;2;1;B01
201500048121;0;7;0;0;2;3;10;A01
201500048122;0;7;0;0;2;2;15;A01
201500048122;0;7;0;0;2;1;1;B01
201500048123;0;7;0;8;0;1;14;A01
201500048124;0;7;0;0;2;2;1;B01
201500048124;0;7;0;0;2;3;15;A01
201500048125;0;7;0;14;9;3;21;A01
201500048125;0;10;0;0;2;3;23;B01
201500048126;0;7;0;0;2;1;1;B01
201500048126;0;7;0;0;2;7;1;A01
201500048127;0;40;35;0;1;2;1;A01
201500048128;1;7;0;0;1;0;0;A01
201500048129;0;37;40;0;1;7;16;A01
201500048130;1;7;0;0;1;0;0;Z01
201500048131;0;2;0;0;2;2;17;B01
201500048131;0;7;0;0;2;3;15;A01
201500048132;0;33;0;0;1;1;1;A01
201500048133;0;7;0;0;1;0;0;A01
201500048134;0;7;0;0;2;3;19;A01
201500048134;0;33;0;0;2;2;1;B01
201500048135;0;7;0;0;2;2;1;B01
201500048135;0;7;0;0;2;3;1;A01
201500048136;0;7;0;0;2;3;15;B01
201500048136;1;7;0;0;2;1;1;A01