num_acc;senc;catv;occutc;obs;obsm;choc;manv;num_veh
201500048137;0;7;0;0;2;1;15;A01
201500048137;0;31;0;0;2;1;1;B01
201500048138;0;10;0;0;1;0;0;A01
201500048139;0;15;0;0;1;3;1;A01
201500048140;0;10;0;0;2;1;1;C01
201500048140;0;37;40;0;0;6;23;A01
201500048140;0;7;0;0;2;4;23;B01
201500048141;0;7;0;14;0;3;13;A01
201500048142;0;7;0;0;2;6;9;A01
201500048142;0;2;0;0;2;1;1;B01
201500048143;0;30;0;0;2;8;1;B01
201500048143;0;7;0;0;2;7;14;A01
201500048144;0;7;0;0;1;5;20;A01
201500048145;0;1;0;0;4;8;13;A01
201500048145;0;40;75;0;2;2;1;B01
201500048146;0;7;0;0;2;6;2;B01
201500048146;0;7;0;0;2;2;1;A01
201500048147;0;10;0;0;1;1;1;A01
201500048147;0;7;0;0;0;0;0;B01
201500048148;0;33;0;0;2;1;1;B01
201500048148;0;7;0;0;2;1;13;A01
201500048149;1;7;0;0;1;0;4;A01
201500048150;0;7;0;0;1;3;1;A01
201500048151;0;7;0;0;2;7;16;A01
201500048151;0;2;0;0;2;8;18;B01
201500048152;0;7;0;0;2;8;15;B01
201500048152;0;33;0;0;2;1;17;A01
201500048153;1;7;0;0;2;0;2;Z01
201500048153;0;7;0;0;2;1;2;D01
201500048153;0;7;0;0;2;4;2;A01
201500048153;0;7;0;0;2;9;2;B01
201500048154;0;10;0;0;1;0;1;A01
201500048155;0;7;0;0;2;1;13;A01
201500048155;0;7;0;0;2;1;1;B01
201500048156;0;33;0;0;2;7;17;A01
201500048156;0;7;0;0;2;8;10;B01
201500048157;0;7;0;0;1;2;2;A01
201500048158;0;33;0;14;0;0;16;A01
201500048159;0;10;0;0;1;2;1;A01
201500048160;0;2;0;0;2;2;10;A01
201500048160;0;31;0;0;2;1;1;B01
201500048161;0;7;0;0;1;4;4;A01
201500048162;0;7;0;0;2;1;11;B01
201500048162;0;2;0;0;2;1;1;A01
201500048163;0;7;0;0;9;1;1;A01
201500048163;0;1;0;0;2;7;19;B01
201500048164;0;33;0;0;2;1;1;B01
201500048164;0;7;0;0;2;3;20;A01
201500048165;0;34;0;1;0;7;17;B01
201500048165;0;7;0;1;0;3;13;A01
201500048166;0;7;0;1;0;1;19;A01
201500048167;0;7;0;0;1;0;1;A01
201500048168;0;7;0;0;1;3;9;A01
201500048169;0;33;0;0;2;3;7;A01
201500048169;0;7;0;0;2;2;9;B01
201500048170;0;3;0;1;2;3;13;A01
201500048171;0;7;0;0;1;3;0;A01
201500048172;0;1;0;0;1;1;1;A01
201500048173;0;33;0;0;2;2;2;A01
201500048173;0;7;0;0;0;0;0;B01
201500048174;0;7;0;8;0;3;1;A01
201500048175;0;7;0;11;2;1;0;A01
201500048175;0;37;50;0;2;1;2;B01
201500048176;0;7;0;0;1;7;1;A01
201500048177;0;30;0;0;0;0;1;A01
201500048178;0;7;0;0;1;1;16;A01
201500048179;0;7;0;0;2;2;15;A01
201500048179;0;7;0;0;2;3;0;B01
201500048180;0;1;0;0;1;1;0;A01
201500048181;0;31;0;0;2;1;1;B01
201500048181;1;7;0;0;2;3;15;Z01
201500048182;0;7;0;0;2;3;17;A01
201500048182;0;37;0;0;2;1;5;B01
201500048183;2;7;0;15;1;1;14;A01
201500048184;0;7;0;0;1;2;1;A01
201500048185;0;1;0;0;2;1;1;B01
201500048185;0;37;45;0;2;0;0;C01
201500048185;0;7;0;0;2;2;16;A01
201500048186;0;10;0;0;2;3;1;B01
201500048186;0;2;0;0;2;5;12;A01
201500048187;0;32;0;0;0;0;0;A01
201500048188;0;7;0;0;2;1;1;A01
201500048188;0;7;0;0;0;8;1;B01
201500048189;0;7;0;0;2;1;13;A01
201500048189;0;7;0;0;2;1;1;B01
201500048190;0;30;0;0;0;0;1;A01
201500048191;0;7;0;3;0;1;0;A01
201500048192;0;7;0;0;1;2;1;A01
201500048193;0;7;0;0;2;4;1;B01
201500048193;0;2;0;0;2;1;2;A01
201500048194;0;7;0;0;1;2;16;A01
201500048195;0;7;0;0;2;8;1;B01
201500048195;0;7;0;0;2;1;1;A01
201500048196;0;7;0;0;2;1;2;A01
201500048196;0;7;0;15;0;4;2;B01
201500048197;0;7;0;3;2;8;13;A01
201500048197;0;7;0;0;2;8;1;B01
201500048198;0;33;0;0;2;7;1;B01
201500048198;0;7;0;0;2;8;9;A01
201500048199;0;33;0;0;2;1;17;B01
201500048199;0;10;0;0;2;3;15;A01
201500048200;0;1;0;0;2;1;2;B01
201500048200;0;7;0;0;2;8;2;A01
201500048201;0;31;0;0;2;1;17;A01
201500048201;0;7;0;0;2;3;15;B01
201500048202;0;30;0;16;0;0;0;A01
201500048203;0;3;0;0;2;1;2;C01
201500048203;0;7;0;0;2;1;2;B01
201500048203;0;7;0;0;2;1;2;A01
201500048204;0;99;0;0;2;7;2;A01
201500048204;0;31;0;0;2;1;2;B01
201500048205;0;7;0;0;2;7;15;A01
201500048205;0;33;0;0;2;8;1;B01
201500048206;0;1;0;0;2;1;1;B01
201500048206;0;7;0;0;2;5;15;A01
201500048207;0;7;0;0;2;3;15;B01
201500048207;0;7;0;0;2;3;1;A01
201500048208;0;7;0;0;1;8;2;A01
201500048209;0;7;0;0;2;3;2;B01
201500048209;0;7;0;0;2;1;15;A01
201500048210;0;7;0;0;1;6;4;A01
201500048211;0;33;0;0;2;1;1;B01
201500048211;0;7;0;0;2;1;2;A01
201500048212;0;1;0;0;1;1;1;A01
201500048213;0;37;0;0;1;3;0;A01
201500048214;0;3;0;15;1;1;2;A01
201500048215;0;33;0;0;2;4;2;B01
201500048215;0;7;0;0;2;1;2;A01
201500048216;0;7;0;0;2;2;15;A01
201500048216;0;2;0;0;2;1;1;B01
201500048217;0;7;0;0;1;2;1;A01
201500048218;0;7;0;0;1;1;15;A01
201500048219;0;7;0;0;1;1;15;A01
201500048220;0;7;0;0;0;2;1;A01
201500048221;0;7;0;0;1;1;2;A01
201500048222;0;1;0;0;2;2;2;B01
201500048222;0;7;0;0;2;7;15;A01
201500048223;0;7;0;0;2;4;1;B01
201500048223;0;7;0;0;2;1;1;A01
201500048224;1;7;0;0;2;0;0;A01
201500048224;0;2;0;0;0;0;0;B01
201500048225;0;31;0;0;2;1;0;B01
201500048225;0;7;0;0;2;2;19;A01
201500048226;0;7;0;0;2;3;1;B01
201500048226;0;1;0;0;2;8;19;A01
201500048227;0;10;0;0;1;2;1;A01
201500048228;0;7;0;0;1;4;4;A01
201500048229;0;7;0;0;2;2;0;A01
201500048229;0;7;0;0;2;0;0;B01
201500048230;0;7;0;0;2;6;15;B01
201500048230;0;2;0;0;2;1;1;A01
201500048231;0;7;0;0;1;1;1;A01
201500048232;0;7;0;0;2;6;1;C01
201500048232;0;7;0;0;2;3;13;A01
201500048232;0;31;0;0;2;4;1;B01
201500048233;0;7;0;0;1;2;3;A01
201500048234;1;7;0;0;2;4;2;Z01
201500048234;0;1;0;0;2;1;2;A01
201500048235;0;30;0;0;2;1;1;A01
201500048235;0;7;0;0;2;0;0;B01
201500048236;0;33;0;1;2;1;0;A01
201500048237;0;7;0;0;1;3;10;A01
201500048238;0;1;0;0;1;1;1;A01
201500048239;0;3;0;0;1;1;1;A01
201500048240;0;7;0;0;2;1;2;B01
201500048240;0;7;0;0;2;2;10;A01
201500048241;0;7;0;0;2;3;13;A01
201500048241;0;7;0;0;2;1;1;B01
201500048242;0;7;0;0;1;1;16;A01
201500048243;0;33;0;0;0;1;1;A01
201500048243;0;7;0;0;2;0;15;B01
201500048244;0;7;0;0;2;1;2;B01
201500048244;0;7;0;0;2;1;13;A01
201500048245;0;33;0;0;1;1;1;A01
201500048246;0;30;0;1;0;2;1;A01
201500048247;0;7;0;0;1;1;0;A01
201500048248;0;7;0;0;1;2;1;A01
201500048249;0;32;0;0;2;1;1;A01
201500048249;0;7;0;0;2;4;2;B01
201500048250;0;7;0;1;1;1;1;A01
201500048251;0;33;0;4;0;8;0;A01
201500048252;0;7;0;0;2;4;2;K02
201500048252;0;15;0;0;2;4;2;N03
201500048252;0;17;0;0;2;4;2;I02
201500048252;0;7;0;0;2;4;2;F01
201500048252;0;7;0;0;2;6;2;D01
201500048252;0;7;0;0;2;5;2;C01
201500048252;0;7;0;0;2;4;2;H02
201500048252;0;15;0;0;2;4;2;O03
201500048252;0;7;0;0;2;4;2;L02
201500048252;0;7;0;0;2;6;2;B03
201500048252;0;7;0;0;2;4;2;G01
201500048252;0;7;0;0;2;4;2;M03
201500048252;0;15;0;0;2;1;19;A03
201500048252;0;7;0;0;2;4;2;J02
201500048252;0;7;0;0;2;4;2;E01
201500048253;0;7;0;0;2;1;0;A01
201500048253;0;7;0;0;2;4;2;B01
201500048254;0;7;0;0;0;4;2;B01
201500048254;0;15;0;0;2;1;2;A01
201500048255;0;7;0;4;0;0;16;A01
201500048256;0;7;0;0;0;4;2;B01
201500048256;0;7;0;0;2;1;2;A01
201500048257;0;7;0;0;1;1;2;A01
201500048258;0;7;0;0;0;0;0;A01
201500048258;0;7;0;0;0;0;0;B01
201500048259;0;10;0;0;0;6;0;A01
201500048259;0;15;0;0;2;2;2;B01
201500048260;0;7;0;0;2;8;11;A01
201500048260;0;33;0;0;2;7;3;B01
201500048261;0;7;0;4;0;1;1;A01
201500048262;0;7;0;0;2;0;1;D01
201500048262;0;7;0;0;2;0;11;A01
201500048262;0;7;0;0;2;0;1;B01
201500048262;0;7;0;0;2;0;1;C01
201500048263;0;7;0;0;9;0;0;B01
201500048263;0;33;0;0;2;0;3;A01
201500048264;0;7;0;0;1;2;21;A01
201500048265;0;7;0;1;0;1;9;A01
201500048265;0;15;0;0;9;4;0;B01
201500048265;0;15;0;1;2;4;24;C01
201500048266;0;10;0;4;0;3;1;A01
201500048267;0;7;0;4;0;0;0;A01
201500048268;0;7;0;4;0;0;0;A01
201500048269;0;7;0;0;2;4;2;C01
201500048269;0;7;0;0;2;4;2;B01
201500048269;0;7;0;0;2;1;2;A01
201500048270;0;7;0;10;0;0;1;A01
201500048271;0;10;0;0;1;1;1;A01
201500048272;0;7;0;4;0;0;1;A01
201500048273;0;7;0;0;2;1;2;A01
201500048273;0;7;0;0;2;4;2;B01
201500048273;0;7;0;0;2;4;2;C01
201500048274;0;7;0;4;0;0;1;A01
201500048275;0;7;0;0;0;0;0;C01
201500048275;0;7;0;0;2;1;5;A01
201500048275;0;7;0;0;2;1;1;B01
201500048276;0;7;0;0;2;8;11;A01
201500048276;0;15;0;0;2;7;1;B01
201500048277;0;7;0;3;0;2;0;A01
201500048278;0;7;0;0;2;4;2;C01
201500048278;0;7;0;0;2;4;2;E01
201500048278;0;13;0;0;2;1;2;D01
201500048278;0;7;0;0;2;4;2;B01
201500048278;0;7;0;0;2;1;2;A01
201500048279;0;7;0;1;0;7;21;A01
201500048279;0;10;0;0;0;4;24;B01
201500048279;0;7;0;0;0;4;0;C01
201500048280;0;7;0;0;2;0;0;A01
201500048280;0;7;0;0;2;0;0;B01
201500048281;0;15;0;0;2;7;12;A01
201500048281;0;7;0;0;0;8;1;B01
201500048282;0;7;0;0;2;4;2;C01
201500048282;0;7;0;0;2;4;2;B01
201500048282;0;7;0;0;2;1;2;A01
201500048283;0;7;0;0;2;1;2;A01
201500048283;0;7;0;0;2;4;2;B01
201500048283;0;7;0;0;0;4;2;C01
201500048284;0;7;0;0;2;0;0;B01
201500048284;1;7;0;0;2;0;0;Z01
201500048285;0;10;0;0;2;1;2;A01
201500048285;0;7;0;0;2;4;2;B01
201500048285;0;7;0;0;2;4;2;C01
201500048285;0;7;0;0;2;4;2;D01
201500048286;0;7;0;0;2;1;2;A01
201500048286;0;7;0;0;2;4;2;B01
201500048287;0;7;0;3;0;1;1;A01
201500048288;0;7;0;0;2;4;2;F02
201500048288;0;7;0;0;2;1;2;A01
201500048288;0;7;0;0;2;4;2;E01
201500048288;0;7;0;0;2;1;2;B01
201500048288;0;7;0;0;2;0;0;C01
201500048288;0;7;0;0;2;0;0;D01
201500048289;0;7;0;0;0;4;1;B01
201500048289;0;33;0;0;2;1;1;A01
201500048290;0;7;0;0;2;2;1;B01
201500048290;0;7;0;0;2;3;13;A01
201500048291;0;7;0;3;0;1;0;A01
201500048292;0;7;0;0;2;1;2;A01
201500048292;0;7;0;0;2;4;2;B01
201500048293;0;7;0;4;0;0;11;A01
201500048294;1;7;0;0;1;0;0;A01
201500048295;0;33;0;0;2;1;14;A01
201500048295;0;7;0;0;0;8;1;B01
201500048296;0;7;0;3;0;9;1;A01
201500048297;0;7;0;0;2;1;2;C01
201500048297;0;7;0;0;2;1;2;A01
201500048297;0;7;0;0;2;1;2;B01
201500048298;0;7;0;0;0;0;0;A01
201500048299;0;7;0;5;0;1;1;A01
201500048300;0;7;0;0;1;1;2;A01
201500048301;0;7;0;4;0;1;1;A01
201500048302;0;7;0;3;0;2;1;A01
201500048303;0;7;0;0;2;5;0;A01
201500048303;0;7;0;0;2;3;1;B01
201500048304;0;7;0;0;0;8;1;A01
201500048305;0;31;0;0;0;0;1;A01
201500048306;0;7;0;0;1;7;21;A01
201500048306;0;7;0;0;2;4;13;B01
201500048306;0;7;0;0;2;3;21;E01
201500048306;0;7;0;0;2;3;21;D01
201500048306;0;7;0;0;2;1;1;C01
201500048307;0;7;0;4;0;1;19;A01
201500048307;0;7;0;0;2;0;21;B01
201500048308;0;7;0;0;2;1;2;C01
201500048308;0;7;0;0;2;1;2;A01
201500048308;0;7;0;0;2;1;2;B01
201500048309;0;7;0;0;2;4;2;B01
201500048309;0;7;0;0;2;1;2;A01
201500048309;0;7;0;0;0;0;0;C01
201500048310;0;7;0;0;2;1;2;A01
201500048310;0;7;0;0;2;4;2;B01
201500048311;0;7;0;3;0;1;1;A01
201500048312;0;7;0;0;1;1;2;A01
201500048313;0;17;0;0;2;8;1;A01
201500048313;0;7;0;4;2;8;17;B01
201500048314;0;7;0;0;2;1;2;C01
201500048314;0;7;0;0;2;4;2;A01
201500048314;0;7;0;0;2;1;2;B01
201500048315;0;10;0;0;1;1;2;A01
201500048316;0;16;0;0;2;4;2;C01
201500048316;0;16;0;0;2;4;2;A01
201500048316;0;17;0;0;2;4;2;B01
201500048317;0;7;0;0;2;4;2;A01
201500048317;1;15;0;0;2;1;2;X01
201500048318;0;7;0;0;2;1;2;A01
201500048318;0;7;0;0;2;4;2;B01
201500048318;0;7;0;0;2;4;2;C01
201500048319;0;7;0;0;2;7;1;B01
201500048319;0;17;0;0;2;8;13;A01
201500048320;0;7;0;4;0;1;16;A01
201500048321;0;15;0;0;2;2;12;A01
201500048321;0;7;0;0;2;8;1;B01
201500048322;0;7;0;4;0;9;0;A01
201500048323;0;17;0;0;2;8;11;A01
201500048323;0;33;0;0;2;4;1;B01
201500048324;0;33;0;0;0;0;0;A01
201500048325;0;33;0;0;2;1;12;A01
201500048325;0;15;0;0;2;4;1;B01
201500048326;0;7;0;0;2;1;2;A01
201500048327;0;7;0;0;2;4;11;A01
201500048327;0;15;0;0;2;1;21;B01
201500048328;0;33;0;0;2;1;2;A01
201500048328;0;7;0;0;2;4;2;B01
201500048329;0;33;0;0;2;5;1;B01
201500048329;0;7;0;0;2;8;1;D01
201500048329;0;33;0;0;2;3;9;A01
201500048329;0;7;0;0;2;8;1;C01
201500048330;0;15;0;0;1;2;21;A01
201500048331;0;7;0;0;2;1;2;A01
201500048331;0;7;0;0;2;4;2;B01
201500048332;0;33;0;0;2;8;3;B01
201500048332;0;7;0;0;2;7;12;A01
201500048333;2;7;0;0;0;0;0;A01
201500048334;0;7;0;0;2;1;21;A01
201500048335;0;15;0;0;0;0;0;A01
201500048335;0;7;0;0;0;0;0;B01
201500048336;0;15;0;0;0;7;1;A01
201500048337;2;7;0;0;2;1;2;A01
201500048337;0;7;0;0;0;4;2;B01
201500048338;0;7;0;0;2;1;2;A01
201500048338;0;7;0;0;0;4;2;B01
201500048339;0;15;0;3;0;0;0;A01
201500048340;0;7;0;4;0;1;16;A01
201500048341;0;7;0;0;0;4;2;B01
201500048341;0;7;0;0;2;1;2;C01
201500048341;0;15;0;0;2;1;2;A01
201500048342;0;7;0;0;2;1;2;A01
201500048342;0;7;0;0;0;4;2;B01
201500048343;0;33;0;0;2;0;9;A01
201500048343;0;33;0;0;2;0;9;B01
201500048344;0;7;0;0;0;4;2;B01
201500048344;0;7;0;0;2;1;2;A01
201500048345;0;7;0;0;0;0;0;A01
201500048345;0;33;0;0;0;0;0;B01
201500048346;0;10;0;0;0;0;0;A01
201500048347;0;33;0;0;0;0;1;A01
201500048348;1;7;0;0;2;9;21;Z01
201500048348;0;7;0;0;2;0;21;B01
201500048349;0;7;0;0;1;0;1;A01
201500048350;0;7;0;5;0;0;9;A01
201500048350;0;15;0;0;2;0;1;B01
201500048351;0;15;0;3;2;1;6;A01
201500048351;0;7;0;0;2;1;1;B01
201500048352;0;7;0;0;2;1;2;A01
201500048352;0;33;0;0;2;4;2;B01
201500048353;0;7;0;0;2;0;1;B01
201500048353;0;7;0;4;2;0;0;A01
201500048354;0;7;0;0;2;1;2;A01
201500048354;0;7;0;0;2;4;2;B01
201500048354;0;7;0;0;2;4;2;C01
201500048355;0;7;0;0;0;0;1;A01
201500048356;0;7;0;0;2;1;2;A01
201500048356;0;7;0;0;2;4;2;B01
201500048357;0;7;0;0;2;0;18;A01
201500048357;0;7;0;0;0;0;1;B01
201500048358;1;15;0;0;1;0;0;Z01
201500048359;0;33;0;0;0;0;15;A01
201500048360;0;7;0;0;2;0;0;A01
201500048360;0;7;0;0;0;0;1;B01
201500048361;0;7;0;0;2;6;1;B01
201500048361;0;7;0;0;2;2;17;A01
201500048362;0;7;0;7;0;1;14;A01
201500048363;0;7;0;0;2;6;23;A01
201500048363;0;7;0;0;2;1;2;B01
201500048364;0;7;0;1;0;1;2;A01
201500048364;0;10;0;0;2;4;23;B01
201500048365;0;7;0;0;2;4;2;B01
201500048365;0;7;0;0;2;1;2;A01
201500048366;1;99;0;0;1;0;0;Z01
201500048367;0;33;0;0;0;8;1;A01
201500048368;0;7;0;0;0;9;1;A01
201500048369;0;7;0;0;0;0;1;B01
201500048369;1;7;0;0;2;0;18;Z01
201500048370;0;7;0;0;0;4;1;B01
201500048370;0;33;0;0;2;0;3;A01
201500048371;0;33;0;3;0;0;0;A01
201500048372;0;33;0;0;0;0;0;A01
201500048373;0;7;0;4;0;8;13;A01
201500048374;0;33;0;3;0;8;13;A01
201500048375;0;7;0;0;2;1;1;A01
201500048375;0;7;0;0;2;4;2;B01
201500048376;0;10;0;4;2;8;13;A01
201500048376;0;7;0;0;2;1;1;B01
201500048377;0;7;0;4;0;0;1;A01
201500048378;0;7;0;4;0;0;16;A01
201500048379;0;7;0;0;0;4;2;B01
201500048379;0;33;0;0;2;1;2;A01
201500048380;0;7;0;0;0;7;1;B01
201500048380;1;15;0;0;2;8;0;Z01
201500048381;0;15;0;0;2;1;2;A01
201500048381;0;7;0;0;2;4;2;B01
201500048382;0;31;0;0;1;1;21;A01
201500048383;0;7;0;0;2;1;2;A01
201500048383;0;10;0;0;0;4;23;B01
201500048384;0;7;0;0;2;8;2;B01
201500048384;0;7;0;4;2;8;13;A01
201500048385;0;7;0;0;2;1;2;A01
201500048385;0;7;0;4;2;4;2;B01
201500048386;0;7;0;0;2;4;2;B01
201500048386;0;7;0;0;2;1;2;A01
201500048386;0;7;0;0;2;4;2;E01
201500048386;0;7;0;0;2;4;2;C01
201500048386;0;7;0;0;2;4;2;D01
201500048387;0;7;0;0;2;1;2;A01
201500048387;0;7;0;0;2;4;2;B01
201500048388;0;7;0;4;0;3;15;A01
201500048389;0;7;0;0;0;0;0;A01
201500048390;0;7;0;0;2;1;2;A01
201500048390;0;7;0;0;2;4;2;B01
201500048390;0;7;0;0;2;4;2;C01
201500048391;0;7;0;4;0;0;1;A01
201500048392;0;7;0;3;0;9;14;A01
201500048393;0;7;0;0;0;0;1;A01
201500048394;0;7;0;1;1;3;21;A01
201500048395;0;7;0;0;2;4;2;C01
201500048395;0;7;0;0;2;4;2;D01
201500048395;0;7;0;0;2;1;2;A01
201500048395;0;7;0;0;2;4;2;B01
201500048396;0;7;0;0;2;1;2;A01
201500048396;0;7;0;0;2;4;2;C01
201500048396;0;7;0;0;2;4;2;B01
201500048396;0;7;0;0;2;4;2;D01
201500048397;0;7;0;0;2;1;2;A01
201500048397;0;7;0;0;2;4;2;B01
201500048398;0;14;0;0;1;1;10;A01
201500048399;1;15;0;0;2;7;12;Z01
201500048399;0;7;0;0;2;8;1;B01
201500048400;0;7;0;0;2;5;12;A01
201500048400;0;13;0;0;2;5;12;B01
201500048401;0;7;0;0;2;1;2;A01
201500048401;0;7;0;0;2;4;2;B01
201500048401;0;15;0;0;2;4;2;C01
201500048402;0;7;0;0;2;4;2;B01
201500048402;0;10;0;0;2;1;2;A01
201500048403;0;15;0;0;1;2;21;A01
201500048404;0;7;0;3;0;0;15;A01
201500048405;0;15;0;0;2;6;1;B01
201500048405;0;33;0;0;2;1;17;A01
201500048406;0;7;0;0;2;7;14;A01
201500048406;0;33;0;0;2;8;3;B01
201500048407;0;7;0;0;2;1;2;A01
201500048407;0;7;0;0;2;4;2;C01
201500048407;0;7;0;0;2;4;2;B01
201500048407;0;7;0;0;2;4;2;D01
201500048408;0;7;0;3;0;0;21;A01
201500048408;0;7;0;14;0;1;21;B01
201500048409;0;7;0;4;0;0;0;A01
201500048410;0;7;0;0;2;1;2;A01
201500048410;0;7;0;0;2;4;2;B01
201500048411;0;7;0;0;2;4;2;B01
201500048411;0;7;0;0;2;1;2;A01
201500048411;0;7;0;0;2;4;2;C01
201500048412;0;33;0;0;2;1;1;A01
201500048412;0;33;0;0;2;4;1;B01
201500048413;0;7;0;4;0;3;13;A01
201500048414;0;7;0;0;1;1;21;A01
201500048415;0;7;0;4;0;9;0;A01
201500048416;0;15;0;0;2;2;12;A01
201500048416;0;7;0;0;2;8;1;B01
201500048416;0;7;0;0;0;0;0;C01
201500048417;0;7;0;0;1;8;1;A01
201500048418;0;1;0;1;0;3;18;B01
201500048418;0;7;0;0;2;7;22;A01
201500048419;0;7;0;0;1;2;1;A01
201500048420;0;7;0;0;1;2;16;A01
201500048421;0;7;0;0;2;3;1;B01
201500048421;0;1;0;0;2;1;15;A01
201500048422;0;7;0;0;2;2;1;A01
201500048422;0;7;0;0;2;3;0;B01
201500048423;0;7;0;0;2;1;1;B01
201500048423;0;7;0;0;2;3;16;A01
201500048424;0;7;0;0;2;1;1;A01
201500048424;0;7;0;0;2;8;1;B01
201500048425;0;7;0;0;1;1;1;A01
201500048426;0;7;0;0;2;8;22;A01
201500048426;0;1;0;0;2;0;2;B01
201500048427;0;7;0;0;2;8;15;B01
201500048427;0;1;0;0;2;8;7;A01
201500048428;0;7;0;0;2;8;0;B01
201500048428;0;1;0;0;2;3;1;A01
201500048429;0;7;0;0;1;1;15;A01
201500048430;0;7;0;0;2;3;2;B01
201500048430;0;7;0;0;2;1;2;A01
201500048431;0;7;0;0;2;1;2;A01
201500048431;0;1;0;0;0;4;0;B01
201500048432;0;7;0;0;2;1;1;B01
201500048432;0;7;0;6;2;8;1;A01
201500048433;0;32;0;0;1;8;1;A01
201500048434;0;7;0;0;0;4;23;B01
201500048434;1;7;0;0;2;1;9;Z01
201500048434;0;7;0;0;0;3;23;C01
201500048435;0;7;0;15;2;7;1;A01
201500048435;0;7;0;0;2;1;1;B01
201500048436;0;7;0;0;1;1;15;A01
201500048437;0;7;0;0;1;1;1;A01
201500048438;0;7;0;0;1;1;1;A01
201500048439;0;10;0;0;2;3;1;A01
201500048439;0;1;0;0;2;7;1;B01
201500048440;0;7;0;0;1;1;15;A01
201500048441;0;7;0;0;2;2;1;B01
201500048441;0;7;0;0;2;1;1;A01
201500048442;0;7;0;0;1;1;1;A01
201500048443;0;31;0;0;2;1;2;A01
201500048443;0;7;0;0;2;6;2;B01
201500048444;0;10;0;8;1;1;19;A01
201500048445;0;7;0;0;1;1;1;A01
201500048446;1;10;0;0;1;0;15;A01
201500048447;0;33;0;0;0;0;0;B01
201500048447;0;7;0;0;0;0;19;A01
201500048448;0;7;0;0;1;2;1;A01
201500048449;0;1;0;0;1;1;1;A01
201500048450;0;7;0;0;2;3;11;A01
201500048450;0;7;0;0;2;2;1;B01
201500048451;0;7;0;0;1;3;15;A01
201500048452;0;7;0;0;2;1;15;A01
201500048452;0;1;0;0;2;1;1;B01
201500048453;0;37;0;0;1;2;1;A01
201500048454;0;1;0;0;2;0;1;B01
201500048454;0;7;0;0;2;1;1;A01
201500048455;2;7;0;0;0;1;0;A01
201500048456;0;1;0;0;2;1;1;B01
201500048456;0;7;0;0;2;1;15;A01
201500048457;0;7;0;0;0;1;0;A01
201500048457;0;10;0;0;0;2;0;B01
201500048458;0;7;0;0;2;2;1;B01
201500048458;0;1;0;0;2;6;1;A01
201500048459;0;17;0;0;2;7;20;B01
201500048459;0;7;0;0;2;3;1;A01
201500048460;0;7;0;0;1;1;15;A01
201500048461;2;7;0;8;0;1;1;A01
201500048462;0;7;0;0;1;5;4;A01
201500048463;0;7;0;0;2;2;15;B01
201500048463;0;33;0;0;2;1;7;A01
201500048464;0;7;0;0;1;1;2;A01
201500048465;0;10;0;0;2;3;1;B01
201500048465;0;7;0;0;2;3;13;A01
201500048466;0;7;0;0;2;1;1;B01
201500048466;0;7;0;0;2;7;1;A01
201500048467;0;7;0;0;1;5;1;A01
201500048468;0;7;0;0;1;3;1;A01
201500048469;0;33;0;0;2;1;3;A01
201500048469;0;10;0;0;2;6;9;B01
201500048470;0;7;0;2;0;1;2;A01
201500048471;0;33;0;0;2;1;1;A01
201500048471;1;7;0;0;2;1;19;Z01
201500048472;0;1;0;0;0;0;16;B01
201500048472;0;7;0;0;0;1;9;A01
201500048473;0;2;0;0;2;3;1;B01
201500048473;0;7;0;0;2;7;15;A01
201500048474;0;13;0;0;1;1;15;A01
201500048475;0;7;0;0;2;1;2;A01
201500048475;0;7;0;0;2;5;2;B01
201500048476;0;1;0;0;2;1;1;A01
201500048477;0;31;0;0;2;1;1;B01
201500048477;0;7;0;0;2;1;15;A01
201500048478;0;30;0;0;2;1;1;B01
201500048478;0;7;0;0;2;5;1;A01
201500048479;0;7;0;0;2;2;1;B01
201500048479;0;7;0;0;2;1;1;A01
201500048480;0;7;0;0;2;1;2;A01
201500048480;0;7;0;0;2;4;2;B01
201500048481;0;7;0;0;1;1;15;A01
201500048482;0;10;0;2;0;2;16;A01
201500048482;0;7;0;0;0;0;0;B01
201500048483;0;7;0;0;2;2;15;A01
201500048483;0;7;0;0;2;1;1;B01
201500048484;0;7;0;0;2;0;0;B01
201500048484;0;7;0;0;2;0;0;A01
201500048485;0;7;0;0;2;1;1;B01
201500048486;0;7;0;8;1;1;2;A01
201500048486;0;7;0;0;0;0;15;B01
201500048487;0;7;0;0;2;3;22;A01
201500048487;0;1;0;1;0;5;1;B01
201500048488;0;7;0;0;1;8;1;A01
201500048489;0;7;0;0;1;3;15;A01
201500048490;0;7;0;0;1;0;0;A01
201500048491;0;33;0;0;0;4;23;B01
201500048491;0;7;0;0;2;1;2;A01
201500048492;0;10;0;0;2;8;22;A01
201500048492;0;1;0;0;2;7;17;B01
201500048493;0;7;0;0;1;1;0;A01
201500048494;1;7;0;0;0;0;0;A01
201500048494;0;2;0;0;0;0;0;B01
201500048495;0;7;0;0;1;1;16;A01
201500048496;0;7;0;0;1;1;15;A01
201500048497;0;7;0;0;1;1;0;A01
201500048498;0;1;0;0;2;4;11;B01
201500048498;0;7;0;0;2;1;1;A01
201500048499;0;7;0;0;1;4;4;A01
201500048500;0;7;0;0;2;7;11;A01
201500048500;0;7;0;0;2;1;2;B01
201500048501;0;30;0;0;2;8;1;B01
201500048501;0;7;0;0;2;7;2;A01