num_acc;senc;catv;occutc;obs;obsm;choc;manv;num_veh
201500048502;0;33;0;0;2;1;2;A01
201500048502;0;7;0;0;2;5;16;B01
201500048503;0;7;0;0;4;3;15;A01
201500048503;0;40;10;0;2;2;1;B01
201500048504;0;7;0;1;2;3;2;A01
201500048504;0;7;0;0;2;2;9;B01
201500048505;0;7;0;0;2;1;1;A01
201500048505;0;1;0;0;2;8;1;B01
201500048506;0;7;0;0;0;3;1;B01
201500048506;0;7;0;0;0;2;14;A01
201500048507;0;34;0;0;2;1;1;A01
201500048507;0;7;0;0;2;7;1;B01
201500048508;0;30;0;16;0;1;13;A01
201500048509;0;7;0;0;2;2;0;A01
201500048510;0;7;0;0;2;4;1;A01
201500048510;1;7;0;0;2;1;2;C01
201500048510;0;7;0;0;2;8;1;B01
201500048511;0;7;0;0;2;8;24;B01
201500048511;0;7;0;1;0;7;0;A01
201500048512;0;30;0;0;1;1;1;A01
201500048513;1;7;0;0;1;0;15;A01
201500048514;0;7;0;0;2;2;1;A01
201500048514;0;7;0;0;1;6;23;B01
201500048515;0;7;0;0;2;8;1;B01
201500048515;0;7;0;0;2;1;0;A01
201500048516;0;7;0;0;1;1;15;A01
201500048517;0;99;0;0;1;1;1;A01
201500048518;0;30;0;0;2;2;0;A01
201500048518;0;7;0;0;2;8;0;B01
201500048519;0;7;0;0;1;0;15;A01
201500048520;0;7;0;0;2;6;1;C01
201500048520;0;7;0;0;2;0;1;B01
201500048520;0;7;0;0;2;2;15;A01
201500048521;0;30;0;0;2;2;1;B01
201500048522;1;2;0;0;1;0;0;Z01
201500048523;0;37;48;0;1;3;1;A01
201500048524;0;1;0;0;0;0;0;B01
201500048524;0;10;0;0;0;0;0;A01
201500048525;0;7;0;0;2;6;16;B01
201500048525;0;7;0;0;0;0;0;C01
201500048525;0;2;0;0;2;1;1;A01
201500048526;0;1;0;0;1;1;1;A01
201500048527;0;7;0;0;1;1;16;A01
201500048528;0;1;0;0;2;1;19;B01
201500048528;0;7;0;0;9;3;19;A01
201500048529;0;7;0;0;2;6;0;B01
201500048529;0;7;0;0;2;2;2;A01
201500048530;0;7;0;0;2;3;2;A01
201500048530;0;7;0;0;2;0;2;B01
201500048531;0;1;0;0;2;2;0;B01
201500048531;0;7;0;0;2;1;16;A01
201500048532;0;1;0;11;2;7;17;A01
201500048532;0;10;0;0;9;3;1;B01
201500048533;0;7;0;0;2;4;2;B01
201500048533;0;7;0;0;0;0;0;C01
201500048533;0;7;0;0;2;1;2;A01
201500048534;0;40;40;0;1;1;1;A01
201500048535;0;30;0;0;0;7;1;B01
201500048535;0;7;0;0;0;1;1;A01
201500048536;0;7;0;0;2;3;1;B01
201500048536;0;7;0;0;2;3;1;C01
201500048536;0;7;0;0;2;2;15;A01
201500048537;0;7;0;8;2;8;13;A01
201500048537;0;7;0;0;2;1;1;B01
201500048538;0;7;0;0;1;0;0;A01
201500048539;0;1;0;1;2;1;2;B01
201500048539;0;7;0;0;0;3;15;A01
201500048540;0;1;0;0;2;4;11;B01
201500048540;0;10;0;0;9;2;11;A01
201500048541;0;10;0;0;2;3;1;A01
201500048541;0;1;0;0;2;1;1;B01
201500048542;0;33;0;14;0;1;2;A01
201500048543;0;7;0;0;1;7;1;A01
201500048544;0;7;0;0;1;2;0;A01
201500048545;0;7;0;0;2;4;2;C01
201500048545;0;7;0;0;2;4;2;D01
201500048545;0;7;0;0;2;1;2;A01
201500048545;0;7;0;0;2;4;0;B01
201500048546;0;7;0;0;2;0;0;B01
201500048546;0;1;0;0;2;0;0;A01
201500048546;0;7;0;0;2;0;0;C01
201500048547;0;14;0;0;1;0;1;A01
201500048548;0;7;0;0;1;7;1;A01
201500048549;0;15;0;0;0;2;15;A01
201500048549;0;7;0;0;0;8;1;B01
201500048550;0;7;0;0;1;1;1;A01
201500048551;0;7;0;15;0;1;1;A01
201500048552;0;7;0;0;2;1;1;B01
201500048552;0;7;0;0;2;2;1;A01
201500048553;0;7;0;0;2;2;15;A01
201500048553;0;7;0;0;2;1;1;B01
201500048554;0;7;0;1;0;2;1;A01
201500048555;1;7;0;0;1;0;0;A01
201500048556;0;34;0;8;0;1;0;A01
201500048557;0;7;0;0;9;3;1;A01
201500048557;0;1;0;0;2;1;1;B01
201500048558;0;7;0;0;0;1;2;C01
201500048558;0;7;0;0;2;1;15;B01
201500048558;0;10;0;0;2;1;2;A01
201500048559;0;7;0;0;1;4;4;A01
201500048560;0;7;0;12;1;9;2;A01
201500048561;0;32;0;0;1;0;17;A01
201500048562;0;7;0;0;2;3;2;B01
201500048562;0;7;0;0;2;2;15;A01
201500048563;0;1;0;0;2;1;5;B01
201500048563;0;7;0;0;2;3;1;A01
201500048564;0;7;0;7;2;6;10;B01
201500048564;0;7;0;0;2;1;1;A01
201500048565;0;7;0;0;1;7;2;A01
201500048566;0;33;0;0;2;4;2;B01
201500048566;0;32;0;0;2;1;2;A01
201500048567;0;7;0;0;1;7;1;A01
201500048568;0;1;0;0;2;2;19;A01
201500048568;0;7;0;0;9;3;1;B01
201500048569;0;7;0;0;2;1;1;B01
201500048569;0;7;0;0;2;7;1;A01
201500048570;0;10;0;0;1;3;2;A01
201500048571;0;7;0;0;2;0;0;A01
201500048571;0;1;0;0;2;1;1;B01
201500048572;0;7;0;0;1;1;1;A01
201500048573;0;7;0;12;0;2;16;A01
201500048574;0;1;0;0;1;1;1;A01
201500048575;0;7;0;0;1;3;1;A01
201500048576;0;31;0;0;0;0;0;B01
201500048576;0;7;0;0;2;1;1;A01
201500048577;0;7;0;0;2;1;1;A01
201500048577;0;10;0;0;2;8;1;B01
201500048578;0;1;0;0;0;0;0;A01
201500048578;0;7;0;0;9;2;15;B01
201500048579;0;7;0;0;2;1;1;B01
201500048579;0;1;0;0;2;7;19;A01
201500048580;0;7;0;0;0;8;15;B01
201500048580;0;7;0;0;0;1;1;A01
201500048581;0;1;0;0;2;1;2;B01
201500048581;0;7;0;0;2;2;19;A01
201500048582;0;40;30;0;1;2;19;A01
201500048583;0;10;0;0;0;2;2;B01
201500048583;0;30;0;0;2;1;2;A01
201500048584;0;7;0;0;1;3;1;A01
201500048585;0;32;0;0;2;1;1;A01
201500048585;0;7;0;0;2;4;1;B01
201500048586;0;33;0;0;0;8;18;A01
201500048586;0;7;0;0;0;7;20;B01
201500048587;0;1;0;0;2;0;1;A01
201500048587;0;13;0;0;9;3;1;B01
201500048588;0;7;0;0;2;1;1;B01
201500048588;0;7;0;8;2;7;1;A01
201500048589;0;40;0;0;2;1;0;B01
201500048589;0;7;0;0;9;8;0;A01
201500048590;0;7;0;0;0;4;0;A01
201500048590;0;1;0;0;2;1;2;B01
201500048591;0;10;0;0;2;7;16;B01
201500048591;0;30;0;0;2;3;16;A01
201500048592;0;7;0;0;0;8;1;A01
201500048592;0;7;0;0;2;3;15;B01
201500048593;0;1;0;0;2;7;19;A01
201500048593;0;7;0;0;2;3;1;B01
201500048594;0;10;0;0;2;5;4;B01
201500048594;0;2;0;0;2;1;1;A01
201500048595;0;2;0;0;2;8;18;A01
201500048595;0;7;0;0;2;2;16;B01
201500048596;0;7;0;0;2;0;1;B01
201500048596;0;32;0;0;2;7;3;A01
201500048597;0;7;0;0;2;1;1;B01
201500048597;0;7;0;0;2;2;15;A01
201500048598;0;33;0;0;1;1;7;A01
201500048599;0;7;0;0;2;4;2;B01
201500048599;0;7;0;0;2;1;2;A01
201500048600;1;34;0;0;2;0;0;A01
201500048600;0;7;0;0;2;6;15;B01
201500048601;0;7;0;8;0;0;5;C01
201500048601;0;7;0;8;2;1;7;A01
201500048601;0;7;0;0;2;3;15;B01
201500048602;0;7;0;0;1;2;1;A01
201500048603;0;30;0;0;2;1;2;A01
201500048603;0;7;0;0;2;4;23;B01
201500048604;0;37;0;0;1;0;0;A01
201500048605;0;7;0;0;1;1;1;A01
201500048606;0;7;0;0;2;0;0;B01
201500048606;0;7;0;0;2;0;0;A01
201500048607;0;7;0;0;2;3;2;A01
201500048607;0;7;0;0;2;5;2;B01
201500048608;0;7;0;1;0;0;1;A01
201500048609;0;33;0;1;2;2;9;A01
201500048609;0;7;0;0;2;3;2;B01
201500048610;0;7;0;0;2;1;1;B01
201500048610;0;7;0;1;2;8;1;A01
201500048611;0;7;0;0;2;3;13;A01
201500048611;0;7;0;0;2;3;0;B01
201500048612;0;7;0;0;2;4;1;B01
201500048612;0;1;0;0;2;1;2;A01
201500048613;0;7;0;0;1;7;1;A01
201500048614;0;7;0;0;0;0;0;B01
201500048614;0;7;0;0;2;1;15;A01
201500048615;0;34;0;0;1;1;1;A01
201500048616;0;33;0;0;1;2;1;A01
201500048616;0;7;0;0;2;3;15;B01
201500048617;0;7;0;0;2;0;0;B01
201500048617;0;7;0;0;2;1;1;A01
201500048618;0;37;10;0;1;3;1;A01
201500048619;0;7;0;0;0;2;16;A01
201500048619;0;2;0;0;0;8;1;B01
201500048620;0;7;0;0;1;2;15;A01
201500048621;0;32;0;0;2;1;1;B01
201500048621;0;7;0;0;2;3;1;A01
201500048622;0;7;0;0;0;8;1;B01
201500048622;0;7;0;11;0;2;13;A01
201500048623;0;7;0;0;2;1;5;A01
201500048623;0;7;0;0;2;1;16;B01
201500048624;0;7;0;0;2;1;1;A01
201500048624;0;7;0;0;2;2;15;B01
201500048625;0;7;0;0;2;7;19;B01
201500048625;0;7;0;0;2;7;19;A01
201500048626;0;7;0;0;2;5;1;A01
201500048626;0;7;0;0;2;1;0;B01
201500048627;0;1;0;0;2;8;19;A01
201500048627;0;7;0;0;2;2;1;B01
201500048628;2;30;0;0;1;0;0;A01
201500048629;0;37;0;12;0;5;7;B01
201500048629;0;1;0;0;9;0;0;A01
201500048630;0;7;0;0;2;8;22;A01
201500048630;0;1;0;0;2;7;2;B01
201500048631;0;14;0;0;1;2;16;A01
201500048632;0;30;0;0;2;8;1;B01
201500048632;0;7;0;0;2;1;0;A01
201500048633;0;7;0;0;2;3;2;A01
201500048633;0;7;0;0;2;7;0;B01
201500048633;0;13;0;0;0;0;0;C01
201500048634;0;30;0;0;2;7;7;A01
201500048634;0;7;0;0;2;3;15;B01
201500048635;0;7;0;0;2;1;1;A01
201500048635;0;31;0;0;2;3;0;B01
201500048636;0;7;0;0;0;2;0;B01
201500048636;0;1;0;0;2;0;0;A01
201500048637;0;2;0;0;2;1;0;B01
201500048637;0;7;0;0;2;3;15;A01
201500048638;0;7;0;0;2;1;2;A01
201500048638;0;7;0;0;2;4;2;B01
201500048639;0;7;0;0;2;7;1;A01
201500048639;0;31;0;0;2;1;1;B01
201500048640;0;1;0;0;2;1;1;B01
201500048640;0;7;0;0;2;6;1;A01
201500048641;0;31;0;0;2;1;2;B01
201500048641;0;7;0;0;2;7;15;A01
201500048642;0;7;0;0;1;3;1;A01
201500048643;0;7;0;0;1;2;1;A01
201500048644;0;2;0;0;2;0;0;A01
201500048644;0;7;0;0;2;4;0;B01
201500048645;0;7;0;14;2;1;1;A01
201500048645;0;7;0;0;2;1;1;B01
201500048646;1;7;0;0;2;2;6;Z01
201500048646;0;30;0;0;2;3;2;B01
201500048647;0;31;0;0;2;0;0;B01
201500048647;0;7;0;0;2;3;0;A01
201500048648;0;30;0;0;1;1;0;A01
201500048649;0;1;0;0;2;1;1;B01
201500048649;0;7;0;0;9;3;15;A01
201500048650;0;15;0;0;0;3;22;A01
201500048650;0;1;0;0;0;5;2;B01
201500048651;0;7;0;0;9;3;15;A01
201500048651;0;1;0;0;2;2;1;B01
201500048652;0;7;0;0;9;2;16;A01
201500048652;0;1;0;0;2;3;1;B01
201500048653;0;38;0;0;2;0;0;A01
201500048653;0;32;0;0;2;0;0;B01
201500048654;0;7;0;0;2;7;23;A01
201500048654;0;1;0;1;0;1;0;B01
201500048655;0;7;0;1;1;2;17;A01
201500048656;0;1;0;0;2;5;19;B01
201500048656;0;10;0;2;2;1;0;A01
201500048657;0;7;0;0;2;2;15;A01
201500048657;0;34;0;0;2;1;1;B01
201500048658;0;7;0;0;2;0;0;B01
201500048658;0;7;0;0;2;0;1;A01
201500048659;0;1;0;0;1;0;0;A01
201500048660;0;7;0;0;2;8;0;B01
201500048660;1;7;0;0;2;0;19;A01
201500048661;0;7;0;0;2;6;15;A01
201500048661;0;30;0;0;2;1;1;B01
201500048662;0;1;0;0;2;1;0;B01
201500048662;0;10;0;0;2;1;0;A01
201500048663;0;33;0;0;2;1;0;A01
201500048663;0;37;0;0;2;0;0;B01
201500048664;0;30;0;0;2;1;2;B01
201500048664;1;30;0;0;2;4;2;A01
201500048665;0;7;0;8;0;1;1;A01
201500048666;0;7;0;0;2;2;1;A01
201500048666;0;7;0;0;2;3;0;B01
201500048667;0;7;0;0;2;0;0;B01
201500048667;0;7;0;0;0;2;1;A01
201500048668;0;7;0;0;2;3;0;A01
201500048668;0;33;0;0;2;1;0;B01
201500048669;0;7;0;0;1;1;16;A01
201500048670;0;7;0;15;2;6;1;A01
201500048670;0;10;0;0;2;1;1;B01
201500048671;0;2;0;0;2;1;1;A01
201500048671;0;1;0;0;2;8;19;B01
201500048672;0;10;0;0;2;7;0;A01
201500048672;0;1;0;0;2;8;11;B01
201500048673;1;7;0;0;1;0;0;A01
201500048674;0;7;0;0;2;0;0;A01
201500048674;0;7;0;0;2;0;0;B01
201500048675;0;7;0;0;1;2;1;A01
201500048676;0;7;0;0;2;2;15;A01
201500048676;0;7;0;0;2;1;1;B01
201500048677;0;1;0;0;2;1;1;B01
201500048677;0;7;0;0;2;8;24;A01
201500048678;0;1;0;0;2;7;5;A01
201500048678;0;7;0;0;2;2;15;B01
201500048679;0;33;0;0;2;0;1;B01
201500048679;0;7;0;0;2;0;16;A01
201500048680;0;7;0;0;2;0;23;B01
201500048680;0;7;0;0;2;4;20;C01
201500048680;0;7;0;0;2;1;0;A01
201500048681;0;7;0;0;0;0;0;B01
201500048681;2;33;0;0;2;1;0;A01
201500048682;0;7;0;0;2;0;0;B01
201500048682;0;7;0;0;2;2;15;A01
201500048683;0;7;0;0;2;8;11;B01
201500048683;0;7;0;15;2;1;1;A01
201500048684;0;3;0;0;2;4;20;A01
201500048684;0;2;0;0;2;1;2;B01
201500048685;0;7;0;0;2;0;0;A01
201500048685;0;7;0;0;2;0;0;B01
201500048686;0;31;0;0;9;1;1;B01
201500048686;0;7;0;0;9;8;1;A01
201500048687;0;33;0;0;0;0;1;A01
201500048688;0;1;0;0;2;1;1;A01
201500048688;0;1;0;0;2;1;1;B01
201500048689;0;7;0;0;1;2;2;A01
201500048690;0;7;0;0;2;4;1;B01
201500048690;0;7;0;0;2;1;1;A01
201500048691;0;7;0;0;2;1;2;B01
201500048691;0;1;0;0;2;0;0;A01
201500048692;0;30;0;0;2;0;0;A01
201500048692;0;7;0;0;9;8;15;B01
201500048693;1;7;0;0;1;0;0;Z01
201500048694;0;7;0;0;2;1;19;A01
201500048694;0;7;0;0;2;3;1;B01
201500048695;0;7;0;0;1;2;1;A01
201500048696;1;33;0;0;1;1;2;A01
201500048697;0;3;0;1;0;3;5;A01
201500048698;0;7;0;0;2;1;2;B01
201500048698;0;1;0;0;2;7;19;A01
201500048699;0;7;0;0;1;3;11;A01
201500048700;0;7;0;0;2;8;1;B01
201500048700;0;7;0;0;2;1;1;A01
201500048701;0;7;0;0;2;3;1;A01
201500048701;0;1;0;0;2;7;0;B01
201500048702;0;7;0;8;0;6;0;A01
201500048703;0;1;0;0;2;2;1;B01
201500048703;0;7;0;0;9;7;16;A01
201500048704;0;7;0;0;2;1;1;A01
201500048704;0;1;0;0;2;8;0;B01
201500048705;0;7;0;0;2;5;16;A01
201500048705;0;1;0;0;2;1;1;B01
201500048706;0;7;0;0;2;7;0;B01
201500048706;0;7;0;0;2;0;0;A01
201500048707;0;7;0;1;0;2;2;A01
201500048708;0;7;0;0;2;3;1;B01
201500048708;0;30;0;0;2;5;12;A01
201500048709;0;7;0;0;2;1;1;A01
201500048709;0;7;0;0;2;2;1;B01
201500048710;1;7;0;0;2;4;2;A01
201500048711;0;7;0;0;2;0;0;B01
201500048711;0;1;0;0;2;0;0;A01
201500048712;0;33;0;0;2;1;1;B01
201500048712;0;2;0;0;2;7;1;A01
201500048713;0;7;0;0;1;5;1;A01
201500048714;0;1;0;0;0;7;1;B01
201500048714;1;1;0;0;0;3;1;Z01
201500048715;0;1;0;0;2;0;0;B01
201500048715;0;7;0;0;2;8;0;A01
201500048716;0;33;0;0;2;1;2;A01
201500048716;0;7;0;0;2;0;0;B01
201500048717;0;7;0;0;9;1;15;A01
201500048717;0;1;0;0;2;1;1;B01
201500048718;0;1;0;0;2;8;19;B01
201500048718;0;7;0;0;2;1;1;A01
201500048719;0;7;0;0;2;3;1;A01
201500048719;0;37;30;0;2;0;1;B01
201500048720;0;1;0;0;1;1;17;A01
201500048721;0;2;0;0;2;1;0;B01
201500048721;0;7;0;0;2;1;1;A01
201500048722;0;7;0;0;2;1;0;B01
201500048722;0;7;0;8;2;2;0;A01
201500048723;0;7;0;0;2;1;1;A01
201500048723;0;7;0;0;2;7;1;B01
201500048723;0;7;0;0;2;3;15;C01
201500048724;0;7;0;0;2;5;1;B01
201500048724;0;7;0;0;2;2;2;A01
201500048725;0;7;0;0;1;2;1;A01
201500048726;0;30;0;1;0;0;1;A01
201500048727;0;1;0;0;2;7;1;B01
201500048727;0;7;0;0;2;1;16;A01
201500048728;0;7;0;0;2;1;1;A01
201500048728;0;1;0;0;2;1;1;B01
201500048729;0;7;0;0;2;2;1;A01
201500048729;0;7;0;0;2;3;1;B01
201500048730;0;99;0;0;9;0;0;A01
201500048731;0;7;0;0;2;1;0;B01
201500048731;0;7;0;0;2;2;1;A01
201500048732;0;7;0;0;1;1;1;A01
201500048733;0;30;0;1;0;2;13;A01
201500048734;0;7;0;0;2;0;0;B01
201500048734;0;30;0;0;2;1;3;A01
201500048735;1;7;0;0;1;0;0;Z01
201500048736;0;2;0;0;2;1;1;A01
201500048736;0;7;0;0;2;1;1;B01
201500048737;0;31;0;0;2;1;5;A01
201500048737;0;7;0;1;2;1;1;B01
201500048738;0;7;0;0;2;2;1;A01
201500048738;0;30;0;0;2;1;1;B01
201500048739;1;7;0;0;1;0;0;A01
201500048740;0;1;0;0;2;7;19;A01
201500048740;0;7;0;0;2;1;1;B01
201500048741;0;10;0;0;2;3;1;B01
201500048741;0;7;0;0;2;1;9;A01
201500048742;0;32;0;0;2;0;0;A01
201500048742;0;7;0;0;2;0;0;B01
201500048743;0;7;0;0;2;1;1;B01
201500048743;0;7;0;0;2;8;10;A01
201500048744;0;7;0;16;2;1;1;A01
201500048744;0;7;0;1;0;7;1;B01
201500048745;0;7;0;0;2;3;11;A01
201500048745;0;7;0;0;2;5;1;B01
201500048746;0;7;0;0;2;7;2;C01
201500048746;0;7;0;1;0;9;2;A01
201500048746;0;7;0;0;2;6;2;B01
201500048747;0;7;0;0;2;1;2;B01
201500048747;0;7;0;0;2;8;7;A01
201500048748;0;7;0;0;2;1;1;B01
201500048748;0;7;0;0;2;2;0;A01
201500048749;0;31;0;0;2;0;0;A01
201500048750;0;7;0;0;2;1;1;A01
201500048750;0;1;0;0;2;8;1;B01
201500048751;0;7;0;0;1;1;1;A01
201500048752;0;7;0;0;1;1;9;A01
201500048753;0;7;0;0;1;1;1;A01
201500048754;0;7;0;0;2;0;0;A01
201500048754;0;1;0;0;2;0;0;B01
201500048755;0;7;0;0;2;1;15;A01
201500048755;0;32;0;0;2;1;1;B01
201500048756;0;40;35;0;2;2;1;B01
201500048756;0;7;0;0;4;1;2;A01
201500048757;0;7;0;0;1;0;0;A01
201500048758;0;1;0;0;2;8;18;A01
201500048758;0;15;0;0;2;7;16;B01
201500048759;0;1;0;0;0;0;1;B01
201500048759;0;7;0;0;2;0;1;A01
201500048760;0;32;0;0;2;4;1;B01
201500048760;0;7;0;0;2;1;1;A01
201500048761;0;1;0;0;2;2;1;B01
201500048761;0;7;0;0;9;1;1;A01
201500048762;0;1;0;0;2;7;0;B01
201500048762;0;7;0;0;2;7;1;A01
201500048763;0;7;0;0;1;1;15;A01
201500048764;0;1;0;0;2;1;1;B01
201500048764;0;7;0;0;2;2;16;A01
201500048765;0;7;0;0;2;0;0;C01
201500048765;0;7;0;0;2;4;23;A01
201500048765;0;33;0;14;0;1;2;B01
201500048766;0;7;0;0;1;1;0;A01
201500048767;0;7;0;0;1;8;1;A01
201500048768;0;7;0;0;2;7;2;B01
201500048768;0;7;0;0;2;1;19;A01
201500048769;0;7;0;0;2;1;0;A01
201500048769;0;7;0;0;2;5;2;C01
201500048769;0;7;0;0;2;6;2;B01
201500048770;0;13;0;0;1;6;15;A01
201500048771;0;7;0;0;0;0;0;B01
201500048771;0;7;0;0;2;1;0;A01
201500048772;0;33;0;0;2;1;1;B01
201500048772;0;7;0;0;2;3;10;A01
201500048773;0;7;0;1;1;1;2;A01
201500048774;0;7;0;0;1;1;17;A01
201500048775;0;33;0;0;2;1;1;B01
201500048775;0;7;0;0;2;2;10;A01
201500048776;0;7;0;0;2;1;2;A01
201500048776;0;7;0;0;2;4;2;B01
201500048777;0;7;0;1;1;0;2;A01
201500048778;0;33;0;0;2;1;1;A01
201500048778;0;7;0;0;2;5;6;B01
201500048779;0;7;0;0;2;1;1;A01
201500048779;0;7;0;0;2;4;2;B01
201500048780;0;7;0;0;2;1;1;A01
201500048780;0;7;0;0;2;4;2;C01
201500048780;0;7;0;0;2;9;2;B01
201500048781;0;7;0;0;1;2;1;A01
201500048782;0;7;0;0;1;1;1;A01
201500048783;0;7;0;0;1;1;1;A01
201500048784;0;30;0;1;2;1;2;B01
201500048784;0;7;0;1;2;1;15;A01
201500048785;0;7;0;0;2;2;0;B01
201500048785;0;7;0;0;2;6;1;D01
201500048785;0;7;0;0;2;3;11;A01
201500048785;0;7;0;0;2;4;1;C01
201500048786;0;7;0;0;2;6;0;B01
201500048786;0;7;0;0;2;6;0;A01
201500048787;0;1;0;0;2;8;15;B01
201500048787;0;1;0;0;2;1;1;A01
201500048788;0;3;0;0;1;1;1;A01
201500048789;0;40;0;0;2;1;0;A01
201500048789;0;1;0;0;4;3;0;B01
201500048790;0;7;0;0;2;3;15;B01
201500048790;0;33;0;0;2;2;2;A01
201500048791;0;37;35;0;1;2;7;A01
201500048792;0;7;0;0;2;4;2;B01
201500048792;0;7;0;0;2;1;2;A01
201500048793;0;7;0;0;1;2;0;A01
201500048794;0;7;0;12;0;1;1;A01
201500048795;0;7;0;0;2;1;0;A01
201500048795;0;7;0;0;2;7;0;B01
201500048796;0;7;0;0;2;3;15;B01
201500048796;1;2;0;0;2;1;17;Z01
201500048797;0;7;0;0;1;3;15;A01
201500048798;0;33;0;0;2;1;1;B01
201500048798;0;7;0;0;2;3;15;A01
201500048799;0;7;0;0;2;8;0;A01
201500048799;0;13;0;1;2;7;1;B01
201500048800;0;7;0;0;1;1;1;A01
201500048801;0;7;0;0;2;3;2;B01
201500048801;0;7;0;0;2;1;15;A01
201500048802;0;1;0;0;2;0;0;A01
201500048802;0;7;0;0;2;0;0;B01
201500048803;1;7;0;0;1;7;1;Z01
201500048804;0;7;0;0;1;1;1;A01
201500048805;0;37;0;0;1;2;0;A01
201500048806;0;7;0;0;2;3;2;A01
201500048806;0;30;0;0;2;2;2;B01
201500048807;0;31;0;0;2;0;0;B01
201500048807;0;1;0;0;2;1;0;A01
201500048808;0;7;0;0;1;2;1;A01
201500048809;0;7;0;0;2;1;1;B01
201500048809;0;2;0;0;2;1;0;A01
201500048810;0;2;0;0;1;1;14;A01
201500048811;0;1;0;0;2;0;0;B01
201500048811;0;7;0;0;2;2;16;A01
201500048812;0;7;0;15;1;7;0;A01
201500048813;0;7;0;1;2;0;0;A01
201500048813;0;1;0;0;2;1;2;B01
201500048814;0;1;0;0;2;1;1;B01
201500048814;0;7;0;0;2;7;16;A01
201500048815;0;7;0;0;1;1;7;A01
201500048816;0;7;0;0;2;5;15;A01
201500048816;0;30;0;0;2;1;1;B01
201500048817;0;7;0;0;2;1;1;B01
201500048817;0;7;0;0;2;7;15;A01
201500048818;0;7;0;0;2;2;2;B01
201500048818;0;7;0;0;2;3;2;A01
201500048819;0;7;0;0;1;1;1;A01
201500048820;0;7;0;0;1;1;1;A01
201500048821;0;7;0;0;2;3;1;A01
201500048821;0;7;0;0;9;4;15;B01
201500048821;0;1;0;0;2;1;1;C01
201500048822;0;7;0;16;0;1;2;A01
201500048822;0;7;0;16;0;8;15;B01
201500048823;1;7;0;0;2;1;0;Z01
201500048823;0;7;0;0;2;5;15;B01
201500048824;0;33;0;0;1;1;1;A01
201500048825;0;7;0;0;1;0;0;A01
201500048826;0;7;0;0;2;8;15;A01
201500048826;0;32;0;0;2;2;1;B01
201500048827;0;10;0;0;2;2;1;B01
201500048827;0;32;0;0;2;1;1;A01
201500048828;0;7;0;0;2;5;15;A01
201500048828;0;30;0;0;2;1;1;B01
201500048829;0;7;0;0;9;2;15;A01
201500048829;0;1;0;0;0;8;2;B01
201500048830;0;10;0;0;9;7;1;A01
201500048830;0;1;0;0;2;8;1;B01
201500048831;0;7;0;0;1;1;1;A01
201500048832;0;1;0;0;2;0;0;B01
201500048832;0;7;0;0;2;1;1;A01
201500048833;0;7;0;0;2;2;14;A01
201500048833;0;1;0;0;2;4;1;B01
201500048834;0;7;0;0;1;3;1;A01
201500048835;0;7;0;0;1;3;15;A01
201500048836;0;7;0;0;2;2;15;A01
201500048836;0;2;0;0;2;3;1;B01
201500048837;0;7;0;0;2;6;1;B01
201500048837;0;7;0;0;2;3;13;A01
201500048838;0;7;0;8;0;1;0;A01
201500048839;0;1;0;0;2;4;0;B01
201500048839;1;7;0;0;2;0;0;A01
201500048840;0;7;0;0;2;2;1;A01
201500048840;1;33;0;0;2;1;19;Z01
201500048841;0;7;0;0;2;5;16;A01
201500048841;0;34;0;0;2;3;1;B01
201500048842;0;7;0;0;2;6;9;A01
201500048842;0;2;0;0;2;0;0;B01
201500048843;0;37;0;0;2;2;1;B01
201500048843;0;7;0;1;2;3;19;A01
201500048844;0;7;0;0;2;1;16;A01
201500048844;0;7;0;0;0;0;0;B01
201500048845;0;7;0;0;2;0;0;A01
201500048845;0;1;0;0;2;0;0;B01
201500048846;0;7;0;0;2;8;15;B01
201500048846;0;30;0;0;2;1;8;A01
201500048847;0;7;0;0;2;8;1;B01
201500048847;0;7;0;0;2;3;1;C01
201500048847;0;7;0;0;2;3;13;A01
201500048848;0;1;0;0;1;1;0;A01
201500048849;0;33;0;0;2;1;1;A01
201500048849;0;7;0;0;2;8;1;B01
201500048850;0;32;0;0;2;1;1;A01
201500048850;0;7;0;0;2;3;1;B01
201500048851;0;38;45;0;1;2;1;A01
201500048852;0;7;0;0;2;5;15;A01
201500048852;0;7;0;0;2;1;1;B01
201500048853;0;31;0;0;1;1;1;A01
201500048854;0;33;0;1;2;2;0;A01
201500048854;0;3;0;0;2;8;0;B01
201500048855;0;7;0;0;2;4;2;B01
201500048855;0;7;0;0;2;1;2;A01
201500048856;0;30;0;13;0;9;1;A01
201500048857;0;31;0;0;1;0;0;A01
201500048858;0;7;0;15;2;4;1;B01
201500048858;0;7;0;0;2;1;1;A01
201500048859;0;7;0;0;2;2;0;A01
201500048859;0;7;0;9;2;5;0;B01
201500048860;0;7;0;0;2;3;1;B01
201500048860;0;30;0;0;2;8;1;A01
201500048861;0;34;0;0;1;3;1;A01
201500048862;0;7;0;0;2;1;2;A01
201500048862;0;7;0;0;2;4;1;B01
201500048863;0;7;0;0;2;1;9;B01
201500048863;0;7;0;0;2;2;1;A01
201500048864;1;7;0;0;2;5;1;Z01
201500048864;0;34;0;9;2;3;1;A01
201500048865;0;7;0;0;2;3;0;B01
201500048865;0;7;0;0;2;2;0;A01
201500048866;0;7;0;0;2;3;1;B01
201500048866;0;7;0;0;2;2;0;A01