num_acc;senc;catv;occutc;obs;obsm;choc;manv;num_veh
201500048867;0;7;0;0;2;4;2;C01
201500048867;0;7;0;0;2;5;4;A01
201500048867;0;30;0;0;2;1;17;B01
201500048868;0;7;0;0;2;7;1;B01
201500048868;0;30;0;0;2;1;18;A01
201500048869;1;7;0;0;2;1;0;Z01
201500048869;0;7;0;0;2;5;2;A01
201500048870;0;7;0;0;2;5;16;A01
201500048870;0;30;0;0;2;0;1;B01
201500048871;0;33;0;0;2;0;0;B01
201500048871;0;7;0;0;2;1;0;A01
201500048872;0;7;0;0;2;2;16;B01
201500048872;0;33;0;0;2;1;18;A01
201500048873;0;7;0;0;2;4;2;C01
201500048873;0;7;0;0;2;2;2;B01
201500048873;0;7;0;0;2;1;2;A01
201500048874;0;30;0;0;2;2;19;A01
201500048874;0;7;0;0;2;3;1;B01
201500048875;0;34;0;15;0;7;0;A01
201500048876;0;13;0;0;2;1;1;A01
201500048876;0;7;0;0;2;4;1;B01
201500048876;0;7;0;0;2;4;1;C01
201500048877;0;7;0;0;1;0;0;A01
201500048878;0;1;0;0;2;4;19;B01
201500048878;0;7;0;0;2;2;2;A01
201500048879;0;1;0;0;2;5;1;A01
201500048879;0;7;0;0;2;1;16;B01
201500048880;0;7;0;0;2;8;1;A01
201500048880;0;7;0;0;2;1;1;B01
201500048881;0;33;0;0;1;1;2;A01
201500048881;0;7;0;0;2;0;0;B01
201500048882;0;7;0;0;9;1;9;A01
201500048882;0;1;0;0;2;0;0;B01
201500048883;0;37;0;1;2;1;0;B01
201500048883;0;7;0;0;2;3;16;A01
201500048884;0;7;0;0;1;1;15;A01
201500048885;0;2;0;1;0;5;2;A01
201500048886;0;1;0;0;2;8;1;B01
201500048886;0;7;0;0;9;2;1;A01
201500048887;0;7;0;0;2;1;2;A01
201500048887;0;7;0;0;0;4;2;C01
201500048887;0;7;0;0;2;4;2;B01
201500048888;0;37;0;0;1;2;1;A01
201500048889;1;7;0;0;1;1;1;A01
201500048890;0;7;0;0;1;0;0;B01
201500048890;0;7;0;0;1;0;0;A01
201500048891;0;7;0;0;0;0;0;A01
201500048891;0;1;0;1;0;0;0;B01
201500048892;0;7;0;0;1;0;0;A01
201500048893;0;40;0;0;2;3;2;A01
201500048893;0;1;0;0;2;1;0;B01
201500048894;0;7;0;0;2;4;2;C01
201500048894;0;7;0;0;2;4;0;B01
201500048894;0;7;0;0;2;4;2;A01
201500048895;0;7;0;0;1;0;0;A01
201500048896;0;7;0;0;1;3;1;A01
201500048897;0;30;0;0;2;4;2;A01
201500048897;1;7;0;0;9;1;2;B01
201500048898;0;7;0;0;1;0;0;A01
201500048899;0;40;60;0;1;1;1;A01
201500048900;0;1;0;0;2;0;0;B01
201500048900;0;10;0;0;9;7;22;A01
201500048901;0;34;0;16;0;7;1;A01
201500048901;0;7;0;16;0;1;1;B01
201500048902;0;33;0;0;1;1;1;A01
201500048903;0;3;0;1;0;1;14;A01
201500048904;0;7;0;0;1;1;1;A01
201500048905;0;40;50;0;1;8;1;A01
201500048906;0;7;0;0;2;2;0;A01
201500048906;0;2;0;0;2;1;14;B01
201500048907;0;1;0;0;1;0;0;A01
201500048908;0;7;0;0;2;8;0;C01
201500048908;1;7;0;0;2;0;0;A01
201500048908;0;7;0;0;2;3;1;B01
201500048909;0;7;0;0;2;1;2;B01
201500048909;0;7;0;0;2;7;2;A01
201500048910;0;14;0;0;0;0;0;B01
201500048910;0;32;0;0;2;0;0;A01
201500048911;0;7;0;9;2;6;1;B01
201500048911;0;7;0;0;2;1;0;A01
201500048912;0;7;0;0;2;1;9;A01
201500048912;0;30;0;0;2;2;0;B01
201500048913;1;7;0;0;2;1;13;B01
201500048913;0;30;0;0;2;1;13;A01
201500048914;0;7;0;0;1;2;15;A01
201500048915;0;7;0;0;2;1;15;A01
201500048915;0;7;0;0;2;8;1;B01
201500048916;0;10;0;6;0;1;1;A01
201500048917;0;37;45;0;1;7;2;A01
201500048918;0;7;0;0;1;3;1;A01
201500048919;0;3;0;0;2;1;1;A01
201500048919;0;7;0;0;9;4;1;C01
201500048919;0;7;0;0;2;4;1;B01
201500048920;0;7;0;0;2;3;15;B01
201500048920;0;1;0;0;2;1;1;A01
201500048921;0;7;0;0;1;0;0;A01
201500048922;0;7;0;6;0;1;1;A01
201500048923;0;7;0;9;0;1;1;A01
201500048924;0;37;45;0;1;7;1;A01
201500048925;0;7;0;0;2;7;0;A01
201500048925;0;1;0;0;0;0;0;B01
201500048926;0;10;0;0;1;1;1;A01
201500048927;0;7;0;0;2;4;2;B01
201500048927;0;7;0;0;2;1;1;A01
201500048928;0;7;0;0;4;8;15;A01
201500048928;0;40;45;0;2;2;1;B01
201500048929;0;7;0;0;2;9;1;A01
201500048929;0;7;0;0;2;4;1;B01
201500048929;1;7;0;0;0;0;0;Y01
201500048930;0;13;0;0;1;1;15;A01
201500048931;0;7;0;0;0;9;15;A01
201500048932;0;37;0;0;1;2;1;A01
201500048933;0;10;0;0;2;1;1;B01
201500048933;0;7;0;0;2;8;1;A01
201500048934;0;7;0;0;1;3;1;A01
201500048935;0;37;55;0;1;0;0;A01
201500048936;0;7;0;0;2;3;1;A01
201500048936;0;7;0;0;2;2;15;B01
201500048937;0;7;0;0;1;0;0;A01
201500048937;0;7;0;0;2;4;24;B01
201500048938;0;30;0;0;2;1;0;A01
201500048938;0;7;0;0;2;0;1;B01
201500048939;0;10;0;0;1;3;1;A01
201500048940;0;7;0;0;2;3;15;A01
201500048940;0;33;0;0;2;8;1;B01
201500048941;0;7;0;0;2;1;1;A01
201500048941;0;7;0;0;2;3;1;B01
201500048942;0;33;0;0;2;4;1;B01
201500048942;0;7;0;0;2;4;1;C01
201500048942;0;7;0;0;2;2;12;A01
201500048943;0;7;0;0;1;2;0;A01
201500048944;0;34;0;0;1;1;17;A01
201500048945;0;7;0;0;2;3;2;A01
201500048945;0;7;0;0;2;4;0;C01
201500048945;0;31;0;0;2;4;23;B01
201500048946;0;7;0;0;1;1;15;A01
201500048947;0;40;0;0;1;2;1;A01
201500048948;0;7;0;0;2;2;16;A01
201500048948;0;1;0;0;2;1;1;B01
201500048949;0;7;0;0;1;3;15;A01
201500048950;0;7;0;0;2;8;0;A01
201500048950;0;2;0;0;2;1;0;B01
201500048951;0;7;0;0;1;2;2;A01
201500048952;0;1;0;0;2;1;1;B01
201500048952;0;7;0;0;2;1;15;A01
201500048953;0;7;0;0;2;8;1;B01
201500048953;0;7;0;0;2;1;1;A01
201500048954;0;7;0;0;2;4;1;B01
201500048954;0;7;0;0;2;1;2;A01
201500048955;0;7;0;6;0;2;16;A01
201500048956;0;30;0;0;2;8;1;A01
201500048956;0;7;0;0;2;3;1;B01
201500048957;0;7;0;0;2;1;1;A01
201500048957;0;1;0;0;2;1;0;B01
201500048958;0;7;0;0;2;3;1;B01
201500048958;0;7;0;0;2;2;1;A01
201500048959;0;7;0;0;1;2;2;A01
201500048960;0;7;0;0;2;0;0;A01
201500048960;0;7;0;0;2;0;0;B01
201500048961;0;7;0;0;1;1;15;A01
201500048962;0;7;0;0;2;3;15;A01
201500048962;0;33;0;0;2;1;2;B01
201500048963;0;1;0;0;2;3;19;B01
201500048963;0;7;0;0;2;6;4;A01
201500048964;0;7;0;0;2;2;14;B01
201500048964;0;7;0;0;2;0;14;A01
201500048965;0;3;0;0;2;3;1;B01
201500048965;0;7;0;0;2;3;15;R01
201500048966;0;1;0;0;0;0;0;B01
201500048966;0;7;0;0;2;0;0;A01
201500048967;0;7;0;2;0;1;1;A01
201500048968;0;7;0;6;2;1;1;A01
201500048968;0;7;0;0;2;2;2;B01
201500048969;0;1;0;0;2;1;5;A01
201500048969;0;7;0;0;2;8;1;B01
201500048970;0;7;0;0;1;1;1;A01
201500048971;0;2;0;1;0;0;0;B01
201500048971;0;7;0;0;2;0;0;C01
201500048971;0;10;0;0;2;0;0;A01
201500048972;0;7;0;0;0;4;1;C01
201500048972;0;7;0;0;2;4;1;B01
201500048972;0;7;0;0;2;1;1;A01
201500048973;0;30;0;0;0;0;0;B01
201500048973;1;1;0;0;0;0;0;Z01
201500048974;0;7;0;0;1;0;0;A01
201500048975;0;7;0;0;1;1;1;A01
201500048976;0;7;0;0;1;2;1;A01
201500048977;0;7;0;1;2;8;2;B01
201500048977;0;7;0;1;2;8;12;A01
201500048978;0;7;0;0;2;5;1;B01
201500048978;0;7;0;0;2;1;16;A01
201500048979;0;7;0;0;1;7;7;A01
201500048980;0;7;0;0;0;3;2;B01
201500048980;0;1;0;0;2;3;19;A01
201500048981;0;7;0;0;2;6;15;A01
201500048981;0;32;0;0;2;1;0;B01
201500048982;0;7;0;0;2;2;15;A01
201500048982;0;30;0;0;2;1;1;B01
201500048983;0;7;0;0;1;2;0;A01
201500048984;0;1;0;0;2;2;2;B01
201500048984;0;7;0;0;2;3;9;A01
201500048985;0;7;0;0;1;4;4;A01
201500048986;0;7;0;1;2;2;2;A01
201500048986;0;7;0;0;2;3;2;B01
201500048987;0;7;0;0;2;1;13;A01
201500048987;0;7;0;0;2;6;1;B01
201500048988;0;7;0;0;2;5;1;B01
201500048988;0;7;0;1;2;3;18;A01
201500048989;0;7;0;0;0;5;9;A01
201500048989;0;7;0;0;2;2;1;B01
201500048990;0;10;0;0;6;1;1;A01
201500048991;0;7;0;0;2;1;0;A01
201500048991;0;7;0;0;2;4;1;C01
201500048991;0;7;0;0;2;4;0;B01
201500048992;0;7;0;0;0;4;2;C01
201500048992;0;7;0;0;0;4;2;B01
201500048992;0;7;0;0;2;1;2;A01
201500048993;0;7;0;4;0;8;0;B01
201500048993;0;7;0;0;2;0;0;A01
201500048994;0;7;0;0;2;4;2;B01
201500048994;0;33;0;0;2;1;2;A01
201500048995;0;7;0;3;2;1;1;A01
201500048995;0;15;0;0;0;8;0;B01
201500048996;0;15;0;3;0;8;13;A01
201500048997;0;33;0;0;0;0;0;A01
201500048998;0;7;0;0;2;1;2;A01
201500048998;0;7;0;0;2;4;2;B01
201500048999;0;7;0;0;2;6;2;B01
201500048999;0;7;0;0;2;2;2;A01
201500049000;0;33;0;0;0;0;2;A01
201500049001;0;15;0;0;2;2;12;A01
201500049001;0;7;0;4;0;6;1;B01
201500049002;0;7;0;0;2;1;2;A01
201500049002;0;7;0;0;2;4;2;D01
201500049002;0;7;0;0;2;1;2;B01
201500049002;0;7;0;0;2;1;1;C01
201500049003;0;7;0;0;2;3;0;U01
201500049003;0;7;0;0;0;5;2;C01
201500049003;0;7;0;0;2;5;0;B01
201500049004;0;7;0;0;0;1;0;A01
201500049005;0;7;0;4;0;1;0;A01
201500049006;0;7;0;4;2;4;0;B01
201500049006;0;7;0;0;0;4;0;D01
201500049006;0;7;0;4;0;1;0;E01
201500049006;0;10;0;0;0;1;0;C01
201500049006;0;7;0;0;0;4;0;A01
201500049007;0;17;0;0;2;2;1;B01
201500049007;0;7;0;0;0;3;0;A01
201500049008;0;7;0;0;0;0;0;B01
201500049008;0;32;0;0;0;7;21;A01
201500049009;0;7;0;0;0;3;0;B01
201500049009;0;7;0;0;2;2;0;A01
201500049010;0;7;0;0;2;4;0;C01
201500049010;0;7;0;0;2;4;0;B01
201500049010;0;7;0;0;2;1;0;A01
201500049011;0;7;0;0;0;0;0;B01
201500049011;0;7;0;0;0;1;0;A01
201500049012;0;33;0;0;0;8;1;A01
201500049012;1;7;0;0;0;0;9;Z01
201500049013;0;7;0;6;0;3;2;A01
201500049014;0;7;0;0;2;1;0;B01
201500049014;0;32;0;0;2;8;0;A01
201500049015;0;7;0;0;2;1;0;A01
201500049015;0;10;0;0;2;4;0;C01
201500049015;0;7;0;0;2;4;0;B01
201500049016;0;7;0;0;0;1;0;A01
201500049016;0;7;0;0;2;1;0;B01
201500049017;0;7;0;0;2;0;1;C01
201500049017;0;7;0;0;2;4;1;B01
201500049017;0;10;0;0;2;1;1;A01
201500049018;0;10;0;0;2;1;0;A01
201500049018;0;7;0;0;2;4;0;B01
201500049018;0;7;0;0;2;4;0;C01
201500049019;0;7;0;4;0;8;2;A01
201500049020;0;7;0;0;0;4;0;B01
201500049020;0;7;0;0;2;1;0;A01
201500049021;0;7;0;0;0;0;0;A01
201500049021;0;10;0;0;0;1;0;C01
201500049021;0;7;0;0;2;0;0;B01
201500049022;0;7;0;0;2;1;0;A01
201500049022;1;15;0;0;0;0;0;Z01
201500049023;0;33;0;0;2;1;1;A01
201500049023;0;10;0;0;2;4;1;B01
201500049024;0;7;0;0;2;1;1;B01
201500049024;0;7;0;0;2;3;9;A01
201500049025;0;33;0;0;0;0;0;A01
201500049026;0;7;0;0;0;8;1;B01
201500049026;0;15;0;0;2;2;0;A01
201500049027;0;7;0;0;0;6;2;B01
201500049027;0;17;0;0;2;2;2;A01
201500049028;0;7;0;0;2;2;1;C01
201500049028;0;7;0;0;2;1;9;A01
201500049028;0;14;0;0;2;8;1;B01
201500049029;0;7;0;0;0;4;11;B01
201500049029;0;7;0;0;2;1;2;A01
201500049030;0;7;0;0;0;1;2;A01
201500049031;0;10;0;0;2;1;1;B01
201500049031;0;7;0;0;2;7;1;D01
201500049031;0;10;0;0;2;2;1;A01
201500049031;0;7;0;0;2;4;2;C01
201500049032;0;7;0;0;2;1;0;A01
201500049032;0;7;0;0;0;4;0;B01
201500049033;0;7;0;0;0;1;0;B01
201500049033;0;7;0;0;0;1;0;A01
201500049034;0;7;0;4;0;3;1;A01
201500049035;0;15;0;0;0;4;0;B01
201500049035;0;7;0;0;0;1;0;C01
201500049035;0;10;0;0;0;1;0;D01
201500049035;0;15;0;0;0;4;0;A01
201500049036;0;15;0;0;0;0;0;A01
201500049036;0;7;0;0;0;4;0;C01
201500049036;0;7;0;0;0;4;0;E01
201500049036;0;7;0;0;0;1;0;D01
201500049036;0;7;0;0;0;7;0;B01
201500049037;0;7;0;0;2;1;0;A01
201500049037;0;7;0;0;0;4;0;B01
201500049038;0;10;0;0;2;2;0;C01
201500049038;0;33;0;0;2;8;0;B01
201500049038;0;7;0;0;0;0;0;A01
201500049039;0;10;0;0;2;1;0;A01
201500049039;0;7;0;0;0;4;0;B01
201500049040;0;31;0;0;0;0;0;A01
201500049040;0;10;0;0;0;5;0;B01
201500049041;1;15;0;0;0;0;0;Z01
201500049041;0;7;0;0;0;1;0;A01
201500049042;0;7;0;0;2;1;1;B01
201500049042;0;7;0;0;2;4;0;E01
201500049042;0;7;0;0;2;1;1;A01
201500049042;0;33;0;0;2;4;1;F02
201500049042;0;7;0;0;2;4;2;C01
201500049042;0;7;0;3;2;4;1;D01
201500049043;0;33;0;0;0;0;0;A01
201500049044;0;10;0;0;2;1;0;A01
201500049044;0;7;0;0;0;4;0;B01
201500049045;0;15;0;0;0;7;0;A01
201500049045;0;7;0;0;0;0;0;B01
201500049046;0;10;0;0;2;1;2;A01
201500049046;0;7;0;0;0;4;1;B01
201500049047;0;7;0;0;2;0;0;A01
201500049047;0;33;0;0;2;2;3;B01
201500049048;0;7;0;0;0;6;0;B01
201500049048;0;33;0;0;2;7;0;A01
201500049049;0;7;0;0;0;4;0;B01
201500049049;0;31;0;0;2;1;0;A01
201500049050;0;7;0;0;2;4;0;B01
201500049050;0;7;0;0;2;1;0;A01
201500049050;0;7;0;0;0;4;0;D01
201500049050;0;7;0;0;2;4;0;C01
201500049051;0;7;0;3;0;3;0;A01
201500049052;0;7;0;3;0;2;1;A01
201500049053;0;7;0;15;0;2;0;A01
201500049054;0;7;0;0;0;1;2;A01
201500049055;0;7;0;13;0;1;0;A01
201500049056;0;15;0;0;2;2;12;A01
201500049056;0;7;0;0;2;2;1;B01
201500049057;0;7;0;3;2;6;1;B01
201500049057;0;15;0;0;2;1;0;A01
201500049058;0;33;0;0;0;9;0;A01
201500049058;1;7;0;0;0;0;0;Z01
201500049059;0;7;0;0;2;1;1;A01
201500049059;0;33;0;0;2;4;1;B01
201500049060;0;7;0;0;0;2;0;A01
201500049060;0;7;0;0;0;8;13;B01
201500049061;0;10;0;0;2;3;1;A01
201500049061;0;7;0;0;2;1;1;D01
201500049061;0;7;0;0;2;7;1;B01
201500049061;0;7;0;0;2;4;1;C01
201500049062;0;7;0;0;2;6;1;F02
201500049062;0;7;0;0;2;1;1;A01
201500049062;0;7;0;0;0;8;0;C01
201500049062;0;7;0;0;2;4;1;B01
201500049062;0;7;0;0;2;1;1;E01
201500049062;0;7;0;0;0;8;1;D01
201500049063;0;33;0;0;0;7;0;A01
201500049064;0;7;0;6;0;1;14;A01
201500049064;0;7;0;0;0;4;23;B01
201500049065;0;7;0;0;2;0;1;A01
201500049065;0;7;0;0;0;4;2;B01
201500049066;0;7;0;4;0;3;2;A01
201500049067;0;7;0;0;2;1;0;A01
201500049067;0;7;0;0;0;4;0;B01
201500049068;0;14;0;0;2;2;0;A01
201500049068;0;7;0;0;0;8;1;B01
201500049069;0;7;0;3;2;4;0;B01
201500049069;0;7;0;0;2;1;0;A01
201500049069;0;7;0;0;0;4;0;C01
201500049070;0;7;0;0;2;0;14;A01
201500049070;0;15;0;0;0;3;1;B01
201500049071;0;15;0;0;0;4;2;B01
201500049071;0;15;0;0;2;1;1;A01
201500049072;0;7;0;4;0;0;1;B01
201500049072;0;15;0;0;2;2;12;A01
201500049073;0;7;0;0;2;4;0;C01
201500049073;0;7;0;0;2;2;0;B01
201500049073;0;7;0;0;0;6;0;A01
201500049074;0;10;0;0;2;4;1;D01
201500049074;0;7;0;0;2;4;1;B01
201500049074;0;10;0;0;2;4;1;C01
201500049074;0;7;0;0;2;1;0;A01
201500049075;0;7;0;3;0;1;1;A01
201500049076;0;15;0;0;2;3;24;B01
201500049076;0;7;0;0;2;1;14;A01
201500049077;0;33;0;0;0;8;2;A01
201500049078;0;7;0;0;2;7;0;B01
201500049078;0;33;0;0;2;1;0;A01
201500049079;0;33;0;0;0;8;0;A01
201500049080;0;10;0;0;0;8;0;C01
201500049080;0;7;0;0;2;4;2;B01
201500049080;0;7;0;0;2;1;2;A01
201500049081;0;33;0;0;0;7;0;B01
201500049081;0;7;0;0;0;2;0;A01
201500049082;0;7;0;0;0;0;0;A01
201500049082;0;7;0;0;0;4;0;B01
201500049083;0;7;0;0;2;4;2;B01
201500049083;0;7;0;0;2;1;2;A01
201500049083;0;7;0;0;0;4;2;C01
201500049084;0;7;0;0;0;2;0;A01
201500049084;0;7;0;0;0;4;0;B01
201500049085;0;7;0;0;0;8;0;B01
201500049085;0;17;0;0;2;2;14;A01
201500049086;0;7;0;0;2;1;2;A01
201500049086;0;7;0;3;2;4;1;B01
201500049087;0;7;0;3;0;5;0;B01
201500049087;0;7;0;0;2;2;0;C01
201500049087;0;7;0;0;0;1;0;A01
201500049088;0;7;0;4;0;0;0;B01
201500049088;0;15;0;0;0;3;0;A01
201500049089;0;33;0;0;2;8;1;B01
201500049089;0;7;0;0;2;8;12;A01
201500049090;0;33;0;0;2;0;1;B01
201500049090;0;7;0;0;2;2;0;A01
201500049091;0;7;0;0;1;3;15;A01
201500049092;0;7;0;0;2;2;0;B01
201500049092;0;38;0;0;0;6;0;A01
201500049093;0;10;0;0;2;1;2;A01
201500049093;0;7;0;0;2;4;2;C01
201500049093;0;7;0;0;2;4;2;B01
201500049094;0;7;0;3;2;4;1;B01
201500049094;0;7;0;0;2;1;2;A01
201500049095;0;7;0;0;2;1;1;B01
201500049095;0;7;0;4;2;1;5;A01
201500049095;0;15;0;0;2;8;1;D01
201500049095;0;7;0;0;2;7;12;C01
201500049096;0;7;0;3;2;8;0;A01
201500049096;0;17;0;0;2;2;0;B01
201500049097;0;7;0;0;2;4;2;B01
201500049097;0;7;0;0;2;3;2;A01
201500049098;0;7;0;0;0;1;2;A01
201500049099;0;7;0;0;2;0;0;A01
201500049099;0;7;0;0;2;4;0;B01
201500049100;0;7;0;0;2;5;2;C01
201500049100;0;33;0;0;2;2;3;B01
201500049100;0;7;0;0;2;3;11;A01
201500049101;0;10;0;0;2;4;2;B01
201500049101;0;7;0;0;2;1;2;A01
201500049102;0;7;0;0;2;1;0;C01
201500049102;0;7;0;0;2;1;0;A01
201500049102;0;7;0;0;2;4;0;B01
201500049103;0;15;0;0;0;0;0;C01
201500049103;0;7;0;0;2;1;0;A01
201500049103;0;7;0;0;2;2;0;B01
201500049104;0;7;0;0;0;3;1;D01
201500049104;0;7;0;0;2;5;0;A01
201500049104;0;7;0;0;2;6;0;C01
201500049104;0;33;0;0;2;8;0;B01
201500049105;0;7;0;3;0;0;0;A01
201500049105;0;7;0;0;0;0;0;C01
201500049105;0;37;4;0;0;8;0;B01
201500049106;0;7;0;0;0;0;0;A01
201500049106;0;15;0;0;0;4;0;B01
201500049107;0;10;0;0;2;0;0;A01
201500049107;0;7;0;0;0;4;0;B01
201500049107;0;7;0;0;0;5;0;C01
201500049107;0;7;0;0;0;4;0;D01
201500049108;0;7;0;0;2;1;1;A01
201500049109;0;7;0;0;0;4;2;D01
201500049109;0;10;0;0;2;1;2;A01
201500049109;0;7;0;0;2;4;2;C01
201500049109;0;7;0;0;2;1;2;B01
201500049110;0;33;0;0;2;7;0;A01
201500049110;0;7;0;0;0;6;0;B01
201500049111;0;7;0;0;0;8;0;B01
201500049111;0;15;0;0;2;2;0;A01
201500049112;0;7;0;0;0;4;0;C01
201500049112;0;7;0;0;0;1;0;A01
201500049112;0;7;0;0;0;1;0;B01
201500049113;0;7;0;0;0;6;0;B01
201500049113;0;33;0;0;2;1;0;A01
201500049114;0;7;0;0;0;4;2;C01
201500049114;0;7;0;0;2;1;2;A01
201500049114;0;7;0;0;2;4;2;B01
201500049115;0;15;0;0;0;2;0;A01
201500049115;0;7;0;0;0;3;0;B01
201500049116;0;7;0;0;0;4;0;B01
201500049116;0;7;0;0;0;1;0;A01
201500049117;0;7;0;0;2;4;2;C01
201500049117;0;7;0;0;2;1;2;A01
201500049117;0;7;0;0;2;4;2;B01
201500049118;0;31;0;0;2;8;3;A01
201500049118;0;7;0;0;2;4;2;C01
201500049118;0;7;0;0;2;2;12;B01
201500049119;0;7;0;0;2;4;2;D01
201500049119;0;7;0;0;2;4;2;C01
201500049119;0;7;0;0;2;1;1;A01
201500049119;0;7;0;0;2;1;2;B01
201500049120;0;7;0;0;2;4;2;C01
201500049120;0;7;0;0;2;1;2;A01
201500049120;0;7;0;0;2;4;2;B01
201500049121;0;15;0;0;2;4;0;C01
201500049121;0;7;0;0;0;1;0;B01
201500049121;0;14;0;0;0;0;0;A01
201500049122;0;7;0;4;0;8;1;A01
201500049123;0;17;0;0;2;2;1;A01
201500049123;0;7;0;0;2;8;9;B01
201500049124;0;7;0;0;2;4;1;B01
201500049124;0;7;0;0;2;4;1;C01
201500049124;0;7;0;0;2;1;1;A01
201500049125;0;7;0;3;0;1;0;A01
201500049126;0;7;0;0;2;4;2;B01
201500049126;0;17;0;0;2;4;2;C01
201500049126;0;17;0;0;2;1;2;A01
201500049127;0;7;0;0;2;4;1;C01
201500049127;0;7;0;0;2;8;1;B01
201500049127;0;33;0;0;2;8;3;A01
201500049128;0;7;0;0;2;4;1;C01
201500049128;0;7;0;0;2;1;2;A01
201500049128;0;7;0;0;2;4;2;B01
201500049129;0;7;0;0;2;0;0;C01
201500049129;0;7;0;0;2;6;2;B01
201500049129;0;14;0;0;2;2;12;A01
201500049130;0;7;0;0;2;6;12;A01
201500049130;0;33;0;0;2;7;3;B01
201500049131;0;7;0;0;2;3;1;C01
201500049131;0;7;0;0;2;1;1;D01
201500049131;0;7;0;0;2;3;1;B01
201500049131;0;7;0;4;2;1;9;A01
201500049132;0;7;0;5;0;1;14;A01
201500049133;0;7;0;0;2;0;1;A01
201500049133;0;33;0;0;9;1;2;B01
201500049134;0;10;0;0;2;4;2;B01
201500049134;0;10;0;0;9;1;17;C01
201500049134;0;10;0;0;2;1;1;A01
201500049135;0;33;0;0;0;7;2;A01
201500049136;0;10;0;0;0;4;0;B01
201500049136;0;7;0;0;2;2;0;A01
201500049137;0;7;0;0;2;2;9;A01
201500049137;0;7;0;0;2;7;2;B01
201500049138;0;7;0;0;2;4;9;A01
201500049138;0;33;0;0;2;1;1;B01
201500049139;0;15;0;0;2;2;2;B01
201500049139;0;7;0;0;2;8;2;A01
201500049140;0;7;0;0;2;2;12;A01
201500049140;0;7;0;0;2;3;2;B01
201500049141;0;31;0;0;0;8;2;A01
201500049142;0;7;0;3;2;4;2;B01
201500049142;0;15;0;0;2;2;2;A01
201500049143;0;7;0;0;0;0;2;A01
201500049144;0;7;0;0;0;4;2;C01
201500049144;0;7;0;0;2;4;2;B01
201500049144;0;17;0;0;2;1;2;A01
201500049144;0;7;0;0;0;4;0;D01
201500049145;0;33;0;0;0;1;0;A01
201500049146;0;33;0;3;0;7;1;A01
201500049147;0;33;0;0;2;2;3;B01
201500049147;0;10;0;0;2;8;11;A01
201500049148;0;7;0;4;0;1;12;A01
201500049149;0;7;0;4;0;8;2;A01
201500049150;0;7;0;4;0;1;2;A01
201500049151;0;10;0;0;2;1;12;A01
201500049151;0;15;0;0;2;4;2;B01
201500049152;0;7;0;0;2;1;2;A01
201500049152;0;7;0;0;0;5;2;B01
201500049153;0;10;0;0;2;4;2;B01
201500049153;0;15;0;0;2;1;2;A01
201500049154;0;14;0;0;2;2;2;C01
201500049154;0;7;0;0;2;1;9;A01
201500049154;0;7;0;0;2;4;2;B01
201500049155;0;7;0;0;2;5;2;B01
201500049155;0;31;0;0;2;1;2;A01
201500049156;2;7;0;0;2;1;1;A01
201500049156;0;7;0;0;2;4;2;B01
201500049156;0;7;0;0;2;4;2;C01
201500049157;0;7;0;3;0;2;1;A01
201500049158;0;7;0;4;0;3;1;A01
201500049159;0;15;0;0;2;7;12;A01
201500049159;0;7;0;4;2;3;2;B01
201500049160;0;15;0;0;2;2;12;A01
201500049160;0;7;0;0;2;1;2;C01
201500049160;0;7;0;4;2;4;2;B01
201500049161;0;7;0;0;2;7;12;Z01
201500049161;0;7;0;0;2;8;2;A01
201500049162;0;7;0;0;2;5;2;A01
201500049162;0;7;0;0;2;2;2;C01
201500049162;0;7;0;0;2;1;0;B01
201500049163;0;7;0;0;2;4;2;B01
201500049163;0;10;0;0;2;1;2;A01
201500049164;0;7;0;0;2;1;2;A01
201500049164;0;7;0;0;2;4;2;B01
201500049164;0;10;0;0;2;4;2;C01
201500049165;0;7;0;0;2;1;2;A01
201500049165;0;7;0;0;2;4;2;B01
201500049166;0;7;0;0;2;3;1;C01
201500049166;0;7;0;0;2;3;2;A01
201500049166;0;7;0;0;2;4;2;B01
201500049167;0;15;0;0;2;1;2;A01
201500049167;0;14;0;0;2;4;2;B01
201500049168;0;7;0;0;2;6;11;B01
201500049168;0;33;0;0;2;1;3;A01
201500049169;0;7;0;3;2;4;2;B01
201500049169;0;15;0;0;2;1;2;A01
201500049170;0;7;0;3;2;1;1;A01
201500049170;0;7;0;0;2;4;2;B01
201500049171;0;7;0;3;0;3;2;A01
201500049172;0;7;0;0;2;4;2;B01
201500049172;0;31;0;0;2;1;2;A01
201500049173;0;7;0;6;0;4;0;A01
201500049173;0;15;0;0;0;2;0;B01
201500049174;0;10;0;3;2;1;2;B01
201500049174;0;7;0;4;2;6;2;A01
201500049174;0;7;0;0;2;1;2;C01
201500049175;0;7;0;0;2;4;2;C01
201500049175;0;14;0;0;2;1;2;A01
201500049175;0;7;0;0;2;4;2;B01
201500049176;0;33;0;0;0;1;1;A01
201500049177;0;7;0;0;2;8;2;B01
201500049177;0;15;0;0;2;1;12;A01
201500049178;0;33;0;4;0;1;1;A01
201500049179;0;7;0;0;2;4;2;B01
201500049179;0;7;0;0;2;6;2;D01
201500049179;0;7;0;0;2;1;2;A01
201500049179;0;7;0;0;2;4;2;C01
201500049180;0;33;0;0;0;0;2;A01
201500049180;0;10;0;0;0;0;2;B01
201500049181;0;7;0;4;2;4;2;C01
201500049181;0;15;0;0;2;2;12;A01
201500049181;0;7;0;0;2;8;2;B01