num_acc;senc;catv;occutc;obs;obsm;choc;manv;num_veh
201500049182;0;7;0;0;2;4;2;B01
201500049182;0;10;0;0;2;1;2;A01
201500049183;0;7;0;0;2;4;2;D01
201500049183;0;7;0;0;2;1;2;C01
201500049183;0;7;0;0;2;1;2;A01
201500049183;0;7;0;0;2;4;2;B01
201500049184;0;33;0;0;2;2;3;A01
201500049184;0;7;0;0;2;8;2;B01
201500049185;0;7;0;0;2;4;2;B01
201500049185;0;15;0;0;2;1;2;A01
201500049186;0;33;0;3;2;7;2;B01
201500049186;0;7;0;0;2;8;9;A01
201500049187;0;1;0;0;0;0;0;B01
201500049187;0;1;0;0;9;1;1;A01
201500049188;0;33;0;0;2;1;3;A01
201500049188;0;7;0;0;2;5;2;B01
201500049189;0;7;0;0;2;1;2;A01
201500049189;0;7;0;0;2;4;2;B01
201500049190;0;7;0;0;2;4;2;B01
201500049190;0;7;0;0;2;1;2;C01
201500049190;0;7;0;0;2;1;2;E01
201500049190;0;7;0;0;2;4;2;A01
201500049190;0;7;0;0;2;1;2;F02
201500049190;0;7;0;0;2;1;2;D01
201500049191;0;14;0;0;2;7;9;A01
201500049191;0;7;0;0;2;6;2;B01
201500049192;0;7;0;0;2;4;2;D01
201500049192;0;7;0;0;2;4;2;B01
201500049192;0;7;0;0;2;4;2;C01
201500049192;0;10;0;0;2;1;2;A01
201500049193;0;7;0;0;2;4;2;B01
201500049193;0;7;0;0;2;1;2;A01
201500049193;0;7;0;0;2;4;2;C01
201500049194;0;7;0;13;0;1;0;A01
201500049195;0;33;0;0;2;1;2;A01
201500049195;0;7;0;0;2;4;2;B01
201500049196;0;7;0;0;2;4;2;C01
201500049196;0;7;0;0;2;4;2;B01
201500049196;0;7;0;0;2;1;2;A01
201500049197;0;31;0;0;0;0;1;A01
201500049198;0;7;0;0;2;6;0;C01
201500049198;0;10;0;0;0;4;0;B01
201500049198;0;7;0;4;2;3;0;A01
201500049199;0;33;0;0;0;0;0;B01
201500049199;0;7;0;0;0;0;0;Z01
201500049200;0;7;0;0;0;8;0;B01
201500049200;1;7;0;0;2;1;0;Z01
201500049201;0;7;0;4;0;7;0;B01
201500049201;0;7;0;0;2;1;0;C01
201500049201;0;7;0;3;0;1;0;A01
201500049202;0;7;0;3;0;1;1;A01
201500049203;0;7;0;0;2;4;2;E01
201500049203;0;7;0;0;2;1;2;A01
201500049203;0;7;0;0;2;1;2;D01
201500049203;0;7;0;0;2;2;2;C01
201500049203;0;7;0;0;2;4;2;B01
201500049204;0;7;0;0;2;5;2;C01
201500049204;0;7;0;0;2;3;11;A01
201500049204;0;33;0;0;2;7;3;B01
201500049205;0;15;0;0;2;2;2;A01
201500049205;0;7;0;0;0;3;0;C01
201500049205;0;7;0;0;0;4;0;B01
201500049206;0;10;0;0;2;1;2;A01
201500049206;0;10;0;0;2;4;2;B01
201500049207;0;7;0;0;2;4;2;B01
201500049207;0;7;0;0;2;4;2;C01
201500049207;0;7;0;0;2;1;2;A01
201500049208;0;7;0;3;0;1;1;A01
201500049209;0;7;0;0;2;2;11;B01
201500049209;0;7;0;0;2;6;11;A01
201500049210;0;7;0;0;2;4;2;B01
201500049210;0;7;0;0;2;1;2;A01
201500049211;0;7;0;0;2;3;1;C01
201500049211;0;7;0;0;2;1;2;B01
201500049211;0;14;0;0;2;1;12;A01
201500049212;1;7;0;0;0;0;0;Z01
201500049212;0;7;0;0;0;5;0;C01
201500049212;0;33;0;0;0;8;0;B01
201500049213;0;33;0;0;2;8;2;A01
201500049213;0;7;0;0;2;6;11;B01
201500049214;0;7;0;4;2;1;9;A01
201500049214;0;15;0;0;2;2;12;B01
201500049215;0;10;0;0;2;4;2;B01
201500049215;0;7;0;3;2;1;2;A01
201500049216;0;33;0;0;0;7;2;A01
201500049217;0;15;0;3;0;7;1;A01
201500049218;0;10;0;0;0;0;2;A01
201500049218;0;7;0;0;0;0;2;B01
201500049219;0;31;0;0;2;2;3;B01
201500049219;0;7;0;0;2;8;11;A01
201500049220;0;33;0;0;2;2;3;B01
201500049220;0;7;0;0;2;6;11;A01
201500049221;0;31;0;0;0;0;2;A01
201500049222;0;7;0;0;2;2;2;A01
201500049222;0;17;0;0;2;3;11;B01
201500049223;0;7;0;3;0;1;2;A01
201500049224;0;7;0;3;0;1;2;A01
201500049225;0;7;0;4;0;1;2;A01
201500049226;0;7;0;0;2;4;2;B01
201500049226;0;7;0;0;2;1;2;A01
201500049227;0;7;0;0;0;4;0;B01
201500049227;0;7;0;0;2;3;0;C01
201500049227;0;17;0;0;0;1;0;A01
201500049228;0;7;0;0;2;2;0;A01
201500049228;0;10;0;0;0;0;0;B01
201500049229;0;10;0;0;2;1;0;B01
201500049229;0;7;0;0;2;8;0;A01
201500049230;0;15;0;0;2;2;12;B01
201500049230;0;7;0;3;2;8;2;A01
201500049231;0;7;0;0;2;5;2;A01
201500049231;0;15;0;0;2;3;11;B01
201500049232;0;33;0;0;2;3;3;B01
201500049232;0;7;0;0;2;5;12;A01
201500049233;0;7;0;0;2;8;2;C01
201500049233;0;7;0;0;2;1;2;A01
201500049233;0;7;0;0;2;7;2;D01
201500049233;0;15;0;0;2;3;2;E01
201500049233;0;7;0;0;2;5;2;B02
201500049233;0;15;0;0;2;4;2;F01
201500049234;0;7;0;0;2;5;12;B01
201500049234;0;33;0;0;2;3;3;A01
201500049235;0;7;0;4;2;1;1;E01
201500049235;0;7;0;0;2;4;1;D01
201500049235;0;7;0;0;0;0;1;A01
201500049235;0;7;0;0;9;8;1;C01
201500049235;0;7;0;0;9;3;0;B01
201500049236;0;7;0;0;2;7;12;B01
201500049236;0;7;0;0;2;6;2;C01
201500049236;0;33;0;0;2;8;3;A01
201500049237;0;7;0;0;2;7;2;B01
201500049237;0;33;0;0;2;3;3;A01
201500049238;0;7;0;7;0;2;1;A01
201500049239;0;7;0;0;2;4;1;C01
201500049239;0;7;0;0;2;8;0;A01
201500049239;0;33;0;0;2;1;1;B01
201500049240;0;33;0;0;2;7;2;B01
201500049240;0;7;0;0;2;8;11;A01
201500049241;0;7;0;0;2;4;2;D01
201500049241;0;7;0;0;2;4;2;C01
201500049241;0;7;0;0;2;4;2;B01
201500049241;0;10;0;0;2;1;2;A01
201500049242;0;7;0;0;2;4;2;B01
201500049242;0;7;0;0;2;1;2;A01
201500049243;0;31;0;0;2;3;2;B01
201500049243;1;7;0;0;2;0;12;A01
201500049244;0;7;0;0;0;0;1;A01
201500049245;0;15;0;0;2;6;0;B01
201500049245;0;7;0;0;2;2;2;A01
201500049246;0;7;0;0;2;6;2;D01
201500049246;0;7;0;0;2;1;2;E01
201500049246;0;7;0;0;2;6;2;B01
201500049246;0;7;0;0;2;1;2;A01
201500049246;0;32;0;0;2;1;2;C01
201500049247;0;33;0;3;2;8;2;A01
201500049247;0;7;0;0;9;0;2;C01
201500049247;0;7;0;0;2;2;2;D01
201500049247;0;7;0;0;2;4;2;B01
201500049248;0;7;0;4;0;7;2;A01
201500049249;0;7;0;0;2;1;2;A01
201500049249;0;7;0;0;2;4;2;B01
201500049250;0;14;0;0;2;1;2;A01
201500049250;0;7;0;0;2;4;2;B01
201500049251;0;7;0;0;2;4;2;B01
201500049251;0;7;0;0;2;4;2;E01
201500049251;0;7;0;0;2;4;2;D01
201500049251;0;7;0;0;2;4;2;C01
201500049251;0;7;0;0;2;1;2;A01
201500049252;0;7;0;0;2;4;2;A01
201500049252;1;7;0;0;2;1;2;B01
201500049253;0;7;0;0;2;1;2;A01
201500049253;0;7;0;0;2;4;2;B01
201500049253;0;7;0;0;2;4;2;C01
201500049253;0;7;0;0;2;4;2;D01
201500049254;0;7;0;0;2;1;2;A01
201500049254;0;7;0;0;2;4;2;B01
201500049255;0;7;0;0;2;4;2;C01
201500049255;0;15;0;0;2;1;2;A01
201500049255;0;7;0;0;2;4;2;D01
201500049255;0;7;0;0;2;4;2;B01
201500049256;0;15;0;0;2;2;12;A01
201500049256;0;7;0;0;2;8;2;B01
201500049257;0;7;0;0;2;4;2;C01
201500049257;0;7;0;0;2;4;2;B01
201500049258;0;7;0;0;2;1;2;A01
201500049259;0;7;0;0;1;3;0;A01
201500049260;0;7;0;1;0;1;5;A01
201500049261;0;7;0;0;2;1;15;A01
201500049261;0;31;0;0;2;1;1;B01
201500049262;0;7;0;0;9;7;15;A01
201500049262;0;1;0;0;2;1;5;B01
201500049263;0;7;0;0;1;1;1;A01
201500049264;0;7;0;6;2;6;10;A01
201500049264;0;7;0;0;0;1;1;B01
201500049265;1;7;0;0;1;0;0;Z01
201500049266;0;7;0;0;2;1;2;A01
201500049266;0;7;0;0;0;4;9;B01
201500049267;0;7;0;6;0;1;9;A01
201500049268;0;33;0;0;0;2;15;A01
201500049269;0;30;0;0;2;1;17;A01
201500049269;0;7;0;0;2;3;15;B01
201500049270;0;7;0;0;2;2;10;A01
201500049270;0;1;0;0;2;1;1;B01
201500049271;0;7;0;0;2;1;5;A01
201500049271;0;7;0;0;2;1;1;B01
201500049272;0;10;0;0;1;2;17;A01
201500049273;0;33;0;15;1;3;21;A01
201500049273;0;7;0;0;2;3;1;B01
201500049274;0;7;0;0;2;2;15;A01
201500049274;0;7;0;0;0;3;1;B01
201500049275;0;7;0;0;2;2;1;A01
201500049275;0;7;0;0;2;3;1;B01
201500049276;0;7;0;0;2;8;2;A01
201500049276;0;7;0;0;2;2;0;B01
201500049277;0;10;0;4;0;1;1;A01
201500049277;0;7;0;4;2;1;1;B01
201500049278;0;7;0;3;0;6;1;A01
201500049278;0;17;0;0;2;2;12;B01
201500049279;0;7;0;0;2;1;2;C01
201500049279;0;7;0;0;2;1;2;B01
201500049279;0;7;0;0;2;4;2;A01
201500049280;0;7;0;3;0;8;1;A01
201500049280;0;15;0;0;2;2;12;B01
201500049280;0;7;0;0;2;3;1;C01
201500049281;0;7;0;0;2;0;23;A01
201500049281;0;17;0;0;2;4;23;B01
201500049281;0;7;0;1;0;1;1;C01
201500049282;0;7;0;0;2;6;17;A01
201500049282;0;15;0;0;2;0;12;B01
201500049283;0;7;0;0;0;0;23;A01
201500049283;0;10;0;0;2;4;23;B01
201500049283;0;7;0;0;2;4;23;C01
201500049283;0;7;0;0;2;1;2;D01
201500049284;0;7;0;0;0;8;23;A01
201500049284;0;33;0;0;2;4;1;B01
201500049284;0;7;0;0;2;3;1;C01
201500049285;0;10;0;0;0;6;23;A01
201500049285;0;7;0;1;0;2;1;B01
201500049286;0;7;0;7;0;3;16;A01
201500049287;0;7;0;0;2;4;2;A01
201500049287;0;7;0;0;2;1;2;B01
201500049287;0;7;0;0;2;1;2;C01
201500049288;0;10;0;0;2;4;23;A01
201500049288;0;7;0;0;2;6;1;B01
201500049288;0;7;0;0;2;4;1;C01
201500049288;0;7;0;0;2;4;1;D01
201500049288;0;7;0;0;2;1;1;E01
201500049289;0;7;0;0;2;5;0;A01
201500049289;0;33;0;0;2;1;0;B01
201500049290;0;7;0;0;2;5;0;A01
201500049290;0;34;0;0;2;0;0;B01
201500049291;0;7;0;0;2;4;1;A01
201500049291;0;7;0;0;2;3;11;B01
201500049291;0;31;0;0;2;2;3;C01
201500049292;0;7;0;0;2;4;2;A01
201500049292;0;7;0;0;2;1;2;B01
201500049293;0;7;0;4;0;2;1;A01
201500049294;0;7;0;0;2;8;1;A01
201500049294;0;17;0;0;2;2;12;B01
201500049295;0;13;0;0;2;6;2;A01
201500049295;0;7;0;0;2;2;11;B01
201500049295;0;15;0;0;2;7;1;C01
201500049296;0;10;0;0;0;4;2;A01
201500049296;0;7;0;0;2;4;2;B01
201500049296;0;17;0;0;2;1;2;C01
201500049297;0;7;0;3;0;6;1;A01
201500049297;0;15;0;0;2;2;12;B01
201500049298;0;7;0;3;0;3;13;A01
201500049299;0;7;0;0;2;5;2;A01
201500049299;0;7;0;0;2;3;2;B01
201500049300;0;7;0;0;2;5;2;C01
201500049300;0;7;0;0;2;3;1;B01
201500049300;0;7;0;0;2;6;1;A01
201500049300;0;7;0;0;2;3;2;D01
201500049301;0;7;0;0;2;4;23;C01
201500049301;0;7;0;0;2;1;23;B01
201500049301;0;7;0;0;2;4;23;A01
201500049301;0;7;0;0;2;1;2;D01
201500049302;0;7;0;0;2;3;9;A01
201500049302;0;13;0;0;2;2;1;B01
201500049303;0;7;0;0;2;4;1;A01
201500049303;0;7;0;0;2;1;2;B01
201500049304;0;7;0;3;2;6;1;A01
201500049304;0;14;0;0;2;2;12;B01
201500049304;0;7;0;0;2;1;1;C01
201500049305;0;7;0;0;2;4;2;A01
201500049305;0;7;0;0;2;1;2;B01
201500049306;0;7;0;13;0;1;9;A01
201500049307;0;7;0;0;2;8;1;A01
201500049307;0;20;0;0;2;2;12;B01
201500049308;0;7;0;0;2;0;0;B01
201500049308;0;7;0;0;2;0;0;A01
201500049309;0;7;0;0;2;1;2;C01
201500049309;0;7;0;0;2;4;2;A01
201500049309;0;7;0;0;2;4;2;B01
201500049310;0;7;0;0;2;1;2;B01
201500049310;0;10;0;0;2;4;2;A01
201500049311;0;7;0;5;0;3;1;A01
201500049312;0;15;0;0;2;2;1;B01
201500049312;0;7;0;0;2;3;11;A01
201500049313;0;7;0;0;2;4;2;A01
201500049313;1;7;0;0;2;1;2;Z01
201500049314;0;7;0;0;2;1;1;C01
201500049314;0;7;0;0;2;4;11;A01
201500049314;0;7;0;0;2;4;1;B01
201500049315;0;17;0;0;2;2;12;B01
201500049315;0;7;0;0;2;6;1;A01
201500049316;0;7;0;0;2;1;2;E01
201500049316;0;7;0;0;2;4;2;C01
201500049316;0;7;0;0;2;4;2;D01
201500049316;0;7;0;0;2;4;2;B01
201500049316;0;10;0;0;9;4;2;A01
201500049317;0;7;0;4;0;3;1;A01
201500049318;0;7;0;0;2;6;0;A01
201500049318;0;15;0;0;2;2;12;B01
201500049319;0;15;0;0;2;2;12;B01
201500049319;0;7;0;4;2;5;1;A01
201500049320;0;7;0;0;2;0;1;A01
201500049320;0;31;0;0;2;1;2;B01
201500049321;0;7;0;0;2;4;2;B01
201500049321;0;7;0;0;2;4;2;A01
201500049321;0;7;0;0;2;1;2;D01
201500049321;0;7;0;0;2;1;2;C01
201500049322;0;7;0;3;0;6;1;A01
201500049322;0;15;0;0;2;2;12;B01
201500049323;0;15;0;0;2;2;12;B01
201500049323;0;7;0;3;2;6;1;A01
201500049324;0;7;0;0;2;1;2;B01
201500049324;0;7;0;0;2;4;1;A01
201500049325;0;7;0;3;0;1;13;A01
201500049326;0;10;0;0;2;1;2;C01
201500049326;0;7;0;0;2;6;1;B01
201500049326;0;7;0;0;2;3;2;A01
201500049327;0;7;0;0;2;4;1;A01
201500049327;0;7;0;0;2;4;1;B01
201500049327;0;7;0;0;2;0;0;C01
201500049328;0;7;0;0;2;2;0;B01
201500049328;0;7;0;0;2;6;1;A01
201500049329;0;10;0;0;0;0;0;A01
201500049330;0;7;0;0;2;4;23;B01
201500049330;0;7;0;0;2;4;23;C01
201500049330;0;10;0;0;2;4;23;I02
201500049330;0;7;0;0;2;4;23;J02
201500049330;0;7;0;0;2;4;23;L03
201500049330;0;7;0;0;2;4;23;F02
201500049330;0;7;0;0;2;4;23;E01
201500049330;0;7;0;0;2;1;2;A01
201500049330;0;7;0;0;2;4;23;D01
201500049330;0;7;0;0;2;4;23;K03
201500049330;0;7;0;0;2;4;23;H02
201500049330;0;7;0;0;2;4;23;G02
201500049331;0;15;0;0;2;4;2;A01
201500049331;0;7;0;0;2;4;2;E02
201500049331;0;7;0;0;2;0;2;B01
201500049331;0;7;0;0;2;4;2;F01
201500049331;0;7;0;0;2;4;2;D01
201500049331;0;7;0;0;2;4;2;C01
201500049332;0;33;0;0;2;1;2;A01
201500049332;0;7;0;0;2;5;2;B01
201500049333;0;33;0;4;0;8;0;A01
201500049334;0;7;0;0;2;4;1;B01
201500049334;0;7;0;0;2;1;2;A01
201500049335;0;10;0;0;0;0;0;B01
201500049335;0;10;0;3;2;2;1;A01
201500049336;0;7;0;13;0;2;14;A01
201500049337;0;7;0;0;2;1;2;A01
201500049337;0;7;0;0;2;4;2;B01
201500049338;0;7;0;0;2;4;2;B01
201500049338;0;7;0;0;2;4;2;A01
201500049339;0;7;0;1;0;2;14;A01
201500049339;0;7;0;1;0;6;0;B01
201500049339;0;7;0;14;0;1;2;D01
201500049339;0;7;0;14;0;0;1;C01
201500049340;0;7;0;3;0;1;1;A01
201500049341;0;10;0;0;2;5;17;C01
201500049341;0;7;0;0;2;1;2;E01
201500049341;0;7;0;0;2;1;2;D01
201500049341;0;7;0;3;2;1;2;A01
201500049341;0;7;0;0;2;4;2;B01
201500049342;0;7;0;0;0;0;0;A01
201500049343;0;7;0;3;2;6;1;B01
201500049343;0;15;0;0;2;2;14;A01
201500049344;0;7;0;3;0;5;1;B01
201500049344;1;7;0;0;2;1;3;A01
201500049345;0;17;0;0;2;2;14;A01
201500049345;0;7;0;0;2;6;1;B01
201500049346;0;7;0;6;0;2;14;A01
201500049347;0;7;0;3;0;1;1;A01
201500049348;0;7;0;0;2;2;14;A01
201500049348;0;7;0;0;2;6;1;B01
201500049349;1;7;0;0;1;6;15;Z01
201500049350;0;7;0;15;0;1;14;A01
201500049351;0;15;0;0;2;0;2;A01
201500049351;0;7;0;0;2;6;1;B01
201500049352;0;7;0;0;2;4;2;A01
201500049352;0;7;0;0;2;4;2;B01
201500049353;0;10;0;0;9;3;1;A01
201500049354;0;17;0;0;2;1;2;A01
201500049354;0;7;0;0;2;4;2;B01
201500049355;2;10;0;0;2;4;2;Z01
201500049355;0;10;0;0;2;4;2;B01
201500049355;0;7;0;0;2;1;2;A01
201500049356;0;17;0;0;0;0;1;A01
201500049356;0;7;0;14;0;9;2;B01
201500049357;0;7;0;0;2;1;2;A01
201500049357;0;7;0;0;2;4;2;B01
201500049358;0;7;0;0;2;0;0;D01
201500049358;0;7;0;0;2;0;0;B01
201500049358;0;7;0;0;2;4;2;C01
201500049358;0;7;0;0;2;1;2;A01
201500049359;0;7;0;0;2;1;2;A01
201500049359;0;7;0;0;2;4;2;B01
201500049360;0;7;0;0;2;1;2;A01
201500049360;0;7;0;0;2;4;2;C01
201500049360;0;7;0;0;2;4;2;B01
201500049360;0;7;0;0;0;4;2;D01
201500049361;0;7;0;0;2;4;2;D01
201500049361;0;7;0;0;2;1;2;A01
201500049361;0;7;0;0;2;4;2;B01
201500049361;0;7;0;0;2;1;2;C01
201500049362;0;7;0;0;2;1;14;A01
201500049362;0;7;0;0;2;4;2;C01
201500049362;0;7;0;0;2;4;1;B01
201500049363;0;7;0;4;0;1;0;A01
201500049364;0;16;0;14;0;2;14;A01
201500049364;0;10;0;0;2;4;0;B01
201500049365;0;7;0;0;2;8;11;B01
201500049365;0;33;0;0;2;2;3;A01
201500049366;0;7;0;0;2;4;2;C01
201500049366;0;7;0;0;2;6;2;B01
201500049366;0;7;0;0;2;1;2;A01
201500049367;0;7;0;16;0;9;14;A01
201500049368;0;7;0;0;2;1;5;A01
201500049368;0;14;0;3;2;1;1;B01
201500049369;0;7;0;0;2;1;5;A01
201500049369;0;7;0;0;2;1;1;B01
201500049370;0;7;0;0;2;1;2;D01
201500049370;0;7;0;0;2;1;1;A01
201500049370;0;10;0;0;2;1;2;B01
201500049370;0;7;0;0;2;4;2;C01
201500049371;0;7;0;3;0;4;1;B01
201500049371;0;7;0;4;2;2;2;A01
201500049372;0;10;0;0;2;1;1;A01
201500049372;0;7;0;0;2;4;23;C01
201500049372;0;10;0;0;2;4;0;B01
201500049373;0;15;0;0;2;2;12;A01
201500049373;0;7;0;0;2;3;2;B01
201500049374;0;2;0;3;2;4;2;B01
201500049374;0;15;0;0;2;4;1;A01
201500049375;0;7;0;0;2;1;2;A01
201500049375;0;7;0;0;2;4;2;B01
201500049376;0;7;0;0;2;8;18;A01
201500049376;0;15;0;0;2;2;1;B01
201500049376;0;7;0;4;2;7;1;C01
201500049377;0;7;0;3;0;3;0;A01
201500049378;0;7;0;0;2;1;2;A01
201500049378;0;7;0;0;2;4;2;B01
201500049379;1;7;0;0;2;0;11;B01
201500049379;1;7;0;0;2;2;1;A01
201500049380;0;7;0;0;2;4;2;C01
201500049380;0;7;0;0;2;1;2;A01
201500049380;0;7;0;0;2;4;2;B01
201500049380;0;7;0;0;2;4;2;D01
201500049381;0;7;0;0;2;9;13;A01
201500049381;0;17;0;0;2;6;1;B01
201500049382;0;7;0;4;2;6;18;A01
201500049382;0;7;0;4;2;2;1;B01
201500049383;0;7;0;0;2;4;2;B01
201500049383;0;7;0;0;2;4;2;C01
201500049383;0;7;0;0;2;4;2;A01
201500049384;0;7;0;0;2;4;2;B01
201500049384;0;7;0;0;2;1;2;A01
201500049385;0;7;0;0;2;2;1;A01
201500049385;0;7;0;3;2;6;1;B01
201500049386;0;7;0;0;2;1;2;A01
201500049386;0;33;0;0;2;4;2;B01
201500049387;0;7;0;0;2;2;2;A01
201500049387;0;15;0;0;2;6;2;B01
201500049388;0;7;0;3;0;1;1;A01
201500049389;0;17;0;1;1;1;18;A01
201500049390;0;10;0;0;2;6;2;B01
201500049390;0;33;0;1;0;1;2;A01
201500049391;0;17;0;13;0;1;14;A01
201500049392;0;7;0;3;0;8;1;A01
201500049393;2;7;0;3;0;2;14;A01
201500049393;0;7;0;0;2;0;0;E01
201500049393;0;7;0;14;0;1;2;D01
201500049393;0;7;0;0;2;6;2;B01
201500049393;0;7;0;0;2;4;23;C01
201500049394;0;7;0;3;0;2;2;A01
201500049395;0;7;0;0;2;5;2;B01
201500049395;0;7;0;7;2;3;18;A01
201500049396;0;7;0;0;2;1;2;A01
201500049396;0;7;0;0;2;4;23;B01
201500049397;0;7;0;0;2;3;5;A01
201500049397;0;7;0;0;2;3;11;B01
201500049398;0;7;0;1;0;2;21;B01
201500049398;0;7;0;0;2;3;22;A01
201500049399;0;7;0;0;2;1;2;A01
201500049399;0;7;0;0;2;4;2;B01
201500049400;0;7;0;0;2;6;1;B01
201500049400;1;7;0;0;2;2;13;A01
201500049401;0;7;0;0;2;4;2;B01
201500049401;0;7;0;0;2;5;2;C01
201500049401;0;7;0;0;2;4;2;D01
201500049401;0;7;0;0;2;1;2;A01
201500049402;0;15;0;0;2;4;2;B01
201500049402;0;15;0;0;2;4;2;C01
201500049402;0;7;0;0;9;0;2;D01
201500049402;0;15;0;0;2;1;2;A01
201500049403;0;15;0;0;2;8;0;B01
201500049403;0;7;0;0;2;1;2;C01
201500049403;0;7;0;0;2;4;0;E01
201500049403;0;7;0;0;2;1;2;D01
201500049403;0;7;0;0;2;1;2;A01
201500049404;0;7;0;0;2;2;1;B01
201500049404;0;7;0;3;0;9;2;A01
201500049405;0;10;0;13;0;7;14;A01
201500049406;0;7;0;6;0;3;1;A01
201500049407;0;10;0;0;1;4;4;A01
201500049408;0;1;0;0;2;7;1;B01
201500049408;0;7;0;0;2;1;1;A01
201500049409;0;7;0;0;0;0;6;A01
201500049409;0;33;0;0;0;0;1;B01
201500049410;0;30;0;0;2;1;1;B01
201500049410;0;7;0;0;2;5;4;A01
201500049411;0;7;0;0;2;1;2;A01
201500049411;0;99;0;0;2;4;1;B01
201500049412;0;7;0;0;2;1;1;B01
201500049412;0;7;0;0;2;8;1;A01
201500049413;0;7;0;0;2;1;2;A01
201500049413;0;30;0;0;2;0;2;B01
201500049414;1;7;0;0;2;7;12;A01
201500049414;0;33;0;0;2;8;1;B01
201500049415;0;30;0;0;2;8;18;B01
201500049415;0;7;0;0;2;2;20;A01
201500049416;0;7;0;0;1;1;15;A01
201500049417;0;10;0;0;2;1;1;A01
201500049417;0;7;0;0;2;7;1;B01
201500049418;0;7;0;0;2;8;15;A01
201500049418;0;33;0;0;2;2;17;B01
201500049419;0;7;0;0;1;2;1;A01
201500049420;0;7;0;4;0;1;13;A01
201500049421;0;37;1;0;2;3;2;B01
201500049421;0;7;0;0;2;4;2;A01
201500049422;0;7;0;0;1;2;0;A01
201500049423;0;7;0;0;2;3;1;B01
201500049423;0;10;0;0;2;2;1;A01
201500049424;0;7;0;0;2;8;1;B01
201500049424;0;7;0;0;2;1;19;A01
201500049425;0;14;0;0;2;3;13;A01
201500049425;0;7;0;0;2;0;2;B01
201500049426;0;7;0;0;2;1;2;A01
201500049426;2;7;0;0;2;1;2;B01
201500049427;0;7;0;0;2;5;2;B01
201500049427;0;7;0;0;2;3;2;A01
201500049427;0;7;0;0;2;4;2;C01
201500049428;0;34;0;0;2;1;1;A01
201500049428;0;7;0;0;2;5;1;B01
201500049429;0;7;0;14;0;3;1;A01
201500049430;0;7;0;0;2;2;2;A01
201500049430;0;7;0;0;2;1;1;B01
201500049431;0;40;50;0;1;2;1;A01
201500049432;0;7;0;0;2;1;2;A01
201500049432;0;7;0;0;2;5;1;B01
201500049433;1;7;0;0;1;0;16;Z01
201500049434;0;1;0;0;2;7;1;A01
201500049434;0;7;0;0;2;3;1;B01
201500049435;0;10;0;0;4;8;15;A01
201500049435;0;40;30;0;2;1;1;B01
201500049436;0;7;0;0;2;4;2;B01
201500049436;0;7;0;0;2;1;2;A01
201500049437;0;1;0;0;1;4;2;A01
201500049438;0;7;0;0;1;1;1;A01
201500049439;0;30;0;0;2;8;1;A01
201500049439;1;99;0;0;2;0;15;Z01
201500049440;0;7;0;0;2;3;2;A01
201500049440;0;7;0;0;0;4;15;B01
201500049441;0;7;0;0;1;3;1;A01
201500049442;0;10;0;0;1;3;1;A01
201500049443;0;1;0;0;2;7;1;A01
201500049443;0;7;0;0;2;2;1;B01
201500049444;0;7;0;0;2;1;1;B01
201500049444;0;7;0;0;2;3;16;A01
201500049445;0;7;0;0;1;1;1;A01
201500049446;0;7;0;0;2;3;0;A01
201500049446;0;34;0;0;2;1;1;B01
201500049447;0;7;0;0;2;4;2;B01
201500049447;0;7;0;0;2;4;2;C01
201500049447;0;7;0;0;2;1;2;A01
201500049448;1;99;0;0;1;0;0;Z01
201500049449;0;7;0;0;2;6;3;A01
201500049449;0;7;0;0;2;2;3;B01
201500049450;0;7;0;0;1;1;2;A01
201500049451;0;7;0;0;2;6;15;B01
201500049451;0;10;0;0;2;1;2;A01
201500049452;0;30;0;0;2;1;2;A01
201500049452;0;7;0;0;0;4;2;B01
201500049453;0;7;0;0;1;2;2;A01
201500049454;0;7;0;0;1;0;0;A01
201500049455;0;7;0;0;2;6;1;B01
201500049455;0;7;0;0;2;1;0;A01
201500049456;0;7;0;0;1;7;1;A01
201500049457;0;7;0;0;0;8;2;A01
201500049457;0;33;0;0;2;7;16;B01
201500049458;0;7;0;0;2;1;1;A01
201500049458;0;7;0;0;2;4;2;B01
201500049458;0;7;0;0;2;4;23;C01
201500049459;0;37;2;0;2;2;21;A01
201500049459;0;7;0;0;2;4;4;B01
201500049460;0;1;0;0;2;1;5;A01
201500049460;0;7;0;0;2;7;0;B01
201500049461;0;7;0;0;2;1;2;A01
201500049461;0;7;0;0;2;4;2;B01
201500049462;0;30;0;0;2;1;1;B01
201500049462;0;7;0;0;2;3;15;A01
201500049463;0;10;0;0;1;4;4;A01
201500049464;0;7;0;0;1;0;0;A01
201500049465;0;7;0;0;2;7;15;A01
201500049465;1;7;0;0;0;0;15;Z01
201500049465;0;33;0;0;2;1;1;B01
201500049466;0;7;0;3;0;6;3;B01
201500049466;0;7;0;0;2;2;2;A01
201500049466;0;7;0;0;2;5;0;C01
201500049467;0;14;0;0;2;1;1;A01
201500049467;1;14;0;1;0;0;0;Z01
201500049467;0;15;0;0;2;4;0;C01
201500049467;0;15;0;0;2;4;1;B01
201500049468;0;7;0;0;2;1;1;A01
201500049468;0;7;0;0;2;1;1;B01
201500049469;0;33;0;0;2;4;1;B01
201500049469;0;7;0;0;2;1;9;A01
201500049470;0;7;0;3;0;3;2;A01
201500049471;0;7;0;6;0;7;2;A01
201500049472;0;7;0;3;0;4;2;B01
201500049472;0;7;0;0;2;0;2;A01