num_acc;senc;catv;occutc;obs;obsm;choc;manv;num_veh
201500049473;0;15;0;0;2;2;12;A01
201500049473;0;7;0;0;0;4;1;B01
201500049474;0;7;0;0;2;6;13;B01
201500049474;0;7;0;0;2;2;17;A01
201500049475;0;7;0;3;0;6;2;B01
201500049475;0;7;0;0;2;2;2;A01
201500049476;0;7;0;0;2;4;2;D01
201500049476;0;7;0;0;2;4;2;B01
201500049476;0;7;0;0;2;1;2;A01
201500049476;0;7;0;0;2;4;11;C01
201500049477;1;7;0;0;2;2;2;Z01
201500049477;0;7;0;4;0;6;1;B01
201500049478;0;33;0;0;2;1;2;A01
201500049478;0;10;0;0;0;4;2;B01
201500049479;0;10;0;0;2;2;2;A01
201500049479;0;10;0;0;2;4;2;B01
201500049479;1;7;0;0;2;0;0;Z01
201500049480;0;7;0;6;2;6;1;B01
201500049480;0;7;0;4;2;3;12;A01
201500049481;0;14;0;0;2;4;2;B01
201500049481;0;14;0;0;2;1;2;A01
201500049482;0;7;0;4;0;3;13;A01
201500049483;0;7;0;0;2;8;1;C01
201500049483;1;7;0;0;2;1;0;A01
201500049483;0;33;0;0;2;4;2;B01
201500049484;0;7;0;0;2;2;2;A01
201500049484;0;7;0;0;9;6;2;B01
201500049485;0;14;0;0;0;0;0;A01
201500049486;0;7;0;0;2;1;2;A01
201500049486;0;7;0;0;0;4;2;D01
201500049486;0;7;0;0;2;4;2;C01
201500049486;0;33;0;0;2;1;2;B01
201500049487;0;7;0;0;2;4;1;C01
201500049487;0;7;0;0;2;1;21;A01
201500049487;0;10;0;0;2;4;1;D01
201500049487;0;10;0;0;2;2;1;B01
201500049488;0;7;0;3;0;1;1;A01
201500049489;0;7;0;4;0;1;1;A01
201500049490;0;7;0;0;2;4;2;B01
201500049490;1;7;0;0;2;1;2;A01
201500049491;0;10;0;1;0;2;2;A01
201500049492;0;7;0;3;0;1;1;A01
201500049493;0;15;0;0;2;2;12;A01
201500049493;0;7;0;3;0;6;1;B01
201500049494;0;7;0;0;2;4;2;B01
201500049494;0;10;0;0;2;1;2;A01
201500049495;0;7;0;0;1;3;0;A01
201500049496;2;7;0;0;2;7;14;A01
201500049496;0;17;0;0;2;3;0;B01
201500049497;0;7;0;0;2;1;2;A01
201500049497;0;7;0;0;2;4;2;B01
201500049498;0;7;0;3;0;6;1;B01
201500049498;0;7;0;0;2;2;2;A01
201500049499;0;7;0;3;2;4;2;A01
201500049499;1;7;0;0;2;2;2;Z01
201500049500;0;7;0;0;2;2;2;A01
201500049500;0;7;0;0;2;6;2;B01
201500049501;0;7;0;0;2;1;2;A01
201500049501;0;7;0;0;2;1;2;B01
201500049501;0;7;0;0;9;4;23;C01
201500049502;0;32;0;14;0;6;2;B01
201500049502;1;17;0;0;2;2;2;Z01
201500049503;0;7;0;4;0;3;1;A01
201500049504;0;7;0;4;2;7;14;A01
201500049504;0;15;0;0;2;6;1;B01
201500049505;0;7;0;4;0;1;16;A01
201500049505;0;7;0;14;0;1;1;B01
201500049505;0;7;0;3;2;1;2;C01
201500049506;0;7;0;4;0;1;1;A01
201500049507;0;7;0;0;2;1;5;A01
201500049507;0;10;0;0;2;1;1;B01
201500049508;0;10;0;14;0;1;2;A01
201500049508;0;10;0;0;2;4;23;B01
201500049509;1;7;0;0;2;3;11;A01
201500049509;0;7;0;0;2;2;1;B01
201500049510;0;10;0;4;0;3;1;A01
201500049511;0;7;0;4;0;1;1;A01
201500049512;0;7;0;0;2;1;2;C01
201500049512;0;7;0;0;0;4;1;B01
201500049512;0;7;0;0;2;0;13;A01
201500049513;0;7;0;4;0;1;1;A01
201500049514;0;7;0;4;0;1;0;A01
201500049515;0;17;0;0;2;1;1;A01
201500049515;0;7;0;0;2;4;0;B01
201500049516;0;7;0;4;0;9;13;A01
201500049517;0;7;0;0;2;4;2;B01
201500049517;0;7;0;0;2;1;2;A01
201500049518;0;7;0;0;0;0;0;A01
201500049518;0;7;0;0;0;0;0;B01
201500049519;0;7;0;4;2;3;1;A01
201500049519;0;7;0;0;2;8;1;B01
201500049520;0;33;0;0;2;1;2;C01
201500049520;0;7;0;0;2;1;2;A01
201500049520;0;7;0;0;2;4;2;B01
201500049521;0;7;0;4;0;8;13;A01
201500049522;0;7;0;0;2;1;16;A01
201500049522;0;7;0;0;2;1;1;B01
201500049523;0;10;0;4;0;3;13;A01
201500049524;0;7;0;2;0;1;14;A01
201500049525;0;7;0;4;0;1;0;A01
201500049526;0;7;0;13;0;1;1;A01
201500049527;0;7;0;0;2;4;2;B01
201500049527;0;7;0;0;2;4;2;C01
201500049527;1;7;0;0;2;1;2;A01
201500049528;0;7;0;0;0;4;0;B01
201500049528;0;7;0;0;0;4;0;A01
201500049529;0;7;0;4;0;1;1;A01
201500049530;0;7;0;4;0;6;1;B01
201500049530;0;15;0;0;2;2;12;A01
201500049531;0;7;0;4;0;1;1;A01
201500049532;0;10;0;13;0;1;14;A01
201500049533;0;7;0;0;0;4;1;C01
201500049533;0;7;0;0;2;4;1;B01
201500049533;0;7;0;0;2;1;1;A01
201500049534;0;7;0;3;0;1;1;A01
201500049535;0;7;0;0;0;1;2;A01
201500049535;0;7;0;0;0;4;2;C01
201500049535;0;7;0;0;0;4;2;B01
201500049536;0;7;0;12;0;7;1;A01
201500049537;0;7;0;4;0;7;1;A01
201500049538;0;7;0;4;0;6;1;A01
201500049539;0;7;0;3;0;8;1;A01
201500049540;0;7;0;3;0;4;2;A01
201500049541;0;15;0;0;0;5;2;B01
201500049541;0;17;0;0;2;3;2;A01
201500049542;0;7;0;0;2;4;2;B01
201500049542;0;7;0;0;2;1;1;A01
201500049542;0;7;0;0;2;4;1;C01
201500049543;0;7;0;0;2;5;1;B01
201500049543;0;7;0;0;2;3;0;A01
201500049544;0;17;0;0;2;5;2;B01
201500049544;0;7;0;0;0;0;2;T01
201500049544;0;10;0;0;2;3;21;A01
201500049545;0;33;0;4;0;1;1;A01
201500049546;0;33;0;0;0;0;1;A01
201500049547;0;7;0;0;2;1;1;A01
201500049547;0;7;0;0;0;4;1;B01
201500049548;0;7;0;3;0;1;12;A01
201500049549;1;7;0;0;2;2;17;Z01
201500049549;0;7;0;4;0;6;12;A01
201500049550;0;7;0;0;2;1;2;A01
201500049550;0;7;0;0;2;4;2;B01
201500049551;1;7;0;0;2;0;2;Z01
201500049551;0;7;0;4;2;4;1;A01
201500049552;0;10;0;0;2;4;2;B01
201500049552;0;7;0;0;2;4;1;C01
201500049552;0;7;0;0;2;1;2;A01
201500049553;0;7;0;0;2;4;2;C01
201500049553;0;7;0;0;2;1;1;A01
201500049553;0;7;0;0;2;4;2;B01
201500049554;0;7;0;0;2;5;2;B01
201500049554;0;7;0;0;2;3;2;A01
201500049555;0;7;0;0;0;8;1;B01
201500049555;0;7;0;0;2;2;14;A01
201500049555;0;7;0;0;0;5;1;C01
201500049556;0;7;0;0;2;8;11;A01
201500049556;0;7;0;0;2;5;1;B01
201500049557;0;7;0;0;2;6;2;B01
201500049557;0;33;0;0;2;1;2;A01
201500049558;0;7;0;4;0;3;1;A01
201500049559;0;15;0;0;2;2;1;B01
201500049559;0;7;0;4;2;6;11;A01
201500049560;0;7;0;4;0;2;2;A01
201500049561;0;7;0;4;0;3;13;A01
201500049562;0;7;0;0;0;0;0;A01
201500049562;0;7;0;0;0;0;0;B01
201500049562;0;7;0;0;0;0;0;C01
201500049563;0;7;0;4;0;2;1;A01
201500049564;0;7;0;4;0;1;0;A01
201500049565;0;7;0;4;0;6;1;B01
201500049565;0;7;0;4;2;1;1;A01
201500049566;0;14;0;0;2;2;12;A01
201500049566;0;7;0;0;2;6;1;B01
201500049567;0;7;0;0;0;4;1;B01
201500049567;0;7;0;0;2;1;1;A01
201500049568;0;34;0;0;2;3;14;A01
201500049568;0;10;0;0;2;5;14;B01
201500049569;0;7;0;0;2;3;1;C01
201500049569;0;7;0;0;2;6;11;A01
201500049569;0;7;0;0;2;5;1;D01
201500049569;0;7;0;0;2;2;1;B01
201500049570;0;10;0;;2;1;;A01
201500049570;0;7;0;;2;4;;B02
201500049570;0;7;0;;2;4;;C02
201500049570;0;33;0;;2;0;;D02
201500049570;0;7;0;;2;4;;E02
201500049571;0;15;0;0;2;1;2;A01
201500049571;0;10;0;0;2;4;2;B01
201500049572;0;7;0;4;2;8;21;A01
201500049572;0;15;0;0;0;0;0;B01
201500049573;0;7;0;0;2;4;2;B01
201500049573;0;7;0;0;2;1;0;A01
201500049573;0;7;0;0;2;4;1;C01
201500049574;0;33;0;3;0;0;16;A01
201500049575;0;15;0;4;0;3;16;A01
201500049576;0;33;0;0;2;1;2;A01
201500049576;0;7;0;0;0;5;2;B01
201500049577;0;7;0;4;0;3;15;A01
201500049578;0;7;0;0;2;4;2;B01
201500049578;0;7;0;0;2;4;2;C01
201500049578;0;7;0;0;2;1;2;A01
201500049579;0;7;0;0;0;9;0;A01
201500049580;0;7;0;4;2;4;2;B01
201500049580;0;7;0;0;2;1;1;A01
201500049581;0;17;0;3;0;8;0;A01
201500049582;0;33;0;0;2;8;3;A01
201500049582;0;7;0;0;2;7;12;B01
201500049583;0;15;0;0;2;1;1;A01
201500049583;0;7;0;0;2;4;1;B01
201500049584;0;7;0;3;0;2;0;A01
201500049585;0;7;0;4;2;8;1;B01
201500049585;0;17;0;0;2;7;12;A01
201500049586;0;7;0;4;0;1;0;A01
201500049587;0;7;0;0;2;4;1;C01
201500049587;0;10;0;0;2;1;2;A01
201500049587;0;7;0;0;2;3;2;B01
201500049588;0;10;0;14;0;3;2;B01
201500049588;0;10;0;3;0;3;16;A01
201500049589;0;7;0;0;2;4;2;C01
201500049589;0;7;0;0;2;1;2;B01
201500049589;0;7;0;0;2;4;2;A01
201500049590;0;7;0;0;2;6;12;A01
201500049590;1;7;0;0;0;0;0;Z01
201500049590;0;7;0;0;2;6;1;B01
201500049591;0;7;0;0;2;1;2;A01
201500049591;0;7;0;0;2;4;2;B01
201500049592;0;34;0;0;0;0;15;A01
201500049593;0;7;0;4;2;2;0;A01
201500049593;0;7;0;0;2;3;1;C01
201500049593;0;10;0;0;2;8;1;B01
201500049594;0;7;0;4;0;4;0;A01
201500049595;0;7;0;13;0;0;2;A01
201500049596;0;7;0;0;2;1;0;B01
201500049596;0;7;0;0;2;1;9;A01
201500049596;0;7;0;0;2;8;0;C01
201500049597;0;7;0;0;2;6;0;A01
201500049597;0;10;0;0;2;7;1;C01
201500049597;0;14;0;0;2;2;1;B01
201500049598;0;7;0;0;2;1;2;A01
201500049598;0;7;0;0;0;4;2;B01
201500049599;0;7;0;3;0;1;1;A01
201500049600;0;7;0;0;2;0;11;B01
201500049600;0;7;0;0;2;2;1;A01
201500049600;0;7;0;0;2;0;1;C01
201500049601;0;7;0;0;2;4;0;B01
201500049601;0;33;0;0;2;1;2;A01
201500049602;0;7;0;0;2;6;2;B01
201500049602;0;7;0;3;2;2;2;A01
201500049603;0;7;0;0;2;1;2;A01
201500049603;0;7;0;0;2;4;2;C01
201500049603;0;7;0;0;2;4;2;D01
201500049603;0;7;0;0;2;4;2;B01
201500049604;0;7;0;0;2;1;2;A01
201500049604;0;10;0;0;2;4;2;B01
201500049605;0;7;0;0;2;1;2;A01
201500049605;0;7;0;0;2;4;2;B01
201500049606;0;7;0;0;2;4;23;B01
201500049606;0;7;0;0;2;1;9;A01
201500049607;0;7;0;0;2;4;1;B01
201500049607;0;33;0;0;2;1;1;A01
201500049608;0;15;0;3;0;1;1;A01
201500049609;0;7;0;0;2;1;12;A01
201500049609;0;15;0;0;0;5;1;B01
201500049609;0;7;0;0;9;1;2;C01
201500049610;0;7;0;0;0;0;11;C01
201500049610;0;7;0;4;0;3;11;A01
201500049610;0;7;0;0;2;2;1;B01
201500049611;0;7;0;3;0;5;14;A01
201500049612;0;7;0;4;0;3;1;A01
201500049613;0;7;0;0;2;1;2;B01
201500049613;0;7;0;4;0;3;0;A01
201500049614;0;7;0;0;2;1;2;A01
201500049614;0;13;0;0;2;4;2;C01
201500049614;0;7;0;0;2;4;2;B01
201500049615;0;7;0;0;2;4;2;C01
201500049615;0;7;0;0;2;1;2;A01
201500049615;0;7;0;0;2;4;2;B01
201500049616;0;7;0;4;2;6;1;B01
201500049616;0;17;0;0;2;2;12;A01
201500049617;0;7;0;0;2;4;2;C01
201500049617;0;7;0;0;2;4;2;B01
201500049617;0;7;0;0;2;1;2;A01
201500049618;0;7;0;3;0;1;14;A01
201500049619;0;7;0;0;2;6;9;A01
201500049619;0;7;0;0;2;2;1;B01
201500049620;0;7;0;0;0;1;2;A01
201500049621;0;15;0;4;0;1;19;A01
201500049621;0;7;0;0;9;1;1;B01
201500049622;0;7;0;4;0;5;12;A01
201500049623;0;7;0;0;2;4;1;B01
201500049623;0;7;0;0;2;1;12;A01
201500049624;0;7;0;4;0;1;12;A01
201500049625;0;7;0;0;2;2;1;A01
201500049625;1;7;0;0;2;0;0;Z01
201500049626;0;7;0;4;2;5;14;A01
201500049626;0;7;0;0;2;8;1;B01
201500049627;0;7;0;0;9;7;1;C01
201500049627;0;7;0;4;0;5;1;B01
201500049627;0;10;0;0;2;2;14;A01
201500049628;0;7;0;0;2;1;2;A01
201500049628;0;7;0;0;2;4;2;B01
201500049629;0;7;0;0;2;8;1;A01
201500049629;1;7;0;0;2;0;14;Z01
201500049630;0;7;0;4;0;1;21;A01
201500049631;0;7;0;0;2;2;21;A01
201500049631;0;7;0;0;2;8;2;B01
201500049632;0;7;0;4;0;8;1;A01
201500049633;0;7;0;0;2;3;1;A01
201500049634;0;7;0;0;2;4;1;B01
201500049634;0;7;0;0;2;1;2;A01
201500049635;0;15;0;0;2;8;1;B01
201500049635;0;7;0;0;2;7;12;A01
201500049636;0;17;0;0;2;7;12;A01
201500049636;0;7;0;3;2;8;1;B01
201500049637;0;7;0;0;2;0;2;B01
201500049637;0;7;0;0;2;1;2;A01
201500049638;2;7;0;3;2;2;12;A01
201500049638;0;7;0;3;2;6;1;B01
201500049639;0;7;0;4;0;1;0;A01
201500049640;0;33;0;0;0;0;11;A01
201500049641;0;7;0;0;2;1;2;A01
201500049641;0;7;0;0;2;4;2;B01
201500049642;0;31;0;0;2;1;2;B01
201500049642;0;7;0;0;2;7;12;A01
201500049643;0;7;0;0;2;4;2;E01
201500049643;0;7;0;0;2;4;2;D01
201500049643;0;7;0;0;2;4;2;B01
201500049643;0;7;0;0;2;1;2;A01
201500049643;0;7;0;0;2;4;2;C01
201500049644;0;7;0;4;0;1;21;A01
201500049645;0;7;0;0;2;4;23;C01
201500049645;0;7;0;0;2;4;23;B01
201500049645;1;7;0;0;2;4;23;Z01
201500049645;0;7;0;0;2;4;23;D01
201500049645;0;7;0;0;2;1;1;A01
201500049646;0;15;0;0;2;8;1;B01
201500049646;0;7;0;0;2;2;21;A01
201500049647;0;7;0;4;0;1;1;A01
201500049648;0;7;0;13;0;9;14;A01
201500049649;0;7;0;4;0;3;1;A01
201500049650;0;7;0;0;2;2;1;C01
201500049650;0;7;0;0;2;4;2;B01
201500049650;0;7;0;0;2;1;2;A01
201500049651;0;7;0;0;2;6;1;B01
201500049651;0;15;0;0;0;2;12;A01
201500049652;0;7;0;4;0;1;0;A01
201500049653;0;31;0;0;0;0;0;A01
201500049654;0;33;0;4;0;8;1;A01
201500049655;0;32;0;0;2;1;2;A01
201500049655;0;7;0;0;2;4;0;B01
201500049656;0;10;0;0;0;0;1;B01
201500049656;0;33;0;0;2;1;21;A01
201500049657;0;7;0;4;0;9;1;A01
201500049658;0;10;0;0;2;4;2;A01
201500049658;0;7;0;0;2;4;2;B01
201500049659;0;7;0;0;2;3;12;A01
201500049659;0;7;0;0;2;7;1;B01
201500049659;0;7;0;0;2;6;1;C01
201500049660;0;7;0;0;2;1;2;A01
201500049660;0;7;0;0;0;4;2;B01
201500049661;0;7;0;0;2;0;1;B01
201500049661;0;7;0;4;2;1;13;A01
201500049662;0;7;0;7;0;2;12;A01
201500049663;0;7;0;4;0;1;1;A01
201500049664;0;10;0;0;2;4;23;A01
201500049664;0;10;0;1;2;1;1;B01
201500049665;0;33;0;0;2;1;0;A01
201500049665;0;7;0;0;2;4;0;B01
201500049666;0;33;0;0;2;1;9;A01
201500049666;0;7;0;0;2;8;1;B01
201500049667;0;7;0;0;2;1;2;A01
201500049667;0;7;0;0;2;4;2;C01
201500049667;0;7;0;0;2;4;2;B01
201500049668;0;7;0;4;0;1;16;A01
201500049669;0;7;0;0;2;1;1;A01
201500049669;0;7;0;0;2;4;23;B01
201500049670;0;7;0;3;0;7;13;A01
201500049671;0;33;0;12;2;7;15;A01
201500049671;0;7;0;0;0;6;0;B01
201500049672;0;7;0;3;0;1;15;A01
201500049673;0;10;0;0;2;1;1;A01
201500049673;0;10;0;0;2;5;1;B01
201500049673;0;10;0;0;0;4;1;D01
201500049673;0;10;0;0;0;0;0;C01
201500049674;0;33;0;0;2;7;17;A01
201500049674;0;7;0;0;0;8;11;B01
201500049675;0;15;0;0;2;2;12;A01
201500049675;0;10;0;0;2;6;1;B01
201500049676;0;7;0;0;2;1;11;A01
201500049676;0;33;0;0;9;4;1;B01
201500049677;1;7;0;0;2;8;9;A01
201500049677;0;38;0;0;0;7;2;B01
201500049678;0;13;0;0;2;4;23;B01
201500049678;0;7;0;1;2;1;21;A01
201500049679;0;7;0;0;2;1;2;A01
201500049679;0;7;0;0;2;4;2;B01
201500049680;0;7;0;0;2;2;1;B01
201500049680;0;7;0;0;2;8;11;A01
201500049680;0;7;0;0;2;6;1;C01
201500049681;0;7;0;4;0;3;0;A01
201500049682;0;7;0;0;2;5;1;B01
201500049682;0;33;0;0;2;1;3;A01
201500049683;0;7;0;3;2;6;1;B01
201500049683;0;15;0;0;2;2;12;A01
201500049684;0;7;0;0;2;6;2;B01
201500049684;0;7;0;0;2;4;2;C01
201500049684;0;7;0;0;2;1;2;A01
201500049685;0;7;0;0;0;0;0;A01
201500049686;0;7;0;3;0;1;0;A01
201500049687;0;7;0;0;2;4;1;B01
201500049687;0;7;0;0;2;4;1;C01
201500049687;0;7;0;0;2;1;1;A01
201500049688;0;33;0;0;2;1;21;A01
201500049689;0;7;0;0;2;4;2;B01
201500049689;0;7;0;0;2;4;2;C01
201500049689;0;7;0;0;2;1;2;A01
201500049690;0;7;0;0;2;8;1;B01
201500049690;0;33;0;0;2;7;12;A01
201500049691;0;10;0;6;1;0;0;A01
201500049692;0;7;0;0;2;3;11;A01
201500049692;0;33;0;0;2;1;3;B01
201500049693;0;7;0;3;0;1;17;A01
201500049693;0;7;0;0;2;1;21;B01
201500049694;0;7;0;0;2;1;2;A01
201500049695;0;7;0;0;2;1;1;A01
201500049695;0;7;0;0;2;4;2;B01
201500049696;0;17;0;0;2;0;1;B01
201500049696;0;7;0;0;2;1;2;A01
201500049697;0;7;0;0;2;4;0;C01
201500049697;0;33;0;3;2;1;2;A01
201500049697;0;7;0;0;2;4;2;B01
201500049698;0;7;0;0;2;4;2;C01
201500049698;0;7;0;0;2;1;2;A01
201500049698;0;7;0;0;2;4;2;B01
201500049699;0;99;0;0;0;8;1;A01
201500049700;0;10;0;4;0;2;1;A01
201500049701;0;33;0;4;0;8;17;A01
201500049702;0;7;0;0;2;7;2;B01
201500049702;0;31;0;0;2;3;2;A01
201500049703;0;7;0;0;2;4;2;C01
201500049703;0;7;0;0;2;3;2;A01
201500049703;0;7;0;0;2;7;2;B01
201500049704;0;7;0;0;2;4;2;B01
201500049704;0;7;0;0;2;1;2;A01
201500049705;0;7;0;0;0;1;0;A01
201500049705;0;7;0;0;0;4;0;B01
201500049705;0;7;0;0;0;4;0;C01
201500049705;0;7;0;0;0;4;0;D01
201500049706;0;7;0;4;2;6;18;A01
201500049706;0;7;0;0;2;2;1;B01
201500049707;0;15;0;0;2;2;1;B01
201500049707;0;7;0;0;2;6;9;A01
201500049708;0;7;0;0;0;7;1;C01
201500049708;0;17;0;0;2;2;1;B01
201500049708;0;34;0;0;2;1;1;D01
201500049708;0;7;0;0;2;6;9;A01
201500049709;0;7;0;0;2;4;1;B01
201500049709;0;15;0;0;2;4;1;C01
201500049709;0;17;0;0;2;1;1;A01
201500049710;0;17;0;0;2;6;1;B01
201500049710;0;7;0;0;2;6;0;A01
201500049711;0;10;0;0;2;5;1;B01
201500049711;0;10;0;0;2;3;1;A01
201500049712;0;7;0;4;0;3;13;A01
201500049713;0;7;0;3;0;1;0;A01
201500049714;0;7;0;3;0;3;1;A01
201500049715;0;31;0;0;2;1;2;A01
201500049715;0;7;0;0;2;4;2;B01
201500049716;0;7;0;4;2;8;1;B01
201500049716;0;7;0;0;2;2;17;A01
201500049717;0;17;0;0;2;1;12;A01
201500049717;0;7;0;0;2;0;1;B01
201500049717;0;7;0;0;2;1;1;C01
201500049718;0;7;0;0;2;1;2;A01
201500049718;0;33;0;0;2;4;1;B01
201500049719;0;7;0;0;2;3;1;B01
201500049719;0;7;0;0;2;4;13;A01
201500049720;0;7;0;0;2;4;2;B01
201500049720;0;7;0;0;2;4;2;C01
201500049720;0;15;0;0;2;6;2;D01
201500049720;0;7;0;0;2;1;2;A01
201500049721;0;7;0;0;0;4;2;B01
201500049721;0;7;0;0;2;0;2;A01
201500049722;0;7;0;4;0;9;13;A01
201500049722;1;7;0;0;0;0;0;Z01
201500049722;0;7;0;0;2;8;2;B01
201500049723;0;7;0;0;2;8;1;B01
201500049723;0;17;0;0;2;7;12;A01
201500049724;0;10;0;0;2;7;12;B01
201500049724;0;33;0;0;2;8;12;A01
201500049725;0;33;0;0;2;1;12;B01
201500049725;0;7;0;0;2;0;0;A01
201500049726;0;7;0;4;0;3;13;A01
201500049727;0;7;0;0;0;0;0;B01
201500049727;0;7;0;0;2;1;2;A01
201500049727;0;7;0;0;2;1;2;D01
201500049727;0;99;0;0;0;0;0;C01
201500049728;0;7;0;4;0;3;0;A01
201500049729;0;7;0;4;0;1;1;A01
201500049730;0;17;0;0;2;3;11;A01
201500049730;0;17;0;0;0;0;0;C01
201500049730;0;7;0;4;2;5;2;B01
201500049731;0;33;0;0;2;1;1;B01
201500049731;0;7;0;0;0;4;10;A01
201500049732;0;7;0;0;2;6;24;B01
201500049732;0;7;0;1;0;2;1;A01
201500049733;0;33;0;0;0;7;2;A01
201500049734;0;7;0;0;9;2;1;C01
201500049734;0;17;0;0;2;4;1;B01
201500049734;0;7;0;0;2;1;1;A01
201500049735;0;7;0;4;2;6;11;A01
201500049735;0;7;0;0;2;2;1;B01
201500049736;0;33;0;0;0;7;0;A01
201500049737;0;7;0;4;0;1;0;A01
201500049738;0;7;0;4;0;3;0;A01
201500049739;0;7;0;2;0;1;21;A01
201500049740;0;7;0;0;0;6;10;A01
201500049740;0;7;0;0;2;1;2;B01
201500049741;0;7;0;0;2;1;0;B01
201500049741;0;7;0;0;2;4;0;A01
201500049742;0;33;0;0;2;1;2;A01
201500049742;0;7;0;0;2;4;2;B01
201500049742;0;7;0;0;2;1;2;C01
201500049743;0;33;0;0;2;1;1;B01
201500049743;2;7;0;0;2;1;5;A01
201500049744;1;7;0;0;0;0;0;Z01
201500049744;0;7;0;0;0;6;0;A01
201500049745;0;7;0;0;0;0;0;A01
201500049746;0;7;0;0;2;8;1;B01
201500049746;0;15;0;0;2;2;12;A01
201500049747;0;7;0;0;2;1;2;A01
201500049747;0;7;0;0;2;4;2;B01
201500049748;0;15;0;0;2;6;2;B01
201500049748;0;7;0;0;2;1;1;A01
201500049749;0;38;35;0;2;5;2;B01
201500049749;0;13;0;4;2;1;2;A01
201500049750;0;30;0;3;0;2;1;A01
201500049751;0;17;0;3;0;8;13;A01
201500049752;0;7;0;0;0;6;1;B01
201500049752;0;7;0;0;2;2;17;A01
201500049753;0;7;0;0;2;1;2;A01
201500049753;0;7;0;0;0;4;2;B01
201500049754;0;7;0;0;2;4;0;B01
201500049754;0;7;0;0;2;1;2;A01
201500049755;0;7;0;0;2;3;2;A01
201500049755;0;7;0;0;2;5;2;B01
201500049756;0;33;0;4;0;9;0;A01
201500049757;0;7;0;0;2;1;1;A01
201500049757;0;7;0;0;2;9;0;B01
201500049758;0;7;0;4;0;9;1;A01
201500049759;0;7;0;0;2;8;13;A01
201500049759;0;7;0;0;2;1;1;B01
201500049760;0;33;0;0;2;4;1;B01
201500049760;0;15;0;0;2;1;12;A01
201500049761;0;7;0;0;0;0;0;A01
201500049762;0;7;0;0;0;3;13;A01
201500049763;0;7;0;0;2;2;0;B01
201500049763;0;7;0;0;2;2;5;A01
201500049763;0;7;0;0;2;7;21;C01
201500049764;0;7;0;0;0;6;0;A01
201500049764;0;15;0;1;0;2;21;B01
201500049765;0;7;0;0;2;4;2;B01
201500049765;0;14;0;0;2;1;2;A01
201500049766;0;7;0;0;0;8;2;A01
201500049766;0;7;0;0;0;0;0;B01
201500049767;0;7;0;0;2;1;5;A01
201500049767;0;7;0;0;2;1;1;B01
201500049768;0;7;0;4;0;3;1;A01
201500049769;0;33;0;0;2;8;3;A01
201500049769;0;7;0;0;2;2;1;B01
201500049770;0;7;0;0;2;4;2;C01
201500049770;0;7;0;0;2;4;2;D01
201500049770;0;7;0;0;2;1;2;A01
201500049770;0;7;0;0;2;4;2;B01
201500049771;0;17;0;0;0;0;0;A01
201500049771;0;7;0;0;0;0;0;B01
201500049772;0;7;0;0;2;4;2;B01
201500049772;0;14;0;0;2;1;2;A01
201500049773;0;13;0;0;0;4;2;B01
201500049773;0;7;0;0;2;1;2;A01
201500049774;0;7;0;0;0;8;24;B01
201500049774;0;7;0;1;0;2;1;A01
201500049775;0;10;0;0;0;0;0;A01
201500049776;0;7;0;0;2;5;1;B01
201500049776;0;7;0;0;2;3;13;A01
201500049777;0;7;0;4;0;9;16;A01
201500049778;0;7;0;0;2;4;1;B01
201500049778;0;7;0;0;2;1;2;A01
201500049779;0;7;0;4;0;2;14;A01
201500049780;0;15;0;0;2;4;2;B01
201500049780;0;7;0;0;2;1;2;A01
201500049780;1;7;0;0;2;6;11;Z01
201500049781;0;33;0;0;2;6;1;A01
201500049781;1;7;0;0;2;0;0;Z01
201500049781;0;7;0;4;0;2;21;B01
201500049782;0;7;0;0;2;4;23;B01
201500049782;0;7;0;0;2;1;2;A01
201500049782;0;7;0;0;2;4;23;E01
201500049782;0;7;0;0;2;4;23;F02
201500049782;0;7;0;0;2;4;23;D01
201500049782;0;7;0;0;2;4;23;C01
201500049783;0;7;0;0;0;4;23;B01
201500049783;0;7;0;0;0;4;23;C01
201500049783;0;7;0;0;0;1;2;A01
201500049784;0;7;0;0;2;1;2;A01
201500049784;0;7;0;0;2;1;2;C01
201500049784;0;7;0;0;2;4;1;B01
201500049785;0;7;0;0;2;1;2;A01
201500049785;0;7;0;0;2;4;2;B01
201500049785;0;10;0;0;2;5;2;C01
201500049786;0;7;0;4;0;3;13;A01
201500049787;0;7;0;0;2;8;0;B01
201500049787;0;33;0;0;2;8;0;A01
201500049787;1;7;0;0;0;0;12;Z01
201500049788;0;7;0;0;2;4;2;B01
201500049788;0;7;0;0;2;4;2;C01
201500049788;0;7;0;0;2;4;2;D01
201500049788;0;7;0;0;2;1;2;A01
201500049789;0;15;0;0;0;0;16;A01
201500049790;0;7;0;0;2;1;2;A01
201500049790;0;7;0;0;2;4;2;B01
201500049790;0;7;0;0;0;0;0;C01
201500049791;0;7;0;0;2;1;13;A01
201500049791;0;7;0;0;2;1;1;B01
201500049792;0;7;0;0;2;1;1;A01
201500049792;0;10;0;0;2;4;1;B01
201500049792;0;10;0;14;0;1;1;C01
201500049793;0;7;0;0;2;5;1;D01
201500049793;0;17;0;0;2;5;1;B01
201500049793;0;13;0;0;2;3;1;C01
201500049793;0;7;0;0;2;3;11;A01
201500049794;0;7;0;0;2;9;2;B01
201500049794;0;7;0;0;2;4;2;C01
201500049794;0;15;0;0;2;1;2;A01