num_acc;senc;catv;occutc;obs;obsm;choc;manv;num_veh
201500049795;0;14;0;0;2;8;2;B01
201500049795;0;7;0;0;2;1;12;A01
201500049796;0;33;0;0;2;3;3;A01
201500049796;0;7;0;0;2;5;1;B01
201500049796;0;14;0;0;2;6;1;C01
201500049797;0;7;0;0;2;4;2;C01
201500049797;0;7;0;0;2;1;2;A01
201500049797;0;7;0;0;2;4;2;D01
201500049797;0;7;0;0;2;4;2;B01
201500049798;0;7;0;0;0;0;2;A01
201500049799;0;7;0;4;0;1;0;A01
201500049800;0;7;0;0;2;3;1;B01
201500049800;0;17;0;0;2;2;12;A01
201500049801;0;7;0;0;2;1;1;A01
201500049801;0;7;0;0;2;4;1;B01
201500049802;0;7;0;0;2;1;2;A01
201500049802;0;7;0;0;2;4;2;B01
201500049802;0;7;0;0;2;4;2;C01
201500049803;0;7;0;0;2;1;2;A01
201500049803;0;7;0;0;2;4;2;B01
201500049804;0;7;0;0;2;1;2;A01
201500049804;0;7;0;0;2;4;2;C01
201500049804;0;7;0;0;2;4;2;B01
201500049805;0;7;0;0;2;2;0;B01
201500049805;0;7;0;0;2;6;11;A01
201500049806;0;10;0;0;2;4;2;C01
201500049806;0;10;0;0;2;1;1;A01
201500049806;0;10;0;0;2;1;2;B01
201500049807;0;7;0;0;2;4;2;B01
201500049807;0;7;0;0;2;1;2;A01
201500049807;0;7;0;0;2;4;2;C01
201500049808;2;7;0;0;2;1;1;A01
201500049808;0;7;0;0;2;4;2;B01
201500049809;0;7;0;11;0;3;0;A01
201500049810;0;7;0;0;2;0;0;A01
201500049810;0;15;0;0;2;6;2;B01
201500049811;0;7;0;0;0;9;16;A01
201500049812;0;7;0;0;2;1;1;B01
201500049812;0;7;0;0;2;1;5;A01
201500049813;0;7;0;4;0;3;0;A01
201500049814;0;33;0;0;0;7;3;A01
201500049815;0;7;0;0;0;4;2;A01
201500049815;0;7;0;0;0;4;0;B01
201500049815;0;7;0;0;0;1;0;C01
201500049816;0;7;0;4;0;6;1;A01
201500049817;0;7;0;4;0;1;1;A01
201500049818;0;17;0;0;2;3;1;B01
201500049818;0;7;0;3;2;1;2;A01
201500049819;0;7;0;0;2;1;2;A01
201500049819;0;7;0;0;2;4;2;B01
201500049819;0;7;0;0;2;1;2;C01
201500049820;0;7;0;4;2;6;1;A01
201500049820;1;7;0;;;;;Z02
201500049821;0;7;0;0;2;9;13;A01
201500049821;0;10;0;0;2;2;1;B01
201500049822;0;7;0;14;;1;;A01
201500049823;0;7;0;0;2;6;0;C01
201500049823;0;7;0;0;2;1;1;E01
201500049823;0;7;0;0;2;1;1;D01
201500049823;0;7;0;0;2;3;1;B01
201500049823;0;7;0;0;2;2;9;A01
201500049824;0;7;0;0;0;0;0;A01
201500049824;0;15;0;0;0;0;0;B01
201500049825;0;7;0;15;0;7;14;A01
201500049826;1;7;0;0;0;0;0;Z01
201500049826;0;31;0;0;0;6;11;B01
201500049827;0;7;0;4;0;1;11;A01
201500049828;0;7;0;0;0;0;0;A01
201500049829;0;7;0;0;2;4;2;C01
201500049829;0;7;0;0;2;1;3;A01
201500049829;0;10;0;0;2;5;2;B01
201500049829;0;7;0;0;2;4;2;D01
201500049830;0;7;0;0;2;6;1;B01
201500049830;0;15;0;0;2;2;12;A01
201500049831;0;17;0;0;2;2;12;A01
201500049831;0;7;0;0;2;3;1;B01
201500049832;0;7;0;0;2;4;1;B01
201500049832;2;7;0;3;2;1;11;Z01
201500049833;0;10;0;0;2;1;1;A01
201500049833;0;7;0;0;2;3;21;C01
201500049833;0;7;0;0;2;4;23;B01
201500049834;0;7;0;14;0;1;1;A01
201500049835;0;7;0;0;2;2;17;B01
201500049835;0;32;0;0;2;1;15;A01
201500049836;0;10;0;0;2;2;15;A01
201500049836;0;10;0;0;2;1;1;B01
201500049837;0;7;0;14;0;3;1;A01
201500049838;0;7;0;0;2;5;15;B01
201500049838;0;31;0;0;2;7;1;A01
201500049839;0;7;0;0;2;3;15;B01
201500049839;0;31;0;0;2;3;7;A01
201500049840;0;7;0;0;1;2;1;A01
201500049841;0;32;0;0;2;0;2;A01
201500049842;0;7;0;1;9;8;24;A01
201500049842;0;1;0;1;0;7;1;B01
201500049843;0;7;0;0;0;2;1;A01
201500049844;0;7;0;0;2;1;2;A01
201500049844;0;33;0;0;2;4;1;B01
201500049845;0;30;0;0;0;3;17;A01
201500049845;0;7;0;0;0;3;15;B01
201500049846;0;7;0;0;2;1;1;A01
201500049846;0;7;0;0;2;8;1;B01
201500049847;0;7;0;0;2;3;15;A01
201500049847;0;2;0;0;2;3;1;B01
201500049848;0;7;0;0;1;3;1;A01
201500049849;0;7;0;0;2;7;14;A01
201500049849;0;7;0;16;0;0;0;C01
201500049849;0;34;0;7;2;8;1;B01
201500049850;0;7;0;0;2;4;2;C01
201500049850;0;7;0;0;2;1;2;A01
201500049850;0;7;0;0;2;4;2;B01
201500049851;0;32;0;16;0;8;1;A01
201500049852;1;7;0;0;2;1;2;A01
201500049852;0;7;0;0;2;4;1;B01
201500049853;0;32;0;16;0;0;21;A01
201500049854;0;7;0;0;2;4;23;B01
201500049854;0;7;0;0;2;4;23;C01
201500049854;0;7;0;0;2;1;2;A01
201500049854;0;7;0;0;2;4;23;D01
201500049855;0;17;0;0;2;1;0;A01
201500049855;0;7;0;0;2;4;23;C01
201500049855;0;7;0;0;2;4;23;D01
201500049855;0;7;0;3;2;4;23;B01
201500049856;0;7;0;0;2;5;12;A01
201500049856;0;33;0;3;2;3;3;B01
201500049857;0;7;0;7;2;2;14;A01
201500049857;0;7;0;0;2;1;1;B01
201500049858;0;7;0;0;2;8;1;B01
201500049858;1;7;0;0;2;7;14;Z01
201500049859;0;7;0;4;0;8;21;A01
201500049860;0;7;0;3;2;1;12;A01
201500049860;0;7;0;3;2;5;1;B01
201500049861;0;7;0;4;2;2;11;A01
201500049861;0;7;0;3;2;6;1;B01
201500049862;0;33;0;16;0;0;21;A01
201500049863;0;7;0;0;2;1;2;A01
201500049863;0;10;0;0;2;4;1;B01
201500049864;0;10;0;0;2;4;2;B01
201500049864;0;7;0;0;2;4;2;C01
201500049864;0;7;0;0;2;1;2;A01
201500049865;0;7;0;0;2;4;1;B01
201500049865;0;7;0;0;2;1;2;A01
201500049866;0;7;0;3;0;8;13;A01
201500049867;0;7;0;0;2;6;1;B01
201500049867;1;7;0;0;2;1;1;Z01
201500049868;0;7;0;0;2;1;21;B01
201500049868;0;7;0;3;2;1;14;A01
201500049869;0;33;0;0;2;1;2;A01
201500049869;0;7;0;0;2;4;1;B01
201500049870;0;31;0;0;0;0;16;A01
201500049871;0;7;0;4;0;2;14;A01
201500049872;0;7;0;0;2;7;1;B01
201500049872;0;7;0;3;2;3;11;A01
201500049873;0;10;0;4;0;7;14;A01
201500049874;0;7;0;0;2;1;2;A01
201500049874;0;7;0;0;2;4;1;B01
201500049875;0;7;0;0;2;4;23;B01
201500049875;0;7;0;0;2;1;2;A01
201500049876;0;7;0;0;2;2;13;A01
201500049876;0;7;0;0;2;6;1;B01
201500049877;0;7;0;3;0;8;11;A01
201500049878;0;7;0;0;2;4;1;B01
201500049878;0;7;0;0;2;1;2;A01
201500049879;0;33;0;3;0;1;13;A01
201500049880;0;7;0;16;0;0;19;A01
201500049881;0;7;0;0;2;1;1;A01
201500049881;0;7;0;0;2;4;11;B01
201500049882;0;33;0;4;0;8;13;A01
201500049883;0;7;0;0;2;4;23;B01
201500049883;0;7;0;0;2;8;23;C01
201500049883;0;7;0;0;2;1;2;A01
201500049884;0;33;0;0;2;1;3;A01
201500049884;0;7;0;0;2;4;1;B01
201500049885;0;7;0;0;2;4;23;B01
201500049885;0;7;0;0;2;1;1;C01
201500049885;0;7;0;0;2;1;2;A01
201500049886;0;33;0;0;2;8;3;B01
201500049886;0;7;0;0;2;7;12;A01
201500049887;0;7;0;0;2;1;2;A01
201500049887;0;33;0;0;2;4;23;B01
201500049888;0;34;0;0;2;4;23;B01
201500049888;0;7;0;0;2;1;1;A01
201500049889;0;33;0;0;0;0;21;A01
201500049890;0;33;0;16;0;0;3;A01
201500049891;0;7;0;0;2;4;1;B01
201500049891;0;7;0;0;2;1;1;A01
201500049892;0;7;0;0;2;4;23;B01
201500049892;0;33;0;0;2;1;2;A01
201500049893;0;7;0;0;2;4;24;B01
201500049893;0;7;0;1;0;1;14;A01
201500049894;0;7;0;0;2;1;2;A01
201500049894;0;99;0;0;2;4;23;B01
201500049895;0;7;0;0;2;1;2;A01
201500049895;0;7;0;0;2;4;1;B01
201500049896;0;7;0;0;2;2;2;A01
201500049896;0;33;0;0;0;6;1;B01
201500049897;0;7;0;0;2;3;2;A01
201500049897;0;7;0;0;2;6;1;B01
201500049898;0;7;0;0;2;5;1;B01
201500049898;1;7;0;0;2;3;11;A01
201500049898;0;7;0;6;2;6;1;C01
201500049899;0;31;0;0;0;0;1;A01
201500049900;0;33;0;0;2;8;1;B01
201500049900;0;7;0;0;2;7;1;C01
201500049900;0;33;0;0;2;7;12;A01
201500049901;0;7;0;0;2;1;2;A01
201500049901;0;10;0;0;2;4;23;B01
201500049901;0;7;0;0;2;4;23;C01
201500049902;0;7;0;3;0;7;1;A01
201500049903;0;32;0;0;0;0;1;A01
201500049904;0;33;0;0;0;0;1;A01
201500049905;1;7;0;0;2;1;2;A01
201500049905;0;7;0;0;2;4;1;B01
201500049905;0;7;0;0;2;4;1;C01
201500049906;0;30;0;0;2;7;12;B01
201500049906;1;7;0;0;2;8;11;Z01
201500049907;0;7;0;0;2;1;1;A01
201500049907;0;7;0;4;2;3;13;B01
201500049908;0;33;0;0;2;6;1;B01
201500049908;0;7;0;0;2;7;14;A01
201500049909;0;10;0;0;2;1;2;A01
201500049909;0;7;0;0;2;4;23;B01
201500049909;0;7;0;0;2;4;23;C01
201500049910;0;7;0;0;2;4;1;B01
201500049910;0;7;0;0;2;1;2;A01
201500049911;0;7;0;4;0;1;21;A01
201500049912;0;7;0;0;2;5;1;C01
201500049912;0;7;0;0;2;1;2;A01
201500049912;0;7;0;0;2;4;23;B01
201500049913;0;7;0;0;2;7;21;B01
201500049913;0;31;0;0;2;7;11;A01
201500049914;0;7;0;4;0;3;13;A01
201500049915;0;10;0;3;2;1;2;A01
201500049915;0;7;0;0;2;4;1;B01
201500049915;0;7;0;0;2;1;21;C01
201500049916;0;7;0;0;2;4;1;B01
201500049916;0;7;0;0;2;1;2;A01
201500049917;0;7;0;0;2;8;11;A01
201500049917;0;33;0;0;2;7;17;B01
201500049918;0;31;0;0;0;0;21;A01
201500049919;0;7;0;0;2;1;1;A01
201500049919;0;7;0;0;2;4;23;C01
201500049919;0;7;0;0;2;4;23;B01
201500049920;0;7;0;0;2;1;2;A01
201500049920;0;7;0;0;2;4;1;B01
201500049921;0;7;0;0;2;1;2;A01
201500049921;0;7;0;0;2;4;1;B01
201500049921;0;7;0;0;2;4;2;C01
201500049921;0;7;0;0;2;1;21;D01
201500049922;0;7;0;0;2;1;2;A01
201500049922;0;7;0;0;2;4;1;B01
201500049923;0;7;0;0;2;6;17;B01
201500049923;0;34;0;0;2;1;3;A01
201500049924;0;10;0;0;2;6;1;B01
201500049924;0;7;0;0;2;2;12;A01
201500049925;0;7;0;0;2;4;1;B01
201500049925;0;7;0;0;2;1;2;A01
201500049926;0;7;0;0;2;4;23;C01
201500049926;0;10;0;0;2;4;23;D01
201500049926;0;7;0;0;2;1;2;A01
201500049926;0;7;0;0;2;4;23;B01
201500049927;0;7;0;0;2;4;23;B01
201500049927;0;33;0;0;2;1;2;A01
201500049928;0;7;0;0;2;1;1;D01
201500049928;1;10;0;0;2;6;11;Z01
201500049928;0;7;0;0;2;2;1;B01
201500049928;0;32;0;0;2;1;2;E01
201500049928;0;7;0;0;2;7;1;C01
201500049929;0;7;0;0;2;8;11;A01
201500049929;0;31;0;0;2;7;1;B01
201500049930;0;7;0;6;;3;1;A01
201500049931;0;7;0;0;0;0;0;B01
201500049931;0;7;0;0;2;8;11;A01
201500049932;0;7;0;0;2;7;14;A01
201500049932;0;7;0;0;2;8;1;B01
201500049933;0;7;0;0;1;2;1;A01
201500049934;0;7;0;4;0;3;1;A01
201500049935;0;7;0;4;0;3;1;A01
201500049936;0;7;0;0;0;9;2;A01
201500049937;0;32;0;0;0;1;1;A01
201500049938;0;7;0;0;2;1;2;B01
201500049938;0;10;0;0;2;4;1;A01
201500049939;0;99;0;0;0;1;12;A01
201500049939;0;7;0;0;0;5;2;B01
201500049940;0;1;0;0;2;8;1;B01
201500049940;0;7;0;0;2;7;12;A01
201500049941;0;1;0;0;2;3;1;B01
201500049941;0;7;0;0;2;2;3;A01
201500049942;0;7;0;0;0;4;1;A01
201500049942;0;7;0;0;2;1;2;B01
201500049943;0;7;0;14;0;4;1;C01
201500049943;0;7;0;0;2;1;1;D01
201500049943;0;7;0;0;2;4;1;A01
201500049943;0;7;0;0;2;4;1;B01
201500049944;0;7;0;0;1;2;1;B01
201500049944;0;7;0;0;1;3;1;A01
201500049945;0;10;0;0;0;1;2;A01
201500049946;0;7;0;0;2;0;0;A01
201500049946;0;7;0;0;2;2;0;B01
201500049947;0;7;0;0;0;7;0;A01
201500049948;0;7;0;0;2;6;2;A01
201500049948;1;7;0;0;2;2;2;Z01
201500049949;0;7;0;5;2;2;14;B01
201500049949;0;10;0;3;0;8;1;A01
201500049950;0;7;0;0;2;1;1;B01
201500049950;0;7;0;0;2;4;1;A01
201500049951;0;7;0;0;0;2;1;A01
201500049952;0;33;0;0;2;1;1;A01
201500049952;0;7;0;0;2;4;1;B01
201500049953;0;7;0;0;2;1;1;B01
201500049953;0;7;0;0;0;3;1;A01
201500049954;0;7;0;0;0;8;1;A01
201500049954;1;7;0;0;0;7;14;Z01
201500049955;0;14;0;0;0;4;2;A01
201500049955;0;10;0;0;0;1;2;B01
201500049956;0;7;0;0;0;1;2;C01
201500049956;0;13;0;0;0;1;2;B01
201500049956;0;10;0;0;0;4;2;A01
201500049957;0;7;0;0;0;0;0;B01
201500049957;0;10;0;0;0;1;2;A01
201500049958;0;7;0;4;0;3;1;A01
201500049959;0;7;0;0;0;9;1;A01
201500049960;0;7;0;0;2;4;1;B01
201500049960;0;7;0;0;2;1;1;C01
201500049960;0;7;0;0;0;4;2;A01
201500049961;0;7;0;0;2;1;0;A01
201500049961;0;7;0;0;2;3;1;B01
201500049962;0;7;0;0;2;4;2;C01
201500049962;0;7;0;0;2;1;2;A01
201500049962;0;7;0;0;2;4;2;B01
201500049963;0;7;0;3;0;2;19;A01
201500049964;0;7;0;0;2;4;1;B01
201500049964;0;7;0;0;2;1;1;C01
201500049964;0;7;0;0;2;4;1;A01
201500049965;0;7;0;0;0;9;2;A01
201500049966;0;7;0;0;2;8;1;B01
201500049966;0;7;0;0;2;2;14;A01
201500049967;0;3;0;0;2;1;2;C01
201500049967;0;3;0;0;2;4;2;A01
201500049967;0;3;0;0;2;4;2;B01
201500049968;0;7;0;0;0;4;1;B01
201500049968;0;7;0;0;0;4;1;A01
201500049968;0;7;0;0;0;0;0;C01
201500049969;0;33;0;0;0;0;0;B01
201500049969;0;7;0;0;2;3;1;C01
201500049969;0;7;0;0;2;7;1;A01
201500049970;0;7;0;0;2;4;2;A01
201500049970;0;10;0;0;2;1;12;E01
201500049970;0;7;0;0;2;4;2;B01
201500049970;0;7;0;0;2;4;2;D01
201500049970;0;7;0;0;2;4;23;C01
201500049971;0;7;0;3;2;1;18;B01
201500049971;0;7;0;3;2;7;1;A01
201500049972;0;7;0;0;2;4;2;A01
201500049973;0;14;0;0;2;6;2;B01
201500049973;0;7;0;0;2;1;1;C01
201500049973;0;7;0;0;2;1;2;A01
201500049974;0;7;0;16;0;9;16;A01
201500049975;0;7;0;0;2;6;2;C01
201500049975;0;7;0;0;2;6;1;A01
201500049975;0;7;0;4;0;0;12;B01
201500049976;0;7;0;0;0;4;1;A01
201500049976;0;33;0;0;2;1;1;B01
201500049976;0;7;0;0;2;3;3;C01
201500049977;0;7;0;0;2;4;3;A01
201500049977;0;7;0;0;2;1;2;B01
201500049978;0;7;0;0;2;4;1;A01
201500049978;0;13;0;0;2;2;1;B01
201500049979;0;7;0;0;0;0;0;A01
201500049980;0;7;0;0;2;2;1;B01
201500049980;0;31;0;3;0;9;6;A01
201500049981;0;10;0;0;0;9;17;A01
201500049982;0;7;0;3;0;2;14;A01
201500049983;0;7;0;4;0;1;0;A01
201500049984;0;7;0;0;2;4;2;B01
201500049984;0;7;0;0;2;4;2;A01
201500049984;0;7;0;0;2;4;0;C01
201500049984;0;7;0;14;1;2;2;E01
201500049985;0;7;0;0;2;8;12;A01
201500049985;0;7;0;0;2;7;1;B01
201500049986;0;31;0;0;0;8;2;A01
201500049987;0;7;0;0;2;1;2;A01
201500049987;0;33;0;0;2;4;2;B01
201500049988;0;7;0;0;0;0;0;A01
201500049988;0;7;0;0;5;1;2;B01
201500049989;0;7;0;0;2;4;1;A01
201500049989;0;7;0;0;2;0;0;B01
201500049990;0;7;0;0;2;6;2;A01
201500049990;0;7;0;0;2;1;2;B01
201500049991;0;7;0;0;2;8;2;A01
201500049991;0;7;0;10;0;9;2;B01
201500049992;0;7;0;0;2;8;2;A01
201500049992;0;7;0;0;2;0;0;B01
201500049993;0;7;0;0;2;1;1;H02
201500049993;0;7;0;0;2;3;1;B01
201500049993;0;31;0;0;2;1;1;F02
201500049993;0;7;0;0;2;4;1;C01
201500049993;0;7;0;0;2;1;1;G02
201500049993;0;7;0;0;9;3;1;A01
201500049993;0;7;0;0;2;1;1;E01
201500049993;0;7;0;0;2;1;1;D01
201500049994;0;7;0;5;0;1;0;A01
201500049995;0;7;0;0;2;3;2;B01
201500049995;0;7;0;0;2;4;2;A01
201500049996;0;7;0;0;2;7;14;B01
201500049996;0;7;0;3;2;8;1;A01
201500049997;0;7;0;0;2;1;2;C01
201500049997;0;7;0;0;2;4;23;A01
201500049997;0;7;0;0;2;4;23;B01
201500049998;0;7;0;0;2;4;1;A01
201500049998;0;7;0;0;2;1;1;B01
201500049999;0;7;0;0;2;9;0;B01
201500049999;0;7;0;0;2;1;2;D01
201500049999;0;7;0;0;2;9;2;C01
201500049999;0;7;0;0;2;4;2;A01
201500050000;0;7;0;0;0;0;0;A01
201500050000;0;7;0;0;2;1;1;C01
201500050000;0;7;0;0;0;0;0;B01
201500050001;0;7;0;0;2;4;2;B01
201500050001;0;7;0;0;0;0;0;C01
201500050001;0;7;0;0;0;4;2;A01
201500050002;0;7;0;4;0;1;1;A01
201500050003;0;7;0;0;6;3;2;A01
201500050004;0;7;0;0;2;1;2;B01
201500050004;0;7;0;0;2;4;2;A01
201500050005;0;7;0;2;0;1;1;A01
201500050006;0;7;0;0;2;5;2;A01
201500050006;0;7;0;0;2;4;2;B01
201500050007;0;7;0;13;0;1;1;A01
201500050008;0;7;0;3;2;3;0;A01
201500050008;0;3;0;0;2;2;1;B01
201500050008;0;7;0;3;9;3;0;C01
201500050009;0;7;0;4;0;2;0;A01
201500050010;0;7;0;0;2;4;2;B01
201500050010;0;7;0;0;2;4;2;A01
201500050010;0;7;0;0;2;1;2;C01
201500050011;0;7;0;0;2;1;2;B01
201500050011;0;7;0;0;0;4;2;A01
201500050012;0;7;0;0;2;1;2;B01
201500050012;0;7;0;0;0;4;2;A01
201500050012;2;7;0;0;2;4;2;C01
201500050012;0;7;0;0;2;1;2;D01
201500050013;0;32;0;0;2;8;1;B01
201500050013;0;7;0;0;2;5;2;A01
201500050014;0;17;0;0;0;4;1;A01
201500050014;0;10;0;0;2;1;1;B01
201500050015;0;7;0;0;2;2;21;B01
201500050015;0;7;0;3;2;2;5;A01
201500050015;0;7;0;0;2;1;1;C01
201500050016;0;7;0;0;2;4;2;A01
201500050016;0;7;0;0;2;4;2;B01
201500050016;0;7;0;0;2;1;2;C01
201500050016;0;10;0;0;2;1;2;D01
201500050017;2;7;0;3;0;3;13;A01
201500050017;0;7;0;4;0;5;21;B01
201500050017;0;7;0;0;2;1;21;C01
201500050018;0;7;0;0;2;3;1;B01
201500050018;0;7;0;6;2;1;1;A01
201500050019;0;7;0;0;2;2;1;B01
201500050019;0;7;0;0;0;4;0;A01
201500050020;0;7;0;0;2;1;2;B01
201500050020;0;7;0;4;0;1;2;A01
201500050021;0;7;0;0;2;4;2;A01
201500050021;0;7;0;0;2;1;2;B01
201500050022;0;7;0;3;2;8;1;B01
201500050022;0;17;0;0;2;7;12;A01
201500050023;0;7;0;0;2;4;2;B01
201500050023;0;7;0;14;0;1;2;D01
201500050023;0;7;0;0;2;4;2;A01
201500050023;0;7;0;14;2;4;2;C01
201500050024;0;7;0;10;0;2;0;A01
201500050025;0;7;0;0;2;1;1;B01
201500050025;0;7;0;0;2;4;1;A01
201500050026;0;7;0;3;0;1;1;A01
201500050027;0;7;0;0;2;4;1;A01
201500050027;0;7;0;0;2;1;2;C01
201500050027;0;7;0;0;2;1;2;B01
201500050028;0;7;0;0;2;1;2;B01
201500050028;0;7;0;0;2;4;1;A01
201500050029;0;10;0;0;2;7;12;A01
201500050029;0;34;0;0;2;8;2;B01
201500050030;0;33;0;15;0;7;1;A01
201500050031;0;7;0;4;0;3;2;A01
201500050032;0;32;0;0;2;1;2;B01
201500050032;0;7;0;0;2;6;2;A01
201500050033;0;33;0;4;9;8;2;A01
201500050034;0;16;0;0;2;7;12;B01
201500050034;0;7;0;0;2;8;1;A01
201500050034;0;7;0;0;2;8;1;C01
201500050035;0;7;0;0;2;4;2;C01
201500050035;0;7;0;0;2;6;2;A01
201500050035;0;7;0;0;2;1;2;D01
201500050035;0;7;0;0;2;4;2;B01
201500050036;0;7;0;0;2;1;1;B01
201500050036;0;7;0;0;0;4;1;A01
201500050037;0;7;0;0;2;1;2;D01
201500050037;0;7;0;0;2;4;2;B01
201500050037;0;7;0;0;2;4;2;A01
201500050037;0;7;0;0;2;4;2;C01
201500050038;0;33;0;0;2;0;2;B01
201500050038;0;7;0;0;2;1;2;A01
201500050039;0;7;0;0;2;1;1;B01
201500050039;0;7;0;0;0;4;1;A01
201500050040;0;33;0;0;0;8;15;A01
201500050040;0;15;0;0;2;5;15;B01
201500050040;0;7;0;0;2;3;14;C01
201500050041;0;7;0;3;2;0;0;B01
201500050041;0;14;0;0;0;0;0;A01
201500050042;0;10;0;0;0;5;1;A01
201500050043;0;7;0;0;2;4;2;A01
201500050043;0;7;0;0;2;4;2;B01
201500050043;0;7;0;0;2;1;2;C01
201500050044;0;7;0;0;2;4;1;B01
201500050044;0;7;0;0;2;2;1;A01
201500050044;0;7;0;0;2;6;1;C01
201500050045;0;7;0;0;2;4;14;A01
201500050045;0;7;0;0;2;1;1;B01
201500050046;0;7;0;4;0;3;1;A01
201500050047;0;7;0;0;2;1;1;A01
201500050047;0;33;0;0;0;4;1;B01
201500050048;0;10;0;0;2;1;1;A01
201500050048;0;7;0;0;2;4;2;B01
201500050049;0;7;0;0;0;9;13;A01
201500050050;0;7;0;3;0;1;1;A01
201500050051;0;7;0;0;0;4;2;B01
201500050051;0;7;0;0;0;1;2;C01
201500050051;0;7;0;0;0;4;2;A01
201500050052;0;33;0;14;0;7;12;B01
201500050052;0;33;0;0;2;3;1;C01
201500050052;0;7;0;0;0;5;23;A01
201500050053;0;7;0;0;0;1;1;A01
201500050054;0;7;0;4;0;2;2;A01
201500050055;0;7;0;13;0;1;2;A01
201500050056;0;7;0;4;0;3;0;A01
201500050057;0;10;0;2;0;9;0;A01
201500050058;0;7;0;0;2;7;1;B01
201500050058;0;7;0;0;2;4;21;A01
201500050059;0;7;0;0;2;4;1;A01
201500050059;0;7;0;0;2;1;0;B01
201500050060;0;7;0;0;2;1;0;B01
201500050060;0;7;0;0;2;4;2;A01
201500050061;0;32;0;0;2;3;2;C01
201500050061;0;10;0;0;2;4;1;A01
201500050061;0;7;0;0;2;9;1;B01
201500050062;0;7;0;6;0;1;1;A01
201500050063;0;7;0;3;0;2;1;A01
201500050064;0;7;0;4;0;8;1;A01
201500050065;0;7;0;0;2;6;9;A01
201500050065;0;7;0;0;2;1;2;B01
201500050066;0;7;0;0;2;4;2;A01
201500050066;0;7;0;0;2;1;2;B01
201500050067;0;33;0;0;2;1;3;B01
201500050067;0;7;0;0;0;5;2;A01
201500050068;0;17;0;0;2;1;1;B01
201500050068;0;7;0;3;2;8;0;A01
201500050069;0;7;0;0;2;4;2;A01
201500050069;0;10;0;0;2;5;2;B01
201500050069;0;7;0;0;2;3;2;C01
201500050070;0;10;0;0;2;4;23;A01
201500050070;0;7;0;0;2;4;23;C01
201500050070;0;7;0;0;2;1;2;D01
201500050070;0;7;0;0;2;4;23;B01
201500050071;0;7;0;0;2;1;2;B01
201500050071;0;7;0;0;2;4;23;A01
201500050072;0;7;0;4;0;5;17;A01
201500050072;1;7;0;0;0;0;0;Z01
201500050073;0;7;0;0;2;1;2;B01
201500050073;0;34;0;0;2;4;1;A01
201500050074;0;7;0;0;2;4;2;A01
201500050074;0;7;0;0;2;4;2;C01
201500050074;0;10;0;0;2;4;2;B01
201500050075;0;7;0;0;0;4;2;A01
201500050075;0;7;0;0;2;1;2;B01
201500050076;0;7;0;0;2;0;0;A01
201500050076;0;7;0;0;2;0;0;B01
201500050077;0;7;0;0;2;4;2;A01
201500050077;0;7;0;0;2;1;2;B01
201500050078;0;7;0;0;1;1;1;C01
201500050078;0;7;0;0;1;2;1;A01
201500050078;0;7;0;0;1;1;1;B01
201500050079;0;7;0;4;2;1;18;B01
201500050079;0;7;0;0;2;7;1;A01
201500050080;0;7;0;0;2;4;2;B01
201500050080;0;7;0;0;2;1;2;A01
201500050081;0;7;0;0;2;4;2;A01
201500050081;0;33;0;0;2;1;2;B01
201500050082;0;7;0;0;0;4;2;B01
201500050082;0;7;0;0;0;4;1;A01
201500050082;0;7;0;0;2;1;2;C01
201500050083;0;7;0;0;2;1;2;B01
201500050083;0;7;0;0;2;2;1;C01
201500050083;0;7;0;6;0;1;1;A01
201500050084;0;7;0;0;2;1;2;B01
201500050084;0;31;0;0;2;4;1;A01
201500050085;0;7;0;3;0;1;1;A01
201500050086;0;30;0;3;0;3;12;A01
201500050087;0;38;0;0;2;4;1;A01
201500050087;0;7;0;0;2;1;1;B01
201500050088;0;15;0;0;2;0;0;B01
201500050088;0;7;0;0;2;0;18;A01
201500050089;0;7;0;0;0;0;0;C01
201500050089;0;7;0;3;2;2;0;A01
201500050089;0;7;0;0;2;3;2;B01
201500050090;0;7;0;3;0;0;21;A01
201500050091;0;7;0;0;2;1;0;B01
201500050091;0;7;0;0;2;4;1;A01
201500050092;0;7;0;0;0;1;1;A01
201500050093;0;7;0;0;2;1;2;C01
201500050093;0;7;0;0;2;4;2;A01
201500050093;0;7;0;0;2;4;2;B01
201500050094;0;7;0;0;2;4;2;A01
201500050094;0;7;0;0;2;4;2;B01
201500050094;0;7;0;0;2;1;2;C01
201500050095;0;7;0;0;2;4;2;A01
201500050095;0;7;0;0;2;1;2;C01
201500050095;0;7;0;0;2;4;2;B01
201500050096;0;7;0;0;2;1;1;D01
201500050096;0;7;0;0;2;4;2;A01
201500050096;0;7;0;0;2;1;2;B01
201500050096;0;7;0;0;2;4;1;C01
201500050097;0;33;0;0;0;7;0;A01
201500050098;0;7;0;13;0;1;1;A01
201500050099;0;7;0;0;0;1;1;A01
201500050100;0;7;0;0;2;6;2;A01
201500050100;0;34;0;0;2;1;11;B01
201500050101;0;33;0;12;0;9;0;A01
201500050102;0;7;0;0;2;6;1;A01
201500050102;0;33;0;0;2;2;2;B01
201500050103;0;7;0;0;2;4;23;A01
201500050103;0;37;0;0;2;1;2;B01
201500050104;1;7;0;0;2;2;1;B01
201500050104;1;7;0;0;0;3;13;A01
201500050105;0;33;0;4;2;8;1;A01
201500050105;0;7;0;0;2;8;1;B01
201500050106;0;7;0;4;0;2;2;A01