num_acc;senc;catv;occutc;obs;obsm;choc;manv;num_veh
201500050106;0;10;0;0;2;1;2;B01
201500050107;0;33;0;0;2;3;2;B01
201500050107;0;7;0;0;2;5;2;A01
201500050108;0;7;0;0;2;4;3;B01
201500050108;0;7;0;0;2;1;3;A01
201500050109;0;30;0;0;0;8;1;A01
201500050110;0;7;0;0;2;1;2;B01
201500050110;0;7;0;0;2;4;2;A01
201500050111;0;7;0;15;0;9;1;A01
201500050112;0;7;0;0;2;4;2;B01
201500050112;0;7;0;0;2;1;2;C01
201500050112;0;7;0;0;0;0;0;A01
201500050113;0;7;0;4;2;4;1;A01
201500050113;0;7;0;0;2;3;1;B01
201500050114;0;10;0;0;2;4;2;A01
201500050114;0;7;0;0;2;1;2;B01
201500050115;0;7;0;13;0;9;16;A01
201500050116;0;7;0;0;2;1;1;C01
201500050116;0;7;0;0;2;4;1;B01
201500050116;0;7;0;0;2;4;1;A01
201500050117;0;7;0;0;2;1;2;B01
201500050117;0;7;0;0;2;4;2;A01
201500050118;0;7;0;0;0;3;2;A01
201500050119;0;7;0;0;2;1;2;B01
201500050119;0;7;0;0;2;4;2;A01
201500050120;0;7;0;0;0;1;0;A01
201500050121;0;33;0;0;0;1;21;A01
201500050122;0;33;0;0;0;3;1;A01
201500050122;0;7;0;0;9;6;1;B01
201500050122;0;7;0;0;2;1;1;C01
201500050122;0;7;0;0;2;6;1;D01
201500050122;0;7;0;0;2;1;1;E01
201500050123;0;7;0;0;2;4;2;B01
201500050123;0;7;0;0;2;4;2;A01
201500050123;0;7;0;0;0;0;0;C01
201500050124;0;33;0;0;2;1;2;B01
201500050124;0;7;0;0;2;5;2;A01
201500050125;0;7;0;0;2;5;0;A01
201500050125;0;7;0;0;2;8;0;B01
201500050126;0;7;0;4;0;1;17;A01
201500050127;0;7;0;0;2;1;12;B01
201500050127;0;31;0;0;2;4;2;A01
201500050128;0;7;0;0;2;3;1;B01
201500050128;0;7;0;0;2;5;12;A01
201500050129;0;7;0;0;2;4;1;A01
201500050129;0;7;0;0;2;4;1;B01
201500050129;0;7;0;0;2;4;1;C01
201500050129;0;7;0;0;2;1;2;D01
201500050130;0;7;0;0;0;5;1;A01
201500050130;0;34;0;0;2;1;3;B01
201500050131;0;7;0;4;0;1;0;A01
201500050132;0;7;0;0;2;4;1;B01
201500050132;0;7;0;0;2;1;1;A01
201500050133;0;7;0;4;0;3;0;A01
201500050134;0;7;0;3;0;3;2;A01
201500050135;0;32;0;0;0;6;0;A01
201500050136;0;7;0;0;1;1;2;A01
201500050137;0;7;0;0;0;4;1;A01
201500050137;0;7;0;0;2;4;1;B01
201500050137;0;33;0;0;2;1;1;C01
201500050137;0;33;0;0;0;7;1;D01
201500050138;0;7;0;0;2;4;2;A01
201500050138;0;7;0;0;2;1;2;B01
201500050139;0;7;0;3;0;2;14;A01
201500050140;0;7;0;4;0;2;2;A01
201500050141;0;10;0;0;2;4;2;B01
201500050141;0;10;0;0;2;4;2;A01
201500050141;0;7;0;0;2;1;2;C01
201500050142;0;7;0;0;2;1;1;C01
201500050142;0;7;0;0;2;1;1;B01
201500050142;0;7;0;0;2;4;1;A01
201500050142;0;7;0;0;2;1;1;D01
201500050143;0;7;0;4;0;1;0;A01
201500050144;0;7;0;0;2;4;2;A01
201500050144;0;7;0;0;2;1;2;B01
201500050145;0;7;0;0;2;1;2;B01
201500050145;0;7;0;0;2;4;2;A01
201500050146;0;7;0;0;2;1;1;B01
201500050146;0;99;0;0;2;4;1;A01
201500050147;0;7;0;0;2;4;2;B01
201500050147;0;7;0;0;2;1;2;A01
201500050148;0;7;0;0;2;0;0;B01
201500050148;0;7;0;0;9;4;2;A01
201500050149;0;33;0;0;0;1;1;A01
201500050150;0;7;0;3;0;1;1;A01
201500050151;1;7;0;0;2;1;2;C01
201500050151;0;7;0;0;2;4;0;B01
201500050151;0;7;0;0;0;4;1;A01
201500050152;0;7;0;0;2;4;1;A01
201500050152;0;10;0;0;2;1;1;B01
201500050152;0;7;0;0;2;1;1;C01
201500050153;0;7;0;0;2;4;1;A01
201500050153;0;7;0;0;2;1;2;C01
201500050153;0;7;0;0;2;4;2;B01
201500050154;0;7;0;3;0;9;2;A01
201500050155;0;7;0;0;2;4;2;A01
201500050155;0;7;0;0;2;1;2;B01
201500050156;0;7;0;4;0;3;1;A01
201500050157;0;7;0;0;2;4;2;C01
201500050157;0;7;0;0;2;1;2;D01
201500050157;0;7;0;0;2;4;2;A01
201500050157;0;7;0;0;2;1;2;E01
201500050157;0;7;0;0;2;4;2;B01
201500050158;0;33;0;16;0;8;11;A01
201500050158;1;7;0;0;2;0;11;Z01
201500050159;0;14;0;0;2;2;3;B01
201500050159;0;7;0;0;2;4;3;A01
201500050160;0;7;0;0;0;0;0;A01
201500050161;0;7;0;13;0;3;13;A01
201500050162;0;32;0;0;0;0;0;A01
201500050163;0;7;0;0;2;8;0;B01
201500050163;0;7;0;0;2;1;13;A01
201500050164;0;10;0;0;2;1;2;B01
201500050164;0;7;0;0;2;4;0;A01
201500050165;0;1;0;0;0;0;0;B01
201500050165;0;33;0;0;2;0;0;A01
201500050166;0;7;0;0;0;4;2;A01
201500050166;0;33;0;0;2;1;2;B01
201500050167;0;7;0;0;2;4;1;A01
201500050167;0;10;0;0;2;1;2;B01
201500050168;0;7;0;0;0;8;1;A01
201500050168;0;33;0;0;2;7;17;B01
201500050169;0;7;0;0;0;2;1;A01
201500050170;0;7;0;0;2;4;1;A01
201500050170;0;7;0;0;2;1;1;B01
201500050171;0;7;0;0;2;9;3;B01
201500050171;0;7;0;0;2;8;2;A01
201500050172;0;7;0;0;2;4;1;A01
201500050172;0;14;0;0;2;1;1;C01
201500050172;0;7;0;0;2;4;1;B01
201500050173;1;7;0;0;0;0;0;Z01
201500050173;0;31;0;0;2;1;1;A01
201500050174;0;32;0;0;2;8;1;B01
201500050174;0;10;0;0;2;2;1;A01
201500050175;0;7;0;0;2;4;2;A01
201500050175;0;2;0;0;2;1;2;B01
201500050176;0;10;0;0;2;1;0;C01
201500050176;0;10;0;0;0;4;1;A01
201500050176;0;10;0;0;2;4;1;B01
201500050177;0;7;0;0;2;4;1;A01
201500050177;0;7;0;0;2;4;1;B01
201500050177;0;10;0;0;2;1;1;C01
201500050178;0;7;0;0;2;7;12;B01
201500050178;0;33;0;0;2;8;1;A01
201500050179;0;15;0;0;0;0;0;B01
201500050179;0;7;0;0;2;8;2;A01
201500050180;0;7;0;0;2;6;1;A01
201500050180;0;7;0;0;2;2;16;B01
201500050181;0;31;0;0;0;0;1;A01
201500050182;0;7;0;0;2;3;1;A01
201500050182;1;7;0;0;2;2;1;Z01
201500050183;0;7;0;0;2;2;1;A01
201500050183;0;7;0;3;2;8;9;B01
201500050184;1;10;0;0;0;0;0;Z01
201500050184;0;33;0;0;2;8;3;A01
201500050185;0;7;0;0;2;1;2;C01
201500050185;0;7;0;0;2;4;2;A01
201500050185;0;7;0;0;2;4;2;B01
201500050186;0;7;0;0;2;2;1;A01
201500050186;0;7;0;0;2;6;1;B01
201500050187;0;7;0;0;2;4;1;A01
201500050187;0;7;0;0;2;1;1;B01
201500050188;0;7;0;0;2;2;3;B01
201500050188;0;7;0;0;2;4;2;A01
201500050189;0;7;0;0;2;4;2;B01
201500050189;0;10;0;0;2;1;2;C01
201500050189;0;7;0;0;2;4;2;A01
201500050190;0;7;0;0;0;0;0;A01
201500050191;0;7;0;0;0;4;2;B01
201500050191;0;10;0;0;0;0;0;A01
201500050191;0;7;0;0;2;1;2;C01
201500050192;0;34;0;0;0;9;1;A01
201500050193;0;7;0;0;2;4;1;A01
201500050193;0;7;0;0;2;1;1;B01
201500050194;0;7;0;0;2;4;0;D01
201500050194;0;7;0;0;2;1;2;A01
201500050194;0;7;0;0;2;4;2;E01
201500050194;0;7;0;0;2;1;2;B01
201500050194;0;7;0;0;2;4;0;C01
201500050195;1;7;0;0;2;4;2;Z01
201500050195;1;34;0;0;2;1;2;A01
201500050196;0;7;0;0;0;3;13;A01
201500050197;0;7;0;0;0;5;1;A01
201500050197;0;7;0;0;2;3;11;B01
201500050198;0;7;0;0;2;4;2;C01
201500050198;0;7;0;0;2;1;2;D01
201500050198;0;7;0;0;2;4;2;B01
201500050198;0;7;0;0;2;4;2;A01
201500050199;0;10;0;0;2;6;11;A01
201500050199;0;33;0;0;2;1;1;B01
201500050200;0;7;0;0;2;4;2;A01
201500050200;0;34;0;0;2;1;2;C01
201500050200;0;7;0;0;2;4;2;B01
201500050201;0;7;0;0;2;4;2;A01
201500050201;0;7;0;0;2;1;2;B01
201500050202;0;15;0;0;2;2;2;A01
201500050202;0;7;0;0;0;0;0;B01
201500050203;0;7;0;4;0;2;21;A01
201500050204;0;33;0;0;2;8;1;B01
201500050204;0;7;0;0;2;7;14;A01
201500050205;0;7;0;0;2;2;2;B01
201500050205;0;7;0;0;2;6;0;A01
201500050206;0;7;0;0;2;4;2;A01
201500050206;0;7;0;0;2;1;2;C01
201500050206;0;7;0;0;2;1;2;B01
201500050207;0;7;0;0;2;4;23;A01
201500050207;0;7;0;0;2;4;23;B01
201500050207;0;7;0;0;2;1;2;C01
201500050208;0;7;0;0;2;4;23;A01
201500050208;0;14;0;0;2;1;2;B01
201500050209;0;7;0;13;0;9;1;A01
201500050210;0;7;0;0;2;4;2;B01
201500050210;0;7;0;0;2;4;2;C01
201500050210;0;7;0;0;2;1;0;D01
201500050210;0;7;0;0;2;4;2;A01
201500050211;0;33;0;14;0;7;2;A01
201500050212;0;7;0;3;0;1;13;A01
201500050213;0;7;0;0;2;4;2;A01
201500050213;0;7;0;0;2;1;2;B01
201500050214;0;31;0;0;2;7;12;B01
201500050214;0;7;0;0;2;3;1;A01
201500050215;1;7;0;0;2;4;2;A01
201500050216;1;34;0;0;2;7;1;A01
201500050217;0;7;0;0;9;3;2;B01
201500050217;0;17;0;2;0;1;0;A01
201500050218;0;7;0;0;2;1;2;C01
201500050218;0;7;0;0;2;1;2;B01
201500050218;0;7;0;14;0;4;2;A01
201500050218;0;7;0;0;2;1;2;D01
201500050219;0;7;0;0;0;3;0;A01
201500050220;1;7;0;0;9;0;0;Z01
201500050220;0;7;0;0;9;4;2;A01
201500050220;0;7;0;0;2;1;2;C01
201500050220;0;7;0;0;9;4;2;B01
201500050221;0;7;0;3;0;3;13;A01
201500050222;0;7;0;0;2;7;14;B01
201500050222;0;7;0;0;0;8;1;A01
201500050223;0;33;0;0;2;0;3;B01
201500050223;0;7;0;0;2;4;2;A01
201500050224;0;7;0;0;2;1;2;B01
201500050224;0;7;0;0;2;4;2;A01
201500050225;0;7;0;0;2;4;2;A01
201500050225;0;7;0;0;2;1;2;C01
201500050225;0;7;0;0;2;3;2;B01
201500050226;0;7;0;0;2;1;2;B01
201500050226;0;33;0;0;2;4;2;A01
201500050227;0;2;0;0;2;1;5;A01
201500050227;0;7;0;0;9;2;21;B01
201500050227;0;7;0;0;9;3;1;C01
201500050228;0;32;0;3;0;1;13;A01
201500050229;0;7;0;0;0;6;1;A01
201500050229;0;33;0;0;2;1;1;B01
201500050230;0;7;0;0;2;5;1;E02
201500050230;0;14;0;0;2;6;1;B01
201500050230;0;7;0;0;2;5;2;C01
201500050230;0;7;0;0;2;4;1;A01
201500050230;0;10;0;0;2;1;2;F02
201500050230;0;7;0;0;2;5;1;D01
201500050231;1;7;0;0;0;0;0;Z01
201500050231;1;7;0;0;2;3;1;A01
201500050232;0;10;0;0;2;2;21;B01
201500050232;0;14;0;0;2;6;1;A01
201500050233;0;7;0;0;2;4;2;B01
201500050233;0;7;0;0;2;1;2;C01
201500050233;0;7;0;0;2;4;1;A01
201500050234;0;7;0;0;2;4;2;A01
201500050234;0;7;0;0;2;1;2;C01
201500050234;0;7;0;0;2;4;2;B01
201500050235;0;7;0;0;2;1;2;B01
201500050235;0;7;0;0;2;4;0;A01
201500050236;0;7;0;0;0;9;0;A01
201500050237;0;7;0;0;2;9;1;A01
201500050237;0;7;0;0;2;8;18;B01
201500050238;0;7;0;0;0;4;1;A01
201500050238;0;7;0;0;2;1;2;B01
201500050239;0;7;0;13;0;9;1;A01
201500050240;0;14;0;1;0;2;14;B01
201500050240;0;7;0;0;2;4;23;A01
201500050241;0;7;0;0;2;4;1;A01
201500050241;0;7;0;0;2;4;1;B01
201500050242;0;7;0;0;0;0;0;A01
201500050243;0;32;0;0;0;7;2;A01
201500050244;0;7;0;0;2;1;2;A01
201500050244;0;7;0;0;2;4;2;C01
201500050244;0;7;0;0;2;4;2;B01
201500050245;1;7;0;0;1;0;0;Z01
201500050246;0;33;0;0;0;7;9;A01
201500050247;0;7;0;0;2;4;1;A01
201500050248;0;15;0;0;2;3;2;A01
201500050248;0;7;0;0;2;4;2;B01
201500050249;0;7;0;0;2;1;0;B01
201500050249;0;7;0;0;2;4;1;A01
201500050250;0;10;0;0;2;1;2;B01
201500050250;0;7;0;0;2;4;0;A01
201500050251;0;7;0;4;0;0;0;A01
201500050252;0;7;0;3;2;1;2;B01
201500050252;0;7;0;16;2;4;1;A01
201500050253;0;10;0;0;2;3;2;D01
201500050253;0;7;0;0;2;6;2;C01
201500050253;0;7;0;0;2;1;2;B01
201500050253;0;7;0;0;2;3;2;A01
201500050254;0;7;0;0;2;8;9;B01
201500050254;0;15;0;0;2;2;2;A01
201500050255;0;7;0;0;2;1;2;B01
201500050255;0;7;0;0;2;7;2;A01
201500050256;0;7;0;0;2;1;2;B01
201500050256;0;7;0;0;2;4;2;A01
201500050257;0;7;0;0;0;9;1;A01
201500050258;0;7;0;0;0;0;0;A01
201500050259;0;7;0;0;2;1;2;A01
201500050259;0;7;0;0;2;4;2;C01
201500050259;0;7;0;0;2;4;2;B01
201500050260;0;33;0;0;0;7;1;A01
201500050261;0;7;0;0;2;7;0;A01
201500050261;0;7;0;0;2;9;0;B01
201500050262;0;7;0;0;2;4;2;A01
201500050262;0;7;0;0;2;4;2;B01
201500050262;0;7;0;0;2;1;2;C01
201500050263;0;7;0;0;2;1;2;D01
201500050263;0;7;0;0;2;4;2;C01
201500050263;0;7;0;0;2;6;3;B01
201500050263;0;3;0;0;2;4;2;A01
201500050264;1;7;0;0;2;4;1;B01
201500050264;0;7;0;0;2;1;1;D01
201500050264;0;7;0;0;2;4;0;C01
201500050265;0;7;0;0;0;4;1;A01
201500050265;0;7;0;0;2;1;1;B01
201500050266;0;33;0;0;0;8;0;A01
201500050267;0;7;0;0;2;2;17;A01
201500050267;0;7;0;0;2;6;1;B01
201500050268;0;7;0;0;2;5;2;A01
201500050269;0;7;0;0;2;4;2;A01
201500050269;0;7;0;0;2;1;2;C01
201500050269;0;7;0;0;2;4;2;B01
201500050270;0;7;0;0;2;4;2;A01
201500050270;0;7;0;0;2;1;2;B01
201500050271;0;7;0;0;2;8;13;A01
201500050271;0;33;0;5;2;1;2;B01
201500050272;0;33;0;0;0;8;13;A01
201500050273;0;7;0;0;2;1;2;B01
201500050273;0;7;0;0;2;4;2;A01
201500050274;0;14;0;1;0;1;1;B01
201500050274;0;7;0;0;2;4;23;A01
201500050275;0;7;0;0;2;1;0;B01
201500050275;0;7;0;0;2;4;1;A01
201500050276;0;7;0;0;2;2;0;A01
201500050276;0;34;0;0;0;0;0;B01
201500050277;0;7;0;4;0;1;1;A01
201500050278;0;7;0;0;2;4;1;B01
201500050278;0;7;0;0;0;4;0;A01
201500050278;0;7;0;0;2;1;1;C01
201500050279;0;33;0;0;2;1;2;B01
201500050279;0;7;0;0;2;5;2;A01
201500050280;0;10;0;0;2;2;14;A01
201500050280;0;7;0;0;2;6;1;B01
201500050281;0;7;0;4;0;7;1;A01
201500050282;0;7;0;4;0;1;1;A01
201500050283;0;7;0;4;0;0;1;A01
201500050284;0;7;0;0;2;7;14;A01
201500050284;0;33;0;0;2;8;1;B01
201500050285;0;7;0;0;2;3;1;B01
201500050285;0;7;0;0;2;5;1;A01
201500050286;0;10;0;0;0;0;0;B01
201500050286;0;7;0;1;0;1;2;A01
201500050287;0;7;0;0;2;1;1;B01
201500050287;0;7;0;0;0;4;1;A01
201500050288;0;7;0;0;0;0;0;A01
201500050288;0;7;0;0;2;1;2;B01
201500050289;0;7;0;0;0;0;0;C01
201500050289;0;7;0;4;0;4;2;A01
201500050289;0;7;0;0;0;0;0;B01
201500050290;0;7;0;4;0;1;1;A01
201500050291;0;7;0;0;2;2;2;B01
201500050291;0;7;0;0;2;6;1;A01
201500050292;0;7;0;0;2;6;2;A01
201500050292;0;7;0;0;2;2;13;B01
201500050293;0;7;0;0;2;4;2;A01
201500050293;0;7;0;0;2;1;2;B01
201500050294;0;7;0;0;2;9;1;A01
201500050294;0;15;0;3;0;8;1;B01
201500050295;0;7;0;0;0;0;0;B01
201500050295;0;7;0;0;0;4;2;A01
201500050296;2;7;0;0;2;1;2;B01
201500050296;2;7;0;0;2;4;1;A01
201500050297;0;7;0;0;2;2;12;A01
201500050297;0;32;0;0;2;1;1;B01
201500050298;0;7;0;0;2;1;2;B01
201500050298;0;10;0;0;2;4;2;A01
201500050299;0;7;0;0;2;6;1;C01
201500050299;0;7;0;0;2;6;11;A01
201500050299;0;33;0;0;9;9;1;B01
201500050300;0;15;0;0;2;1;1;C01
201500050300;0;10;0;0;2;1;1;B01
201500050300;0;7;0;0;0;4;1;A01
201500050301;0;10;0;0;2;1;1;B01
201500050301;0;10;0;0;2;4;1;A01
201500050301;0;33;0;0;2;1;1;D01
201500050301;0;10;0;0;2;1;1;C01
201500050302;0;10;0;0;0;4;0;A01
201500050302;0;7;0;0;2;1;2;B01
201500050303;0;7;0;0;2;1;2;B01
201500050303;0;7;0;11;0;1;14;A01
201500050304;0;7;0;0;2;4;0;A01
201500050304;0;7;0;0;2;1;0;B01
201500050305;0;7;0;0;2;6;11;B01
201500050305;0;7;0;0;2;2;0;A01
201500050306;0;7;0;0;2;4;1;B01
201500050306;0;7;0;0;2;1;1;C01
201500050306;0;7;0;0;2;4;1;A01
201500050307;0;7;0;0;2;4;2;A01
201500050307;0;7;0;0;2;1;2;C01
201500050307;0;7;0;0;0;0;0;B01
201500050308;0;7;0;0;2;1;1;C01
201500050308;0;7;0;0;2;4;2;B01
201500050308;0;7;0;0;2;0;2;A01
201500050309;0;7;0;0;2;1;1;C01
201500050309;0;7;0;0;2;0;2;A01
201500050309;0;7;0;0;2;4;2;B01
201500050310;0;7;0;0;2;1;1;A01
201500050310;0;7;0;0;2;4;1;B01
201500050311;0;20;0;6;0;0;0;C01
201500050311;0;7;0;14;0;3;1;A01
201500050312;0;32;0;0;2;1;2;B01
201500050312;0;7;0;0;2;1;2;A01
201500050313;0;7;0;0;2;1;5;A01
201500050313;0;7;0;14;0;1;2;D01
201500050313;0;7;0;0;2;1;2;B01
201500050313;0;7;0;14;0;2;2;C01
201500050314;0;7;0;0;9;6;1;A01
201500050314;0;17;0;1;0;1;2;B01
201500050315;0;10;0;0;2;4;2;A01
201500050315;0;33;0;0;2;1;2;B01
201500050316;0;7;0;0;2;0;0;C01
201500050316;2;7;0;3;0;8;19;A01
201500050316;0;7;0;14;0;3;1;B01
201500050317;0;7;0;0;0;8;1;A01
201500050317;0;7;0;0;2;1;12;B01
201500050318;0;7;0;4;0;1;13;A01
201500050319;0;7;0;0;2;1;2;B01
201500050319;0;7;0;0;2;4;2;A01
201500050320;0;7;0;0;0;9;0;A01
201500050321;0;7;0;0;0;1;2;B01
201500050321;0;7;0;0;0;4;2;A01
201500050322;0;7;0;0;0;2;2;A01
201500050323;0;7;0;6;2;4;11;B01
201500050323;0;7;0;0;2;4;2;A01
201500050323;0;7;0;0;2;1;1;C01
201500050324;0;7;0;0;0;0;0;B01
201500050324;0;7;0;4;0;1;0;A01
201500050325;0;7;0;0;2;5;2;B01
201500050325;0;7;0;0;2;3;12;A01
201500050326;0;7;0;0;2;5;23;C01
201500050326;0;10;0;14;0;3;17;B01
201500050326;0;7;0;0;0;0;0;A01
201500050327;0;7;0;4;0;1;13;A01
201500050328;0;7;0;0;2;2;12;A01
201500050328;0;31;0;0;2;7;3;B01
201500050329;0;7;0;0;2;6;2;A01
201500050329;1;7;0;0;2;2;0;Z01
201500050330;0;7;0;2;0;1;1;A01
201500050331;0;7;0;0;2;4;1;A01
201500050331;0;7;0;0;2;1;11;B01
201500050332;0;7;0;0;2;2;2;B01
201500050332;0;7;0;0;2;4;2;A01
201500050333;0;7;0;16;0;9;1;A01
201500050334;0;7;0;0;0;7;1;A01
201500050335;0;7;0;4;0;8;0;A01
201500050336;0;7;0;0;2;1;2;B01
201500050336;0;7;0;0;2;4;2;C01
201500050336;0;7;0;0;2;4;2;A01
201500050337;0;33;0;0;0;8;15;A01
201500050338;0;7;0;14;0;1;0;A01
201500050339;0;7;0;0;2;4;2;C01
201500050339;0;7;0;0;2;4;2;B01
201500050339;0;7;0;0;2;4;2;D01
201500050339;0;7;0;0;2;1;2;E01
201500050339;0;7;0;0;2;4;2;A01
201500050340;0;7;0;0;0;1;2;B01
201500050340;0;7;0;0;0;9;1;A01
201500050341;0;10;0;0;2;1;2;C01
201500050341;0;10;0;0;2;4;2;B01
201500050341;0;10;0;0;2;4;2;A01
201500050342;0;10;0;0;2;1;1;B01
201500050342;0;7;0;0;2;3;0;A01
201500050343;1;7;0;0;0;0;0;Z01
201500050343;0;7;0;0;2;8;9;A01
201500050344;0;7;0;0;0;0;0;A01
201500050345;0;7;0;0;2;4;2;A01
201500050345;0;7;0;0;2;1;2;B01
201500050346;0;7;0;0;2;4;2;A01
201500050346;0;7;0;0;2;1;17;B01
201500050347;0;32;0;0;2;4;1;B01
201500050347;0;33;0;0;2;1;12;A01
201500050348;0;7;0;0;2;4;2;A01
201500050348;0;7;0;0;2;1;1;B01
201500050349;0;7;0;0;0;9;0;A01
201500050350;0;7;0;3;2;6;1;A01
201500050350;0;7;0;0;2;2;14;B01
201500050351;0;7;0;0;5;4;1;A01
201500050351;0;7;0;0;5;1;2;B01
201500050352;2;7;0;0;2;1;1;C01
201500050352;0;7;0;0;2;4;1;A01
201500050352;0;7;0;0;2;4;2;B01
201500050353;0;7;0;0;0;3;13;A01
201500050354;0;7;0;0;2;5;2;A01
201500050354;0;33;0;0;2;3;2;B01
201500050355;0;10;0;0;2;4;2;A01
201500050355;0;7;0;0;2;1;2;D01
201500050355;0;7;0;0;2;4;2;C01
201500050355;0;7;0;0;2;4;2;B01
201500050356;0;7;0;0;0;4;0;A01
201500050356;1;31;0;0;0;0;0;Z01
201500050357;0;10;0;12;0;2;1;A01
201500050358;0;7;0;0;2;4;1;A01
201500050358;0;7;0;0;2;1;2;C01
201500050358;0;7;0;0;2;0;2;B01
201500050359;0;7;0;0;2;1;0;C01
201500050359;0;7;0;0;2;4;2;A01
201500050359;0;7;0;0;2;4;0;B01
201500050360;0;10;0;0;0;1;2;B01
201500050360;0;7;0;0;0;4;2;A01
201500050361;0;7;0;4;2;3;2;B01
201500050361;0;10;0;0;2;2;2;A01
201500050362;0;10;0;0;2;1;1;B01
201500050362;0;7;0;4;0;2;0;A01
201500050363;0;7;0;0;2;1;2;B01
201500050363;0;7;0;0;2;4;2;A01
201500050364;0;7;0;4;0;3;1;A01
201500050365;0;7;0;0;2;1;1;B01
201500050365;0;7;0;0;2;7;19;A01
201500050366;0;7;0;0;2;4;1;B01
201500050366;0;7;0;0;2;4;1;A01
201500050366;0;7;0;0;2;1;1;C01
201500050367;0;7;0;0;0;3;1;A01
201500050368;0;7;0;2;2;2;17;B01
201500050368;0;7;0;0;2;6;1;A01
201500050369;0;33;0;0;0;8;1;A01
201500050370;0;15;0;0;1;1;1;A01
201500050371;0;7;0;0;2;8;0;B01
201500050371;0;7;0;0;2;7;2;A01
201500050372;0;33;0;0;2;8;1;A01
201500050372;1;7;0;0;0;0;0;Z01
201500050373;0;7;0;0;2;6;2;A01
201500050373;0;34;0;0;2;1;3;B01
201500050374;0;33;0;0;0;8;11;A01
201500050375;0;7;0;0;2;1;2;B01
201500050375;0;7;0;0;2;4;2;A01
201500050376;0;7;0;0;0;4;1;A01
201500050376;0;7;0;0;2;1;1;B01
201500050377;0;10;0;0;2;2;13;B01
201500050377;0;7;0;3;2;6;1;A01
201500050378;0;7;0;0;2;0;0;A01
201500050378;0;7;0;0;2;1;2;B01
201500050379;0;7;0;0;0;4;2;A01
201500050379;0;33;0;0;0;1;2;B01
201500050380;0;10;0;0;0;4;1;A01
201500050380;0;7;0;0;0;1;2;B01
201500050380;0;15;0;0;0;1;2;C01
201500050381;0;20;0;0;2;4;2;A01
201500050381;0;10;0;0;2;1;2;B01
201500050382;0;7;0;13;2;9;14;B01
201500050382;0;7;0;0;0;0;0;A01
201500050383;0;7;0;0;2;4;2;A01
201500050383;0;7;0;0;2;1;2;B01
201500050384;0;7;0;4;0;3;1;A01
201500050385;0;7;0;0;2;4;2;C01
201500050385;0;7;0;0;2;1;2;D01
201500050385;0;7;0;0;2;4;2;B01
201500050385;0;7;0;0;2;4;2;A01
201500050386;0;7;0;0;2;0;0;C01
201500050386;0;7;0;14;0;4;1;B01
201500050386;0;7;0;0;2;4;1;A01
201500050387;0;7;0;0;2;1;2;A01
201500050387;0;10;0;0;2;1;2;B01
201500050388;0;7;0;0;2;4;2;A01
201500050388;0;7;0;0;2;1;2;B01
201500050389;0;7;0;4;0;3;0;A01
201500050390;0;7;0;0;2;0;0;B01
201500050390;0;7;0;0;2;0;0;A01
201500050390;0;7;0;0;2;0;0;C01
201500050391;0;7;0;0;2;1;1;B01
201500050391;0;7;0;0;2;5;13;A01
201500050392;1;15;0;0;0;0;0;Z01
201500050392;0;7;0;4;0;4;1;A01
201500050393;0;7;0;0;2;1;2;B01
201500050393;0;10;0;0;2;6;0;A01
201500050394;0;7;0;0;0;0;2;A01
201500050395;0;7;0;0;2;1;2;C01
201500050395;0;7;0;0;2;4;2;B01
201500050395;0;7;0;0;2;4;2;A01
201500050396;0;7;0;0;2;3;2;C01
201500050396;0;7;0;0;2;1;2;A01
201500050396;0;10;0;0;2;2;3;D01
201500050396;0;7;0;3;2;3;2;B01
201500050397;0;7;0;0;9;1;2;B01
201500050397;0;7;0;0;9;1;2;C01
201500050397;0;7;0;4;0;3;13;A01
201500050398;0;7;0;3;0;4;13;A01
201500050398;0;7;0;0;2;1;21;B01
201500050399;0;7;0;0;2;4;2;A01
201500050399;0;7;0;0;2;1;2;B01
201500050400;0;31;0;0;2;1;2;B01
201500050400;0;7;0;0;2;4;1;A01
201500050401;2;7;0;0;2;1;0;Z01
201500050401;0;7;0;0;2;0;0;A01
201500050402;0;7;0;0;2;1;2;A01
201500050403;0;10;0;0;2;1;2;B01
201500050403;0;10;0;0;2;4;23;A01
201500050404;0;7;0;0;2;1;2;A01
201500050404;0;7;0;0;2;4;0;B01
201500050405;0;7;0;0;2;1;2;B01
201500050405;0;7;0;0;2;4;2;A01
201500050406;0;7;0;13;0;0;0;A01
201500050407;0;32;0;16;0;8;1;A01
201500050408;0;7;0;0;2;1;2;B01
201500050408;0;7;0;0;2;4;2;A01
201500050409;0;7;0;0;2;4;2;C01
201500050409;0;7;0;0;2;4;2;B01
201500050409;0;7;0;0;2;1;2;A01
201500050410;0;7;0;3;0;8;1;A01
201500050410;0;15;0;0;2;2;16;B01
201500050411;0;7;0;0;2;1;2;A01
201500050412;0;10;0;0;2;1;2;C01
201500050412;0;7;0;0;2;4;2;A01
201500050412;0;10;0;0;2;4;2;B01
201500050413;0;7;0;13;0;0;0;A01
201500050414;0;7;0;0;2;7;12;A01
201500050414;0;1;0;0;2;0;3;B01
201500050415;0;7;0;0;2;4;2;A01
201500050415;0;7;0;0;2;1;2;B01
201500050415;0;7;0;0;2;1;2;C01
201500050416;0;33;0;16;0;7;0;A01
201500050417;0;7;0;0;0;0;0;A01
201500050418;0;7;0;0;2;2;2;A01
201500050418;0;7;0;0;2;6;2;B01
201500050419;0;7;0;0;2;5;12;A01
201500050419;0;7;0;0;0;0;0;C01