num_acc;senc;catv;occutc;obs;obsm;choc;manv;num_veh
201500050419;0;7;0;0;2;3;1;B01
201500050420;0;7;0;3;9;1;2;A01
201500050420;0;33;0;0;9;0;2;B01
201500050421;0;7;0;0;2;4;2;B01
201500050421;0;7;0;0;2;4;2;A01
201500050421;0;7;0;0;2;1;2;D01
201500050421;0;7;0;0;2;4;2;C01
201500050422;0;10;0;8;0;1;13;A01
201500050423;0;7;0;0;2;4;2;C01
201500050423;0;7;0;0;2;4;2;A01
201500050423;0;7;0;0;2;4;2;B01
201500050423;0;7;0;0;2;4;2;D01
201500050424;0;7;0;0;2;8;2;A01
201500050424;0;7;0;0;2;7;2;B01
201500050425;0;7;0;14;0;2;2;B01
201500050425;0;7;0;0;2;3;23;A01
201500050426;0;7;0;3;0;1;14;A01
201500050427;0;7;0;3;0;1;13;A01
201500050428;0;7;0;0;2;4;1;B01
201500050428;0;7;0;0;2;1;1;A01
201500050429;0;7;0;4;0;1;15;A01
201500050430;0;7;0;0;2;1;1;B01
201500050430;0;10;0;0;0;4;1;A01
201500050431;0;7;0;0;2;1;1;C01
201500050431;0;7;0;0;2;6;1;B01
201500050431;0;7;0;0;0;4;1;A01
201500050432;0;7;0;0;2;4;2;A01
201500050432;0;7;0;0;2;1;2;C01
201500050432;0;10;0;0;2;4;2;B01
201500050433;0;7;0;0;2;1;2;B01
201500050433;0;7;0;0;2;1;2;A01
201500050434;0;10;0;0;2;1;2;C01
201500050434;0;7;0;0;2;0;0;D01
201500050434;0;7;0;0;2;8;2;B01
201500050434;2;7;0;3;0;1;1;A01
201500050435;0;7;0;0;2;2;1;B01
201500050435;0;7;0;0;2;1;1;C01
201500050435;0;7;0;0;2;6;0;A01
201500050436;0;33;0;3;0;7;1;A01
201500050437;0;7;0;4;0;1;2;A01
201500050437;1;7;0;0;0;0;0;Z01
201500050438;0;7;0;4;2;8;2;C01
201500050438;0;7;0;0;2;0;2;B01
201500050438;0;7;0;0;2;0;2;A01
201500050439;0;7;0;0;0;4;2;A01
201500050439;0;31;0;0;2;1;2;B01
201500050440;0;7;0;0;0;0;0;A01
201500050441;1;7;0;0;2;0;0;Z01
201500050441;0;7;0;0;2;4;2;A01
201500050441;0;7;0;0;2;4;2;B01
201500050442;0;7;0;0;2;3;1;B01
201500050442;0;10;0;0;0;0;1;A01
201500050443;0;17;0;0;2;2;9;A01
201500050443;0;7;0;3;2;8;1;B01
201500050444;0;7;0;0;2;4;2;A01
201500050444;0;7;0;0;2;1;2;B01
201500050445;0;7;0;0;9;1;2;F02
201500050445;0;17;0;0;9;4;2;C01
201500050445;0;7;0;0;9;4;2;B01
201500050445;0;15;0;0;9;1;2;E01
201500050445;0;10;0;0;2;4;2;A01
201500050445;0;15;0;0;9;1;2;D01
201500050446;0;10;0;0;2;6;23;A01
201500050446;0;7;0;0;2;7;18;C01
201500050446;0;17;0;0;2;7;1;D01
201500050446;0;7;0;0;2;4;0;B01
201500050447;0;15;0;0;2;7;12;A01
201500050447;0;7;0;0;2;8;1;B01
201500050448;0;7;0;0;2;1;2;B01
201500050448;0;7;0;0;2;4;1;A01
201500050449;0;7;0;0;2;4;1;A01
201500050449;0;7;0;0;2;1;1;B01
201500050450;0;7;0;0;2;4;2;B01
201500050450;0;10;0;0;2;1;2;C01
201500050450;0;7;0;0;2;4;2;A01
201500050451;0;7;0;0;2;1;2;C01
201500050451;0;7;0;0;0;4;1;A01
201500050451;0;7;0;0;2;4;2;B01
201500050452;0;7;0;0;2;4;0;B01
201500050452;0;7;0;0;2;1;2;A01
201500050453;0;7;0;0;2;3;1;A01
201500050453;0;7;0;0;2;2;1;B01
201500050454;0;7;0;0;0;1;0;A01
201500050455;0;7;0;0;2;4;1;A01
201500050455;0;7;0;0;2;1;2;B01
201500050456;0;7;0;0;2;4;0;B01
201500050456;0;7;0;0;0;0;0;A01
201500050456;0;7;0;0;2;1;0;C01
201500050457;0;10;0;3;0;8;0;A01
201500050458;0;7;0;0;2;4;1;D01
201500050458;0;7;0;0;2;1;1;E01
201500050458;0;10;0;0;2;4;1;C01
201500050458;0;7;0;0;2;4;1;B01
201500050458;0;7;0;0;0;4;1;A01
201500050459;0;7;0;0;2;4;2;B01
201500050459;0;7;0;0;2;1;2;A01
201500050460;0;7;0;0;2;4;0;A01
201500050460;0;10;0;0;2;2;2;B01
201500050461;0;7;0;3;0;1;2;A01
201500050462;0;7;0;0;2;6;1;A01
201500050462;0;33;0;0;2;2;2;B01
201500050463;0;7;0;4;0;0;1;A01
201500050464;0;7;0;3;0;1;1;A01
201500050465;0;7;0;3;0;3;1;A01
201500050466;0;7;0;4;0;0;1;A01
201500050467;0;7;0;2;0;0;0;A01
201500050468;0;10;0;4;0;3;1;A01
201500050468;0;7;0;0;2;4;2;D01
201500050468;0;10;0;4;2;1;0;B01
201500050468;0;7;0;0;2;4;1;C01
201500050469;0;99;0;0;2;4;24;A01
201500050469;0;7;0;1;0;8;2;B01
201500050470;0;7;0;0;2;4;2;A01
201500050470;0;7;0;0;2;4;0;B01
201500050470;0;7;0;0;2;1;2;D01
201500050470;0;7;0;0;2;4;0;C01
201500050471;0;7;0;0;2;1;1;A01
201500050471;0;7;0;0;2;4;14;B01
201500050472;1;7;0;14;2;3;14;Z01
201500050472;0;7;0;0;0;0;0;B01
201500050473;0;7;0;4;0;1;14;A01
201500050474;0;33;0;0;0;0;2;A01
201500050475;0;7;0;0;2;4;1;A01
201500050475;0;7;0;0;2;1;1;B01
201500050476;0;7;0;0;2;6;1;A01
201500050476;0;33;0;0;2;1;2;B01
201500050477;0;7;0;0;2;4;1;B01
201500050477;0;7;0;0;2;1;2;C01
201500050477;0;7;0;0;2;4;1;A01
201500050478;0;30;0;0;0;0;1;A01
201500050479;0;33;0;0;2;0;18;A01
201500050479;0;7;0;0;2;0;1;B01
201500050480;0;7;0;0;2;3;15;A01
201500050480;0;34;0;0;2;1;17;B01
201500050481;0;34;0;0;2;6;18;B01
201500050481;0;7;0;0;2;5;22;A01
201500050482;0;7;0;0;2;3;10;A01
201500050482;0;32;0;0;2;2;1;B01
201500050483;0;33;0;0;2;2;0;B01
201500050483;0;7;0;0;2;5;22;A01
201500050484;0;30;0;0;2;2;17;B01
201500050484;0;7;0;0;2;3;11;A01
201500050485;0;7;0;0;1;3;1;A01
201500050486;0;33;0;0;2;0;1;A01
201500050486;0;7;0;0;2;0;1;B01
201500050487;0;10;0;0;2;7;22;A01
201500050487;0;1;0;0;2;7;18;B01
201500050488;0;34;0;0;2;1;1;B01
201500050488;0;7;0;0;2;1;15;A01
201500050489;0;33;0;14;0;0;1;A01
201500050490;0;7;0;0;2;6;23;B01
201500050490;0;7;0;0;2;2;1;A01
201500050491;0;7;0;0;2;1;2;A01
201500050491;0;7;0;0;2;6;23;B01
201500050492;0;7;0;0;2;4;11;A01
201500050492;0;33;0;0;2;1;1;B01
201500050492;0;32;0;0;2;1;1;D01
201500050492;0;7;0;0;2;4;1;C01
201500050493;0;30;0;0;2;1;1;B01
201500050493;0;7;0;0;2;6;15;A01
201500050494;1;30;0;0;1;0;1;Z01
201500050495;0;7;0;0;1;2;1;A01
201500050496;1;7;0;0;1;0;0;Z01
201500050497;0;2;0;0;2;3;3;B01
201500050497;0;7;0;0;2;6;12;A01
201500050498;0;38;1;0;2;7;16;A01
201500050498;0;32;0;0;2;3;1;B01
201500050499;0;7;0;0;2;1;2;A01
201500050499;0;7;0;0;2;4;23;B01
201500050500;0;32;0;0;2;4;2;B01
201500050500;0;7;0;0;2;1;2;A01
201500050501;0;7;0;14;0;2;21;A01
201500050502;0;31;0;0;0;0;1;A01
201500050503;0;32;0;12;0;0;1;A01
201500050504;0;34;0;0;1;7;1;A01
201500050505;0;32;0;0;2;8;15;A01
201500050505;0;30;0;0;2;1;1;B01
201500050506;0;7;0;0;1;1;15;A01
201500050507;0;7;0;0;1;2;1;A01
201500050508;0;30;0;0;0;0;1;A01
201500050509;0;1;0;0;2;2;1;B01
201500050509;0;7;0;0;2;3;22;A01
201500050510;0;1;0;0;2;3;13;B01
201500050510;0;7;0;0;2;2;17;A01
201500050511;0;7;0;0;2;1;14;A01
201500050511;0;33;0;0;2;2;1;B01
201500050512;0;30;0;0;2;3;1;B01
201500050512;0;10;0;0;2;3;15;A01
201500050513;0;7;0;0;2;1;2;B01
201500050513;0;14;0;0;2;4;23;A01
201500050514;0;7;0;0;2;5;2;B01
201500050514;0;33;0;0;2;7;2;D01
201500050514;0;7;0;0;2;0;12;A01
201500050514;0;33;0;0;2;8;2;C01
201500050515;0;7;0;0;2;4;23;B01
201500050515;0;38;29;2;2;8;15;A01
201500050516;0;7;0;0;1;3;1;A01
201500050517;0;33;0;0;0;0;11;A01
201500050518;0;7;0;0;2;2;7;A01
201500050518;0;1;0;0;2;8;7;B01
201500050519;0;38;2;0;2;2;16;A01
201500050519;0;1;0;0;2;8;18;B01
201500050520;0;30;0;0;1;1;1;A01
201500050521;0;7;0;0;1;7;1;A01
201500050522;0;30;0;0;2;7;1;A01
201500050522;1;7;0;0;2;0;13;Z01
201500050523;0;34;0;0;0;3;15;A01
201500050524;0;7;0;0;2;3;10;A01
201500050524;0;34;0;0;2;1;1;B01
201500050525;0;31;0;0;2;1;7;A01
201500050525;0;7;0;0;2;4;7;B01
201500050526;0;7;0;0;2;4;2;B01
201500050526;0;10;0;0;2;1;2;A01
201500050527;0;32;0;0;1;7;21;A01
201500050528;0;31;0;0;1;1;1;A01
201500050529;0;7;0;0;2;8;15;B01
201500050529;0;7;0;0;2;1;1;A01
201500050530;0;7;0;0;1;3;15;A01
201500050531;0;37;10;0;1;2;2;A01
201500050532;0;1;0;0;0;0;1;A01
201500050533;0;33;0;12;0;8;6;A01
201500050534;0;34;0;0;2;1;17;A01
201500050534;0;7;0;0;2;8;15;B01
201500050535;0;1;0;12;0;1;1;A01
201500050536;0;30;0;0;0;1;21;A01
201500050537;0;33;0;0;0;0;1;A01
201500050538;0;31;0;0;2;2;5;A01
201500050538;0;7;0;0;2;0;15;B01
201500050539;0;7;0;0;2;1;15;B01
201500050539;0;1;0;0;2;0;19;A01
201500050540;0;1;0;0;2;3;15;B01
201500050540;0;32;0;0;2;1;1;A01
201500050541;0;7;0;0;2;2;15;A01
201500050541;0;1;0;0;2;1;1;B01
201500050542;0;1;0;0;1;1;7;A01
201500050543;0;31;0;0;0;0;1;A01
201500050544;0;2;0;0;1;1;1;A01
201500050545;0;32;0;0;1;7;0;A01
201500050546;0;34;0;0;2;7;18;A01
201500050546;0;7;0;0;2;0;22;B01
201500050547;0;7;0;0;2;8;1;B01
201500050547;0;7;0;0;2;8;1;A01
201500050548;0;7;0;8;0;3;15;A01
201500050549;0;31;0;0;2;7;16;A01
201500050549;0;7;0;0;2;8;7;B01
201500050550;0;31;0;0;0;8;1;A01
201500050551;0;30;0;0;0;8;1;A01
201500050552;0;1;0;0;1;0;1;A01
201500050553;0;1;0;0;2;4;19;A01
201500050553;0;7;0;0;2;0;1;B01
201500050554;0;1;0;0;2;0;1;B01
201500050554;0;1;0;0;2;0;17;A01
201500050555;0;31;0;0;2;2;2;A01
201500050555;0;33;0;0;2;6;2;B01
201500050556;0;7;0;0;2;4;16;B01
201500050556;0;1;0;0;2;1;1;A01
201500050557;0;7;0;0;2;2;1;A01
201500050557;0;7;0;0;2;0;23;B01
201500050558;0;1;0;0;2;1;7;B01
201500050558;0;7;0;0;2;7;16;A01
201500050559;0;7;0;0;2;6;23;B01
201500050559;0;32;0;0;2;1;2;A01
201500050560;1;31;0;0;1;0;1;Z01
201500050561;0;2;0;0;1;1;1;A01
201500050562;0;7;0;0;2;2;16;A01
201500050562;0;1;0;0;2;3;19;B01
201500050563;0;31;0;0;0;8;1;A01
201500050564;1;7;0;0;1;0;1;Z01
201500050565;0;1;0;0;2;1;1;B01
201500050565;0;38;0;0;2;2;16;A01
201500050566;0;7;0;0;2;1;23;A01
201500050566;0;7;0;0;2;0;2;B01
201500050567;0;7;0;0;2;7;24;C01
201500050567;0;30;0;1;2;8;12;A01
201500050567;0;7;0;0;2;8;1;B01
201500050568;0;7;0;0;2;8;13;A01
201500050568;0;33;0;0;2;2;1;B01
201500050569;0;34;0;0;1;1;1;A01
201500050570;0;32;0;0;0;0;21;A01
201500050571;0;7;0;0;1;2;1;A01
201500050572;0;33;0;14;2;2;11;A01
201500050573;0;33;0;0;2;2;17;B01
201500050573;0;10;0;0;2;3;13;A01
201500050574;0;7;0;0;2;0;11;A01
201500050574;0;2;0;0;2;0;1;B01
201500050575;0;32;0;0;0;0;1;A01
201500050576;0;7;0;0;2;1;1;B01
201500050576;0;33;0;0;2;4;13;A01
201500050577;0;2;0;0;1;0;1;A01
201500050578;0;32;0;0;2;6;1;A01
201500050578;0;7;0;0;2;6;1;B01
201500050579;0;34;0;0;1;1;1;A01
201500050580;0;34;0;0;2;7;3;A01
201500050580;0;7;0;0;2;3;12;B01
201500050581;0;7;0;0;2;4;23;C01
201500050581;0;7;0;0;2;1;1;A01
201500050581;0;7;0;0;2;9;23;B01
201500050582;0;32;0;0;0;0;21;A01
201500050583;0;33;0;1;0;1;1;A01
201500050584;0;2;0;0;2;7;17;A01
201500050584;1;7;0;0;2;8;15;Z01
201500050585;0;32;0;0;2;1;1;B01
201500050585;0;10;0;0;2;3;15;A01
201500050586;0;7;0;0;1;2;1;A01
201500050587;0;7;0;0;1;3;15;A01
201500050588;0;32;0;0;2;1;1;A01
201500050588;0;7;0;0;2;8;1;B01
201500050589;0;7;0;8;2;2;17;A01
201500050589;0;7;0;0;2;3;15;B01
201500050590;0;33;0;14;0;1;14;A01
201500050591;0;30;0;0;2;1;1;A01
201500050591;0;7;0;0;2;3;15;B01
201500050592;0;10;0;0;2;3;15;A01
201500050592;0;32;0;0;2;1;17;B01
201500050593;0;2;0;0;2;2;1;A01
201500050593;0;1;0;0;2;8;13;B01
201500050594;0;1;0;0;2;1;15;A01
201500050594;0;7;0;0;2;2;1;B01
201500050595;0;30;0;0;0;0;1;A01
201500050596;0;33;0;0;0;0;1;A01
201500050597;0;31;0;0;0;8;10;A01
201500050598;0;1;0;0;2;4;7;B01
201500050598;0;7;0;0;2;2;12;A01
201500050599;0;34;0;12;0;2;18;A01
201500050600;0;7;0;0;1;0;0;A01
201500050601;0;7;0;0;2;1;1;A01
201500050601;0;30;0;0;2;7;1;B01
201500050602;0;7;0;0;2;3;13;B01
201500050602;0;32;0;0;2;7;17;A01
201500050603;1;7;0;0;1;0;1;Z01
201500050604;0;7;0;0;1;2;16;A01
201500050605;0;7;0;0;1;1;15;A01
201500050606;0;7;0;0;2;0;15;B01
201500050606;0;32;0;0;2;0;17;A01
201500050607;0;7;0;0;2;7;1;B01
201500050607;0;33;0;0;2;8;21;A01
201500050608;0;7;0;0;2;8;1;B01
201500050608;2;7;0;0;2;1;14;Z01
201500050608;0;7;0;0;2;6;1;A01
201500050609;0;10;0;0;2;3;10;A01
201500050609;0;1;0;0;2;4;17;B01
201500050610;2;7;0;14;0;3;15;Z01
201500050611;0;7;0;0;2;4;23;C01
201500050611;0;7;0;0;2;1;2;A01
201500050611;0;7;0;0;2;4;23;B01
201500050612;0;2;0;0;2;1;1;A01
201500050612;0;7;0;0;2;4;1;B01
201500050613;0;31;0;0;2;3;1;B01
201500050613;0;10;0;0;2;2;15;A01
201500050614;0;7;0;0;2;1;2;A01
201500050614;0;31;0;0;2;4;23;B01
201500050615;0;34;0;0;2;2;15;B01
201500050615;0;7;0;0;2;3;1;A01
201500050616;0;30;0;0;1;0;1;A01
201500050617;0;7;0;0;1;2;1;A01
201500050618;0;1;0;0;1;1;1;A01
201500050619;0;7;0;0;2;2;1;B01
201500050619;0;7;0;0;2;1;1;A01
201500050620;0;32;0;0;2;1;2;A01
201500050620;0;10;0;0;2;4;23;B01
201500050621;0;2;0;10;0;0;21;A01
201500050622;0;7;0;7;0;1;1;A01
201500050623;0;7;0;0;1;0;1;A01
201500050624;0;31;0;0;0;0;21;A01
201500050625;0;32;0;0;1;1;1;A01
201500050626;0;33;0;0;0;0;2;A01
201500050627;0;10;0;0;2;7;9;A01
201500050627;0;31;0;0;2;1;1;B01
201500050628;0;2;0;0;2;1;1;B01
201500050628;0;31;0;0;2;7;1;A01
201500050629;0;32;0;0;2;3;18;A01
201500050629;0;7;0;0;2;1;15;B01
201500050630;0;31;0;15;2;8;21;A01
201500050631;0;7;0;0;1;6;20;A01
201500050632;0;7;0;0;2;2;1;A01
201500050632;0;31;0;0;2;6;7;B01
201500050633;0;10;0;0;2;7;1;B01
201500050633;0;7;0;0;2;3;1;A01
201500050634;0;2;0;0;1;1;1;A01
201500050635;0;7;0;0;1;3;1;A01
201500050636;0;31;0;0;2;1;1;B01
201500050636;0;7;0;0;2;2;1;A01
201500050637;0;10;0;0;1;2;16;A01
201500050638;0;7;0;0;1;2;1;A01
201500050639;0;2;0;0;2;1;7;A01
201500050639;0;7;0;0;2;2;16;B01
201500050640;0;30;0;0;2;4;23;A01
201500050640;1;7;0;0;0;0;2;Z01
201500050641;0;1;0;0;1;0;1;A01
201500050642;0;2;0;0;2;2;17;B01
201500050642;0;10;0;0;2;3;13;A01
201500050643;0;1;0;0;2;7;1;B01
201500050643;0;7;0;0;2;7;22;A01
201500050644;1;34;0;0;2;6;18;Z01
201500050644;0;30;0;0;2;2;16;A01
201500050645;0;33;0;0;2;3;1;B01
201500050645;0;7;0;0;2;1;1;A01
201500050646;0;1;0;0;1;1;18;A01
201500050647;0;2;0;0;2;8;1;B01
201500050647;0;7;0;0;2;1;1;A01
201500050647;0;7;0;0;2;6;24;C01
201500050648;0;1;0;1;1;1;5;A01
201500050649;0;33;0;0;2;8;18;B01
201500050649;0;14;0;0;2;2;16;A01
201500050650;0;7;0;0;1;2;16;A01
201500050651;0;7;0;0;2;3;1;A01
201500050651;0;32;0;0;2;6;1;B01
201500050652;0;30;0;0;2;3;1;A01
201500050652;0;1;0;0;2;2;15;B01
201500050653;1;32;0;0;1;1;1;A01
201500050654;0;31;0;0;2;2;5;A01
201500050654;0;7;0;0;2;8;10;B01
201500050655;0;7;0;0;2;1;1;A01
201500050655;0;2;0;0;2;4;1;B01
201500050656;0;33;0;0;2;2;1;B01
201500050656;0;7;0;0;2;3;10;A01
201500050657;0;1;0;0;1;1;5;A01
201500050658;0;1;0;0;1;0;5;A01
201500050659;0;1;0;0;0;0;1;A01
201500050660;0;2;0;0;9;1;1;A01
201500050661;0;2;0;0;2;7;17;B01
201500050661;0;7;0;0;2;3;15;A01
201500050662;0;1;0;0;0;0;21;A01
201500050663;0;7;0;0;1;1;15;A01
201500050664;0;1;0;0;1;1;5;A01
201500050665;0;2;0;0;1;0;1;A01
201500050666;0;2;0;0;2;3;13;A01
201500050666;0;1;0;0;2;5;14;B01
201500050667;1;31;0;0;1;1;1;Z01
201500050668;0;34;0;0;2;2;1;A01
201500050668;0;10;0;0;2;3;1;B01
201500050669;0;7;0;0;1;1;10;A01
201500050670;0;7;0;0;2;1;1;A01
201500050670;0;7;0;0;2;3;1;B01
201500050671;0;32;0;0;2;0;23;A01
201500050671;0;10;0;0;2;0;2;B01
201500050672;0;7;0;0;2;8;13;A01
201500050672;0;34;0;0;2;7;1;B01
201500050673;0;1;0;0;0;1;1;A01
201500050674;0;7;0;0;1;3;1;A01
201500050675;0;30;0;0;0;0;1;A01
201500050676;0;10;0;0;2;3;16;A01
201500050676;0;2;0;0;2;2;1;B01
201500050677;0;32;0;12;0;3;5;A01
201500050678;0;7;0;8;0;3;16;A01
201500050679;0;7;0;0;2;0;23;B01
201500050679;0;2;0;0;2;8;7;A01
201500050680;0;32;0;0;2;1;17;A01
201500050680;0;1;0;0;2;8;15;B01
201500050681;0;1;0;0;2;0;7;A01
201500050681;0;7;0;0;2;0;7;B01
201500050682;0;34;0;0;1;1;1;A01
201500050683;0;7;0;0;2;2;14;A01
201500050683;0;30;0;0;2;3;18;B01
201500050684;0;33;0;0;1;0;1;A01
201500050685;0;30;0;0;2;1;2;B01
201500050685;0;10;0;0;2;6;23;A01
201500050686;0;30;0;0;0;7;16;A01
201500050687;0;30;0;0;0;7;1;A01
201500050688;0;1;0;0;1;1;5;A01
201500050689;0;7;0;0;2;2;1;A01
201500050689;0;1;0;0;2;4;1;B01
201500050690;0;2;0;0;2;0;17;A01
201500050690;0;7;0;0;2;0;15;B01
201500050691;0;7;0;0;2;2;15;A01
201500050691;0;33;0;0;2;1;1;B01
201500050692;0;37;0;0;0;0;7;A01
201500050693;0;7;0;0;2;3;15;A01
201500050693;0;33;0;0;2;1;17;B01
201500050694;0;13;0;0;2;5;15;B01
201500050694;0;32;0;0;2;3;1;A01
201500050695;0;1;0;0;1;1;1;A01
201500050696;0;34;0;0;1;1;1;A01
201500050697;0;7;0;0;1;2;16;A01
201500050698;0;1;0;0;1;1;1;A01
201500050699;0;7;0;0;2;0;15;A01
201500050699;0;30;0;0;2;3;17;B01
201500050700;0;30;0;0;9;2;17;A01
201500050701;0;7;0;0;2;1;1;B01
201500050701;0;7;0;6;1;7;1;A01
201500050702;1;30;0;0;1;0;1;Z01
201500050703;0;37;0;0;1;2;16;A01
201500050704;0;34;0;0;2;2;1;B01
201500050704;0;1;0;0;2;3;1;A01
201500050705;0;7;0;0;2;3;1;A01
201500050705;0;37;0;0;2;2;1;B01
201500050706;0;2;0;0;0;0;1;A01
201500050707;0;7;0;0;1;0;15;A01
201500050708;0;7;0;0;2;6;13;A01
201500050708;0;34;0;0;2;0;17;B01
201500050709;0;32;0;0;0;3;21;A01
201500050710;0;7;0;0;2;5;1;B01
201500050710;0;7;0;0;2;2;1;C01
201500050710;0;31;0;0;2;1;1;A01
201500050711;0;7;0;0;2;6;1;A01
201500050711;1;7;0;0;2;5;14;Z01
201500050712;0;7;0;0;2;7;22;B01
201500050712;0;34;0;0;2;1;18;A01
201500050713;0;33;0;0;2;7;1;A01
201500050713;1;7;0;0;2;8;13;Z01
201500050714;0;34;0;0;0;0;7;A01
201500050715;0;34;0;0;2;3;5;A01
201500050715;0;2;0;0;2;2;15;B01
201500050716;0;33;0;0;2;2;12;A01
201500050716;0;34;0;0;2;3;18;B01
201500050717;0;33;0;0;2;4;15;A01
201500050717;0;7;0;0;2;1;15;B01
201500050718;0;1;0;0;1;2;16;A01
201500050719;0;31;0;0;2;0;2;A01
201500050719;1;7;0;0;2;0;2;Z01
201500050720;0;31;0;0;2;7;2;B01
201500050720;0;7;0;0;0;8;11;A01
201500050720;0;7;0;0;0;4;2;C01
201500050721;0;7;0;0;2;3;9;A01
201500050721;0;33;0;0;2;2;1;B01
201500050722;0;33;0;0;2;1;1;A01
201500050722;0;32;0;0;2;2;14;B01
201500050723;0;33;0;0;2;1;1;B01
201500050723;0;7;0;0;2;2;1;A01
201500050724;0;32;0;0;2;2;17;B01
201500050724;0;7;0;0;2;8;15;A01
201500050725;0;7;0;0;2;5;1;A01
201500050725;0;2;0;0;2;1;1;B01
201500050726;0;30;0;0;1;7;1;A01
201500050727;0;7;0;0;2;1;2;A01
201500050727;0;10;0;0;2;6;2;B01
201500050728;0;1;0;1;0;7;13;A01
201500050729;0;7;0;0;2;3;11;A01
201500050729;0;1;0;0;2;5;1;B01
201500050730;0;7;0;0;2;7;1;A01
201500050730;0;7;0;0;2;3;1;B01
201500050731;0;7;0;0;2;3;1;A01
201500050731;0;32;0;0;2;1;1;B01
201500050732;0;32;0;0;0;3;21;A01
201500050733;0;7;0;8;0;3;14;A01
201500050734;0;37;6;1;0;1;1;A01
201500050735;0;7;0;8;0;7;14;A01
201500050736;0;2;0;14;0;7;14;A01
201500050737;0;10;0;0;2;4;4;B01
201500050737;0;30;0;0;2;1;2;A01
201500050738;0;1;0;0;0;0;1;A01
201500050739;0;7;0;0;1;1;2;A01
201500050739;0;10;0;0;2;4;2;B01
201500050740;0;1;0;0;0;0;7;A01
201500050741;1;7;0;0;2;4;0;B01
201500050741;0;2;0;0;2;1;1;A01
201500050742;0;34;0;0;2;4;1;A01
201500050742;1;7;0;0;2;1;1;Z01
201500050743;0;7;0;0;1;3;15;A01
201500050744;0;7;0;0;2;3;1;B01
201500050744;0;30;0;0;2;1;1;A01
201500050745;0;7;0;0;2;2;16;A01
201500050745;0;30;0;0;2;8;7;B01
201500050746;0;7;0;0;1;2;15;A01
201500050747;0;2;0;0;1;1;17;A01
201500050748;0;32;0;0;2;3;18;B01
201500050748;0;7;0;0;2;5;16;A01
201500050749;1;7;0;0;1;0;16;Z01
201500050750;0;7;0;7;2;1;2;A01
201500050750;0;31;0;0;2;4;23;B01
201500050751;0;10;0;0;2;2;16;B01
201500050751;0;31;0;0;2;3;18;A01
201500050752;0;7;0;0;2;3;24;B01
201500050752;0;7;0;12;2;2;14;A01
201500050753;2;1;0;0;1;1;1;Z01
201500050754;0;31;0;0;2;2;1;B01
201500050754;0;10;0;0;2;3;9;A01
201500050755;0;7;0;0;1;1;15;A01
201500050756;0;7;0;0;1;3;1;A01
201500050757;0;10;0;0;1;1;15;A01
201500050758;0;7;0;0;1;7;4;A01
201500050759;0;7;0;0;1;7;15;A01
201500050760;0;1;0;0;1;7;1;A01
201500050761;0;10;0;0;2;7;1;B01
201500050761;0;1;0;0;2;1;15;A01
201500050762;0;34;0;0;2;8;7;A01
201500050762;0;31;0;0;2;7;11;B01
201500050763;0;7;0;0;1;7;1;A01
201500050764;0;2;0;14;2;1;18;A01
201500050764;0;7;0;0;2;7;22;B01
201500050765;0;33;0;12;0;1;2;A01
201500050766;0;32;0;0;2;3;1;B01
201500050766;0;7;0;0;2;2;1;A01
201500050767;0;33;0;0;1;1;1;A01
201500050768;0;7;0;0;1;1;15;A01
201500050769;0;31;0;0;2;1;2;A01
201500050769;0;7;0;0;2;5;23;B01
201500050770;1;7;0;0;2;0;13;Z01
201500050770;0;2;0;0;2;0;1;A01
201500050771;0;1;0;0;2;2;13;A01
201500050771;0;7;0;0;2;2;1;B01
201500050772;0;32;0;0;0;2;1;A01
201500050773;0;1;0;0;1;1;1;A01
201500050774;0;10;0;0;2;1;1;A01
201500050774;0;34;0;0;2;3;1;B01
201500050774;0;32;0;8;2;8;1;C01
201500050775;0;1;0;0;0;1;7;A01
201500050776;0;33;0;0;9;1;1;A01
201500050777;0;7;0;0;2;6;23;B01
201500050777;0;2;0;0;2;2;2;A01
201500050778;0;1;0;0;2;1;5;B01
201500050778;0;7;0;0;2;8;15;A01
201500050779;0;7;0;0;2;3;10;A01
201500050779;0;33;0;0;2;8;1;B01
201500050780;0;2;0;0;0;0;1;A01
201500050781;0;1;0;0;2;0;1;B01
201500050781;0;7;0;0;2;0;16;A01
201500050782;0;7;0;0;2;7;22;A01
201500050782;0;1;0;1;2;1;1;B01
201500050783;0;1;0;0;2;0;11;A01
201500050783;0;7;0;0;2;5;7;B01
201500050784;0;10;0;0;2;8;22;A01
201500050784;0;1;0;0;2;1;7;B01
201500050785;0;10;0;0;2;8;22;A01
201500050785;0;1;0;1;2;1;1;B01
201500050786;0;7;0;0;1;3;15;A01
201500050787;0;32;0;0;0;0;1;A01
201500050788;1;1;0;0;2;1;19;A01
201500050788;0;1;0;0;2;8;1;B01
201500050789;0;33;0;0;2;2;1;B01
201500050789;0;30;0;0;2;6;13;A01
201500050790;0;32;0;0;0;1;1;A01
201500050791;0;7;0;0;2;1;1;A01
201500050791;0;32;0;0;2;4;1;B01
201500050792;0;1;0;0;1;1;1;A01
201500050793;0;7;0;0;1;4;4;A01
201500050794;0;7;0;0;1;1;16;A01
201500050795;0;7;0;0;1;3;12;A01
201500050796;0;10;0;0;1;3;15;A01