num_acc;senc;catv;occutc;obs;obsm;choc;manv;num_veh
201500050797;0;1;0;0;1;1;3;A01
201500050798;0;7;0;0;2;3;1;B01
201500050798;0;1;0;0;2;1;1;A01
201500050799;0;7;0;0;2;2;1;A01
201500050799;0;33;0;0;2;8;15;B01
201500050800;0;10;0;0;2;8;22;A01
201500050800;0;1;0;0;2;1;1;B01
201500050801;0;10;0;0;2;2;16;A01
201500050801;0;1;0;0;2;0;7;B01
201500050802;0;33;0;0;2;7;13;B01
201500050802;0;7;0;0;2;3;1;A01
201500050803;0;1;0;0;1;1;1;A01
201500050804;0;32;0;0;0;8;1;A01
201500050805;0;7;0;0;2;4;16;B01
201500050805;0;30;0;0;2;1;2;A01
201500050806;0;31;0;0;0;0;1;A01
201500050807;0;1;0;0;2;0;1;B01
201500050807;0;7;0;0;2;3;22;A01
201500050808;0;1;0;1;1;4;19;A01
201500050809;0;34;0;0;1;1;1;A01
201500050810;0;33;0;0;1;3;1;A01
201500050811;0;7;0;0;1;3;1;A01
201500050812;0;30;0;12;0;3;16;A01
201500050813;0;33;0;0;0;0;21;A01
201500050814;0;10;0;0;2;5;2;B01
201500050814;0;1;0;0;2;5;2;A01
201500050815;0;31;0;0;2;1;17;A01
201500050815;0;10;0;0;2;1;15;B01
201500050816;0;7;0;0;1;3;15;A01
201500050817;0;31;0;1;0;8;13;A01
201500050818;0;1;0;0;2;1;11;A01
201500050818;0;37;0;0;2;7;7;B01
201500050819;0;10;0;0;2;3;15;B01
201500050819;0;34;0;0;2;2;17;A01
201500050820;0;2;0;1;2;2;1;B01
201500050820;0;7;0;0;2;8;22;A01
201500050821;0;7;0;0;2;1;2;A01
201500050821;0;7;0;0;2;4;23;B01
201500050822;0;31;0;0;2;2;2;A01
201500050822;1;10;0;0;2;5;4;Z01
201500050823;0;32;0;7;2;8;15;A01
201500050823;0;32;0;0;2;1;2;B01
201500050824;0;31;0;0;0;0;1;A01
201500050825;0;32;0;0;2;7;17;B01
201500050825;0;7;0;0;2;8;10;A01
201500050826;0;7;0;0;2;1;1;A01
201500050826;0;31;0;0;2;4;23;B01
201500050827;0;7;0;0;2;8;10;A01
201500050827;0;7;0;0;2;2;1;B01
201500050828;0;7;0;0;2;7;22;A01
201500050828;0;1;0;0;2;1;1;B01
201500050829;0;32;0;0;2;1;1;B01
201500050829;0;7;0;0;2;5;23;A01
201500050830;0;31;0;0;2;1;1;B01
201500050830;0;1;0;0;2;7;1;A01
201500050831;1;1;0;0;1;5;1;Z01
201500050832;0;7;0;0;2;3;9;A01
201500050832;0;34;0;0;2;2;1;B01
201500050833;0;33;0;1;0;6;13;A01
201500050834;0;1;0;0;2;4;2;B01
201500050834;0;7;0;0;2;2;2;A01
201500050835;0;37;0;0;2;5;17;B01
201500050835;0;1;0;0;2;0;13;A01
201500050836;0;7;0;0;1;3;15;A01
201500050837;0;33;0;0;2;8;1;B01
201500050837;0;7;0;0;2;1;15;A01
201500050838;0;1;0;0;2;1;1;B01
201500050838;0;10;0;0;2;2;16;A01
201500050839;0;7;0;0;1;2;14;A01
201500050840;0;2;0;0;0;0;21;A01
201500050841;0;7;0;0;1;1;1;A01
201500050842;0;7;0;1;1;1;5;A01
201500050843;0;10;0;0;1;3;1;A01
201500050844;0;7;0;0;2;3;15;B01
201500050844;0;34;0;0;2;1;17;A01
201500050845;0;33;0;0;1;1;1;A01
201500050846;0;7;0;0;2;1;2;A01
201500050846;0;30;0;0;2;4;23;B01
201500050847;0;7;0;0;2;5;15;A01
201500050847;0;34;0;0;2;1;1;B01
201500050848;0;32;0;0;1;1;1;A01
201500050849;0;7;0;0;1;3;15;A01
201500050850;0;37;0;0;1;2;7;A01
201500050851;0;32;0;0;2;3;1;B01
201500050851;0;7;0;0;2;2;9;A01
201500050852;0;7;0;0;1;1;7;A01
201500050853;0;10;0;0;2;2;15;A01
201500050853;0;33;0;0;2;1;1;B01
201500050854;0;7;0;0;2;2;22;A01
201500050854;0;1;0;0;2;3;18;B01
201500050855;1;7;0;0;1;0;0;A01
201500050856;0;7;0;0;1;1;15;A01
201500050857;0;7;0;0;2;8;1;C01
201500050857;0;1;0;0;2;0;3;A01
201500050857;0;7;0;0;2;2;1;B01
201500050858;0;34;0;0;1;1;1;A01
201500050859;0;7;0;0;2;2;12;A01
201500050859;0;30;0;0;2;8;1;B01
201500050860;0;7;0;0;1;6;4;A01
201500050861;0;7;0;0;2;7;12;A01
201500050861;0;30;0;0;2;8;2;B01
201500050862;0;7;0;0;1;0;16;A01
201500050863;0;10;0;0;2;2;2;A01
201500050863;0;32;0;0;2;8;2;B01
201500050864;0;7;0;0;2;1;1;A01
201500050864;0;7;0;0;2;0;1;B01
201500050865;0;32;0;0;2;2;1;B01
201500050865;0;7;0;0;2;3;11;A01
201500050866;0;7;0;0;2;1;5;A01
201500050866;0;1;0;9;2;1;1;B01
201500050867;0;7;0;0;1;4;20;A01
201500050868;0;30;0;0;0;8;15;A01
201500050869;0;2;0;0;2;0;13;A01
201500050869;0;7;0;0;2;3;1;B01
201500050870;0;31;0;0;1;8;1;A01
201500050871;0;34;0;0;1;8;1;A01
201500050872;0;1;0;0;2;7;1;A01
201500050872;0;7;0;0;2;3;1;B01
201500050873;0;7;0;0;2;1;1;B01
201500050873;0;1;0;0;2;1;1;A01
201500050874;0;7;0;0;2;4;23;C01
201500050874;0;2;0;1;0;6;23;B01
201500050874;0;7;0;0;2;1;2;A01
201500050875;0;34;0;0;1;1;1;A01
201500050876;1;7;0;0;1;0;1;Z01
201500050877;0;1;0;0;1;8;7;A01
201500050878;1;7;0;0;2;8;13;Z01
201500050878;0;31;0;0;2;7;1;A01
201500050879;0;1;0;0;2;7;1;B01
201500050879;0;7;0;0;2;3;11;A01
201500050880;0;7;0;0;2;3;13;A01
201500050880;0;2;0;0;2;1;17;B01
201500050881;0;31;0;0;2;6;2;B01
201500050881;0;30;0;0;2;1;2;A01
201500050882;0;7;0;0;2;3;15;A01
201500050882;0;30;0;0;2;1;5;B01
201500050883;0;7;0;0;1;3;2;A01
201500050884;0;1;0;0;1;1;8;A01
201500050885;0;7;0;0;1;1;1;A01
201500050886;0;10;0;0;1;0;1;A01
201500050887;0;32;0;0;0;0;1;A01
201500050888;0;1;0;0;2;1;15;A01
201500050888;0;1;0;0;2;4;17;B01
201500050889;0;1;0;0;2;8;1;B01
201500050889;0;34;0;0;2;1;1;A01
201500050890;0;30;0;0;1;1;1;A01
201500050891;1;34;0;0;2;1;2;Z01
201500050891;0;1;0;0;2;4;2;A01
201500050892;0;7;0;0;2;8;16;A01
201500050892;0;33;0;0;2;3;1;B01
201500050893;0;1;0;0;2;4;2;A01
201500050893;1;10;0;0;2;0;2;Z01
201500050894;0;7;0;0;2;1;2;A01
201500050894;0;10;0;0;2;4;2;B01
201500050895;0;1;0;0;2;1;1;B01
201500050895;0;7;0;0;2;7;22;A01
201500050896;0;30;0;1;2;4;2;A01
201500050896;1;7;0;0;2;2;2;Z01
201500050897;0;30;0;8;0;3;13;A01
201500050898;0;1;0;0;2;7;19;B01
201500050898;0;34;0;0;2;1;1;A01
201500050899;1;37;0;0;2;0;1;Z01
201500050899;0;1;0;0;2;0;1;A01
201500050900;0;1;0;0;2;1;1;B01
201500050900;0;10;0;0;2;3;16;A01
201500050901;0;30;0;0;1;8;7;A01
201500050902;0;7;0;0;2;8;16;A01
201500050902;0;30;0;0;2;7;1;B01
201500050903;0;1;0;0;2;1;1;A01
201500050903;0;7;0;0;2;1;1;B01
201500050904;0;38;0;0;2;1;2;A01
201500050904;0;3;0;0;2;4;23;B01
201500050905;0;7;0;0;2;5;14;A01
201500050905;0;31;0;0;2;1;1;B01
201500050906;1;7;0;0;1;0;1;Z01
201500050907;0;7;0;3;0;1;14;A01
201500050908;0;14;0;0;2;7;1;A01
201500050908;0;1;0;0;2;8;11;B01
201500050909;0;32;0;0;1;7;1;A01
201500050910;0;7;0;0;1;0;16;A01
201500050911;0;33;0;0;1;1;1;A01
201500050912;0;1;0;0;1;1;0;A01
201500050913;0;1;0;0;0;0;1;A01
201500050914;0;34;0;1;0;1;1;A01
201500050915;1;7;0;0;1;3;1;Z01
201500050916;0;1;0;0;2;2;5;B01
201500050916;0;32;0;0;2;2;1;A01
201500050917;0;7;0;0;2;4;16;B01
201500050917;0;37;1;0;2;2;7;A01
201500050918;0;7;0;0;2;2;16;B01
201500050918;0;31;0;0;2;8;18;A01
201500050919;0;10;0;0;2;0;15;B01
201500050919;0;31;0;0;2;0;5;A01
201500050920;0;7;0;0;1;4;4;A01
201500050921;0;7;0;0;1;1;1;A01
201500050922;0;1;0;0;2;7;0;A01
201500050922;0;10;0;0;0;7;1;B01
201500050923;0;1;0;0;0;0;7;A01
201500050924;0;33;0;1;0;2;1;A01
201500050925;0;10;0;0;1;4;4;A01
201500050926;0;31;0;0;1;0;1;A01
201500050927;0;31;0;0;2;1;1;B01
201500050927;0;7;0;0;2;8;11;A01
201500050928;0;7;0;1;0;2;14;A01
201500050929;0;1;0;0;2;1;16;A01
201500050929;0;33;0;0;2;5;1;B01
201500050930;0;30;0;0;2;0;1;B01
201500050930;0;7;0;0;2;0;1;A01
201500050931;0;33;0;0;2;1;1;B01
201500050931;0;10;0;0;2;2;1;A01
201500050932;1;32;0;0;1;4;1;Z01
201500050933;0;10;0;0;2;6;23;B01
201500050933;0;32;0;0;2;7;1;A01
201500050934;0;1;0;0;1;1;1;A01
201500050935;0;30;0;0;0;3;1;A01
201500050936;0;7;0;0;2;3;15;A01
201500050936;0;3;0;0;2;1;1;B01
201500050937;0;7;0;0;2;0;1;A01
201500050937;0;33;0;0;2;1;23;B01
201500050938;0;33;0;0;0;7;21;A01
201500050939;0;33;0;0;2;7;17;A01
201500050939;0;7;0;0;2;1;15;B01
201500050940;0;1;0;0;2;0;1;A01
201500050940;1;7;0;0;2;2;16;Z01
201500050941;0;1;0;0;1;1;1;A01
201500050942;1;7;0;0;2;0;2;Z01
201500050942;0;33;0;0;2;0;2;A01
201500050943;0;7;0;0;2;3;15;B01
201500050943;0;31;0;0;2;2;17;A01
201500050944;0;33;0;0;2;7;3;B01
201500050944;0;7;0;0;2;3;11;A01
201500050945;0;1;0;0;2;0;2;A01
201500050945;0;14;0;0;2;0;2;B01
201500050946;0;32;0;0;1;1;1;A01
201500050947;0;1;0;0;1;0;8;A01
201500050948;0;10;0;0;1;0;4;A01
201500050949;0;32;0;0;1;1;3;A01
201500050950;0;1;0;0;2;7;19;A01
201500050950;0;7;0;0;2;1;1;B01
201500050951;0;10;0;0;1;2;5;A01
201500050952;0;1;0;0;2;1;1;A01
201500050952;1;7;0;0;2;0;1;Z01
201500050953;0;30;0;0;2;0;1;A01
201500050953;1;10;0;0;2;0;14;Z01
201500050954;0;1;0;0;1;1;7;A01
201500050955;0;30;0;1;0;0;14;A01
201500050956;0;10;0;0;1;0;1;A01
201500050957;0;10;0;0;2;2;16;A01
201500050957;0;1;0;0;2;1;1;B01
201500050958;0;33;0;0;2;3;7;A01
201500050958;0;7;0;0;2;2;12;B01
201500050959;0;1;0;0;2;7;1;A01
201500050959;0;7;0;0;2;3;16;B01
201500050960;0;32;0;14;0;1;1;A01
201500050961;0;7;0;0;1;2;1;A01
201500050962;0;32;0;0;1;3;15;A01
201500050963;0;37;0;0;1;7;16;A01
201500050964;0;1;0;0;2;1;13;A01
201500050964;0;7;0;0;2;5;23;B01
201500050965;0;32;0;0;1;7;1;A01
201500050966;0;10;0;0;1;1;2;B01
201500050966;0;10;0;0;2;1;2;A01
201500050967;0;33;0;0;2;7;2;A01
201500050967;0;7;0;0;2;6;2;B01
201500050968;0;33;0;0;1;8;1;A01
201500050969;0;32;0;15;2;7;1;B01
201500050969;0;7;0;0;2;3;15;A01
201500050970;0;30;0;0;2;8;2;A01
201500050970;0;31;0;0;2;7;23;B01
201500050971;0;33;0;0;1;1;1;A01
201500050972;0;31;0;0;2;3;23;A01
201500050972;0;7;0;0;2;2;15;B01
201500050973;0;10;0;0;2;6;22;A01
201500050973;0;1;0;1;2;1;7;B01
201500050974;0;2;0;0;2;3;1;A01
201500050974;0;10;0;0;2;5;12;B01
201500050975;0;34;0;0;2;1;1;B01
201500050975;0;1;0;0;2;1;19;A01
201500050976;0;32;0;0;2;8;18;A01
201500050976;0;7;0;0;2;7;1;B01
201500050977;0;1;0;0;1;0;7;A01
201500050978;0;7;0;0;2;5;2;A01
201500050978;0;33;0;0;2;5;23;B01
201500050978;0;7;0;0;2;5;23;C01
201500050978;0;7;0;0;2;5;23;D01
201500050979;0;1;0;0;2;0;1;A01
201500050979;0;1;0;0;2;0;1;B01
201500050980;0;10;0;0;1;4;4;A01
201500050981;0;10;0;0;1;3;1;A01
201500050982;0;7;0;0;1;1;1;A01
201500050983;0;7;0;0;2;2;14;A01
201500050983;0;37;0;0;2;6;1;B01
201500050984;0;7;0;0;2;3;15;B01
201500050984;0;34;0;0;2;1;17;A01
201500050985;0;7;0;0;1;3;7;A01
201500050986;0;33;0;0;1;7;1;A01
201500050987;0;1;0;0;2;8;8;B01
201500050987;0;37;0;0;2;2;8;A01
201500050988;0;7;0;0;2;3;15;A01
201500050988;0;34;0;0;2;2;1;B01
201500050989;0;7;0;0;2;4;15;A01
201500050989;0;33;0;0;2;1;1;B01
201500050990;0;10;0;1;2;1;2;A01
201500050990;0;7;0;0;2;4;23;B01
201500050991;0;10;0;1;2;2;22;A01
201500050991;0;1;0;1;2;1;7;B01
201500050992;1;7;0;0;2;0;1;Z01
201500050992;0;30;0;0;2;0;16;A01
201500050993;0;7;0;1;0;9;13;A01
201500050994;0;30;0;0;2;7;17;A01
201500050994;0;7;0;0;2;8;15;B01
201500050995;0;7;0;0;2;8;7;B01
201500050995;0;32;0;0;2;7;16;A01
201500050996;0;10;0;0;1;4;4;A01
201500050997;0;10;0;0;1;0;1;A01
201500050998;0;7;0;0;2;4;23;C01
201500050998;0;33;0;0;2;4;23;B01
201500050998;0;7;0;0;2;1;1;A01
201500050999;0;1;0;0;2;7;1;A01
201500050999;0;33;0;0;2;7;1;B01
201500051000;0;32;0;0;2;0;16;A01
201500051000;0;1;0;0;2;0;7;B01
201500051001;0;34;0;1;0;1;1;A01
201500051002;0;7;0;0;2;0;10;B01
201500051002;0;30;0;0;2;2;1;A01
201500051003;0;32;0;0;2;8;15;A01
201500051003;0;7;0;0;2;7;1;B01
201500051004;0;7;0;0;1;2;1;A01
201500051005;0;7;0;1;2;8;22;A01
201500051005;0;1;0;1;2;1;1;B01
201500051006;0;1;0;0;1;1;1;A01
201500051007;0;7;0;0;1;8;1;A01
201500051008;0;31;0;0;2;7;23;B01
201500051008;0;7;0;0;2;8;14;A01
201500051009;0;1;0;0;2;8;1;A01
201500051009;1;7;0;0;2;2;16;Z01
201500051010;0;30;0;12;0;2;16;A01
201500051011;0;7;0;0;1;3;1;A01
201500051012;1;7;0;0;2;8;22;Z01
201500051012;0;1;0;1;2;1;1;A01
201500051013;0;31;0;0;0;0;1;A01
201500051014;0;1;0;0;1;0;5;A01
201500051015;0;31;0;0;2;7;5;A01
201500051015;0;7;0;0;2;8;15;B01
201500051016;0;33;0;0;2;8;1;B01
201500051016;0;7;0;0;2;1;15;A01
201500051017;0;7;0;0;2;3;15;B01
201500051017;0;31;0;0;2;1;17;A01
201500051018;0;1;0;0;2;2;1;B01
201500051018;0;7;0;0;2;8;22;A01
201500051019;0;30;0;0;0;8;1;A01
201500051020;0;7;0;0;2;5;16;A01
201500051020;0;37;0;0;2;2;1;B01
201500051021;0;30;0;0;2;1;1;A01
201500051021;0;7;0;0;2;2;15;B01
201500051022;0;32;0;0;1;1;1;A01
201500051023;0;7;0;0;2;3;1;B01
201500051023;0;33;0;0;2;2;17;A01
201500051024;0;30;0;0;1;1;1;A01
201500051025;0;7;0;11;0;1;1;A01
201500051026;0;7;0;0;2;2;16;A01
201500051026;0;34;0;0;2;8;1;B01
201500051027;0;10;0;0;2;1;1;A01
201500051027;0;7;0;0;2;4;23;B01
201500051028;0;32;0;0;1;1;1;A01
201500051029;0;33;0;0;1;1;1;A01
201500051030;0;31;0;0;2;0;17;A01
201500051030;0;10;0;0;2;8;15;B01
201500051031;0;10;0;0;2;2;1;A01
201500051031;0;1;0;0;2;1;1;B01
201500051032;0;7;0;11;0;1;1;A01
201500051033;0;33;0;0;2;1;17;A01
201500051033;0;7;0;0;2;8;15;B01
201500051034;0;7;0;14;0;3;13;A01
201500051035;0;7;0;0;1;2;1;A01
201500051036;0;34;0;0;1;1;1;A01
201500051037;0;2;0;0;2;1;1;A01
201500051037;0;31;0;0;2;4;1;B01
201500051038;0;1;0;0;2;1;1;B01
201500051038;0;7;0;0;2;3;22;A01
201500051039;0;30;0;0;2;2;16;B01
201500051039;0;2;0;0;2;3;1;A01
201500051040;0;33;0;14;0;1;17;A01
201500051041;0;1;0;0;2;4;1;B01
201500051041;0;34;0;0;2;1;9;A01
201500051042;0;32;0;0;1;3;1;A01
201500051043;0;30;0;0;2;1;1;A01
201500051043;0;7;0;0;2;4;1;B01
201500051044;0;31;0;14;0;1;13;A01
201500051045;0;7;0;0;1;7;1;A01
201500051046;0;10;0;0;2;4;23;B01
201500051046;0;34;0;0;2;1;2;A01
201500051047;0;7;0;0;2;2;16;A01
201500051047;0;7;0;0;2;3;7;B01
201500051048;0;7;0;0;1;2;1;A01
201500051049;0;32;0;0;0;1;1;A01
201500051050;0;1;0;1;0;2;7;A01
201500051051;0;7;0;0;2;2;15;A01
201500051051;0;31;0;0;2;1;1;B01
201500051052;0;7;0;0;2;5;1;B01
201500051052;0;1;0;0;2;6;13;A01
201500051053;0;7;0;1;2;3;9;A01
201500051053;0;30;0;0;2;1;1;B01
201500051054;0;30;0;0;2;8;1;A01
201500051054;1;7;0;0;2;8;1;Z01
201500051055;0;1;0;0;1;1;1;A01
201500051056;0;33;0;0;2;1;1;B01
201500051056;0;7;0;0;2;2;15;A01
201500051057;0;7;0;0;1;1;1;A01
201500051058;0;7;0;0;2;3;1;B01
201500051058;0;7;0;0;2;2;1;A01
201500051059;0;7;0;0;1;3;1;A01
201500051060;0;30;0;0;2;4;23;B01
201500051060;0;7;0;0;2;1;2;A01
201500051061;0;7;0;0;2;7;10;A01
201500051061;0;33;0;0;2;1;1;B01
201500051062;0;30;0;0;2;7;17;B01
201500051062;0;7;0;0;2;8;13;A01
201500051063;0;31;0;0;1;1;1;A01
201500051064;0;7;0;0;1;3;15;A01
201500051065;0;1;0;1;0;1;14;A01
201500051066;0;2;0;0;0;7;16;A01
201500051067;0;1;0;0;2;1;1;B01
201500051067;0;7;0;0;2;4;23;A01
201500051068;0;1;0;0;1;1;1;A01
201500051069;0;37;1;0;1;2;7;A01
201500051070;0;7;0;0;1;1;1;A01
201500051071;0;7;0;0;1;2;1;A01
201500051072;0;30;0;0;2;1;1;B01
201500051072;0;7;0;0;2;8;9;A01
201500051073;0;10;0;0;2;1;2;A01
201500051073;0;7;0;0;2;4;23;B01
201500051073;0;7;0;0;2;4;23;C01
201500051074;0;1;0;0;0;0;21;A01
201500051075;0;1;0;0;2;4;2;B01
201500051075;0;7;0;0;2;1;2;A01
201500051076;0;7;0;0;2;8;9;B01
201500051076;0;10;0;0;2;5;4;A01
201500051077;0;1;0;1;0;1;1;A01
201500051078;0;7;0;0;2;3;22;B01
201500051078;0;1;0;1;2;1;1;A01
201500051079;0;1;0;1;2;1;15;A01
201500051079;0;7;0;0;2;2;1;B01
201500051080;0;33;0;0;9;1;1;A01
201500051081;0;7;0;15;2;1;13;A01
201500051081;0;7;0;0;2;8;1;B01
201500051082;0;34;0;0;1;1;17;A01
201500051083;0;34;0;0;1;1;1;A01
201500051084;0;7;0;0;1;2;1;A01
201500051085;0;30;0;0;0;0;16;A01
201500051086;0;32;0;0;1;0;16;A01
201500051087;0;2;0;0;0;8;1;A01
201500051088;0;7;0;0;1;2;2;A01
201500051089;0;32;0;0;2;0;1;B01
201500051089;0;7;0;0;2;0;13;A01
201500051090;0;32;0;0;1;1;17;A01
201500051091;0;7;0;0;2;2;7;B01
201500051091;0;1;0;0;2;3;18;A01
201500051092;0;32;0;0;2;1;17;B01
201500051092;0;7;0;0;2;3;15;A01
201500051093;0;7;0;0;1;1;1;A01
201500051094;0;1;0;0;2;3;7;B01
201500051094;0;7;0;0;2;2;12;A01
201500051095;0;2;0;0;0;3;15;A01
201500051096;0;30;0;0;1;1;5;A01
201500051097;0;7;0;0;2;2;14;A01
201500051097;0;30;0;1;2;8;18;B01
201500051098;0;33;0;0;1;0;1;A01
201500051099;0;7;0;0;1;1;15;A01
201500051100;0;31;0;1;0;1;15;A01
201500051101;0;31;0;0;2;1;7;A01
201500051101;1;7;0;0;2;7;1;Z01
201500051102;0;14;0;0;2;3;22;A01
201500051102;0;1;0;0;2;7;7;B01
201500051103;0;7;0;0;2;4;2;C01
201500051103;0;7;0;0;2;1;2;A01
201500051103;0;7;0;0;2;4;2;B01
201500051104;0;2;0;0;2;1;18;A01
201500051104;0;7;0;0;2;2;20;B01
201500051105;0;7;0;0;2;2;12;A01
201500051105;0;7;0;2;2;3;7;B01
201500051106;0;7;0;0;1;1;15;A01
201500051107;0;7;0;0;2;7;16;A01
201500051107;0;33;0;9;2;1;1;B01
201500051108;0;33;0;0;2;0;1;B01
201500051108;0;7;0;0;2;3;10;A01
201500051109;0;1;0;0;2;3;1;A01
201500051109;0;7;0;0;2;3;1;B01
201500051110;0;33;0;0;2;7;2;B01
201500051110;0;10;0;0;2;1;2;A01
201500051111;0;7;0;0;2;3;16;A01
201500051111;0;1;0;0;2;1;7;B01
201500051112;0;30;0;0;1;1;1;A01
201500051113;0;10;0;0;2;5;16;B01
201500051113;0;1;0;0;2;2;7;A01
201500051114;0;31;0;0;2;8;5;A01
201500051114;0;33;0;0;2;1;15;B01
201500051115;0;7;0;0;2;1;1;A01
201500051115;0;7;0;0;2;3;1;B01
201500051116;0;7;0;0;2;3;15;A01
201500051116;0;31;0;0;2;2;17;B01
201500051117;0;1;0;0;2;3;7;B01
201500051117;0;38;0;0;2;2;16;A01
201500051118;0;34;0;0;1;1;1;A01
201500051119;0;7;0;0;1;0;4;A01
201500051120;0;3;0;0;2;6;1;A01
201500051120;0;33;0;0;2;6;23;B01
201500051121;0;1;0;0;1;0;1;A01
201500051122;0;33;0;0;2;8;16;B01
201500051122;0;2;0;0;2;0;7;A01
201500051123;0;34;0;0;2;4;23;B01
201500051123;0;7;0;0;2;1;2;A01
201500051124;0;2;0;0;2;3;18;A01
201500051124;0;10;0;0;2;0;16;B01
201500051125;0;1;0;0;2;7;1;A01
201500051125;1;7;0;0;2;0;14;Z01
201500051126;0;30;0;0;2;0;14;A01
201500051126;0;32;0;0;2;5;1;B01
201500051127;0;7;0;14;0;1;1;A01
201500051128;0;2;0;0;1;1;1;A01
201500051129;0;7;0;0;2;1;1;A01
201500051129;0;32;0;0;2;1;1;B01
201500051130;0;10;0;0;1;0;1;A01
201500051131;0;7;0;0;2;3;13;A01
201500051131;0;31;0;1;2;1;17;B01
201500051132;0;34;0;0;2;0;17;B01
201500051132;0;10;0;0;2;0;10;A01
201500051133;0;32;0;0;2;0;1;A01
201500051133;0;1;0;0;2;1;9;B01
201500051134;0;7;0;0;2;1;1;A01
201500051134;0;7;0;0;2;4;1;B01
201500051135;0;32;0;0;2;7;1;B01
201500051135;0;7;0;0;2;1;1;A01
201500051136;0;7;0;1;0;3;13;A01
201500051137;0;1;0;0;2;3;7;A01
201500051137;0;33;0;0;2;0;15;B01
201500051138;0;2;0;0;2;1;1;B01
201500051138;0;7;0;0;2;7;15;A01
201500051139;1;7;0;0;1;1;1;Z01
201500051140;0;33;0;0;2;4;23;B01
201500051140;0;7;0;14;2;2;1;A01
201500051141;0;31;0;12;0;7;14;A01
201500051142;0;30;0;0;0;3;1;A01
201500051143;0;7;0;0;2;3;15;A01
201500051143;0;2;0;1;2;2;17;B01
201500051144;0;10;0;0;2;4;23;B01
201500051144;0;2;0;0;2;1;2;A01
201500051145;0;1;0;0;2;3;13;A01
201500051145;0;1;0;0;2;1;17;B01
201500051146;0;30;0;0;1;0;1;A01
201500051147;1;7;0;0;1;8;1;Z01
201500051148;0;7;0;0;2;3;15;B01
201500051148;0;31;0;0;2;1;17;A01
201500051149;0;33;0;0;2;0;1;B01
201500051149;0;7;0;0;2;2;15;A01
201500051150;0;34;0;0;0;1;1;A01
201500051151;0;7;0;0;1;4;4;A01
201500051152;0;30;0;0;1;2;1;A01
201500051153;0;7;0;0;1;2;1;A01
201500051154;0;2;0;1;0;1;1;A01
201500051155;0;37;0;0;1;2;1;A01
201500051156;0;7;0;0;2;8;15;A01
201500051156;0;33;0;0;2;1;17;B01
201500051157;0;1;0;0;2;1;1;B01
201500051157;0;10;0;0;2;7;22;A01
201500051158;0;37;0;11;0;0;15;A01
201500051159;0;7;0;0;2;3;13;A01
201500051159;0;34;0;0;2;2;17;B01
201500051160;0;1;0;0;2;6;15;A01
201500051160;0;32;0;0;2;1;1;B01
201500051161;0;7;0;0;2;0;23;B01
201500051161;0;7;0;0;2;1;1;A01
201500051162;0;7;0;0;2;1;1;A01
201500051162;0;7;0;0;2;0;23;B01
201500051163;0;1;0;0;2;0;7;A01
201500051163;0;7;0;0;2;3;22;B01
201500051164;0;31;0;0;2;3;1;B01
201500051164;0;10;0;0;2;8;1;A01
201500051165;0;31;0;0;1;2;7;A01
201500051166;0;30;0;0;1;1;1;A01
201500051167;0;7;0;0;1;1;1;A01
201500051168;0;7;0;0;2;8;1;A01
201500051168;0;34;0;0;2;2;1;B01
201500051169;0;30;0;0;2;3;18;A01
201500051169;0;7;0;0;2;2;16;B01
201500051170;0;31;0;0;2;1;1;A01
201500051170;0;7;0;0;2;3;15;B01
201500051171;0;7;0;0;2;3;1;A01
201500051171;0;34;0;0;2;7;1;B01
201500051172;0;34;0;14;0;1;1;A01
201500051173;0;7;0;0;2;2;15;A01
201500051173;0;33;0;0;2;1;1;B01
201500051174;0;2;0;0;2;7;17;A01
201500051174;0;7;0;0;2;8;1;B01
201500051175;0;33;0;0;0;0;1;A01
201500051176;0;7;0;0;2;1;15;A01
201500051176;0;34;0;0;2;0;1;B01
201500051177;1;33;0;0;1;1;1;Z01
201500051178;0;33;0;0;0;0;1;A01
201500051179;0;2;0;0;1;1;1;A01
201500051180;0;32;0;0;2;0;1;B01
201500051180;0;1;0;0;2;0;15;A01
201500051181;0;1;0;1;2;2;21;A01
201500051181;0;10;0;1;2;3;22;B01
201500051182;0;33;0;0;2;4;23;B01
201500051182;0;7;0;0;2;1;1;A01
201500051183;0;31;0;7;0;3;1;A01
201500051184;0;7;0;0;1;4;4;A01
201500051185;0;7;0;0;2;3;15;A01
201500051185;0;33;0;0;2;7;1;B01
201500051186;0;7;0;0;1;1;1;A01
201500051187;0;7;0;0;2;3;1;B01
201500051187;0;7;0;0;2;7;1;A01
201500051188;0;7;0;0;2;0;15;A01
201500051188;0;31;0;0;2;0;1;B01
201500051189;0;7;0;0;2;6;15;B01
201500051189;0;31;0;0;2;2;2;A01
201500051190;0;1;0;0;2;1;17;A01
201500051190;1;10;0;0;2;3;15;Z01
201500051191;0;3;0;0;1;3;15;A01
201500051192;0;10;0;0;1;3;15;A01
201500051193;0;32;0;0;1;0;1;A01
201500051194;0;37;0;0;1;2;8;A01
201500051195;0;32;0;0;2;4;23;B01
201500051195;0;7;0;0;2;2;2;A01
201500051196;0;7;0;0;1;2;1;A01
201500051197;0;7;0;9;2;1;1;B01