num_acc;senc;catv;occutc;obs;obsm;choc;manv;num_veh
201500051197;0;7;0;0;2;7;1;A01
201500051197;0;7;0;0;2;3;23;C01
201500051198;0;33;0;0;1;0;21;A01
201500051198;0;37;39;0;2;3;5;B01
201500051199;0;7;0;0;1;2;1;A01
201500051200;0;7;0;0;1;1;1;A01
201500051201;0;34;0;0;2;3;2;A01
201500051201;0;1;0;0;2;4;2;B01
201500051202;0;10;0;0;2;2;16;B01
201500051202;0;30;0;0;2;3;7;A01
201500051203;0;30;0;0;2;6;1;A01
201500051203;1;2;0;0;2;0;13;Z01
201500051204;0;7;0;0;1;3;15;A01
201500051205;0;34;0;0;1;1;1;A01
201500051206;0;7;0;0;2;4;23;B01
201500051206;0;7;0;0;2;1;1;A01
201500051207;0;2;0;0;0;0;1;A01
201500051208;0;10;0;0;1;3;15;A01
201500051209;0;7;0;0;1;2;1;A01
201500051210;0;7;0;0;2;6;1;A01
201500051210;0;33;0;0;2;7;1;B01
201500051211;0;1;0;0;2;1;5;A01
201500051211;0;7;0;0;2;3;1;B01
201500051212;0;7;0;0;2;1;16;B01
201500051212;0;7;0;0;2;2;1;A01
201500051213;0;34;0;0;2;3;18;B01
201500051213;0;7;0;0;2;5;16;A01
201500051214;0;7;0;0;1;2;1;A01
201500051215;0;1;0;0;1;8;7;A01
201500051216;1;10;0;0;2;4;23;Z01
201500051216;0;37;15;0;2;1;1;A01
201500051217;0;37;0;0;1;8;8;A01
201500051218;0;7;0;0;1;3;1;A01
201500051219;0;7;0;1;2;5;1;A01
201500051219;0;7;0;0;2;5;24;C01
201500051219;0;7;0;0;2;1;1;B01
201500051220;0;7;0;0;1;3;1;A01
201500051221;0;1;0;0;2;7;1;A01
201500051221;0;7;0;0;2;1;1;B01
201500051222;0;37;1;0;2;1;7;A01
201500051222;0;7;0;0;2;7;4;B01
201500051223;0;10;0;0;2;6;11;A01
201500051223;0;10;0;1;2;0;1;B01
201500051224;0;7;0;0;2;6;22;B01
201500051224;0;32;0;0;2;2;1;A01
201500051225;0;7;0;0;2;8;22;A01
201500051225;0;1;0;0;2;2;1;B01
201500051226;0;7;0;0;1;7;1;A01
201500051227;0;7;0;0;2;5;23;B01
201500051227;0;7;0;0;2;1;2;A01
201500051228;0;7;0;0;2;6;23;B01
201500051228;0;1;0;0;2;0;2;A01
201500051229;0;7;0;0;1;2;1;A01
201500051230;0;10;0;0;2;5;23;B01
201500051230;0;1;0;0;2;1;1;A01
201500051231;0;7;0;0;1;1;1;A01
201500051232;0;7;0;0;2;3;15;A01
201500051232;0;1;0;0;2;1;17;B01
201500051233;0;32;0;0;2;1;1;B01
201500051233;0;7;0;0;2;1;15;A01
201500051234;0;31;0;0;2;2;17;A01
201500051234;0;7;0;0;2;3;15;B01
201500051235;0;31;0;0;2;8;1;A01
201500051235;1;10;0;0;2;2;16;Z01
201500051236;0;7;0;8;0;1;15;A01
201500051237;0;7;0;0;2;2;22;B01
201500051237;0;31;0;1;2;7;18;A01
201500051238;0;7;0;0;2;7;17;A01
201500051238;0;1;0;0;2;8;13;B01
201500051239;0;7;0;0;2;1;15;A01
201500051239;0;30;0;0;2;6;1;B01
201500051240;0;37;0;0;1;2;7;A01
201500051241;0;32;0;0;0;2;1;A01
201500051242;0;2;0;14;0;3;1;A01
201500051243;0;7;0;0;2;2;1;A01
201500051243;0;7;0;0;2;1;1;B01
201500051244;0;1;0;0;1;1;1;A01
201500051245;0;32;0;0;0;0;1;A01
201500051246;0;1;0;0;2;8;23;B01
201500051246;0;7;0;0;2;2;1;A01
201500051247;0;7;0;0;2;0;15;A01
201500051247;0;33;0;0;2;0;1;B01
201500051248;0;7;0;0;2;2;1;A01
201500051248;0;31;0;0;2;1;1;B01
201500051249;0;7;0;0;1;1;18;A01
201500051250;0;7;0;0;2;3;15;B01
201500051250;0;30;0;0;2;1;1;A01
201500051251;0;7;0;0;1;5;4;A01
201500051252;0;32;0;0;2;6;15;A01
201500051252;0;7;0;0;2;2;1;B01
201500051253;0;1;0;0;2;3;15;A01
201500051253;0;10;0;0;2;2;1;B01
201500051254;0;34;0;0;1;1;1;A01
201500051255;0;7;0;0;1;1;1;A01
201500051256;0;7;0;0;2;4;1;B01
201500051256;0;30;0;0;2;1;21;A01
201500051257;0;7;0;1;0;1;1;A01
201500051258;0;7;0;0;2;4;1;B01
201500051258;0;10;0;0;2;2;12;A01
201500051259;0;10;0;0;2;8;10;A01
201500051259;0;7;0;0;2;7;7;B01
201500051260;0;33;0;0;2;7;17;A01
201500051260;0;7;0;0;2;0;15;B01
201500051261;0;34;0;0;1;1;1;A01
201500051262;0;34;0;0;2;1;1;A01
201500051262;0;7;0;0;2;5;23;B01
201500051263;0;7;0;0;2;3;16;A01
201500051263;0;1;0;0;2;4;1;B01
201500051264;0;7;0;0;1;2;1;A01
201500051265;0;7;0;0;2;2;1;A01
201500051265;0;7;0;0;2;3;1;B01
201500051266;0;7;0;0;1;2;1;A01
201500051267;0;7;0;0;2;4;2;A01
201500051267;0;31;0;0;2;4;2;B01
201500051268;0;7;0;0;1;1;15;A01
201500051269;0;30;0;0;0;2;1;A01
201500051270;0;1;0;0;1;1;7;A01
201500051271;0;1;0;0;1;1;7;A01
201500051272;0;7;0;0;1;1;1;A01
201500051273;0;7;0;8;1;1;16;A01
201500051274;0;37;0;0;1;1;1;A01
201500051275;0;1;0;0;1;1;1;A01
201500051276;0;1;0;0;0;0;1;A01
201500051277;0;2;0;0;0;1;15;A01
201500051278;0;1;0;0;2;0;1;B01
201500051278;0;7;0;0;2;3;1;A01
201500051279;0;31;0;14;0;8;13;A01
201500051280;0;7;0;0;2;1;1;A01
201500051280;0;1;0;0;2;5;15;B01
201500051281;0;37;0;0;1;2;7;A01
201500051282;0;30;0;0;2;4;23;B01
201500051282;0;7;0;0;2;1;2;A01
201500051283;0;7;0;0;2;2;1;A01
201500051283;1;34;0;0;2;5;1;Z01
201500051284;0;38;0;0;2;0;16;A01
201500051284;0;1;0;0;2;8;7;B01
201500051285;0;37;0;0;2;1;1;B01
201500051285;0;10;0;0;1;1;1;A01
201500051285;0;10;0;0;2;1;1;C01
201500051286;0;1;0;1;2;1;1;B01
201500051286;0;7;0;0;2;8;22;A01
201500051287;0;30;0;0;2;1;1;A01
201500051287;1;7;0;0;2;0;1;B01
201500051288;0;31;0;0;0;0;1;A01
201500051289;0;7;0;0;2;3;22;A01
201500051289;0;1;0;0;2;0;1;B01
201500051289;0;7;0;0;2;0;1;C01
201500051290;0;7;0;0;1;4;4;A01
201500051291;0;10;0;0;1;3;15;A01
201500051292;0;37;0;0;1;5;8;A01
201500051293;0;7;0;0;2;2;15;A01
201500051293;0;31;0;0;2;8;1;B01
201500051294;0;2;0;0;2;8;1;A01
201500051294;1;7;0;0;2;0;17;Z01
201500051295;0;37;0;0;1;2;7;A01
201500051296;0;30;0;0;2;0;17;B01
201500051296;0;7;0;0;2;6;15;A01
201500051297;0;7;0;0;1;1;17;A01
201500051298;0;7;0;0;2;2;16;A01
201500051298;0;1;0;0;2;8;1;B01
201500051299;0;7;0;0;2;1;2;A01
201500051299;0;33;0;0;2;4;23;B01
201500051300;0;7;0;0;2;5;4;A01
201500051300;0;34;0;0;2;4;23;B01
201500051301;1;7;0;0;2;3;1;Z01
201500051301;0;7;0;14;2;3;1;A01
201500051302;0;7;0;0;2;2;1;B01
201500051302;0;10;0;0;2;8;1;A01
201500051303;0;37;0;0;2;3;15;B01
201500051303;0;33;0;0;2;2;17;A01
201500051304;0;10;0;0;1;2;17;A01
201500051305;0;33;0;0;0;7;1;A01
201500051306;1;7;0;0;2;1;2;Z01
201500051306;0;33;0;0;2;4;2;A01
201500051307;0;30;0;0;1;2;17;A01
201500051308;0;32;0;0;1;1;1;A01
201500051309;0;7;0;0;2;2;2;A01
201500051309;0;33;0;0;2;6;2;B01
201500051310;0;30;0;0;2;8;18;B01
201500051310;0;7;0;0;2;2;16;A01
201500051311;0;33;0;0;0;7;21;A01
201500051312;0;7;0;0;2;1;2;A01
201500051312;0;7;0;0;2;4;23;B01
201500051312;0;7;0;0;2;0;23;C01
201500051313;1;2;0;0;1;0;1;Z01
201500051314;0;7;0;0;2;6;2;C01
201500051314;0;7;0;0;2;4;2;A01
201500051314;0;7;0;0;2;5;2;B01
201500051315;0;7;0;0;1;0;16;A01
201500051316;0;31;0;0;1;1;1;A01
201500051317;0;7;0;0;0;0;0;B01
201500051317;0;2;0;0;2;6;20;A01
201500051318;0;32;0;0;2;8;16;A01
201500051318;0;7;0;0;2;7;16;B01
201500051319;0;34;0;0;1;1;3;A01
201500051320;0;31;0;0;0;0;1;A01
201500051321;0;1;0;0;2;3;13;A01
201500051321;0;37;0;0;2;2;7;B01
201500051322;0;1;0;0;2;8;1;A01
201500051322;1;7;0;0;2;0;22;Z01
201500051323;0;7;0;0;1;6;4;A01
201500051324;0;37;0;0;1;2;7;A01
201500051325;0;30;0;0;1;1;17;A01
201500051326;1;7;0;0;1;0;7;Z01
201500051327;0;1;0;0;1;1;1;A01
201500051328;0;1;0;0;2;8;1;B01
201500051328;0;7;0;0;2;1;15;A01
201500051329;0;32;0;15;0;1;21;A01
201500051330;0;37;0;0;1;8;1;A01
201500051331;0;30;0;0;2;1;2;A01
201500051331;0;7;0;0;2;5;23;B01
201500051332;0;31;0;0;2;7;1;A01
201500051332;0;7;0;0;2;2;1;B01
201500051333;0;10;0;0;2;3;24;A01
201500051333;0;1;0;1;2;2;7;B01
201500051334;0;31;0;0;1;1;1;A01
201500051335;0;7;0;0;2;1;0;A01
201500051335;0;7;0;0;2;2;0;B01
201500051336;0;1;0;0;1;3;1;A01
201500051337;0;33;0;0;0;0;1;A01
201500051338;0;7;0;0;1;1;1;A01
201500051339;0;1;0;0;2;2;5;A01
201500051339;0;7;0;0;2;2;15;B01
201500051340;0;2;0;0;2;8;1;B01
201500051340;0;7;0;0;2;1;10;A01
201500051341;0;7;0;0;1;7;7;A01
201500051342;0;1;0;0;1;1;1;A01
201500051343;0;7;0;0;2;3;22;A01
201500051343;0;1;0;0;2;0;7;B01
201500051344;0;30;0;0;2;3;18;B01
201500051344;0;7;0;0;2;2;12;A01
201500051345;0;32;0;0;2;0;1;B01
201500051345;0;7;0;0;2;3;15;A01
201500051346;0;7;0;0;2;0;23;B01
201500051346;0;32;0;1;2;6;2;A01
201500051347;0;7;0;0;2;3;15;A01
201500051347;0;33;0;0;2;0;1;B01
201500051348;0;32;0;12;0;7;14;A01
201500051349;0;7;0;0;2;0;1;C01
201500051349;0;7;0;1;2;3;22;A01
201500051349;0;1;0;0;2;0;1;B01
201500051350;0;31;0;0;1;2;1;A01
201500051351;0;37;0;0;1;2;8;A01
201500051352;1;7;0;0;2;0;15;Z01
201500051352;0;2;0;0;2;5;17;A01
201500051353;0;7;0;6;0;1;1;A01
201500051354;0;7;0;0;2;7;16;A01
201500051354;0;1;0;0;2;3;1;B01
201500051355;0;33;0;1;0;0;1;A01
201500051356;0;7;0;0;2;2;1;A01
201500051356;0;7;0;0;2;6;1;B01
201500051357;0;7;0;0;1;7;1;A01
201500051358;0;3;0;0;2;0;2;A01
201500051358;0;33;0;0;2;4;2;B01
201500051359;0;7;0;0;1;0;1;A01
201500051360;0;7;0;0;2;5;15;A01
201500051360;0;30;0;0;2;1;1;B01
201500051361;0;30;0;0;2;1;1;B01
201500051361;0;7;0;0;2;1;15;A01
201500051362;0;34;0;0;2;2;17;A01
201500051362;0;30;0;0;2;6;15;B01
201500051363;0;7;0;0;2;6;24;C01
201500051363;0;10;0;0;2;5;23;B01
201500051363;0;33;0;0;2;1;1;A01
201500051364;0;7;0;8;0;1;1;A01
201500051365;0;7;0;0;2;5;14;A01
201500051365;0;3;0;12;1;3;16;B01
201500051366;0;31;0;0;1;1;1;A01
201500051367;0;10;0;0;1;1;1;A01
201500051368;0;30;0;0;0;0;16;A01
201500051369;0;30;0;0;0;0;21;A01
201500051370;0;30;0;12;0;0;14;A01
201500051371;0;14;0;0;2;2;9;A01
201500051371;0;32;0;0;2;3;1;B01
201500051372;0;7;0;0;1;1;15;A01
201500051373;0;31;0;0;2;7;1;B01
201500051373;0;7;0;0;2;8;10;A01
201500051374;0;13;0;0;2;3;15;A01
201500051374;0;33;0;0;2;2;1;B01
201500051375;0;7;0;0;1;6;20;A01
201500051376;0;1;0;0;2;3;1;B01
201500051376;0;7;0;0;2;2;16;A01
201500051377;0;32;0;11;0;1;1;A01
201500051378;0;7;0;0;2;1;2;A01
201500051378;0;30;0;0;2;4;2;B01
201500051379;0;7;0;14;0;3;1;A01
201500051380;0;1;0;0;1;1;1;A01
201500051381;0;33;0;0;2;2;1;A01
201500051381;1;7;0;0;2;2;13;Z01
201500051382;0;10;0;0;2;2;14;A01
201500051382;0;1;0;0;2;3;1;B01
201500051383;0;10;0;0;1;4;4;A01
201500051384;0;1;0;0;1;4;15;A01
201500051385;0;30;0;0;0;0;1;A01
201500051386;0;10;0;0;2;7;1;B01
201500051386;0;2;0;0;2;8;13;A01
201500051387;0;33;0;0;2;1;21;A01
201500051388;0;34;0;0;1;1;1;A01
201500051389;0;7;0;0;2;3;15;B01
201500051389;0;31;0;1;2;1;8;A01
201500051390;0;7;0;0;1;2;15;A01
201500051391;0;7;0;0;2;8;1;A01
201500051391;0;7;0;0;2;7;1;B01
201500051392;0;31;0;0;0;0;1;A01
201500051393;0;30;0;0;1;0;5;A01
201500051394;0;7;0;0;2;2;15;A01
201500051394;0;1;0;0;2;7;1;B01
201500051395;0;7;0;0;2;8;22;A01
201500051395;0;1;0;0;2;7;1;B01
201500051396;0;1;0;0;2;1;14;A01
201500051396;0;7;0;0;2;4;23;B01
201500051397;0;1;0;0;2;1;1;B01
201500051397;0;7;0;0;2;7;22;A01
201500051398;0;30;0;12;0;3;13;A01
201500051399;0;7;0;0;2;6;23;B01
201500051399;0;7;0;0;2;5;23;C01
201500051399;0;30;0;14;2;1;3;A01
201500051400;0;32;0;0;1;1;1;A01
201500051401;0;33;0;0;2;7;17;A01
201500051401;0;7;0;0;2;3;13;B01
201500051402;0;32;0;0;2;8;1;A01
201500051402;1;7;0;0;2;0;1;B01
201500051403;0;7;0;8;1;2;15;A01
201500051404;0;7;0;0;2;2;1;A01
201500051404;0;32;0;0;2;1;1;B01
201500051405;0;32;0;0;2;2;15;A01
201500051405;0;7;0;0;2;3;8;B01
201500051406;0;32;0;0;0;0;21;A01
201500051407;0;1;0;12;2;8;18;B01
201500051407;0;7;0;0;2;2;22;A01
201500051408;0;7;0;0;2;1;14;A01
201500051408;0;7;0;0;2;1;23;B01
201500051408;0;7;0;0;2;3;23;C01
201500051409;0;33;0;0;2;1;1;B01
201500051409;0;1;0;0;2;4;1;A01
201500051410;0;33;0;11;0;8;17;A01
201500051411;0;2;0;14;0;1;13;A01
201500051412;0;1;0;0;2;1;1;B01
201500051412;0;10;0;0;2;8;22;A01
201500051413;0;7;0;0;1;1;15;A01
201500051414;0;7;0;8;0;3;15;A01
201500051415;0;7;0;0;1;5;20;A01
201500051416;0;33;0;0;2;0;23;B01
201500051416;0;30;0;0;1;0;16;A01
201500051417;0;7;0;0;1;0;1;A01
201500051418;0;7;0;0;2;5;14;B01
201500051418;0;31;0;0;2;3;7;A01
201500051419;0;33;0;0;2;7;2;A01
201500051419;0;31;0;0;2;4;16;B01
201500051420;0;7;0;9;0;1;1;A01
201500051421;0;7;0;0;1;1;15;A01
201500051422;0;2;0;0;2;8;14;B01
201500051422;0;38;1;0;2;5;1;A01
201500051423;0;7;0;0;2;2;13;A01
201500051423;0;33;0;0;2;1;1;B01
201500051424;0;10;0;0;1;4;4;A01
201500051425;0;34;0;0;0;8;1;A01
201500051426;0;7;0;0;2;2;9;A01
201500051426;0;34;0;0;2;6;1;B01
201500051427;0;32;0;0;1;1;1;A01
201500051428;0;30;0;0;0;0;15;A01
201500051429;0;1;0;0;2;8;15;A01
201500051429;0;34;0;0;2;2;17;B01
201500051430;0;7;0;0;2;1;1;A01
201500051430;0;7;0;0;2;4;20;B01
201500051431;0;37;0;0;2;1;1;A01
201500051431;0;7;0;0;2;5;23;B01
201500051432;0;32;0;0;2;3;1;A01
201500051432;0;7;0;0;2;2;15;B01
201500051433;0;1;0;0;2;1;1;B01
201500051433;0;7;0;0;2;3;22;A01
201500051434;0;7;0;0;2;5;15;A01
201500051434;0;33;0;0;2;1;1;B01
201500051435;0;7;0;0;1;2;7;A01
201500051436;0;7;0;0;2;7;10;A01
201500051436;0;32;0;0;2;1;7;B01
201500051437;0;7;0;15;1;4;4;A01
201500051438;0;1;0;0;1;1;1;A01
201500051439;0;2;0;0;2;8;13;A01
201500051439;0;33;0;0;2;7;1;B01
201500051440;0;34;0;0;2;7;17;A01
201500051440;0;7;0;0;2;8;1;B01
201500051441;0;32;0;0;2;2;17;B01
201500051441;0;7;0;0;2;3;15;A01
201500051442;0;10;0;12;1;2;1;A01
201500051443;0;7;0;0;2;3;10;A01
201500051443;0;33;0;0;2;5;1;B01
201500051444;0;2;0;0;1;2;1;A01
201500051445;0;10;0;0;1;6;4;A01
201500051446;0;10;0;0;1;3;16;A01
201500051447;0;34;0;0;2;4;23;B01
201500051447;0;7;0;0;2;1;2;A01
201500051448;0;7;0;0;2;1;15;A01
201500051448;0;33;0;0;2;8;1;B01
201500051449;0;33;0;0;2;1;1;B01
201500051449;0;1;0;0;2;1;1;A01
201500051450;0;30;0;0;2;1;7;A01
201500051450;0;7;0;0;2;2;16;B01
201500051451;0;10;0;0;2;7;16;A01
201500051451;0;33;0;0;2;8;1;B01
201500051452;0;7;0;11;0;3;13;A01
201500051453;0;2;0;0;2;2;17;A01
201500051453;1;10;0;0;2;6;13;Z01
201500051454;0;33;0;0;0;0;21;A01
201500051455;0;3;0;14;0;0;13;A01
201500051456;0;30;0;0;0;7;1;A01
201500051457;0;33;0;0;0;3;16;A01
201500051458;0;30;0;12;0;8;13;A01
201500051459;0;7;0;0;2;8;15;A01
201500051459;0;30;0;0;2;1;17;B01
201500051460;0;2;0;14;9;1;7;A01
201500051461;0;1;0;0;1;1;1;A01
201500051462;0;7;0;0;2;8;22;A01
201500051462;0;1;0;0;2;0;1;B01
201500051463;0;7;0;0;2;4;23;B01
201500051463;1;7;0;0;2;0;2;Z01
201500051463;0;10;0;0;2;4;23;A01
201500051464;0;31;0;0;2;3;1;A01
201500051464;0;1;0;0;2;0;14;B01
201500051465;0;32;0;12;0;1;1;A01
201500051466;0;37;0;0;1;2;1;A01
201500051467;0;1;0;0;2;6;23;B01
201500051467;0;7;0;0;2;3;2;A01
201500051468;0;31;0;0;2;7;1;A01
201500051468;0;7;0;0;2;1;1;B01
201500051469;0;31;0;0;2;1;2;A01
201500051469;0;7;0;0;2;6;2;B01
201500051470;0;7;0;0;2;4;23;B01
201500051470;0;10;0;0;2;1;1;A01
201500051471;0;7;0;0;2;0;1;A01
201500051471;0;32;0;0;2;0;15;B01
201500051472;0;1;0;0;1;0;0;A01
201500051473;0;7;0;0;1;2;1;A01
201500051474;0;7;0;0;1;5;4;A01
201500051475;0;34;0;0;2;2;7;A01
201500051475;0;10;0;0;2;3;15;B01
201500051476;0;30;0;0;0;0;1;A01
201500051477;0;2;0;11;2;0;1;B01
201500051477;0;7;0;0;2;0;13;A01
201500051478;0;7;0;0;2;0;23;B01
201500051478;0;34;0;0;2;1;1;A01
201500051479;0;1;0;1;0;1;1;A01
201500051480;0;30;0;0;0;0;1;A01
201500051481;0;30;0;0;1;1;1;A01
201500051482;0;37;0;0;1;2;7;A01
201500051483;0;34;0;0;1;3;1;A01
201500051484;0;30;0;0;0;0;1;A01
201500051485;0;32;0;0;2;2;17;A01
201500051485;0;7;0;0;2;3;13;B01
201500051486;0;10;0;0;1;4;4;A01
201500051487;0;7;0;0;2;1;1;A01
201500051487;0;7;0;0;2;4;23;B01
201500051488;0;1;0;0;2;1;19;A01
201500051488;0;7;0;0;2;3;1;B01
201500051489;0;34;0;0;2;7;15;A01
201500051489;0;30;0;0;2;1;1;B01
201500051490;0;1;0;0;0;0;1;A01
201500051491;0;1;0;0;2;2;19;B01
201500051491;0;7;0;0;2;2;1;A01
201500051492;0;2;0;0;2;1;2;A01
201500051492;0;7;0;0;2;6;2;B01
201500051493;0;7;0;0;2;4;23;C01
201500051493;0;7;0;0;2;4;23;B01
201500051493;0;7;0;0;2;1;1;A01
201500051494;0;33;0;0;2;1;2;A01
201500051494;0;37;0;0;2;0;15;C01
201500051494;0;7;0;0;2;5;23;B01
201500051495;0;1;0;0;2;1;1;B01
201500051495;0;10;0;0;2;3;22;A01
201500051496;0;33;0;0;2;3;1;B01
201500051496;0;7;0;0;2;2;16;A01
201500051497;0;32;0;0;2;7;17;A01
201500051497;0;7;0;0;2;3;15;B01
201500051498;0;7;0;0;2;2;1;A01
201500051498;0;33;0;0;2;3;15;B01
201500051499;0;7;0;0;1;2;16;A01
201500051500;0;7;0;0;1;5;1;A01
201500051501;0;1;0;0;2;0;7;A01
201500051501;0;7;0;0;9;2;1;B01
201500051502;0;7;0;0;2;8;1;B01
201500051502;0;7;0;0;2;1;15;A01
201500051503;0;7;0;0;2;6;15;B01
201500051503;0;2;0;0;2;6;1;A01
201500051504;0;7;0;0;1;1;15;A01
201500051505;0;7;0;0;2;3;15;A01
201500051505;0;2;0;0;2;4;1;B01
201500051506;0;31;0;0;9;0;1;A01
201500051507;0;34;0;0;0;5;13;A01
201500051508;0;32;0;0;0;0;21;A01
201500051509;0;7;0;0;2;2;15;A01
201500051509;0;31;0;0;2;0;1;B01
201500051510;0;7;0;0;2;2;5;A01
201500051510;0;7;0;0;2;3;23;B01
201500051511;0;10;0;0;2;2;15;A01
201500051511;0;7;0;0;2;1;7;B01
201500051512;0;32;0;0;2;6;23;B01
201500051512;0;7;0;0;2;0;2;A01
201500051513;0;30;0;11;0;0;13;A01
201500051514;0;32;0;0;2;4;23;B01
201500051514;0;38;0;0;2;1;1;A01
201500051515;0;32;0;0;0;0;9;A01
201500051516;0;7;0;0;1;3;15;A01
201500051517;1;31;0;0;2;2;1;Z01
201500051517;0;31;0;0;2;6;15;A01
201500051518;0;1;0;0;2;3;7;B01
201500051518;0;7;0;0;2;2;16;A01
201500051519;0;2;0;0;2;8;1;A01
201500051519;0;10;0;0;2;0;14;B01
201500051520;1;2;0;0;2;0;2;Z01
201500051520;0;30;0;0;2;0;2;A01
201500051521;0;1;0;0;0;0;1;A01
201500051522;0;32;0;0;2;8;7;A01
201500051522;0;7;0;0;2;2;16;B01
201500051523;0;7;0;0;2;4;23;A01
201500051523;0;10;0;0;2;1;1;B01
201500051524;0;32;0;0;0;8;21;A01
201500051525;0;1;0;0;2;1;1;B01
201500051525;0;7;0;0;2;5;10;A01
201500051526;0;13;0;0;2;7;1;B01
201500051526;0;33;0;14;2;7;3;A01
201500051527;0;31;0;0;2;5;17;B01
201500051527;0;7;0;0;2;3;15;A01
201500051528;0;1;0;0;2;8;2;B01
201500051528;0;10;0;0;2;7;2;A01
201500051529;0;33;0;1;2;1;1;B01
201500051529;0;10;0;0;2;8;9;A01
201500051530;1;7;0;0;1;3;1;Z01
201500051531;0;7;0;0;1;3;1;A01
201500051532;0;7;0;0;1;1;1;A01
201500051533;0;32;0;0;0;8;1;A01
201500051534;0;31;0;0;2;1;1;A01
201500051534;0;7;0;0;2;2;1;B01
201500051535;0;7;0;0;2;6;2;B01
201500051535;0;7;0;0;2;4;2;C01
201500051535;0;10;0;0;2;1;2;A01
201500051536;0;7;0;0;2;1;1;A01
201500051536;0;7;0;0;2;4;23;B01
201500051537;0;32;0;0;2;1;1;A01
201500051537;0;7;0;0;2;3;1;B01
201500051538;0;34;0;0;2;2;1;A01
201500051538;0;7;0;0;2;6;1;B01
201500051539;0;7;0;0;2;8;16;B01
201500051539;0;7;0;0;2;1;1;A01
201500051540;0;7;0;0;2;7;22;A01
201500051540;0;32;0;0;2;0;1;B01
201500051541;0;7;0;0;2;2;11;A01
201500051541;0;7;0;0;2;3;16;B01
201500051542;0;30;0;0;0;8;1;A01
201500051543;0;7;0;9;0;1;1;A01
201500051544;0;7;0;0;2;2;15;A01
201500051544;0;33;0;0;2;1;1;B01
201500051545;0;7;0;0;1;0;1;A01
201500051546;1;7;0;0;1;0;1;Z01
201500051547;0;31;0;0;0;0;1;A01
201500051548;1;10;0;0;1;4;4;Z01
201500051549;0;30;0;0;2;1;9;A01
201500051549;0;7;0;0;2;3;1;B01
201500051550;0;7;0;0;2;0;13;A01
201500051550;0;33;0;0;2;7;17;B01
201500051551;0;7;0;0;2;1;2;A01
201500051551;0;1;0;0;2;5;2;B01
201500051552;0;7;0;0;1;2;1;A01
201500051552;0;7;0;0;2;8;1;B01
201500051553;0;31;0;0;1;1;1;A01
201500051554;0;2;0;0;1;1;1;A01
201500051555;0;31;0;0;1;3;16;A01
201500051556;0;7;0;0;2;5;2;B01
201500051556;0;30;0;0;2;1;2;A01
201500051557;0;7;0;0;2;1;1;B01
201500051557;0;7;0;0;2;7;1;A01
201500051558;0;31;0;0;1;8;7;A01
201500051559;0;7;0;0;2;3;1;B01
201500051559;0;30;0;0;2;1;15;A01
201500051560;0;33;0;0;0;0;17;A01
201500051561;0;7;0;0;1;2;1;A01
201500051562;0;2;0;0;0;0;1;A01
201500051563;0;30;0;0;0;0;1;A01
201500051564;0;34;0;12;2;9;17;A01
201500051564;0;7;0;0;2;8;1;B01
201500051565;0;30;0;0;0;0;21;A01
201500051566;0;32;0;0;1;1;1;A01
201500051567;0;33;0;0;1;1;1;A01
201500051568;0;34;0;0;1;3;1;A01
201500051569;0;7;0;9;0;2;15;A01
201500051570;0;32;0;0;2;3;15;A01
201500051570;0;7;0;0;2;2;1;B01
201500051571;0;7;0;0;2;2;16;A01
201500051571;0;32;0;0;2;6;18;B01
201500051572;0;32;0;0;0;0;1;A01
201500051573;0;7;0;0;1;4;4;A01
201500051574;0;32;0;0;2;1;18;A01
201500051574;0;10;0;0;2;2;16;B01
201500051575;0;7;0;0;2;1;13;A01
201500051575;0;32;0;0;2;1;1;B01
201500051576;0;7;0;0;2;3;16;A01
201500051576;0;34;0;0;2;1;1;B01
201500051577;0;10;0;0;2;1;11;A01
201500051577;0;31;0;0;2;4;23;B01
201500051578;0;31;0;0;0;8;15;A01
201500051579;0;2;0;0;1;1;1;A01
201500051580;0;30;0;0;0;7;1;A01
201500051581;0;32;0;0;1;5;1;A01
201500051582;0;33;0;0;2;2;1;A01
201500051583;0;7;0;0;2;5;22;A01
201500051583;0;32;0;1;2;8;18;B01
201500051584;0;7;0;0;1;6;1;A01
201500051585;1;7;0;0;2;0;2;Z01
201500051585;0;34;0;0;2;4;23;A01
201500051586;0;7;0;0;2;1;1;B01
201500051586;0;7;0;0;2;6;10;A01
201500051587;0;7;0;0;1;3;4;A01
201500051588;0;33;0;0;1;1;1;A01
201500051589;0;7;0;9;0;7;7;A01
201500051590;0;7;0;0;2;1;2;A01
201500051590;0;7;0;0;2;4;2;B01
201500051591;0;7;0;0;2;7;9;A01
201500051591;0;32;0;0;2;8;1;B01
201500051592;0;32;0;0;2;1;17;A01
201500051592;0;10;0;0;2;3;15;B01
201500051593;0;34;0;0;0;8;1;A01
201500051594;0;34;0;14;2;8;1;A01
201500051594;0;7;0;0;2;1;23;B01
201500051595;0;7;0;0;1;2;1;A01
201500051596;0;7;0;0;2;8;24;B01
201500051596;0;7;0;1;2;2;14;A01
201500051597;0;7;0;0;2;1;2;A01