num_acc;senc;catv;occutc;obs;obsm;choc;manv;num_veh
201500051597;0;34;0;0;2;0;23;B01
201500051598;0;7;0;11;0;1;1;A01
201500051599;0;34;0;0;2;1;1;B01
201500051599;0;7;0;0;2;3;10;A01
201500051600;0;2;0;0;0;0;1;A01
201500051601;0;2;0;0;0;0;16;A01
201500051602;0;7;0;0;2;6;23;D01
201500051602;0;34;0;0;2;1;2;B01
201500051602;0;7;0;0;2;4;14;A01
201500051602;0;7;0;0;2;8;23;C01
201500051603;0;7;0;0;2;7;23;B01
201500051603;0;7;0;0;1;0;18;A01
201500051604;0;7;0;0;1;2;1;A01
201500051605;0;10;0;12;0;1;1;A01
201500051606;0;30;0;7;0;1;13;A01
201500051607;0;7;0;0;1;2;1;A01
201500051608;0;33;0;0;2;1;17;A01
201500051608;0;7;0;0;2;8;15;B01
201500051609;0;30;0;0;1;1;1;A01
201500051610;0;33;0;0;0;7;1;A01
201500051611;1;7;0;0;1;1;1;Z01
201500051612;0;33;0;0;2;2;5;A01
201500051612;0;7;0;0;2;1;1;B01
201500051613;0;2;0;0;1;1;1;A01
201500051614;0;7;0;0;2;1;1;A01
201500051614;0;7;0;0;2;4;23;B01
201500051615;0;7;0;0;1;1;7;A01
201500051616;0;1;0;0;2;2;13;B01
201500051616;0;2;0;0;2;3;17;A01
201500051617;0;1;0;0;2;8;13;B01
201500051617;0;14;0;0;2;5;17;A01
201500051618;0;7;0;0;1;3;1;A01
201500051619;0;1;0;0;2;4;2;B01
201500051619;0;7;0;0;2;1;2;A01
201500051620;0;10;0;0;2;3;15;A01
201500051620;0;31;0;0;2;2;17;B01
201500051621;0;7;0;1;1;2;1;A01
201500051622;0;7;0;0;2;8;23;C01
201500051622;0;34;0;1;2;1;2;A01
201500051622;0;33;0;0;1;4;23;B01
201500051623;0;7;0;0;1;1;1;A01
201500051624;0;1;0;0;2;3;15;A01
201500051624;0;34;0;0;2;3;1;B01
201500051625;0;7;0;0;2;0;9;C01
201500051625;0;7;0;0;2;1;1;A01
201500051625;0;7;0;11;2;8;1;B01
201500051626;0;1;0;0;2;3;1;B01
201500051626;0;7;0;0;2;1;1;A01
201500051627;0;32;0;0;2;1;1;B01
201500051627;0;7;0;0;2;2;15;A01
201500051628;0;32;0;0;1;1;1;A01
201500051629;0;10;0;0;2;1;1;B01
201500051629;0;7;0;0;2;8;1;A01
201500051630;0;7;0;1;0;1;13;A01
201500051631;0;7;0;1;2;7;7;A01
201500051631;0;1;0;0;2;8;7;B01
201500051632;0;32;0;0;2;3;1;A01
201500051632;0;38;2;0;2;2;1;B01
201500051633;0;10;0;0;2;8;22;A01
201500051633;0;1;0;0;2;1;1;B01
201500051634;0;30;0;0;2;1;1;B01
201500051634;0;7;0;0;2;2;1;A01
201500051635;0;10;0;0;2;3;2;A01
201500051635;0;7;0;0;2;5;23;B01
201500051636;1;7;0;0;2;0;2;Z01
201500051636;0;34;0;0;2;4;23;B01
201500051636;0;7;0;0;2;6;23;A01
201500051637;0;7;0;0;2;1;16;A01
201500051637;0;7;0;0;2;1;1;B01
201500051638;0;31;0;0;2;1;2;A01
201500051638;0;7;0;0;2;6;2;B01
201500051639;0;10;0;0;2;7;16;A01
201500051639;0;7;0;0;2;8;7;B01
201500051640;0;7;0;0;2;5;4;A01
201500051640;0;33;0;0;2;1;1;B01
201500051641;1;7;0;0;1;0;1;Z01
201500051642;0;1;0;0;2;0;13;A01
201500051642;0;7;0;0;2;0;1;B01
201500051643;0;7;0;0;2;5;22;A01
201500051643;0;10;0;1;2;6;23;C01
201500051643;0;33;0;0;2;1;18;B01
201500051644;0;7;0;1;2;8;1;B01
201500051644;0;7;0;0;2;2;15;A01
201500051645;0;7;0;0;2;1;2;A01
201500051645;0;33;0;0;2;4;23;B01
201500051646;0;33;0;0;0;0;21;A01
201500051647;0;32;0;0;2;4;1;B01
201500051647;0;32;0;0;2;1;1;A01
201500051647;0;7;0;0;2;8;1;C01
201500051648;0;7;0;0;2;1;1;A01
201500051648;0;31;0;0;2;6;1;B01
201500051649;0;2;0;0;1;1;1;A01
201500051650;0;32;0;14;0;7;1;A01
201500051651;0;33;0;0;2;8;1;A01
201500051651;1;7;0;0;2;0;14;Z01
201500051652;0;33;0;12;0;7;13;A01
201500051653;0;33;0;0;1;0;21;A01
201500051654;0;7;0;0;2;3;13;A01
201500051654;0;1;0;0;2;1;17;B01
201500051655;0;10;0;0;2;2;1;A01
201500051655;0;7;0;0;2;4;23;B01
201500051656;0;7;0;0;1;1;1;A01
201500051657;0;32;0;0;2;6;23;B01
201500051657;0;32;0;0;2;1;2;A01
201500051658;0;33;0;0;2;0;1;A01
201500051658;0;7;0;0;2;0;1;B01
201500051659;0;33;0;0;2;4;15;B01
201500051659;0;30;0;0;2;1;2;A01
201500051660;0;33;0;0;2;1;1;B01
201500051660;0;7;0;0;2;7;15;A01
201500051661;0;7;0;0;1;1;1;A01
201500051662;0;7;0;0;2;6;1;B01
201500051662;0;30;0;0;2;1;1;A01
201500051663;0;7;0;0;2;5;15;A01
201500051663;0;32;0;0;2;1;1;B01
201500051664;0;7;0;0;2;3;1;A01
201500051664;0;7;0;0;2;1;1;B01
201500051665;0;33;0;1;1;1;1;A01
201500051666;0;7;0;0;1;1;15;A01
201500051667;0;7;0;0;2;2;15;A01
201500051667;0;33;0;0;2;1;1;B01
201500051668;0;7;0;0;1;2;1;A01
201500051669;0;7;0;0;2;1;2;A01
201500051669;0;34;0;0;2;4;23;B01
201500051670;0;7;0;0;2;7;16;A01
201500051670;0;33;0;0;2;8;1;B01
201500051671;1;32;0;0;2;0;1;Z01
201500051671;0;33;0;0;2;1;1;A01
201500051672;0;7;0;0;2;3;15;B01
201500051672;0;7;0;0;2;3;1;A01
201500051672;0;7;0;1;2;6;24;C01
201500051673;1;7;0;0;1;4;4;Z01
201500051674;0;33;0;0;2;1;1;A01
201500051674;0;7;0;0;2;2;23;B01
201500051675;0;30;0;0;2;0;1;B01
201500051675;2;7;0;0;2;0;1;A01
201500051676;1;7;0;0;2;8;15;Z01
201500051676;0;30;0;0;2;1;23;A01
201500051677;0;30;0;14;0;1;1;A01
201500051678;0;2;0;0;2;7;1;A01
201500051678;0;7;0;0;2;3;10;B01
201500051679;0;7;0;0;2;4;23;C01
201500051679;0;7;0;0;2;1;1;A01
201500051679;0;7;0;0;2;4;23;B01
201500051680;0;33;0;0;0;0;1;A01
201500051681;0;1;0;0;2;0;1;A01
201500051681;1;7;0;0;2;0;22;Z01
201500051682;0;7;0;0;2;3;10;A01
201500051682;0;32;0;0;2;2;17;B01
201500051683;0;32;0;0;1;1;1;A01
201500051684;0;33;0;0;2;2;17;A01
201500051684;0;7;0;0;2;6;10;B01
201500051685;0;32;0;14;0;1;1;A01
201500051686;0;10;0;0;2;6;24;B01
201500051686;0;1;0;0;2;0;14;A01
201500051687;0;32;0;0;0;0;1;A01
201500051688;0;38;0;0;1;2;15;A01
201500051689;0;7;0;0;2;5;4;A01
201500051689;0;32;0;0;2;8;15;B01
201500051690;0;1;0;0;2;4;1;B01
201500051690;0;7;0;0;2;2;1;A01
201500051691;0;33;0;0;2;3;18;A01
201500051691;0;14;0;0;2;2;16;B01
201500051692;0;2;0;0;2;2;3;A01
201500051692;0;10;0;0;2;7;12;B01
201500051693;0;7;0;0;2;8;13;A01
201500051693;0;33;0;0;2;7;17;B01
201500051694;0;33;0;0;1;1;1;A01
201500051695;0;10;0;0;2;4;4;A01
201500051695;0;31;0;0;2;1;1;B01
201500051696;0;7;0;0;1;6;20;A01
201500051697;0;7;0;0;2;5;16;B01
201500051697;0;30;0;0;2;8;18;A01
201500051698;0;32;0;0;2;6;1;B01
201500051698;0;7;0;0;2;2;16;A01
201500051699;0;33;0;0;0;0;16;A01
201500051700;0;37;0;0;2;2;1;A01
201500051700;0;7;0;0;2;6;23;B01
201500051701;0;7;0;0;1;1;1;A01
201500051702;0;32;0;0;2;1;1;B01
201500051702;0;32;0;0;2;7;1;A01
201500051703;0;7;0;0;1;8;1;A01
201500051704;0;32;0;0;2;1;1;A01
201500051704;0;7;0;0;2;3;10;B01
201500051705;0;34;0;0;2;5;1;B01
201500051705;0;7;0;0;2;3;13;A01
201500051706;0;31;0;0;1;2;1;A01
201500051707;0;7;0;0;2;3;10;A01
201500051707;0;33;0;0;2;7;1;B01
201500051708;0;33;0;0;2;8;1;B01
201500051708;0;33;0;0;2;1;11;A01
201500051709;1;7;0;0;2;0;2;Z01
201500051709;0;32;0;0;2;6;2;A01
201500051710;0;32;0;0;2;2;17;A01
201500051710;0;10;0;0;2;3;15;B01
201500051711;0;31;0;0;2;1;1;A01
201500051711;1;7;0;0;2;1;10;Z01
201500051712;0;33;0;0;2;1;17;A01
201500051712;0;7;0;0;2;3;15;B01
201500051713;0;10;0;0;2;6;23;B01
201500051713;0;33;0;0;2;2;2;A01
201500051714;0;32;0;0;2;6;1;B01
201500051714;0;7;0;0;2;1;1;A01
201500051715;0;7;0;0;1;0;1;A01
201500051716;0;7;0;8;1;1;15;A01
201500051717;0;34;0;0;2;2;7;B01
201500051717;0;7;0;0;2;3;10;A01
201500051718;0;7;0;0;2;5;1;B01
201500051718;0;2;0;0;2;1;1;A01
201500051719;0;7;0;0;2;6;15;B01
201500051719;0;30;0;0;2;1;17;A01
201500051720;0;30;0;0;1;1;1;A01
201500051721;0;7;0;0;2;8;13;A01
201500051721;0;31;0;0;2;7;17;B01
201500051722;0;7;0;0;2;1;15;A01
201500051722;0;1;0;0;2;3;1;B01
201500051723;0;1;0;0;0;0;15;A01
201500051724;0;7;0;0;1;4;20;A01
201500051725;0;32;0;0;2;1;16;A01
201500051725;0;7;0;0;2;2;15;B01
201500051726;0;7;0;0;2;0;1;A01
201500051726;0;7;0;0;2;4;23;B01
201500051727;0;7;0;0;2;1;1;A01
201500051727;0;33;0;0;2;8;1;B01
201500051728;0;30;0;0;2;0;2;A01
201500051728;0;7;0;0;2;0;2;B01
201500051729;0;7;0;0;2;8;9;A01
201500051729;0;30;0;0;2;2;1;B01
201500051730;0;33;0;0;2;2;1;B01
201500051730;0;7;0;0;2;8;10;A01
201500051731;0;7;0;0;2;3;1;A01
201500051731;0;1;0;0;2;0;23;B01
201500051732;0;34;0;0;2;5;23;B01
201500051732;0;33;0;0;2;1;2;A01
201500051733;0;7;0;0;2;4;23;B01
201500051733;0;7;0;0;2;1;2;A01
201500051734;0;1;0;0;1;1;1;A01
201500051735;0;7;0;0;2;2;1;B01
201500051735;0;32;0;0;2;8;1;A01
201500051736;0;33;0;0;2;2;1;B01
201500051736;0;1;0;0;2;3;13;A01
201500051737;0;1;0;0;2;1;1;A01
201500051737;0;10;0;0;2;4;16;B01
201500051738;0;33;0;0;2;1;1;B01
201500051738;0;7;0;0;2;7;15;A01
201500051739;0;2;0;0;2;3;9;A01
201500051739;0;7;0;0;2;5;1;B01
201500051740;0;7;0;0;2;4;23;B01
201500051740;0;7;0;0;2;1;2;A01
201500051741;0;7;0;0;2;2;1;B01
201500051741;0;1;0;0;2;3;18;A01
201500051742;0;34;0;0;1;1;1;A01
201500051743;0;7;0;0;2;0;1;A01
201500051743;0;31;0;0;2;8;1;B01
201500051744;0;1;0;0;0;0;1;A01
201500051745;0;7;0;0;2;3;15;B01
201500051745;0;31;0;0;2;7;5;A01
201500051746;0;7;0;0;2;8;15;A01
201500051746;0;31;0;0;2;2;17;B01
201500051747;0;7;0;0;2;7;16;B01
201500051747;0;31;0;0;2;0;1;A01
201500051748;0;10;0;0;2;3;10;A01
201500051748;0;30;0;0;2;4;1;B01
201500051749;0;7;0;0;1;2;1;A01
201500051750;0;38;0;0;2;2;2;A01
201500051750;0;7;0;0;2;4;2;B01
201500051751;0;33;0;0;2;3;1;B01
201500051751;0;7;0;0;2;7;1;A01
201500051752;0;34;0;14;0;7;1;A01
201500051753;0;7;0;0;2;1;2;A01
201500051753;0;7;0;8;2;6;15;B01
201500051754;0;10;0;12;2;2;12;A01
201500051754;0;7;0;0;2;3;1;B01
201500051755;0;7;0;0;2;8;14;A01
201500051755;0;1;0;0;2;7;1;B01
201500051756;0;32;0;0;0;2;1;A01
201500051757;0;7;0;0;1;1;1;A01
201500051758;0;13;0;0;2;5;16;B01
201500051758;0;30;0;0;2;8;18;A01
201500051759;0;10;0;1;2;6;24;B01
201500051759;0;31;0;0;2;1;1;C01
201500051759;0;7;0;1;2;7;10;A01
201500051760;0;7;0;2;0;1;13;A01
201500051761;0;7;0;0;2;2;1;A01
201500051761;0;1;0;0;2;4;15;B01
201500051762;0;7;0;0;2;1;1;A01
201500051762;0;7;0;0;2;8;1;B01
201500051763;0;33;0;0;1;1;1;A01
201500051764;0;33;0;0;2;7;17;A01
201500051764;0;7;0;0;2;3;13;B01
201500051765;0;1;0;0;2;1;1;B01
201500051765;0;7;0;0;2;5;22;A01
201500051766;0;7;0;0;2;2;16;A01
201500051766;0;33;0;0;2;3;1;B01
201500051767;0;7;0;0;2;5;5;A01
201500051767;0;7;0;0;2;2;15;B01
201500051768;0;2;0;0;2;8;1;A01
201500051768;0;7;0;0;2;5;16;B01
201500051769;0;7;0;0;2;3;13;A01
201500051769;0;7;0;0;2;3;1;B01
201500051769;0;7;0;0;2;3;1;C01
201500051770;0;32;0;0;0;0;1;A01
201500051771;0;32;0;0;0;0;15;A01
201500051772;0;2;0;0;2;1;1;B01
201500051772;0;7;0;0;2;2;9;A01
201500051773;0;33;0;0;2;1;1;B01
201500051773;0;7;0;0;2;2;16;A01
201500051774;0;10;0;0;2;3;10;A01
201500051774;0;31;0;0;2;1;1;B01
201500051775;0;14;0;0;2;2;2;A01
201500051775;0;7;0;0;2;6;23;B01
201500051776;0;2;0;0;2;7;17;A01
201500051776;0;7;0;0;2;0;1;B01
201500051777;0;7;0;0;2;1;1;A01
201500051777;0;7;0;0;2;8;1;B01
201500051778;0;33;0;0;2;1;17;B01
201500051778;0;7;0;0;2;6;15;A01
201500051779;0;33;0;0;1;1;6;A01
201500051780;0;7;0;0;2;1;9;A01
201500051780;0;32;0;0;2;2;17;B01
201500051781;0;33;0;0;2;1;17;A01
201500051781;0;32;0;0;2;8;15;B01
201500051782;0;30;0;14;0;1;13;A01
201500051783;0;7;0;0;2;5;16;A01
201500051783;0;33;0;0;2;1;1;B01
201500051784;0;32;0;0;2;1;1;A01
201500051784;0;7;0;0;2;3;10;B01
201500051785;0;7;0;0;2;1;15;A01
201500051785;0;32;0;0;2;1;1;B01
201500051786;0;34;0;0;1;1;1;A01
201500051787;0;10;0;0;2;2;10;A01
201500051787;0;32;0;0;2;2;1;B01
201500051788;0;10;0;0;2;3;15;A01
201500051788;0;31;0;0;2;7;1;B01
201500051789;0;34;0;1;1;2;1;A01
201500051790;0;37;0;0;2;2;2;A01
201500051790;0;7;0;0;2;6;2;B01
201500051791;0;7;0;0;2;1;1;A01
201500051791;0;7;0;0;2;8;1;B01
201500051792;0;7;0;1;1;1;14;A01
201500051792;0;7;0;0;2;0;23;B01
201500051793;0;7;0;0;2;4;23;B01
201500051793;0;7;0;0;2;1;2;C01
201500051793;0;7;0;0;2;1;2;A01
201500051794;0;7;0;0;1;3;1;A01
201500051795;0;34;0;0;1;1;1;A01
201500051796;0;30;0;0;1;1;1;A01
201500051797;0;34;0;0;2;1;1;A01
201500051797;0;7;0;0;2;6;15;B01
201500051798;0;10;0;0;2;2;14;A01
201500051798;0;33;0;0;2;8;1;B01
201500051799;0;32;0;0;0;0;1;A01
201500051800;0;7;0;0;1;6;4;A01
201500051801;0;7;0;0;1;1;16;A01
201500051802;0;7;0;0;2;5;23;B01
201500051802;0;34;0;0;2;1;2;A01
201500051803;0;33;0;0;2;3;1;B01
201500051803;0;7;0;0;2;2;1;A01
201500051804;0;7;0;0;2;1;15;A01
201500051804;0;34;0;0;2;8;1;B01
201500051805;0;7;0;0;2;2;16;A01
201500051805;0;7;0;0;2;3;1;B01
201500051806;0;33;0;0;2;1;18;A01
201500051806;0;33;0;0;2;4;1;B01
201500051807;0;7;0;14;2;1;1;B01
201500051807;0;7;0;0;2;1;15;A01
201500051808;0;7;0;14;0;1;1;A01
201500051809;1;10;0;0;2;3;11;Z01
201500051809;0;33;0;0;2;2;1;A01
201500051810;0;7;0;0;2;2;15;B01
201500051810;0;32;0;0;2;2;1;A01
201500051811;0;31;0;0;2;3;13;A01
201500051811;0;7;0;0;2;2;1;B01
201500051812;0;7;0;0;1;3;1;A01
201500051813;0;30;0;0;1;1;1;A01
201500051814;0;7;0;0;1;2;1;A01
201500051815;0;7;0;0;2;7;1;A01
201500051815;0;7;0;0;2;1;1;B01
201500051816;0;30;0;0;2;0;1;A01
201500051816;0;7;0;0;2;0;1;B01
201500051817;0;30;0;0;2;0;2;A01
201500051817;0;10;0;0;2;3;23;B01
201500051818;1;32;0;0;2;0;2;Z01
201500051818;0;1;0;0;2;0;2;A01
201500051819;1;7;0;0;2;3;16;Z01
201500051819;0;33;0;0;2;7;16;A01
201500051820;0;10;0;0;2;1;2;A01
201500051820;0;7;0;0;2;4;2;B01
201500051821;0;7;0;0;2;6;15;B01
201500051821;0;31;0;0;2;2;18;A01
201500051822;0;7;0;0;2;6;22;A01
201500051822;0;33;0;0;2;1;17;B01
201500051823;0;7;0;0;2;6;2;B01
201500051823;0;31;0;0;2;1;2;A01
201500051824;0;32;0;0;1;1;1;A01
201500051825;0;32;0;0;0;8;1;A01
201500051826;0;7;0;0;2;2;7;B01
201500051826;0;7;0;0;2;7;16;A01
201500051827;0;38;0;0;2;4;23;B01
201500051827;0;10;0;0;2;1;1;A01
201500051828;0;7;0;0;2;2;1;B01
201500051828;0;7;0;0;2;3;12;A01
201500051829;0;33;0;0;2;1;17;B01
201500051829;0;7;0;0;2;8;10;A01
201500051830;0;7;0;0;1;2;1;A01
201500051831;0;30;0;0;0;7;1;A01
201500051832;0;2;0;0;0;0;1;A01
201500051833;0;7;0;0;1;3;4;A01
201500051834;0;7;0;0;2;5;1;B01
201500051834;0;32;0;1;2;3;18;A01
201500051835;0;7;0;0;2;1;15;A01
201500051835;0;32;0;0;2;8;1;B01
201500051836;0;32;0;0;1;1;1;A01
201500051837;0;32;0;0;0;8;1;A01
201500051838;0;7;0;0;2;1;7;A01
201500051838;0;7;0;0;2;7;15;B01
201500051839;0;37;0;0;1;1;1;A01
201500051840;0;30;0;0;2;1;2;A01
201500051840;0;7;0;0;2;0;23;B01
201500051841;0;7;0;0;2;7;1;B01
201500051841;0;7;0;0;2;1;1;A01
201500051842;0;30;0;0;0;0;1;A01
201500051843;0;10;0;0;2;4;1;A01
201500051843;0;32;0;0;2;1;23;B01
201500051844;0;7;0;0;2;8;1;A01
201500051844;0;32;0;0;2;2;1;B01
201500051845;0;2;0;0;0;0;1;A01
201500051846;0;7;0;0;2;3;10;A01
201500051846;0;33;0;0;2;1;1;B01
201500051847;0;31;0;0;2;1;1;A01
201500051847;0;7;0;0;2;0;16;B01
201500051848;0;7;0;0;2;6;13;A01
201500051848;0;31;0;0;2;1;17;B01
201500051849;0;31;0;0;2;8;1;B01
201500051849;0;7;0;0;2;1;1;A01
201500051850;0;1;0;0;2;2;19;A01
201500051850;0;7;0;0;2;0;1;B01
201500051851;0;7;0;0;1;2;16;A01
201500051852;0;32;0;0;2;1;1;C01
201500051852;0;2;0;0;2;1;1;B01
201500051852;0;7;0;0;2;7;22;A01
201500051853;0;7;0;0;2;3;9;A01
201500051853;0;7;0;1;2;2;1;B01
201500051854;0;33;0;0;2;3;7;A01
201500051854;0;10;0;0;2;7;16;B01
201500051855;0;32;0;0;1;1;1;A01
201500051856;0;7;0;0;2;4;1;B01
201500051856;0;7;0;0;2;4;1;C01
201500051856;0;7;0;0;2;5;1;A01
201500051857;0;32;0;0;2;1;1;B01
201500051857;0;7;0;0;2;2;15;A01
201500051858;0;2;0;0;1;8;1;A01
201500051859;0;7;0;0;2;1;1;A01
201500051859;0;10;0;0;2;4;1;B01
201500051859;0;7;0;0;2;4;1;C01
201500051860;0;33;0;0;2;1;17;A01
201500051860;0;7;0;0;2;8;15;B01
201500051860;0;7;0;0;2;3;5;C01
201500051861;0;7;0;0;1;2;16;A01
201500051862;0;7;0;0;1;1;15;A01
201500051863;0;32;0;0;0;0;21;A01
201500051864;0;10;0;0;2;2;22;B01
201500051864;0;14;0;1;2;3;1;A01
201500051865;0;2;0;0;2;7;1;B01
201500051865;0;7;0;0;2;8;13;A01
201500051866;0;31;0;0;0;8;21;A01
201500051867;0;7;0;0;2;4;1;B01
201500051867;0;32;0;0;2;1;1;A01
201500051868;0;34;0;0;0;1;15;A01
201500051869;0;33;0;1;1;1;1;A01
201500051870;0;33;0;0;2;1;17;B01
201500051870;0;10;0;0;2;3;1;A01
201500051871;0;33;0;0;1;1;1;A01
201500051872;0;31;0;0;2;8;13;A01
201500051872;0;31;0;0;2;0;1;B01
201500051873;0;7;0;0;2;3;15;B01
201500051873;0;34;0;0;2;1;5;A01
201500051874;0;34;0;0;2;5;1;A01
201500051874;0;7;0;0;2;1;1;B01
201500051875;0;10;0;0;2;3;22;A01
201500051875;0;1;0;0;2;1;17;B01
201500051876;0;7;0;0;1;3;1;A01
201500051877;0;34;0;0;1;1;16;A01
201500051878;0;30;0;0;2;7;17;A01
201500051878;0;7;0;0;2;3;15;B01
201500051879;0;30;0;8;0;1;13;A01
201500051880;0;7;0;0;1;1;15;A01
201500051881;0;10;0;0;2;2;1;B01
201500051881;0;34;0;0;2;6;13;A01
201500051882;0;7;0;0;2;8;1;A01
201500051882;0;34;0;0;2;1;1;B01
201500051883;0;7;0;0;1;1;1;A01
201500051884;0;33;0;0;0;0;1;A01
201500051885;0;34;0;0;2;0;1;A01
201500051885;0;7;0;0;2;0;9;B01
201500051886;0;7;0;0;2;1;1;A01
201500051886;0;7;0;0;2;6;1;B01
201500051887;0;34;0;0;0;0;21;A01
201500051888;0;7;0;0;1;1;1;A01
201500051889;0;30;0;0;2;3;1;A01
201500051889;0;7;0;0;2;2;13;B01
201500051890;0;7;0;14;0;1;1;A01
201500051891;0;7;0;0;1;6;4;A01
201500051892;0;10;0;0;2;5;23;B01
201500051892;0;34;0;0;2;1;2;A01
201500051893;0;31;0;0;2;7;2;A01
201500051893;0;7;0;0;2;6;23;B01
201500051894;0;30;0;1;0;1;14;A01
201500051895;0;30;0;0;2;3;1;B01
201500051895;0;7;0;0;2;3;13;A01
201500051896;0;10;0;0;2;1;1;A01
201500051896;0;7;0;0;2;5;1;B01
201500051897;1;7;0;0;2;1;2;Z01
201500051897;0;7;0;0;2;4;2;A01
201500051898;0;7;0;9;2;1;0;B01
201500051898;0;7;0;0;2;8;10;A01
201500051899;0;7;0;0;1;6;4;A01
201500051900;0;1;0;0;2;4;18;A01
201500051900;0;7;0;0;2;7;1;B01
201500051901;0;7;0;0;2;4;1;A01
201500051901;1;7;0;0;2;0;1;Z01
201500051902;0;7;0;0;0;1;1;A01
201500051903;0;31;0;0;2;1;2;A01
201500051903;0;32;0;0;2;4;2;B01
201500051904;1;33;0;0;1;3;1;Z01
201500051905;0;31;0;0;2;1;18;B01
201500051905;0;7;0;0;2;5;22;A01
201500051906;0;7;0;0;2;5;16;A01
201500051906;1;7;0;0;2;1;18;Z01
201500051907;0;7;0;0;2;7;15;B01
201500051907;0;2;0;0;2;1;1;A01
201500051908;1;7;0;0;1;6;1;Z01
201500051909;0;7;0;1;1;2;17;A01
201500051910;0;7;0;0;2;4;4;A01
201500051910;0;2;0;0;2;7;1;B01
201500051911;0;7;0;0;2;1;1;A01
201500051911;0;32;0;0;2;2;1;B01
201500051912;0;34;0;0;1;2;1;A01
201500051913;0;30;0;0;2;0;1;B01
201500051913;0;7;0;0;2;0;1;A01
201500051914;0;7;0;0;2;8;16;A01
201500051914;0;31;0;0;2;1;7;B01
201500051915;0;7;0;0;1;1;1;A01
201500051916;0;33;0;0;1;1;1;A01
201500051917;0;31;0;0;2;8;1;A01
201500051917;0;7;0;0;2;1;1;B01
201500051918;0;7;0;0;2;2;16;B01
201500051918;0;30;0;0;2;8;7;A01
201500051919;1;7;0;0;1;1;1;Z01
201500051920;0;31;0;0;1;1;1;A01
201500051921;0;1;0;0;2;5;1;A01
201500051921;0;7;0;0;2;2;1;B01
201500051922;0;7;0;0;2;0;22;A01
201500051922;0;32;0;0;2;0;18;B01
201500051923;0;7;0;0;1;2;14;A01
201500051924;0;7;0;0;2;3;1;B01
201500051924;0;7;0;0;2;2;1;A01
201500051925;0;7;0;0;2;5;2;B01
201500051925;0;32;0;0;2;1;2;A01
201500051926;0;1;0;0;2;6;14;A01
201500051926;0;1;0;0;2;2;1;B01
201500051927;0;1;0;0;2;1;1;B01
201500051927;0;10;0;0;2;2;4;A01
201500051928;0;32;0;0;1;2;1;A01
201500051929;0;1;0;0;2;7;16;A01
201500051929;0;34;0;0;2;1;7;B01
201500051930;0;7;0;0;2;3;15;B01
201500051930;0;31;0;0;2;1;17;A01
201500051931;0;2;0;0;2;1;12;A01
201500051931;0;7;0;0;2;2;7;B01
201500051932;1;31;0;0;1;1;1;A01
201500051933;0;31;0;0;1;0;1;A01
201500051934;0;10;0;0;1;3;1;A01
201500051935;0;2;0;0;0;1;1;A01
201500051936;0;30;0;0;2;3;2;A01
201500051936;0;7;0;0;2;5;2;B01
201500051937;0;10;0;0;2;7;22;A01
201500051937;0;1;0;0;2;1;1;B01
201500051938;0;32;0;0;2;0;1;A01
201500051938;0;33;0;0;2;0;1;B01
201500051939;0;7;0;0;1;2;1;A01
201500051940;0;7;0;0;2;0;9;B01
201500051940;0;32;0;8;2;2;1;A01
201500051941;0;7;0;0;2;1;5;A01
201500051941;0;7;0;0;2;2;1;B01
201500051942;0;33;0;0;2;1;1;B01
201500051942;0;7;0;0;2;6;10;A01
201500051943;0;7;0;0;1;0;16;A01
201500051944;0;31;0;0;2;2;1;B01
201500051944;0;7;0;0;2;2;1;C01
201500051944;0;7;0;0;2;3;22;A01
201500051945;0;1;0;0;2;1;7;B01
201500051945;0;7;0;0;2;5;16;A01
201500051946;0;34;0;0;1;1;1;A01
201500051947;0;10;0;0;1;4;4;A01
201500051948;0;30;0;0;1;3;1;A01
201500051949;0;32;0;0;9;3;1;A01
201500051950;0;7;0;0;1;3;1;A01
201500051951;0;7;0;0;2;0;23;A01
201500051951;0;1;0;0;2;1;1;B01
201500051952;0;7;0;0;2;3;9;A01
201500051952;0;2;0;0;2;6;1;B01
201500051953;0;7;0;0;1;1;1;A01
201500051954;0;7;0;0;1;4;4;A01
201500051955;0;32;0;0;1;1;1;A01
201500051956;0;7;0;0;1;6;4;A01
201500051957;0;7;0;0;1;3;1;A01
201500051958;0;37;0;0;2;2;2;A01
201500051958;0;7;0;0;2;6;23;B01
201500051959;0;7;0;0;1;1;1;A01
201500051960;0;31;0;0;1;1;1;A01
201500051961;0;30;0;0;2;8;1;B01
201500051961;0;10;0;0;2;7;16;A01
201500051962;0;31;0;0;2;1;1;B01
201500051962;0;7;0;0;2;5;15;A01
201500051963;0;7;0;11;0;1;1;A01
201500051964;1;30;0;0;1;0;1;Z01
201500051965;0;7;0;0;1;1;15;A01
201500051966;0;7;0;0;2;3;1;B01
201500051966;0;33;0;0;2;1;15;A01
201500051967;1;34;0;0;1;0;1;Z01
201500051968;0;30;0;0;2;8;1;B01
201500051968;0;7;0;0;2;1;15;A01
201500051969;0;7;0;0;2;8;15;A01
201500051969;0;32;0;0;2;1;1;B01
201500051970;0;30;0;0;0;0;1;A01
201500051971;0;33;0;0;2;7;1;A01