num_acc;senc;catv;occutc;obs;obsm;choc;manv;num_veh
201500051971;0;37;1;0;2;0;9;B01
201500051972;0;2;0;0;2;8;18;A01
201500051972;0;7;0;0;2;5;22;B01
201500051973;0;7;0;0;1;0;15;A01
201500051974;0;31;0;0;2;1;1;B01
201500051974;0;7;0;0;2;3;15;A01
201500051975;0;10;0;0;1;1;15;A01
201500051976;0;7;0;0;2;3;7;A01
201500051976;0;32;0;0;2;2;1;B01
201500051977;1;7;0;0;1;0;1;Z01
201500051978;0;32;0;0;2;0;3;B01
201500051978;0;7;0;0;2;6;1;C01
201500051978;0;7;0;0;2;5;1;A01
201500051979;0;15;0;0;2;8;13;A01
201500051979;0;2;0;0;2;2;17;B01
201500051980;1;7;0;0;2;0;17;Z01
201500051980;0;33;0;0;2;2;1;A01
201500051981;0;1;0;0;2;4;1;A01
201500051981;0;7;0;0;2;4;1;B01
201500051982;0;7;0;14;0;0;15;A01
201500051983;0;1;0;0;2;1;1;B01
201500051983;0;7;0;0;2;5;12;A01
201500051984;0;7;0;0;1;3;1;A01
201500051985;1;7;0;0;1;0;1;Z01
201500051986;0;10;0;0;2;0;1;A01
201500051986;0;33;0;0;2;1;1;B01
201500051987;0;7;0;0;1;3;1;A01
201500051988;0;30;0;0;0;0;21;A01
201500051989;0;2;0;0;2;2;1;B01
201500051989;0;7;0;0;2;0;13;A01
201500051990;0;2;0;0;2;8;1;A01
201500051990;0;7;0;0;2;0;12;B01
201500051991;0;32;0;0;2;1;17;A01
201500051991;0;10;0;0;2;8;15;B01
201500051992;0;7;0;0;1;3;15;A01
201500051993;0;7;0;0;2;2;1;A01
201500051993;0;1;0;0;2;6;15;B01
201500051994;0;7;0;0;2;3;15;A01
201500051994;0;30;0;0;2;1;17;B01
201500051995;0;33;0;0;2;4;15;A01
201500051995;0;32;0;0;2;1;1;B01
201500051996;1;7;0;0;2;1;2;Z01
201500051996;0;7;0;0;2;4;23;A01
201500051997;0;37;0;0;2;1;7;B01
201500051997;0;7;0;0;2;4;12;A01
201500051998;0;7;0;0;2;3;15;A01
201500051998;0;30;0;0;2;0;17;B01
201500051999;0;2;0;0;0;0;1;A01
201500052000;0;7;0;0;2;2;15;A01
201500052000;0;34;0;0;2;2;1;B01
201500052001;0;34;0;0;2;3;9;A01
201500052001;0;32;0;0;2;1;1;B01
201500052002;0;7;0;0;2;2;1;A01
201500052002;0;32;0;0;2;8;1;B01
201500052003;0;7;0;0;2;8;22;A01
201500052003;0;34;0;0;2;7;1;B01
201500052004;0;2;0;0;0;7;1;A01
201500052005;0;32;0;0;1;2;1;A01
201500052006;0;7;0;0;2;1;2;A01
201500052006;0;1;0;0;2;4;7;B01
201500052007;0;7;0;0;2;2;16;B01
201500052007;0;32;0;0;2;3;7;A01
201500052008;0;33;0;0;2;8;1;A01
201500052008;1;7;0;0;2;8;10;Z01
201500052009;0;7;0;0;2;2;15;A01
201500052009;0;34;0;0;2;1;1;B01
201500052010;0;7;0;0;1;1;1;A01
201500052011;1;32;0;0;1;0;1;Z01
201500052012;0;34;0;0;1;1;1;A01
201500052013;0;7;0;0;1;5;23;A01
201500052013;0;7;0;0;2;3;2;B01
201500052014;0;10;0;0;1;4;20;A01
201500052015;0;31;0;0;2;0;1;B01
201500052015;0;7;0;0;2;5;22;A01
201500052016;0;7;0;0;1;6;4;A01
201500052017;0;7;0;0;2;3;15;A01
201500052017;0;33;0;0;2;4;17;B01
201500052018;0;32;0;0;2;7;17;A01
201500052018;0;7;0;0;2;3;15;B01
201500052019;0;32;0;0;0;7;1;A01
201500052020;0;30;0;0;0;0;21;A01
201500052021;0;2;0;0;2;7;1;A01
201500052021;1;7;0;0;2;1;16;B01
201500052022;0;10;0;0;1;4;20;A01
201500052023;0;7;0;1;0;4;4;A01
201500052024;0;32;0;0;2;3;7;A01
201500052024;0;7;0;0;2;2;16;B01
201500052025;0;7;0;0;2;0;1;A01
201500052025;0;7;0;1;2;7;1;B01
201500052026;0;7;0;12;0;3;1;A01
201500052027;0;1;0;0;1;1;1;A01
201500052028;0;1;0;0;2;0;0;A01
201500052028;1;32;0;0;2;0;0;Z01
201500052029;0;32;0;0;1;1;1;A01
201500052030;0;7;0;7;0;1;1;A01
201500052031;0;7;0;0;2;2;1;A01
201500052031;0;7;0;0;2;3;1;B01
201500052032;0;7;0;0;2;0;15;B01
201500052032;0;1;0;0;2;2;7;A01
201500052033;0;7;0;0;1;3;15;A01
201500052034;0;31;0;0;1;1;1;A01
201500052035;0;7;0;0;1;2;1;A01
201500052036;0;1;0;0;2;8;1;B01
201500052036;0;7;0;0;2;2;14;A01
201500052037;0;7;0;0;2;0;2;A01
201500052037;0;33;0;0;2;4;2;B01
201500052038;0;33;0;0;1;1;1;A01
201500052039;0;30;0;0;0;7;1;A01
201500052040;0;37;0;0;2;8;13;A01
201500052040;0;7;0;0;2;2;23;B01
201500052041;0;37;0;0;2;4;23;B01
201500052041;0;30;0;0;2;1;7;A01
201500052042;0;33;0;0;2;8;16;A01
201500052042;0;7;0;0;2;2;16;B01
201500052043;0;7;0;0;1;3;15;A01
201500052044;0;14;0;0;2;0;15;A01
201500052044;0;1;0;0;2;0;1;B01
201500052045;2;32;0;0;1;1;1;Z01
201500052046;0;7;0;0;2;2;15;A01
201500052046;0;1;0;0;2;8;0;B01
201500052047;0;33;0;0;1;2;1;A01
201500052048;0;2;0;0;0;0;1;A01
201500052049;0;7;0;0;2;6;2;B01
201500052049;0;34;0;0;2;1;2;A01
201500052050;0;32;0;1;2;2;1;A01
201500052050;0;7;0;0;2;2;9;B01
201500052051;0;7;0;9;0;1;14;A01
201500052052;0;10;0;0;2;4;2;A01
201500052052;0;33;0;0;2;0;23;B01
201500052053;0;7;0;0;2;8;9;A01
201500052053;0;1;0;0;2;7;1;B01
201500052054;0;31;0;0;1;1;1;A01
201500052055;0;7;0;0;2;1;10;A01
201500052055;0;31;0;0;2;1;1;B01
201500052056;0;7;0;0;2;2;9;A01
201500052056;0;33;0;0;2;1;1;B01
201500052057;0;10;0;0;1;1;15;A01
201500052058;0;33;0;0;2;4;1;A01
201500052058;0;7;0;0;2;1;1;B01
201500052059;0;37;0;0;1;3;21;A01
201500052060;0;2;0;0;2;1;1;A01
201500052060;0;1;0;0;2;7;15;B01
201500052061;0;30;0;12;0;2;14;A01
201500052062;0;31;0;0;2;2;7;A01
201500052062;0;10;0;0;2;2;16;B01
201500052063;0;32;0;0;2;0;7;A01
201500052063;0;33;0;0;2;0;16;B01
201500052064;0;7;0;0;1;6;4;A01
201500052065;1;32;0;0;2;1;7;Z01
201500052065;0;1;0;0;2;6;19;A01
201500052066;0;31;0;0;2;0;1;B01
201500052066;0;7;0;0;2;6;14;A01
201500052067;0;7;0;0;2;7;16;B01
201500052067;0;31;0;0;2;8;18;A01
201500052068;0;7;0;0;2;2;1;B01
201500052068;0;31;0;1;2;1;18;A01
201500052069;0;30;0;0;2;0;5;A01
201500052069;0;7;0;0;2;3;15;B01
201500052070;0;7;0;0;2;5;22;A01
201500052070;0;32;0;0;2;1;18;B01
201500052071;0;7;0;0;2;3;15;A01
201500052071;0;34;0;0;2;7;17;B01
201500052072;0;33;0;0;2;3;1;B01
201500052072;0;32;0;0;2;2;13;A01
201500052073;0;7;0;14;0;3;1;A01
201500052074;0;32;0;0;2;7;17;A01
201500052074;0;7;0;0;2;8;15;B01
201500052075;0;10;0;0;2;2;20;B01
201500052075;0;33;0;0;2;3;18;A01
201500052076;0;31;0;0;0;0;7;A01
201500052077;1;32;0;0;1;0;17;Z01
201500052078;0;34;0;0;2;1;1;A01
201500052078;0;7;0;0;2;3;1;B01
201500052079;0;7;0;0;2;3;13;A01
201500052079;0;2;0;0;2;7;1;B01
201500052080;0;7;0;0;1;1;1;A01
201500052081;0;37;3;0;2;1;1;B01
201500052081;0;2;0;0;2;1;1;A01
201500052082;1;7;0;0;1;3;1;Z01
201500052083;0;33;0;0;0;0;1;A01
201500052084;0;32;0;0;0;1;1;A01
201500052085;0;7;0;0;1;3;1;A01
201500052086;0;37;4;0;1;3;7;A01
201500052087;0;31;0;0;0;0;1;A01
201500052088;0;1;0;0;2;4;1;B01
201500052088;0;7;0;0;2;1;13;A01
201500052089;0;7;0;0;1;3;16;A01
201500052090;0;33;0;0;0;0;21;A01
201500052091;0;7;0;0;2;1;2;B01
201500052091;0;7;0;0;1;1;23;A01
201500052092;0;7;0;0;2;1;15;A01
201500052092;0;32;0;0;2;8;1;B01
201500052093;0;7;0;0;1;1;16;A01
201500052094;0;7;0;15;2;1;11;A01
201500052094;0;7;0;0;2;7;1;B01
201500052095;0;1;0;0;1;7;1;A01
201500052096;0;1;0;0;1;1;1;A01
201500052097;0;7;0;0;2;1;15;A01
201500052097;0;2;0;0;2;1;1;B01
201500052098;0;7;0;0;1;1;1;A01
201500052099;0;13;0;0;2;3;2;A01
201500052099;0;7;0;0;2;5;2;B01
201500052099;0;7;0;0;2;4;2;C01
201500052100;0;33;0;0;1;0;1;A01
201500052101;0;1;0;0;2;1;17;B01
201500052101;0;7;0;0;2;5;14;A01
201500052102;0;32;0;0;2;2;1;A01
201500052102;0;7;0;0;2;1;1;B01
201500052103;0;7;0;0;2;1;1;A01
201500052103;0;7;0;0;2;8;1;B01
201500052104;0;32;0;0;2;1;1;B01
201500052104;0;7;0;0;2;8;10;A01
201500052105;0;30;0;0;1;1;1;A01
201500052106;0;14;0;0;2;3;15;A01
201500052106;0;7;0;0;2;4;23;B01
201500052107;0;7;0;0;1;1;1;A01
201500052108;0;7;0;0;1;4;4;A01
201500052109;0;7;0;0;1;4;20;A01
201500052110;0;7;0;0;2;2;15;B01
201500052110;0;31;0;0;2;1;1;A01
201500052111;0;33;0;0;1;2;1;A01
201500052112;0;30;0;0;0;1;1;A01
201500052113;0;30;0;0;1;1;1;A01
201500052114;0;30;0;0;2;1;1;B01
201500052114;0;7;0;0;2;7;16;A01
201500052115;0;33;0;0;1;1;17;A01
201500052116;0;7;0;14;0;2;1;A01
201500052117;0;34;0;0;1;1;17;A01
201500052118;0;30;0;0;1;1;3;A01
201500052119;0;7;0;2;0;1;14;A01
201500052120;1;33;0;0;1;1;1;Z01
201500052121;0;7;0;0;1;7;7;A01
201500052122;0;30;0;0;2;8;1;B01
201500052122;0;7;0;0;2;2;10;A01
201500052123;0;7;0;11;0;1;1;A01
201500052124;0;7;0;0;1;2;1;A01
201500052125;0;30;0;0;2;3;2;A01
201500052125;0;7;0;0;2;5;23;B01
201500052126;1;30;0;0;1;1;1;Z01
201500052127;0;33;0;0;2;1;1;B01
201500052127;0;31;0;0;2;1;14;A01
201500052128;0;7;0;0;2;1;2;A01
201500052128;0;7;0;0;2;4;23;B01
201500052129;0;30;0;0;2;1;13;A01
201500052129;0;32;0;0;2;7;21;C01
201500052129;0;33;0;0;2;1;5;B01
201500052130;0;7;0;0;1;8;1;A01
201500052131;1;10;0;0;2;6;1;Z01
201500052131;0;33;0;0;2;1;1;A01
201500052132;0;31;0;11;0;1;1;A01
201500052133;1;7;0;0;2;5;14;Z01
201500052133;0;37;2;0;2;3;7;A01
201500052134;0;30;0;1;2;1;1;A01
201500052134;0;7;0;0;2;6;24;B01
201500052134;0;7;0;0;2;3;1;C01
201500052135;0;10;0;11;0;1;14;A01
201500052136;0;7;0;11;0;1;1;A01
201500052137;0;31;0;0;2;3;1;B01
201500052137;0;7;0;0;2;2;16;A01
201500052138;0;1;0;0;2;8;18;A01
201500052138;0;14;0;0;2;7;1;B01
201500052139;0;31;0;0;1;1;1;A01
201500052140;0;7;0;0;2;1;17;A01
201500052140;0;33;0;0;2;8;15;B01
201500052141;0;31;0;0;1;1;1;A01
201500052142;0;2;0;0;2;3;18;B01
201500052142;0;7;0;0;2;2;22;A01
201500052143;0;30;0;0;2;1;1;A01
201500052143;0;7;0;0;2;0;1;B01
201500052144;0;7;0;0;2;8;11;A01
201500052144;0;31;0;0;2;7;1;B01
201500052145;0;34;0;0;2;7;17;B01
201500052145;0;7;0;0;2;3;15;A01
201500052146;1;30;0;0;1;3;1;Z01
201500052147;0;1;0;0;2;8;1;B01
201500052147;0;7;0;0;2;2;1;A01
201500052148;0;7;0;0;1;1;1;A01
201500052149;0;1;0;0;2;1;15;A01
201500052149;0;30;0;0;2;1;1;B01
201500052150;0;7;0;0;1;2;16;A01
201500052151;0;33;0;0;2;7;18;B01
201500052151;0;14;0;0;2;2;1;A01
201500052152;0;7;0;0;2;1;2;A01
201500052152;0;33;0;0;2;4;23;B01
201500052153;0;7;0;0;1;4;4;A01
201500052154;1;30;0;0;1;0;0;Z01
201500052155;0;30;0;0;2;8;1;B01
201500052155;0;7;0;0;2;2;16;A01
201500052156;0;10;0;1;1;9;1;A01
201500052157;0;7;0;0;2;4;2;B01
201500052157;0;10;0;0;2;4;2;C01
201500052157;0;10;0;0;2;1;2;A01
201500052158;0;10;0;0;1;5;1;A01
201500052159;0;7;0;0;2;1;10;A01
201500052159;0;30;0;0;2;3;1;B01
201500052160;0;33;0;0;0;7;21;A01
201500052161;0;30;0;0;2;1;1;B01
201500052161;0;7;0;0;2;7;15;A01
201500052162;0;1;0;0;2;1;15;B01
201500052162;0;10;0;0;2;6;4;A01
201500052163;0;10;0;0;2;2;15;A01
201500052163;0;33;0;0;2;1;1;B01
201500052164;0;7;0;0;2;2;1;A01
201500052164;0;1;0;0;2;3;13;B01
201500052165;0;1;0;0;2;1;1;A01
201500052165;1;30;0;0;2;1;1;Z01
201500052166;0;31;0;0;1;0;1;A01
201500052167;0;7;0;0;2;7;22;A01
201500052167;0;7;0;0;2;8;1;C01
201500052167;0;32;0;0;2;8;3;B01
201500052168;0;33;0;0;2;4;1;B01
201500052168;0;1;0;0;2;1;1;A01
201500052169;0;32;0;0;1;1;1;A01
201500052170;0;7;0;0;2;5;23;B01
201500052170;0;30;0;0;2;3;2;A01
201500052171;0;7;0;0;2;3;16;A01
201500052171;0;1;0;11;2;3;1;B01
201500052172;0;1;0;0;1;1;1;A01
201500052173;0;7;0;0;1;1;1;A01
201500052174;0;7;0;0;1;1;1;A01
201500052175;0;32;0;14;9;4;1;A01
201500052176;0;34;0;0;2;1;1;B01
201500052176;0;7;0;0;2;3;1;A01
201500052177;0;7;0;0;2;1;2;A01
201500052177;0;32;0;0;2;4;2;B01
201500052177;0;33;0;0;2;4;2;C01
201500052178;0;7;0;0;1;3;15;A01
201500052179;0;10;0;0;2;8;15;B01
201500052179;0;1;0;0;2;1;1;A01
201500052180;0;1;0;0;2;1;1;B01
201500052180;0;7;0;0;2;1;15;A01
201500052181;0;33;0;0;1;1;1;A01
201500052182;0;30;0;0;2;3;17;A01
201500052182;0;7;0;0;2;6;15;B01
201500052183;0;30;0;14;2;0;17;A01
201500052183;0;7;0;0;2;3;1;B01
201500052184;0;31;0;0;0;1;21;A01
201500052185;0;7;0;0;1;2;1;A01
201500052186;0;34;0;0;0;8;1;A01
201500052187;0;7;0;0;2;5;22;A01
201500052187;0;1;0;0;2;8;1;B01
201500052188;0;7;0;0;1;7;1;A01
201500052189;0;2;0;0;2;1;15;B01
201500052189;0;7;0;0;2;1;1;A01
201500052190;0;37;0;0;2;8;1;A01
201500052190;0;7;0;0;2;8;1;B01
201500052191;0;2;0;0;2;1;18;A01
201500052191;0;7;0;0;2;5;16;B01
201500052192;0;7;0;0;1;8;15;A01
201500052193;0;2;0;0;1;1;5;A01
201500052194;0;30;0;0;1;1;5;A01
201500052195;0;1;0;0;2;8;3;A01
201500052195;0;14;0;0;2;7;1;B01
201500052196;0;34;0;0;1;5;1;A01
201500052197;0;7;0;0;2;1;1;A01
201500052197;0;32;0;0;2;7;1;B01
201500052198;0;13;0;0;2;0;22;B01
201500052198;0;10;0;0;2;8;1;A01
201500052199;0;10;0;0;2;7;16;A01
201500052199;0;1;0;0;2;8;1;B01
201500052200;0;2;0;0;2;1;2;B01
201500052200;0;10;0;0;2;4;4;A01
201500052201;0;31;0;0;1;0;1;A01
201500052202;0;7;0;0;1;2;1;A01
201500052203;0;10;0;14;0;1;1;A01
201500052204;0;10;0;0;2;4;24;C01
201500052204;0;37;0;0;2;7;23;B01
201500052204;0;38;0;1;2;1;1;A01
201500052205;0;33;0;1;0;0;14;A01
201500052206;0;34;0;0;0;1;1;A01
201500052207;0;14;0;9;1;4;4;A01
201500052208;0;30;0;0;2;1;1;B01
201500052208;0;7;0;0;2;2;15;A01
201500052209;0;2;0;0;1;7;1;A01
201500052210;0;33;0;0;2;1;1;B01
201500052210;0;7;0;0;2;3;15;A01
201500052211;0;34;0;0;2;2;2;A01
201500052211;0;7;0;0;2;6;2;B01
201500052211;0;7;0;0;2;6;1;C01
201500052212;0;30;0;11;2;1;13;A01
201500052212;0;7;0;0;9;1;1;B01
201500052213;0;1;0;0;1;1;1;A01
201500052214;0;7;0;6;0;1;13;A01
201500052215;0;31;0;0;2;0;1;B01
201500052215;0;1;0;0;2;0;1;A01
201500052216;0;37;0;0;1;0;1;A01
201500052217;0;2;0;0;2;0;13;A01
201500052217;0;1;0;0;2;0;15;B01
201500052218;0;31;0;0;0;2;1;B01
201500052218;0;7;0;0;0;2;9;A01
201500052219;0;33;0;0;1;3;1;A01
201500052220;0;7;0;0;2;2;16;B01
201500052220;0;33;0;0;2;3;7;A01
201500052221;0;7;0;0;2;1;1;A01
201500052221;0;1;0;0;2;4;1;B01
201500052222;0;7;0;0;2;1;1;A01
201500052222;0;7;0;0;2;7;1;B01
201500052223;0;1;0;0;2;2;19;A01
201500052223;0;30;0;0;2;1;1;B01
201500052224;0;7;0;0;2;1;1;A01
201500052224;0;7;0;0;2;4;1;C01
201500052224;0;7;0;0;2;4;1;B01
201500052225;0;1;0;0;1;1;7;A01
201500052226;0;7;0;0;2;3;15;A01
201500052226;0;33;0;0;2;1;17;B01
201500052227;0;33;0;0;1;1;1;A01
201500052228;0;7;0;0;2;2;15;B01
201500052228;0;30;0;0;2;1;1;A01
201500052229;1;7;0;0;1;0;1;Z01
201500052230;0;1;0;0;2;7;1;B01
201500052230;0;7;0;0;2;3;22;A01
201500052231;0;7;0;0;2;2;10;A01
201500052231;0;34;0;0;2;1;1;B01
201500052232;1;2;0;0;1;0;1;Z01
201500052233;0;7;0;0;2;0;15;A01
201500052233;0;33;0;0;2;5;17;B01
201500052234;0;30;0;0;2;1;1;A01
201500052234;0;7;0;0;2;6;14;B01
201500052235;0;7;0;8;0;1;1;A01
201500052236;0;1;0;0;1;0;1;A01
201500052237;0;2;0;0;2;1;17;B01
201500052237;0;7;0;0;2;8;15;A01
201500052238;0;7;0;0;2;3;1;B01
201500052238;0;30;0;0;2;1;1;A01
201500052239;2;7;0;9;0;2;1;Z01
201500052240;0;1;0;0;1;1;5;A01
201500052241;0;37;0;0;2;7;23;B01
201500052241;0;32;0;0;2;3;1;A01
201500052242;0;32;0;0;1;1;17;A01
201500052243;0;7;0;0;2;2;10;A01
201500052243;0;30;0;0;2;8;1;B01
201500052244;0;7;0;0;2;3;15;B01
201500052244;0;31;0;0;2;7;17;A01
201500052245;0;2;0;0;2;1;1;A01
201500052245;0;7;0;0;2;7;1;B01
201500052246;0;31;0;0;2;0;1;B01
201500052246;0;7;0;0;2;2;1;A01
201500052247;1;30;0;0;1;1;1;Z01
201500052248;0;7;0;0;2;3;15;A01
201500052248;0;31;0;0;2;2;1;B01
201500052249;0;1;0;0;1;0;1;A01
201500052250;0;10;0;0;2;2;16;B01
201500052250;0;34;0;0;2;5;18;A01
201500052251;0;1;0;0;2;6;2;A01
201500052251;1;33;0;0;2;2;2;Z01
201500052252;0;7;0;0;1;0;1;A01
201500052253;0;7;0;1;2;1;1;B01
201500052253;0;31;0;0;2;1;1;A01
201500052254;0;2;0;0;2;0;1;B01
201500052254;0;7;0;0;2;0;10;A01
201500052255;0;7;0;0;1;1;1;A01
201500052256;0;7;0;0;1;4;4;A01
201500052257;0;34;0;0;0;8;14;A01
201500052258;0;1;0;0;2;0;1;B01
201500052258;0;7;0;0;2;6;22;A01
201500052259;0;33;0;0;2;8;1;A01
201500052259;1;7;0;0;2;7;16;Z01
201500052260;0;7;0;15;0;1;1;A01
201500052261;0;1;0;0;0;1;21;A01
201500052262;0;32;0;0;1;0;1;A01
201500052263;0;7;0;11;0;2;21;A01
201500052264;1;7;0;0;2;0;5;Z01
201500052264;0;2;0;0;2;1;2;B01
201500052264;0;7;0;0;2;4;2;A01
201500052265;0;37;0;0;1;7;1;A01
201500052266;0;2;0;0;2;3;10;A01
201500052266;0;31;0;0;2;5;1;B01
201500052267;0;2;0;0;2;0;1;A01
201500052267;0;7;0;0;2;3;1;B01
201500052268;1;7;0;0;1;2;1;Z01
201500052269;0;34;0;0;2;1;1;B01
201500052269;0;10;0;0;2;3;15;A01
201500052270;0;7;0;0;2;8;16;A01
201500052270;0;1;0;0;2;0;1;B01
201500052271;0;32;0;0;2;3;1;A01
201500052271;1;7;0;0;2;0;15;Z01
201500052272;0;1;0;0;2;0;1;B01
201500052272;0;7;0;0;2;0;22;A01
201500052273;0;7;0;0;2;2;22;A01
201500052273;0;1;0;0;2;1;1;B01
201500052274;0;7;0;0;2;2;14;A01
201500052274;0;30;0;0;2;3;1;B01
201500052275;0;7;0;7;0;2;13;A01
201500052276;0;7;0;0;2;7;22;A01
201500052276;0;1;0;0;2;1;1;B01
201500052277;0;2;0;0;2;1;1;B01
201500052277;0;7;0;0;2;7;15;A01
201500052278;0;7;0;0;1;3;1;A01
201500052279;0;7;0;0;2;1;15;A01
201500052279;0;33;0;0;2;1;1;B01
201500052280;0;7;0;0;2;6;10;A01
201500052280;0;2;0;0;2;1;1;B01
201500052281;1;31;0;0;1;1;1;Z01
201500052282;0;10;0;0;1;1;15;A01
201500052283;0;7;0;0;2;0;15;A01
201500052283;0;31;0;0;2;0;17;B01
201500052284;0;2;0;0;2;4;2;B01
201500052284;0;7;0;0;2;3;2;A01
201500052285;0;30;0;0;1;3;5;A01
201500052286;0;7;0;0;2;1;2;B01
201500052286;0;13;0;0;2;4;4;A01
201500052287;0;30;0;0;2;1;17;A01
201500052287;0;31;0;0;2;1;1;B01
201500052288;0;31;0;0;2;1;15;A01
201500052288;0;7;0;0;2;8;1;B01
201500052289;0;7;0;0;2;2;10;A01
201500052289;0;31;0;1;2;0;1;B01
201500052290;0;32;0;0;2;1;1;B01
201500052290;0;7;0;0;2;5;15;A01
201500052291;0;7;0;0;2;3;23;C01
201500052291;0;10;0;0;2;9;1;A01
201500052291;0;10;0;8;2;1;1;B01
201500052292;1;1;0;0;1;0;1;Z01
201500052293;0;33;0;0;0;0;21;A01
201500052294;0;2;0;0;2;1;1;B01
201500052294;0;7;0;0;2;2;15;A01
201500052295;0;31;0;0;1;2;1;A01
201500052296;0;31;0;0;2;1;17;A01
201500052296;1;7;0;0;2;0;15;Z01
201500052297;0;10;0;0;2;8;9;A01
201500052297;0;33;0;0;2;1;1;B01
201500052298;0;30;0;0;2;1;1;B01
201500052298;0;7;0;0;2;2;1;A01
201500052299;0;7;0;0;2;1;10;A01
201500052299;0;32;0;0;2;1;1;B01
201500052300;0;7;0;1;0;1;14;A01
201500052301;0;33;0;0;1;1;1;A01
201500052302;0;2;0;12;1;1;17;A01
201500052303;0;7;0;1;0;2;1;A01
201500052304;0;32;0;12;0;8;1;A01
201500052305;0;34;0;0;1;1;1;A01
201500052306;0;33;0;1;0;7;14;A01
201500052307;0;2;0;0;1;1;1;A01
201500052308;0;1;0;0;2;8;1;A01
201500052308;0;30;0;0;2;8;1;B01
201500052309;0;34;0;0;2;1;1;A01
201500052309;0;7;0;0;2;5;1;B01
201500052310;0;30;0;0;2;3;18;A01
201500052310;0;7;0;0;2;2;16;B01
201500052311;0;7;0;0;2;3;10;A01
201500052311;0;33;0;0;2;2;1;B01
201500052312;0;7;0;0;1;3;1;A01
201500052313;0;10;0;0;2;7;15;A01
201500052313;0;1;0;0;2;1;1;B01
201500052314;0;30;0;0;2;3;1;B01
201500052314;0;7;0;0;2;1;15;A01
201500052315;0;7;0;0;2;1;2;A01
201500052315;0;1;0;0;2;4;23;B01
201500052316;0;7;0;0;1;1;15;A01
201500052317;1;30;0;0;1;0;1;Z01
201500052318;0;7;0;0;1;1;7;A01
201500052319;0;7;0;0;2;2;1;A01
201500052319;0;32;0;0;2;6;1;B01
201500052320;0;30;0;0;0;0;1;A01
201500052321;0;2;0;0;0;7;1;A01
201500052322;0;7;0;0;1;2;1;A01
201500052323;0;33;0;0;1;2;1;A01
201500052324;1;7;0;0;1;2;1;Z01
201500052325;0;1;0;8;2;4;1;B01
201500052325;0;7;0;0;2;6;16;A01
201500052326;0;10;0;0;2;2;15;A01
201500052326;0;33;0;0;2;3;1;B01
201500052327;0;10;0;0;1;5;16;A01
201500052328;0;7;0;0;2;3;10;A01
201500052328;0;30;0;0;2;2;1;B01
201500052329;1;1;0;0;1;1;5;Z01
201500052330;0;2;0;0;2;1;1;B01
201500052330;0;7;0;0;2;2;10;A01
201500052331;0;10;0;0;2;8;22;A01
201500052331;0;1;0;0;2;2;7;B01
201500052332;1;32;0;0;1;1;1;Z01
201500052333;0;7;0;0;2;8;1;B01
201500052333;0;1;0;0;2;1;1;A01
201500052334;0;7;0;0;1;2;1;A01
201500052335;0;7;0;0;1;1;1;A01
201500052336;0;2;0;14;2;7;1;A01
201500052336;1;7;0;0;2;0;13;Z01
201500052337;0;7;0;0;2;4;2;B01
201500052337;0;31;0;0;2;1;2;A01
201500052338;0;1;0;0;0;0;7;A01
201500052339;0;2;0;0;0;1;1;A01
201500052340;0;7;0;0;2;6;2;B01
201500052340;0;30;0;0;2;1;2;A01
201500052341;0;31;0;0;2;2;17;B01
201500052341;0;7;0;0;2;8;10;A01
201500052342;0;7;0;1;0;2;14;A01
201500052343;0;7;0;0;2;7;1;B01
201500052343;0;2;0;0;2;1;1;A01
201500052344;0;1;0;0;1;1;1;A01
201500052345;0;7;0;0;2;1;2;A01
201500052345;0;10;0;0;2;4;2;B01
201500052346;0;33;0;0;2;5;15;B01
201500052346;0;2;0;0;2;2;17;A01
201500052347;0;31;0;0;2;2;1;A01
201500052347;0;7;0;0;2;0;9;B01
201500052348;0;7;0;0;2;2;16;A01
201500052348;0;2;0;1;2;1;18;B01
201500052349;0;34;0;14;1;1;1;A01
201500052350;0;7;0;0;2;3;15;A01
201500052350;0;32;0;0;2;1;1;B01
201500052351;1;31;0;0;2;1;15;Z01
201500052351;0;32;0;0;2;7;1;A01
201500052352;0;31;0;0;2;1;1;B01
201500052352;0;7;0;0;2;8;10;A01
201500052353;0;7;0;0;2;2;1;A01
201500052353;0;31;0;0;2;1;1;B01
201500052354;0;1;0;0;2;4;1;B01
201500052354;1;7;0;0;2;1;1;A01
201500052355;1;30;0;0;2;0;1;Z01
201500052355;0;1;0;0;2;1;1;A01
201500052356;0;7;0;0;2;1;1;A01
201500052356;0;7;0;0;2;2;16;B01
201500052357;0;7;0;0;2;1;1;A01
201500052357;0;33;0;0;2;8;1;B01
201500052358;0;31;0;0;1;1;1;A01
201500052359;0;7;0;0;2;1;15;A01
201500052359;0;1;0;0;2;1;5;B01
201500052360;0;1;0;0;2;0;1;A01
201500052360;0;32;0;0;2;6;5;B01
201500052361;0;32;0;0;0;8;21;A01
201500052362;0;7;0;0;2;3;1;B01
201500052362;0;32;0;0;2;5;1;A01
201500052363;0;7;0;0;2;3;2;A01
201500052363;0;7;0;0;2;5;2;B01
201500052364;0;1;0;0;2;0;1;B01
201500052364;0;7;0;0;2;2;16;A01
201500052365;0;7;0;0;2;3;10;A01