num_acc;senc;catv;occutc;obs;obsm;choc;manv;num_veh
201500052365;0;30;0;0;2;2;1;B01
201500052366;0;30;0;14;2;1;1;A01
201500052366;1;7;0;0;2;0;13;Z01
201500052367;0;33;0;0;0;3;15;A01
201500052368;0;2;0;0;2;1;17;B01
201500052368;0;10;0;0;2;8;13;A01
201500052369;0;7;0;0;2;2;10;A01
201500052369;0;32;0;0;2;1;1;B01
201500052370;0;7;0;0;2;2;16;B01
201500052370;0;30;0;0;2;1;18;A01
201500052371;0;1;0;0;2;7;1;B01
201500052371;0;7;0;0;2;3;15;A01
201500052372;0;7;0;0;2;2;1;B01
201500052372;0;31;0;0;2;8;1;A01
201500052373;0;7;0;0;1;1;1;A01
201500052374;1;7;0;0;2;2;1;Z01
201500052374;0;7;0;0;2;3;16;A01
201500052375;0;7;0;0;1;6;4;A01
201500052376;0;33;0;0;2;1;17;B01
201500052376;0;7;0;1;2;8;10;A01
201500052377;0;32;0;0;2;8;1;B01
201500052377;0;7;0;0;2;2;1;A01
201500052378;1;7;0;0;1;3;1;Z01
201500052379;0;1;0;0;2;1;1;B01
201500052379;0;7;0;0;2;3;10;A01
201500052380;0;7;0;0;2;1;2;A01
201500052380;0;1;0;0;2;4;23;B01
201500052381;0;37;2;0;2;1;1;A01
201500052381;0;7;0;0;2;4;23;B01
201500052382;0;7;0;0;1;2;1;A01
201500052383;0;7;0;0;1;3;1;A01
201500052384;0;7;0;0;1;5;4;A01
201500052385;0;30;0;0;1;0;17;A01
201500052386;0;7;0;0;2;7;1;A01
201500052386;0;1;0;0;2;1;1;B01
201500052387;0;7;0;0;2;8;22;A01
201500052387;0;1;0;1;2;1;1;B01
201500052388;0;7;0;0;2;6;1;A01
201500052388;0;30;0;0;2;1;23;B01
201500052389;0;7;0;0;2;2;15;A01
201500052389;0;2;0;0;2;1;1;B01
201500052390;0;7;0;0;2;2;1;B01
201500052390;0;7;0;8;2;0;16;A01
201500052391;0;30;0;0;2;0;2;A01
201500052391;0;7;0;0;2;0;23;B01
201500052392;0;7;0;0;1;2;1;A01
201500052393;0;2;0;0;2;1;18;A01
201500052393;0;7;0;0;2;5;22;B01
201500052394;0;10;0;0;2;2;1;A01
201500052394;0;31;0;0;2;3;1;B01
201500052395;0;33;0;1;2;1;1;B01
201500052395;0;7;0;0;2;3;15;A01
201500052396;0;34;0;0;2;1;1;A01
201500052396;0;32;0;0;2;3;1;B01
201500052397;0;2;0;0;0;7;1;A01
201500052398;0;33;0;0;2;1;1;B01
201500052398;0;7;0;1;2;2;15;A01
201500052399;0;31;0;0;1;1;1;A01
201500052400;0;31;0;0;0;1;21;A01
201500052401;1;7;0;0;2;7;10;Z01
201500052401;0;30;0;0;2;8;1;B01
201500052402;1;7;0;0;1;2;1;Z01
201500052403;0;32;0;0;2;1;9;A01
201500052403;0;1;0;0;2;4;1;B01
201500052404;1;7;0;0;2;4;16;Z01
201500052404;0;32;0;0;2;1;1;A01
201500052405;1;7;0;0;2;0;15;Z01
201500052405;0;2;0;0;2;8;1;B01
201500052406;0;31;0;0;2;1;17;B01
201500052406;0;7;0;0;2;8;15;A01
201500052407;0;7;0;0;1;1;1;A01
201500052408;0;32;0;0;2;8;1;B01
201500052408;0;7;0;0;2;3;15;A01
201500052409;0;1;0;0;2;8;1;B01
201500052409;0;7;0;0;2;7;16;A01
201500052410;0;32;0;0;1;1;1;A01
201500052411;0;32;0;0;2;8;1;B01
201500052411;0;7;0;0;2;1;15;A01
201500052412;0;2;0;0;2;0;0;A01
201500052412;0;1;0;0;2;0;0;B01
201500052413;0;7;0;0;2;3;15;A01
201500052413;0;1;0;0;2;2;15;B01
201500052414;0;2;0;14;9;1;1;A01
201500052415;1;30;0;0;1;8;1;Z01
201500052416;0;32;0;0;2;8;1;B01
201500052416;0;1;0;0;2;1;19;A01
201500052417;0;32;0;0;2;9;1;C01
201500052417;0;7;0;0;2;4;23;B01
201500052417;0;7;0;0;2;8;22;A01
201500052418;0;33;0;0;2;1;1;B01
201500052418;0;30;0;0;2;1;1;A01
201500052419;0;1;0;0;2;8;7;B01
201500052419;0;7;0;0;2;5;14;A01
201500052420;0;30;0;0;1;1;1;A01
201500052421;0;7;0;0;2;1;1;A01
201500052421;0;33;0;0;2;7;15;B01
201500052422;0;10;0;1;1;4;4;A01
201500052423;0;10;0;0;1;6;15;A01
201500052424;0;7;0;0;2;0;1;B01
201500052424;0;1;0;0;2;4;11;A01
201500052425;0;7;0;0;1;8;15;A01
201500052426;0;33;0;0;0;1;1;A01
201500052427;0;1;0;0;2;2;1;A01
201500052427;0;10;0;0;2;2;15;B01
201500052428;0;7;0;0;2;7;1;A01
201500052428;0;7;0;1;2;1;1;B01
201500052429;0;32;0;0;1;1;1;A01
201500052430;1;7;0;0;1;0;1;Z01
201500052431;1;1;0;0;1;0;1;Z01
201500052432;0;7;0;0;2;3;22;A01
201500052432;0;1;0;1;2;2;1;B01
201500052432;0;2;0;1;2;1;1;C01
201500052433;0;7;0;0;2;3;13;A01
201500052433;0;32;0;0;2;7;1;B01
201500052434;0;1;0;0;2;7;1;A01
201500052434;1;7;0;0;2;3;1;Z01
201500052435;0;1;0;0;2;8;15;B01
201500052435;0;31;0;0;2;2;17;A01
201500052436;0;7;0;0;2;2;1;B01
201500052436;0;7;0;0;2;0;13;A01
201500052437;0;7;0;0;2;2;10;A01
201500052437;0;30;0;0;2;1;1;B01
201500052438;0;7;0;0;2;0;2;B01
201500052438;0;7;0;0;2;4;2;C01
201500052438;0;10;0;0;2;1;2;A01
201500052439;0;32;0;0;2;1;1;A01
201500052439;0;1;0;0;2;0;23;B01
201500052440;0;33;0;0;2;5;17;B01
201500052440;0;7;0;0;2;3;15;A01
201500052441;0;31;0;0;0;0;1;A01
201500052442;0;7;0;0;1;2;1;A01
201500052443;0;7;0;0;2;1;1;B01
201500052443;0;1;0;0;2;8;1;A01
201500052444;0;2;0;0;1;5;1;A01
201500052445;0;7;0;0;2;8;22;A01
201500052445;0;1;0;0;2;1;1;B01
201500052446;0;7;0;0;2;6;2;B01
201500052446;0;2;0;0;2;7;2;A01
201500052447;0;31;0;0;2;1;1;B01
201500052447;0;7;0;0;2;1;15;A01
201500052448;0;1;0;0;1;8;1;A01
201500052449;0;7;0;0;2;3;22;A01
201500052449;0;1;0;1;2;1;1;B01
201500052450;0;7;0;0;2;7;15;A01
201500052450;0;31;0;0;2;0;1;B01
201500052451;0;10;0;0;2;6;2;B01
201500052451;0;7;0;0;2;2;2;A01
201500052452;0;1;0;0;2;3;19;B01
201500052452;0;7;0;0;2;2;1;A01
201500052453;0;30;0;0;2;1;17;A01
201500052453;0;7;0;0;2;6;15;B01
201500052454;0;7;0;0;2;4;2;B01
201500052454;0;7;0;0;2;1;2;A01
201500052455;0;32;0;0;1;1;1;A01
201500052456;0;7;0;0;2;3;10;A01
201500052456;0;1;0;0;2;1;17;B01
201500052457;0;7;0;0;2;1;1;A01
201500052457;0;7;0;0;2;1;1;B01
201500052458;0;7;0;0;2;3;1;A01
201500052458;0;30;0;0;2;7;1;B01
201500052459;0;30;0;0;0;0;1;A01
201500052460;0;10;0;0;2;7;22;A01
201500052460;0;1;0;0;2;8;18;B01
201500052461;0;7;0;0;2;2;10;A01
201500052461;0;30;0;0;2;1;1;B01
201500052462;0;7;0;0;2;2;1;A01
201500052462;0;31;0;0;2;1;1;B01
201500052463;0;1;0;0;1;0;1;A01
201500052464;0;37;0;0;2;2;1;A01
201500052464;2;31;0;0;2;1;5;Z01
201500052465;0;7;0;0;2;3;15;A01
201500052465;0;32;0;0;2;2;17;B01
201500052466;0;2;0;0;0;0;1;A01
201500052467;0;2;0;0;2;2;1;A01
201500052467;1;34;0;0;2;0;11;Z01
201500052468;0;7;0;0;2;6;15;B01
201500052468;0;7;0;0;2;3;1;A01
201500052469;0;32;0;0;2;2;18;B01
201500052469;0;7;0;0;2;2;16;A01
201500052470;0;2;0;1;2;8;1;B01
201500052470;0;10;0;0;2;7;14;A01
201500052471;2;7;0;0;1;0;1;Z01
201500052472;0;1;0;0;2;3;13;B01
201500052472;0;7;0;0;2;2;1;A01
201500052473;1;7;0;0;1;0;1;Z01
201500052474;0;1;0;0;2;7;19;B01
201500052474;0;7;0;0;2;1;16;A01
201500052475;0;7;0;0;1;3;1;A01
201500052476;0;7;0;0;2;7;13;B01
201500052476;0;2;0;0;2;8;17;A01
201500052477;0;30;0;14;0;1;13;A01
201500052478;0;30;0;0;2;2;1;A01
201500052478;0;7;0;0;2;1;15;B01
201500052479;0;7;0;0;2;3;22;A01
201500052479;0;32;0;1;2;1;1;B01
201500052480;1;10;0;0;1;0;1;Z01
201500052481;0;7;0;0;2;3;9;A01
201500052481;0;31;0;0;2;1;17;B01
201500052482;0;10;0;0;2;3;2;A01
201500052482;0;2;0;0;2;4;23;B01
201500052483;0;7;0;0;1;1;15;A01
201500052484;0;7;0;0;2;1;1;A01
201500052484;0;7;0;0;2;1;1;B01
201500052485;1;7;0;0;2;3;22;Z01
201500052485;0;1;0;0;2;7;1;A01
201500052486;0;31;0;0;2;3;1;B01
201500052486;0;7;0;0;2;1;15;A01
201500052487;0;7;0;0;1;1;5;A01
201500052488;0;1;0;0;2;1;15;B01
201500052488;0;10;0;0;2;3;15;A01
201500052489;0;2;0;0;2;4;15;A01
201500052489;1;7;0;0;2;1;1;Z01
201500052490;0;7;0;0;2;6;1;B01
201500052490;0;2;0;0;2;2;17;A01
201500052491;0;32;0;0;2;1;1;B01
201500052491;0;7;0;0;2;2;15;A01
201500052492;0;10;0;0;2;3;9;A01
201500052492;0;33;0;0;2;7;1;B01
201500052493;0;2;0;0;2;8;1;A01
201500052493;1;7;0;0;2;0;16;Z01
201500052494;0;7;0;0;2;3;2;A01
201500052494;0;31;0;0;2;4;2;B01
201500052495;0;31;0;0;2;6;1;B01
201500052495;0;7;0;0;2;6;4;A01
201500052496;0;7;0;0;2;3;13;A01
201500052496;0;2;0;0;2;2;1;B01
201500052497;0;2;0;0;0;0;1;A01
201500052498;0;1;0;0;2;4;1;B01
201500052498;0;7;0;1;2;1;14;A01
201500052499;0;34;0;14;0;1;0;A01
201500052500;0;34;0;0;1;1;1;A01
201500052501;0;32;0;0;2;1;1;B01
201500052501;0;7;0;0;2;5;10;A01
201500052502;0;1;0;0;2;8;1;B01
201500052502;0;7;0;0;2;2;17;A01
201500052503;0;30;0;0;2;8;18;A01
201500052503;0;7;0;0;2;2;16;B01
201500052504;0;7;0;0;1;1;1;A01
201500052505;0;7;0;0;2;7;16;B01
201500052505;0;1;0;0;2;1;18;A01
201500052506;0;32;0;0;2;7;1;B01
201500052506;0;7;0;0;2;8;10;A01
201500052507;0;10;0;0;1;4;4;A01
201500052508;0;34;0;0;2;1;1;A01
201500052508;0;33;0;0;2;4;23;B01
201500052509;0;7;0;1;2;1;1;A01
201500052509;0;7;0;0;2;4;1;B01
201500052510;0;7;0;0;2;1;2;A01
201500052510;0;7;0;0;2;4;23;B01
201500052511;0;33;0;0;1;3;5;A01
201500052512;0;7;0;0;1;1;16;A01
201500052513;1;2;0;0;1;1;1;Z01
201500052514;0;33;0;0;2;1;1;B01
201500052514;0;7;0;0;2;8;10;A01
201500052515;0;10;0;0;2;2;2;A01
201500052515;0;13;0;0;2;6;23;B01
201500052516;0;34;0;0;2;3;17;B01
201500052516;0;7;0;0;2;3;10;A01
201500052517;0;10;0;0;1;3;15;A01
201500052518;0;32;0;0;1;0;1;A01
201500052519;0;10;0;0;1;4;4;A01
201500052520;0;2;0;0;2;8;18;A01
201500052520;0;7;0;0;2;7;1;B01
201500052521;0;7;0;0;2;5;12;A01
201500052521;0;2;0;0;2;6;1;B01
201500052522;0;1;0;0;2;1;2;A01
201500052522;0;7;0;0;2;4;23;B01
201500052523;0;7;0;0;1;0;1;A01
201500052524;0;30;0;1;0;1;13;A01
201500052525;0;1;0;0;2;2;17;A01
201500052525;0;1;0;0;2;3;1;B01
201500052526;0;33;0;0;2;2;17;B01
201500052526;0;7;0;0;2;3;15;A01
201500052527;1;7;0;0;2;0;2;Z01
201500052527;0;31;0;0;2;4;2;A01
201500052528;0;1;0;0;2;0;1;B01
201500052528;0;7;0;0;2;0;22;A01
201500052529;0;10;0;0;1;4;4;A01
201500052530;0;7;0;0;2;1;2;A01
201500052530;0;7;0;0;0;4;23;C01
201500052530;0;10;0;0;2;4;2;B01
201500052531;0;30;0;0;0;0;1;A01
201500052532;0;7;0;0;2;3;16;A01
201500052532;0;2;0;0;2;1;1;B01
201500052533;0;7;0;0;2;1;1;A01
201500052533;0;7;0;0;2;4;23;B01
201500052534;0;7;0;0;2;8;1;B01
201500052534;0;34;0;0;2;7;16;A01
201500052535;0;1;0;0;2;7;1;A01
201500052535;0;7;0;0;2;3;1;B01
201500052536;0;7;0;0;1;5;4;A01
201500052537;0;10;0;0;2;1;1;B01
201500052537;0;1;0;0;2;4;1;A01
201500052538;0;10;0;0;2;2;14;A01
201500052538;0;1;0;12;2;3;1;B01
201500052539;0;7;0;0;2;3;10;A01
201500052539;0;32;0;0;2;1;17;B01
201500052540;0;10;0;0;2;2;16;A01
201500052540;0;30;0;0;2;3;1;B01
201500052541;0;37;0;0;2;7;17;A01
201500052541;0;1;0;0;2;3;13;B01
201500052542;0;7;0;0;2;1;1;A01
201500052542;0;7;0;0;2;4;23;B01
201500052543;0;10;0;0;2;7;16;A01
201500052543;0;1;0;0;2;1;1;B01
201500052544;0;7;0;0;2;3;10;B01
201500052544;0;31;0;0;2;1;1;A01
201500052545;0;7;0;0;2;1;1;A01
201500052545;0;7;0;0;2;0;1;B01
201500052546;0;7;0;0;2;5;16;A01
201500052546;0;1;0;0;2;0;1;B01
201500052547;0;7;0;0;2;0;10;B01
201500052547;0;32;0;0;2;0;17;A01
201500052548;0;37;0;0;2;5;21;A01
201500052548;0;7;0;0;2;2;15;B01
201500052549;0;31;0;0;2;1;1;B01
201500052549;0;7;0;0;2;2;15;A01
201500052550;0;2;0;1;0;0;21;A01
201500052551;0;34;0;8;0;3;5;A01
201500052552;0;31;0;0;2;8;1;B01
201500052552;0;3;0;0;2;1;1;A01
201500052553;0;32;0;0;1;1;1;A01
201500052554;0;1;0;0;2;1;23;B01
201500052554;0;1;0;0;1;1;1;A01
201500052555;0;1;0;0;1;1;1;A01
201500052556;0;30;0;0;2;0;10;A01
201500052556;0;33;0;0;2;8;1;B01
201500052557;0;30;0;0;0;0;21;A01
201500052558;0;7;0;0;1;2;1;A01
201500052559;0;7;0;11;0;1;13;A01
201500052560;0;33;0;0;2;8;1;B01
201500052560;0;7;0;0;2;7;16;A01
201500052561;0;33;0;0;2;1;1;B01
201500052561;0;7;0;0;2;2;15;A01
201500052562;0;7;0;0;2;2;1;B01
201500052562;0;34;0;0;2;1;1;A01
201500052563;0;1;0;0;2;1;1;A01
201500052563;0;7;0;0;2;1;15;B01
201500052564;0;33;0;1;0;1;1;A01
201500052565;0;1;0;0;2;7;1;B01
201500052565;0;7;0;0;2;1;1;A01
201500052566;1;32;0;0;1;0;1;Z01
201500052567;0;1;0;0;2;1;1;A01
201500052567;0;7;0;0;2;2;16;B01
201500052568;0;31;0;0;2;1;2;A01
201500052568;0;10;0;0;2;5;23;B01
201500052569;1;10;0;0;2;3;13;Z01
201500052569;0;10;0;9;2;5;13;B01
201500052570;0;32;0;0;2;2;15;A01
201500052570;0;7;0;0;2;3;15;B01
201500052571;0;33;0;0;1;1;17;A01
201500052572;0;1;0;0;1;1;1;A01
201500052573;0;7;0;0;2;1;1;A01
201500052573;0;7;0;6;2;2;1;B01
201500052574;0;34;0;0;2;4;1;B01
201500052574;0;7;0;0;2;1;1;A01
201500052575;0;7;0;0;2;3;15;A01
201500052575;0;33;0;0;2;1;17;B01
201500052576;0;7;0;0;1;1;15;A01
201500052577;0;1;0;0;1;7;1;A01
201500052578;0;7;0;0;2;2;15;A01
201500052578;0;30;0;0;2;8;1;B01
201500052579;0;7;0;0;1;5;15;A01
201500052580;0;30;0;0;0;0;1;A01
201500052581;0;2;0;0;2;2;1;A01
201500052581;1;7;0;0;2;0;9;Z01
201500052582;0;30;0;0;2;2;17;A01
201500052582;0;7;0;0;2;3;15;B01
201500052583;0;10;0;0;2;8;10;A01
201500052583;0;34;0;0;2;7;1;B01
201500052584;0;2;0;0;1;1;1;A01
201500052585;0;7;0;0;1;1;1;A01
201500052586;0;10;0;0;2;1;22;A01
201500052586;0;1;0;1;2;2;1;B01
201500052587;1;32;0;0;2;1;0;Z01
201500052587;0;1;0;0;2;2;15;A01
201500052588;0;7;0;0;2;2;15;A01
201500052588;0;33;0;0;2;3;1;B01
201500052589;0;1;0;0;1;2;1;A01
201500052590;0;30;0;0;0;0;21;A01
201500052591;0;7;0;0;2;6;15;B01
201500052591;0;31;0;0;2;0;17;A01
201500052592;0;31;0;0;2;7;1;A01
201500052592;0;7;0;0;2;1;1;B01
201500052593;0;1;0;0;0;0;21;A01
201500052594;0;7;0;0;1;2;15;A01
201500052595;0;33;0;0;2;1;1;B01
201500052595;0;7;0;0;2;7;15;A01
201500052596;0;32;0;0;0;6;21;A01
201500052597;0;7;0;0;1;8;1;A01
201500052598;0;1;0;0;2;3;1;A01
201500052598;0;7;0;0;2;2;1;B01
201500052599;0;7;0;0;1;5;1;A01
201500052600;0;34;0;0;2;6;2;A01
201500052600;0;7;0;0;2;5;2;B01
201500052601;0;33;0;0;2;7;2;B01
201500052601;0;7;0;0;2;8;15;A01
201500052602;0;31;0;0;1;3;1;A01
201500052603;0;7;0;0;2;6;10;B01
201500052603;0;2;0;0;2;1;5;A01
201500052604;0;7;0;0;2;2;4;A01
201500052604;0;31;0;0;2;1;1;B01
201500052605;0;3;0;0;2;2;1;B01
201500052605;0;7;0;0;2;8;15;A01
201500052606;0;30;0;0;1;1;1;A01
201500052607;0;31;0;0;1;8;1;A01
201500052608;0;30;0;14;0;0;1;A01
201500052609;0;30;0;0;2;1;10;A01
201500052609;0;7;0;0;2;1;1;B01
201500052610;0;30;0;0;2;1;1;B01
201500052610;0;7;0;0;2;3;15;A01
201500052611;0;7;0;0;1;1;1;A01
201500052612;0;30;0;0;2;4;1;A01
201500052612;1;7;0;0;2;1;1;Z01
201500052613;0;7;0;0;2;2;1;A01
201500052613;0;30;0;0;2;3;1;B01
201500052614;0;7;0;0;2;1;15;A01
201500052614;0;34;0;0;2;3;1;B01
201500052615;0;1;0;0;1;8;5;A01
201500052616;0;34;0;0;2;7;17;B01
201500052616;0;7;0;0;2;8;13;A01
201500052617;0;34;0;0;1;1;1;A01
201500052618;0;32;0;0;2;1;1;B01
201500052618;0;7;0;0;2;2;15;A01
201500052619;0;34;0;0;1;0;1;A01
201500052620;0;1;0;0;2;0;2;B01
201500052620;0;7;0;0;2;0;23;A01
201500052621;0;34;0;0;2;4;23;B01
201500052621;0;31;0;0;2;1;1;A01
201500052622;0;7;0;0;1;0;15;A01
201500052623;0;7;0;0;2;2;9;A01
201500052623;0;32;0;0;2;1;1;B01
201500052624;0;7;0;0;1;1;1;A01
201500052625;0;7;0;0;2;7;1;B01
201500052625;0;33;0;0;2;3;3;A01
201500052625;0;10;0;0;2;8;1;C01
201500052626;0;30;0;0;2;1;1;C01
201500052626;0;30;0;0;2;1;1;B01
201500052626;0;7;0;0;2;2;15;A01
201500052627;0;33;0;0;2;1;1;B01
201500052627;0;7;0;0;2;5;10;A01
201500052628;0;7;0;0;1;3;15;A01
201500052629;0;7;0;0;2;5;9;A01
201500052629;0;32;0;0;2;7;1;B01
201500052630;0;31;0;0;2;1;17;A01
201500052630;0;7;0;0;2;6;10;B01
201500052631;0;7;0;0;2;3;13;A01
201500052631;0;31;0;0;2;7;17;B01
201500052632;0;32;0;0;1;2;1;A01
201500052633;0;7;0;12;0;1;14;A01
201500052634;0;1;0;0;2;1;1;A01
201500052634;0;7;0;0;2;1;15;B01
201500052635;0;32;0;0;2;8;1;A01
201500052635;1;10;0;0;2;2;18;Z01
201500052636;0;34;0;0;2;1;1;A01
201500052636;0;7;0;0;2;4;23;B01
201500052637;0;10;0;0;2;6;23;B01
201500052637;0;2;0;0;2;6;17;A01
201500052638;0;7;0;0;2;1;1;A01
201500052638;0;10;0;0;2;4;23;B01
201500052639;0;7;0;2;0;1;14;A01
201500052640;0;7;0;0;2;2;11;A01
201500052640;0;33;0;0;2;3;1;B01
201500052641;0;7;0;0;1;8;15;A01
201500052642;0;10;0;0;1;1;15;A01
201500052643;0;1;0;0;2;1;7;B01
201500052643;0;7;0;0;2;8;22;A01
201500052644;0;7;0;0;2;1;2;A01
201500052644;0;7;0;0;2;4;23;B01
201500052645;0;7;0;0;1;1;1;A01
201500052646;0;7;0;0;2;3;9;A01
201500052646;0;34;0;0;2;2;1;B01
201500052647;0;34;0;0;2;1;1;B01
201500052647;0;7;0;0;2;7;15;A01
201500052648;0;7;0;0;1;2;15;A01
201500052649;0;1;0;0;2;8;1;A01
201500052649;0;33;0;0;2;1;1;B01
201500052650;0;7;0;0;2;4;2;C01
201500052650;0;7;0;0;2;1;2;B01
201500052650;0;7;0;0;2;1;2;A01
201500052651;0;7;0;0;2;4;2;B01
201500052651;0;33;0;0;2;1;2;A01
201500052652;0;32;0;0;0;2;1;A01
201500052653;0;7;0;0;2;2;2;C01
201500052653;0;7;0;0;2;4;2;E01
201500052653;0;31;0;0;2;7;2;B01
201500052653;0;10;0;0;2;1;2;A01
201500052653;0;10;0;0;2;4;2;D01
201500052654;0;30;0;0;2;1;1;B01
201500052654;0;7;0;0;2;2;15;A01
201500052655;0;1;0;0;2;8;1;A01
201500052655;1;7;0;0;2;7;12;Z01
201500052656;0;7;0;0;2;1;2;A01
201500052656;0;7;0;0;2;4;2;B01
201500052657;0;7;0;1;0;3;13;A01
201500052658;1;7;0;0;2;4;9;Z01
201500052658;0;30;0;0;2;1;1;A01
201500052659;0;7;0;1;2;2;13;A01
201500052659;0;7;0;1;2;1;1;B01
201500052660;0;2;0;0;2;3;1;B01
201500052660;0;7;0;0;2;2;10;A01
201500052661;0;7;0;0;2;3;15;B01
201500052661;0;31;0;0;2;2;17;A01
201500052662;0;7;0;0;2;6;15;A01
201500052662;0;31;0;0;2;1;17;B01
201500052663;0;33;0;0;2;8;18;B01
201500052663;0;7;0;0;2;8;24;C01
201500052663;0;13;0;0;2;2;1;A01
201500052664;0;7;0;0;2;4;2;B01
201500052664;0;7;0;0;2;4;23;C01
201500052664;0;7;0;0;2;1;2;A01
201500052665;0;10;0;0;2;4;2;C01
201500052665;0;7;0;0;2;9;2;B01
201500052665;0;7;0;0;2;1;2;A01
201500052666;0;7;0;0;2;0;10;A01
201500052666;0;32;0;0;2;0;1;B01
201500052667;0;33;0;0;2;8;1;B01
201500052667;0;7;0;0;2;2;15;A01
201500052668;0;30;0;1;0;1;13;A01
201500052669;0;7;0;0;2;2;16;B01
201500052669;0;30;0;0;2;1;18;A01
201500052670;0;7;0;0;2;4;2;A01
201500052670;0;7;0;0;2;4;23;C01
201500052670;0;7;0;0;2;4;23;B01
201500052671;0;7;0;0;2;6;9;B01
201500052671;0;7;0;0;2;3;23;C01
201500052671;0;32;0;0;2;1;1;A01
201500052672;0;1;0;0;1;1;1;A01
201500052673;0;7;0;0;2;6;10;A01
201500052673;0;33;0;0;2;6;1;B01
201500052674;0;1;0;0;1;1;1;A01
201500052675;0;31;0;0;2;1;1;A01
201500052675;0;7;0;0;2;2;15;B01
201500052676;0;34;0;0;2;7;14;A01
201500052676;0;1;0;0;2;8;1;B01
201500052677;0;7;0;0;1;4;20;A01
201500052678;0;33;0;0;2;3;9;A01
201500052678;0;34;0;0;2;7;1;B01
201500052679;0;31;0;11;0;1;14;A01
201500052680;0;37;0;0;1;2;1;A01
201500052681;0;33;0;0;1;1;1;A01
201500052682;0;1;0;0;2;1;1;A01
201500052682;0;7;0;0;2;1;1;B01
201500052683;0;32;0;0;2;1;17;B01
201500052683;0;7;0;0;2;3;9;A01
201500052684;0;7;0;0;1;2;1;A01
201500052685;0;34;0;0;1;1;1;A01
201500052686;0;30;0;0;1;0;1;A01
201500052687;0;1;0;0;0;0;1;A01
201500052688;1;7;0;0;1;4;4;Z01
201500052689;0;1;0;0;2;8;7;B01
201500052689;0;7;0;0;2;2;14;A01
201500052690;0;32;0;0;2;1;1;A01
201500052690;0;7;0;0;2;4;23;B01
201500052691;0;7;0;0;1;3;1;A01
201500052692;0;33;0;0;2;1;1;B01
201500052692;0;7;0;0;2;1;15;A01
201500052693;0;10;0;0;2;3;2;A01
201500052693;0;33;0;0;2;4;2;B01
201500052694;0;7;0;0;2;8;1;A01
201500052694;0;7;0;0;2;1;1;B01
201500052695;0;10;0;0;1;1;1;A01
201500052696;1;7;0;0;2;5;1;A01
201500052696;0;30;0;0;2;3;1;B01
201500052697;0;7;0;0;2;2;15;A01
201500052697;0;30;0;0;2;1;1;B01
201500052698;0;7;0;0;2;1;2;A01
201500052698;1;7;0;0;2;0;2;Z01
201500052698;0;7;0;0;2;4;23;B01
201500052699;0;7;0;0;2;2;17;A01
201500052699;0;1;0;0;2;8;1;B01
201500052700;0;32;0;0;2;1;1;B01
201500052700;0;7;0;0;2;2;15;A01
201500052701;0;7;0;0;2;8;22;B01
201500052701;0;7;0;0;2;6;4;A01
201500052702;0;31;0;0;2;3;1;B01
201500052702;0;7;0;0;2;1;15;A01
201500052703;0;33;0;0;0;3;16;A01
201500052704;0;31;0;0;2;4;2;B01
201500052704;0;10;0;0;2;1;2;A01
201500052705;0;7;0;0;2;3;10;A01
201500052705;0;30;0;0;2;1;1;B01
201500052706;0;7;0;8;0;1;13;A01
201500052707;0;30;0;0;2;7;18;B01
201500052707;1;10;0;0;2;7;22;A01
201500052708;0;31;0;0;2;8;18;B01
201500052708;0;7;0;0;2;7;22;A01
201500052709;0;10;0;0;0;7;1;A01
201500052710;0;1;0;0;2;1;1;B01
201500052710;0;7;0;0;2;2;15;A01
201500052711;0;2;0;0;1;2;1;A01
201500052712;0;7;0;0;2;2;1;A01
201500052712;0;2;0;0;2;3;1;B01
201500052713;0;7;0;0;2;2;15;A01
201500052713;0;7;0;0;2;3;1;B01
201500052714;0;33;0;0;2;0;3;A01
201500052715;0;2;0;0;0;0;1;A01
201500052716;0;7;0;0;2;5;23;B01
201500052716;0;1;0;0;2;3;2;A01
201500052717;1;7;0;0;0;0;9;Z01
201500052717;0;2;0;0;2;7;1;A01
201500052718;0;10;0;0;2;3;15;A01
201500052718;0;31;0;0;2;3;1;B01
201500052719;0;7;0;0;1;6;4;A01
201500052720;0;7;0;0;2;7;10;A01
201500052720;0;33;0;0;2;1;1;B01
201500052721;0;2;0;0;0;0;1;A01
201500052722;0;33;0;0;2;1;1;B01
201500052722;0;1;0;0;2;6;11;A01
201500052723;0;7;0;0;2;3;2;A01
201500052723;0;7;0;0;2;5;2;B01
201500052723;0;7;0;0;2;5;2;C01
201500052724;0;37;1;0;2;1;2;A01
201500052724;0;7;0;0;2;4;23;B01
201500052725;0;10;0;0;1;4;4;A01
201500052726;0;10;0;0;1;2;1;A01
201500052727;0;7;0;0;2;2;2;A01
201500052727;0;7;0;0;2;6;23;B01
201500052728;0;31;0;0;2;1;1;B01
201500052728;0;7;0;0;2;3;9;A01
201500052729;0;7;0;7;0;3;13;A01
201500052730;0;7;0;0;2;2;15;B01
201500052730;0;2;0;0;2;1;10;A01
201500052731;0;7;0;0;1;2;1;A01
201500052732;0;2;0;0;0;0;18;A01
201500052733;0;7;0;0;1;1;15;A01
201500052734;0;1;0;0;2;3;16;A01
201500052734;0;31;0;0;2;1;1;B01