num_acc;senc;catv;occutc;obs;obsm;choc;manv;num_veh
201500052735;0;3;0;0;1;2;1;A01
201500052736;0;10;0;0;2;6;23;B01
201500052736;0;7;0;0;2;1;2;A01
201500052737;0;7;0;0;2;8;10;A01
201500052737;0;33;0;0;2;1;17;B01
201500052738;0;34;0;0;2;7;17;B01
201500052738;0;7;0;0;2;3;10;A01
201500052739;0;1;0;0;2;1;1;A01
201500052739;0;7;0;0;2;1;1;B01
201500052740;0;7;0;0;2;3;1;B01
201500052740;0;1;0;0;2;1;13;A01
201500052741;0;7;0;0;2;3;22;A01
201500052741;0;1;0;0;2;1;1;B01
201500052742;0;33;0;0;1;1;1;A01
201500052743;0;7;0;0;1;1;1;A01
201500052744;0;1;0;0;2;1;9;A01
201500052744;0;1;0;0;2;1;1;B01
201500052745;0;7;0;0;1;1;15;A01
201500052746;0;33;0;0;0;1;1;A01
201500052747;0;1;0;0;1;1;1;A01
201500052748;0;10;0;0;1;4;4;A01
201500052749;0;34;0;0;2;1;1;B01
201500052749;0;7;0;0;2;7;15;A01
201500052750;1;32;0;0;1;1;1;Z01
201500052751;0;7;0;0;2;3;15;A01
201500052751;0;33;0;0;2;1;17;B01
201500052752;0;7;0;0;2;5;23;B01
201500052752;0;33;0;0;2;1;2;A01
201500052753;0;7;0;0;1;8;1;A01
201500052754;0;7;0;0;2;3;2;A01
201500052754;0;7;0;0;2;5;2;B01
201500052755;0;10;0;0;2;1;2;A01
201500052755;0;7;0;0;2;4;2;B01
201500052755;0;7;0;0;2;4;2;C01
201500052756;0;7;0;0;1;7;1;A01
201500052757;0;2;0;9;0;0;1;A01
201500052758;0;31;0;0;1;1;17;A01
201500052759;0;7;0;0;2;3;2;A01
201500052759;0;7;0;0;2;4;23;B01
201500052760;0;10;0;6;0;1;1;A01
201500052761;0;7;0;0;2;1;1;C01
201500052761;0;10;0;0;2;4;1;B01
201500052761;0;33;0;0;2;3;3;A01
201500052762;0;7;0;0;1;1;1;A01
201500052763;0;2;0;0;2;3;11;A01
201500052763;0;33;0;0;2;5;1;B01
201500052764;0;7;0;0;2;1;15;A01
201500052764;0;1;0;0;2;1;1;B01
201500052765;0;33;0;0;2;2;17;B01
201500052765;0;7;0;0;2;3;10;A01
201500052766;0;7;0;0;2;5;15;A01
201500052766;0;30;0;0;2;1;1;B01
201500052767;0;1;0;8;0;1;1;A01
201500052768;0;1;0;0;1;1;1;A01
201500052769;0;7;0;0;2;2;15;A01
201500052769;0;7;0;0;2;3;1;B01
201500052770;0;7;0;0;1;1;1;A01
201500052771;0;7;0;0;1;2;1;A01
201500052772;0;33;0;0;2;1;3;A01
201500052772;1;33;0;0;2;4;14;Z01
201500052773;0;7;0;0;1;1;1;A01
201500052774;0;7;0;0;2;3;9;A01
201500052774;0;32;0;0;2;7;1;B01
201500052775;0;7;0;0;1;1;1;A01
201500052776;0;2;0;1;0;2;1;A01
201500052777;0;1;0;0;0;0;1;A01
201500052778;0;7;0;0;2;1;15;A01
201500052778;0;1;0;0;2;8;19;B01
201500052779;1;7;0;0;2;7;1;Z01
201500052779;0;33;0;0;2;8;15;A01
201500052780;0;1;0;0;2;1;1;B01
201500052780;0;7;0;0;2;2;16;A01
201500052781;0;1;0;0;1;0;1;A01
201500052782;1;30;0;0;2;0;0;Z01
201500052782;0;1;0;0;2;2;19;A01
201500052783;0;7;0;0;2;8;1;B01
201500052783;0;2;0;0;2;8;1;A01
201500052784;0;37;0;0;1;7;7;A01
201500052785;0;7;0;0;2;8;9;A01
201500052785;0;30;0;0;2;1;1;B01
201500052786;0;33;0;0;2;3;17;B01
201500052786;0;7;0;0;2;1;1;C01
201500052786;0;7;0;0;2;2;13;A01
201500052787;0;7;0;0;2;1;10;A01
201500052787;0;7;0;0;2;3;1;B01
201500052788;0;7;0;0;1;3;1;A01
201500052789;0;7;0;0;1;1;1;A01
201500052790;0;7;0;8;0;1;1;A01
201500052791;0;7;0;11;0;2;14;A01
201500052792;0;31;0;0;2;3;1;B01
201500052792;0;7;0;0;2;2;1;A01
201500052793;1;32;0;0;1;2;1;Z01
201500052794;0;31;0;0;2;2;17;A01
201500052794;0;7;0;0;2;3;15;B01
201500052795;0;7;0;0;2;3;15;A01
201500052795;0;31;0;0;2;1;1;B01
201500052796;0;10;0;0;2;1;2;A01
201500052796;0;32;0;0;2;1;23;B01
201500052797;0;7;0;0;2;3;22;A01
201500052797;0;33;0;0;2;7;1;B01
201500052798;0;30;0;0;2;1;1;B01
201500052798;0;10;0;0;2;2;16;A01
201500052799;0;37;0;0;1;2;7;A01
201500052800;0;7;0;0;1;1;1;A01
201500052801;0;1;0;0;2;1;1;B01
201500052801;0;7;0;0;2;8;1;A01
201500052802;0;34;0;0;2;8;1;B01
201500052802;0;7;0;0;2;3;15;A01
201500052803;0;30;0;0;2;0;18;B01
201500052803;0;7;0;0;2;2;22;A01
201500052804;0;30;0;0;1;1;1;A01
201500052805;0;7;0;0;2;8;9;A01
201500052805;0;33;0;0;2;1;1;B01
201500052806;0;7;0;0;2;1;1;B01
201500052806;0;2;0;0;2;7;5;A01
201500052807;0;7;0;0;1;2;1;A01
201500052808;0;33;0;0;2;1;1;B01
201500052808;0;31;0;0;2;7;1;A01
201500052809;0;7;0;0;2;2;1;A01
201500052809;0;31;0;0;2;3;1;B01
201500052810;0;1;0;0;2;2;1;B01
201500052810;0;10;0;0;2;2;16;A01
201500052811;0;7;0;8;0;1;13;A01
201500052812;0;7;0;0;2;3;15;B01
201500052812;0;34;0;0;2;7;17;A01
201500052813;0;32;0;0;2;8;18;A01
201500052813;0;7;0;0;2;2;12;B01
201500052814;0;7;0;0;2;8;13;A01
201500052814;0;33;0;0;2;5;17;B01
201500052815;0;7;0;0;2;3;15;A01
201500052815;0;34;0;0;2;1;17;B01
201500052816;0;7;0;0;2;3;2;A01
201500052816;0;7;0;0;2;7;23;B01
201500052817;0;2;0;12;0;0;14;A01
201500052818;1;7;0;0;2;8;9;Z01
201500052818;0;31;0;0;2;1;1;A01
201500052819;1;30;0;0;1;3;7;Z01
201500052820;0;7;0;0;1;2;1;A01
201500052821;0;7;0;0;2;3;10;A01
201500052821;0;2;0;0;2;2;1;B01
201500052822;0;7;0;0;2;2;15;A01
201500052822;0;7;0;0;2;1;1;B01
201500052823;0;2;0;0;2;0;1;A01
201500052823;1;7;0;0;2;0;1;Z01
201500052824;0;33;0;0;0;1;16;A01
201500052825;0;1;0;0;2;8;13;B01
201500052825;0;34;0;0;2;1;17;A01
201500052826;0;31;0;0;0;7;1;A01
201500052827;0;2;0;0;2;3;1;A01
201500052827;0;7;0;0;2;3;15;B01
201500052828;0;7;0;0;2;8;10;A01
201500052828;0;13;0;0;2;2;1;B01
201500052829;0;7;0;0;1;4;4;A01
201500052830;1;10;0;0;2;0;15;Z01
201500052830;0;33;0;0;2;1;1;A01
201500052831;0;33;0;0;2;7;1;A01
201500052831;0;7;0;0;2;3;15;B01
201500052832;0;30;0;0;2;6;18;A01
201500052832;0;1;0;0;2;3;12;B01
201500052833;0;7;0;0;2;1;1;A01
201500052833;0;7;0;7;2;7;15;B01
201500052834;0;7;0;1;0;1;14;A01
201500052835;0;7;0;0;2;8;1;B01
201500052835;0;15;0;0;2;7;1;A01
201500052836;0;7;0;0;2;5;15;A01
201500052836;0;31;0;0;2;1;1;B01
201500052837;0;10;0;0;1;1;1;A01
201500052838;0;7;0;0;2;3;10;A01
201500052838;0;33;0;0;2;7;1;B01
201500052839;0;1;0;0;2;6;19;B01
201500052839;0;30;0;0;2;1;1;A01
201500052840;0;34;0;0;1;8;17;A01
201500052841;0;37;0;0;2;1;1;B01
201500052841;0;7;0;0;2;8;1;A01
201500052842;0;33;0;0;2;7;3;A01
201500052842;0;17;0;0;2;6;1;B01
201500052843;0;10;0;0;2;4;12;B01
201500052843;0;33;0;0;2;3;3;A01
201500052844;0;7;0;8;0;3;1;A01
201500052845;0;2;0;15;0;1;14;A01
201500052846;0;7;0;0;1;3;1;A01
201500052847;0;7;0;0;2;2;12;A01
201500052847;0;33;0;0;2;1;18;B01
201500052848;0;7;0;0;2;3;9;A01
201500052848;0;30;0;0;2;1;1;B01
201500052849;0;33;0;0;1;1;1;A01
201500052850;0;10;0;0;2;2;1;A01
201500052850;0;1;0;0;2;1;1;B01
201500052851;0;1;0;0;2;0;1;B01
201500052851;0;7;0;0;2;0;22;A01
201500052852;0;2;0;0;2;8;1;A01
201500052852;1;7;0;0;2;1;1;Z01
201500052853;0;7;0;0;1;3;1;A01
201500052854;0;31;0;0;2;1;2;A01
201500052854;0;7;0;0;2;6;2;B01
201500052855;1;7;0;0;2;8;18;Z01
201500052855;0;33;0;0;2;7;23;A01
201500052856;0;7;0;0;1;2;1;A01
201500052857;0;2;0;0;2;3;23;A01
201500052857;0;2;0;0;2;3;23;B01
201500052857;1;7;0;0;2;2;1;Z01
201500052858;0;33;0;0;2;7;17;B01
201500052858;0;7;0;0;2;8;15;A01
201500052859;0;1;0;0;2;7;17;A01
201500052859;0;1;0;0;2;8;1;B01
201500052860;0;7;0;0;2;1;16;B01
201500052860;0;1;0;0;2;8;19;A01
201500052861;0;1;0;0;2;8;19;A01
201500052861;0;7;0;0;2;2;1;B01
201500052862;0;33;0;0;1;1;1;A01
201500052863;0;1;0;0;1;1;1;A01
201500052864;0;7;0;0;2;5;17;A01
201500052864;0;37;0;0;2;3;1;B01
201500052865;0;2;0;0;0;7;21;A01
201500052866;0;30;0;0;0;8;1;A01
201500052867;0;7;0;0;1;1;2;A01
201500052868;0;7;0;0;1;7;1;A01
201500052869;0;1;0;0;2;4;23;B01
201500052869;0;7;0;0;2;1;1;A01
201500052870;0;7;0;0;2;1;1;B01
201500052870;0;7;0;0;2;7;10;A01
201500052871;0;7;0;11;0;1;14;A01
201500052872;0;34;0;0;1;1;1;A01
201500052872;0;7;0;0;2;8;1;B01
201500052873;1;7;0;0;1;1;1;Z01
201500052874;0;7;0;0;2;2;1;A01
201500052874;0;7;0;0;2;3;1;B01
201500052875;0;31;0;0;0;7;1;A01
201500052876;0;7;0;0;2;7;1;A01
201500052876;0;30;0;0;2;1;1;B01
201500052877;0;31;0;0;2;0;5;A01
201500052877;0;7;0;0;2;0;16;B01
201500052878;0;7;0;0;2;3;13;B01
201500052878;0;33;0;1;1;1;1;A01
201500052879;0;30;0;0;2;3;1;B01
201500052879;0;10;0;0;2;5;12;A01
201500052880;0;10;0;0;2;3;13;A01
201500052880;0;7;0;0;2;5;1;B01
201500052881;0;7;0;9;0;3;1;A01
201500052882;0;30;0;0;2;1;1;B01
201500052882;0;10;0;0;2;2;15;A01
201500052883;0;10;0;6;0;1;1;A01
201500052884;0;7;0;0;2;5;10;A01
201500052884;0;34;0;0;2;1;1;B01
201500052885;0;30;0;1;0;1;1;A01
201500052886;0;7;0;9;0;2;1;A01
201500052887;0;7;0;0;1;4;4;A01
201500052888;0;15;0;0;2;0;10;B01
201500052888;0;34;0;0;2;3;16;A01
201500052889;0;7;0;0;2;8;15;A01
201500052889;0;33;0;0;2;7;17;B01
201500052890;0;32;0;0;1;1;1;A01
201500052891;0;1;0;0;2;8;1;B01
201500052891;0;7;0;0;2;1;16;A01
201500052892;0;33;0;0;2;1;1;A01
201500052892;0;1;0;0;2;7;9;B01
201500052893;1;7;0;0;1;7;16;Z01
201500052894;0;10;0;0;2;6;13;A01
201500052894;0;2;0;0;2;7;17;B01
201500052895;0;7;0;0;1;1;1;A01
201500052896;0;1;0;0;2;8;18;B01
201500052896;0;10;0;0;2;2;22;A01
201500052897;0;7;0;0;2;4;23;B01
201500052897;0;10;0;0;2;1;2;A01
201500052898;1;7;0;0;1;0;1;Z01
201500052899;0;33;0;0;2;2;2;A01
201500052899;0;1;0;0;2;3;15;B01
201500052900;0;7;0;0;2;2;12;B01
201500052900;0;33;0;0;2;1;3;A01
201500052901;0;32;0;0;2;2;1;B01
201500052901;0;10;0;0;2;3;10;A01
201500052902;0;10;0;0;2;3;15;A01
201500052902;0;30;0;0;2;0;1;B01
201500052903;0;32;0;0;2;1;1;B01
201500052903;0;7;0;0;2;1;9;A01
201500052904;0;30;0;0;1;8;1;A01
201500052905;0;10;0;0;2;7;1;B01
201500052905;0;33;0;0;2;8;14;A01
201500052906;0;7;0;0;2;2;1;B01
201500052906;0;7;0;0;2;5;15;A01
201500052906;0;31;0;0;2;8;21;C01
201500052907;0;31;0;0;2;1;17;B01
201500052907;0;7;0;0;2;8;10;A01
201500052908;1;7;0;0;2;2;14;Z01
201500052908;0;7;0;0;2;7;1;A01
201500052909;0;7;0;0;1;8;15;A01
201500052910;0;7;0;0;2;7;15;A01
201500052910;0;31;0;0;2;1;1;B01
201500052911;0;7;0;0;1;0;1;A01
201500052912;0;7;0;0;2;4;23;B01
201500052912;0;7;0;0;2;1;1;A01
201500052913;0;10;0;0;2;2;16;A01
201500052913;0;31;0;0;2;8;1;B01
201500052914;0;32;0;0;2;1;17;A01
201500052914;0;7;0;0;2;8;10;B01
201500052915;0;7;0;0;1;2;15;A01
201500052916;0;7;0;0;2;0;12;B01
201500052916;0;31;0;0;2;8;3;A01
201500052917;0;30;0;12;0;0;9;A01
201500052918;0;7;0;0;2;6;13;A01
201500052918;0;32;0;0;2;1;1;B01
201500052919;0;7;0;0;2;3;1;B01
201500052919;0;30;0;0;2;2;1;A01
201500052920;0;7;0;0;2;6;11;A01
201500052920;0;33;0;0;2;2;17;B01
201500052921;0;32;0;0;2;1;17;A01
201500052921;0;7;0;0;2;3;15;B01
201500052922;0;33;0;0;2;4;1;B01
201500052922;0;32;0;0;2;1;1;A01
201500052923;0;7;0;0;2;8;11;A01
201500052923;0;31;0;0;2;7;1;B01
201500052924;0;30;0;0;2;8;1;B01
201500052924;0;7;0;0;2;1;15;A01
201500052925;0;7;0;0;1;1;1;A01
201500052926;0;7;0;0;2;6;13;C01
201500052926;0;33;0;0;2;8;3;A01
201500052926;0;7;0;0;2;2;1;B01
201500052927;0;10;0;1;2;1;14;A01
201500052927;0;7;0;0;2;6;24;B01
201500052928;0;7;0;0;2;7;1;A01
201500052928;0;34;0;0;2;0;1;B01
201500052929;0;10;0;0;2;3;9;B01
201500052929;0;32;0;0;2;1;1;A01
201500052930;0;10;0;0;2;2;1;A01
201500052930;0;32;0;0;2;3;1;B01
201500052931;0;30;0;0;1;1;1;A01
201500052932;1;7;0;0;1;1;16;Z01
201500052933;0;7;0;11;0;3;13;A01
201500052934;0;7;0;0;2;8;13;A01
201500052934;0;30;0;0;2;8;1;B01
201500052935;0;7;0;0;1;0;16;A01
201500052936;0;32;0;0;1;3;16;A01
201500052937;0;33;0;0;2;1;2;A01
201500052937;0;7;0;0;2;6;23;B01
201500052938;0;7;0;0;1;1;1;A01
201500052939;0;10;0;1;2;2;14;A01
201500052939;0;7;0;8;2;6;24;B01
201500052940;0;1;0;1;2;7;1;B01
201500052940;0;7;0;0;2;8;22;A01
201500052941;0;7;0;0;1;4;4;A01
201500052942;0;30;0;0;1;2;17;A01
201500052943;0;33;0;0;2;3;2;A01
201500052943;0;10;0;0;2;5;2;B01
201500052944;1;7;0;0;2;0;15;Z01
201500052944;0;33;0;0;2;7;1;A01
201500052945;1;7;0;0;2;0;13;Z01
201500052945;0;33;0;0;2;0;3;A01
201500052946;0;33;0;0;2;2;1;B01
201500052946;0;10;0;0;2;0;9;A01
201500052947;0;7;0;6;0;1;1;A01
201500052948;0;7;0;1;2;3;1;B01
201500052948;0;7;0;0;2;0;1;A01
201500052949;1;7;0;0;2;6;22;Z01
201500052949;0;2;0;0;2;2;1;A01
201500052950;0;33;0;8;0;1;1;A01
201500052951;0;37;0;0;1;3;1;A01
201500052952;0;7;0;0;2;3;15;A01
201500052952;0;33;0;0;2;1;1;B01
201500052953;0;7;0;0;2;2;2;A01
201500052953;0;33;0;0;2;4;23;B01
201500052954;1;7;0;0;2;1;2;Z01
201500052954;0;1;0;0;2;0;2;A01
201500052955;0;3;0;0;2;6;10;A01
201500052955;0;30;0;0;2;1;1;B01
201500052956;0;1;0;0;2;8;18;A01
201500052956;1;31;0;0;2;7;14;Z01
201500052957;0;30;0;1;0;1;1;A01
201500052958;0;7;0;0;2;0;2;A01
201500052958;0;7;0;0;2;0;23;B01
201500052958;0;7;0;0;2;4;23;C01
201500052959;0;40;0;0;1;2;1;A01
201500052960;0;7;0;0;2;6;9;A01
201500052960;0;2;0;0;2;1;1;B01
201500052961;0;10;0;0;2;3;9;A01
201500052961;0;30;0;0;2;1;1;B01
201500052962;0;7;0;7;0;3;1;A01
201500052963;0;7;0;0;2;4;23;B01
201500052963;0;33;0;0;2;1;2;A01
201500052964;0;7;0;0;2;8;9;A01
201500052964;0;31;0;0;2;1;1;B01
201500052965;0;10;0;2;0;2;16;A01
201500052966;0;33;0;0;2;0;21;A01
201500052967;0;30;0;0;2;3;1;B01
201500052967;0;7;0;0;2;7;15;A01
201500052968;0;31;0;0;0;8;17;A01
201500052969;0;31;0;0;2;0;1;A01
201500052969;0;7;0;0;2;0;1;B01
201500052970;0;37;0;0;2;6;23;B01
201500052970;0;7;0;0;2;1;1;A01
201500052971;0;1;0;0;2;1;9;B01
201500052971;0;7;0;0;2;2;15;A01
201500052972;0;33;0;0;2;2;1;B01
201500052972;0;7;0;0;2;6;13;A01
201500052973;0;1;0;0;2;1;13;A01
201500052973;0;7;0;0;2;3;1;B01
201500052974;0;7;0;0;2;6;0;B01
201500052974;0;30;0;0;1;1;5;A01
201500052975;0;32;0;0;1;1;1;A01
201500052976;0;7;0;1;2;3;1;A01
201500052976;0;7;0;1;2;3;23;B01
201500052976;0;7;0;0;2;5;1;C01
201500052977;0;32;0;9;2;7;15;A01
201500052977;0;7;0;0;2;8;9;B01
201500052978;0;7;0;0;2;3;10;A01
201500052978;0;33;0;0;2;1;17;B01
201500052979;0;30;0;0;2;1;17;B01
201500052979;0;7;0;0;2;8;9;A01
201500052980;0;7;0;0;2;4;23;B01
201500052980;0;7;0;1;2;1;1;A01
201500052981;0;33;0;1;0;8;18;B01
201500052981;0;7;0;0;2;2;22;A01
201500052982;0;1;0;0;1;1;1;A01
201500052983;0;32;0;0;0;0;21;A01
201500052984;0;10;0;0;2;2;1;A01
201500052984;0;30;0;0;2;3;10;B01
201500052985;0;33;0;0;2;2;16;B01
201500052985;0;1;0;0;2;1;1;A01
201500052986;0;7;0;0;2;2;12;A01
201500052986;0;33;0;0;2;3;3;B01
201500052986;0;7;0;0;2;6;1;C01
201500052987;0;7;0;0;1;1;17;A01
201500052988;0;7;0;0;1;3;1;A01
201500052989;0;7;0;1;0;2;21;A01
201500052990;0;7;0;1;2;4;4;A01
201500052990;0;10;0;0;2;1;24;B01
201500052991;0;2;0;8;0;3;13;A01
201500052992;0;7;0;0;1;1;1;A01
201500052993;0;2;0;0;1;1;1;A01
201500052994;0;7;0;0;2;5;15;A01
201500052994;0;31;0;0;2;1;1;B01
201500052995;0;30;0;0;2;1;18;B01
201500052995;0;7;0;0;2;5;16;A01
201500052996;0;7;0;0;2;3;11;A01
201500052996;0;33;0;0;2;5;1;B01
201500052997;0;7;0;0;1;1;15;A01
201500052998;0;1;0;0;2;1;23;B01
201500052998;0;7;0;0;2;4;2;A01
201500052999;0;30;0;0;2;6;1;B01
201500052999;0;7;0;0;2;2;16;A01
201500053000;0;30;0;0;2;8;5;A01
201500053000;0;7;0;0;2;1;9;B01
201500053001;0;30;0;0;2;7;17;A01
201500053001;0;10;0;0;2;3;15;B01
201500053002;0;7;0;6;0;1;13;A01
201500053003;0;32;0;4;0;1;14;A01
201500053004;0;7;0;14;1;1;14;A01
201500053005;0;7;0;0;2;5;16;B01
201500053005;0;33;0;0;2;1;7;A01
201500053006;1;2;0;0;2;0;10;Z01
201500053006;0;32;0;0;2;3;1;A01
201500053007;0;2;0;0;1;1;1;A01
201500053008;0;7;0;0;1;2;16;A01
201500053009;0;7;0;0;2;8;23;B01
201500053009;0;7;0;0;2;3;15;A01
201500053010;0;7;0;0;2;4;10;A01
201500053010;0;1;0;0;2;1;1;B01
201500053011;0;2;0;0;1;0;1;A01
201500053012;0;32;0;14;0;0;1;A01
201500053013;0;34;0;12;0;1;1;A01
201500053014;0;7;0;0;2;3;10;A01
201500053014;0;30;0;0;2;1;1;B01
201500053015;0;34;0;0;2;1;17;A01
201500053015;0;10;0;0;2;6;10;B01
201500053016;0;33;0;0;2;3;2;C01
201500053016;0;7;0;0;2;0;0;D01
201500053016;1;7;0;0;2;5;2;A01
201500053016;0;7;0;0;2;3;12;B01
201500053016;0;7;0;0;2;0;2;E01
201500053017;0;34;0;0;2;1;1;B01
201500053017;0;10;0;0;2;4;4;A01
201500053018;0;33;0;0;1;3;1;A01
201500053019;0;7;0;0;1;3;1;A01
201500053020;0;7;0;0;1;3;1;A01
201500053021;0;33;0;0;2;1;2;A01
201500053021;0;7;0;0;2;5;23;B01
201500053022;0;7;0;0;2;3;1;B01
201500053022;0;7;0;0;2;2;12;A01
201500053023;0;7;0;0;1;3;1;A01
201500053024;0;7;0;0;1;1;15;A01
201500053025;0;32;0;0;2;1;1;B01
201500053025;0;7;0;0;2;2;15;A01
201500053026;0;7;0;0;1;1;15;A01
201500053027;0;7;0;0;2;2;15;A01
201500053027;0;30;0;0;2;1;1;B01
201500053028;0;32;0;0;1;0;1;A01
201500053029;0;7;0;0;2;8;22;A01
201500053029;0;30;0;0;2;1;17;B01
201500053030;0;1;0;0;2;7;17;B01
201500053030;0;7;0;0;2;3;10;A01
201500053031;0;7;0;0;2;6;9;A01
201500053031;0;34;0;0;2;1;1;B01
201500053032;0;7;0;0;2;2;15;A01
201500053032;0;7;0;0;2;3;1;B01
201500053033;0;10;0;0;2;3;15;A01
201500053033;0;33;0;0;2;2;1;B01
201500053034;2;32;0;0;1;1;1;Z01
201500053035;0;33;0;0;2;0;17;A01
201500053035;0;10;0;0;2;6;1;B01
201500053035;0;37;1;0;2;1;1;C01
201500053036;0;33;0;1;0;7;21;A01
201500053037;1;7;0;0;1;0;1;Z01
201500053038;0;7;0;0;1;3;1;A01
201500053039;0;7;0;0;2;3;1;B01
201500053039;0;7;0;0;2;1;15;A01
201500053040;0;7;0;0;2;6;10;A01
201500053040;0;30;0;0;2;1;1;B01
201500053041;1;7;0;0;1;4;4;Z01
201500053042;0;7;0;11;0;8;15;A01
201500053043;0;10;0;0;2;4;2;B01
201500053043;0;31;0;0;2;1;2;A01
201500053044;0;7;0;0;1;3;15;A01
201500053045;0;37;1;0;1;5;7;A01
201500053046;0;31;0;0;2;2;1;A01
201500053046;0;7;0;0;2;3;16;B01
201500053047;0;7;0;0;2;6;10;A01
201500053047;0;30;0;0;2;1;17;B01
201500053048;0;31;0;0;2;1;1;B01
201500053048;0;10;0;0;2;8;10;A01
201500053049;0;31;0;0;2;1;1;B01
201500053049;0;7;0;0;2;5;15;A01
201500053050;0;7;0;0;2;7;22;B01
201500053050;0;32;0;0;2;1;18;A01
201500053051;0;7;0;0;1;2;1;A01
201500053052;0;7;0;0;2;1;13;A01
201500053052;0;14;0;0;2;0;24;C01
201500053052;0;7;0;0;2;2;1;B01
201500053053;0;7;0;0;1;3;1;A01
201500053054;0;7;0;0;2;4;23;B01
201500053054;0;1;0;0;2;1;2;A01
201500053055;0;7;0;0;2;2;1;B01
201500053055;0;2;0;0;2;3;19;A01
201500053056;0;7;0;0;2;2;17;B01
201500053056;0;1;0;0;2;1;13;A01
201500053057;0;7;0;0;2;7;15;A01
201500053057;0;31;0;0;2;1;1;B01
201500053058;0;10;0;0;1;5;20;A01
201500053059;0;7;0;0;1;2;1;A01
201500053060;0;7;0;7;0;2;13;A01
201500053061;0;32;0;0;2;7;17;B01
201500053061;0;10;0;0;2;3;22;A01
201500053062;0;30;0;0;2;2;1;B01
201500053062;0;7;0;0;2;1;1;A01
201500053063;0;7;0;0;2;1;2;A01
201500053063;0;7;0;0;2;4;23;B01
201500053064;0;7;0;2;0;2;14;A01
201500053065;0;32;0;0;1;1;17;A01
201500053066;0;33;0;0;1;2;17;A01
201500053066;0;7;0;0;2;8;15;B01
201500053067;0;7;0;0;2;2;15;B01
201500053067;0;33;0;0;2;4;13;A01
201500053068;0;1;0;0;2;8;19;B01
201500053068;1;30;0;0;2;1;1;Z01
201500053069;0;1;0;0;2;1;1;A01
201500053069;1;7;0;0;2;1;16;Z01
201500053070;0;32;0;0;2;9;17;B01
201500053070;0;10;0;0;2;8;15;A01
201500053071;0;1;0;0;2;4;1;B01
201500053071;0;33;0;0;2;7;15;A01
201500053072;0;2;0;0;2;1;2;A01
201500053072;0;7;0;0;2;4;2;B01
201500053073;0;10;0;0;1;7;1;A01
201500053074;0;7;0;8;0;6;10;A01
201500053075;0;31;0;0;2;1;7;B01
201500053075;0;7;0;0;2;2;1;A01
201500053076;0;32;0;0;2;6;23;A01
201500053076;1;14;0;0;2;5;14;Z01
201500053077;0;30;0;0;0;3;9;A01
201500053078;0;7;0;0;2;2;15;A01
201500053078;0;33;0;0;2;3;1;B01
201500053079;0;7;0;0;1;3;18;A01
201500053080;0;10;0;0;2;2;14;A01
201500053080;0;1;0;0;2;8;1;B01
201500053081;0;7;0;0;1;2;16;A01
201500053082;0;7;0;0;2;4;2;B01
201500053082;0;7;0;0;2;4;23;C01
201500053082;0;7;0;0;2;1;2;A01
201500053083;0;7;0;0;2;3;22;A01
201500053083;0;30;0;1;2;2;1;B01
201500053084;0;7;0;0;1;4;4;A01
201500053085;0;7;0;0;2;1;1;A01
201500053085;0;1;0;0;2;8;16;B01
201500053086;0;1;0;0;2;1;1;B01
201500053086;0;14;0;0;2;5;16;A01
201500053087;0;30;0;0;2;1;15;A01
201500053087;0;10;0;0;2;3;1;B01
201500053088;0;7;0;0;1;5;1;A01
201500053089;0;2;0;0;0;7;1;A01
201500053090;0;7;0;0;1;2;1;A01
201500053091;0;1;0;0;2;8;1;A01
201500053091;1;7;0;0;2;0;15;Z01
201500053092;0;33;0;0;2;1;1;B01
201500053092;0;7;0;0;2;2;15;A01
201500053093;0;1;0;0;2;1;7;A01
201500053093;0;37;1;0;2;3;15;B01
201500053094;0;2;0;0;1;1;1;A01
201500053095;0;7;0;0;2;2;2;A01
201500053095;0;7;0;0;2;6;23;B01
201500053096;0;7;0;0;1;7;1;A01
201500053097;1;7;0;0;1;4;4;Z01
201500053098;0;7;0;0;2;1;5;A01
201500053098;0;32;0;0;2;1;1;B01
201500053099;0;34;0;0;0;4;2;A01
201500053100;0;32;0;0;2;3;13;A01
201500053100;0;7;0;0;2;3;1;B01
201500053101;0;10;0;11;0;0;15;A01
201500053102;0;7;0;0;1;1;16;A01
201500053103;0;34;0;0;2;1;17;B01
201500053103;0;7;0;0;2;6;15;A01
201500053104;0;33;0;12;0;3;13;A01
201500053105;0;2;0;8;0;8;1;A01
201500053106;0;30;0;0;1;1;1;A01
201500053107;0;33;0;0;2;1;16;A01
201500053107;0;7;0;0;2;6;14;B01
201500053108;0;30;0;0;1;1;21;A01
201500053109;0;7;0;0;2;4;23;B01
201500053109;0;7;0;0;2;1;2;A01
201500053110;0;1;0;0;2;1;2;A01
201500053110;0;7;0;0;2;5;23;B01
201500053111;0;31;0;0;2;1;1;B01
201500053111;0;33;0;0;2;7;15;A01
201500053112;0;7;0;0;2;3;16;B01
201500053112;0;33;0;0;2;2;21;A01
201500053113;0;7;0;0;2;1;15;A01
201500053113;0;30;0;0;2;1;1;B01
201500053114;0;7;0;0;2;1;10;A01
201500053114;0;7;0;0;2;1;1;C01
201500053114;0;7;0;0;2;1;1;B01