num_acc;senc;catv;occutc;obs;obsm;choc;manv;num_veh
201500053115;0;33;0;0;2;8;1;B01
201500053115;0;7;0;0;2;1;15;A01
201500053116;0;7;0;0;2;3;15;A01
201500053116;0;7;0;0;2;2;1;B01
201500053117;0;1;0;0;1;1;17;A01
201500053118;0;7;0;1;0;3;13;A01
201500053119;0;7;0;0;1;1;1;A01
201500053120;0;1;0;0;2;1;2;A01
201500053120;0;37;1;0;2;4;23;B01
201500053121;0;33;0;0;1;3;1;A01
201500053122;0;7;0;0;2;5;16;A01
201500053122;0;1;0;0;2;5;1;B01
201500053123;0;2;0;0;1;1;1;A01
201500053124;0;7;0;1;0;7;14;A01
201500053125;0;10;0;0;1;3;16;A01
201500053126;0;1;0;0;1;1;1;A01
201500053127;0;31;0;0;2;8;1;B01
201500053127;0;7;0;0;2;1;15;A01
201500053128;0;7;0;0;2;1;1;A01
201500053128;1;7;0;0;2;2;10;Z01
201500053129;0;7;0;0;2;2;15;A01
201500053129;0;31;0;0;2;1;1;B01
201500053130;0;7;0;0;1;2;1;A01
201500053131;0;1;0;0;2;1;9;B01
201500053131;0;7;0;0;2;3;15;A01
201500053132;0;7;0;0;2;0;22;A01
201500053132;0;1;0;1;2;0;1;B01
201500053133;0;7;0;0;1;3;15;A01
201500053134;0;2;0;12;0;2;1;A01
201500053135;0;7;0;0;2;7;14;B01
201500053135;0;34;0;0;2;8;18;A01
201500053136;0;7;0;0;2;2;15;A01
201500053136;0;33;0;0;2;1;1;B01
201500053137;0;7;0;0;2;3;1;A01
201500053137;0;33;0;0;2;3;1;C01
201500053137;0;34;0;0;2;7;1;B01
201500053138;0;37;3;1;0;7;0;A01
201500053139;0;7;0;0;2;1;2;A01
201500053139;0;10;0;0;2;6;23;B01
201500053140;0;7;0;0;2;6;9;A01
201500053140;0;33;0;0;2;5;1;B01
201500053141;0;7;0;0;1;1;15;A01
201500053142;0;2;0;0;1;0;1;A01
201500053143;0;10;0;0;1;7;1;A01
201500053144;0;2;0;12;0;2;14;A01
201500053145;0;10;0;0;2;8;23;A01
201500053145;0;1;0;1;2;2;1;B01
201500053146;0;34;0;0;2;1;1;A01
201500053146;0;7;0;0;2;8;1;B01
201500053147;1;7;0;0;1;0;9;Z01
201500053148;0;33;0;0;2;1;17;B01
201500053148;0;10;0;0;2;8;9;A01
201500053149;0;10;0;0;2;3;1;B01
201500053149;0;7;0;0;2;2;15;A01
201500053150;0;30;0;0;1;8;1;A01
201500053151;0;7;0;0;2;0;10;A01
201500053151;0;32;0;0;2;7;1;B01
201500053152;0;7;0;0;2;3;15;A01
201500053152;0;1;0;0;2;2;1;B01
201500053153;0;1;0;0;1;1;1;A01
201500053154;0;37;0;0;2;2;1;B01
201500053154;0;7;0;0;2;5;16;A01
201500053155;0;30;0;9;0;1;1;A01
201500053156;0;33;0;12;0;1;14;A01
201500053157;0;7;0;0;2;0;1;A01
201500053157;0;1;0;0;2;0;1;B01
201500053158;0;7;0;0;2;2;15;A01
201500053158;0;34;0;0;2;8;1;B01
201500053159;0;7;0;0;1;6;4;A01
201500053160;0;7;0;0;2;1;15;B01
201500053160;0;34;0;0;2;7;1;A01
201500053161;0;7;0;0;2;1;1;A01
201500053161;0;33;0;0;2;4;1;B01
201500053162;0;7;0;0;2;4;23;B01
201500053162;2;2;0;0;2;0;1;Z01
201500053163;0;7;0;0;2;3;1;B01
201500053163;0;33;0;0;2;1;16;A01
201500053164;0;2;0;0;0;7;1;A01
201500053165;0;7;0;0;2;1;1;A01
201500053165;0;1;0;0;2;4;13;B01
201500053166;0;7;0;1;0;2;1;A01
201500053167;0;1;0;0;2;3;18;A01
201500053167;0;7;0;0;2;0;1;B01
201500053168;0;32;0;0;2;1;15;A01
201500053168;0;7;0;0;2;3;15;B01
201500053169;0;7;0;0;1;4;23;B01
201500053169;0;7;0;0;2;1;1;A01
201500053170;0;33;0;0;1;3;1;A01
201500053171;1;34;0;0;2;1;2;Z01
201500053171;0;1;0;0;2;4;2;A01
201500053172;0;7;0;0;2;8;10;A01
201500053172;0;31;0;0;2;1;1;B01
201500053173;0;7;0;0;2;3;7;B01
201500053173;0;33;0;0;2;1;16;A01
201500053174;0;7;0;0;2;6;1;B01
201500053174;0;7;0;0;2;3;1;A01
201500053174;1;7;0;0;2;0;15;Z01
201500053174;0;7;0;0;2;2;1;C01
201500053175;0;31;0;0;2;0;1;B01
201500053175;0;7;0;0;2;0;15;A01
201500053176;0;33;0;0;2;1;2;A01
201500053176;0;7;0;0;2;5;2;B01
201500053177;0;33;0;0;2;8;1;B01
201500053177;0;7;0;0;2;3;15;A01
201500053178;0;7;0;0;2;2;2;A01
201500053178;0;7;0;0;2;6;23;B01
201500053179;0;7;0;0;2;4;23;B01
201500053179;0;7;0;0;2;1;2;A01
201500053180;0;7;0;0;2;1;2;A01
201500053180;0;33;0;0;2;4;23;B01
201500053181;0;7;0;0;1;2;1;A01
201500053182;0;7;0;0;2;4;2;A01
201500053182;0;31;0;0;2;1;2;B01
201500053183;1;7;0;0;2;0;15;Z01
201500053183;0;2;0;0;2;8;1;A01
201500053184;0;7;0;0;2;3;15;A01
201500053184;0;32;0;0;2;8;1;B01
201500053185;0;7;0;0;2;2;1;B01
201500053185;0;33;0;0;2;8;13;A01
201500053186;0;7;0;0;2;5;15;A01
201500053186;0;1;0;0;2;1;1;B01
201500053187;0;7;0;11;0;1;15;A01
201500053188;0;7;0;1;0;9;13;A01
201500053189;0;1;0;0;2;0;1;B01
201500053189;0;7;0;0;2;8;22;A01
201500053190;0;1;0;0;2;5;1;A01
201500053190;1;34;0;0;2;1;1;Z01
201500053191;0;7;0;0;2;7;16;A01
201500053191;0;37;0;0;2;3;7;B01
201500053192;1;7;0;0;2;4;2;Z01
201500053192;0;7;0;0;2;4;23;A01
201500053193;0;7;0;0;1;2;1;A01
201500053194;0;33;0;0;2;0;1;A01
201500053194;0;7;0;0;2;3;15;B01
201500053195;0;13;0;0;2;2;16;A01
201500053195;0;1;0;0;2;8;1;B01
201500053196;0;10;0;0;2;7;22;A01
201500053196;0;1;0;0;2;0;1;B01
201500053197;0;10;0;0;2;1;2;A01
201500053197;0;7;0;0;2;4;2;B01
201500053198;0;1;0;12;0;1;14;A01
201500053199;0;7;0;11;0;3;1;A01
201500053200;0;34;0;0;2;7;1;A01
201500053200;1;7;0;0;2;0;14;Z01
201500053201;0;7;0;0;2;4;23;C01
201500053201;0;7;0;0;2;1;2;A01
201500053201;0;7;0;0;2;4;23;B01
201500053202;0;7;0;0;2;8;10;A01
201500053202;0;33;0;0;2;7;1;B01
201500053203;0;7;0;0;2;4;2;A01
201500053203;0;33;0;0;2;1;2;B01
201500053204;0;37;0;0;2;0;21;A01
201500053205;0;33;0;0;2;3;7;A01
201500053205;0;10;0;0;2;2;16;B01
201500053206;0;7;0;12;0;3;13;A01
201500053207;0;7;0;0;1;1;1;A01
201500053208;0;7;0;7;0;3;15;A01
201500053209;0;33;0;0;2;2;1;B01
201500053209;0;7;0;0;2;3;13;A01
201500053210;0;7;0;0;2;6;2;C01
201500053210;0;7;0;0;2;0;2;B01
201500053210;0;33;0;0;2;3;17;A01
201500053211;0;33;0;12;2;8;17;A01
201500053211;0;1;0;0;2;8;13;B01
201500053212;0;30;0;0;2;1;2;A01
201500053212;0;7;0;0;2;4;23;B01
201500053213;0;7;0;0;2;7;15;A01
201500053213;0;33;0;0;2;1;1;B01
201500053214;0;32;0;0;2;1;1;B01
201500053214;0;7;0;0;2;2;15;A01
201500053215;0;31;0;0;2;1;17;A01
201500053215;0;10;0;0;2;3;15;B01
201500053216;0;2;0;0;2;3;2;A01
201500053216;0;7;0;0;2;5;15;B01
201500053217;0;7;0;0;2;2;1;A01
201500053217;0;7;0;0;2;3;16;B01
201500053218;0;7;0;1;0;3;13;A01
201500053219;0;7;0;0;2;3;1;B01
201500053219;0;7;0;0;2;1;15;A01
201500053220;0;31;0;12;0;3;14;A01
201500053221;0;2;0;0;2;4;23;B01
201500053221;0;10;0;0;2;1;2;A01
201500053222;0;31;0;0;2;1;1;B01
201500053222;0;7;0;0;2;2;15;A01
201500053223;0;2;0;0;2;1;2;A01
201500053223;0;7;0;0;2;4;23;B01
201500053224;0;1;0;0;2;0;1;B01
201500053224;0;7;0;0;2;0;10;A01
201500053225;0;30;0;0;2;8;1;B01
201500053225;0;10;0;0;2;0;15;A01
201500053226;0;7;0;0;2;5;17;B01
201500053226;0;1;0;0;2;3;1;A01
201500053227;0;31;0;11;0;1;13;A01
201500053228;0;7;0;0;2;3;9;A01
201500053228;0;7;0;0;2;2;1;B01
201500053229;0;7;0;0;2;2;15;A01
201500053229;0;33;0;0;2;1;1;B01
201500053229;0;7;0;0;2;3;1;C01
201500053230;0;7;0;0;2;1;0;A01
201500053230;0;34;0;0;2;1;0;B01
201500053230;0;7;0;0;2;3;0;C01
201500053231;0;33;0;0;1;2;1;A01
201500053232;0;7;0;0;1;2;1;A01
201500053233;0;7;0;0;2;6;23;B01
201500053233;0;30;0;0;2;3;1;A01
201500053234;0;33;0;0;2;8;18;A01
201500053234;0;7;0;0;2;2;20;B01
201500053235;0;10;0;0;2;6;10;B01
201500053235;0;33;0;0;2;1;1;A01
201500053236;0;7;0;1;0;3;1;A01
201500053237;0;7;0;0;2;8;10;A01
201500053237;0;37;0;0;2;2;7;B01
201500053238;0;2;0;0;2;2;0;A01
201500053239;0;1;0;0;1;1;17;A01
201500053240;0;10;0;0;2;0;16;A01
201500053240;0;30;0;0;2;0;18;B01
201500053241;0;37;0;0;1;5;1;A01
201500053242;0;32;0;0;1;0;21;A01
201500053243;0;7;0;0;2;2;15;A01
201500053243;0;30;0;0;2;0;1;B01
201500053244;0;7;0;0;1;1;1;A01
201500053245;0;7;0;0;1;1;1;A01
201500053246;0;7;0;0;1;1;16;A01
201500053247;0;7;0;0;2;2;15;C01
201500053247;0;33;0;0;2;6;3;A01
201500053247;0;7;0;0;2;6;23;B01
201500053248;0;1;0;0;2;2;13;A01
201500053248;0;7;0;0;2;3;1;B01
201500053249;0;1;0;0;2;1;1;A01
201500053249;0;7;0;0;2;0;16;B01
201500053250;0;7;0;0;1;3;15;A01
201500053251;0;10;0;0;1;1;1;A01
201500053252;1;34;0;0;1;0;1;Z01
201500053253;0;31;0;0;0;0;1;A01
201500053254;0;30;0;0;0;7;1;A01
201500053255;0;7;0;0;2;7;1;B01
201500053255;0;1;0;0;2;0;23;A01
201500053256;0;7;0;0;1;4;4;A01
201500053257;0;34;0;14;0;1;13;A01
201500053258;0;7;0;0;1;1;1;A01
201500053259;0;7;0;0;2;2;1;A01
201500053259;0;7;0;0;2;6;23;B01
201500053260;0;33;0;0;2;2;1;B01
201500053260;0;33;0;0;2;6;10;A01
201500053261;0;7;0;0;1;1;1;A01
201500053262;0;34;0;0;2;8;1;B01
201500053262;0;7;0;0;2;3;15;A01
201500053263;0;32;0;0;2;1;9;A01
201500053263;0;7;0;0;2;1;1;B01
201500053264;0;1;0;0;1;1;1;A01
201500053265;0;7;0;0;1;0;17;A01
201500053266;0;7;0;0;2;5;23;A01
201500053266;1;7;0;0;2;1;2;Z01
201500053267;0;7;0;0;1;2;1;A01
201500053268;0;7;0;0;2;4;23;C01
201500053268;0;7;0;0;2;1;2;A01
201500053268;0;7;0;0;2;4;23;B01
201500053269;0;37;0;0;1;0;7;A01
201500053270;0;7;0;0;2;2;1;B01
201500053270;0;7;0;0;2;0;15;A01
201500053271;0;14;0;0;1;7;1;A01
201500053272;0;34;0;0;2;2;1;B01
201500053272;0;7;0;0;2;0;11;A01
201500053273;0;33;0;0;2;0;1;A01
201500053273;2;32;0;0;2;0;16;Z01
201500053274;0;1;0;0;0;0;1;A01
201500053275;0;1;0;0;2;1;1;B01
201500053275;0;1;0;0;2;1;13;A01
201500053276;1;7;0;0;1;6;4;Z01
201500053277;0;32;0;0;2;4;23;B01
201500053277;0;7;0;14;2;1;1;A01
201500053278;0;7;0;15;0;1;14;A01
201500053279;1;7;0;0;2;1;16;Z01
201500053279;0;1;0;0;2;1;1;B01
201500053280;0;2;0;14;0;3;1;A01
201500053281;0;32;0;0;0;3;1;A01
201500053282;0;1;0;0;2;1;1;B01
201500053282;0;7;0;0;2;1;5;A01
201500053283;0;7;0;0;2;1;1;A01
201500053283;0;33;0;0;2;4;23;B01
201500053284;0;7;0;14;2;4;2;A01
201500053284;2;7;0;0;2;1;2;Z01
201500053285;0;7;0;0;2;3;9;A01
201500053285;0;33;0;0;2;7;1;B01
201500053286;0;7;0;0;2;8;1;A01
201500053286;0;7;0;0;2;1;1;B01
201500053287;0;10;0;0;2;8;15;A01
201500053287;0;33;0;0;2;7;17;B01
201500053288;0;7;0;2;0;9;14;A01
201500053289;0;7;0;8;0;1;14;A01
201500053290;0;1;0;0;1;1;1;A01
201500053291;0;33;0;1;2;8;1;B01
201500053291;0;7;0;0;2;7;14;A01
201500053292;0;30;0;0;0;0;1;A01
201500053293;0;1;0;0;1;0;21;A01
201500053294;0;1;0;0;1;0;1;A01
201500053295;0;31;0;0;2;8;1;B01
201500053295;0;7;0;0;2;7;14;A01
201500053296;0;7;0;0;1;7;1;A01
201500053297;0;32;0;0;1;2;1;A01
201500053298;0;7;0;7;0;1;15;A01
201500053299;0;30;0;0;0;0;1;A01
201500053300;0;7;0;0;2;1;16;B01
201500053300;0;30;0;0;2;1;18;A01
201500053301;0;7;0;0;2;3;15;B01
201500053301;0;34;0;0;2;2;1;A01
201500053302;2;7;0;0;2;3;13;Z01
201500053302;0;13;0;0;2;3;1;A01
201500053303;0;37;0;0;1;1;7;A01
201500053304;0;33;0;0;2;2;21;A01
201500053304;0;10;0;0;2;6;1;B01
201500053305;0;33;0;0;1;1;1;A01
201500053306;0;31;0;0;1;1;3;A01
201500053307;0;10;0;0;1;5;1;A01
201500053308;0;2;0;0;1;1;3;A01
201500053309;0;33;0;0;2;7;23;B01
201500053309;0;7;0;0;2;3;14;A01
201500053310;0;33;0;0;2;4;3;B01
201500053310;0;33;0;0;2;4;3;C01
201500053310;0;33;0;0;2;1;3;A01
201500053311;0;7;0;0;1;3;1;A01
201500053312;0;30;0;8;0;0;13;A01
201500053313;0;2;0;0;0;0;1;A01
201500053314;0;1;0;0;2;1;1;B01
201500053314;0;7;0;0;2;5;15;A01
201500053315;0;2;0;0;1;1;1;A01
201500053316;0;7;0;0;2;1;2;B01
201500053316;0;10;0;0;2;4;4;A01
201500053317;0;1;0;0;2;5;1;A01
201500053317;1;7;0;0;2;8;9;Z01
201500053318;0;7;0;14;0;1;14;A01
201500053319;0;2;0;0;2;8;1;B01
201500053319;0;7;0;0;2;2;9;A01
201500053320;1;7;0;0;2;0;10;Z01
201500053320;0;2;0;0;2;7;1;A01
201500053321;0;7;0;0;2;3;15;A01
201500053321;0;33;0;0;2;1;1;B01
201500053322;0;2;0;0;0;0;7;A01
201500053323;0;32;0;0;0;1;1;A01
201500053324;0;10;0;14;0;3;15;A01
201500053325;0;37;0;0;1;2;2;A01
201500053326;1;7;0;0;2;0;0;Z01
201500053326;0;31;0;0;2;3;0;A01
201500053327;0;10;0;0;2;1;1;A01
201500053327;0;2;0;0;2;8;7;B01
201500053328;0;7;0;1;0;0;13;A01
201500053329;0;31;0;0;1;2;1;A01
201500053330;0;7;0;0;1;1;20;A01
201500053331;0;30;0;0;2;1;1;B01
201500053331;0;32;0;0;2;1;1;C01
201500053331;2;7;0;0;2;3;13;Z01
201500053331;0;7;0;0;2;3;1;A01
201500053332;0;1;0;0;0;1;21;A01
201500053333;0;32;0;0;1;2;1;A01
201500053334;0;2;0;0;1;1;7;A01
201500053335;0;7;0;0;1;7;1;A01
201500053336;1;7;0;0;1;1;15;Z01
201500053337;0;14;0;0;2;0;1;B01
201500053337;0;1;0;0;2;0;13;A01
201500053338;0;10;0;0;2;2;16;B01
201500053338;0;1;0;0;2;1;7;A01
201500053339;0;7;0;0;2;3;15;A01
201500053339;0;30;0;0;2;7;17;B01
201500053340;0;1;0;0;2;0;7;A01
201500053340;0;7;0;0;2;0;15;B01
201500053341;0;37;0;0;2;1;7;B01
201500053341;0;7;0;0;2;5;16;A01
201500053342;0;10;0;0;2;3;9;A01
201500053342;0;30;0;1;2;0;1;B01
201500053343;0;30;0;0;2;1;2;A01
201500053343;0;7;0;0;2;4;2;B01
201500053344;0;31;0;0;2;2;1;A01
201500053344;0;1;0;0;2;4;1;B01
201500053345;0;32;0;0;0;0;15;A01
201500053346;0;7;0;0;1;1;1;A01
201500053347;0;7;0;0;1;2;1;A01
201500053348;0;7;0;0;1;3;1;A01
201500053349;0;7;0;0;2;1;16;A01
201500053349;0;7;0;0;2;1;1;B01
201500053350;0;7;0;0;1;2;7;A01
201500053351;0;2;0;1;0;3;13;A01
201500053352;0;1;0;0;2;0;13;A01
201500053352;0;37;0;0;2;0;17;B01
201500053353;0;7;0;0;1;1;16;A01
201500053354;1;7;0;0;1;2;7;A01
201500053355;0;7;0;0;1;1;17;A01
201500053356;0;7;0;0;1;3;1;A01
201500053357;0;7;0;14;0;1;21;A01
201500053358;0;7;0;0;1;4;4;A01
201500053359;0;2;0;0;2;1;17;A01
201500053359;0;7;0;0;2;6;15;B01
201500053360;0;7;0;0;2;3;1;B01
201500053360;0;7;0;0;2;3;1;A01
201500053361;0;34;0;0;1;2;1;A01
201500053362;0;7;0;0;2;8;22;A01
201500053362;0;1;0;1;2;1;1;B01
201500053363;0;7;0;0;2;3;9;A01
201500053363;0;31;0;0;2;5;1;B01
201500053364;0;31;0;1;0;1;13;A01
201500053365;0;30;0;0;2;1;2;A01
201500053365;0;7;0;0;2;5;2;B01
201500053366;0;33;0;0;1;1;1;A01
201500053367;0;7;0;0;1;1;7;A01
201500053368;0;7;0;0;1;3;1;A01
201500053369;0;7;0;0;2;1;1;A01
201500053369;0;7;0;0;2;7;1;B01
201500053370;0;33;0;0;1;7;15;A01
201500053371;0;7;0;0;2;2;16;B01
201500053371;0;30;0;0;2;3;7;A01
201500053372;0;7;0;0;2;3;13;A01
201500053372;0;33;0;0;2;8;1;B01
201500053373;0;1;0;0;9;1;14;A01
201500053374;0;30;0;0;1;1;17;A01
201500053375;0;7;0;0;1;1;15;A01
201500053376;0;7;0;0;1;3;1;A01
201500053377;0;34;0;0;2;1;1;B01
201500053377;0;7;0;0;2;1;13;A01
201500053378;0;32;0;0;0;2;1;A01
201500053379;0;7;0;0;2;3;10;A01
201500053379;0;33;0;0;2;7;1;B01
201500053380;0;31;0;0;2;2;1;B01
201500053380;0;7;0;0;2;3;15;A01
201500053381;0;7;0;0;2;2;15;A01
201500053381;0;30;0;0;2;1;1;B01
201500053382;0;33;0;0;2;2;15;A01
201500053382;0;1;0;0;2;1;1;B01
201500053383;0;7;0;0;1;1;1;A01
201500053384;0;1;0;0;1;1;1;A01
201500053385;0;7;0;0;2;3;1;B01
201500053385;0;2;0;0;2;1;1;A01
201500053386;0;7;0;0;1;6;7;A01
201500053386;1;7;0;0;2;2;7;Z01
201500053387;0;10;0;0;2;2;1;A01
201500053387;0;7;0;0;2;6;1;B01
201500053388;0;7;0;1;1;2;2;A01
201500053388;0;7;0;0;2;4;23;B01
201500053389;0;32;0;0;2;2;17;B01
201500053389;0;7;0;0;2;3;15;A01
201500053390;0;31;0;0;2;1;2;A01
201500053390;0;7;0;0;2;5;2;B01
201500053391;0;7;0;0;2;4;23;B01
201500053391;0;7;0;0;2;1;2;A01
201500053392;0;33;0;0;2;8;17;B01
201500053392;0;7;0;0;2;8;15;A01
201500053393;0;7;0;0;2;3;15;A01
201500053393;0;31;0;1;2;7;17;B01
201500053394;0;33;0;0;2;7;17;B01
201500053394;0;7;0;0;2;8;13;A01
201500053395;0;34;0;0;2;1;1;B01
201500053395;0;7;0;0;2;2;15;A01
201500053396;0;7;0;0;2;7;15;A01
201500053396;0;33;0;0;2;1;1;B01
201500053397;0;7;0;0;2;4;23;B01
201500053397;0;2;0;0;2;1;1;A01
201500053398;0;7;0;0;2;5;1;B01
201500053398;0;7;0;0;2;6;1;C01
201500053398;0;30;0;0;2;9;3;A01
201500053399;0;7;0;0;2;4;23;C01
201500053399;0;7;0;0;2;1;2;A01
201500053399;0;10;0;0;2;4;23;B01
201500053400;0;7;0;0;2;1;2;A01
201500053400;0;10;0;0;2;4;23;B01
201500053401;0;7;0;0;2;3;2;A01
201500053401;0;2;0;0;2;4;23;B01
201500053402;0;7;0;0;1;3;1;A01
201500053403;0;7;0;0;1;1;1;A01
201500053404;0;32;0;1;0;9;14;A01
201500053405;0;7;0;1;0;2;14;A01
201500053406;0;7;0;0;2;8;22;A01
201500053406;0;1;0;1;2;1;1;B01
201500053407;0;1;0;0;0;0;5;A01
201500053408;0;7;0;6;2;2;15;A01
201500053408;0;7;0;1;2;1;1;B01
201500053409;0;2;0;0;0;7;1;A01
201500053410;0;7;0;0;2;3;2;A01
201500053410;0;7;0;0;2;4;23;C01
201500053410;0;7;0;0;2;5;23;B01
201500053411;0;30;0;0;2;2;3;A01
201500053412;0;30;0;0;2;7;15;A01
201500053412;0;7;0;0;2;3;1;B01
201500053413;0;7;0;0;2;2;9;A01
201500053413;0;33;0;0;2;1;1;B01
201500053414;0;7;0;0;1;2;1;A01
201500053415;0;7;0;0;2;4;2;A01
201500053415;0;31;0;0;2;4;23;B01
201500053416;0;31;0;0;0;8;1;A01
201500053417;0;32;0;0;1;2;1;A01
201500053418;0;32;0;0;0;0;1;A01
201500053419;0;34;0;0;0;2;1;A01
201500053420;0;7;0;0;2;8;15;A01
201500053420;0;32;0;0;2;2;1;B01
201500053421;0;7;0;0;2;8;1;B01
201500053421;0;33;0;0;2;1;1;A01
201500053422;0;33;0;0;1;2;16;A01
201500053423;0;31;0;0;2;0;1;B01
201500053423;0;1;0;0;2;0;13;A01
201500053424;0;31;0;0;2;3;2;A01
201500053424;0;7;0;0;2;6;2;B01
201500053425;0;7;0;0;1;3;15;A01
201500053426;0;31;0;0;2;1;1;B01
201500053426;0;7;0;0;2;2;15;A01
201500053427;0;7;0;0;2;2;9;A01
201500053427;0;7;0;0;2;3;1;B01
201500053428;0;7;0;0;1;1;1;A01
201500053429;0;7;0;0;1;0;4;A01
201500053430;0;33;0;0;2;8;1;B01
201500053430;0;7;0;0;2;7;16;A01
201500053431;0;37;1;0;1;2;1;A01
201500053432;0;7;0;0;1;3;1;A01
201500053433;0;10;0;0;1;7;15;A01
201500053434;0;7;0;0;2;8;12;A01
201500053434;0;33;0;0;2;8;3;B01
201500053435;0;31;0;0;2;2;1;A01
201500053435;0;7;0;0;2;1;9;B01
201500053436;0;7;0;0;2;3;22;A01
201500053436;0;33;0;1;2;7;1;B01
201500053437;0;10;0;0;2;2;12;A01
201500053437;0;33;0;0;2;1;1;B01
201500053438;0;32;0;0;0;0;1;A01
201500053439;0;2;0;0;1;1;1;A01
201500053440;0;32;0;0;2;3;1;B01
201500053440;0;7;0;0;2;1;10;A01
201500053441;0;7;0;0;1;1;7;A01
201500053442;0;7;0;0;1;3;1;A01
201500053443;0;31;0;0;2;3;1;B01
201500053443;0;7;0;0;2;2;14;A01
201500053444;0;33;0;0;2;1;1;B01
201500053444;0;7;0;0;2;2;15;A01
201500053445;0;7;0;0;1;2;1;A01
201500053446;0;1;0;0;2;1;1;B01
201500053446;0;7;0;0;2;1;15;A01
201500053447;0;34;0;0;0;3;1;A01
201500053448;0;7;0;4;0;8;14;A01
201500053449;0;7;0;0;2;5;1;B01
201500053449;0;33;0;0;2;1;3;A01
201500053450;0;7;0;0;2;4;2;B01
201500053450;0;7;0;0;2;1;2;A01
201500053451;0;7;0;0;1;8;16;A01
201500053452;0;7;0;0;2;2;2;A01
201500053452;0;7;0;0;2;8;10;C01
201500053452;0;7;0;0;2;8;2;B01
201500053453;0;7;0;0;1;2;15;A01
201500053454;0;31;0;0;2;3;18;A01
201500053454;0;13;0;0;2;7;16;B01
201500053455;0;7;0;0;2;3;2;A01
201500053455;0;7;0;0;2;5;2;B01
201500053456;0;33;0;0;0;0;2;A01
201500053457;0;2;0;0;2;1;7;B01
201500053457;0;7;0;0;2;2;16;A01
201500053458;0;34;0;0;2;1;1;B01
201500053458;0;7;0;0;2;2;15;A01
201500053459;0;7;0;0;2;6;1;C01
201500053459;0;7;0;0;2;1;1;A01
201500053459;0;32;0;0;2;4;1;B01
201500053460;0;7;0;0;2;4;23;B01
201500053460;0;7;0;0;2;1;2;A01
201500053461;0;32;0;0;2;3;18;B01
201500053461;0;10;0;0;2;2;22;A01
201500053462;0;32;0;0;0;0;21;A01
201500053463;0;32;0;0;2;0;1;A01
201500053463;1;7;0;0;2;2;10;Z01
201500053464;0;33;0;0;2;0;1;A01
201500053464;1;7;0;0;2;1;15;Z01
201500053465;0;33;0;0;0;1;1;A01
201500053466;0;7;0;0;2;2;1;A01
201500053466;0;7;0;0;2;1;1;B01
201500053467;0;7;0;0;1;2;1;A01
201500053468;0;30;0;0;0;0;1;A01
201500053469;0;7;0;0;2;2;2;B01
201500053469;0;7;0;0;2;6;23;C01
201500053469;0;7;0;0;2;2;2;A01
201500053470;0;7;0;0;1;3;15;A01
201500053471;0;7;0;0;2;3;15;B01
201500053471;0;33;0;0;2;7;17;A01
201500053472;0;30;0;0;0;8;1;A01
201500053473;0;7;0;0;2;1;1;B01
201500053473;0;1;0;0;2;1;15;A01
201500053474;0;7;0;0;2;3;1;A01
201500053474;0;33;0;0;2;2;1;B01
201500053475;0;34;0;0;1;1;17;A01
201500053476;0;7;0;0;2;2;1;A01
201500053476;0;32;0;0;2;1;1;B01
201500053477;0;33;0;0;2;1;1;B01
201500053477;0;10;0;0;2;2;15;A01
201500053478;2;30;0;0;2;0;1;B01
201500053478;0;7;0;0;2;8;15;A01
201500053479;0;32;0;0;9;0;1;A01
201500053480;0;7;0;0;2;8;10;A01
201500053480;0;2;0;0;2;2;17;B01
201500053481;0;2;0;0;2;7;1;A01
201500053481;0;33;0;0;2;0;23;B01
201500053482;0;30;0;0;1;1;1;A01
201500053483;0;7;0;0;1;2;15;A01
201500053484;0;7;0;0;1;4;20;A01
201500053485;0;30;0;0;2;1;5;A01
201500053485;0;7;0;0;2;3;1;B01
201500053486;0;7;0;11;0;1;1;A01
201500053487;0;1;0;0;2;0;1;B01
201500053487;0;7;0;0;2;2;7;A01
201500053488;0;7;0;0;1;4;4;A01
201500053489;0;7;0;0;2;4;23;C01
201500053489;0;10;0;0;2;1;2;A01
201500053489;0;7;0;0;2;4;23;B01
201500053490;0;30;0;9;0;0;1;A01
201500053491;0;10;0;0;1;3;1;A01
201500053492;0;7;0;0;2;7;1;D01
201500053492;0;32;0;0;2;4;1;B01
201500053492;0;32;0;0;2;1;1;C01
201500053492;0;7;0;0;2;4;1;A01
201500053493;1;13;0;0;1;0;1;Z01
201500053494;0;30;0;0;2;1;1;B01
201500053494;0;10;0;0;2;2;15;A01
201500053495;0;7;0;0;1;1;16;A01
201500053496;0;1;0;0;1;1;5;A01
201500053497;0;33;0;0;1;1;1;A01
201500053498;0;7;0;0;2;9;1;B01
201500053498;0;7;0;0;2;4;23;C01
201500053498;0;7;0;0;2;1;1;A01
201500053499;0;30;0;0;2;1;1;B01
201500053499;0;7;0;0;2;3;10;A01
201500053500;0;1;0;0;0;0;21;A01
201500053501;0;7;0;0;1;2;1;A01
201500053502;0;7;0;16;2;6;11;A01
201500053502;0;33;0;0;2;3;1;B01
201500053503;0;34;0;0;2;1;17;A01
201500053503;0;7;0;0;2;3;9;B01
201500053504;0;7;0;0;1;0;1;A01
201500053505;0;7;0;0;2;1;15;A01