num_acc;senc;catv;occutc;obs;obsm;choc;manv;num_veh
201500053505;0;33;0;0;2;1;1;B01
201500053506;0;31;0;0;1;1;1;A01
201500053507;1;2;0;0;1;7;1;Z01
201500053508;0;33;0;0;2;7;3;A01
201500053508;0;7;0;0;2;8;1;B01
201500053509;0;7;0;0;2;2;2;A01
201500053509;0;33;0;0;2;4;23;B01
201500053510;0;1;0;0;2;1;1;A01
201500053510;1;7;0;0;2;4;4;Z01
201500053511;0;7;0;0;2;6;1;B01
201500053511;0;2;0;0;2;7;1;A01
201500053512;0;1;0;0;2;7;1;B01
201500053512;0;7;0;0;2;8;22;A01
201500053513;0;7;0;0;1;3;7;A01
201500053514;0;30;0;0;2;3;18;A01
201500053514;0;10;0;0;2;2;16;B01
201500053515;0;7;0;0;1;4;4;A01
201500053516;0;7;0;0;2;2;17;A01
201500053516;0;1;0;0;2;4;7;B01
201500053517;0;31;0;0;2;0;17;B01
201500053517;0;7;0;0;2;0;23;A01
201500053518;0;7;0;0;2;4;23;B01
201500053518;0;7;0;0;2;1;2;A01
201500053519;0;7;0;1;2;1;14;A01
201500053519;0;7;0;0;2;0;22;B01
201500053520;0;7;0;0;2;4;2;B01
201500053520;0;7;0;0;2;1;2;A01
201500053521;1;10;0;0;1;0;1;Z01
201500053522;0;34;0;1;0;2;5;A01
201500053523;0;32;0;0;2;5;17;A01
201500053523;0;7;0;0;2;3;13;B01
201500053524;0;30;0;0;2;8;1;A01
201500053524;0;7;0;0;2;1;1;B01
201500053525;0;1;0;0;2;1;1;A01
201500053526;0;14;0;0;2;4;4;A01
201500053526;0;38;0;0;2;1;23;B01
201500053527;0;1;0;0;2;1;1;B01
201500053527;0;7;0;0;2;8;1;A01
201500053528;0;30;0;1;0;1;13;A01
201500053529;0;7;0;0;2;1;15;A01
201500053529;0;34;0;0;2;2;1;B01
201500053530;0;31;0;0;0;0;1;A01
201500053531;0;32;0;0;2;0;1;B01
201500053531;0;7;0;0;2;0;15;A01
201500053532;0;7;0;0;2;2;16;B01
201500053532;0;32;0;0;2;3;18;A01
201500053533;0;7;0;11;0;2;1;A01
201500053534;0;7;0;0;1;5;4;A01
201500053535;0;7;0;0;2;3;1;B01
201500053535;0;7;0;0;2;1;10;A01
201500053536;0;7;0;0;2;7;16;B01
201500053536;0;30;0;0;2;8;7;A01
201500053537;0;2;0;0;2;3;13;A01
201500053537;0;7;0;0;2;5;1;B01
201500053538;0;7;0;14;0;3;15;A01
201500053539;0;7;0;0;2;2;15;A01
201500053539;0;30;0;0;2;1;1;B01
201500053540;0;31;0;0;0;0;1;A01
201500053541;0;33;0;0;2;1;1;B01
201500053541;0;7;0;0;2;7;14;A01
201500053542;0;2;0;0;0;0;1;A01
201500053543;0;7;0;0;2;3;10;A01
201500053543;0;33;0;0;2;1;1;B01
201500053544;0;37;0;0;2;5;17;B01
201500053544;0;1;0;0;2;3;7;A01
201500053545;0;7;0;0;1;1;1;A01
201500053546;0;7;0;0;1;3;1;A01
201500053547;0;7;0;0;1;6;4;A01
201500053548;0;7;0;0;2;7;15;A01
201500053548;0;1;0;0;2;1;7;B01
201500053549;0;31;0;0;2;1;3;A01
201500053549;0;33;0;0;2;4;3;C01
201500053549;0;10;0;0;2;7;1;B01
201500053549;0;7;0;0;2;6;1;D01
201500053550;0;30;0;0;2;0;18;B01
201500053550;0;7;0;0;2;2;16;A01
201500053551;0;33;0;0;2;4;2;B01
201500053551;0;34;0;0;2;1;2;A01
201500053552;1;2;0;0;0;0;1;Z01
201500053553;0;7;0;0;2;2;22;A01
201500053553;0;30;0;0;2;3;18;B01
201500053554;0;30;0;0;2;1;1;B01
201500053554;0;7;0;0;2;2;15;A01
201500053555;0;31;0;0;2;1;1;A01
201500053555;0;7;0;0;2;4;1;B01
201500053556;0;31;0;0;1;1;1;A01
201500053557;0;2;0;0;2;8;1;B01
201500053557;0;7;0;0;2;1;9;A01
201500053558;1;7;0;0;2;0;1;Z01
201500053558;0;2;0;0;2;0;1;A01
201500053559;0;2;0;0;2;1;1;A01
201500053559;0;7;0;0;2;8;1;B01
201500053560;0;30;0;0;2;2;2;A01
201500053560;0;1;0;0;2;6;2;B01
201500053561;0;40;0;0;2;0;1;B01
201500053561;0;30;0;0;2;7;19;A01
201500053562;0;37;0;0;2;3;1;B01
201500053562;0;32;0;0;2;3;14;A01
201500053563;0;37;0;0;2;8;1;B01
201500053563;0;7;0;0;2;1;15;A01
201500053564;0;33;0;0;2;3;18;B01
201500053564;0;7;0;0;2;8;16;A01
201500053565;0;32;0;0;2;1;1;B01
201500053565;0;7;0;0;2;6;1;A01
201500053566;1;14;0;0;2;0;1;Z01
201500053566;0;7;0;0;2;8;23;B01
201500053566;0;7;0;0;2;8;23;C01
201500053567;0;7;0;0;2;2;1;B01
201500053567;0;7;0;0;2;3;1;A01
201500053568;0;2;0;0;0;3;1;A01
201500053569;0;1;0;0;2;0;1;B01
201500053569;0;7;0;0;2;2;16;A01
201500053570;0;7;0;0;1;0;1;A01
201500053571;0;7;0;0;1;7;1;A01
201500053572;0;7;0;1;0;3;13;A01
201500053573;0;7;0;0;1;1;15;A01
201500053574;0;7;0;11;0;3;15;A01
201500053575;0;7;0;0;1;2;7;A01
201500053576;0;1;0;0;2;2;1;B01
201500053576;0;7;0;0;2;8;22;A01
201500053577;0;33;0;0;2;7;1;A01
201500053578;0;37;0;0;1;0;1;A01
201500053579;0;7;0;0;2;1;15;A01
201500053579;0;33;0;0;2;3;1;B01
201500053580;0;7;0;0;2;4;16;B01
201500053580;0;7;0;0;2;1;16;A01
201500053581;0;10;0;11;0;3;15;A01
201500053582;0;31;0;0;1;1;1;A01
201500053583;0;10;0;0;1;0;1;A01
201500053584;0;37;0;0;1;0;0;A01
201500053585;0;10;0;0;1;3;1;A01
201500053586;0;32;0;0;2;2;17;A01
201500053586;0;7;0;0;2;3;15;B01
201500053587;0;10;0;9;2;6;4;A01
201500053587;0;37;0;0;2;2;1;B01
201500053588;0;33;0;0;1;1;1;A01
201500053589;0;13;0;0;2;5;1;B01
201500053589;0;7;0;1;2;2;14;A01
201500053590;0;10;0;0;1;5;4;A01
201500053591;0;7;0;0;1;0;1;A01
201500053592;0;7;0;0;2;6;15;A01
201500053592;0;30;0;0;2;2;17;B01
201500053593;0;30;0;0;0;8;16;A01
201500053594;0;33;0;0;2;8;1;B01
201500053594;0;7;0;0;2;1;15;A01
201500053595;0;2;0;0;2;4;1;A01
201500053595;1;7;0;0;2;1;1;Z01
201500053596;0;1;0;0;2;8;1;B01
201500053596;0;7;0;0;2;1;1;A01
201500053597;0;10;0;0;1;0;4;A01
201500053598;0;1;0;0;2;3;1;B01
201500053598;0;7;0;0;2;1;16;A01
201500053599;0;32;0;15;0;3;1;A01
201500053600;0;7;0;1;0;3;13;A01
201500053601;0;7;0;0;2;3;7;B01
201500053601;0;2;0;0;2;1;16;A01
201500053602;0;7;0;0;2;5;23;B01
201500053602;0;34;0;0;2;1;2;A01
201500053603;0;33;0;0;2;7;17;A01
201500053603;0;7;0;0;2;3;13;B01
201500053604;0;32;0;0;0;8;1;A01
201500053605;0;30;0;0;2;1;1;A01
201500053605;0;7;0;0;2;2;15;B01
201500053606;0;30;0;0;2;7;7;A01
201500053606;0;7;0;0;2;0;16;B01
201500053607;0;1;0;0;2;2;1;A01
201500053607;0;7;0;0;2;3;16;B01
201500053608;0;32;0;0;1;3;1;A01
201500053609;0;30;0;0;0;8;1;A01
201500053610;0;7;0;1;0;2;14;A01
201500053611;0;33;0;0;2;0;1;B01
201500053611;0;30;0;0;2;8;15;A01
201500053612;0;32;0;0;2;1;17;A01
201500053612;0;37;0;0;2;3;23;B01
201500053613;0;33;0;0;2;0;1;B01
201500053613;1;1;0;0;2;7;19;Z01
201500053614;0;32;0;1;2;1;1;A01
201500053614;0;10;0;0;2;3;1;B01
201500053615;0;30;0;0;0;0;21;A01
201500053616;0;7;0;0;2;3;2;A01
201500053616;0;7;0;0;2;5;23;B01
201500053617;0;31;0;0;2;4;2;B01
201500053617;0;7;0;0;2;1;2;A01
201500053618;0;32;0;0;2;8;1;B01
201500053618;1;7;0;0;2;7;16;Z01
201500053619;0;7;0;9;0;1;14;A01
201500053620;0;7;0;9;0;1;1;A01
201500053621;0;2;0;0;2;3;18;A01
201500053621;0;7;0;0;2;2;16;B01
201500053622;0;34;0;0;2;7;1;B01
201500053622;0;7;0;0;2;3;1;A01
201500053623;0;33;0;0;2;2;18;A01
201500053623;0;10;0;0;2;2;14;B01
201500053624;0;33;0;0;0;2;21;A01
201500053625;0;7;0;0;2;0;1;B01
201500053625;0;32;0;0;2;0;14;A01
201500053626;1;10;0;0;1;7;4;Z01
201500053627;0;30;0;1;0;0;15;A01
201500053628;0;2;0;0;0;0;14;A01
201500053629;0;7;0;0;2;6;18;A01
201500053629;0;1;0;0;2;7;1;B01
201500053630;1;7;0;0;1;0;16;Z01
201500053631;0;7;0;0;2;2;1;A01
201500053631;0;31;0;0;2;8;1;B01
201500053632;0;10;0;0;2;3;15;B01
201500053632;0;34;0;0;2;2;17;A01
201500053633;0;1;0;0;1;1;5;A01
201500053634;0;30;0;0;0;8;21;A01
201500053635;0;30;0;0;1;1;1;A01
201500053636;0;7;0;0;2;1;17;A01
201500053636;0;7;0;0;2;6;15;B01
201500053637;0;31;0;0;0;7;1;A01
201500053638;0;33;0;0;1;7;17;A01
201500053639;0;31;0;0;0;0;21;A01
201500053640;0;30;0;0;0;7;21;A01
201500053641;0;31;0;0;1;0;1;A01
201500053642;0;7;0;0;1;5;1;A01
201500053643;0;7;0;0;1;2;1;A01
201500053644;0;7;0;7;0;3;13;A01
201500053645;0;10;0;0;1;4;4;A01
201500053646;0;7;0;0;2;7;1;A01
201500053646;0;1;0;0;2;8;1;B01
201500053647;0;7;0;0;2;1;15;A01
201500053647;0;32;0;0;2;1;2;B01
201500053648;0;7;0;0;2;6;15;B01
201500053648;0;31;0;0;2;8;17;A01
201500053649;0;30;0;0;2;4;0;B01
201500053649;1;7;0;0;2;1;0;A01
201500053650;0;7;0;0;2;1;1;A01
201500053650;0;7;0;0;2;4;23;B01
201500053651;0;10;0;0;1;1;1;A01
201500053652;0;7;0;0;2;1;17;A01
201500053652;0;32;0;0;1;1;1;B01
201500053653;0;10;0;0;2;4;2;B01
201500053653;0;33;0;0;2;0;2;A01
201500053654;0;1;0;0;2;1;1;B01
201500053654;0;10;0;0;2;3;1;A01
201500053655;0;10;0;0;1;3;15;A01
201500053656;0;31;0;1;0;1;21;A01
201500053657;0;7;0;0;2;1;23;A01
201500053657;0;7;0;0;2;5;2;B01
201500053658;0;10;0;0;2;3;1;B01
201500053658;0;7;0;0;2;2;1;A01
201500053659;0;32;0;0;2;1;17;B01
201500053659;0;7;0;0;2;6;13;A01
201500053660;0;30;0;0;0;0;1;A01
201500053661;0;10;0;0;1;7;1;A01
201500053662;0;7;0;0;2;1;2;A01
201500053662;0;7;0;0;2;4;23;B01
201500053663;0;30;0;0;2;2;1;A01
201500053663;0;7;0;0;2;2;1;B01
201500053664;0;7;0;2;0;1;13;A01
201500053665;0;7;0;0;2;2;1;B01
201500053665;0;33;0;0;2;7;1;A01
201500053666;0;7;0;0;2;5;16;A01
201500053666;0;33;0;0;2;3;1;B01
201500053667;1;7;0;0;1;2;1;Z01
201500053668;0;7;0;0;1;2;1;A01
201500053669;0;10;0;0;1;3;15;A01
201500053670;0;7;0;0;1;2;1;A01
201500053671;0;7;0;0;1;2;1;A01
201500053672;0;7;0;0;2;1;10;A01
201500053672;0;33;0;0;2;8;1;B01
201500053673;0;10;0;0;1;1;15;A01
201500053674;0;32;0;0;2;1;2;A01
201500053674;0;7;0;0;2;6;2;B01
201500053675;0;7;0;0;1;0;16;A01
201500053676;0;31;0;0;1;4;1;A01
201500053677;0;10;0;0;2;4;2;B01
201500053677;0;38;30;0;2;2;2;A01
201500053678;0;7;0;0;2;3;1;A01
201500053678;0;1;0;0;2;2;1;B01
201500053679;0;32;0;0;0;0;1;A01
201500053680;0;7;0;0;1;3;17;A01
201500053681;0;7;0;0;2;2;1;A01
201500053681;0;31;0;0;2;1;15;B01
201500053682;0;7;0;14;0;1;1;A01
201500053683;0;1;0;0;1;1;1;A01
201500053684;1;7;0;0;1;0;1;Z01
201500053685;1;32;0;0;1;1;7;Z01
201500053686;0;7;0;0;1;2;16;A01
201500053687;0;33;0;0;2;7;1;A01
201500053687;0;7;0;0;2;1;16;B01
201500053688;0;7;0;0;2;2;2;A01
201500053688;0;7;0;0;2;6;23;B01
201500053689;0;31;0;0;2;2;1;B01
201500053689;0;7;0;0;2;3;13;A01
201500053690;0;7;0;0;2;4;23;B01
201500053690;0;10;0;0;2;1;2;A01
201500053691;0;7;0;0;1;3;1;A01
201500053692;0;7;0;12;0;1;13;A01
201500053693;0;7;0;0;2;1;9;B01
201500053693;0;1;0;0;2;7;1;A01
201500053694;0;30;0;0;2;3;18;A01
201500053694;0;7;0;0;2;7;22;B01
201500053695;0;7;0;0;2;1;1;B01
201500053695;0;1;0;0;2;2;1;A01
201500053696;0;1;0;0;0;0;1;A01
201500053697;0;30;0;0;0;0;1;A01
201500053698;0;7;0;0;1;4;20;A01
201500053699;1;7;0;0;2;4;1;Z01
201500053699;0;34;0;0;2;1;1;A01
201500053700;0;7;0;0;2;3;1;B01
201500053700;0;7;0;0;2;2;1;A01
201500053701;0;2;0;0;2;1;1;A01
201500053701;0;7;0;0;2;5;1;B01
201500053702;0;33;0;0;2;8;1;B01
201500053702;0;7;0;0;0;8;13;A01
201500053703;0;7;0;0;1;2;1;A01
201500053704;0;31;0;0;2;1;17;A01
201500053704;0;7;0;0;2;3;15;B01
201500053705;0;7;0;0;2;4;23;B01
201500053705;0;1;0;0;2;1;1;A01
201500053706;0;7;0;7;0;3;1;A01
201500053707;0;30;0;0;0;0;1;A01
201500053708;0;7;0;0;1;4;4;A01
201500053709;0;33;0;0;0;8;1;A01
201500053710;0;7;0;0;2;3;1;A01
201500053710;1;7;0;0;2;1;1;Z01
201500053711;0;10;0;0;2;3;1;B01
201500053711;0;7;0;0;2;3;13;A01
201500053712;1;30;0;0;1;1;1;Z01
201500053713;0;7;0;0;1;0;1;A01
201500053714;0;7;0;0;1;1;1;A01
201500053715;0;7;0;0;2;7;16;A01
201500053715;0;31;0;0;2;8;18;B01
201500053716;0;7;0;0;2;6;15;A01
201500053716;0;32;0;0;2;1;17;B01
201500053717;0;10;0;0;1;8;16;A01
201500053718;0;1;0;0;1;1;1;A01
201500053719;1;10;0;0;1;6;4;Z01
201500053720;0;30;0;0;1;1;1;A01
201500053721;0;1;0;0;0;0;1;A01
201500053722;0;1;0;15;0;1;1;A01
201500053723;0;30;0;0;2;1;1;B01
201500053723;0;7;0;0;2;7;15;A01
201500053724;0;7;0;0;2;3;15;A01
201500053724;0;40;0;0;2;2;1;B01
201500053725;0;7;0;0;1;1;15;A01
201500053726;0;7;0;0;1;3;1;A01
201500053727;0;32;0;0;2;1;18;A01
201500053727;0;7;0;0;2;7;16;B01
201500053728;0;40;0;0;1;2;1;A01
201500053729;0;7;0;0;1;1;1;A01
201500053730;0;7;0;14;0;1;1;A01
201500053731;0;7;0;0;1;3;1;A01
201500053732;1;10;0;0;1;1;15;Z01
201500053733;0;37;0;0;1;2;16;A01
201500053734;0;7;0;0;1;2;16;A01
201500053735;0;1;0;0;1;1;1;A01
201500053736;0;7;0;0;2;4;23;C01
201500053736;0;7;0;0;0;1;2;A01
201500053736;0;7;0;0;2;4;23;B01
201500053737;0;1;0;0;2;4;1;B01
201500053737;0;7;0;0;2;5;16;A01
201500053738;0;7;0;0;1;3;1;A01
201500053739;0;10;0;0;1;3;1;A01
201500053740;0;7;0;0;1;4;4;A01
201500053741;0;31;0;0;2;6;2;A01
201500053741;0;7;0;0;2;1;23;B01
201500053742;0;7;0;0;2;6;11;A01
201500053742;0;7;0;0;2;3;1;C01
201500053742;0;7;0;0;2;3;1;B01
201500053743;0;7;0;0;1;2;1;A01
201500053744;0;7;0;0;1;0;4;A01
201500053745;0;2;0;0;0;8;1;A01
201500053746;0;7;0;0;2;2;10;A01
201500053746;0;32;0;0;2;2;1;B01
201500053747;0;7;0;0;1;1;1;A01
201500053748;0;7;0;0;2;2;1;B01
201500053748;0;31;0;0;2;8;14;A01
201500053749;0;7;0;0;1;2;1;A01
201500053750;0;34;0;0;1;1;1;A01
201500053751;0;1;0;1;2;0;1;B01
201500053751;0;10;0;0;2;3;22;A01
201500053752;0;10;0;0;1;7;16;A01
201500053753;0;7;0;1;0;2;9;A01
201500053754;0;32;0;1;1;3;1;A01
201500053755;0;7;0;0;2;3;10;A01
201500053755;0;31;0;0;2;1;1;B01
201500053756;0;7;0;0;2;5;1;C01
201500053756;0;32;0;1;2;2;3;A01
201500053756;0;7;0;0;2;8;22;B01
201500053757;0;30;0;0;0;3;1;A01
201500053758;0;10;0;0;1;4;4;A01
201500053759;0;7;0;0;1;2;1;A01
201500053760;0;1;0;1;2;1;1;A01
201500053760;0;7;0;0;2;4;23;B01
201500053761;1;7;0;0;1;0;1;Z01
201500053762;0;33;0;0;1;1;17;A01
201500053763;0;7;0;0;2;1;1;B01
201500053763;0;7;0;0;2;4;1;A01
201500053764;0;7;0;0;1;2;1;A01
201500053765;0;32;0;0;2;1;15;A01
201500053765;0;7;0;0;2;3;1;B01
201500053766;0;30;0;0;0;7;21;A01
201500053767;0;7;0;0;1;7;1;A01
201500053768;0;32;0;0;2;1;1;B01
201500053768;0;7;0;0;2;3;15;A01
201500053769;0;7;0;0;2;2;1;A01
201500053769;0;30;0;0;2;1;1;B01
201500053770;0;34;0;0;1;1;1;A01
201500053771;0;7;0;0;1;6;1;A01
201500053772;0;7;0;0;1;2;16;A01
201500053773;0;7;0;0;2;6;11;A01
201500053773;0;30;0;0;2;2;1;B01
201500053774;0;7;0;0;1;2;17;A01
201500053775;0;7;0;0;2;1;1;B01
201500053775;0;30;0;0;2;7;15;A01
201500053776;0;33;0;0;2;1;1;B01
201500053776;0;7;0;0;2;1;1;A01
201500053777;0;7;0;0;2;1;15;A01
201500053777;0;1;0;0;2;1;1;B01
201500053778;0;32;0;0;2;0;15;A01
201500053778;0;7;0;0;2;3;1;B01
201500053779;0;33;0;14;0;1;1;A01
201500053780;0;30;0;12;0;1;14;A01
201500053781;0;30;0;0;2;2;17;B01
201500053781;0;7;0;0;2;2;9;A01
201500053782;0;7;0;0;1;2;1;A01
201500053783;0;33;0;0;1;1;17;A01
201500053784;0;7;0;0;1;1;1;A01
201500053785;0;7;0;0;2;2;15;A01
201500053785;0;34;0;0;2;1;1;B01
201500053786;0;10;0;0;1;2;1;A01
201500053787;0;7;0;0;1;2;1;A01
201500053788;0;7;0;8;0;1;13;A01
201500053789;0;1;0;0;0;1;1;A01
201500053790;1;7;0;0;1;2;1;Z01
201500053791;0;7;0;0;2;2;1;A01
201500053791;0;33;0;0;2;8;1;B01
201500053792;0;7;0;0;2;1;15;A01
201500053792;0;33;0;0;2;8;1;B01
201500053793;0;33;0;0;2;2;1;A01
201500053793;0;7;0;0;2;2;1;B01
201500053794;0;7;0;0;2;4;23;B01
201500053794;0;32;0;0;2;1;1;A01
201500053795;0;37;0;0;2;6;23;B01
201500053795;0;37;0;0;2;6;2;A01
201500053796;0;7;0;0;2;1;2;A01
201500053796;0;7;0;0;2;4;2;B01
201500053797;0;7;0;0;1;1;16;A01
201500053798;0;7;0;0;2;2;2;A01
201500053798;0;1;0;0;2;6;15;B01
201500053799;0;30;0;0;2;0;1;B01
201500053799;0;7;0;0;2;1;1;A01
201500053800;0;31;0;0;2;5;15;A01
201500053800;0;7;0;0;2;2;1;B01
201500053801;0;10;0;0;2;1;15;A01
201500053801;0;34;0;0;2;1;1;B01
201500053802;1;2;0;0;1;0;1;Z01
201500053803;0;31;0;0;2;1;1;A01
201500053803;0;7;0;0;2;2;15;B01
201500053804;0;31;0;0;0;0;1;A01
201500053805;0;31;0;0;2;8;1;B01
201500053805;0;7;0;0;2;3;15;A01
201500053806;0;7;0;0;2;5;23;B01
201500053806;0;7;0;0;2;4;23;C01
201500053806;0;7;0;0;2;3;2;A01
201500053807;1;7;0;0;1;2;1;Z01
201500053808;2;14;0;0;2;2;1;B01
201500053808;0;7;0;0;2;2;1;A01
201500053809;0;7;0;0;1;2;16;A01
201500053810;0;1;0;0;2;6;13;B01
201500053810;0;7;0;0;2;2;1;A01
201500053811;0;7;0;0;2;0;16;A01
201500053811;0;2;0;0;2;0;1;B01
201500053812;0;33;0;0;2;3;1;B01
201500053812;0;7;0;0;2;3;15;A01
201500053813;0;7;0;0;1;6;20;A01
201500053814;0;1;0;0;2;1;1;A01
201500053814;0;7;0;0;2;2;10;B01
201500053815;0;10;0;0;1;4;4;A01
201500053816;0;7;0;0;2;3;15;A01
201500053816;0;33;0;1;2;2;1;B01
201500053817;0;1;0;12;0;1;14;A01
201500053818;1;7;0;0;1;1;1;Z01
201500053819;0;32;0;0;2;2;1;B01
201500053819;0;7;0;0;2;3;9;A01
201500053820;0;7;0;0;1;3;1;A01
201500053821;0;7;0;0;1;0;4;A01
201500053822;0;32;0;15;0;1;1;A01
201500053823;0;7;0;0;2;7;1;A01
201500053823;0;7;0;0;2;3;7;B01
201500053824;2;7;0;0;2;3;22;A01
201500053824;0;30;0;1;2;2;1;B01
201500053825;0;7;0;1;2;1;1;A01
201500053825;0;7;0;0;2;4;23;B01
201500053826;0;7;0;0;2;0;23;A01
201500053826;0;7;0;0;2;0;1;B01
201500053827;0;34;0;0;2;1;1;A01
201500053827;0;7;0;0;2;4;23;B01
201500053828;1;34;0;0;1;1;1;Z01
201500053829;0;30;0;0;0;8;1;A01
201500053830;0;7;0;0;1;2;16;A01
201500053831;0;7;0;0;2;3;10;A01
201500053831;0;30;0;0;2;2;1;B01
201500053832;0;7;0;0;2;1;1;A01
201500053832;2;7;0;0;2;2;1;Z01
201500053833;0;7;0;0;1;6;4;A01
201500053834;0;1;0;0;2;2;0;A01
201500053834;0;7;0;0;2;1;15;B01
201500053835;0;37;0;0;2;1;1;A01
201500053835;0;37;0;0;2;4;23;B01
201500053836;0;7;0;0;2;2;15;A01
201500053836;0;32;0;0;2;2;17;B01
201500053837;0;7;0;0;1;6;20;A01
201500053838;0;33;0;0;2;3;1;B01
201500053838;0;7;0;0;2;5;1;A01
201500053839;0;10;0;0;2;7;15;A01
201500053839;0;32;0;0;2;1;1;B01
201500053840;0;7;0;8;0;1;14;A01
201500053841;0;7;0;0;1;2;1;A01
201500053842;0;7;0;0;2;2;17;A01
201500053842;0;7;0;0;2;3;1;B01
201500053843;0;30;0;0;0;8;1;A01
201500053844;0;7;0;0;2;3;15;B01
201500053844;0;30;0;0;2;6;1;A01
201500053845;0;30;0;0;2;7;17;A01
201500053845;0;10;0;0;2;3;15;B01
201500053846;0;33;0;0;2;0;7;B01
201500053846;0;7;0;0;2;3;15;A01
201500053847;0;7;0;0;2;7;1;A01
201500053847;0;7;0;0;2;1;1;B01
201500053848;0;30;0;0;0;1;1;A01
201500053849;0;30;0;0;0;3;1;A01
201500053850;0;7;0;0;1;0;1;A01
201500053851;0;31;0;0;1;1;1;A01
201500053852;0;2;0;0;2;7;17;A01
201500053852;0;7;0;0;2;6;10;B01
201500053853;0;30;0;0;1;1;18;A01
201500053854;0;1;0;0;1;1;17;A01
201500053855;0;1;0;0;1;1;17;A01
201500053856;0;10;0;0;1;1;15;A01
201500053857;0;7;0;0;1;7;16;A01
201500053858;0;7;0;0;2;4;23;C01
201500053858;0;7;0;0;2;1;2;A01
201500053858;0;7;0;0;2;4;23;B01
201500053859;0;7;0;0;1;8;1;A01
201500053860;0;1;0;0;1;1;1;A01
201500053861;0;10;0;0;2;3;9;B01
201500053861;0;31;0;0;2;2;1;A01
201500053862;0;7;0;0;2;2;16;B01
201500053862;0;30;0;0;2;0;7;A01
201500053863;0;7;0;0;1;1;15;A01
201500053864;0;34;0;0;2;4;23;B01
201500053864;0;32;0;0;2;1;2;A01
201500053865;0;7;0;0;2;2;15;B01
201500053865;0;31;0;0;2;5;1;A01
201500053866;1;13;0;8;2;0;5;Z01
201500053866;0;7;0;0;2;7;16;A01
201500053867;0;2;0;0;2;7;1;B01
201500053867;0;7;0;0;2;3;9;A01
201500053868;0;30;0;0;2;8;5;A01
201500053868;0;7;0;0;2;2;1;B01
201500053869;0;7;0;0;1;6;1;A01
201500053870;0;1;0;0;2;3;13;B01
201500053870;0;33;0;0;2;2;1;A01
201500053871;0;30;0;0;2;7;17;B01
201500053871;0;7;0;0;2;3;15;A01
201500053872;0;32;0;0;2;1;1;A01
201500053872;0;7;0;0;2;4;23;B01
201500053873;1;10;0;0;2;0;13;Z01
201500053873;0;31;0;0;2;7;1;A01
201500053874;0;7;0;0;2;2;15;A01
201500053874;0;31;0;0;2;1;1;B01
201500053875;0;7;0;0;2;2;15;A01
201500053875;0;7;0;0;2;8;1;B01
201500053876;0;31;0;0;1;2;17;A01
201500053877;0;14;0;0;2;0;14;B01
201500053877;0;7;0;0;2;0;24;C01
201500053877;0;30;0;0;2;0;18;A01
201500053878;0;7;0;0;2;0;15;A01
201500053878;0;31;0;0;2;0;15;B01
201500053879;0;7;0;0;1;1;1;A01
201500053880;0;7;0;0;2;8;1;B01
201500053880;0;2;0;0;2;1;1;A01
201500053881;0;30;0;0;1;8;14;A01
201500053882;0;33;0;0;2;1;1;B01
201500053882;0;10;0;0;2;7;15;A01
201500053883;0;7;0;0;2;3;15;B01
201500053883;0;2;0;0;2;2;1;A01
201500053884;0;37;0;0;2;4;2;A01
201500053884;0;33;0;0;2;4;23;B01
201500053885;0;2;0;0;2;0;2;A01
201500053885;0;1;0;0;2;0;2;B01
201500053886;0;7;0;1;0;3;13;A01
201500053887;0;10;0;0;2;3;1;B01
201500053887;0;2;0;0;2;8;1;A01
201500053888;0;7;0;0;2;3;24;B01
201500053888;0;7;0;1;2;2;14;A01
201500053889;0;1;0;0;2;1;7;A01
201500053889;0;7;0;0;2;5;15;B01
201500053890;0;33;0;0;1;1;1;A01
201500053891;0;7;0;0;2;0;10;A01
201500053891;0;7;0;0;2;0;1;B01
201500053892;0;7;0;0;1;2;1;A01
201500053893;0;7;0;0;1;8;1;A01
201500053893;0;7;0;0;2;6;23;B01
201500053894;0;7;0;0;1;1;1;A01
201500053895;0;33;0;0;2;3;1;B01
201500053895;0;7;0;0;2;2;15;A01
201500053896;0;33;0;0;2;1;1;B01
201500053896;0;7;0;0;2;3;9;A01
201500053897;0;7;0;0;1;0;1;A01
201500053898;0;32;0;0;2;1;1;B01
201500053898;0;7;0;0;2;2;15;A01
201500053899;0;7;0;6;0;2;13;A01
201500053900;0;1;0;0;2;5;2;A01
201500053900;0;10;0;0;2;5;23;B01
201500053901;0;33;0;0;1;1;1;A01
201500053902;0;33;0;1;0;1;14;A01
201500053903;0;7;0;0;1;2;17;A01
201500053904;0;31;0;0;2;1;2;B01
201500053904;0;10;0;0;2;4;4;A01
201500053905;0;33;0;0;1;0;0;A01
201500053906;0;1;0;0;2;3;1;A01
201500053906;0;31;0;0;2;2;1;B01
201500053907;0;7;0;0;2;2;15;A01
201500053907;0;7;0;0;2;1;1;B01
201500053908;0;33;0;0;2;6;1;B01
201500053908;0;7;0;0;2;0;15;A01
201500053909;0;7;0;0;1;3;1;A01
201500053910;0;31;0;0;2;2;1;B01
201500053910;0;7;0;0;2;8;15;A01
201500053911;0;34;0;0;2;7;17;A01
201500053911;0;7;0;0;2;3;15;B01