num_acc;senc;catv;occutc;obs;obsm;choc;manv;num_veh
201500053912;0;7;0;0;0;9;1;A01
201500053913;0;7;0;0;2;1;2;A01
201500053913;0;7;0;0;2;4;2;B01
201500053914;0;10;0;0;2;1;15;A01
201500053914;0;7;0;0;2;8;1;B01
201500053915;0;32;0;0;2;1;15;B01
201500053915;0;7;0;0;2;3;15;A01
201500053916;0;31;0;0;2;1;1;A01
201500053916;0;1;0;0;2;4;15;B01
201500053917;0;7;0;0;1;2;7;A01
201500053918;0;33;0;0;2;6;23;B01
201500053918;0;7;0;0;2;2;16;A01
201500053919;0;7;0;0;2;3;10;A01
201500053919;0;32;0;0;2;7;1;B01
201500053920;0;33;0;0;1;1;1;A01
201500053921;0;30;0;0;0;8;1;A01
201500053922;0;1;0;11;0;1;1;A01
201500053923;0;7;0;1;0;9;14;A01
201500053924;0;10;0;0;2;4;23;B01
201500053924;0;7;0;0;2;1;2;A01
201500053925;0;7;0;0;1;1;1;A01
201500053926;0;31;0;0;0;1;1;A01
201500053927;0;7;0;2;0;1;14;A01
201500053928;0;14;0;0;2;8;1;B01
201500053928;0;33;0;0;2;7;14;A01
201500053929;0;10;0;0;2;2;1;C01
201500053929;0;7;0;0;2;3;1;B01
201500053929;0;7;0;14;2;1;14;A01
201500053930;0;14;0;0;2;0;10;A01
201500053930;0;33;0;0;2;0;1;B01
201500053931;0;7;0;0;1;2;15;A01
201500053932;0;7;0;0;2;2;1;A01
201500053932;0;2;0;0;2;6;16;B01
201500053933;0;31;0;0;0;0;1;A01
201500053934;0;32;0;0;2;1;1;B01
201500053934;0;7;0;0;2;7;1;A01
201500053935;0;7;0;1;0;2;1;A01
201500053936;1;10;0;0;2;7;13;Z01
201500053936;0;34;0;0;2;7;1;A01
201500053937;0;31;0;1;0;0;17;A01
201500053938;0;32;0;0;2;1;13;A01
201500053938;0;7;0;0;2;4;1;B01
201500053939;0;32;0;0;0;0;21;A01
201500053940;0;7;0;0;1;2;15;A01
201500053941;0;7;0;0;1;2;1;A01
201500053942;0;7;0;0;2;1;1;A01
201500053942;0;7;0;0;2;3;15;B01
201500053943;0;7;0;0;2;2;10;A01
201500053943;0;33;0;0;2;6;1;B01
201500053944;0;32;0;0;2;1;17;B01
201500053944;0;7;0;0;2;3;15;A01
201500053945;0;32;0;0;2;1;1;B01
201500053945;0;7;0;0;2;8;10;A01
201500053946;0;33;0;0;0;7;1;A01
201500053947;0;7;0;9;0;1;1;A01
201500053948;0;7;0;0;1;1;1;A01
201500053949;1;1;0;0;1;0;15;Z01
201500053950;0;7;0;1;0;3;14;A01
201500053951;0;33;0;0;1;1;1;A01
201500053952;0;10;0;0;1;2;16;A01
201500053953;0;7;0;0;1;1;1;A01
201500053954;0;30;0;0;0;0;1;A01
201500053955;0;7;0;0;2;6;10;A01
201500053955;0;33;0;0;2;1;1;B01
201500053956;0;7;0;0;2;2;15;A01
201500053956;0;34;0;0;2;3;1;B01
201500053957;0;7;0;0;1;3;1;A01
201500053958;0;7;0;0;2;1;1;B01
201500053958;0;7;0;0;2;7;15;A01
201500053959;0;7;0;0;2;3;9;A01
201500053959;0;2;0;0;2;3;1;B01
201500053960;0;31;0;0;2;3;17;B01
201500053960;0;7;0;0;2;6;15;A01
201500053961;0;10;0;0;2;2;15;A01
201500053961;0;32;0;0;2;1;1;B01
201500053962;0;7;0;0;1;1;15;A01
201500053963;0;7;0;0;1;1;15;A01
201500053964;0;30;0;0;2;1;5;A01
201500053964;0;7;0;0;2;3;15;B01
201500053965;0;31;0;0;0;0;1;A01
201500053966;0;7;0;0;2;1;2;C01
201500053966;0;7;0;0;2;4;23;A01
201500053966;0;7;0;0;2;1;2;B01
201500053967;0;7;0;0;2;6;23;B01
201500053967;0;1;0;0;2;1;14;A01
201500053968;1;7;0;0;2;1;2;Z01
201500053968;0;7;0;0;2;4;23;B01
201500053968;0;7;0;0;2;4;23;A01
201500053969;0;7;0;0;1;3;1;A01
201500053970;0;32;0;0;2;1;1;B01
201500053970;0;7;0;0;2;3;9;A01
201500053971;0;32;0;0;2;8;1;B01
201500053971;0;7;0;0;2;1;15;A01
201500053972;0;30;0;14;0;8;1;A01
201500053973;0;2;0;12;0;0;1;A01
201500053974;0;7;0;0;2;4;23;C01
201500053974;0;7;0;0;2;1;1;A01
201500053974;0;7;0;0;2;4;23;B01
201500053975;0;7;0;0;2;1;1;A01
201500053975;0;7;0;0;2;4;23;B01
201500053976;0;7;0;1;0;2;1;A01
201500053977;0;7;0;0;2;5;1;B01
201500053977;0;31;0;0;2;1;13;A01
201500053978;0;32;0;0;0;0;1;A01
201500053979;0;7;0;0;2;2;1;A01
201500053979;0;7;0;0;2;6;23;B01
201500053980;0;7;0;0;2;3;15;A01
201500053980;0;34;0;8;2;3;18;B01
201500053981;0;7;0;0;2;2;1;B01
201500053981;0;30;0;0;2;8;15;A01
201500053982;0;7;0;0;2;7;13;A01
201500053982;0;34;0;0;2;1;17;B01
201500053983;0;7;0;11;0;3;21;A01
201500053984;0;7;0;1;0;1;21;A01
201500053985;0;2;0;0;2;8;1;B01
201500053985;0;7;0;0;2;7;16;A01
201500053986;0;1;0;0;2;8;19;B01
201500053986;0;7;0;0;2;2;17;A01
201500053987;0;2;0;0;2;4;1;A01
201500053987;0;7;0;0;2;1;1;B01
201500053988;0;7;0;0;1;3;1;A01
201500053989;0;7;0;0;2;6;10;A01
201500053989;0;34;0;0;2;1;1;B01
201500053990;0;33;0;0;2;1;1;A01
201500053990;1;7;0;0;2;1;5;Z01
201500053991;0;32;0;0;2;3;15;B01
201500053991;0;7;0;0;2;2;1;A01
201500053992;0;33;0;0;2;1;2;A01
201500053992;0;7;0;0;2;6;2;B01
201500053993;0;7;0;0;2;0;1;A01
201500053993;0;33;0;0;2;2;1;B01
201500053994;0;7;0;1;1;3;7;A01
201500053995;0;7;0;0;2;2;1;B01
201500053995;0;7;0;0;2;3;10;A01
201500053996;0;7;0;0;1;1;1;A01
201500053997;0;34;0;0;1;1;1;A01
201500053998;0;7;0;0;1;5;17;A01
201500053998;0;14;0;0;2;6;23;B01
201500053999;0;7;0;11;0;2;14;A01
201500054000;0;7;0;1;0;3;1;A01
201500054001;0;7;0;0;1;3;1;A01
201500054002;0;7;0;0;2;8;1;B01
201500054002;0;7;0;0;2;1;1;A01
201500054003;0;33;0;14;0;2;1;A01
201500054004;0;31;0;0;2;8;1;B01
201500054004;0;7;0;0;2;3;1;A01
201500054005;0;7;0;0;1;5;1;A01
201500054006;0;7;0;0;2;3;12;B01
201500054006;0;33;0;0;2;2;3;A01
201500054007;0;10;0;0;2;3;10;A01
201500054007;0;7;0;0;2;9;1;B01
201500054008;0;1;0;0;2;7;15;B01
201500054008;0;31;0;0;2;7;17;A01
201500054009;0;7;0;0;2;3;10;A01
201500054009;0;33;0;0;2;2;1;B01
201500054010;0;10;0;0;2;8;10;A01
201500054010;0;31;0;0;2;1;1;B01
201500054011;0;7;0;0;1;2;1;A01
201500054012;0;7;0;0;2;2;15;B01
201500054012;0;3;0;0;2;3;1;A01
201500054013;0;7;0;0;2;3;1;B01
201500054013;0;1;0;0;2;1;1;A01
201500054014;0;33;0;0;1;7;1;A01
201500054015;0;32;0;0;1;1;1;A01
201500054016;0;7;0;0;2;3;2;A01
201500054016;0;31;0;0;2;4;15;B01
201500054017;0;34;0;0;2;1;1;B01
201500054017;0;7;0;0;2;6;10;A01
201500054018;0;10;0;0;1;1;16;A01
201500054019;0;7;0;0;2;5;15;B01
201500054019;0;7;0;0;2;1;1;A01
201500054020;0;2;0;0;2;1;1;B01
201500054020;0;33;0;0;2;7;10;A01
201500054021;0;32;0;0;2;3;1;A01
201500054021;1;7;0;0;2;0;14;Z01
201500054022;0;30;0;0;2;1;2;B01
201500054022;0;7;0;0;2;4;4;A01
201500054023;0;7;0;0;1;2;1;A01
201500054024;0;2;0;0;2;1;17;B01
201500054024;0;7;0;0;2;8;10;A01
201500054025;0;30;0;8;0;1;1;A01
201500054026;0;30;0;0;1;1;1;A01
201500054027;0;33;0;0;2;8;2;A01
201500054027;0;10;0;0;2;6;23;B01
201500054028;0;31;0;0;2;8;15;A01
201500054028;0;34;0;0;2;7;1;B01
201500054029;0;7;0;0;1;1;15;A01
201500054030;0;7;0;0;2;1;2;A01
201500054030;0;7;0;0;2;4;23;B01
201500054031;0;7;0;0;2;3;1;B01
201500054031;0;33;0;0;2;7;18;A01
201500054032;0;7;0;0;1;1;1;A01
201500054033;0;7;0;0;1;2;16;A01
201500054034;0;30;0;0;1;1;21;A01
201500054035;0;7;0;0;2;1;15;A01
201500054035;0;30;0;0;2;3;1;B01
201500054036;0;33;0;0;0;7;1;A01
201500054037;0;7;0;0;1;4;4;A01
201500054038;0;7;0;0;2;1;13;A01
201500054038;0;7;0;0;2;1;1;C01
201500054038;0;7;0;1;2;9;1;B01
201500054039;0;32;0;12;0;2;14;A01
201500054040;0;32;0;0;2;2;17;B01
201500054040;0;7;0;0;2;1;15;A01
201500054041;0;34;0;0;1;1;1;A01
201500054042;0;7;0;0;2;2;1;A01
201500054042;0;31;0;0;2;3;18;B01
201500054043;0;33;0;0;2;1;1;B01
201500054043;0;7;0;0;2;6;15;A01
201500054044;1;7;0;0;2;1;1;Z01
201500054044;0;1;0;0;2;4;13;A01
201500054045;0;7;0;0;2;1;23;A01
201500054045;0;7;0;1;2;4;2;C01
201500054045;0;7;0;0;2;1;23;B01
201500054046;0;7;0;0;1;2;1;A01
201500054047;0;2;0;0;2;9;1;B01
201500054047;0;7;0;0;2;2;10;A01
201500054048;0;7;0;0;2;7;15;A01
201500054048;0;31;0;0;2;8;1;B01
201500054049;0;7;0;0;2;2;15;A01
201500054049;0;33;0;0;2;3;1;B01
201500054050;0;7;0;0;1;4;4;A01
201500054051;0;7;0;0;1;6;2;A01
201500054052;2;7;0;15;0;1;15;Z01
201500054053;0;32;0;0;2;3;1;B01
201500054053;0;33;0;0;2;1;1;A01
201500054054;0;7;0;0;2;0;24;A01
201500054054;1;14;0;0;2;0;1;Z01
201500054055;0;10;0;0;2;4;15;A01
201500054055;0;31;0;0;2;1;1;B01
201500054056;0;7;0;0;2;7;15;A01
201500054056;0;1;0;0;2;1;15;B01
201500054057;0;7;0;0;1;2;1;A01
201500054058;0;7;0;0;2;3;9;A01
201500054058;0;33;0;0;2;7;1;B01
201500054059;0;37;1;0;1;2;1;A01
201500054060;0;7;0;0;2;3;22;A01
201500054060;0;32;0;0;2;2;17;B01
201500054061;0;7;0;0;2;4;2;B01
201500054061;0;7;0;0;2;1;2;A01
201500054062;0;1;0;0;1;1;1;A01
201500054063;0;7;0;0;1;2;20;A01
201500054064;0;2;0;0;2;1;1;A01
201500054064;0;7;0;0;2;5;1;B01
201500054065;0;33;0;0;2;3;1;B01
201500054065;0;7;0;0;2;2;1;A01
201500054066;0;7;0;0;2;1;1;A01
201500054066;0;1;0;0;2;1;19;B01
201500054067;0;7;0;0;1;2;1;A01
201500054068;0;37;1;0;1;2;1;A01
201500054069;0;34;0;0;2;4;2;B01
201500054069;0;30;0;0;2;1;2;A01
201500054070;0;7;0;0;2;1;1;A01
201500054070;0;7;0;0;2;8;1;B01
201500054071;0;7;0;0;2;5;1;B01
201500054071;0;34;0;0;2;1;1;A01
201500054072;0;7;0;0;2;4;23;B01
201500054072;0;32;0;0;2;1;2;A01
201500054073;0;2;0;0;2;4;1;A01
201500054073;0;7;0;0;2;4;23;B01
201500054074;0;7;0;0;1;2;1;A01
201500054075;0;32;0;0;1;8;1;A01
201500054076;0;7;0;0;1;1;1;A01
201500054077;0;7;0;7;0;1;15;A01
201500054078;0;7;0;11;0;3;13;A01
201500054079;0;31;0;0;2;8;23;A01
201500054079;1;7;0;0;2;3;13;Z01
201500054080;1;15;0;0;2;8;13;Z01
201500054080;0;31;0;4;2;7;1;A01
201500054081;0;7;0;0;2;2;2;A01
201500054081;0;31;0;0;2;4;23;B01
201500054082;0;33;0;0;2;8;1;B01
201500054082;0;7;0;0;2;7;15;A01
201500054083;0;7;0;0;1;1;1;A01
201500054084;1;7;0;0;1;0;1;Z01
201500054085;0;7;0;6;0;2;9;A01
201500054086;0;7;0;0;2;6;10;A01
201500054086;0;34;0;0;2;1;1;B01
201500054087;0;31;0;0;2;1;1;B01
201500054087;0;7;0;0;2;6;10;A01
201500054088;0;7;0;0;1;1;16;A01
201500054089;0;7;0;0;2;1;15;A01
201500054089;0;30;0;0;2;1;1;B01
201500054090;0;7;0;0;2;1;2;B01
201500054090;0;7;0;0;2;5;2;A01
201500054091;0;34;0;0;2;9;3;A01
201500054091;0;7;0;0;2;5;1;B01
201500054091;0;7;0;0;2;8;1;C01
201500054092;0;7;0;0;2;3;24;B01
201500054092;0;30;0;0;2;7;16;A01
201500054093;0;7;0;0;1;2;9;A01
201500054094;0;7;0;0;2;3;13;A01
201500054094;0;30;0;0;2;3;17;B01
201500054095;0;31;0;0;2;1;17;B01
201500054095;0;7;0;0;2;2;15;A01
201500054096;0;10;0;0;1;4;4;A01
201500054097;0;7;0;0;1;2;1;A01
201500054098;0;34;0;0;1;2;1;A01
201500054099;0;33;0;0;0;0;1;A01
201500054100;0;32;0;0;2;2;1;A01
201500054100;0;33;0;0;2;6;23;B01
201500054101;0;33;0;0;2;1;9;B01
201500054101;0;7;0;0;2;2;1;A01
201500054102;0;34;0;0;2;1;1;B01
201500054102;0;7;0;0;2;2;15;A01
201500054103;0;7;0;0;2;5;12;A01
201500054103;0;32;0;0;2;3;1;B01
201500054104;0;7;0;0;1;1;1;A01
201500054105;0;7;0;1;0;3;13;A01
201500054106;0;7;0;0;1;4;4;A01
201500054107;0;31;0;15;0;1;14;A01
201500054108;0;7;0;7;0;3;13;A01
201500054109;0;7;0;0;1;4;4;A01
201500054110;0;7;0;0;1;3;15;A01
201500054111;0;7;0;0;2;4;2;B01
201500054111;0;10;0;0;2;3;2;A01
201500054112;0;34;0;0;1;1;1;A01
201500054113;0;7;0;0;2;2;16;A01
201500054113;0;34;0;0;2;8;1;B01
201500054114;0;31;0;0;2;1;1;B01
201500054114;0;7;0;0;2;3;9;A01
201500054115;0;7;0;0;2;7;22;B01
201500054115;0;31;0;0;2;1;18;A01
201500054116;0;7;0;0;2;3;13;A01
201500054116;0;33;0;0;2;7;17;B01
201500054117;0;7;0;0;1;3;1;A01
201500054118;0;1;0;0;1;1;1;A01
201500054119;0;33;0;0;1;1;17;A01
201500054120;1;7;0;0;1;1;1;Z01
201500054121;0;7;0;0;2;4;2;A01
201500054121;0;7;0;0;2;1;2;B01
201500054121;0;7;0;0;2;4;2;C01
201500054122;1;7;0;0;1;0;1;Z01
201500054123;0;2;0;0;2;1;1;A01
201500054123;0;7;0;0;2;5;23;B01
201500054124;0;33;0;0;2;1;18;B01
201500054124;0;7;0;0;2;7;16;A01
201500054125;0;7;0;0;2;4;23;C01
201500054125;0;7;0;0;2;1;1;A01
201500054125;0;7;0;0;2;4;21;B01
201500054125;0;7;0;0;2;4;23;D01
201500054126;0;7;0;0;1;6;20;A01
201500054127;0;7;0;0;2;1;1;A01
201500054127;0;7;0;0;2;4;23;B01
201500054128;0;32;0;0;2;8;18;A01
201500054128;0;7;0;0;2;7;1;B01
201500054129;0;7;0;0;1;2;15;A01
201500054130;0;7;0;0;1;2;1;A01
201500054131;0;7;0;0;2;1;1;A01
201500054131;0;32;0;0;2;1;15;B01
201500054132;0;7;0;0;2;1;1;A01
201500054132;0;7;0;0;2;9;23;B01
201500054132;0;7;0;0;2;0;23;C01
201500054133;0;33;0;0;1;1;17;A01
201500054134;0;32;0;0;2;2;17;B01
201500054134;0;7;0;0;2;3;10;A01
201500054135;0;32;0;0;0;7;1;A01
201500054136;0;7;0;0;2;2;1;A01
201500054136;0;7;0;0;2;5;23;B01
201500054137;0;1;0;0;2;0;2;B01
201500054137;0;7;0;0;2;1;2;A01
201500054138;1;7;0;0;2;3;1;Z01
201500054138;0;34;0;0;2;5;1;A01
201500054139;0;7;0;0;2;9;13;B01
201500054139;0;7;0;0;2;4;23;C01
201500054139;0;33;0;0;2;9;17;A01
201500054140;0;7;0;0;2;2;10;B01
201500054140;0;7;0;0;2;3;1;A01
201500054141;0;7;0;0;1;3;1;A01
201500054142;0;7;0;0;1;1;1;A01
201500054143;0;30;0;0;0;7;1;A01
201500054144;0;7;0;0;2;4;1;A01
201500054144;0;7;0;0;2;4;1;B01
201500054144;1;7;0;0;2;1;1;Z01
201500054145;0;7;0;0;1;7;1;A01
201500054146;0;1;0;0;0;0;1;A01
201500054147;0;7;0;0;2;3;16;A01
201500054147;0;30;0;0;2;3;1;B01
201500054148;0;7;0;0;2;4;23;C01
201500054148;0;7;0;0;2;1;1;A01
201500054148;0;7;0;0;2;4;23;B01
201500054149;0;34;0;0;0;3;13;A01
201500054150;0;7;0;0;1;2;1;A01
201500054151;0;34;0;0;1;1;1;A01
201500054152;0;10;0;0;1;5;20;A01
201500054153;0;1;0;0;2;1;1;B01
201500054153;0;7;0;0;2;3;9;A01
201500054154;0;1;0;0;1;1;1;A01
201500054155;0;34;0;0;2;3;1;A01
201500054155;0;10;0;0;2;5;15;B01
201500054156;0;1;0;0;0;1;1;A01
201500054157;0;7;0;0;1;6;4;A01
201500054158;0;7;0;0;1;6;1;A01
201500054159;0;7;0;0;2;1;1;A01
201500054159;0;32;0;0;2;7;1;B01
201500054160;0;32;0;0;2;5;17;B01
201500054160;0;7;0;0;2;8;11;A01
201500054161;0;34;0;0;2;1;3;A01
201500054161;0;2;0;0;2;0;11;B01
201500054161;0;7;0;0;2;6;23;C01
201500054162;0;33;0;0;2;1;17;A01
201500054162;0;7;0;0;2;1;15;B01
201500054163;1;7;0;0;1;4;4;Z01
201500054164;0;7;0;0;2;1;16;A01
201500054164;0;7;0;0;2;5;1;B01
201500054165;0;32;0;0;2;1;1;B01
201500054165;0;7;0;0;2;4;4;A01
201500054166;0;31;0;1;0;6;1;A01
201500054167;0;32;0;0;1;1;1;A01
201500054168;0;7;0;0;2;2;10;A01
201500054168;0;33;0;0;2;0;1;B01
201500054169;0;33;0;0;2;4;23;B01
201500054169;0;7;0;0;2;1;1;A01
201500054170;0;7;0;0;2;4;1;B01
201500054170;0;7;0;14;2;1;1;A01
201500054170;0;7;0;0;2;4;23;C01
201500054171;0;33;0;12;0;7;1;A01
201500054172;0;1;0;0;2;1;2;B01
201500054172;0;10;0;0;2;5;4;A01
201500054173;0;30;0;0;2;7;1;A01
201500054173;1;7;0;0;2;8;15;Z01
201500054174;0;7;0;0;1;6;4;A01
201500054175;0;7;0;1;2;2;14;A01
201500054175;0;7;0;0;2;4;24;B01
201500054176;0;7;0;0;1;2;1;A01
201500054177;0;33;0;0;2;1;2;A01
201500054177;0;7;0;0;2;4;2;B01
201500054178;0;30;0;0;2;3;15;A01
201500054178;0;37;0;0;2;7;15;B01
201500054179;0;14;0;0;2;6;10;A01
201500054179;0;7;0;0;2;1;1;B01
201500054180;0;7;0;0;2;6;2;B01
201500054180;0;33;0;0;2;1;2;A01
201500054181;0;7;0;0;2;3;9;A01
201500054181;0;30;0;0;2;1;1;B01
201500054182;0;7;0;0;2;4;2;A01
201500054182;0;7;0;0;2;4;2;B01
201500054183;0;33;0;0;2;1;2;B01
201500054183;0;7;0;0;2;6;16;A01
201500054184;0;7;0;0;2;6;4;A01
201500054184;0;33;0;0;2;1;1;B01
201500054185;0;33;0;0;2;8;1;B01
201500054185;0;10;0;0;2;5;16;A01
201500054186;0;32;0;0;2;0;3;A01
201500054186;0;7;0;0;2;0;11;B01
201500054187;0;7;0;1;0;1;14;A01
201500054188;0;7;0;0;2;2;1;B01
201500054188;0;7;0;1;2;2;16;A01
201500054189;0;7;0;8;0;1;1;A01
201500054190;0;33;0;1;2;1;1;A01
201500054190;0;7;0;0;2;6;1;B01
201500054190;0;7;0;0;2;8;23;C01
201500054191;0;7;0;0;2;2;1;A01
201500054191;0;7;0;8;2;3;1;B01
201500054192;0;33;0;0;2;1;1;A01
201500054192;0;7;0;0;2;2;15;B01
201500054193;0;7;0;0;1;3;15;A01
201500054194;0;7;0;0;2;3;10;A01
201500054194;0;1;0;0;2;1;1;B01
201500054195;0;10;0;0;2;1;2;A01
201500054195;0;7;0;0;2;4;2;B01
201500054196;0;33;0;0;2;8;18;B01
201500054196;0;7;0;0;2;5;16;A01
201500054197;0;7;0;0;2;4;20;A01
201500054197;0;34;0;0;2;7;9;B01
201500054198;0;7;0;0;0;0;1;A01
201500054199;0;2;0;0;1;1;17;A01
201500054200;0;1;0;0;2;5;1;B01
201500054200;0;34;0;0;2;6;9;A01
201500054201;0;7;0;0;2;6;13;A01
201500054201;0;32;0;0;2;7;17;B01
201500054202;0;7;0;0;2;1;15;A01
201500054202;0;34;0;0;2;8;1;B01
201500054203;0;7;0;0;2;5;23;B01
201500054203;0;13;0;0;2;3;2;A01
201500054204;0;7;0;0;2;3;15;B01
201500054204;0;30;0;0;2;2;17;A01
201500054205;0;7;0;1;0;1;14;A01
201500054206;0;7;0;0;2;5;1;B01
201500054206;0;2;0;0;2;1;1;A01
201500054207;0;31;0;0;2;2;17;A01
201500054207;0;7;0;0;2;3;15;B01
201500054208;0;34;0;0;2;7;16;A01
201500054208;0;34;0;0;2;0;16;B01
201500054209;0;7;0;0;2;4;23;B01
201500054209;0;10;0;0;2;1;2;A01
201500054210;0;10;0;0;2;3;15;B01
201500054210;0;30;0;0;2;1;7;A01
201500054211;0;1;0;0;1;1;1;A01
201500054212;0;7;0;0;2;7;15;A01
201500054212;0;33;0;0;2;1;1;B01
201500054213;0;1;0;0;2;0;1;A01
201500054213;1;7;0;0;2;0;10;Z01
201500054214;0;2;0;14;2;2;2;A01
201500054214;0;10;0;0;2;6;23;B01
201500054215;0;2;0;0;2;1;17;A01
201500054215;0;7;0;0;2;3;15;B01
201500054216;0;7;0;0;2;5;2;B01
201500054216;0;32;0;0;2;1;2;A01
201500054217;0;7;0;0;2;2;14;B01
201500054217;0;7;0;2;2;9;1;A01
201500054218;0;1;0;12;2;8;1;A01
201500054218;1;7;0;0;2;7;13;Z01
201500054219;0;1;0;0;2;4;2;C01
201500054219;0;1;0;0;2;1;2;A01
201500054219;0;1;0;0;2;1;2;B01
201500054220;0;7;0;1;2;2;1;B01
201500054220;0;7;0;0;2;0;1;A01
201500054221;0;7;0;0;2;7;9;A01
201500054221;0;33;0;0;2;7;1;B01
201500054222;0;31;0;14;0;8;13;A01
201500054223;0;10;0;0;1;3;1;A01
201500054224;0;1;0;0;2;1;5;A01
201500054224;0;7;0;0;2;3;1;B01
201500054225;0;1;0;0;2;1;7;A01
201500054225;0;10;0;0;2;6;24;B01
201500054226;0;1;0;0;1;1;1;A01
201500054227;0;7;0;0;2;1;2;A01
201500054227;0;7;0;0;2;4;23;B01
201500054228;0;34;0;0;0;0;21;A01
201500054229;0;7;0;0;2;6;1;B01
201500054229;0;31;0;0;2;1;1;A01
201500054230;0;2;0;14;0;8;1;A01
201500054231;0;33;0;0;2;1;1;B01
201500054231;0;10;0;0;2;1;15;A01
201500054232;0;7;0;0;2;3;2;A01
201500054232;0;2;0;0;2;4;2;B01
201500054233;0;32;0;4;0;2;14;A01
201500054234;0;7;0;0;2;5;2;B01
201500054234;0;1;0;0;2;1;2;A01
201500054235;0;1;0;0;2;4;11;B01
201500054235;0;32;0;0;2;1;1;A01
201500054236;0;7;0;0;2;8;10;A01
201500054236;0;7;0;0;2;1;1;B01
201500054237;0;33;0;0;2;8;1;B01
201500054237;0;7;0;0;2;7;14;A01
201500054238;0;7;0;0;1;4;4;A01
201500054239;0;7;0;0;1;2;1;A01
201500054240;0;7;0;0;2;3;10;A01
201500054240;0;7;0;0;2;7;1;B01
201500054241;0;7;0;0;2;2;15;A01
201500054241;0;32;0;0;2;1;1;B01
201500054242;0;7;0;0;2;2;1;A01
201500054242;0;33;0;0;2;7;1;C01
201500054242;0;31;0;0;2;8;1;B01
201500054243;0;10;0;0;2;5;23;B01
201500054243;0;33;0;0;2;1;2;A01
201500054244;0;7;0;0;2;3;15;A01
201500054244;0;1;0;0;2;1;1;B01
201500054245;0;32;0;0;2;2;1;B01
201500054245;0;7;0;0;2;6;13;A01
201500054246;0;15;0;0;2;7;16;A01
201500054246;0;33;0;0;2;7;1;B01
201500054247;0;10;0;0;2;7;9;A01
201500054247;0;30;0;0;2;3;15;B01
201500054248;0;30;0;0;1;8;1;A01
201500054249;0;1;0;0;2;8;1;B01
201500054249;0;7;0;0;2;2;15;A01
201500054250;0;7;0;0;2;1;1;A01
201500054250;0;7;0;0;2;4;23;B01
201500054250;0;7;0;0;2;4;23;C01
201500054251;0;2;0;0;2;2;17;B01
201500054251;0;7;0;0;2;3;15;A01
201500054252;0;7;0;0;2;3;15;A01
201500054252;0;34;0;0;2;1;1;B01
201500054253;0;7;0;0;1;3;16;A01
201500054254;0;7;0;0;1;2;1;A01
201500054255;0;7;0;0;2;1;1;B01
201500054255;0;7;0;0;2;8;1;A01
201500054256;0;33;0;0;2;2;17;A01
201500054256;0;7;0;0;2;3;13;B01
201500054257;0;31;0;0;2;2;1;B01
201500054257;0;7;0;0;2;8;13;A01
201500054257;0;7;0;0;2;0;1;C01
201500054258;0;7;0;0;2;7;1;A01
201500054258;0;7;0;0;2;3;1;B01
201500054259;0;31;0;1;0;1;13;A01
201500054260;0;34;0;0;0;7;21;A01
201500054261;0;37;0;0;2;4;23;B01
201500054261;0;10;0;0;2;1;2;A01
201500054262;0;30;0;0;2;1;2;A01
201500054262;0;7;0;0;2;6;23;B01
201500054263;0;10;0;0;2;1;15;A01
201500054263;0;31;0;0;2;1;1;B01
201500054264;0;2;0;0;2;2;1;B01
201500054264;0;7;0;0;2;0;11;A01
201500054265;0;7;0;1;0;1;9;A01
201500054266;0;30;0;0;2;2;1;A01
201500054266;0;7;0;0;2;3;9;B01
201500054267;0;31;0;0;2;8;14;A01
201500054267;1;7;0;0;2;0;1;Z01
201500054268;0;7;0;0;2;3;15;A01
201500054268;0;33;0;0;2;2;1;B01
201500054269;0;2;0;0;0;0;1;A01
201500054270;0;33;0;12;0;1;21;A01
201500054271;0;32;0;0;2;3;17;B01
201500054271;0;7;0;0;2;3;15;A01
201500054272;0;30;0;0;2;0;17;B01
201500054272;0;7;0;0;2;1;9;A01
201500054273;0;33;0;5;2;2;1;B01
201500054273;0;7;0;0;2;0;10;A01
201500054274;0;7;0;0;1;3;1;A01
201500054275;0;7;0;0;2;3;13;A01
201500054275;0;7;0;0;2;8;1;B01
201500054275;0;7;0;0;2;8;1;C01
201500054276;0;33;0;0;1;2;1;A01
201500054277;0;7;0;0;2;4;23;B01
201500054277;0;32;0;0;2;1;2;A01
201500054278;0;32;0;0;2;1;1;B01
201500054278;0;1;0;0;2;4;9;A01
201500054279;0;7;0;0;2;5;1;B01
201500054279;1;7;0;0;2;3;13;Z01
201500054279;0;30;0;0;2;2;21;A01
201500054280;0;7;0;0;1;2;16;A01
201500054281;0;7;0;0;2;8;10;A01
201500054281;0;34;0;0;2;1;1;B01
201500054282;0;7;0;0;2;1;2;A01
201500054282;0;31;0;0;2;4;23;B01
201500054283;0;7;0;0;2;1;1;B01
201500054283;0;2;0;0;2;7;15;A01
201500054284;0;7;0;0;2;1;2;A01
201500054284;0;7;0;0;2;4;23;B01
201500054285;0;7;0;0;2;3;1;B01
201500054285;0;1;0;0;2;7;5;A01
201500054286;0;1;0;0;2;1;19;A01
201500054286;0;34;0;0;2;1;1;B01
201500054287;0;31;0;0;2;0;2;A01
201500054287;0;7;0;0;2;3;1;C01