num_acc;senc;catv;occutc;obs;obsm;choc;manv;num_veh
201500054287;0;7;0;0;0;6;23;B01
201500054288;0;7;0;0;2;2;1;B01
201500054288;0;7;0;0;2;3;9;A01
201500054289;0;7;0;0;2;5;10;A01
201500054289;0;30;0;0;2;1;1;B01
201500054290;0;7;0;1;2;8;10;A01
201500054290;0;34;0;0;2;7;1;B01
201500054291;0;7;0;0;1;4;4;A01
201500054292;0;7;0;0;2;1;15;A01
201500054292;0;1;0;0;2;8;1;B01
201500054293;0;33;0;0;2;8;1;A01
201500054293;0;7;0;0;2;6;23;B01
201500054294;0;33;0;0;2;8;1;B01
201500054294;0;7;0;0;2;3;15;A01
201500054295;0;7;0;7;0;1;1;A01
201500054296;0;32;0;0;2;7;17;B01
201500054296;0;7;0;0;2;3;13;A01
201500054297;0;32;0;0;2;2;1;B01
201500054297;0;10;0;0;2;8;22;A01
201500054298;0;30;0;0;2;3;2;A01
201500054298;0;7;0;0;2;4;16;B01
201500054299;0;7;0;2;0;7;13;A01
201500054300;0;7;0;0;2;2;10;A01
201500054300;0;32;0;1;2;6;17;B01
201500054301;0;7;0;0;2;3;15;B01
201500054301;0;32;0;0;2;1;1;A01
201500054302;0;7;0;0;2;3;22;A01
201500054302;0;1;0;1;2;1;1;B01
201500054303;0;33;0;1;2;8;18;A01
201500054303;0;7;0;0;2;7;1;B01
201500054304;0;33;0;0;2;3;1;A01
201500054304;1;10;0;0;2;0;10;Z01
201500054305;0;7;0;11;0;1;13;A01
201500054306;0;7;0;0;2;0;2;A01
201500054306;0;1;0;0;2;4;2;B01
201500054307;0;7;0;0;2;1;2;A01
201500054307;0;7;0;0;2;1;2;B01
201500054307;0;7;0;0;2;4;2;D01
201500054307;0;7;0;0;2;1;2;C01
201500054308;0;7;0;1;2;2;17;A01
201500054308;0;7;0;1;2;6;0;B01
201500054309;0;7;0;0;2;1;15;A01
201500054309;0;33;0;0;2;1;1;B01
201500054310;0;7;0;0;2;3;10;A01
201500054310;0;32;0;0;2;2;1;B01
201500054311;0;7;0;1;2;9;14;A01
201500054311;0;7;0;0;2;6;24;B01
201500054312;0;7;0;0;0;1;14;A01
201500054313;0;33;0;12;0;2;14;A01
201500054314;0;7;0;0;2;0;2;A01
201500054314;0;7;0;0;2;0;23;B01
201500054315;0;33;0;14;0;1;1;A01
201500054316;0;7;0;0;1;3;1;A01
201500054317;0;7;0;0;2;7;15;A01
201500054317;0;7;0;0;2;3;1;B01
201500054318;0;7;0;0;2;3;22;A01
201500054318;0;1;0;0;2;7;17;B01
201500054319;0;7;0;0;1;2;1;A01
201500054320;0;7;0;0;2;3;13;A01
201500054320;0;7;0;0;2;3;23;B01
201500054321;0;34;0;0;2;1;2;A01
201500054321;0;7;0;0;2;6;23;B01
201500054322;0;1;0;0;2;1;1;B01
201500054322;1;7;0;0;2;6;15;Z01
201500054323;0;2;0;0;2;2;9;A01
201500054323;0;10;0;15;2;3;1;B01
201500054324;0;7;0;0;2;5;15;A01
201500054324;0;32;0;0;2;1;1;B01
201500054325;0;7;0;1;0;1;14;A01
201500054326;0;7;0;0;1;2;1;A01
201500054327;0;7;0;0;2;8;13;A01
201500054327;0;33;0;0;2;7;17;B01
201500054328;0;32;0;0;2;8;1;A01
201500054328;0;7;0;0;2;2;15;B01
201500054329;0;1;0;0;2;1;2;A01
201500054329;1;7;0;0;2;0;23;Z01
201500054330;1;33;0;0;2;1;1;Z01
201500054330;0;1;0;0;2;8;1;A01
201500054331;0;7;0;0;2;1;16;B01
201500054331;0;33;0;0;2;8;18;A01
201500054332;0;1;0;0;2;0;2;A01
201500054332;0;1;0;0;2;0;2;B01
201500054333;0;7;0;0;1;1;16;A01
201500054334;0;7;0;0;2;2;22;A01
201500054334;0;1;0;0;2;1;1;B01
201500054335;0;33;0;0;2;8;1;B01
201500054335;0;10;0;0;2;7;12;A01
201500054336;0;7;0;0;2;2;15;B01
201500054336;0;31;0;0;2;1;1;A01
201500054337;0;7;0;0;1;4;20;A01
201500054338;0;33;0;0;2;1;18;A01
201500054338;0;7;0;0;2;2;1;B01
201500054339;0;7;0;0;2;6;10;A01
201500054339;0;34;0;0;2;0;1;B01
201500054340;0;7;0;0;2;3;1;A01
201500054340;0;7;0;0;2;5;1;B01
201500054341;0;31;0;1;0;1;14;A01
201500054342;0;7;0;2;0;8;14;A01
201500054343;0;7;0;0;1;1;1;A01
201500054344;0;30;0;15;0;1;16;A01
201500054345;0;34;0;0;2;2;1;B01
201500054345;0;7;0;0;2;3;1;A01
201500054346;0;10;0;0;2;1;1;A01
201500054346;0;32;0;0;2;0;1;B01
201500054347;0;7;0;0;2;7;1;A01
201500054347;0;7;0;0;2;1;1;B01
201500054348;0;7;0;0;2;0;1;A01
201500054348;0;1;0;0;2;6;15;B01
201500054349;0;7;0;0;2;4;1;B01
201500054349;0;7;0;0;2;1;23;A01
201500054350;0;33;0;7;0;1;5;A01
201500054351;0;33;0;0;2;1;1;B01
201500054351;0;7;0;0;2;3;10;A01
201500054352;0;30;0;0;1;2;16;A01
201500054353;0;31;0;0;2;1;2;A01
201500054353;0;7;0;0;2;4;23;B01
201500054354;0;10;0;0;1;1;1;A01
201500054355;0;7;0;0;2;4;23;B01
201500054355;0;30;0;0;2;1;1;A01
201500054356;0;31;0;0;2;2;14;A01
201500054356;0;1;0;0;2;4;1;B01
201500054357;0;2;0;0;2;1;1;A01
201500054357;0;7;0;1;2;8;1;B01
201500054358;0;7;0;0;0;1;1;A01
201500054359;0;7;0;0;1;2;1;A01
201500054360;0;7;0;0;2;0;1;B01
201500054360;0;31;0;0;2;0;18;A01
201500054361;0;32;0;14;0;2;1;A01
201500054362;0;7;0;0;1;4;4;A01
201500054363;0;31;0;0;2;1;1;B01
201500054363;0;7;0;0;2;2;9;A01
201500054364;0;34;0;0;1;1;1;A01
201500054365;0;1;0;1;0;3;13;A01
201500054366;0;7;0;1;0;3;13;A01
201500054367;0;7;0;0;1;1;16;A01
201500054368;0;7;0;0;2;1;2;A01
201500054368;0;10;0;0;2;5;2;B01
201500054369;0;7;0;0;2;7;15;A01
201500054369;0;34;0;0;2;1;1;B01
201500054370;0;7;0;0;1;3;1;A01
201500054371;0;33;0;0;2;1;1;B01
201500054371;0;7;0;0;2;1;15;A01
201500054372;0;7;0;0;2;3;9;A01
201500054372;0;34;0;0;2;2;1;B01
201500054373;0;1;0;0;2;1;18;A01
201500054373;0;7;0;0;2;0;22;B01
201500054374;0;7;0;0;2;2;15;A01
201500054374;0;31;0;0;2;1;1;B01
201500054375;0;30;0;0;0;0;1;A01
201500054376;0;7;0;0;2;4;23;B01
201500054376;0;7;0;0;2;1;1;A01
201500054377;0;2;0;0;0;0;21;A01
201500054378;0;7;0;0;2;1;1;A01
201500054378;0;7;0;0;2;4;23;C01
201500054378;0;7;0;0;2;4;23;D01
201500054378;0;2;0;0;2;4;23;B01
201500054379;0;1;0;0;2;1;19;A01
201500054379;0;10;0;0;2;2;16;B01
201500054380;0;33;0;0;1;1;1;A01
201500054381;0;7;0;0;1;3;16;A01
201500054382;0;33;0;0;2;2;1;B01
201500054382;0;7;0;0;2;3;15;A01
201500054383;0;1;0;0;2;1;1;A01
201500054383;0;34;0;0;2;2;1;B01
201500054384;0;7;0;0;2;1;1;A01
201500054384;0;7;0;0;2;1;23;B01
201500054384;0;7;0;0;2;4;23;C01
201500054385;0;7;0;0;2;5;22;A01
201500054385;0;31;0;0;2;6;18;B01
201500054386;0;7;0;0;2;6;2;B01
201500054386;0;30;0;0;2;1;2;A01
201500054387;0;7;0;0;2;2;2;A01
201500054387;0;7;0;0;2;6;24;B01
201500054388;0;31;0;0;2;0;1;A01
201500054388;0;31;0;0;2;0;1;B01
201500054389;0;10;0;0;2;5;16;B01
201500054389;0;37;0;0;2;2;7;A01
201500054389;0;7;0;0;2;3;1;C01
201500054390;0;1;0;0;2;7;1;A01
201500054390;0;10;0;0;2;8;22;B01
201500054391;0;7;0;0;2;2;1;A01
201500054391;0;2;0;0;2;1;16;B01
201500054392;0;7;0;0;2;3;1;B01
201500054392;0;1;0;0;2;1;13;A01
201500054393;0;31;0;0;2;0;21;A01
201500054394;0;7;0;0;2;5;9;A01
201500054394;0;33;0;0;2;1;1;B01
201500054395;0;7;0;0;2;5;1;A01
201500054395;0;33;0;0;2;8;1;B01
201500054396;0;7;0;0;2;3;23;A01
201500054396;0;7;0;0;2;5;2;B01
201500054397;0;2;0;0;2;7;1;A01
201500054397;1;7;0;0;2;3;15;Z01
201500054398;0;7;0;0;1;2;15;A01
201500054399;0;33;0;0;2;1;1;A01
201500054399;0;7;0;0;2;6;23;B01
201500054400;0;32;0;0;2;1;17;B01
201500054400;0;7;0;0;2;3;1;A01
201500054401;0;7;0;0;2;6;2;B01
201500054401;0;7;0;0;2;2;2;A01
201500054402;0;30;0;0;0;0;1;A01
201500054403;0;31;0;0;2;1;5;A01
201500054403;0;7;0;0;2;3;15;B01
201500054404;0;7;0;4;0;1;13;A01
201500054405;0;32;0;0;1;1;1;A01
201500054406;0;7;0;0;2;3;13;B01
201500054406;0;10;0;0;2;2;17;A01
201500054407;0;32;0;0;2;2;17;B01
201500054407;0;7;0;0;2;3;10;A01
201500054408;0;2;0;12;0;3;1;A01
201500054409;0;34;0;0;2;8;18;B01
201500054409;0;7;0;0;2;7;23;A01
201500054410;0;15;0;0;2;2;16;A01
201500054410;0;33;0;0;2;5;23;B01
201500054411;0;33;0;0;2;1;1;B01
201500054411;0;7;0;0;2;5;15;A01
201500054412;0;7;0;0;2;8;13;A01
201500054412;0;34;0;0;2;7;1;B01
201500054413;2;2;0;0;2;1;17;Z01
201500054413;0;32;0;0;2;1;1;A01
201500054414;0;7;0;0;1;3;15;A01
201500054415;0;7;0;0;2;4;23;C01
201500054415;0;7;0;0;2;4;23;D01
201500054415;0;7;0;0;2;4;23;B01
201500054415;0;7;0;0;2;2;2;A01
201500054416;0;2;0;0;2;6;2;A01
201500054416;0;7;0;0;2;5;23;B01
201500054417;0;31;0;0;2;2;18;B01
201500054417;0;7;0;0;2;8;24;A01
201500054417;0;7;0;0;2;2;1;C01
201500054417;0;7;0;0;2;5;1;D01
201500054418;0;7;0;0;2;2;16;B01
201500054418;0;32;0;0;2;6;18;A01
201500054419;0;33;0;0;2;6;15;B01
201500054419;0;7;0;0;2;2;1;A01
201500054420;0;7;0;0;2;1;16;B01
201500054420;0;10;0;0;2;7;1;A01
201500054421;0;7;0;0;1;5;1;A01
201500054422;0;31;0;0;2;1;2;A01
201500054422;0;7;0;0;2;4;2;B01
201500054423;0;7;0;0;2;1;9;A01
201500054423;0;33;0;0;2;7;1;B01
201500054424;0;7;0;0;2;1;2;A01
201500054424;0;31;0;0;2;4;23;B01
201500054425;0;7;0;0;1;1;1;A01
201500054426;0;15;0;0;2;8;1;B01
201500054426;0;7;0;0;2;7;12;A01
201500054427;0;7;0;0;2;1;1;A01
201500054427;0;7;0;0;2;2;1;B01
201500054428;0;7;0;0;1;2;1;A01
201500054429;0;32;0;0;2;7;17;A01
201500054429;0;7;0;0;2;8;13;B01
201500054430;0;2;0;0;1;1;16;A01
201500054431;0;34;0;0;2;8;9;B01
201500054431;0;7;0;0;2;2;1;A01
201500054432;0;32;0;0;1;1;23;B01
201500054432;0;7;0;0;2;1;1;A01
201500054433;0;7;0;0;2;1;16;A01
201500054433;0;1;0;0;2;8;1;B01
201500054434;0;7;0;0;2;1;1;A01
201500054434;0;7;0;0;2;3;16;B01
201500054435;0;32;0;0;1;1;1;A01
201500054436;0;33;0;1;2;1;1;A01
201500054436;0;7;0;0;2;4;23;B01
201500054437;0;34;0;0;2;6;1;B01
201500054437;0;7;0;0;2;2;16;A01
201500054438;0;33;0;0;1;0;21;A01
201500054439;0;7;0;0;2;6;1;B01
201500054439;0;7;0;0;2;3;1;C01
201500054439;0;7;0;0;2;1;1;A01
201500054440;0;1;0;0;2;2;17;A01
201500054440;0;7;0;0;2;8;22;B01
201500054441;0;15;0;0;2;1;2;A01
201500054441;0;31;0;0;2;4;23;B01
201500054442;0;1;0;0;2;8;18;B01
201500054442;0;7;0;0;2;7;22;A01
201500054443;0;7;0;0;2;3;10;A01
201500054443;0;7;0;0;2;2;1;B01
201500054444;0;31;0;0;2;2;17;A01
201500054444;0;7;0;0;2;1;15;B01
201500054445;0;7;0;0;1;3;15;A01
201500054446;0;34;0;0;2;1;1;A01
201500054446;0;7;0;0;2;6;10;B01
201500054447;0;30;0;0;1;1;1;A01
201500054448;0;33;0;0;2;2;17;A01
201500054448;0;7;0;0;2;3;15;B01
201500054449;0;37;1;2;1;2;21;A01
201500054450;0;7;0;0;1;7;1;A01
201500054451;0;7;0;0;2;4;23;B01
201500054451;0;7;0;0;2;1;1;A01
201500054452;0;31;0;0;2;1;9;A01
201500054452;0;7;0;0;2;1;1;B01
201500054453;0;1;0;12;0;2;16;A01
201500054454;0;7;0;0;1;4;4;A01
201500054455;0;34;0;0;2;1;1;B01
201500054455;0;10;0;0;2;6;10;A01
201500054456;0;31;0;0;2;8;11;A01
201500054456;0;7;0;0;2;2;17;B01
201500054457;0;7;0;0;2;8;22;B01
201500054457;0;2;0;0;2;1;17;A01
201500054458;0;7;0;0;1;7;15;A01
201500054459;0;7;0;0;2;5;4;A01
201500054459;0;33;0;0;2;8;9;B01
201500054460;0;7;0;0;2;5;1;B01
201500054460;0;31;0;0;2;1;1;A01
201500054461;0;7;0;0;2;7;16;A01
201500054461;0;33;0;0;2;8;1;B01
201500054462;0;33;0;0;2;8;15;B01
201500054462;0;7;0;0;2;1;2;A01
201500054463;0;33;0;0;1;1;1;A01
201500054464;0;7;0;0;2;2;2;A01
201500054464;0;7;0;0;2;6;23;B01
201500054465;0;7;0;0;1;1;1;A01
201500054466;0;13;0;0;1;3;15;A01
201500054467;0;33;0;0;2;1;2;A01
201500054467;0;7;0;0;2;4;23;B01
201500054468;0;7;0;0;2;2;1;A01
201500054468;0;32;0;0;2;8;1;B01
201500054469;0;7;0;0;2;2;16;B01
201500054469;0;33;0;0;2;3;18;A01
201500054470;0;7;0;0;1;2;1;A01
201500054471;0;7;0;0;2;8;10;A01
201500054471;0;31;0;0;2;7;1;B01
201500054472;0;7;0;0;2;2;1;A01
201500054472;0;30;0;0;2;8;1;B01
201500054473;0;7;0;0;2;3;15;A01
201500054473;0;1;0;0;2;4;1;B01
201500054474;0;10;0;0;2;5;23;A01
201500054474;2;7;0;0;2;1;2;Z01
201500054475;0;7;0;0;2;1;2;B01
201500054475;0;10;0;0;2;1;2;A01
201500054476;0;7;0;0;1;7;1;A01
201500054477;0;30;0;0;2;7;1;A01
201500054477;0;7;0;0;2;3;1;B01
201500054478;0;34;0;0;2;7;17;B01
201500054478;0;7;0;0;2;8;10;A01
201500054479;0;33;0;0;2;1;1;B01
201500054479;0;7;0;0;2;2;16;A01
201500054480;0;33;0;0;2;1;17;A01
201500054480;0;7;0;0;2;8;13;B01
201500054481;0;7;0;0;2;0;15;A01
201500054481;0;33;0;0;2;7;15;B01
201500054482;0;7;0;11;0;3;1;A01
201500054483;0;7;0;0;2;4;23;B01
201500054483;0;7;0;0;2;1;7;A01
201500054484;0;7;0;0;1;4;4;A01
201500054485;0;7;0;0;1;1;15;A01
201500054486;0;7;0;0;2;2;13;A01
201500054486;0;33;0;0;2;3;1;B01
201500054487;0;33;0;0;2;2;16;B01
201500054487;0;7;0;0;2;3;13;A01
201500054488;0;7;0;0;1;1;1;A01
201500054489;0;2;0;0;1;0;17;A01
201500054490;0;7;0;0;2;8;13;A01
201500054490;0;32;0;0;2;2;17;B01
201500054491;0;7;0;0;2;1;13;A01
201500054491;0;7;0;0;2;7;1;B01
201500054492;0;7;0;0;2;8;7;B01
201500054492;0;30;0;0;2;7;17;A01
201500054493;0;7;0;0;2;4;23;B01
201500054493;0;7;0;0;2;1;1;A01
201500054494;0;32;0;14;0;1;1;A01
201500054495;0;7;0;0;2;2;17;A01
201500054495;0;1;0;0;2;8;1;B01
201500054496;0;33;0;0;0;0;1;A01
201500054497;1;7;0;0;1;1;16;Z01
201500054498;0;7;0;12;0;1;1;A01
201500054499;0;7;0;0;2;1;1;A01
201500054499;0;7;0;0;2;1;1;B01
201500054500;0;10;0;0;2;1;1;A01
201500054500;0;10;0;0;2;7;1;B01
201500054501;0;7;0;0;2;2;1;A01
201500054501;0;1;0;0;2;4;18;B01
201500054502;0;7;0;0;1;2;1;A01
201500054503;0;33;0;0;2;4;23;B01
201500054503;0;7;0;0;2;3;2;A01
201500054504;0;31;0;0;1;1;17;A01
201500054505;0;30;0;0;0;0;1;A01
201500054506;0;7;0;1;0;2;14;A01
201500054507;0;7;0;0;2;3;15;A01
201500054507;0;33;0;0;2;1;17;B01
201500054508;0;7;0;0;2;5;2;A01
201500054508;2;7;0;0;2;1;2;Z01
201500054509;0;7;0;0;2;2;2;A01
201500054509;0;31;0;0;2;8;15;B01
201500054510;0;33;0;0;2;1;14;A01
201500054510;0;7;0;0;2;2;18;B01
201500054511;0;7;0;0;2;2;14;B01
201500054511;0;33;0;0;2;3;18;A01
201500054512;0;32;0;0;2;2;1;A01
201500054512;0;7;0;0;2;3;15;B01
201500054513;0;1;0;0;2;8;19;A01
201500054513;0;34;0;0;2;1;1;B01
201500054514;0;7;0;1;0;3;13;A01
201500054515;0;7;0;0;2;1;1;A01
201500054515;0;7;0;0;2;6;23;B01
201500054516;0;7;0;0;1;5;16;A01
201500054517;0;7;0;0;2;2;2;A01
201500054517;0;33;0;0;2;4;2;B01
201500054518;0;30;0;0;1;1;1;A01
201500054519;0;31;0;0;2;7;17;B01
201500054519;0;7;0;0;2;3;22;A01
201500054520;0;1;0;0;1;1;1;A01
201500054521;0;7;0;0;1;1;1;A01
201500054522;1;7;0;0;2;0;16;Z01
201500054522;0;34;0;0;2;8;1;A01
201500054523;0;30;0;0;2;1;15;B01
201500054523;0;7;0;0;2;0;1;A01
201500054524;0;31;0;0;2;8;2;A01
201500054524;0;7;0;0;2;7;2;B01
201500054525;1;7;0;14;1;0;1;Z01
201500054526;0;30;0;1;0;7;1;A01
201500054527;0;37;2;0;2;2;1;B01
201500054527;0;30;0;0;2;8;9;A01
201500054528;0;2;0;0;2;1;17;B01
201500054528;0;7;0;0;2;3;10;A01
201500054529;0;33;0;0;0;8;1;A01
201500054530;0;7;0;0;1;3;1;A01
201500054531;0;7;0;0;2;2;18;A01
201500054531;0;1;0;0;2;8;14;B01
201500054532;0;7;0;0;1;2;1;A01
201500054533;0;30;0;0;2;3;18;A01
201500054533;0;33;0;0;2;7;16;B01
201500054534;0;30;0;0;2;1;1;B01
201500054534;0;7;0;0;2;2;15;A01
201500054535;0;32;0;0;2;2;17;B01
201500054535;0;7;0;0;2;3;11;A01
201500054536;0;31;0;0;1;2;16;A01
201500054537;0;2;0;0;2;3;18;A01
201500054537;0;7;0;0;2;2;1;B01
201500054538;0;31;0;0;2;1;1;A01
201500054538;0;7;0;7;2;8;1;B01
201500054539;0;10;0;1;2;5;4;A01
201500054539;0;31;0;0;2;1;1;B01
201500054540;0;7;0;0;1;2;1;A01
201500054541;0;7;0;0;2;1;15;A01
201500054541;0;33;0;0;2;8;1;B01
201500054542;0;10;0;0;2;7;16;A01
201500054542;0;1;0;0;2;8;7;B01
201500054543;0;31;0;0;2;1;1;B01
201500054543;0;7;0;0;2;8;1;A01
201500054544;1;13;0;0;2;5;12;Z01
201500054544;0;1;0;0;2;3;1;A01
201500054545;0;7;0;0;1;2;15;A01
201500054546;0;7;0;0;2;8;22;A01
201500054546;0;1;0;0;2;1;1;B01
201500054547;0;1;0;0;2;4;17;B01
201500054547;0;7;0;0;2;1;2;A01
201500054548;0;7;0;0;2;1;2;A01
201500054548;0;33;0;0;2;4;23;B01
201500054549;0;7;0;0;2;3;1;B01
201500054549;0;31;0;0;2;9;1;A01
201500054550;0;1;0;0;1;1;1;A01
201500054551;0;10;0;0;1;1;15;A01
201500054552;0;31;0;0;2;4;1;B01
201500054552;0;7;0;0;2;3;1;C01
201500054552;0;7;0;0;2;1;15;A01
201500054553;0;7;0;0;1;7;1;A01
201500054554;0;30;0;0;2;3;11;A01
201500054554;0;7;0;0;2;5;1;B01
201500054555;0;7;0;0;2;3;10;A01
201500054555;0;2;0;0;2;1;1;B01
201500054556;0;2;0;0;1;1;1;A01
201500054557;0;7;0;0;1;3;1;A01
201500054558;0;34;0;0;2;8;1;B01
201500054558;0;7;0;0;2;2;15;A01
201500054559;0;7;0;0;2;1;1;A01
201500054559;0;7;0;0;2;4;23;B01
201500054560;0;30;0;4;2;8;18;A01
201500054560;0;14;0;0;2;7;1;B01
201500054561;0;7;0;0;2;2;1;A01
201500054561;0;34;0;0;2;8;18;B01
201500054562;0;7;0;1;1;3;1;A01
201500054563;0;31;0;0;2;3;1;B01
201500054563;0;7;0;0;2;1;1;A01
201500054564;0;10;0;0;2;1;2;A01
201500054564;0;7;0;0;2;4;2;B01
201500054565;0;10;0;0;1;1;15;A01
201500054566;0;7;0;0;2;0;10;B01
201500054566;0;34;0;0;2;1;17;A01
201500054567;0;33;0;0;2;2;17;A01
201500054567;0;7;0;0;2;3;13;B01
201500054568;0;3;0;0;2;5;2;B01
201500054568;0;7;0;0;2;5;2;C01
201500054568;0;14;0;0;2;2;2;A01
201500054569;0;7;0;0;2;3;20;B01
201500054569;0;34;0;0;2;7;1;A01
201500054570;0;32;0;0;2;7;1;A01
201500054570;0;10;0;0;2;3;15;B01
201500054571;0;7;0;0;1;1;1;A01
201500054572;0;7;0;0;2;1;15;A01
201500054572;0;33;0;0;2;8;1;B01
201500054573;0;7;0;0;2;8;9;A01
201500054573;0;30;0;0;2;1;1;B01
201500054574;0;10;0;0;1;5;4;A01
201500054575;0;7;0;0;2;2;1;A01
201500054575;0;33;0;0;2;6;1;B01
201500054576;0;33;0;0;0;1;1;A01
201500054577;0;1;0;1;2;1;22;A01
201500054577;1;13;0;0;2;0;1;Z01
201500054578;0;31;0;1;2;1;1;A01
201500054578;0;10;0;0;2;4;24;B01
201500054579;0;1;0;0;1;1;1;A01
201500054580;0;7;0;0;2;0;15;A01
201500054580;0;2;0;0;2;0;16;B01
201500054581;0;34;0;0;2;3;1;B01
201500054581;0;1;0;0;2;2;1;A01
201500054582;0;10;0;0;1;2;20;A01
201500054583;1;33;0;0;1;1;1;Z01
201500054584;0;32;0;0;2;1;17;A01
201500054584;0;10;0;0;2;3;15;B01
201500054585;0;31;0;0;1;3;1;A01
201500054586;0;7;0;0;2;5;23;B01
201500054586;0;33;0;1;2;3;3;A01
201500054587;0;7;0;0;2;8;1;B01
201500054587;0;34;0;0;2;1;17;A01
201500054588;0;1;0;0;2;1;1;B01
201500054588;0;32;0;0;2;7;9;A01
201500054589;0;34;0;0;2;7;9;A01
201500054589;0;1;0;0;2;1;1;B01
201500054590;0;7;0;0;2;6;13;A01
201500054590;0;33;0;0;2;7;1;B01
201500054591;0;30;0;0;0;8;13;A01
201500054592;0;32;0;0;2;8;9;B01
201500054592;0;7;0;0;2;7;1;A01
201500054593;0;7;0;0;2;2;16;A01
201500054593;0;1;0;0;2;8;19;B01
201500054594;0;32;0;0;1;2;1;A01
201500054595;0;1;0;0;2;8;19;B01
201500054595;0;7;0;0;2;1;1;A01
201500054596;0;32;0;0;2;4;23;B01
201500054596;0;7;0;0;2;1;1;A01
201500054597;0;32;0;0;2;1;1;A01
201500054597;0;7;0;0;2;1;15;B01
201500054598;0;32;0;0;1;8;1;A01
201500054599;0;7;0;0;2;2;10;A01
201500054599;0;33;0;0;2;3;1;B01
201500054600;0;10;0;0;2;2;1;B01
201500054600;0;1;0;0;2;3;13;A01
201500054601;0;2;0;1;2;5;3;A01
201500054601;0;15;0;0;2;5;23;B01
201500054602;0;7;0;0;2;2;1;B01
201500054602;0;30;0;0;2;1;13;A01
201500054602;0;7;0;0;2;8;1;C01
201500054603;0;1;0;0;2;1;1;B01
201500054603;0;7;0;0;2;1;1;A01
201500054604;0;2;0;0;2;3;1;A01
201500054604;0;7;0;0;2;2;16;B01
201500054605;0;33;0;0;1;1;1;A01
201500054606;0;7;0;0;2;6;20;A01
201500054606;0;7;0;0;2;3;10;B01
201500054607;0;31;0;0;2;7;1;A01
201500054607;0;7;0;0;2;1;1;B01
201500054608;0;30;0;0;2;8;1;A01
201500054608;1;7;0;0;2;0;14;Z01
201500054609;0;33;0;0;2;1;1;B01
201500054609;0;7;0;0;2;7;1;A01
201500054610;0;7;0;0;2;3;15;B01
201500054610;0;33;0;0;2;1;1;A01
201500054611;0;7;0;0;1;0;4;A01
201500054612;0;7;0;0;1;4;4;A01
201500054613;0;7;0;0;2;2;1;A01
201500054613;0;1;0;0;2;3;13;B01
201500054614;0;7;0;0;2;4;23;B01
201500054614;0;10;0;0;2;1;2;A01
201500054615;0;32;0;0;2;1;2;A01
201500054615;0;7;0;0;2;5;23;B01
201500054616;0;1;0;0;2;7;19;B01
201500054616;0;7;0;0;2;1;16;A01
201500054617;1;34;0;0;1;0;1;Z01
201500054618;0;33;0;0;2;1;1;B01
201500054618;0;7;0;0;2;2;1;A01
201500054619;1;33;0;0;1;1;3;Z01
201500054620;0;33;0;0;2;1;2;B01
201500054620;0;7;0;0;2;4;23;A01
201500054621;0;30;0;0;2;1;5;A01
201500054621;0;7;0;0;2;3;1;B01
201500054622;0;31;0;0;0;3;21;A01
201500054623;0;2;0;0;1;0;1;A01
201500054624;0;7;0;0;2;7;16;A01
201500054624;0;32;0;0;2;1;1;B01
201500054625;0;1;0;0;1;1;5;A01
201500054626;0;7;0;6;0;1;14;A01
201500054627;0;30;0;0;2;1;17;A01
201500054627;0;7;0;0;2;3;1;B01
201500054628;0;31;0;0;2;7;1;A01
201500054628;0;7;0;0;2;3;15;B01
201500054629;0;7;0;0;2;3;15;A01
201500054629;0;32;0;0;2;3;1;B01
201500054630;0;7;0;0;2;5;1;B01
201500054630;0;33;0;0;2;0;1;A01
201500054631;0;7;0;1;1;4;4;A01
201500054632;0;31;0;0;2;7;5;A01
201500054632;0;7;0;0;2;8;10;B01
201500054633;1;31;0;0;1;0;0;Z01
201500054634;1;7;0;0;2;7;17;Z01
201500054634;0;30;0;0;2;8;1;A01
201500054635;0;7;0;0;1;1;17;A01
201500054636;0;7;0;0;1;3;15;A01
201500054637;0;7;0;0;1;1;15;A01
201500054638;0;7;0;0;1;1;16;A01
201500054639;0;32;0;0;2;8;16;B01
201500054639;0;7;0;0;2;3;1;A01
201500054640;0;30;0;0;2;1;2;A01
201500054640;0;7;0;0;2;6;23;B01
201500054641;0;33;0;7;0;2;1;A01
201500054642;0;33;0;0;2;1;17;A01
201500054642;0;7;0;0;2;4;15;B01
201500054643;0;2;0;0;0;7;1;A01
201500054644;0;7;0;8;2;1;1;A01
201500054644;0;7;0;0;2;6;15;B01
201500054645;0;7;0;2;2;2;1;A01
201500054645;0;7;0;0;2;6;1;B01
201500054646;0;10;0;0;2;1;2;A01
201500054646;0;7;0;0;2;4;23;B01
201500054647;2;7;0;2;0;2;14;Z01
201500054648;0;2;0;0;1;1;1;A01
201500054649;0;32;0;12;0;8;13;A01
201500054650;0;7;0;0;2;3;15;A01
201500054650;0;33;0;0;2;7;1;B01
201500054651;0;7;0;0;2;2;16;A01
201500054651;0;1;0;0;2;1;16;B01
201500054652;0;30;0;0;2;0;1;B01
201500054652;0;7;0;0;2;0;1;A01
201500054653;0;10;0;0;1;5;15;A01
201500054654;0;32;0;0;2;1;17;A01
201500054654;1;7;0;0;2;3;10;Z01