num_acc;senc;catv;occutc;obs;obsm;choc;manv;num_veh
201500055045;0;7;0;0;2;3;9;A01
201500055045;0;33;0;0;2;2;1;B01
201500055046;0;7;0;16;1;4;4;A01
201500055047;0;7;0;0;2;0;23;B01
201500055047;0;7;0;8;2;9;1;A01
201500055048;0;31;0;0;0;7;1;A01
201500055049;0;30;0;0;2;0;18;B01
201500055049;0;7;0;0;2;7;16;A01
201500055050;0;32;0;0;2;1;1;B01
201500055050;0;7;0;0;2;2;10;A01
201500055051;0;7;0;0;1;2;7;A01
201500055052;0;2;0;0;2;6;1;B01
201500055052;0;7;0;0;2;1;15;A01
201500055053;1;7;0;0;1;0;1;Z01
201500055054;0;33;0;0;1;1;2;A01
201500055055;0;30;0;0;2;7;1;B01
201500055055;0;7;0;0;2;1;1;A01
201500055056;0;15;0;0;2;2;15;A01
201500055056;0;7;0;0;2;8;15;B01
201500055057;0;7;0;0;1;2;1;A01
201500055058;0;7;0;0;2;2;1;A01
201500055058;0;32;0;16;2;4;23;B01
201500055059;0;7;0;0;2;8;15;A01
201500055059;0;34;0;0;2;7;17;B01
201500055060;0;7;0;0;2;8;10;A01
201500055060;0;30;0;0;2;0;17;B01
201500055061;0;7;0;0;1;3;1;A01
201500055062;0;30;0;0;2;1;1;B01
201500055062;0;7;0;0;2;7;1;A01
201500055063;0;34;0;0;1;2;1;A01
201500055064;0;1;0;0;0;0;1;A01
201500055065;0;7;0;0;1;1;1;A01
201500055066;0;34;0;0;1;1;1;A01
201500055067;0;1;0;0;2;1;19;A01
201500055067;1;7;0;0;2;1;1;Z01
201500055068;0;7;0;14;0;1;1;A01
201500055069;0;32;0;0;1;1;17;A01
201500055070;0;7;0;0;2;7;1;B01
201500055070;0;7;0;0;2;8;13;A01
201500055071;0;2;0;0;1;1;17;A01
201500055072;0;7;0;0;2;3;10;A01
201500055072;0;30;0;0;2;7;17;B01
201500055073;0;7;0;11;0;9;1;A01
201500055074;0;37;0;0;1;0;16;A01
201500055075;0;10;0;0;1;1;1;A01
201500055076;0;7;0;0;1;2;1;A01
201500055077;0;7;0;0;1;1;1;A01
201500055078;0;7;0;0;1;0;4;A01
201500055079;0;7;0;0;2;3;9;A01
201500055079;0;31;0;0;2;5;1;B01
201500055080;0;7;0;0;2;2;16;B01
201500055080;0;30;0;0;2;0;18;A01
201500055081;0;7;0;0;2;7;1;B01
201500055081;0;2;0;0;2;8;18;A01
201500055082;0;7;0;0;2;3;1;B01
201500055082;0;1;0;0;2;1;13;A01
201500055083;1;2;0;0;1;0;1;Z01
201500055084;0;7;0;0;2;2;16;A01
201500055084;0;2;0;0;2;8;18;B01
201500055085;0;2;0;0;2;0;18;A01
201500055085;0;7;0;0;2;0;16;B01
201500055086;0;10;0;0;1;0;1;A01
201500055087;0;7;0;0;1;3;1;A01
201500055088;0;14;0;0;2;3;22;A01
201500055088;0;1;0;1;2;1;7;B01
201500055089;1;7;0;0;1;1;1;Z01
201500055090;1;32;0;0;1;0;1;Z01
201500055091;0;32;0;0;1;1;17;A01
201500055092;0;31;0;0;1;3;1;A01
201500055093;0;2;0;0;0;0;1;A01
201500055094;0;33;0;0;1;3;1;A01
201500055095;0;7;0;0;2;6;10;A01
201500055095;0;34;0;0;2;0;1;B01
201500055096;0;1;0;0;2;1;14;A01
201500055096;0;7;0;0;2;0;24;B01
201500055097;0;37;0;0;1;2;1;A01
201500055098;0;33;0;0;2;8;1;B01
201500055098;0;7;0;0;2;3;13;A01
201500055099;0;33;0;0;1;7;1;A01
201500055100;0;32;0;0;2;1;2;A01
201500055100;0;7;0;0;2;4;2;B01
201500055101;0;30;0;1;0;2;1;A01
201500055102;0;7;0;0;2;2;10;A01
201500055102;0;34;0;0;2;1;1;B01
201500055103;0;7;0;0;1;3;1;A01
201500055104;0;7;0;0;2;3;1;A01
201500055104;0;32;0;0;2;2;1;B01
201500055105;0;7;0;0;2;2;15;A01
201500055105;0;7;0;0;2;3;1;B01
201500055106;0;7;0;0;1;3;15;A01
201500055107;0;33;0;0;2;0;15;A01
201500055107;0;13;0;0;2;1;1;B01
201500055108;0;31;0;0;2;1;17;A01
201500055108;0;2;0;0;2;6;15;B01
201500055109;1;7;0;0;1;0;1;Z01
201500055110;0;31;0;0;0;0;1;A01
201500055111;0;7;0;0;2;4;4;A01
201500055111;0;31;0;1;2;5;1;B01
201500055112;0;7;0;0;2;7;14;A01
201500055112;0;31;0;0;2;8;7;B01
201500055113;0;7;0;0;2;3;1;A01
201500055113;0;7;0;0;2;2;1;B01
201500055114;0;14;0;8;1;0;1;A01
201500055115;0;14;0;0;2;0;1;B01
201500055115;0;33;0;0;2;0;17;A01
201500055116;0;7;0;0;1;7;1;A01
201500055117;0;2;0;0;2;1;1;A01
201500055117;0;7;0;0;2;6;1;B01
201500055118;0;38;0;0;2;6;24;B01
201500055118;0;1;0;0;2;2;7;A01
201500055119;0;7;0;0;1;6;20;A01
201500055120;0;37;0;0;2;0;13;A01
201500055120;0;7;0;0;2;0;9;B01
201500055121;0;7;0;0;2;1;13;A01
201500055121;0;7;0;0;2;1;1;B01
201500055122;0;2;0;0;2;1;1;A01
201500055122;1;7;0;0;2;0;15;Z01
201500055123;0;99;0;1;0;9;16;A01
201500055124;0;33;0;0;2;2;23;B01
201500055124;0;7;0;0;2;3;1;A01
201500055125;0;7;0;0;1;1;1;A01
201500055126;0;2;0;0;1;1;1;A01
201500055127;1;2;0;0;1;1;1;Z01
201500055128;0;10;0;0;2;5;23;B01
201500055128;0;37;8;0;2;1;2;A01
201500055129;0;10;0;0;1;2;15;A01
201500055130;0;10;0;0;2;2;1;A01
201500055130;0;1;0;0;2;3;19;B01
201500055131;0;7;0;0;2;2;16;A01
201500055131;0;34;0;0;2;2;18;B01
201500055132;0;7;0;0;2;7;16;B01
201500055132;0;32;0;0;2;7;7;A01
201500055133;0;7;0;0;2;3;17;A01
201500055133;0;31;0;0;2;1;5;B01
201500055134;0;7;0;0;2;6;18;A01
201500055134;0;16;0;0;2;2;16;B01
201500055135;0;7;0;0;2;7;16;B01
201500055135;0;2;0;0;2;1;18;A01
201500055136;0;7;0;0;2;1;5;A01
201500055136;0;10;0;0;2;3;1;B01
201500055137;0;7;0;0;2;8;11;A01
201500055137;0;33;0;0;2;7;1;B01
201500055138;1;30;0;0;1;0;1;Z01
201500055139;0;7;0;0;1;3;1;A01
201500055140;0;1;0;0;0;0;1;A01
201500055141;0;7;0;0;1;1;15;A01
201500055142;0;34;0;0;2;1;23;B01
201500055142;0;10;0;0;2;4;4;A01
201500055143;1;7;0;0;2;3;1;Z01
201500055143;0;1;0;0;2;2;19;A01
201500055144;0;30;0;0;2;1;1;B01
201500055144;0;7;0;0;2;2;9;A01
201500055145;0;14;0;0;2;2;16;A01
201500055145;0;1;0;0;2;4;1;B01
201500055146;0;7;0;0;2;3;15;A01
201500055146;0;32;0;0;2;1;1;B01
201500055147;0;34;0;0;2;7;3;A01
201500055147;1;34;0;0;2;8;18;Z01
201500055148;0;34;0;0;2;3;16;B01
201500055148;0;7;0;0;2;5;16;A01
201500055149;0;7;0;9;0;2;1;A01
201500055150;1;10;0;0;2;0;12;B01
201500055150;0;2;0;0;2;2;7;A01
201500055151;0;30;0;0;1;1;1;A01
201500055152;0;7;0;0;2;1;2;A01
201500055152;0;7;0;0;2;4;23;D01
201500055152;0;7;0;0;2;4;23;B01
201500055152;0;7;0;0;2;4;23;C01
201500055153;1;7;0;0;2;8;15;A01
201500055153;0;33;0;0;2;2;17;B01
201500055154;0;33;0;0;1;1;1;A01
201500055155;0;7;0;0;2;4;23;A01
201500055155;1;10;0;0;2;1;2;Z01
201500055156;0;31;0;0;2;1;13;A01
201500055156;0;7;0;0;2;5;1;B01
201500055157;0;1;0;0;2;8;1;B01
201500055157;0;10;0;0;2;5;16;A01
201500055158;0;31;0;1;2;3;1;A01
201500055158;0;7;0;0;2;3;16;B01
201500055159;0;7;0;0;2;2;20;A01
201500055159;0;1;0;0;2;3;18;B01
201500055160;0;30;0;0;2;1;2;B01
201500055160;0;30;0;0;2;4;2;A01
201500055161;0;32;0;0;2;1;17;A01
201500055161;0;30;0;0;2;6;15;B01
201500055162;0;7;0;0;2;1;15;A01
201500055162;0;30;0;0;2;8;1;B01
201500055163;0;2;0;1;0;3;21;A01
201500055164;0;30;0;0;2;7;1;B01
201500055164;0;7;0;0;2;8;9;A01
201500055165;0;7;0;0;1;3;1;A01
201500055166;0;37;0;0;2;6;18;A01
201500055166;0;31;0;0;2;3;1;B01
201500055167;0;32;0;0;2;0;1;A01
201500055168;0;7;0;0;1;1;1;A01
201500055169;0;37;0;0;1;2;7;A01
201500055170;0;7;0;0;1;3;1;A01
201500055171;0;31;0;0;2;0;15;B01
201500055171;0;7;0;0;2;0;17;A01
201500055172;0;1;0;0;2;7;23;B01
201500055172;0;10;0;0;2;2;2;A01
201500055173;0;1;0;0;2;1;1;B01
201500055173;0;7;0;0;2;8;15;A01
201500055174;1;10;0;0;2;6;9;Z01
201500055174;0;32;0;0;2;2;1;A01
201500055175;0;30;0;1;0;2;14;A01
201500055176;0;7;0;0;2;1;1;A01
201500055176;0;33;0;0;2;0;23;B01
201500055177;1;7;0;0;2;0;7;Z01
201500055177;0;7;0;0;2;2;16;A01
201500055178;0;2;0;0;2;1;1;A01
201500055178;0;7;0;0;2;2;15;B01
201500055179;0;30;0;0;2;1;1;A01
201500055179;0;10;0;0;2;2;1;B01
201500055180;0;7;0;0;2;4;23;A01
201500055180;0;7;0;0;2;3;2;B01
201500055181;0;7;0;0;2;3;15;A01
201500055181;0;32;0;0;2;1;1;B01
201500055182;0;32;0;0;1;1;1;A01
201500055183;1;7;0;0;1;7;17;Z01
201500055184;1;7;0;0;2;4;23;Z01
201500055184;0;32;0;0;2;1;1;A01
201500055185;0;30;0;0;2;1;17;A01
201500055185;0;7;0;0;2;5;15;B01
201500055186;0;1;0;14;0;0;1;A01
201500055187;0;33;0;0;2;3;15;B01
201500055187;0;7;0;0;2;2;15;A01
201500055188;0;10;0;0;2;1;1;A01
201500055188;0;1;0;0;2;4;1;B01
201500055189;1;7;0;0;1;2;5;Z01
201500055190;1;7;0;0;2;2;1;Z01
201500055190;0;7;0;0;2;3;1;A01
201500055191;0;7;0;0;1;2;1;A01
201500055192;0;2;0;0;2;1;15;A01
201500055192;0;2;0;0;2;3;23;B01
201500055193;0;31;0;1;2;1;2;A01
201500055193;0;7;0;0;2;6;2;B01
201500055194;0;31;0;0;2;2;1;A01
201500055194;0;7;0;0;2;3;1;B01
201500055195;0;7;0;0;2;3;9;B01
201500055195;0;33;0;0;2;1;17;A01
201500055195;0;7;0;0;2;3;1;C01
201500055196;0;7;0;0;1;2;1;A01
201500055197;0;7;0;0;2;1;1;B01
201500055197;0;1;0;0;2;8;19;A01
201500055198;0;1;0;0;2;1;18;B01
201500055198;0;10;0;0;2;7;22;A01
201500055199;0;7;0;0;1;3;1;A01
201500055200;0;33;0;0;0;1;1;A01
201500055201;1;2;0;0;1;1;1;Z01
201500055202;0;7;0;0;1;1;15;A01
201500055203;0;30;0;0;2;2;2;A01
201500055203;0;14;0;0;2;4;23;B01
201500055204;0;10;0;0;1;2;1;A01
201500055205;1;31;0;0;1;0;1;Z01
201500055206;0;33;0;14;0;1;1;A01
201500055207;0;7;0;0;1;0;1;A01
201500055208;0;7;0;0;2;3;15;A01
201500055208;0;34;0;0;2;2;17;B01
201500055209;0;3;0;0;2;1;2;A01
201500055209;0;7;0;0;2;4;23;B01
201500055210;0;7;0;0;1;1;15;A01
201500055211;0;33;0;0;2;2;17;A01
201500055211;0;7;0;0;2;6;15;B01
201500055212;1;7;0;0;2;1;1;Z01
201500055212;0;7;0;0;2;8;1;A01
201500055213;0;7;0;0;2;1;2;A01
201500055213;0;7;0;0;2;6;2;B01
201500055214;0;34;0;0;2;3;13;A01
201500055214;0;7;0;0;2;3;1;B01
201500055215;0;33;0;0;2;1;2;A01
201500055215;0;7;0;0;2;4;2;B01
201500055216;0;1;0;0;1;1;1;A01
201500055217;0;33;0;0;1;1;1;A01
201500055218;0;7;0;0;2;4;23;A01
201500055218;0;7;0;0;2;1;2;B01
201500055219;1;7;0;0;2;1;2;Z01
201500055219;0;30;0;0;2;4;2;A01
201500055220;0;7;0;0;2;0;17;A01
201500055220;0;33;0;1;2;8;1;B01
201500055221;0;10;0;0;2;6;14;B01
201500055221;0;30;0;0;2;8;18;A01
201500055222;0;7;0;0;1;3;1;A01
201500055223;0;34;0;0;2;1;9;B01
201500055223;0;7;0;0;2;7;1;A01
201500055224;0;33;0;0;2;1;17;B01
201500055224;0;7;0;0;2;8;15;A01
201500055225;0;1;0;0;2;8;15;A01
201500055225;0;1;0;0;2;7;17;B01
201500055226;0;33;0;0;2;1;18;A01
201500055226;0;10;0;0;2;5;16;B01
201500055227;0;30;0;0;1;7;5;A01
201500055228;0;7;0;0;2;3;1;B01
201500055228;0;31;0;0;2;2;17;A01
201500055229;0;1;0;0;0;0;1;A01
201500055230;0;7;0;0;2;4;23;B01
201500055230;0;7;0;0;2;1;2;A01
201500055231;0;7;0;0;2;3;15;B01
201500055231;0;34;0;0;2;1;17;A01
201500055232;0;7;0;0;2;1;16;A01
201500055232;0;1;0;0;2;3;1;B01
201500055233;0;7;0;0;1;3;1;A01
201500055234;0;33;0;0;2;1;1;A01
201500055234;0;7;0;0;2;6;10;B01
201500055235;0;32;0;0;2;2;1;B01
201500055235;0;30;0;0;2;1;10;A01
201500055236;0;7;0;0;1;1;1;A01
201500055237;0;10;0;0;1;3;15;A01
201500055238;0;7;0;0;1;2;16;A01
201500055239;0;31;0;0;0;8;1;A01
201500055240;0;10;0;0;2;6;1;A01
201500055240;0;33;0;0;2;1;1;B01
201500055241;0;30;0;0;1;1;17;A01
201500055242;0;1;0;0;2;1;1;B01
201500055242;0;7;0;0;2;2;16;A01
201500055243;0;7;0;0;2;3;1;C01
201500055243;0;7;0;0;2;0;23;A01
201500055243;0;7;0;0;2;4;23;B01
201500055244;0;7;0;0;2;5;1;A01
201500055244;1;7;0;0;2;0;23;Z01
201500055245;0;1;0;0;2;7;19;B01
201500055245;0;7;0;0;2;1;1;A01
201500055246;0;33;0;0;2;2;1;B01
201500055246;0;7;0;0;2;6;10;A01
201500055247;0;7;0;0;2;7;12;A01
201500055247;0;33;0;0;2;1;1;B01
201500055248;0;7;0;0;1;1;1;A01
201500055249;0;7;0;0;1;4;4;A01
201500055250;0;31;0;0;1;2;1;A01
201500055251;0;2;0;0;2;3;18;B01
201500055251;0;7;0;0;2;5;22;A01
201500055252;0;7;0;0;2;7;14;A01
201500055252;0;1;0;0;2;8;0;B01
201500055253;0;7;0;0;1;2;1;A01
201500055254;0;10;0;0;2;3;9;A01
201500055254;0;7;0;1;2;2;1;B01
201500055255;0;7;0;0;2;2;1;B01
201500055255;0;2;0;0;2;1;9;A01
201500055256;0;7;0;0;2;1;15;A01
201500055256;0;7;0;0;2;3;1;B01
201500055257;0;13;0;4;2;2;13;A01
201500055257;0;10;0;0;2;7;23;B01
201500055258;0;1;0;1;0;1;1;B01
201500055258;0;7;0;0;0;3;22;A01
201500055259;0;30;0;0;2;2;5;A01
201500055259;0;10;0;0;2;3;1;B01
201500055260;0;7;0;0;2;6;10;B01
201500055260;0;34;0;0;2;1;17;A01
201500055261;0;33;0;0;2;3;1;A01
201500055261;0;7;0;0;2;2;9;B01
201500055262;0;37;1;0;2;3;9;B01
201500055262;0;7;0;0;2;5;16;A01
201500055263;0;33;0;0;2;3;17;A01
201500055263;0;7;0;0;2;0;13;B01
201500055264;0;32;0;0;2;1;5;A01
201500055264;0;7;0;0;2;1;1;B01
201500055265;0;10;0;0;2;2;16;A01
201500055265;0;7;0;0;2;3;7;B01
201500055266;0;30;0;0;0;8;21;A01
201500055267;0;2;0;0;0;8;21;A01
201500055268;0;7;0;0;2;3;15;A01
201500055268;0;31;0;0;2;2;17;B01
201500055269;0;7;0;0;2;1;9;A01
201500055269;0;32;0;0;2;7;9;B01
201500055270;0;1;0;0;2;1;1;B01
201500055270;0;1;0;0;2;4;21;A01
201500055271;0;31;0;0;1;1;0;A01
201500055272;0;30;0;0;2;3;21;A01
201500055272;0;10;0;0;2;3;15;B01
201500055273;0;7;0;0;2;3;13;B01
201500055273;0;34;0;0;2;3;1;A01
201500055274;0;10;0;0;1;1;1;A01
201500055275;0;10;0;0;2;7;14;A01
201500055275;0;33;0;0;2;1;1;B01
201500055276;0;34;0;0;2;3;1;B01
201500055276;0;7;0;0;2;5;12;A01
201500055277;0;7;0;0;2;6;2;A01
201500055277;0;31;0;0;2;5;23;B01
201500055278;0;7;0;0;2;3;22;A01
201500055278;0;34;0;0;2;5;1;B01
201500055279;0;1;0;0;0;8;16;A01
201500055280;0;32;0;0;1;1;19;A01
201500055281;0;7;0;0;1;1;1;A01
201500055282;0;7;0;0;2;1;15;A01
201500055282;0;31;0;0;2;1;1;B01
201500055283;0;10;0;0;0;2;14;B01
201500055283;0;31;0;0;2;0;7;A01
201500055284;0;7;0;0;2;0;9;A01
201500055284;0;31;0;0;2;0;1;B01
201500055285;1;10;0;0;2;0;1;Z01
201500055285;0;30;0;0;2;0;23;A01
201500055286;0;32;0;0;2;7;18;A01
201500055286;0;7;0;0;2;2;16;B01
201500055287;0;7;0;0;1;1;1;A01
201500055288;0;7;0;0;2;1;7;A01
201500055288;0;7;0;0;2;2;1;B01
201500055289;0;7;0;0;2;6;23;B01
201500055289;0;33;0;0;2;1;2;A01
201500055290;0;7;0;0;2;6;1;A01
201500055290;0;10;0;0;2;1;9;B01
201500055291;0;1;0;0;2;1;1;B01
201500055291;0;7;0;0;2;8;22;A01
201500055292;0;33;0;0;2;6;1;A01
201500055292;0;7;0;0;2;6;13;B01
201500055293;0;32;0;0;2;3;1;B01
201500055293;0;7;0;0;2;5;1;A01
201500055294;0;37;0;0;2;2;14;A01
201500055294;0;1;0;0;2;4;1;B01
201500055295;0;10;0;0;1;1;15;A01
201500055296;0;30;0;0;2;1;1;A01
201500055297;0;32;0;0;2;8;1;A01
201500055297;0;7;0;0;2;8;15;B01
201500055298;0;32;0;0;2;4;1;B01
201500055298;1;7;0;0;2;1;1;Z01
201500055299;0;30;0;1;0;3;1;A01
201500055300;0;7;0;11;0;1;14;A01
201500055301;0;34;0;0;2;1;2;A01
201500055301;0;7;0;0;2;4;2;B01
201500055302;0;7;0;0;2;8;1;A01
201500055302;0;7;0;0;2;2;9;B01
201500055303;0;7;0;0;1;1;1;A01
201500055304;0;2;0;0;2;1;5;A01
201500055304;0;7;0;0;2;2;1;B01
201500055305;0;34;0;0;1;1;1;A01
201500055306;0;7;0;0;9;4;23;C01
201500055306;0;31;0;0;2;1;17;A01
201500055306;0;7;0;0;9;8;15;B01
201500055307;1;2;0;0;1;1;1;Z01
201500055308;0;10;0;0;2;3;1;B01
201500055308;0;7;0;0;2;5;17;A01
201500055309;1;7;0;0;1;2;1;Z01
201500055310;0;7;0;0;2;1;5;A01
201500055310;0;32;0;0;2;1;9;B01
201500055311;0;30;0;0;2;1;18;A01
201500055311;0;7;0;0;2;2;16;B01
201500055312;0;7;0;0;2;7;1;A01
201500055312;0;7;0;0;2;1;1;B01
201500055313;0;7;0;0;2;5;15;A01
201500055313;0;32;0;0;2;1;1;B01
201500055314;0;7;0;0;2;1;1;A01
201500055314;0;1;0;0;2;4;15;B01
201500055315;0;2;0;1;0;1;14;A01
201500055316;0;33;0;0;2;1;17;A01
201500055316;0;7;0;0;2;6;15;B01
201500055317;1;1;0;1;1;0;1;Z01
201500055318;0;7;0;0;2;1;2;A01
201500055318;0;7;0;0;2;4;23;B01
201500055318;0;10;0;0;2;4;23;C01
201500055319;0;10;0;0;2;7;16;A01
201500055319;0;34;0;0;2;8;1;B01
201500055320;0;30;0;0;1;7;1;A01
201500055321;0;33;0;0;2;2;1;A01
201500055321;0;7;0;0;2;8;11;B01
201500055322;0;30;0;1;0;1;1;A01
201500055323;0;7;0;4;0;2;13;A01
201500055324;0;10;0;0;2;6;2;B01
201500055324;0;38;0;0;2;7;2;C01
201500055324;0;33;0;0;2;1;2;A01
201500055325;2;7;0;0;2;2;1;Z01
201500055325;0;7;0;0;2;3;1;A01
201500055326;0;7;0;0;2;2;15;A01
201500055326;0;7;0;0;2;2;1;B01
201500055327;0;7;0;0;2;3;22;A01
201500055327;0;1;0;0;2;3;1;B01
201500055328;0;7;0;0;2;1;23;A01
201500055328;0;30;0;0;2;4;2;B01
201500055329;0;7;0;0;1;3;1;A01
201500055330;0;1;0;0;0;1;1;A01
201500055331;0;30;0;0;2;3;1;B01
201500055331;0;7;0;0;2;3;15;A01
201500055332;0;31;0;0;2;9;3;A01
201500055332;0;7;0;0;2;2;14;B01
201500055332;0;38;0;0;2;3;1;C01
201500055333;0;7;0;0;2;2;16;B01
201500055333;0;2;0;0;2;3;18;A01
201500055334;0;34;0;0;2;1;17;B01
201500055334;0;7;0;0;2;8;15;A01
201500055335;0;30;0;0;1;1;1;A01
201500055336;0;34;0;0;2;1;5;A01
201500055336;0;7;0;0;2;7;1;B01
201500055337;0;7;0;0;2;7;22;A01
201500055337;0;1;0;0;2;1;1;B01
201500055338;0;1;0;0;2;1;1;B01
201500055338;0;7;0;0;2;2;16;A01
201500055339;1;10;0;0;1;3;1;Z01
201500055340;0;7;0;14;0;3;1;A01
201500055341;0;31;0;8;0;1;13;A01
201500055342;0;10;0;0;1;4;4;A01
201500055343;1;7;0;0;1;1;1;Z01
201500055344;0;31;0;0;2;1;1;A01
201500055344;0;7;0;0;2;2;1;B01
201500055345;0;7;0;0;2;0;22;A01
201500055345;0;1;0;0;2;1;1;B01
201500055346;0;10;0;0;1;3;15;A01
201500055347;0;3;0;0;1;1;1;A01
201500055347;0;7;0;0;2;4;23;B01
201500055348;1;7;0;0;1;0;1;Z01
201500055349;1;2;0;0;1;1;1;A01
201500055350;0;1;0;0;1;0;1;A01
201500055351;1;7;0;0;2;8;9;Z01
201500055351;0;31;0;0;2;1;1;A01
201500055352;0;34;0;0;0;8;1;A01
201500055353;0;7;0;0;2;1;2;A01
201500055353;0;7;0;0;2;4;23;B01
201500055353;0;7;0;0;2;4;23;C01
201500055354;0;33;0;0;2;1;1;B01
201500055354;1;7;0;0;2;0;1;A01
201500055355;0;30;0;1;2;7;11;A01
201500055355;1;7;0;0;2;0;1;Z01
201500055356;0;7;0;0;1;2;17;A01
201500055357;0;2;0;0;0;0;1;A01
201500055358;0;7;0;0;2;0;9;A01
201500055358;0;37;0;0;2;0;1;B01
201500055359;0;10;0;0;2;1;2;A01
201500055359;0;7;0;0;2;4;23;B01
201500055360;1;7;0;0;1;3;9;Z01
201500055361;0;2;0;0;2;2;17;A01
201500055361;0;7;0;0;2;3;15;B01
201500055362;0;33;0;0;0;0;21;A01
201500055363;1;30;0;0;1;1;1;Z01
201500055364;0;7;0;8;2;1;13;A01
201500055365;0;10;0;0;0;5;10;B01
201500055365;0;34;0;0;2;1;1;A01
201500055366;0;33;0;0;0;8;1;A01
201500055367;0;7;0;0;2;1;13;A01
201500055367;0;31;0;0;2;1;1;B01
201500055368;0;33;0;0;2;0;2;B01
201500055368;0;31;0;0;2;8;2;A01
201500055368;0;33;0;0;2;0;2;C01
201500055368;0;2;0;0;2;1;2;D01
201500055369;0;7;0;0;2;1;1;B01
201500055369;0;7;0;0;2;1;1;C01
201500055369;0;1;0;0;2;8;1;A01
201500055370;0;10;0;0;1;4;4;A01
201500055371;0;32;0;0;1;1;1;A01
201500055372;0;30;0;0;2;1;1;A01
201500055372;0;7;0;0;2;3;1;B01
201500055373;0;31;0;0;2;1;15;A01
201500055373;0;7;0;0;2;5;1;B01
201500055374;0;2;0;0;0;8;1;A01
201500055375;0;7;0;0;2;1;2;A01
201500055375;0;7;0;0;2;4;23;B01
201500055376;0;7;0;0;2;4;23;C01
201500055376;0;7;0;0;2;4;23;B01
201500055376;0;7;0;0;2;1;2;A01
201500055377;1;7;0;0;1;1;1;Z01
201500055378;0;31;0;0;2;6;17;A01
201500055378;1;7;0;0;2;3;13;Z01
201500055379;0;7;0;0;2;2;16;B01
201500055379;0;30;0;0;2;1;18;A01
201500055380;0;7;0;0;1;1;15;A01
201500055381;0;2;0;0;1;1;15;A01
201500055382;0;1;0;12;0;1;14;A01
201500055383;0;31;0;0;2;1;2;A01
201500055383;0;7;0;0;2;6;2;B01
201500055384;0;32;0;0;2;1;17;A01
201500055384;0;7;0;0;2;8;10;B01
201500055385;0;7;0;0;2;0;1;B01
201500055385;0;30;0;0;2;0;1;A01
201500055386;0;1;0;0;1;0;1;A01
201500055387;0;33;0;0;2;1;5;B01
201500055387;0;7;0;0;2;8;13;A01
201500055388;0;2;0;0;1;7;16;A01
201500055389;0;31;0;0;2;1;5;B01
201500055389;0;10;0;0;2;3;10;A01
201500055390;0;33;0;0;0;0;1;A01
201500055391;0;7;0;1;1;3;1;A01
201500055392;0;33;0;0;1;0;1;A01
201500055393;0;34;0;0;1;1;1;A01
201500055394;1;7;0;0;1;0;1;Z01
201500055395;0;7;0;0;2;2;1;A01
201500055395;0;1;0;0;2;8;19;B01
201500055396;0;13;0;0;2;6;11;B01
201500055396;0;7;0;0;2;2;1;A01
201500055397;0;34;0;15;0;3;13;A01
201500055398;0;7;0;0;1;2;1;A01
201500055399;0;7;0;0;1;3;1;A01
201500055400;0;7;0;0;2;2;1;A01
201500055400;0;7;0;0;2;6;1;B01
201500055401;0;33;0;0;0;8;21;A01
201500055402;0;7;0;0;1;1;1;A01
201500055403;0;7;0;0;1;2;1;A01
201500055404;0;2;0;0;2;1;1;A01
201500055404;0;7;0;0;2;3;9;B01
201500055405;2;34;0;14;2;8;1;A01
201500055405;0;7;0;14;2;5;22;B01
201500055406;0;32;0;0;2;0;18;B01
201500055406;0;14;0;0;2;2;16;A01
201500055407;0;2;0;0;2;3;13;B01
201500055407;0;7;0;0;2;2;12;A01
201500055408;0;31;0;0;2;1;1;A01
201500055408;0;10;0;0;2;3;15;B01
201500055409;0;7;0;0;2;1;10;A01
201500055409;0;1;0;0;2;8;1;B01
201500055410;0;7;0;0;2;4;23;A01
201500055410;2;7;0;0;2;1;2;Z01
201500055411;0;32;0;0;2;1;1;B01
201500055411;0;7;0;0;2;3;22;A01
201500055412;0;7;0;0;2;2;16;A01
201500055412;0;33;0;0;2;6;16;B01
201500055413;0;7;0;0;2;6;23;C01
201500055413;0;7;0;0;2;2;23;B01
201500055413;0;33;0;0;2;2;1;A01
201500055414;0;33;0;0;2;1;1;A01
201500055414;0;7;0;0;2;7;23;B01
201500055415;0;7;0;0;1;0;15;A01
201500055416;0;31;0;0;0;3;21;A01
201500055417;1;2;0;0;1;0;1;Z01
201500055418;0;7;0;0;2;1;16;A01
201500055418;0;1;0;0;2;7;1;B01
201500055419;0;7;0;0;2;3;15;B01
201500055419;0;30;0;0;2;1;1;A01
201500055420;0;7;0;0;1;4;4;A01
201500055421;0;7;0;0;2;3;1;C01
201500055421;0;7;0;0;2;3;9;A01
201500055421;0;30;0;0;2;2;1;B01
201500055422;0;7;0;0;1;1;1;A01
201500055423;0;34;0;0;1;2;17;A01
201500055424;0;7;0;0;1;2;1;A01
201500055425;0;10;0;0;2;3;23;B01
201500055425;0;2;0;0;2;1;17;A01
201500055426;0;1;0;0;2;7;1;A01
201500055426;1;33;0;0;2;8;13;Z01
201500055427;0;30;0;0;2;1;1;A01
201500055427;0;7;0;0;2;5;15;B01
201500055428;0;7;0;0;1;1;1;A01
201500055429;1;7;0;0;1;3;1;A01