num_acc;senc;catv;occutc;obs;obsm;choc;manv;num_veh
201500055430;0;2;0;0;1;1;1;A01
201500055431;0;7;0;0;1;3;1;A01
201500055432;0;31;0;12;0;1;13;A01
201500055433;0;7;0;0;1;2;1;A01
201500055434;0;7;0;0;2;4;1;A01
201500055434;0;7;0;0;2;2;1;B01
201500055435;0;7;0;0;1;2;15;A01
201500055436;0;7;0;0;1;1;1;A01
201500055437;0;7;0;0;1;2;16;A01
201500055438;0;37;0;0;1;2;1;A01
201500055439;0;7;0;0;2;2;1;A01
201500055439;0;2;0;0;2;1;1;B01
201500055440;1;7;0;0;1;1;1;Z01
201500055441;0;33;0;0;2;3;18;B01
201500055441;0;7;0;0;2;3;1;A01
201500055442;1;7;0;0;1;0;1;Z01
201500055443;0;34;0;8;0;3;1;A01
201500055444;1;30;0;8;0;1;5;A01
201500055445;0;30;0;0;0;0;21;A01
201500055446;0;7;0;0;2;3;15;A01
201500055446;0;33;0;0;2;1;17;B01
201500055447;0;7;0;0;1;2;1;A01
201500055448;0;33;0;0;2;3;1;B01
201500055448;0;7;0;0;2;5;16;A01
201500055449;0;32;0;0;1;1;1;A01
201500055450;0;32;0;0;1;1;1;A01
201500055451;0;7;0;0;1;2;1;A01
201500055452;0;30;0;0;2;3;1;A01
201500055452;1;7;0;0;2;2;15;Z01
201500055453;0;2;0;0;2;1;1;B01
201500055453;0;7;0;0;2;1;9;A01
201500055454;0;32;0;1;0;2;14;A01
201500055455;0;34;0;0;2;1;2;A01
201500055455;0;7;0;0;2;5;2;B01
201500055456;0;7;0;0;2;6;1;B01
201500055456;0;7;0;9;2;3;1;A01
201500055457;0;7;0;9;2;7;1;B01
201500055457;0;33;0;0;2;1;1;A01
201500055458;0;31;0;0;1;1;1;A01
201500055459;1;7;0;0;2;0;0;Z01
201500055459;0;10;0;0;2;4;12;A01
201500055460;0;40;0;0;2;1;1;B01
201500055460;0;30;0;0;2;1;1;A01
201500055461;0;2;0;0;0;8;12;A01
201500055462;0;2;0;0;2;1;1;A01
201500055462;2;7;0;6;2;6;1;B01
201500055463;0;7;0;0;2;2;15;B01
201500055463;0;33;0;0;2;1;18;A01
201500055464;0;32;0;0;1;0;1;A01
201500055465;0;1;0;0;1;0;1;A01
201500055466;0;7;0;0;2;3;15;A01
201500055466;0;34;0;0;2;5;17;B01
201500055467;0;7;0;0;2;3;11;B01
201500055467;0;33;0;0;2;7;17;A01
201500055468;0;7;0;8;1;1;1;A01
201500055469;0;1;0;0;1;1;7;A01
201500055470;0;1;0;0;2;4;1;B01
201500055470;0;7;0;0;2;2;1;A01
201500055471;0;7;0;0;1;2;1;A01
201500055472;0;30;0;12;0;1;14;A01
201500055473;0;37;0;0;1;2;1;A01
201500055474;0;31;0;0;0;8;1;A01
201500055475;0;30;0;0;2;1;1;B01
201500055475;0;7;0;0;2;1;15;A01
201500055476;0;33;0;0;2;1;1;C01
201500055476;0;7;0;0;2;1;13;A01
201500055476;0;33;0;0;2;1;1;B01
201500055477;0;34;0;0;2;6;23;B01
201500055477;0;34;0;0;2;1;21;A01
201500055478;0;33;0;0;2;2;1;B01
201500055478;0;7;0;0;2;3;10;A01
201500055479;0;1;0;0;0;1;1;A01
201500055480;0;33;0;0;2;8;1;A01
201500055480;1;7;0;0;2;3;15;Z01
201500055481;0;33;0;0;0;7;1;A01
201500055482;0;7;0;0;1;2;1;A01
201500055483;0;7;0;0;1;2;1;A01
201500055484;0;1;0;0;1;1;18;A01
201500055485;0;32;0;0;2;1;1;A01
201500055485;0;37;1;0;2;3;15;B01
201500055486;1;7;0;0;1;7;5;Z01
201500055487;0;7;0;0;1;1;1;A01
201500055488;0;7;0;0;2;1;1;A01
201500055488;0;7;0;0;2;8;15;B01
201500055489;0;7;0;0;2;2;9;B01
201500055489;0;31;0;1;2;9;1;A01
201500055490;0;30;0;0;2;3;13;B01
201500055490;0;31;0;0;2;2;17;A01
201500055491;0;7;0;0;2;3;9;A01
201500055491;0;32;0;0;2;1;1;B01
201500055492;0;33;0;1;0;2;7;A01
201500055493;0;37;0;0;1;2;7;A01
201500055494;0;7;0;0;2;1;15;B01
201500055494;0;33;0;0;2;7;1;A01
201500055495;0;7;0;0;1;1;1;A01
201500055496;0;7;0;0;1;3;1;A01
201500055497;0;7;0;0;2;2;1;A01
201500055497;0;33;0;0;2;3;1;B01
201500055498;0;7;0;1;0;1;1;A01
201500055499;0;7;0;0;1;2;1;A01
201500055500;0;7;0;0;1;2;1;A01
201500055501;0;31;0;0;2;1;1;B01
201500055501;0;7;0;0;2;2;9;A01
201500055502;0;7;0;0;1;2;1;A01
201500055503;0;7;0;0;1;1;15;A01
201500055504;0;14;0;0;2;2;16;A01
201500055504;0;32;0;0;2;6;16;B01
201500055505;0;17;0;0;2;1;11;A01
201500055505;0;7;0;0;2;8;1;B01
201500055506;0;30;0;0;1;1;1;A01
201500055507;0;30;0;7;0;1;14;A01
201500055508;0;14;0;0;2;7;1;B01
201500055508;0;32;0;12;2;8;18;A01
201500055509;0;7;0;0;2;8;23;C01
201500055509;0;7;0;0;2;7;22;A01
201500055509;0;33;0;0;2;1;3;B01
201500055510;0;7;0;12;0;3;1;A01
201500055511;0;31;0;0;0;0;1;A01
201500055512;0;10;0;0;2;3;9;A01
201500055512;0;2;0;0;2;1;1;B01
201500055513;0;7;0;0;2;8;20;B01
201500055513;0;31;0;0;2;7;17;A01
201500055514;0;40;0;0;1;7;1;A01
201500055515;0;10;0;0;1;0;1;A01
201500055516;0;7;0;0;2;1;2;A01
201500055516;0;7;0;0;2;4;23;B01
201500055517;0;7;0;0;1;2;1;A01
201500055518;0;32;0;0;2;5;12;B01
201500055518;0;7;0;0;2;3;1;A01
201500055519;0;10;0;0;2;3;10;A01
201500055519;0;33;0;0;2;1;5;B01
201500055520;0;31;0;0;2;3;13;A01
201500055520;0;7;0;0;2;3;1;B01
201500055521;0;7;0;0;2;3;15;A01
201500055521;0;31;0;0;2;1;17;B01
201500055522;0;30;0;1;0;1;14;A01
201500055523;0;7;0;0;2;1;2;A01
201500055523;0;7;0;0;2;4;23;B01
201500055524;0;34;0;0;1;0;1;A01
201500055525;0;2;0;0;2;1;1;A01
201500055525;0;7;0;0;2;5;1;B01
201500055526;0;7;0;0;2;2;15;B01
201500055526;0;32;0;0;2;8;17;A01
201500055527;0;37;0;0;1;1;1;A01
201500055528;0;30;0;0;2;3;1;B01
201500055528;0;7;0;0;2;3;10;A01
201500055529;0;7;0;0;2;1;1;A01
201500055529;0;33;0;0;2;7;1;B01
201500055530;0;30;0;0;2;6;1;A01
201500055530;0;7;0;0;2;1;15;B01
201500055531;0;30;0;0;0;8;1;A01
201500055532;0;1;0;1;0;1;1;A01
201500055533;1;7;0;0;1;4;4;Z01
201500055534;0;7;0;0;1;2;1;A01
201500055535;0;30;0;0;2;1;2;A01
201500055535;0;7;0;0;2;4;23;B01
201500055536;0;7;0;0;1;1;1;A01
201500055537;0;34;0;0;1;1;17;A01
201500055538;1;7;0;0;2;0;13;Z01
201500055538;0;34;0;0;2;7;1;B01
201500055539;0;2;0;0;1;1;1;A01
201500055540;0;1;0;0;1;0;1;A01
201500055541;0;15;0;0;2;0;11;A01
201500055541;0;7;0;4;2;9;1;B01
201500055541;0;7;0;0;2;2;1;C01
201500055542;0;7;0;0;2;6;23;A01
201500055542;0;30;0;0;2;1;1;B01
201500055543;1;7;0;0;2;1;1;A01
201500055543;0;7;0;0;2;3;1;B01
201500055544;0;2;0;0;2;6;1;A01
201500055544;0;10;0;0;2;4;23;B01
201500055545;0;34;0;0;2;7;17;A01
201500055545;0;10;0;0;2;1;15;B01
201500055546;0;7;0;0;2;7;12;A01
201500055546;0;34;0;0;2;8;1;B01
201500055547;0;10;0;0;2;2;9;A01
201500055547;0;33;0;0;2;3;1;B01
201500055548;0;7;0;0;1;0;1;A01
201500055549;0;7;0;1;2;3;22;A01
201500055549;0;2;0;1;2;7;3;B01
201500055549;0;7;0;0;2;0;23;C01
201500055550;0;30;0;0;2;8;1;A01
201500055550;0;7;0;0;2;5;16;B01
201500055551;1;7;0;0;2;0;1;Z01
201500055551;0;32;0;0;2;3;1;A01
201500055552;0;7;0;0;1;1;1;A01
201500055553;0;34;0;0;2;7;16;A01
201500055553;0;1;0;0;2;0;1;B01
201500055554;0;10;0;0;2;2;15;A01
201500055554;0;1;0;0;2;1;1;B01
201500055555;0;7;0;0;1;6;4;A01
201500055556;0;7;0;0;2;1;15;A01
201500055556;0;34;0;0;2;1;17;B01
201500055557;0;32;0;0;2;0;3;A01
201500055557;0;10;0;0;2;1;11;B01
201500055558;0;2;0;0;2;1;1;A01
201500055558;1;2;0;0;2;8;19;Z01
201500055559;0;1;0;0;2;2;1;A01
201500055559;0;7;0;0;2;3;1;B01
201500055560;0;2;0;0;2;1;1;B01
201500055560;0;33;0;0;2;7;15;A01
201500055561;1;30;0;0;1;0;1;Z01
201500055562;0;7;0;0;2;2;16;A01
201500055562;0;30;0;0;2;3;1;B01
201500055563;0;2;0;0;2;2;2;A01
201500055563;0;7;0;0;2;6;23;B01
201500055564;0;2;0;0;2;1;17;A01
201500055564;0;7;0;0;2;3;1;B01
201500055565;0;10;0;0;2;1;1;A01
201500055565;0;7;0;0;2;3;1;B01
201500055566;0;10;0;0;2;6;9;A01
201500055566;0;31;0;0;2;0;1;B01
201500055567;0;7;0;0;2;5;23;B01
201500055567;0;7;0;0;2;4;23;C01
201500055567;0;7;0;0;2;1;2;A01
201500055568;0;7;0;0;1;7;1;A01
201500055569;0;7;0;0;2;1;1;A01
201500055569;0;7;0;0;2;5;15;B01
201500055570;0;7;0;0;2;8;1;B01
201500055570;0;7;0;0;2;5;10;C01
201500055570;0;31;0;0;2;1;1;A01
201500055571;0;1;0;0;2;0;16;A01
201500055571;0;7;0;0;2;0;15;B01
201500055572;0;7;0;0;2;1;15;A01
201500055572;0;30;0;0;2;8;7;B01
201500055573;0;14;0;0;1;5;16;A01
201500055574;0;7;0;0;1;3;1;A01
201500055575;0;10;0;0;2;3;15;B01
201500055575;0;32;0;0;2;2;17;A01
201500055576;0;1;0;0;2;1;5;B01
201500055576;0;7;0;0;2;2;1;A01
201500055577;0;7;0;0;1;3;9;A01
201500055578;0;10;0;0;2;2;13;A01
201500055578;0;1;0;0;2;0;17;B01
201500055579;0;1;0;0;2;1;1;A01
201500055579;1;2;0;0;2;1;5;Z01
201500055580;0;7;0;0;2;2;15;A01
201500055580;0;7;0;0;2;1;1;B01
201500055581;0;30;0;0;2;2;1;A01
201500055581;0;7;0;0;2;7;15;B01
201500055582;0;7;0;0;1;2;1;A01
201500055583;0;30;0;0;2;4;2;A01
201500055583;0;10;0;0;2;4;2;B01
201500055584;0;7;0;0;1;2;1;A01
201500055585;0;31;0;0;1;1;16;A01
201500055586;0;30;0;1;0;1;14;A01
201500055587;0;31;0;0;2;8;1;B01
201500055587;0;7;0;0;2;1;23;A01
201500055588;0;13;0;0;2;6;23;B01
201500055588;0;2;0;0;2;1;2;A01
201500055589;1;7;0;0;1;0;10;Z01
201500055590;0;10;0;0;2;0;1;A01
201500055590;2;7;0;0;2;7;1;Z01
201500055591;1;32;0;0;2;7;1;Z01
201500055591;0;32;0;0;2;8;15;A01
201500055592;2;7;0;0;2;5;1;Z01
201500055592;0;30;0;0;2;1;1;A01
201500055593;0;32;0;0;2;7;1;A01
201500055593;1;1;0;0;2;0;1;Z01
201500055594;0;7;0;0;2;4;2;B01
201500055594;0;7;0;0;2;1;2;A01
201500055595;0;7;0;0;2;1;1;A01
201500055595;0;10;0;0;2;6;13;B01
201500055596;0;34;0;0;2;7;17;B01
201500055596;0;7;0;0;2;8;22;A01
201500055597;0;37;0;0;1;1;1;A01
201500055598;0;1;0;0;0;0;1;A01
201500055599;0;10;0;0;1;2;1;A01
201500055600;0;7;0;0;1;2;1;A01
201500055601;0;7;0;0;2;1;2;A01
201500055601;0;33;0;0;2;0;23;B01
201500055602;0;30;0;0;2;1;2;A01
201500055602;0;7;0;0;2;6;2;B01
201500055603;0;10;0;0;1;2;15;A01
201500055604;1;30;0;0;1;1;1;Z01
201500055605;0;7;0;0;2;4;1;B01
201500055605;0;7;0;0;2;1;1;A01
201500055606;0;7;0;0;2;2;13;A01
201500055606;0;33;0;0;2;7;17;B01
201500055607;0;30;0;0;2;7;13;A01
201500055607;0;7;0;0;2;3;1;B01
201500055608;0;33;0;0;1;1;1;A01
201500055609;0;7;0;14;0;3;1;A01
201500055610;0;10;0;0;1;1;1;A01
201500055611;0;2;0;0;2;1;1;B01
201500055611;0;7;0;0;2;1;15;A01
201500055612;0;31;0;0;1;0;1;A01
201500055613;0;7;0;0;1;0;1;A01
201500055614;0;33;0;0;2;1;1;B01
201500055614;0;7;0;0;2;3;9;A01
201500055615;0;7;0;0;1;1;1;A01
201500055616;0;14;0;0;2;7;7;A01
201500055616;0;1;0;1;2;9;7;B01
201500055616;0;7;0;0;2;0;24;C01
201500055617;0;7;0;0;1;3;4;A01
201500055618;0;2;0;0;2;1;17;B01
201500055618;0;7;0;0;2;3;9;A01
201500055619;0;7;0;0;1;1;1;A01
201500055620;0;32;0;0;0;0;21;A01
201500055621;0;34;0;0;2;1;15;A01
201500055621;0;7;0;0;2;1;1;B01
201500055622;0;7;0;0;2;1;1;A01
201500055622;0;7;0;15;2;8;1;B01
201500055623;0;33;0;0;2;7;17;B01
201500055623;0;7;0;0;2;8;15;A01
201500055624;0;32;0;0;2;7;1;B01
201500055624;0;7;0;0;2;3;1;A01
201500055625;0;31;0;0;2;7;1;C01
201500055625;0;15;0;0;2;3;13;A01
201500055625;0;34;0;0;2;7;1;B01
201500055626;0;33;0;0;2;1;1;B01
201500055626;0;7;0;0;2;2;12;A01
201500055626;0;7;0;0;2;2;1;C01
201500055627;0;34;0;0;1;1;1;A01
201500055628;0;7;0;0;2;6;23;B01
201500055628;0;32;0;0;2;4;23;A01
201500055628;1;34;0;0;2;0;1;Z01
201500055629;0;32;0;0;0;0;1;A01
201500055630;0;31;0;0;2;4;23;B01
201500055630;0;7;0;0;2;1;2;A01
201500055631;0;31;0;0;1;1;1;A01
201500055632;0;10;0;0;1;1;1;A01
201500055633;0;30;0;0;2;2;17;B01
201500055633;0;7;0;0;2;3;9;A01
201500055634;0;7;0;0;1;2;1;A01
201500055635;0;7;0;8;0;1;14;A01
201500055636;0;7;0;0;2;3;9;A01
201500055636;0;32;0;0;2;7;1;B01
201500055637;0;7;0;0;2;7;15;B01
201500055637;0;33;0;0;2;1;17;A01
201500055638;0;31;0;0;1;1;1;A01
201500055639;0;7;0;0;2;3;9;A01
201500055639;0;2;0;0;2;1;17;B01
201500055640;0;33;0;0;2;1;17;A01
201500055640;0;7;0;0;2;3;1;B01
201500055641;0;10;0;1;0;2;10;A01
201500055642;0;7;0;0;2;1;2;A01
201500055642;0;2;0;0;2;4;23;B01
201500055643;0;7;0;0;2;5;16;B01
201500055643;0;32;0;0;2;1;1;A01
201500055644;0;7;0;1;0;2;21;A01
201500055645;0;33;0;0;1;2;1;A01
201500055646;0;7;0;12;2;1;11;A01
201500055646;0;7;0;9;2;2;16;B01
201500055647;1;34;0;0;1;1;1;Z01
201500055648;2;7;0;0;2;2;2;Z01
201500055648;0;7;0;0;2;3;23;A01
201500055649;0;7;0;0;1;7;1;A01
201500055650;1;2;0;1;0;3;13;A01
201500055651;0;7;0;0;2;3;15;B01
201500055651;0;7;0;0;2;2;1;A01
201500055652;0;10;0;0;2;2;1;A01
201500055652;0;33;0;0;2;8;1;B01
201500055653;0;31;0;0;2;1;1;B01
201500055653;0;1;0;0;2;1;15;A01
201500055654;0;30;0;0;2;2;18;A01
201500055654;0;7;0;0;2;7;16;B01
201500055655;0;31;0;0;2;7;1;B01
201500055655;0;7;0;0;2;6;10;A01
201500055656;0;7;0;0;2;8;1;A01
201500055656;0;14;0;0;2;2;1;B01
201500055657;0;2;0;0;2;0;1;A01
201500055657;1;2;0;0;2;0;13;Z01
201500055658;0;10;0;0;2;8;13;A01
201500055658;0;2;0;0;2;2;17;B01
201500055659;0;7;0;7;0;3;1;A01
201500055660;0;32;0;0;2;7;17;B01
201500055660;0;7;0;0;2;0;10;A01
201500055661;0;33;0;0;2;6;1;B01
201500055661;0;10;0;0;2;2;1;A01
201500055662;0;7;0;0;1;1;16;A01
201500055663;1;7;0;0;2;8;1;Z01
201500055663;0;30;0;0;2;1;1;A01
201500055664;0;33;0;0;0;8;1;A01
201500055665;0;10;0;0;2;3;15;B01
201500055665;0;34;0;0;2;7;17;A01
201500055666;0;31;0;0;0;0;1;A01
201500055667;0;10;0;0;2;2;15;A01
201500055667;0;32;0;0;2;1;1;B01
201500055668;0;2;0;0;2;3;9;A01
201500055668;1;7;0;0;2;0;1;Z01
201500055669;0;1;0;0;2;0;1;A01
201500055669;1;7;0;0;2;0;10;Z01
201500055670;0;33;0;0;2;8;1;A01
201500055670;0;7;0;0;2;0;15;B01
201500055671;0;33;0;0;2;0;1;B01
201500055671;0;7;0;0;2;0;10;A01
201500055672;0;30;0;0;2;0;1;B01
201500055672;0;7;0;0;2;2;9;A01
201500055673;0;32;0;0;2;2;17;A01
201500055673;0;10;0;0;2;3;13;B01
201500055674;0;10;0;0;2;3;16;A01
201500055674;0;34;0;0;2;3;17;B01
201500055675;0;7;0;0;2;2;1;B01
201500055675;0;30;0;0;2;1;1;A01
201500055676;0;2;0;0;1;1;1;A01
201500055677;0;7;0;0;1;1;1;A01
201500055678;0;30;0;0;1;0;21;A01
201500055679;0;7;0;0;2;4;1;B01
201500055679;0;7;0;0;2;4;1;A01
201500055680;0;34;0;0;0;0;14;A01
201500055681;0;31;0;0;0;0;1;A01
201500055682;0;2;0;0;1;1;1;A01
201500055683;0;7;0;1;2;2;2;A01
201500055683;0;1;0;0;2;4;2;B01
201500055684;0;7;0;0;2;6;23;B01
201500055684;0;2;0;0;2;1;17;A01
201500055685;0;7;0;0;2;8;15;A01
201500055685;0;2;0;0;2;2;17;B01
201500055686;0;7;0;0;1;1;15;A01
201500055687;0;31;0;0;2;1;1;B01
201500055687;0;10;0;0;2;1;15;A01
201500055688;0;40;0;0;1;2;1;A01
201500055689;0;2;0;0;2;1;1;B01
201500055689;0;7;0;1;2;1;17;A01
201500055690;0;10;0;0;2;1;1;B01
201500055690;0;7;0;0;2;8;1;A01
201500055691;0;32;0;0;1;1;1;A01
201500055692;0;7;0;0;2;3;10;A01
201500055692;0;30;0;0;2;1;1;B01
201500055693;0;7;0;0;2;3;16;A01
201500055693;0;30;0;8;2;1;1;B01
201500055694;0;7;0;0;2;8;15;B01
201500055694;0;7;0;0;2;1;5;A01
201500055695;0;34;0;0;2;1;1;B01
201500055695;0;2;0;0;2;7;15;A01
201500055696;0;33;0;14;2;1;5;A01
201500055696;0;7;0;0;2;6;23;B01
201500055697;0;7;0;4;2;7;1;C01
201500055697;2;7;0;0;2;1;1;A01
201500055697;2;7;0;0;2;9;1;B01
201500055697;0;10;0;0;2;4;23;D01
201500055698;0;34;0;15;0;2;1;A01
201500055699;0;32;0;0;1;1;1;A01
201500055700;0;14;0;0;1;3;1;A01
201500055701;0;7;0;1;1;1;1;A01
201500055702;0;10;0;0;1;7;1;A01
201500055703;0;10;0;0;1;7;1;A01
201500055704;0;10;0;0;1;4;4;A01
201500055705;0;32;0;11;0;1;1;A01
201500055706;0;7;0;15;0;2;10;A01
201500055707;0;7;0;0;1;6;4;A01
201500055708;0;7;0;0;1;1;1;A01
201500055709;0;7;0;0;1;1;1;A01
201500055710;0;7;0;0;2;4;1;B01
201500055710;0;32;0;0;2;1;1;A01
201500055711;0;30;0;0;2;8;18;B01
201500055711;0;14;0;0;2;2;16;A01
201500055712;0;30;0;0;2;3;5;A01
201500055712;0;7;0;0;2;5;1;B01
201500055713;0;10;0;0;1;2;1;A01
201500055714;0;30;0;0;2;3;1;B01
201500055714;0;7;0;0;2;2;15;A01
201500055715;0;32;0;0;2;1;1;B01
201500055715;0;7;0;0;2;2;1;A01
201500055716;0;7;0;7;2;5;2;A01
201500055716;0;7;0;0;2;0;2;B01
201500055717;0;7;0;0;1;6;4;A01
201500055718;0;33;0;0;2;3;1;B01
201500055718;0;10;0;0;2;1;15;A01
201500055719;0;30;0;0;0;3;1;A01
201500055720;0;7;0;0;2;2;1;A01
201500055720;0;30;0;0;2;1;1;B01
201500055721;0;7;0;0;2;7;1;A01
201500055721;0;7;0;0;2;1;1;B01
201500055722;0;7;0;9;2;1;1;C01
201500055722;0;7;0;0;2;2;1;A01
201500055722;0;7;0;15;2;1;1;B01
201500055723;0;7;0;0;2;1;1;A01
201500055723;0;32;0;0;2;8;23;B01
201500055723;0;37;1;0;2;1;23;D01
201500055723;0;7;0;0;2;8;23;C01
201500055724;0;2;0;11;2;1;1;A01
201500055724;0;2;0;0;2;1;1;B01
201500055725;0;31;0;14;0;1;1;A01
201500055726;0;7;0;0;2;1;5;A01
201500055726;0;33;0;0;2;1;1;B01
201500055727;0;33;0;1;1;1;1;A01
201500055728;0;7;0;0;2;2;23;A01
201500055728;0;33;0;0;2;1;2;B01
201500055729;0;7;0;0;2;1;2;A01
201500055729;0;1;0;0;2;4;2;B01
201500055730;0;10;0;0;1;0;15;A01
201500055731;0;33;0;0;2;8;21;A01
201500055731;0;7;0;0;2;8;1;B01
201500055732;0;31;0;0;1;1;1;A01
201500055733;0;7;0;0;2;5;12;A01
201500055733;0;33;0;0;2;1;3;B01
201500055734;0;33;0;0;0;0;1;A01
201500055735;0;10;0;0;2;6;2;B01
201500055735;0;30;0;0;2;1;2;A01
201500055736;0;7;0;0;2;6;1;C01
201500055736;0;33;0;0;2;1;3;A01
201500055736;0;10;0;0;2;5;1;B01
201500055737;0;14;0;0;1;0;16;A01
201500055738;0;7;0;0;1;3;1;A01
201500055739;0;7;0;0;2;7;16;B01
201500055739;0;33;0;0;2;3;18;A01
201500055740;0;7;0;0;2;8;11;B01
201500055740;0;33;0;0;2;1;3;A01
201500055741;0;7;0;0;2;3;11;B01
201500055741;0;2;0;0;2;3;1;A01
201500055742;0;7;0;0;2;2;7;A01
201500055742;0;31;0;0;2;3;12;B01
201500055743;0;31;0;14;0;3;1;A01
201500055744;0;7;0;0;1;1;1;A01
201500055745;0;31;0;0;0;0;21;A01
201500055746;0;10;0;0;2;1;5;A01
201500055746;0;7;0;0;2;8;1;C01
201500055746;0;1;0;0;2;1;1;B01
201500055747;0;33;0;0;1;1;1;A01
201500055748;0;33;0;0;2;1;1;C01
201500055748;0;33;0;0;2;1;1;B01
201500055748;0;7;0;0;2;6;13;A01
201500055749;1;7;0;0;1;2;1;Z01
201500055750;0;1;0;0;2;7;19;B01
201500055750;0;7;0;0;2;3;1;A01
201500055751;0;10;0;1;0;3;13;A01
201500055752;0;33;0;0;0;1;1;A01
201500055753;0;37;0;0;1;2;1;A01
201500055754;0;31;0;0;1;1;1;A01
201500055755;0;30;0;12;0;7;14;A01
201500055756;0;7;0;0;2;6;11;A01
201500055756;0;31;0;0;2;1;1;B01
201500055757;0;33;0;0;2;1;1;B01
201500055757;0;7;0;0;2;7;15;A01
201500055758;0;7;0;0;1;3;1;A01
201500055759;0;37;0;0;1;7;7;A01
201500055760;0;30;0;0;2;1;17;A01
201500055760;0;7;0;0;2;3;1;B01
201500055761;0;7;0;0;2;3;1;A01
201500055761;0;7;0;0;2;2;1;B01
201500055762;0;30;0;0;2;7;17;B01
201500055762;0;7;0;0;2;8;15;A01
201500055763;0;7;0;0;2;3;1;A01
201500055763;0;7;0;0;2;3;1;C01
201500055763;0;7;0;0;2;2;15;B01
201500055764;0;37;3;0;2;2;7;B01
201500055764;0;7;0;0;2;3;17;A01
201500055765;0;30;0;8;0;2;1;A01
201500055766;0;14;0;0;1;5;1;A01
201500055767;0;33;0;0;2;1;1;B01
201500055767;0;7;0;0;2;2;15;A01
201500055768;0;33;0;0;1;1;1;A01
201500055769;0;33;0;15;0;1;1;A01
201500055770;0;7;0;0;1;6;4;A01
201500055771;0;32;0;0;0;1;1;A01
201500055772;0;33;0;12;0;1;14;A01
201500055773;0;31;0;12;0;2;1;A01
201500055774;0;10;0;0;2;2;12;A01
201500055774;0;32;0;1;2;1;1;B01
201500055775;0;7;0;0;2;5;15;A01
201500055775;0;31;0;14;2;1;7;B01
201500055776;0;7;0;14;1;1;1;A01
201500055777;0;7;0;0;1;3;7;A01
201500055778;0;34;0;0;1;3;7;A01
201500055779;0;7;0;0;2;7;15;A01
201500055779;0;33;0;0;2;1;1;B01
201500055780;0;7;0;0;2;8;1;B01
201500055780;0;1;0;0;2;1;1;A01
201500055781;0;34;0;0;0;1;1;A01
201500055782;0;7;0;0;2;1;2;A01
201500055782;0;7;0;0;2;4;23;B01
201500055783;0;7;0;0;2;2;5;A01
201500055783;0;7;0;0;2;8;1;B01
201500055784;0;7;0;4;1;1;16;A01
201500055785;0;37;0;0;1;2;1;A01
201500055786;0;7;0;2;0;9;17;A01
201500055787;0;7;0;0;2;1;1;B01
201500055787;0;7;0;0;2;5;1;A01
201500055788;0;33;0;0;2;1;7;B01
201500055788;0;7;0;0;2;7;15;A01
201500055789;0;7;0;0;2;6;1;A01
201500055789;1;34;0;0;1;1;3;Z01
201500055789;0;10;0;0;2;2;1;B01
201500055790;0;7;0;1;1;1;13;A01
201500055791;0;7;0;0;2;3;1;A01
201500055791;0;33;0;0;2;7;1;B01
201500055792;0;31;0;7;0;8;13;A01
201500055793;0;33;0;0;2;1;1;A01
201500055793;0;7;0;0;2;3;1;B01
201500055794;0;7;0;0;2;1;1;A01
201500055794;0;7;0;0;2;7;1;B01
201500055795;0;3;0;1;0;2;14;A01
201500055796;0;33;0;0;2;2;1;A01
201500055796;0;10;0;0;2;6;23;B01
201500055797;0;33;0;0;2;7;2;A01
201500055797;0;7;0;0;2;4;2;B01
201500055798;0;7;0;0;2;5;1;C01
201500055798;0;33;0;0;2;1;3;A01
201500055798;0;7;0;0;2;6;1;B01
201500055799;0;31;0;0;1;1;1;A01
201500055800;0;7;0;11;0;3;1;A01
201500055801;0;31;0;0;2;1;1;B01
201500055801;0;7;0;0;2;2;16;A01
201500055802;0;10;0;0;1;2;1;A01
201500055803;0;33;0;0;1;1;1;A01
201500055804;1;33;0;15;1;8;1;Z01
201500055805;0;7;0;0;2;2;1;A01
201500055805;0;33;0;0;2;2;15;B01
201500055806;0;7;0;0;2;8;1;B01
201500055806;0;33;0;0;2;1;1;A01
201500055807;0;7;0;0;2;7;12;A01
201500055807;0;32;0;0;2;8;3;B01
201500055808;0;7;0;0;1;1;1;A01
201500055809;0;7;0;0;2;1;2;A01
201500055809;0;7;0;0;2;4;2;B01
201500055810;0;7;0;0;1;2;1;A01
201500055811;0;30;0;0;2;1;1;A01
201500055811;0;31;0;0;2;6;15;B01
201500055812;0;7;0;0;2;7;12;A01
201500055812;0;31;0;0;2;8;3;B01
201500055813;0;15;0;0;2;3;1;C01
201500055813;0;7;0;0;2;9;17;A01
201500055813;0;31;0;4;2;9;1;B01
201500055814;0;2;0;0;2;2;2;A01
201500055814;0;7;0;0;2;5;23;B01
201500055815;0;34;0;1;2;9;2;A01
201500055815;0;37;0;0;2;2;23;D01
201500055815;0;7;0;0;2;6;2;B01
201500055815;0;7;0;0;2;6;2;C01
201500055816;0;34;0;0;1;1;1;A01
201500055817;0;34;0;11;0;1;17;A01
201500055818;0;2;0;0;0;0;1;A01
201500055819;0;7;0;0;1;3;1;A01
201500055820;0;7;0;0;1;3;7;A01
201500055821;0;31;0;0;2;1;3;B01