num_acc;senc;catv;occutc;obs;obsm;choc;manv;num_veh
201500055821;0;7;0;0;2;3;11;A01
201500055822;0;30;0;11;0;3;16;A01
201500055823;0;31;0;12;0;1;13;A01
201500055824;0;33;0;0;2;1;1;A01
201500055824;0;1;0;0;2;4;15;B01
201500055825;0;2;0;0;2;1;2;A01
201500055825;0;7;0;0;2;5;23;B01
201500055826;0;33;0;0;2;7;1;B01
201500055826;0;7;0;0;2;7;10;A01
201500055827;0;2;0;0;1;1;1;A01
201500055828;0;37;1;0;2;7;1;B01
201500055828;0;33;0;0;2;1;1;A01
201500055829;0;7;0;0;2;7;1;A01
201500055829;0;2;0;0;2;8;1;B01
201500055830;0;7;0;0;1;0;1;A01
201500055831;0;34;0;0;2;7;1;B01
201500055831;0;15;0;0;2;3;10;A01
201500055832;0;33;0;0;2;3;1;B01
201500055832;0;7;0;0;2;1;15;A01
201500055833;0;7;0;1;2;1;1;A01
201500055833;0;32;0;0;2;4;23;B01
201500055834;0;34;0;0;1;1;1;A01
201500055835;0;7;0;8;2;7;1;A01
201500055835;0;10;0;1;2;1;1;B01
201500055836;0;17;0;0;2;5;1;B01
201500055836;0;31;0;0;2;3;18;A01
201500055837;0;31;0;0;2;1;1;B01
201500055837;0;7;0;0;2;8;9;A01
201500055838;0;7;0;0;2;7;1;A01
201500055838;0;34;0;0;2;1;1;B01
201500055839;0;30;0;0;0;1;1;A01
201500055840;0;7;0;0;2;1;18;A01
201500055840;0;33;0;0;2;5;1;B01
201500055841;0;1;0;0;1;1;1;A01
201500055842;0;30;0;12;0;8;14;A01
201500055843;0;7;0;0;2;7;16;A01
201500055843;0;33;0;0;2;1;1;B01
201500055844;0;1;0;0;2;1;1;A01
201500055844;0;7;0;0;2;3;1;B01
201500055845;0;14;0;0;1;2;16;A01
201500055846;0;7;0;0;2;3;15;B01
201500055846;0;31;0;0;2;1;1;A01
201500055847;0;33;0;4;0;2;1;A01
201500055848;0;7;0;0;1;1;16;A01
201500055849;0;1;0;3;0;3;14;A01
201500055850;0;7;0;0;1;1;1;A01
201500055851;0;33;0;0;1;1;17;A01
201500055852;0;7;0;0;2;6;5;A01
201500055852;0;7;0;0;2;3;15;B01
201500055853;0;33;0;0;2;1;1;B01
201500055853;0;15;0;0;2;7;15;A01
201500055854;0;7;0;0;1;3;1;A01
201500055855;0;7;0;0;2;2;15;A01
201500055855;0;33;0;0;2;1;1;B01
201500055856;0;32;0;0;2;1;1;B01
201500055856;0;7;0;0;2;7;15;A01
201500055857;0;2;0;1;0;4;13;A01
201500055858;1;2;0;0;2;7;1;Z01
201500055858;0;7;0;0;2;2;1;B01
201500055859;0;7;0;0;2;1;15;A01
201500055859;0;33;0;1;2;6;1;B01
201500055860;0;30;0;0;2;1;17;A01
201500055860;0;7;0;0;2;3;13;B01
201500055861;0;31;0;12;0;1;1;A01
201500055862;0;7;0;0;2;3;15;A01
201500055862;0;32;0;0;2;5;17;B01
201500055863;0;2;0;8;1;0;16;A01
201500055864;0;31;0;12;2;8;14;A01
201500055865;0;33;0;0;2;2;3;B01
201500055865;1;7;0;0;2;0;12;Z01
201500055866;0;1;0;0;2;8;1;B01
201500055866;0;15;0;0;2;2;16;A01
201500055867;0;1;0;0;1;8;1;A01
201500055868;0;7;0;0;2;6;24;B01
201500055868;0;2;0;1;2;1;1;A01
201500055869;0;32;0;0;0;0;13;A01
201500055870;0;32;0;0;2;1;1;A01
201500055870;0;7;0;0;2;3;1;B01
201500055871;0;33;0;0;2;1;3;A01
201500055871;0;7;0;0;2;6;1;B01
201500055872;0;7;0;0;2;4;23;A01
201500055872;1;7;0;0;2;1;2;Z01
201500055873;0;33;0;0;1;1;1;A01
201500055874;0;31;0;0;2;1;1;A01
201500055874;0;7;0;0;2;7;1;B01
201500055875;0;7;0;0;2;2;15;A01
201500055875;0;31;0;0;2;1;1;B01
201500055876;0;7;0;0;2;8;15;B01
201500055876;0;32;0;0;2;1;17;A01
201500055877;0;7;0;0;2;1;1;B01
201500055877;0;7;0;0;2;1;1;C01
201500055877;0;31;0;3;2;3;1;A01
201500055878;0;10;0;0;1;8;1;A01
201500055879;0;33;0;12;0;1;1;A01
201500055880;0;31;0;0;2;1;1;B01
201500055880;0;14;0;0;2;8;10;A01
201500055880;0;31;0;0;2;1;1;C01
201500055881;0;31;0;0;2;1;1;A01
201500055881;0;7;0;0;2;6;23;B01
201500055882;0;10;0;0;2;1;1;A01
201500055882;0;7;0;0;0;4;1;B01
201500055883;0;7;0;0;2;8;1;B01
201500055883;0;10;0;0;2;7;1;A01
201500055884;0;1;0;0;1;1;1;A01
201500055885;0;1;0;0;0;7;18;B01
201500055885;0;7;0;0;2;2;22;A01
201500055886;0;33;0;0;2;2;1;B01
201500055886;0;10;0;0;2;7;11;A01
201500055887;0;17;0;0;0;0;0;A01
201500055887;0;1;0;0;0;0;0;C01
201500055887;0;1;0;0;0;0;0;B01
201500055888;0;31;0;0;0;0;1;A01
201500055889;1;7;0;0;1;0;1;Z01
201500055890;0;7;0;0;2;6;1;A01
201500055890;0;7;0;0;2;1;1;B01
201500055891;0;7;0;0;2;5;23;B01
201500055891;0;32;0;0;2;3;2;A01
201500055892;0;32;0;0;1;1;1;A01
201500055893;0;14;0;6;0;0;1;A01
201500055894;0;33;0;0;0;3;1;A01
201500055895;0;10;0;0;2;2;1;A01
201500055895;0;33;0;0;2;1;1;B01
201500055896;0;14;0;6;1;2;13;A01
201500055896;0;7;0;0;2;1;1;B01
201500055897;0;7;0;0;2;1;10;A01
201500055897;0;33;0;1;2;1;1;B01
201500055898;0;7;0;0;2;3;1;A01
201500055898;0;30;0;0;2;1;1;B01
201500055899;0;32;0;1;0;1;1;A01
201500055900;0;7;0;0;2;3;2;A01
201500055900;0;34;0;0;2;4;2;B01
201500055901;0;14;0;0;2;0;21;A01
201500055902;0;30;0;0;2;8;1;B01
201500055902;0;7;0;0;2;3;15;A01
201500055903;0;33;0;1;9;1;13;A01
201500055904;0;7;0;7;0;5;4;A01
201500055905;0;17;0;0;1;1;1;A01
201500055906;0;1;0;0;2;1;1;A01
201500055906;0;7;0;0;2;3;23;C01
201500055906;0;33;0;0;2;1;1;B01
201500055907;0;30;0;5;0;3;13;A01
201500055908;0;7;0;0;1;3;1;A01
201500055909;0;10;0;0;2;2;16;A01
201500055909;0;1;0;0;2;0;18;B01
201500055910;0;7;0;0;2;1;15;A01
201500055910;0;34;0;0;2;1;1;B01
201500055911;0;7;0;0;2;8;13;A01
201500055911;0;2;0;0;2;2;17;B01
201500055912;0;10;0;7;1;8;5;A01
201500055913;0;31;0;0;0;3;21;A01
201500055914;2;33;0;5;0;1;1;Z01
201500055915;0;2;0;0;0;0;1;A01
201500055916;0;33;0;0;2;9;3;A01
201500055916;0;10;0;0;2;5;1;D01
201500055916;0;7;0;0;2;7;1;B01
201500055916;0;10;0;0;2;8;1;C01
201500055917;0;33;0;0;2;1;2;A01
201500055917;0;7;0;0;2;4;2;B01
201500055918;0;10;0;0;2;4;2;B01
201500055918;0;14;0;0;2;1;2;A01
201500055919;0;7;0;0;2;2;13;A01
201500055919;0;33;0;0;2;1;5;B01
201500055920;0;7;0;0;2;1;16;A01
201500055920;0;7;0;0;2;0;1;B01
201500055921;0;7;0;0;2;7;15;A01
201500055921;0;10;0;0;2;1;1;B01
201500055922;0;7;0;0;2;7;1;B01
201500055922;0;10;0;0;2;1;1;A01
201500055923;0;33;0;0;2;1;1;B01
201500055923;0;7;0;0;2;2;5;A01
201500055924;0;10;0;0;2;1;1;A01
201500055924;0;7;0;0;2;2;1;B01
201500055925;0;10;0;0;1;1;1;A01
201500055926;0;7;0;0;2;3;1;B01
201500055926;0;30;0;0;2;1;5;A01
201500055927;0;7;0;0;1;1;15;A01
201500055928;0;33;0;4;0;7;13;A01
201500055929;0;31;0;1;0;1;13;A01
201500055930;0;10;0;0;1;7;1;A01
201500055931;0;2;0;2;0;1;14;A01
201500055932;0;7;0;0;2;3;15;B01
201500055932;0;7;0;0;2;2;5;A01
201500055933;0;7;0;0;1;3;1;A01
201500055934;0;32;0;14;0;0;1;A01
201500055935;0;7;0;0;2;2;1;A01
201500055935;0;7;0;0;2;0;1;B01
201500055936;0;1;0;0;2;3;1;B01
201500055936;0;14;0;0;2;2;16;A01
201500055937;0;7;0;0;1;7;1;A01
201500055938;0;10;0;0;1;4;4;A01
201500055939;0;37;0;0;2;3;15;A01
201500055939;0;31;0;0;2;2;17;B01
201500055940;0;30;0;0;2;0;1;A01
201500055940;0;7;0;0;2;0;1;B01
201500055941;0;30;0;1;0;1;14;A01
201500055942;0;33;0;1;2;7;1;B01
201500055942;0;7;0;0;2;1;15;A01
201500055943;0;2;0;12;0;0;14;A01
201500055944;0;31;0;0;2;7;17;A01
201500055944;0;7;0;0;2;8;15;B01
201500055945;0;14;0;0;2;3;1;B01
201500055945;0;2;0;0;2;1;12;A01
201500055946;0;33;0;12;0;1;13;A01
201500055947;0;7;0;0;1;0;1;A01
201500055948;0;32;0;0;1;3;1;A01
201500055949;0;31;0;0;2;1;1;A01
201500055949;0;10;0;0;2;4;23;B01
201500055950;0;1;0;15;0;0;0;A01
201500055951;0;7;0;0;1;2;1;A01
201500055952;0;31;0;0;2;8;1;A01
201500055952;0;7;0;0;2;1;1;B01
201500055953;0;7;0;0;2;1;1;A01
201500055953;0;31;0;0;2;1;1;B01
201500055954;0;31;0;0;2;2;1;B01
201500055954;0;7;0;0;2;1;1;A01
201500055955;0;30;0;11;0;1;5;A01
201500055956;0;33;0;14;2;1;2;A01
201500055956;0;7;0;0;2;6;23;B01
201500055957;0;33;0;12;0;1;13;A01
201500055958;0;1;0;0;2;0;5;B01
201500055958;0;10;0;0;2;2;9;A01
201500055959;0;10;0;0;2;1;11;A01
201500055959;0;7;0;0;2;9;2;B01
201500055959;0;7;0;0;2;4;2;D01
201500055959;0;7;0;0;2;9;2;C01
201500055960;0;7;0;0;2;3;15;A01
201500055960;0;31;0;0;0;7;1;B01
201500055961;0;2;0;0;0;2;1;A01
201500055962;0;14;0;0;2;7;12;A01
201500055962;0;1;0;0;2;8;1;B01
201500055963;0;33;0;0;2;3;15;B01
201500055963;0;7;0;0;2;3;1;C01
201500055963;0;33;0;0;2;1;5;A01
201500055964;0;7;0;0;1;0;1;A01
201500055965;0;2;0;0;1;1;1;A01
201500055966;0;34;0;0;2;7;1;B01
201500055966;0;7;0;0;2;1;1;A01
201500055967;0;7;0;0;2;6;11;A01
201500055967;0;34;0;0;2;2;1;B01
201500055968;0;10;0;0;1;0;1;A01
201500055969;0;2;0;0;2;1;1;A01
201500055969;0;7;0;0;2;2;1;B01
201500055970;0;7;0;0;0;9;12;A01
201500055971;0;7;0;0;2;0;1;A01
201500055971;0;7;0;0;2;8;1;B01
201500055972;0;33;0;0;2;1;1;B01
201500055972;0;10;0;0;2;5;15;A01
201500055973;0;33;0;0;1;1;1;A01
201500055974;0;7;0;0;2;1;1;A01
201500055974;0;7;0;0;2;4;11;B01
201500055975;0;7;0;0;2;6;1;B01
201500055975;0;7;0;0;2;2;1;A01
201500055976;0;34;0;14;2;3;1;B01
201500055976;0;7;0;0;2;2;23;A01
201500055977;0;33;0;0;2;3;18;B01
201500055977;0;7;0;0;2;0;1;A01
201500055978;0;14;0;0;2;7;16;A01
201500055978;0;1;0;0;2;8;18;B01
201500055979;0;33;0;15;0;3;13;A01
201500055980;1;7;0;0;2;0;1;Z01
201500055980;0;7;0;9;0;8;23;A01
201500055981;0;2;0;2;0;1;2;A01
201500055982;0;10;0;0;2;1;1;A01
201500055982;0;7;0;0;2;0;1;B01
201500055983;0;7;0;0;1;1;1;A01
201500055984;0;33;0;0;2;7;15;B01
201500055984;0;7;0;0;2;1;1;A01
201500055985;0;7;0;0;2;3;1;A01
201500055985;0;33;0;0;2;0;1;B01
201500055986;0;1;0;0;2;8;1;B01
201500055986;0;32;0;0;2;6;14;A01
201500055987;0;31;0;0;2;1;17;A01
201500055987;0;7;0;0;2;3;1;B01
201500055988;0;34;0;0;2;0;1;B01
201500055988;0;2;0;0;2;1;9;A01
201500055989;0;33;0;0;2;1;14;A01
201500055989;1;7;0;0;2;5;1;Z01
201500055990;0;10;0;0;2;2;15;A01
201500055990;0;2;0;0;2;8;1;B01
201500055991;0;31;0;0;1;1;1;A01
201500055992;0;33;0;0;1;1;1;A01
201500055993;0;7;0;0;1;1;1;A01
201500055994;0;1;0;0;2;8;5;B01
201500055994;0;33;0;0;2;1;1;A01
201500055995;0;7;0;0;1;2;1;A01
201500055996;1;7;0;0;1;0;1;Z01
201500055997;0;7;0;0;2;2;1;B01
201500055997;0;33;0;12;2;3;1;C01
201500055997;0;10;0;0;2;0;13;A01
201500055998;0;1;0;0;2;1;1;A01
201500055998;0;7;0;0;2;1;1;B01
201500055999;0;7;0;0;2;0;1;B01
201500055999;0;7;0;0;2;0;1;A01
201500056000;0;7;0;0;2;0;14;A01
201500056000;0;7;0;14;2;1;1;B01
201500056001;0;7;0;0;1;8;1;A01
201500056002;0;31;0;0;2;2;1;A01
201500056002;0;7;0;0;2;0;1;B01
201500056003;0;32;0;0;1;3;1;A01
201500056004;0;10;0;0;1;2;1;A01
201500056005;0;7;0;0;2;5;1;B01
201500056005;0;7;0;0;2;1;1;A01
201500056006;0;31;0;0;2;0;1;B01
201500056006;0;7;0;0;2;6;16;A01
201500056007;0;7;0;0;2;7;15;A01
201500056007;0;33;0;0;2;1;1;B01
201500056008;0;33;0;0;2;7;3;A01
201500056008;0;7;0;0;2;6;1;B01
201500056009;0;7;0;0;2;6;10;A01
201500056009;0;33;0;0;2;1;1;B01
201500056010;1;10;0;0;2;8;14;Z01
201500056010;0;31;0;0;2;9;1;A01
201500056011;0;7;0;9;0;1;1;A01
201500056012;0;7;0;0;2;1;1;B01
201500056012;2;7;0;15;2;7;13;A01
201500056013;0;7;0;0;2;4;15;A01
201500056013;0;1;0;0;2;1;2;B01
201500056014;0;7;0;0;2;1;1;A01
201500056014;0;33;0;0;2;1;1;B01
201500056015;0;31;0;0;2;3;1;A01
201500056015;0;30;0;0;2;2;1;B01
201500056016;0;7;0;1;2;6;10;A01
201500056016;0;33;0;11;2;1;1;B01
201500056017;0;32;0;0;1;1;1;A01
201500056018;0;7;0;0;1;1;1;A01
201500056019;0;7;0;0;2;5;1;B01
201500056019;0;32;0;0;2;1;1;A01
201500056020;0;33;0;0;2;1;1;B01
201500056020;0;7;0;0;2;3;10;A01
201500056021;0;30;0;0;2;1;18;A01
201500056021;0;7;0;0;2;7;16;B01
201500056022;0;7;0;0;1;6;4;A01
201500056023;0;10;0;0;1;4;4;A01
201500056024;0;7;0;0;1;2;1;A01
201500056025;0;7;0;0;2;6;13;A01
201500056025;0;33;0;0;2;2;14;B01
201500056026;2;33;0;0;2;1;1;Z01
201500056026;0;33;0;0;2;0;1;A01
201500056027;0;7;0;0;2;2;1;B01
201500056027;0;30;0;8;2;8;18;A01
201500056028;0;7;0;0;2;1;2;A01
201500056028;0;7;0;0;2;4;2;B01
201500056028;0;7;0;0;2;4;2;C01
201500056029;0;2;0;11;0;1;1;A01
201500056030;0;33;0;0;2;6;1;B01
201500056030;0;7;0;0;2;3;1;A01
201500056031;0;7;0;0;2;0;1;C01
201500056031;0;32;0;0;2;1;12;A01
201500056031;0;7;0;0;2;0;1;B01
201500056032;0;37;0;0;1;2;13;A01
201500056033;0;7;0;0;2;7;16;B01
201500056033;0;32;0;0;2;8;7;A01
201500056034;0;33;0;0;0;0;1;A01
201500056035;0;7;0;0;2;3;1;B01
201500056035;0;7;0;8;2;7;1;A01
201500056035;0;2;0;0;2;1;23;C01
201500056035;0;7;0;0;2;1;23;D01
201500056036;0;32;0;0;2;7;15;A01
201500056036;0;34;0;0;2;1;1;B01
201500056037;0;7;0;1;1;4;4;A01
201500056038;0;2;0;0;1;1;1;A01
201500056039;0;33;0;3;0;1;13;A01
201500056040;0;10;0;0;2;3;1;A01
201500056040;0;10;0;0;2;7;1;B01
201500056041;0;31;0;0;1;1;1;A01
201500056042;0;7;0;0;1;2;2;A01
201500056043;0;33;0;0;0;0;1;A01
201500056044;0;7;0;0;2;2;1;A01
201500056044;0;33;0;0;2;8;15;B01
201500056045;0;7;0;2;0;1;13;A01
201500056046;1;7;0;0;1;2;1;Z01
201500056047;0;7;0;14;2;2;1;A01
201500056047;0;33;0;0;2;4;1;B01
201500056048;0;31;0;0;2;1;1;B01
201500056048;0;7;0;0;2;5;15;A01
201500056049;0;7;0;7;0;3;1;A01
201500056050;0;7;0;0;2;1;1;A01
201500056050;0;7;0;0;2;4;1;B01
201500056050;0;7;0;0;2;4;1;C01
201500056051;0;31;0;14;0;0;1;A01
201500056052;0;7;0;0;2;2;2;A01
201500056052;0;33;0;0;2;4;2;B01
201500056053;0;7;0;0;2;2;10;A01
201500056053;0;31;0;0;2;1;1;B01
201500056054;0;33;0;0;2;3;11;B01
201500056054;0;2;0;0;2;2;2;A01
201500056055;0;7;0;0;2;0;23;B01
201500056055;0;31;0;0;2;1;17;A01
201500056056;0;1;0;0;2;0;18;B01
201500056056;0;13;0;0;2;2;16;A01
201500056057;0;37;0;0;2;6;23;B01
201500056057;0;33;0;0;1;8;1;A01
201500056058;0;7;0;0;2;6;1;B01
201500056058;0;33;0;0;2;0;1;A01
201500056059;0;30;0;0;1;1;1;A01
201500056060;0;7;0;0;2;3;1;A01
201500056060;0;1;0;0;2;3;1;B01
201500056061;0;31;0;0;2;1;1;A01
201500056061;0;7;0;0;2;3;1;B01
201500056062;0;1;0;0;2;6;18;B01
201500056062;0;37;0;0;2;7;16;A01
201500056063;0;14;0;0;1;0;16;A01
201500056064;0;33;0;0;2;1;1;B01
201500056064;0;7;0;0;2;7;10;A01
201500056065;0;7;0;0;2;2;15;A01
201500056065;0;31;0;1;2;0;1;B01
201500056066;0;7;0;0;2;8;10;A01
201500056066;0;2;0;0;2;1;17;B01
201500056067;0;7;0;6;2;7;15;A01
201500056067;0;33;0;1;2;1;1;B01
201500056068;0;10;0;0;2;8;13;A01
201500056068;0;33;0;0;2;1;7;B01
201500056069;0;7;0;0;2;3;1;A01
201500056069;0;7;0;0;2;5;23;B01
201500056070;0;7;0;0;1;7;1;A01
201500056071;0;7;0;0;1;3;7;A01
201500056072;1;30;0;0;1;0;1;Z01
201500056073;0;33;0;0;2;1;1;B01
201500056073;0;10;0;0;2;7;15;A01
201500056074;0;33;0;4;0;1;13;A01
201500056075;0;7;0;0;2;1;15;A01
201500056075;0;33;0;0;2;1;1;B01
201500056076;0;7;0;0;2;8;22;A01
201500056076;0;1;0;0;2;5;1;B01
201500056077;0;7;0;0;1;1;11;A01
201500056078;0;1;0;0;2;5;13;A01
201500056078;0;7;0;0;2;5;23;B01
201500056079;0;7;0;0;2;1;16;A01
201500056079;0;1;0;0;2;7;19;B01
201500056080;0;33;0;0;2;3;3;A01
201500056080;0;7;0;0;2;7;12;B01
201500056081;0;13;0;0;2;4;1;C01
201500056081;0;7;0;0;2;1;13;A01
201500056081;0;10;0;0;2;2;1;B01
201500056082;2;7;0;0;2;1;5;Z01
201500056082;0;7;0;0;2;7;1;A01
201500056083;0;37;0;0;1;2;1;A01
201500056084;0;14;0;0;1;2;1;A01
201500056085;0;7;0;0;2;1;1;B01
201500056085;0;7;0;1;1;2;1;A01
201500056086;0;7;0;0;2;0;1;A01
201500056086;0;7;0;0;2;5;23;B01
201500056087;0;7;0;0;1;2;1;A01
201500056088;0;32;0;8;0;1;1;A01
201500056089;0;7;0;0;2;7;12;A01
201500056089;0;33;0;0;2;8;3;B01
201500056090;0;7;0;1;2;4;23;C01
201500056090;0;14;0;0;2;1;2;A01
201500056090;0;7;0;0;2;4;23;D01
201500056090;0;7;0;0;2;4;23;E01
201500056090;0;7;0;0;2;4;23;B01
201500056091;1;7;0;0;2;1;2;Z01
201500056091;0;7;0;4;2;4;2;A01
201500056092;0;7;0;0;2;6;2;B01
201500056092;0;33;0;0;2;8;2;A01
201500056093;0;33;0;0;2;2;1;A01
201500056093;1;7;0;0;2;6;11;Z01
201500056094;0;7;0;0;2;4;2;B01
201500056094;0;33;0;0;2;1;2;A01
201500056095;0;7;0;0;2;4;1;C01
201500056095;0;34;0;0;2;8;3;A01
201500056095;0;7;0;0;2;7;12;B01
201500056096;0;7;0;0;2;1;2;A01
201500056096;0;7;0;0;2;4;23;B01
201500056097;0;10;0;0;2;2;1;B01
201500056097;0;7;0;12;2;1;14;A01
201500056098;0;7;0;0;2;8;11;A01
201500056098;0;33;0;0;2;7;3;B01
201500056099;0;33;0;0;0;7;3;A01
201500056100;1;7;0;0;2;5;12;Z01
201500056100;0;33;0;0;2;3;3;A01
201500056101;1;7;0;0;2;3;11;Z01
201500056101;0;31;0;0;2;2;3;A01
201500056102;0;7;0;0;2;7;12;A01
201500056102;0;10;0;0;2;8;1;C01
201500056102;0;33;0;0;2;1;3;B01
201500056103;0;7;0;0;2;1;1;A01
201500056103;0;7;0;0;2;4;1;B01
201500056103;0;7;0;0;2;1;1;C01
201500056103;0;7;0;0;2;1;1;D01
201500056104;0;7;0;0;2;4;1;B01
201500056104;0;7;0;0;2;1;1;A01
201500056105;0;10;0;0;2;0;13;A01
201500056105;0;31;0;0;2;8;1;B01
201500056106;0;10;0;0;2;0;1;B01
201500056106;0;33;0;0;2;0;23;A01
201500056107;0;7;0;0;2;8;11;A01
201500056107;0;33;0;0;2;7;3;B01
201500056108;0;7;0;0;2;1;2;A01
201500056108;0;7;0;0;2;4;23;C01
201500056108;0;7;0;0;2;4;23;B01
201500056109;0;7;0;0;2;1;1;A01
201500056109;0;7;0;0;2;4;1;B01
201500056109;0;7;0;0;2;6;1;D01
201500056109;0;33;0;0;2;4;1;C01
201500056110;0;10;0;0;2;8;11;A01
201500056110;0;31;0;0;2;7;3;B01
201500056111;0;33;0;0;0;0;3;A01
201500056112;0;33;0;0;2;2;1;B01
201500056112;0;7;0;0;2;6;11;A01
201500056113;0;7;0;0;2;4;1;B01
201500056113;0;7;0;0;2;1;1;A01
201500056113;0;7;0;0;2;3;1;C01
201500056114;0;34;0;14;0;1;1;A01
201500056115;0;31;0;0;2;2;1;A01
201500056115;0;7;0;0;2;6;23;B01
201500056116;0;32;0;0;0;8;3;A01
201500056117;0;7;0;0;2;5;1;B01
201500056117;0;33;0;0;2;1;3;A01
201500056118;0;7;0;0;2;6;11;A01
201500056118;0;33;0;4;2;7;1;B01
201500056119;0;7;0;0;2;5;1;B01
201500056119;0;34;0;0;2;3;3;A01
201500056120;0;7;0;0;2;4;1;B01
201500056120;0;7;0;0;2;1;1;A01
201500056121;0;34;0;0;2;4;3;B01
201500056121;0;7;0;0;2;2;23;C01
201500056121;0;32;0;0;2;1;3;A01
201500056122;0;33;0;0;2;1;3;A01
201500056122;0;7;0;0;2;4;12;B01
201500056123;0;10;0;0;2;5;12;A01
201500056123;0;32;0;0;2;1;1;B01
201500056124;0;7;0;0;2;4;1;C01
201500056124;0;10;0;0;2;1;1;A01
201500056124;0;7;0;0;2;4;1;B01
201500056125;0;32;0;0;0;8;1;A01
201500056126;1;7;0;0;2;2;3;Z01
201500056126;0;7;0;0;2;6;1;A01
201500056127;0;7;0;0;2;8;23;C01
201500056127;0;10;0;0;2;3;13;A01
201500056127;0;33;0;4;2;2;11;B01
201500056128;0;7;0;4;2;2;13;A01
201500056128;0;7;0;0;2;0;23;B01
201500056129;0;33;0;0;2;1;2;A01
201500056129;0;7;0;0;2;4;2;B01
201500056130;0;7;0;0;2;1;2;A01
201500056130;0;10;0;0;2;4;2;B01
201500056131;0;10;0;0;2;6;11;A01
201500056131;0;34;0;0;2;1;3;B01
201500056132;0;7;0;4;2;4;2;C01
201500056132;0;7;0;0;2;4;2;D01
201500056132;0;10;0;0;2;1;2;A01
201500056132;0;7;0;0;2;4;2;B01
201500056133;0;10;0;0;2;4;2;D01
201500056133;0;7;0;0;2;1;2;A01
201500056133;0;10;0;0;2;4;2;C01
201500056133;0;7;0;0;2;4;2;B01
201500056134;0;7;0;0;2;1;2;A01
201500056134;0;7;0;0;2;4;2;B01
201500056135;0;33;0;0;2;1;3;B01
201500056135;0;7;0;0;2;5;12;A01
201500056136;0;31;0;0;2;1;3;A01
201500056136;0;34;0;0;2;4;3;B01
201500056136;0;7;0;0;2;4;1;C01
201500056137;0;33;0;0;2;1;2;A01
201500056137;0;7;0;0;2;5;2;B01
201500056138;0;7;0;0;2;7;12;A01
201500056138;0;34;0;0;2;8;1;B01
201500056139;0;33;0;0;2;4;3;B01
201500056139;0;32;0;0;2;1;3;A01
201500056140;0;33;0;0;2;1;1;A01
201500056140;0;7;0;0;2;4;1;B01
201500056141;0;7;0;3;0;1;1;A01
201500056142;0;10;0;0;2;1;1;A01
201500056142;0;7;0;0;2;4;23;B01
201500056142;0;7;0;0;2;4;23;C01
201500056143;0;7;0;0;2;3;1;B01
201500056143;0;31;0;0;2;7;17;A01
201500056144;0;34;0;0;2;8;3;A01
201500056144;0;10;0;0;2;5;1;B01
201500056145;0;31;0;12;0;1;12;A01
201500056146;0;7;0;0;2;4;1;C01
201500056146;0;7;0;0;2;4;1;B01
201500056146;0;7;0;0;2;1;1;A01
201500056147;0;7;0;0;2;7;12;A01
201500056147;0;7;0;0;2;4;1;C01
201500056147;0;33;0;0;2;1;1;B01
201500056148;0;7;0;0;2;4;1;B01
201500056148;0;7;0;0;2;1;1;A01
201500056149;0;7;0;15;2;5;1;A01
201500056149;0;7;0;0;2;8;1;B01
201500056150;0;7;0;0;2;4;1;B01
201500056150;0;7;0;0;2;2;11;A01
201500056151;0;7;0;2;2;4;23;B01
201500056151;0;10;0;0;0;4;23;C01
201500056151;0;7;0;0;2;1;2;A01
201500056152;0;7;0;0;2;5;23;A01
201500056152;0;7;0;0;2;3;21;B01
201500056153;0;33;0;0;2;3;12;A01
201500056153;0;33;0;0;2;8;1;B01
201500056154;0;7;0;0;2;1;2;A01
201500056154;0;7;0;4;2;4;2;B01
201500056155;0;7;0;0;2;7;12;A01
201500056155;0;31;0;0;2;8;3;B01
201500056156;0;31;0;0;2;2;3;A01
201500056156;0;7;0;0;2;6;13;B01
201500056157;0;33;0;0;2;1;2;A01
201500056157;0;7;0;0;2;4;2;B01
201500056158;0;33;0;0;2;3;3;B01
201500056158;0;7;0;0;2;5;1;D01
201500056158;0;33;0;0;2;8;11;A01
201500056158;0;7;0;0;2;6;1;C01
201500056159;0;7;0;4;0;3;14;A01
201500056160;0;31;0;0;2;8;18;A01
201500056160;1;10;0;0;2;0;14;Z01
201500056161;0;7;0;0;2;6;23;B01
201500056161;0;33;0;0;2;1;3;A01
201500056161;1;10;0;0;2;0;12;Z01
201500056162;0;33;0;0;2;7;2;A01
201500056162;0;10;0;0;2;6;2;B01
201500056163;0;10;0;0;2;1;2;C01
201500056163;0;10;0;0;2;1;2;A01
201500056163;0;10;0;0;2;4;2;B01
201500056164;0;7;0;0;2;6;23;B01
201500056164;0;7;0;0;2;2;2;A01
201500056165;0;7;0;0;2;2;13;A01
201500056165;0;31;0;0;2;3;3;B01
201500056165;0;7;0;0;2;4;23;C01
201500056166;0;7;0;0;2;5;1;B01
201500056166;0;2;0;0;2;8;13;A01
201500056167;0;7;0;0;2;4;23;C01
201500056167;0;7;0;0;2;1;2;A01
201500056167;0;7;0;0;2;4;23;B01
201500056168;0;7;0;0;2;4;2;B01
201500056168;0;7;0;0;2;1;2;A01
201500056168;0;7;0;0;2;4;23;D01
201500056168;0;7;0;0;2;4;2;C01