num_acc;senc;catv;occutc;obs;obsm;choc;manv;num_veh
201500056169;0;7;0;0;2;6;1;B01
201500056169;1;7;0;0;2;1;2;Z01
201500056169;0;34;0;0;2;3;2;A01
201500056170;0;15;0;0;2;2;16;A01
201500056170;0;7;0;0;2;8;1;B01
201500056170;0;7;0;0;2;3;1;C01
201500056171;0;7;0;0;2;4;2;B01
201500056171;0;10;0;0;2;4;2;C01
201500056171;0;10;0;0;2;4;2;D01
201500056171;0;7;0;0;2;1;2;A01
201500056172;0;7;0;0;2;4;2;B01
201500056172;0;31;0;0;2;1;2;A01
201500056173;0;31;0;0;2;8;3;B01
201500056173;0;7;0;0;2;2;12;A01
201500056174;0;33;0;0;2;1;2;A01
201500056174;0;10;0;0;2;6;2;B01
201500056175;0;33;0;0;2;7;1;B01
201500056175;1;7;0;0;2;8;11;A01
201500056176;0;10;0;0;2;4;2;B01
201500056176;0;33;0;0;2;1;2;A01
201500056177;0;33;0;0;2;8;1;B01
201500056177;0;10;0;0;2;2;12;A01
201500056178;0;31;0;0;2;1;3;A01
201500056178;0;10;0;0;2;4;1;B01
201500056179;0;33;0;1;2;1;12;A01
201500056179;0;7;0;0;2;5;1;B01
201500056180;0;7;0;0;2;7;12;A01
201500056180;0;33;0;0;2;3;3;B01
201500056181;0;33;0;0;2;2;3;B01
201500056181;0;7;0;0;2;6;11;A01
201500056182;0;7;0;0;2;2;2;A01
201500056182;0;7;0;0;2;6;23;B01
201500056183;0;34;0;0;2;4;23;A01
201500056183;0;7;0;0;2;5;23;B01
201500056183;1;7;0;0;2;1;3;Z01
201500056184;0;33;0;0;2;8;18;A01
201500056184;0;10;0;0;2;7;1;B01
201500056185;0;7;0;0;2;3;11;A01
201500056185;0;33;0;0;2;7;3;B01
201500056186;0;7;0;10;0;3;13;A01
201500056187;0;7;0;0;2;6;11;A01
201500056187;0;33;0;0;2;2;1;B01
201500056188;0;34;0;0;0;8;1;A01
201500056189;0;33;0;0;2;3;1;A01
201500056189;2;7;0;0;2;7;12;Z01
201500056190;0;7;0;0;2;7;1;B01
201500056190;0;1;0;0;2;3;15;A01
201500056191;0;32;0;0;0;1;1;A01
201500056192;0;7;0;0;2;5;1;B01
201500056192;0;33;0;0;2;1;3;A01
201500056193;0;7;0;5;0;1;14;A01
201500056194;0;7;0;0;2;2;12;A01
201500056194;0;33;0;0;2;1;3;B01
201500056194;0;7;0;0;2;1;1;C01
201500056195;1;7;0;0;2;0;14;Z01
201500056195;0;7;0;4;2;8;1;A01
201500056196;0;32;0;0;0;8;1;A01
201500056197;0;7;0;0;2;4;1;B01
201500056197;0;14;0;0;2;1;1;A01
201500056198;0;33;0;0;2;7;3;A01
201500056198;0;10;0;0;2;6;12;B01
201500056199;0;7;0;0;2;4;2;B01
201500056199;0;7;0;0;2;4;2;D01
201500056199;0;7;0;0;2;1;2;A01
201500056199;0;7;0;0;2;4;2;C01
201500056200;0;10;0;0;2;5;2;D01
201500056200;0;7;0;0;2;3;2;C01
201500056200;0;2;0;0;2;8;12;A01
201500056200;0;7;0;0;2;5;2;B01
201500056201;0;34;0;0;0;8;1;A01
201500056202;0;7;0;0;2;1;2;A01
201500056202;0;10;0;0;2;4;23;B01
201500056203;0;7;0;0;2;4;1;C01
201500056203;0;7;0;0;2;0;11;A01
201500056203;0;33;0;0;2;1;1;B01
201500056204;0;31;0;0;2;1;2;A01
201500056204;0;7;0;0;2;5;23;B01
201500056205;0;33;0;0;2;3;11;A01
201500056205;0;33;0;0;2;2;3;B01
201500056205;0;10;0;0;2;5;23;D01
201500056205;0;7;0;0;2;8;23;C01
201500056206;0;7;0;0;2;4;2;B01
201500056206;0;14;0;2;2;1;2;A01
201500056207;0;10;0;0;2;1;2;A01
201500056207;0;34;0;0;2;4;2;B01
201500056207;0;7;0;0;2;6;1;C01
201500056208;0;7;0;0;2;4;2;C01
201500056208;0;10;0;0;2;4;2;B01
201500056208;0;10;0;0;2;4;2;D01
201500056208;0;10;0;0;2;1;2;A01
201500056209;0;7;0;0;2;3;11;B01
201500056209;0;33;0;0;2;1;3;A01
201500056210;0;33;0;12;2;1;14;A01
201500056210;0;7;0;0;2;2;1;B01
201500056211;0;33;0;12;0;7;14;A01
201500056212;0;33;0;0;2;6;3;B01
201500056212;0;33;0;0;2;5;14;A01
201500056213;0;32;0;0;2;8;3;B01
201500056213;0;7;0;0;2;3;11;A01
201500056214;0;32;0;0;2;1;1;B01
201500056214;0;7;0;0;2;8;22;A01
201500056215;0;10;0;0;2;0;1;B01
201500056215;0;7;0;0;2;1;1;A01
201500056216;0;33;0;0;2;2;3;A01
201500056216;0;7;0;0;2;3;13;B01
201500056217;0;32;0;0;2;1;1;B01
201500056217;0;7;0;0;2;6;4;A01
201500056218;0;33;0;0;2;6;2;A01
201500056218;1;33;0;0;2;0;2;Z01
201500056219;0;7;0;0;2;4;1;C01
201500056219;0;7;0;0;2;3;11;A01
201500056219;0;32;0;0;2;0;3;B01
201500056220;0;7;0;0;2;7;12;A01
201500056220;0;32;0;0;2;3;3;B01
201500056221;0;7;0;0;2;3;11;A01
201500056221;0;33;0;0;2;7;1;B01
201500056222;0;32;0;0;2;3;3;B01
201500056222;0;10;0;0;2;5;12;A01
201500056223;0;34;0;0;2;8;3;B01
201500056223;0;7;0;0;2;7;12;A01
201500056224;0;34;0;0;2;1;12;A01
201500056224;0;10;0;0;2;5;23;B01
201500056225;0;7;0;0;2;4;23;C01
201500056225;0;7;0;0;2;4;23;B01
201500056225;0;7;0;0;2;1;1;A01
201500056226;0;32;0;4;0;8;13;A01
201500056227;0;7;0;0;2;1;2;A01
201500056227;0;10;0;0;2;1;2;E01
201500056227;0;7;0;0;2;4;2;B01
201500056227;0;7;0;0;2;4;2;C01
201500056227;0;33;0;0;2;1;2;D01
201500056228;1;31;0;0;2;6;13;Z01
201500056228;0;10;0;0;2;5;2;B01
201500056228;0;33;0;0;2;2;2;A01
201500056229;0;7;0;0;2;1;1;A01
201500056229;1;7;0;0;2;0;1;Z01
201500056229;0;7;0;0;2;1;1;C01
201500056229;0;10;0;0;2;4;1;B01
201500056230;0;7;0;0;2;4;2;C01
201500056230;0;10;0;0;2;5;2;B01
201500056230;0;10;0;0;2;3;2;A01
201500056231;0;10;0;0;2;4;2;A01
201500056231;0;7;0;0;2;5;23;B01
201500056231;0;10;0;0;2;0;2;D01
201500056231;0;31;0;0;2;1;3;C01
201500056232;0;7;0;0;2;1;2;A01
201500056232;0;7;0;0;2;4;2;C01
201500056232;0;7;0;0;2;4;2;B01
201500056233;0;7;0;4;2;8;1;B01
201500056233;0;13;0;0;2;1;12;A01
201500056234;0;7;0;0;2;4;23;C01
201500056234;0;7;0;0;2;1;2;A01
201500056234;0;7;0;0;2;4;2;B01
201500056235;0;33;0;0;2;1;1;B01
201500056235;0;7;0;0;2;2;12;A01
201500056236;0;7;0;0;2;6;2;B01
201500056236;0;34;0;4;2;1;2;A01
201500056237;0;7;0;0;2;1;2;A01
201500056237;0;7;0;0;2;1;2;C01
201500056237;0;7;0;0;2;4;2;B01
201500056238;0;7;0;0;2;4;2;C01
201500056238;0;7;0;0;2;4;2;B01
201500056238;0;7;0;0;2;1;2;A01
201500056239;0;7;0;0;2;4;1;B01
201500056239;0;7;0;0;2;1;1;A01
201500056239;0;31;0;0;2;7;1;C01
201500056240;0;7;0;0;2;4;1;C01
201500056240;0;7;0;0;2;4;1;D01
201500056240;0;7;0;0;2;1;1;A01
201500056240;0;7;0;0;2;4;1;B01
201500056241;0;33;0;0;0;8;1;B01
201500056241;0;7;0;0;2;2;9;A01
201500056242;0;7;0;0;2;4;23;C01
201500056242;0;7;0;0;2;1;2;A01
201500056242;0;7;0;0;2;4;2;B01
201500056243;0;7;0;0;2;8;11;A01
201500056243;0;32;0;0;2;8;3;B01
201500056244;0;7;0;0;2;8;11;A01
201500056244;0;31;0;0;2;7;1;B01
201500056245;0;32;0;0;2;3;3;A01
201500056245;0;7;0;0;2;5;1;B01
201500056246;0;7;0;4;2;2;1;B01
201500056246;0;7;0;4;2;1;1;A01
201500056247;0;7;0;0;0;3;13;A01
201500056248;0;7;0;0;2;5;2;B01
201500056248;0;34;0;0;2;3;2;A01
201500056249;1;7;0;0;2;3;2;Z01
201500056249;0;7;0;0;2;5;2;A01
201500056249;0;7;0;0;2;0;23;B01
201500056250;0;7;0;4;2;3;1;B01
201500056250;0;7;0;0;2;2;14;A01
201500056251;0;10;0;0;2;6;2;B01
201500056251;0;33;0;0;2;1;2;A01
201500056252;0;7;0;8;0;8;14;A01
201500056253;0;33;0;0;2;8;13;A01
201500056253;0;7;0;0;2;5;1;B01
201500056254;0;33;0;0;2;2;3;A01
201500056254;0;10;0;0;2;4;23;B01
201500056255;0;7;0;0;2;1;2;C01
201500056255;0;7;0;0;2;4;2;B01
201500056255;0;10;0;0;2;4;2;D01
201500056255;0;7;0;0;2;1;2;A01
201500056256;0;33;0;0;2;8;1;B01
201500056256;0;7;0;0;2;7;12;A01
201500056257;0;7;0;0;2;4;23;C01
201500056257;0;7;0;0;2;4;23;B01
201500056257;0;7;0;0;2;1;2;A01
201500056257;0;10;0;0;2;4;23;D01
201500056258;0;7;0;0;2;7;12;A01
201500056258;0;33;0;0;2;8;1;B01
201500056259;0;10;0;0;2;8;11;A01
201500056259;0;7;0;4;2;7;1;B01
201500056259;0;7;0;0;2;8;1;C01
201500056260;0;10;0;0;2;7;16;A01
201500056260;0;32;0;0;2;8;1;B01
201500056261;0;33;0;0;2;2;1;A01
201500056261;1;15;0;0;2;0;11;Z01
201500056262;0;10;0;0;2;1;12;A01
201500056262;0;10;0;0;2;4;1;B01
201500056263;0;7;0;0;2;1;2;A01
201500056263;0;7;0;0;2;4;23;C01
201500056263;0;7;0;0;2;4;2;B01
201500056264;0;33;0;0;2;4;3;B01
201500056264;0;34;0;0;2;2;3;A01
201500056265;0;34;0;0;2;1;1;A01
201500056265;0;7;0;0;2;4;12;B01
201500056266;0;10;0;0;2;5;1;B01
201500056266;0;33;0;0;2;1;11;A01
201500056267;0;7;0;0;2;8;1;C01
201500056267;0;7;0;0;2;5;23;B01
201500056267;0;34;0;0;2;1;3;A01
201500056268;0;34;0;0;2;1;1;B01
201500056268;0;7;0;0;2;6;11;A01
201500056269;0;33;0;0;2;3;1;A01
201500056269;0;7;0;0;2;5;1;B01
201500056270;0;7;0;0;2;2;2;A01
201500056270;0;7;0;0;2;6;2;B01
201500056271;0;7;0;0;2;5;2;B01
201500056271;0;34;0;0;2;1;2;A01
201500056272;0;10;0;0;2;4;1;B01
201500056272;1;31;0;0;2;8;11;Z01
201500056272;0;31;0;0;2;7;3;A01
201500056273;0;7;0;0;2;5;1;C01
201500056273;0;17;0;0;2;2;12;A01
201500056273;0;7;0;0;2;8;1;B01
201500056274;0;7;0;0;2;5;12;A01
201500056274;0;32;0;0;2;1;1;B01
201500056275;0;38;1;0;2;2;1;B01
201500056275;0;7;0;0;2;5;1;C01
201500056275;0;7;0;4;2;6;14;A01
201500056276;0;33;0;0;2;7;3;B01
201500056276;0;33;0;0;2;8;11;A01
201500056277;0;33;0;0;0;7;1;A01
201500056278;0;33;0;0;2;1;2;A01
201500056278;0;10;0;0;2;4;2;B01
201500056279;0;7;0;0;2;6;1;A01
201500056279;2;7;0;4;2;0;14;Z01
201500056280;0;7;0;0;2;1;2;A01
201500056280;0;7;0;0;2;4;2;B01
201500056281;0;7;0;0;2;1;2;A01
201500056281;0;33;0;0;2;4;2;B01
201500056282;0;33;0;0;2;4;23;B01
201500056282;0;7;0;0;2;8;23;C01
201500056282;0;34;0;0;2;1;3;A01
201500056283;1;33;0;0;0;0;1;A01
201500056284;0;7;0;0;2;1;2;A01
201500056284;0;7;0;0;2;4;2;B01
201500056285;0;33;0;0;2;4;11;B01
201500056285;0;33;0;0;2;1;3;A01
201500056285;0;7;0;0;2;3;1;C01
201500056286;0;33;0;0;2;1;1;A01
201500056286;0;10;0;0;2;4;23;B01
201500056287;0;7;0;0;2;4;23;B01
201500056287;0;32;0;0;2;1;1;A01
201500056288;1;7;0;0;2;0;12;A01
201500056288;0;7;0;0;2;7;1;C01
201500056288;0;34;0;4;2;8;3;B01
201500056289;0;34;0;0;2;0;11;A01
201500056289;0;33;0;0;2;1;3;B01
201500056290;0;14;0;0;2;2;1;A01
201500056290;0;7;0;0;2;8;1;B01
201500056291;0;7;0;0;2;6;11;B01
201500056291;0;33;0;0;2;7;1;A01
201500056292;0;32;0;0;2;2;1;A01
201500056292;1;7;0;0;2;6;11;Z01
201500056293;0;7;0;0;2;7;12;A01
201500056293;0;33;0;0;2;1;3;B01
201500056294;0;33;0;4;2;1;1;D01
201500056294;0;14;0;0;2;2;1;B01
201500056294;0;7;0;0;2;8;11;A01
201500056294;0;10;0;4;2;7;1;C01
201500056295;0;7;0;0;2;5;1;B01
201500056295;0;7;0;0;2;2;14;A01
201500056295;0;31;0;0;2;3;3;C01
201500056295;0;10;0;0;2;2;1;D01
201500056296;0;7;0;0;2;8;11;A01
201500056296;0;7;0;0;2;4;1;C01
201500056296;0;34;0;0;2;7;3;B01
201500056297;0;33;0;0;0;8;12;A01
201500056298;0;7;0;0;2;2;12;A01
201500056298;0;33;0;0;2;8;1;B01
201500056299;0;7;0;0;2;7;12;A01
201500056299;0;31;0;0;2;1;3;B01
201500056300;0;7;0;0;2;1;1;A01
201500056300;0;7;0;0;2;4;23;B01
201500056301;0;33;0;0;2;7;3;A01
201500056301;0;7;0;0;2;3;11;B01
201500056301;0;10;0;0;2;6;1;C01
201500056302;0;32;0;0;2;2;3;B01
201500056302;0;7;0;0;2;6;11;A01
201500056303;0;33;0;0;2;7;1;A01
201500056303;1;7;0;0;2;8;11;Z01
201500056304;0;7;0;0;2;1;1;A01
201500056304;1;15;0;0;2;4;1;B01
201500056305;0;33;0;1;2;5;1;B01
201500056305;0;7;0;0;2;3;12;A01
201500056306;0;7;0;0;2;2;1;A01
201500056306;0;33;0;0;2;8;1;B01
201500056307;0;7;0;0;2;2;12;A01
201500056307;0;33;0;0;2;8;3;B01
201500056308;0;33;0;4;2;2;1;B01
201500056308;0;7;0;0;2;3;11;A01
201500056309;0;7;0;1;2;3;11;A01
201500056309;0;31;0;0;2;4;11;B01
201500056310;0;10;0;0;2;4;1;B01
201500056310;0;17;0;0;2;1;1;A01
201500056311;0;33;0;0;2;1;2;A01
201500056311;0;7;0;0;2;4;2;B01
201500056312;0;7;0;0;2;7;1;C01
201500056312;0;7;0;0;2;6;1;B01
201500056312;0;13;0;0;2;2;12;A01
201500056313;0;7;0;0;2;1;1;A01
201500056313;0;7;0;0;2;4;23;B01
201500056314;0;7;0;0;2;1;1;A01
201500056314;0;7;0;0;2;4;1;B01
201500056315;0;7;0;0;2;4;23;C01
201500056315;0;7;0;0;2;4;23;B01
201500056315;0;7;0;0;2;1;1;A01
201500056316;0;7;0;0;2;3;11;A01
201500056316;0;32;0;0;2;2;1;B01
201500056317;0;7;0;0;2;4;11;B01
201500056317;0;33;0;0;2;1;3;A01
201500056318;0;7;0;0;2;6;11;A01
201500056318;0;33;0;5;2;2;1;B01
201500056319;0;7;0;0;2;4;23;C01
201500056319;0;33;0;0;2;1;3;B01
201500056319;0;7;0;0;2;4;12;A01
201500056320;0;33;0;0;2;2;3;B01
201500056320;0;7;0;0;2;2;1;C01
201500056320;0;7;0;0;2;3;22;A01
201500056321;0;7;0;0;2;7;12;A01
201500056321;0;33;0;0;2;2;3;B01
201500056322;0;31;0;0;2;7;3;B01
201500056322;0;7;0;0;2;3;11;A01
201500056323;0;10;0;0;2;4;1;B01
201500056323;0;7;0;0;2;1;1;A01
201500056324;0;33;0;0;2;2;12;A01
201500056324;0;7;0;0;2;8;1;B01
201500056325;0;7;0;3;2;1;1;A01
201500056325;0;7;0;0;2;4;1;B01
201500056326;0;32;0;0;2;7;3;A01
201500056326;1;7;0;0;2;0;12;Z01
201500056327;0;33;0;0;2;2;3;A01
201500056327;0;7;0;0;2;6;1;B01
201500056328;1;15;0;0;2;7;1;Z01
201500056328;0;2;0;0;2;8;9;A01
201500056329;0;7;0;0;2;5;12;A01
201500056329;0;33;0;0;2;8;1;B01
201500056330;1;7;0;0;2;8;11;A01
201500056330;0;34;0;0;2;5;1;B01
201500056331;0;7;0;0;2;5;11;A01
201500056331;0;7;0;0;2;5;23;B01
201500056331;0;7;0;0;2;4;23;C01
201500056332;0;31;0;0;0;7;1;A01
201500056333;0;7;0;0;2;6;1;C01
201500056333;0;31;0;0;2;7;1;B01
201500056333;0;7;0;0;2;8;11;A01
201500056334;0;32;0;0;2;1;18;A01
201500056334;0;7;0;0;2;5;1;B01
201500056335;0;7;0;0;2;4;1;C01
201500056335;0;7;0;0;2;1;1;A01
201500056335;0;7;0;0;2;4;1;B01
201500056336;0;7;0;0;2;4;1;B01
201500056336;0;32;0;0;2;6;1;C01
201500056336;0;7;0;0;2;1;1;A01
201500056337;0;33;0;0;2;1;1;A01
201500056337;0;7;0;0;2;4;1;B01
201500056338;1;7;0;0;2;1;1;Z01
201500056338;0;32;0;0;2;4;23;A01
201500056339;0;7;0;0;2;4;23;B01
201500056339;0;7;0;0;2;4;23;C01
201500056339;0;7;0;0;2;1;2;A01
201500056340;0;33;0;4;2;8;18;A01
201500056340;0;7;0;0;2;2;1;B01
201500056341;0;7;0;0;2;1;2;A01
201500056341;0;7;0;0;2;4;2;B01
201500056342;0;33;0;0;2;5;2;B01
201500056342;0;33;0;0;2;3;2;A01
201500056343;0;33;0;0;2;1;2;A01
201500056343;0;10;0;0;2;5;2;B01
201500056344;0;34;0;0;2;2;3;A01
201500056344;0;10;0;0;2;6;1;B01
201500056345;0;7;0;0;2;4;2;B01
201500056345;0;7;0;0;2;1;2;A01
201500056345;0;10;0;0;2;4;23;D01
201500056345;0;7;0;0;2;4;23;C01
201500056346;0;32;0;4;0;8;13;A01
201500056347;0;33;0;0;0;4;1;A01
201500056348;0;7;0;0;2;7;12;A01
201500056348;0;31;0;0;2;8;3;B01
201500056349;0;33;0;0;2;1;3;A01
201500056349;0;7;0;0;2;5;12;B01
201500056350;1;7;0;0;2;1;2;Z01
201500056350;0;7;0;0;2;4;2;A01
201500056351;0;16;0;0;2;1;1;B01
201500056351;0;7;0;0;2;8;11;A01
201500056352;0;7;0;0;2;4;23;C01
201500056352;0;7;0;0;2;1;2;A01
201500056352;0;10;0;4;2;4;23;B01
201500056353;0;33;0;0;2;1;2;A01
201500056353;0;10;0;0;2;6;2;B01
201500056354;0;7;0;0;2;2;12;A01
201500056354;0;33;0;0;2;3;3;B01
201500056355;0;32;0;0;2;1;1;B01
201500056355;0;10;0;0;2;7;12;A01
201500056356;0;2;0;0;2;1;16;A01
201500056356;0;7;0;0;2;4;23;B01
201500056357;0;16;0;0;2;1;2;A01
201500056357;0;7;0;0;0;4;23;B01
201500056358;0;7;0;0;2;7;12;A01
201500056358;0;33;0;0;2;3;3;B01
201500056359;0;7;0;0;2;0;1;C01
201500056359;0;7;0;0;2;6;1;B01
201500056359;0;15;0;0;2;2;12;A01
201500056360;0;32;0;0;2;3;3;B01
201500056360;0;7;0;0;2;7;12;A01
201500056361;0;31;0;0;2;8;2;A01
201500056361;0;7;0;0;2;5;2;B01
201500056362;0;31;0;0;2;7;14;A01
201500056362;0;7;0;0;2;8;1;B01
201500056363;0;7;0;0;2;6;2;B01
201500056363;0;14;0;0;2;2;2;A01
201500056364;0;13;0;0;2;1;2;A01
201500056364;0;7;0;0;2;4;2;B01
201500056365;0;7;0;0;2;4;2;D01
201500056365;0;7;0;0;2;4;2;B01
201500056365;0;7;0;0;2;4;2;C01
201500056365;0;7;0;0;2;1;2;A01
201500056366;0;7;0;0;2;6;2;B01
201500056366;0;33;0;0;2;1;2;A01
201500056367;0;10;0;0;2;6;2;B01
201500056367;0;34;0;0;2;1;2;A01
201500056368;0;7;0;0;2;1;2;A01
201500056368;0;7;0;0;2;4;2;B01
201500056369;0;17;0;0;2;3;1;B01
201500056369;0;7;0;0;2;4;13;A01
201500056370;0;7;0;0;2;4;1;B01
201500056370;0;7;0;0;2;1;1;A01
201500056371;0;31;0;0;0;8;1;A01
201500056372;0;7;0;4;0;7;21;A01
201500056373;0;7;0;0;2;6;11;A01
201500056373;0;7;0;0;2;2;1;B01
201500056374;0;17;0;0;2;2;12;A01
201500056374;0;7;0;4;2;3;1;B01
201500056375;0;33;0;0;2;2;3;B01
201500056375;0;7;0;0;2;3;1;A01
201500056375;1;7;0;0;2;0;13;Z01
201500056376;0;10;0;0;2;7;12;A01
201500056376;0;34;0;0;2;3;3;B01
201500056377;0;7;0;0;2;4;1;C01
201500056377;0;34;0;0;2;4;1;B01
201500056377;0;7;0;0;2;1;1;A01
201500056378;0;7;0;0;2;5;16;A01
201500056378;0;10;0;0;2;3;1;B01
201500056379;1;7;0;0;2;1;2;Z01
201500056379;0;7;0;0;2;4;23;A01
201500056379;0;7;0;0;2;4;23;B01
201500056380;0;7;0;0;2;4;2;C01
201500056380;0;7;0;0;2;1;2;A01
201500056380;0;7;0;0;2;4;2;B01
201500056381;0;7;0;0;2;3;11;A01
201500056381;0;33;0;0;2;2;3;B01
201500056382;0;7;0;0;2;4;2;C01
201500056382;0;10;0;0;2;1;2;A01
201500056382;0;7;0;0;2;4;2;B01
201500056383;0;33;0;0;2;1;1;A01
201500056383;0;7;0;0;2;5;1;B01
201500056384;0;33;0;0;2;8;13;A01
201500056384;0;33;0;0;2;7;17;B01
201500056385;0;15;0;0;2;1;2;A01
201500056385;0;7;0;4;2;4;2;B01
201500056386;0;7;0;0;2;2;1;B01
201500056386;0;7;0;0;2;6;11;A01
201500056387;0;10;0;0;2;4;23;C01
201500056387;0;10;0;0;2;1;2;A01
201500056387;0;7;0;0;2;4;23;B01
201500056388;0;7;0;0;2;4;2;B01
201500056388;0;10;0;0;2;1;2;A01
201500056389;0;7;0;4;0;1;13;A01
201500056390;0;31;0;0;0;2;1;A01
201500056391;0;7;0;0;2;4;23;D01
201500056391;0;7;0;0;2;4;23;C01
201500056391;0;10;0;0;2;4;23;B01
201500056391;0;7;0;0;2;1;2;A01
201500056392;0;7;0;0;2;1;2;A01
201500056392;0;7;0;0;2;4;23;B01
201500056393;0;7;0;4;0;7;11;A01
201500056394;0;33;0;0;0;0;1;A01
201500056395;0;33;0;0;2;3;13;A01
201500056396;0;33;0;0;2;7;1;A01
201500056396;0;10;0;0;2;8;13;B01
201500056397;0;33;0;14;0;1;1;A01
201500056398;0;7;0;0;2;4;2;B01
201500056398;0;7;0;0;2;4;2;C01
201500056398;1;7;0;0;2;1;13;Z01
201500056398;0;10;0;0;2;2;1;A01
201500056399;0;7;0;0;2;1;2;A01
201500056399;0;10;0;0;2;4;23;B01
201500056400;0;7;0;0;2;6;1;B01
201500056400;0;33;0;0;2;1;14;A01
201500056401;0;7;0;4;0;1;14;A01
201500056402;0;7;0;0;2;0;2;B01
201500056402;0;33;0;0;2;1;2;A01
201500056403;0;7;0;0;2;4;23;B01
201500056403;0;7;0;0;2;4;23;A01
201500056403;0;7;0;0;2;4;23;C01
201500056403;1;7;0;0;2;1;2;Z01
201500056404;0;7;0;0;2;1;2;A01
201500056404;0;7;0;1;2;6;23;D01
201500056404;0;7;0;0;2;5;2;B01
201500056404;0;7;0;0;2;8;1;C01
201500056405;0;7;0;0;2;4;2;B01
201500056405;0;10;0;0;2;1;2;A01
201500056405;0;7;0;0;2;4;2;D01
201500056405;0;7;0;0;2;4;2;C01
201500056406;0;7;0;0;2;1;1;C01
201500056406;0;14;0;0;2;2;14;A01
201500056406;0;7;0;0;2;8;1;B01
201500056407;0;7;0;0;2;2;12;B01
201500056407;0;14;0;0;2;6;1;C01
201500056407;0;34;0;0;2;1;3;A01
201500056408;0;10;0;0;2;1;1;A01
201500056408;0;7;0;0;2;4;11;B01
201500056409;0;7;0;0;2;1;2;A01
201500056409;0;7;0;0;2;4;2;B01
201500056409;0;7;0;0;2;4;23;C01
201500056410;0;14;0;0;2;1;2;A01
201500056410;0;15;0;0;2;6;2;B01
201500056411;0;33;0;0;0;1;1;A01
201500056412;0;7;0;0;2;4;2;C01
201500056412;0;10;0;0;2;6;12;A01
201500056412;0;7;0;0;2;6;2;B01
201500056413;0;7;0;0;2;8;1;C01
201500056413;0;33;0;0;2;8;22;A01
201500056413;0;7;0;0;2;5;2;B01
201500056414;0;13;0;0;2;1;2;B01
201500056414;0;7;0;0;2;4;2;A01
201500056414;0;7;0;0;2;4;2;C01
201500056415;0;7;0;0;2;4;2;B01
201500056415;0;7;0;0;2;4;2;C01
201500056415;0;7;0;0;2;1;2;A01
201500056416;0;7;0;0;2;1;2;A01
201500056416;0;7;0;0;2;4;23;B01
201500056417;0;31;0;4;2;1;1;A01
201500056417;1;7;0;0;2;6;16;Z01
201500056418;0;34;0;0;2;1;14;A01
201500056418;0;7;0;0;2;6;23;B01
201500056419;0;7;0;0;2;1;2;A01
201500056419;0;7;0;0;2;1;23;B01
201500056419;0;7;0;0;2;4;23;C01
201500056420;0;33;0;0;0;0;1;A01
201500056421;0;7;0;0;2;4;11;B01
201500056421;0;33;0;0;2;1;3;A01
201500056422;0;7;0;0;2;4;23;A01
201500056422;1;7;0;0;2;1;1;Z01
201500056423;0;32;0;0;2;1;3;A01
201500056423;0;10;0;0;2;4;23;B01
201500056424;0;32;0;0;0;0;1;A01
201500056425;0;7;0;0;2;4;1;C01
201500056425;0;7;0;0;2;1;1;A01
201500056425;0;7;0;0;2;4;1;B01
201500056426;0;10;0;0;2;1;1;A01
201500056426;0;7;0;0;2;1;1;B01
201500056426;0;7;0;0;2;4;1;C01
201500056427;0;31;0;0;0;8;3;A01
201500056428;0;33;0;12;0;1;14;A01
201500056429;0;10;0;0;2;2;1;B01
201500056429;1;14;0;0;2;0;12;Z01
201500056429;0;10;0;0;2;6;1;A01
201500056430;0;33;0;0;0;8;1;A01
201500056431;0;7;0;0;2;4;2;B01
201500056431;0;31;0;0;2;1;2;A01
201500056432;0;7;0;0;2;5;2;A01
201500056432;1;7;0;0;2;1;2;Z01
201500056432;0;7;0;4;2;1;1;B01
201500056433;2;7;0;0;2;0;0;Z01
201500056433;0;7;0;0;2;4;11;A01
201500056434;0;33;0;0;0;1;1;A01
201500056435;0;7;0;0;2;5;12;B01
201500056435;0;33;0;0;2;1;3;A01
201500056436;0;7;0;0;2;4;23;C01
201500056436;0;7;0;0;2;1;2;A01
201500056436;0;32;0;0;2;4;23;B01
201500056437;0;7;0;0;2;8;1;C01
201500056437;0;10;0;0;2;2;11;A01
201500056437;0;7;0;0;2;6;1;B01
201500056438;0;7;0;0;2;6;1;B01
201500056438;0;7;0;0;2;2;3;A01
201500056439;0;7;0;0;2;4;11;A01
201500056439;0;33;0;0;2;4;1;B01
201500056440;0;7;0;0;2;5;12;A01
201500056440;0;33;0;0;2;1;1;B01
201500056441;0;33;0;0;0;1;1;A01
201500056442;0;33;0;0;2;3;3;B01
201500056442;0;7;0;0;2;3;1;C01
201500056442;0;7;0;0;2;7;12;A01
201500056443;0;33;0;0;2;7;3;A01
201500056443;0;33;0;0;2;8;3;B01
201500056443;0;7;0;0;2;2;2;C01
201500056443;0;7;0;0;2;5;2;D01
201500056444;0;7;0;4;0;3;21;A01
201500056445;0;33;0;0;2;3;3;A01
201500056445;0;7;0;0;2;5;12;B01
201500056446;0;7;0;0;2;6;11;A01
201500056446;0;33;0;0;2;7;3;B01
201500056447;0;37;0;0;2;5;11;A01
201500056447;0;33;0;0;2;7;1;B01
201500056448;0;32;0;0;0;8;1;A01
201500056449;0;7;0;0;2;1;1;B01