num_acc;senc;catv;occutc;obs;obsm;choc;manv;num_veh
201500056449;0;7;0;0;2;1;5;A01
201500056450;0;34;0;0;2;1;1;A01
201500056450;0;7;0;0;2;6;23;B01
201500056451;0;33;0;1;2;7;3;B01
201500056451;0;7;0;0;2;6;11;A01
201500056452;0;7;0;0;2;8;1;C01
201500056452;0;33;0;0;2;1;3;A01
201500056452;0;31;0;0;2;4;3;B01
201500056453;0;7;0;0;2;1;1;A01
201500056453;0;7;0;0;2;1;1;B01
201500056453;0;7;0;0;2;4;1;C01
201500056454;0;10;0;4;2;8;1;B01
201500056454;0;15;0;0;2;7;12;A01
201500056455;0;33;0;0;0;7;1;A01
201500056456;0;34;0;0;0;7;1;A01
201500056457;0;7;0;0;2;6;11;B01
201500056457;0;33;0;0;2;2;3;A01
201500056458;0;31;0;0;2;7;1;B01
201500056458;0;10;0;0;2;3;11;A01
201500056459;0;33;0;0;2;2;12;A01
201500056459;0;7;0;0;2;6;23;B01
201500056460;0;33;0;0;2;2;3;A01
201500056460;1;7;0;0;2;6;12;Z01
201500056461;0;33;0;0;2;1;2;A01
201500056461;0;7;0;0;2;4;2;B01
201500056462;0;10;0;0;2;1;2;A01
201500056462;0;7;0;0;2;4;23;B01
201500056463;0;7;0;4;0;1;14;A01
201500056464;0;33;0;0;2;1;2;A01
201500056464;0;7;0;0;2;5;2;B01
201500056465;0;7;0;0;2;4;23;A01
201500056465;1;7;0;0;2;1;2;Z01
201500056466;0;33;0;0;1;1;21;A01
201500056467;0;7;0;0;2;2;14;A01
201500056467;0;7;0;0;2;6;1;B01
201500056468;0;30;0;0;0;7;1;A01
201500056469;0;13;0;0;2;3;1;A01
201500056469;0;7;0;0;2;8;1;B01
201500056470;0;10;0;0;2;6;1;B01
201500056470;0;31;0;0;2;5;3;A01
201500056471;0;31;0;16;0;7;1;A01
201500056472;0;17;0;0;2;2;12;A01
201500056472;0;7;0;0;2;3;1;B01
201500056473;0;33;0;0;2;1;3;A01
201500056473;1;34;0;0;2;4;12;Z01
201500056474;0;7;0;0;2;4;23;C01
201500056474;0;7;0;0;2;1;1;A01
201500056474;0;7;0;0;2;4;23;B01
201500056475;0;7;0;0;2;1;1;A01
201500056475;0;7;0;0;2;4;1;B01
201500056476;0;7;0;0;2;1;1;A01
201500056476;0;7;0;0;2;4;1;B01
201500056476;0;7;0;0;2;4;1;C01
201500056477;0;33;0;0;2;8;3;B01
201500056477;0;7;0;0;2;7;12;A01
201500056478;0;33;0;4;0;3;13;A01
201500056479;0;33;0;0;0;1;1;A01
201500056480;0;7;0;0;2;5;1;B01
201500056480;0;33;0;0;2;1;1;A01
201500056481;0;7;0;0;2;1;1;A01
201500056481;0;7;0;0;2;0;1;C01
201500056481;0;7;0;0;2;4;1;B01
201500056482;0;33;0;4;2;8;1;A01
201500056482;1;7;0;0;2;0;13;Z01
201500056483;0;10;0;0;2;1;14;A01
201500056484;0;7;0;0;2;7;2;B01
201500056484;0;33;0;0;2;7;2;A01
201500056485;0;7;0;0;2;5;12;B01
201500056485;0;31;0;0;2;3;3;A01
201500056486;0;33;0;4;0;0;13;A01
201500056487;0;7;0;0;2;5;2;B01
201500056487;0;32;0;0;2;1;2;A01
201500056487;0;10;0;0;2;3;1;C01
201500056488;1;7;0;0;2;0;14;Z01
201500056488;0;32;0;0;2;8;1;A01
201500056489;0;7;0;0;2;4;2;B01
201500056489;0;7;0;0;2;4;2;C01
201500056489;0;7;0;0;2;4;2;D01
201500056489;0;7;0;0;2;1;2;A01
201500056490;0;31;0;0;2;7;1;B01
201500056490;0;7;0;0;2;3;11;A01
201500056491;0;32;0;0;2;3;3;A01
201500056491;0;7;0;14;2;5;23;B01
201500056492;0;7;0;4;2;1;3;A01
201500056492;0;7;0;0;2;4;1;B01
201500056492;0;7;0;4;2;4;1;C01
201500056493;0;7;0;0;2;4;23;C01
201500056493;0;10;0;0;2;4;23;B01
201500056493;0;10;0;0;2;1;2;A01
201500056494;0;7;0;0;2;1;2;A01
201500056494;0;7;0;0;2;4;2;C01
201500056494;0;7;0;0;2;1;2;B01
201500056495;0;7;0;4;0;5;1;A01
201500056496;0;32;0;0;0;8;1;A01
201500056497;0;7;0;0;2;4;1;B01
201500056497;0;7;0;0;2;1;1;A01
201500056497;0;7;0;0;2;4;23;C01
201500056497;0;10;0;0;2;4;23;D01
201500056498;0;32;0;0;2;4;3;B01
201500056498;0;32;0;0;2;2;3;A01
201500056499;0;7;0;0;2;4;23;B01
201500056499;0;33;0;0;2;2;2;A01
201500056500;0;7;0;0;2;1;2;A01
201500056500;0;7;0;0;2;4;2;B01
201500056500;0;7;0;0;2;4;2;C01
201500056501;0;7;0;0;2;2;12;A01
201500056501;0;33;0;0;2;1;3;B01
201500056502;0;32;0;0;0;0;1;A01
201500056503;0;33;0;0;2;1;1;A01
201500056503;0;7;0;0;2;5;1;B01
201500056504;0;17;0;0;2;8;1;C01
201500056504;0;7;0;0;2;5;1;B01
201500056504;0;33;0;0;2;9;3;A01
201500056505;0;7;0;0;2;5;12;B01
201500056505;0;34;0;0;2;1;3;A01
201500056506;0;33;0;0;2;2;1;B01
201500056506;0;7;0;0;2;8;11;A01
201500056507;0;33;0;0;2;1;12;A01
201500056507;0;7;0;0;2;4;1;B01
201500056508;0;7;0;0;2;1;2;B01
201500056508;0;10;0;0;2;1;2;A01
201500056508;0;7;0;0;2;4;2;C01
201500056509;0;7;0;0;2;5;12;A01
201500056509;0;33;0;0;2;3;3;B01
201500056510;0;33;0;0;2;7;3;A01
201500056510;0;7;0;0;2;6;1;B01
201500056511;0;7;0;4;0;3;17;A01
201500056512;0;31;0;0;0;1;1;A01
201500056513;0;7;0;0;2;1;22;C01
201500056513;0;7;0;0;2;1;2;A01
201500056513;0;7;0;0;2;4;23;B01
201500056514;0;7;0;0;2;1;23;A01
201500056514;0;7;0;0;2;1;23;B01
201500056514;1;7;0;0;2;1;1;Z01
201500056514;0;7;0;0;2;4;23;C01
201500056515;0;7;0;14;0;1;12;A01
201500056516;0;31;0;0;2;1;3;A01
201500056516;1;7;0;0;2;0;11;Z01
201500056517;0;7;0;0;2;6;2;B01
201500056517;0;33;0;0;2;9;2;C01
201500056517;0;15;0;0;2;1;2;A01
201500056518;1;7;0;0;2;0;13;Z01
201500056518;0;33;0;0;2;2;1;A01
201500056519;0;31;0;0;2;8;3;A01
201500056519;0;7;0;0;2;2;2;B01
201500056519;0;10;0;0;2;5;23;C01
201500056520;0;14;0;0;2;2;12;A01
201500056520;0;7;0;0;2;8;1;B01
201500056521;0;33;0;0;2;3;2;A01
201500056521;0;7;0;0;2;5;23;B01
201500056522;0;7;0;0;2;2;12;A01
201500056522;0;33;0;0;2;3;1;B01
201500056523;0;7;0;0;2;8;23;B01
201500056523;0;33;0;0;2;7;14;A01
201500056524;0;31;0;0;2;0;2;A01
201500056524;0;7;0;0;2;0;2;B01
201500056525;0;7;0;0;2;4;1;C01
201500056525;0;34;0;0;2;3;3;B01
201500056525;0;7;0;0;2;2;12;A01
201500056526;0;32;0;0;2;1;1;A01
201500056526;0;7;0;0;2;5;12;B01
201500056527;0;10;0;0;2;7;12;A01
201500056527;0;32;0;0;2;8;1;B01
201500056528;0;7;0;0;2;1;1;A01
201500056528;0;7;0;0;2;4;1;B01
201500056529;0;7;0;0;2;1;2;A01
201500056529;0;7;0;0;2;4;2;B01
201500056529;0;32;0;0;2;1;2;C01
201500056530;0;7;0;0;2;8;11;A01
201500056530;0;33;0;4;2;7;1;B01
201500056531;0;7;0;4;2;3;2;A01
201500056531;0;7;0;0;2;5;2;B01
201500056532;0;33;0;0;2;1;3;A01
201500056532;1;7;0;0;2;1;11;Z01
201500056533;0;31;0;0;0;0;1;A01
201500056534;0;7;0;0;2;3;11;A01
201500056534;0;31;0;0;2;0;3;B01
201500056535;0;33;0;0;2;3;21;A01
201500056535;0;7;0;0;2;2;1;B01
201500056535;0;7;0;0;2;6;1;C01
201500056536;0;32;0;0;2;1;3;A01
201500056536;0;7;0;0;2;6;11;B01
201500056537;0;31;0;0;2;2;1;B01
201500056537;0;7;0;0;2;3;11;A01
201500056538;0;7;0;0;2;6;11;B01
201500056538;0;34;0;0;2;2;3;A01
201500056539;0;7;0;0;2;1;2;A01
201500056539;0;7;0;0;2;1;2;D01
201500056539;0;7;0;0;2;4;2;B01
201500056539;0;10;0;0;2;4;2;C01
201500056540;0;7;0;4;2;2;1;B01
201500056540;0;17;0;0;2;8;14;A01
201500056541;0;33;0;4;0;3;13;A01
201500056542;0;7;0;0;2;1;1;A01
201500056542;0;7;0;0;2;4;23;B01
201500056543;0;7;0;0;2;1;1;A01
201500056543;0;7;0;0;2;4;1;B01
201500056543;0;7;0;0;2;4;1;C01
201500056543;0;7;0;0;2;4;1;D01
201500056544;0;7;0;0;2;4;1;B01
201500056544;0;7;0;0;2;1;1;A01
201500056544;0;7;0;0;2;1;1;C01
201500056544;0;7;0;0;2;1;1;D01
201500056545;0;7;0;0;2;7;1;A01
201500056545;2;7;0;12;2;8;11;Z01
201500056545;0;10;0;0;2;8;1;B01
201500056546;0;33;0;0;2;1;3;B01
201500056546;0;7;0;0;2;8;12;A01
201500056546;0;7;0;0;2;5;1;C01
201500056547;0;7;0;0;2;1;2;A01
201500056547;0;7;0;0;2;4;23;B01
201500056547;0;7;0;0;2;4;23;C01
201500056548;0;7;0;0;2;2;12;A01
201500056548;0;31;0;0;2;8;1;B01
201500056549;0;31;0;0;2;1;13;A01
201500056549;0;10;0;0;2;5;1;B01
201500056550;0;33;0;0;2;7;1;A01
201500056550;1;7;0;0;2;7;11;Z01
201500056551;0;33;0;0;0;7;3;A01
201500056552;0;33;0;0;2;1;3;A01
201500056552;0;7;0;0;2;5;12;B01
201500056553;0;31;0;0;2;3;2;A01
201500056553;0;7;0;0;2;2;14;B01
201500056554;0;7;0;0;1;3;0;A01
201500056555;0;7;0;0;2;1;1;A01
201500056555;0;7;0;0;2;4;1;B01
201500056556;0;16;0;0;2;2;12;A01
201500056556;0;7;0;0;2;8;1;B01
201500056557;0;7;0;0;2;7;1;B01
201500056557;0;7;0;0;2;8;11;A01
201500056558;0;7;0;0;2;6;13;A01
201500056558;0;33;0;0;2;1;1;C01
201500056558;0;17;0;0;2;2;1;B01
201500056559;0;10;0;0;2;1;2;A01
201500056559;0;7;0;0;2;4;1;C01
201500056559;0;7;0;0;2;4;23;B01
201500056560;0;7;0;0;2;4;1;D01
201500056560;0;10;0;0;2;4;1;B01
201500056560;0;17;0;0;2;1;1;A01
201500056560;0;10;0;0;2;4;1;C01
201500056561;0;7;0;0;2;6;1;B01
201500056561;0;31;0;0;2;0;3;A01
201500056562;0;7;0;0;2;4;23;C01
201500056562;0;7;0;0;2;4;23;B01
201500056562;0;7;0;0;2;1;1;A01
201500056563;0;7;0;0;2;1;14;A01
201500056563;0;7;0;0;2;4;23;B01
201500056564;0;7;0;0;2;1;2;C01
201500056564;0;10;0;0;2;4;2;A01
201500056564;0;7;0;0;2;1;2;B01
201500056565;0;7;0;4;2;4;2;B01
201500056565;0;7;0;12;2;1;2;A01
201500056566;0;7;0;0;2;5;23;B01
201500056566;0;31;0;0;2;1;3;A01
201500056567;0;31;0;0;2;8;3;B01
201500056567;0;7;0;0;2;5;12;A01
201500056568;0;7;0;0;2;8;13;A01
201500056568;0;31;0;0;2;7;3;B01
201500056569;0;10;0;0;2;4;2;B01
201500056569;0;33;0;0;2;1;2;A01
201500056570;0;10;0;0;2;3;11;A01
201500056570;0;33;0;0;2;7;1;B01
201500056571;0;7;0;0;2;4;2;B01
201500056571;0;7;0;0;2;1;2;A01
201500056571;0;7;0;0;2;1;2;C01
201500056571;0;7;0;0;2;4;2;D01
201500056572;0;3;0;0;2;2;2;A01
201500056572;0;7;0;0;2;6;2;B01
201500056573;0;7;0;0;2;4;2;C01
201500056573;0;7;0;0;2;1;2;A01
201500056573;0;7;0;0;2;4;2;B01
201500056574;0;7;0;0;2;1;2;A01
201500056574;0;7;0;0;2;4;23;B01
201500056574;0;10;0;0;2;4;23;C01
201500056575;0;7;0;0;2;4;1;A01
201500056575;2;7;0;0;2;1;1;Z01
201500056576;0;33;0;0;2;1;1;A01
201500056576;0;7;0;0;2;6;1;B01
201500056577;0;7;0;0;2;4;23;B01
201500056577;0;7;0;0;2;1;1;A01
201500056578;0;31;0;0;2;7;3;A01
201500056578;1;7;0;0;2;0;11;Z01
201500056579;0;7;0;0;2;8;11;A01
201500056579;0;33;0;0;2;9;1;B01
201500056580;0;7;0;0;2;1;1;A01
201500056580;0;10;0;0;2;4;1;B01
201500056581;0;7;0;0;2;1;1;A01
201500056581;0;7;0;0;2;4;1;B01
201500056582;0;7;0;0;2;1;1;A01
201500056582;0;7;0;0;2;4;1;C01
201500056582;0;10;0;0;2;4;1;D01
201500056582;0;7;0;0;2;4;1;B01
201500056583;0;7;0;0;2;2;11;A01
201500056583;0;7;0;0;2;6;1;B01
201500056584;0;7;0;4;0;2;13;A01
201500056585;0;10;0;0;2;2;12;A01
201500056585;0;31;0;0;2;3;3;B01
201500056586;0;33;0;0;2;1;3;B01
201500056586;0;7;0;0;2;6;11;A01
201500056587;0;31;0;0;2;8;3;B01
201500056587;0;34;0;0;2;8;17;A01
201500056588;0;7;0;0;2;2;12;A01
201500056588;0;31;0;0;2;8;1;B01
201500056589;0;33;0;0;2;8;1;A01
201500056589;1;7;0;0;2;0;13;Z01
201500056590;0;10;0;0;2;7;1;B01
201500056590;0;10;0;0;2;6;1;C01
201500056590;0;30;0;0;2;3;11;A01
201500056591;0;7;0;0;2;5;12;A01
201500056591;0;34;0;0;2;3;1;B01
201500056592;0;7;0;0;2;4;1;A01
201500056592;1;7;0;0;2;0;1;Z01
201500056593;0;31;0;0;2;1;1;A01
201500056593;0;7;0;0;2;5;1;B01
201500056594;0;31;0;0;2;7;3;A01
201500056594;1;7;0;0;2;3;11;Z01
201500056595;0;7;0;0;2;3;1;C01
201500056595;0;31;0;0;2;8;3;A01
201500056595;0;7;0;0;2;7;1;B01
201500056596;0;7;0;0;2;1;2;A01
201500056596;0;7;0;0;2;4;23;D01
201500056596;0;7;0;0;2;4;23;B01
201500056596;0;7;0;0;2;4;23;C01
201500056597;0;7;0;4;0;1;13;A01
201500056598;0;7;0;0;2;4;2;A01
201500056598;1;7;0;0;2;0;2;Z01
201500056599;0;10;0;0;2;4;1;B01
201500056599;0;10;0;0;2;1;1;A01
201500056600;0;31;0;0;0;8;1;A01
201500056601;0;7;0;0;2;2;12;A01
201500056601;0;33;0;0;2;3;3;B01
201500056602;0;7;0;0;2;4;23;C01
201500056602;0;7;0;0;2;4;1;B01
201500056602;0;7;0;0;2;1;1;A01
201500056603;1;7;0;0;2;1;1;Z01
201500056603;0;7;0;0;2;4;1;A01
201500056604;0;10;0;0;0;2;14;A01
201500056605;0;7;0;8;0;1;2;A01
201500056606;0;7;0;1;0;2;14;A01
201500056606;0;7;0;0;0;6;24;B02
201500056607;0;33;0;4;0;2;1;A01
201500056608;0;7;0;13;0;1;1;A01
201500056609;0;30;0;0;2;0;0;A01
201500056609;0;7;0;0;2;3;0;B02
201500056610;0;33;0;8;0;1;1;A01
201500056611;0;31;0;0;2;2;15;A01
201500056611;0;10;0;0;2;3;1;B02
201500056612;0;7;0;0;0;3;9;B02
201500056612;0;30;0;0;0;1;1;A01
201500056613;0;33;0;0;1;1;1;A01
201500056614;0;7;0;0;0;9;0;A01
201500056615;0;10;0;0;2;1;1;A01
201500056615;0;1;0;0;2;8;19;B02
201500056616;0;7;0;0;9;3;1;B02
201500056616;0;30;0;0;2;3;1;A01
201500056617;0;7;0;0;2;8;10;A01
201500056617;0;33;0;0;2;1;1;B02
201500056618;0;7;0;0;2;3;15;A01
201500056618;0;34;0;0;2;8;1;B02
201500056619;0;31;0;6;0;0;2;A01
201500056620;0;33;0;0;2;1;2;A01
201500056620;0;33;0;0;2;4;15;B02
201500056621;0;7;0;0;2;1;15;A01
201500056621;0;30;0;0;2;0;1;B02
201500056622;0;33;0;2;0;1;1;A01
201500056623;0;7;0;0;2;1;13;A01
201500056623;0;7;0;0;2;1;1;B02
201500056624;0;7;0;0;2;3;1;A01
201500056624;0;33;0;0;2;1;13;B02
201500056625;0;7;0;0;1;1;1;A01
201500056626;0;7;0;0;2;1;1;B02
201500056626;0;7;0;0;2;2;13;A01
201500056627;0;10;0;0;0;1;0;A01
201500056627;0;10;0;0;0;1;0;B02
201500056627;0;10;0;0;0;1;0;C03
201500056628;0;3;0;0;2;2;1;B02
201500056628;0;7;0;0;2;3;5;A01
201500056629;0;10;0;0;2;3;0;B02
201500056629;0;31;0;0;2;1;5;A01
201500056630;0;33;0;0;2;8;13;B02
201500056630;0;7;0;0;2;8;1;A01
201500056631;1;7;0;0;1;0;0;A01
201500056632;0;7;0;6;0;2;1;A01
201500056633;0;2;0;0;2;1;0;B02
201500056633;0;7;0;0;2;2;13;A01
201500056634;0;31;0;0;2;1;5;A01
201500056634;0;7;0;0;2;3;0;B02
201500056635;0;7;0;3;2;2;17;A01
201500056635;0;7;0;0;2;1;1;B02
201500056636;0;7;0;0;1;2;14;A01
201500056637;0;33;0;0;2;0;1;A01
201500056637;0;7;0;0;2;1;1;C03
201500056637;0;7;0;0;9;1;1;B02
201500056638;0;7;0;0;0;0;1;A01
201500056639;1;14;0;0;1;2;0;A01
201500056640;0;7;0;0;1;2;2;A01
201500056641;0;2;0;0;2;1;11;A01
201500056641;0;7;0;0;2;3;1;B02
201500056642;0;31;0;0;2;1;13;A01
201500056642;0;7;0;0;2;3;23;B02
201500056643;0;7;0;0;2;1;15;A01
201500056643;0;33;0;0;2;8;1;B02
201500056644;0;7;0;0;2;6;2;B02
201500056644;0;33;0;0;2;1;2;A01
201500056645;0;7;0;0;2;1;13;A01
201500056645;0;7;0;0;2;1;1;B02
201500056646;0;10;0;0;2;1;15;A01
201500056646;0;30;0;0;2;1;1;B02
201500056647;0;7;0;0;0;1;1;A01
201500056647;0;7;0;0;0;1;11;B02
201500056648;0;7;0;0;0;1;5;A01
201500056648;0;7;0;0;0;1;1;B02
201500056649;0;7;0;0;1;2;0;A01
201500056650;0;7;0;0;0;1;1;A01
201500056651;0;33;0;0;2;1;13;A01
201500056651;0;7;0;0;2;1;1;B02
201500056652;0;7;0;0;1;1;1;A01
201500056653;0;7;0;0;0;3;13;A01
201500056653;0;33;0;0;0;3;1;B02
201500056654;0;1;0;0;2;1;19;B02
201500056654;0;7;0;0;9;7;1;A01
201500056655;0;31;0;0;2;1;17;A01
201500056655;0;10;0;0;2;3;1;B02
201500056656;0;2;0;0;2;1;1;B02
201500056656;0;7;0;0;2;3;13;A01
201500056657;0;7;0;0;0;1;21;A01
201500056657;0;7;0;0;0;1;1;B02
201500056658;0;7;0;13;0;9;14;A01
201500056659;0;33;0;0;2;1;1;A01
201500056659;0;7;0;0;2;5;15;B02
201500056660;0;33;0;0;2;1;1;A01
201500056660;0;7;0;0;2;2;15;B02
201500056661;0;1;0;6;0;1;13;A01
201500056662;0;7;0;6;0;7;1;A01
201500056663;0;33;0;3;0;1;1;A01
201500056664;0;7;0;0;1;2;2;A01
201500056665;0;10;0;0;0;7;1;A01
201500056666;0;7;0;0;2;1;13;A01
201500056666;0;7;0;0;2;1;1;B02
201500056667;0;1;0;0;0;0;19;A01
201500056668;0;7;0;0;1;7;1;A01
201500056669;0;33;0;0;2;1;17;A01
201500056669;0;7;0;0;2;3;1;B02
201500056670;0;7;0;0;2;5;1;B02
201500056670;0;33;0;10;2;1;1;A01
201500056671;0;10;0;0;1;2;2;A01
201500056672;0;31;0;0;2;1;2;A01
201500056672;0;7;0;0;2;1;1;C03
201500056672;0;7;0;0;2;4;2;B02
201500056673;0;7;0;0;2;5;1;A01
201500056673;0;7;0;0;2;1;1;B02
201500056674;0;7;0;0;0;3;23;A01
201500056674;0;7;0;1;0;2;1;B02
201500056675;0;7;0;0;2;1;15;A01
201500056675;0;33;0;0;2;3;1;B02
201500056676;0;7;0;0;2;2;15;A01
201500056676;0;33;0;0;2;1;1;B02
201500056677;0;33;0;0;0;9;1;A01
201500056678;0;10;0;0;2;8;1;B02
201500056678;0;33;0;0;2;1;13;A01
201500056679;0;10;0;0;2;1;1;B02
201500056679;0;7;0;0;2;2;1;A01
201500056680;0;31;0;1;0;1;1;A01
201500056681;0;33;0;2;0;1;1;A01
201500056682;0;30;0;0;0;5;1;A01
201500056683;0;7;0;0;2;3;1;B02
201500056683;0;7;0;0;2;3;1;C03
201500056683;0;7;0;0;2;3;13;A01
201500056684;0;33;0;0;2;1;1;A01
201500056684;0;7;0;0;2;2;6;B02
201500056685;0;7;0;0;2;1;1;A01
201500056685;0;30;0;0;2;7;15;B02
201500056686;0;7;0;0;2;1;1;A01
201500056686;0;30;0;0;2;8;15;B02
201500056687;1;7;0;0;2;0;0;A01
201500056687;0;34;0;0;2;8;1;B02
201500056688;0;7;0;0;2;4;15;A01
201500056688;0;7;0;0;2;1;1;B02
201500056689;0;7;0;0;2;1;1;A01
201500056689;0;7;0;0;2;4;1;B02
201500056689;0;7;0;0;2;4;1;C03
201500056690;0;7;0;0;2;4;15;B02
201500056690;0;7;0;0;2;1;1;A01
201500056691;0;7;0;0;1;2;1;A01
201500056692;0;7;0;13;0;2;1;A01
201500056693;0;7;0;0;2;2;15;B02
201500056693;0;7;0;0;2;1;1;A01
201500056694;0;7;0;0;2;3;0;A01
201500056694;0;7;0;0;2;3;17;B02
201500056695;0;7;0;0;2;3;15;A01
201500056695;0;31;0;0;2;3;1;B02
201500056696;0;30;0;0;2;1;5;B02
201500056696;0;7;0;0;2;2;17;A01
201500056697;0;31;0;13;0;1;1;A01
201500056698;0;7;0;0;2;1;1;B02
201500056698;0;7;0;0;2;2;15;A01
201500056699;0;7;0;0;2;1;13;A01
201500056699;0;7;0;0;2;8;1;B02
201500056699;0;7;0;0;2;0;1;C03
201500056700;0;7;0;13;0;3;1;A01
201500056701;0;7;0;0;2;2;1;A01
201500056701;0;2;0;0;2;1;1;B02
201500056702;0;14;0;0;2;7;1;A01
201500056702;0;14;0;0;2;1;1;B02
201500056703;0;7;0;0;2;6;13;B02
201500056703;0;31;0;0;2;1;1;C03
201500056703;0;10;0;0;0;0;1;A01
201500056704;0;38;0;0;2;8;1;C03
201500056704;0;7;0;0;2;2;13;A01
201500056704;0;7;0;0;0;6;0;B02
201500056705;0;7;0;0;2;3;1;A01
201500056705;0;7;0;0;2;3;13;B02
201500056706;0;32;0;16;0;0;1;A01
201500056707;0;30;0;13;0;7;17;A01
201500056708;0;10;0;0;2;3;1;B02
201500056708;0;30;0;0;2;1;13;A01
201500056709;0;2;0;0;0;0;0;A01
201500056710;0;2;0;0;0;0;1;A01
201500056711;0;7;0;0;2;2;1;A01
201500056711;0;34;0;0;2;3;9;B02
201500056712;0;7;0;0;2;8;15;A01
201500056712;0;30;0;0;2;7;17;B02
201500056713;0;7;0;0;2;1;13;C03
201500056713;0;7;0;0;2;8;1;A01
201500056713;0;15;0;0;2;3;1;B02
201500056714;0;7;0;0;2;1;1;A01
201500056714;0;7;0;0;2;2;19;B02
201500056715;0;34;0;6;0;1;1;A01
201500056716;0;30;0;1;0;1;0;B02
201500056716;0;7;0;0;0;1;5;A01
201500056717;0;7;0;0;2;2;15;A01
201500056717;0;2;0;0;2;1;18;B02
201500056718;0;7;0;0;2;3;13;A01
201500056718;0;7;0;0;2;3;1;B02
201500056719;0;7;0;0;2;7;13;A01
201500056719;0;7;0;0;2;1;1;B02
201500056720;0;7;0;0;2;3;2;A01
201500056720;0;31;0;0;2;2;1;B02
201500056721;0;30;0;0;2;1;2;A01
201500056721;0;1;0;0;0;4;2;B02
201500056722;1;32;0;0;1;1;5;A01
201500056723;0;7;0;0;2;2;15;A01
201500056723;0;31;0;0;2;1;1;B02
201500056724;0;33;0;0;2;9;17;A01
201500056724;0;7;0;0;2;8;10;B02
201500056725;0;7;0;0;2;3;19;A01
201500056725;0;33;0;0;2;1;1;B02
201500056726;0;7;0;0;2;8;1;B02
201500056726;0;7;0;0;2;1;1;A01
201500056727;0;2;0;0;0;4;0;B02
201500056727;0;7;0;0;2;2;2;A01
201500056727;0;2;0;0;0;4;0;C03
201500056728;0;7;0;0;2;8;15;B02
201500056728;0;33;0;0;2;1;17;A01
201500056729;0;1;0;0;2;0;15;A01
201500056730;0;7;0;0;1;2;1;A01
201500056731;0;32;0;0;2;1;0;A01
201500056731;0;1;0;0;2;8;13;B02
201500056732;0;33;0;16;0;3;17;A01
201500056732;0;14;0;0;0;0;15;B02
201500056733;0;7;0;0;0;0;1;A01
201500056734;0;7;0;0;1;3;1;A01
201500056735;0;7;0;0;0;0;0;A01
201500056736;0;7;0;0;2;8;19;A01
201500056736;0;31;0;0;2;1;1;B02
201500056737;1;31;0;6;0;1;1;A01
201500056738;0;30;0;5;0;0;0;A01
201500056739;0;32;0;0;2;1;5;A01
201500056739;0;7;0;0;2;8;1;B02
201500056740;0;7;0;0;0;8;23;A01
201500056740;0;2;0;1;0;1;19;B02
201500056741;0;7;0;0;2;2;1;A01
201500056741;0;30;0;0;2;5;10;B02
201500056742;0;34;0;0;2;1;17;A01
201500056742;0;7;0;0;0;6;1;B02
201500056743;0;7;0;0;1;7;2;A01
201500056744;0;7;0;0;2;5;13;A01
201500056744;0;10;0;0;2;1;1;B02
201500056745;0;10;0;13;0;1;2;A01
201500056746;0;7;0;2;0;9;1;A01
201500056747;0;7;0;0;2;7;15;A01
201500056747;0;31;0;0;2;1;1;B02
201500056748;0;7;0;0;2;1;15;A01
201500056748;0;32;0;0;2;1;1;B02
201500056749;0;30;0;0;2;7;1;A01
201500056749;0;7;0;0;2;3;1;B02
201500056750;0;7;0;0;1;3;1;A01
201500056751;0;34;0;0;2;1;13;A01
201500056751;0;38;0;0;2;1;1;B02
201500056752;0;7;0;0;2;2;1;A01
201500056752;0;30;0;0;2;1;13;B02
201500056753;0;2;0;0;2;1;1;A01
201500056753;0;7;0;0;2;2;1;B02
201500056754;0;7;0;0;2;3;15;A01
201500056754;0;2;0;0;2;1;1;B02
201500056755;0;7;0;2;0;3;1;A01
201500056756;0;21;0;0;2;5;1;B02
201500056756;0;7;0;0;1;2;1;A01
201500056757;0;7;0;0;1;3;1;A01
201500056758;0;7;0;0;1;0;2;A01
201500056759;0;7;0;0;0;0;1;A01
201500056760;0;30;0;0;2;1;1;A01
201500056760;0;7;0;0;2;6;19;B02
201500056761;0;7;0;0;2;1;1;A01
201500056761;0;7;0;0;2;8;19;B02
201500056762;0;1;0;1;0;1;13;B02
201500056762;0;33;0;0;0;4;23;A01
201500056763;0;7;0;8;0;1;1;A01
201500056764;0;36;0;15;0;6;13;A01
201500056765;0;10;0;0;2;2;1;A01
201500056765;0;33;0;0;2;1;16;B02
201500056766;0;7;0;0;2;3;17;A01
201500056766;0;7;0;0;2;3;1;B02
201500056767;0;10;0;0;2;1;2;A01
201500056767;0;32;0;0;0;4;1;B02
201500056768;0;10;0;0;1;2;1;A01
201500056769;0;33;0;0;0;0;1;A01
201500056770;0;7;0;0;0;7;1;A01
201500056770;0;1;0;0;2;1;1;B02
201500056771;0;7;0;0;1;1;1;A01
201500056772;0;30;0;0;2;1;1;A01
201500056772;0;7;0;0;2;4;23;B02
201500056773;0;7;0;0;2;1;1;B02
201500056773;0;7;0;0;2;6;21;A01
201500056773;2;7;0;0;2;3;13;C03
201500056774;0;1;0;0;2;7;0;A01
201500056774;0;7;0;0;0;2;15;B02
201500056775;0;7;0;8;0;9;1;A01
201500056776;0;7;0;0;1;2;1;A01