num_acc;senc;catv;occutc;obs;obsm;choc;manv;num_veh
201500056777;0;7;0;0;2;1;1;B02
201500056777;0;7;0;0;2;2;13;A01
201500056778;0;7;0;0;2;7;15;A01
201500056778;0;33;0;0;2;1;1;B02
201500056779;0;7;0;0;2;8;19;A01
201500056779;0;2;0;0;2;1;1;B02
201500056780;0;7;0;6;0;1;1;A01
201500056781;0;33;0;0;2;1;1;B02
201500056781;0;7;0;0;2;7;15;A01
201500056782;0;33;0;16;0;7;1;A01
201500056783;0;1;0;6;0;4;13;A01
201500056784;0;33;0;0;1;1;2;A01
201500056785;0;7;0;0;2;2;1;A01
201500056785;0;7;0;0;2;3;1;B02
201500056786;0;7;0;0;2;2;1;A01
201500056786;0;2;0;0;2;8;19;B02
201500056787;0;31;0;0;0;8;2;B02
201500056787;0;7;0;0;2;2;2;A01
201500056788;0;31;0;0;1;3;1;A01
201500056789;0;7;0;0;2;8;15;A01
201500056789;0;33;0;0;2;1;3;B02
201500056790;0;7;0;0;0;0;19;A01
201500056791;0;7;0;0;2;1;13;A01
201500056791;0;7;0;0;2;1;1;B02
201500056792;0;7;0;0;2;1;1;A01
201500056792;0;10;0;0;2;1;13;B02
201500056793;0;7;0;0;1;3;1;A01
201500056794;0;7;0;0;1;2;1;A01
201500056795;0;15;0;0;1;5;16;A01
201500056796;0;7;0;14;1;2;9;A01
201500056797;0;31;0;0;2;1;1;B02
201500056797;0;7;0;0;2;7;15;A01
201500056798;0;7;0;0;2;2;15;A01
201500056798;0;33;0;0;2;1;18;B02
201500056799;0;33;0;13;0;7;1;A01
201500056800;0;10;0;0;2;1;1;A01
201500056800;0;14;0;0;2;1;1;B02
201500056801;0;7;0;0;2;3;13;A01
201500056801;0;7;0;0;2;3;1;B02
201500056802;0;7;0;0;2;3;15;A01
201500056802;0;30;0;0;2;1;17;B02
201500056803;0;7;0;0;2;1;13;A01
201500056803;0;7;0;0;2;1;1;B02
201500056804;0;7;0;0;1;1;21;A01
201500056805;0;38;0;0;2;3;15;A01
201500056805;0;30;0;0;2;1;17;B02
201500056806;0;1;0;0;2;1;1;B02
201500056806;0;7;0;0;2;2;15;A01
201500056807;0;7;0;0;2;3;1;A01
201500056807;0;7;0;0;2;3;1;B02
201500056808;0;7;0;0;2;2;2;A01
201500056808;0;7;0;0;0;4;0;C03
201500056808;0;7;0;0;0;4;0;F06
201500056808;0;7;0;0;0;4;0;E05
201500056808;0;1;0;0;0;4;2;B02
201500056808;0;7;0;0;0;4;2;D04
201500056809;0;10;0;0;1;2;17;A01
201500056810;0;30;0;1;0;1;1;B02
201500056810;0;30;0;0;0;1;1;A01
201500056811;0;7;0;0;2;2;2;A01
201500056811;0;30;0;0;0;4;2;B02
201500056812;0;30;0;0;2;4;2;A01
201500056812;0;10;0;0;2;3;2;B02
201500056813;0;7;0;0;2;2;1;B02
201500056813;0;7;0;0;2;2;13;A01
201500056814;0;30;0;0;0;1;1;A01
201500056815;0;7;0;0;1;2;1;A01
201500056816;0;32;0;0;0;0;0;A01
201500056816;0;30;0;0;0;0;0;B02
201500056817;0;7;0;2;0;3;17;A01
201500056818;0;7;0;0;2;3;1;A01
201500056818;0;2;0;0;2;2;1;B02
201500056819;0;7;0;0;2;2;17;A01
201500056819;0;10;0;0;2;1;1;B02
201500056820;0;7;0;0;0;4;16;A01
201500056820;0;7;0;0;2;1;1;B02
201500056821;0;2;0;0;2;8;1;B02
201500056821;0;7;0;0;0;3;15;A01
201500056822;0;7;0;0;0;0;1;A01
201500056823;0;7;0;13;0;1;1;A01
201500056824;0;7;0;0;2;1;13;A01
201500056824;0;10;0;0;2;1;1;B02
201500056825;0;7;0;5;0;2;1;A01
201500056826;0;7;0;0;2;1;1;A01
201500056826;0;30;0;0;2;1;1;B02
201500056827;0;7;0;0;0;1;1;A01
201500056828;0;15;0;0;2;7;17;B02
201500056828;0;2;0;0;2;8;1;A01
201500056829;0;33;0;0;2;7;17;A01
201500056829;0;7;0;0;2;3;15;B02
201500056830;0;7;0;0;2;3;1;A01
201500056830;0;31;0;0;2;2;1;B02
201500056831;0;7;0;0;2;2;15;B02
201500056831;0;2;0;0;2;0;1;A01
201500056832;0;7;0;0;1;2;1;A01
201500056833;0;1;0;0;2;8;10;B02
201500056833;0;10;0;0;9;1;1;A01
201500056834;0;7;0;0;0;0;1;A01
201500056835;0;14;0;0;0;0;1;A01
201500056836;0;7;0;0;0;9;1;A01
201500056837;0;10;0;0;0;9;2;A01
201500056838;0;30;0;0;2;1;13;A01
201500056838;0;30;0;0;2;1;1;B02
201500056839;0;14;0;2;0;3;1;A01
201500056840;0;7;0;0;1;2;1;A01
201500056841;0;7;0;0;1;2;14;A01
201500056842;0;30;0;0;2;1;5;A01
201500056843;0;7;0;13;0;1;0;A01
201500056844;0;7;0;0;2;3;10;A01
201500056844;0;30;0;0;2;2;17;B02
201500056845;0;7;0;0;2;7;15;A01
201500056845;0;33;0;0;2;1;1;B02
201500056846;0;31;0;0;0;1;1;A01
201500056847;0;7;0;0;1;2;1;A01
201500056848;0;7;0;0;0;7;1;A01
201500056849;0;30;0;0;2;1;14;A01
201500056849;0;30;0;0;2;1;1;B02
201500056850;0;7;0;13;0;1;13;A01
201500056851;0;7;0;0;0;4;16;B02
201500056851;0;30;0;0;2;1;2;A01
201500056852;0;2;0;0;2;1;1;A01
201500056852;0;7;0;0;2;8;15;B02
201500056853;0;7;0;0;2;2;16;A01
201500056853;0;2;0;0;2;1;1;B02
201500056854;0;30;0;0;2;1;13;A01
201500056854;0;7;0;0;2;2;0;B02
201500056855;0;7;0;0;2;8;13;A01
201500056855;1;30;0;0;2;8;21;B02
201500056856;0;31;0;0;2;1;5;B02
201500056856;0;10;0;0;2;3;1;A01
201500056857;0;30;0;0;0;0;13;A01
201500056858;0;7;0;0;2;5;15;A01
201500056858;0;33;0;0;2;1;1;B02
201500056859;1;7;0;0;2;1;16;A01
201500056859;0;2;0;0;2;7;15;B02
201500056860;0;7;0;0;1;8;1;A01
201500056861;0;7;0;0;2;1;1;A01
201500056861;0;1;0;0;2;4;12;B02
201500056862;0;7;0;1;1;3;1;A01
201500056863;0;7;0;8;0;7;14;A01
201500056864;0;14;0;0;2;2;1;A01
201500056864;0;1;0;0;2;4;1;B02
201500056865;0;7;0;0;1;2;1;A01
201500056866;0;7;0;0;0;9;1;A01
201500056867;0;7;0;16;0;9;1;A01
201500056868;0;30;0;1;0;1;1;A01
201500056869;0;7;0;0;1;3;1;A01
201500056870;0;33;0;0;2;8;1;B02
201500056870;0;7;0;0;2;3;15;A01
201500056871;0;33;0;0;2;1;1;A01
201500056871;0;7;0;0;2;3;1;B02
201500056872;0;7;0;0;2;3;1;B02
201500056872;2;7;0;0;2;7;1;A01
201500056873;0;7;0;0;1;1;13;A01
201500056874;0;7;0;0;0;3;1;A01
201500056874;0;33;0;0;0;8;1;B02
201500056875;0;7;0;0;9;1;1;B02
201500056875;0;33;0;0;9;0;1;A01
201500056876;0;7;0;2;0;1;1;A01
201500056876;0;7;0;0;2;1;1;B02
201500056877;0;7;0;0;1;3;0;A01
201500056878;0;7;0;0;1;3;1;A01
201500056879;0;7;0;0;2;8;10;B02
201500056879;0;33;0;0;2;1;1;A01
201500056879;0;7;0;0;0;0;0;C03
201500056880;0;7;0;0;2;8;1;A01
201500056880;0;1;0;0;0;1;1;B02
201500056881;0;7;0;0;1;2;1;A01
201500056882;0;7;0;0;2;1;13;A01
201500056882;0;7;0;0;2;1;15;B02
201500056883;0;7;0;0;2;7;17;A01
201500056883;0;7;0;0;2;8;1;B02
201500056884;0;1;0;0;2;3;19;A01
201500056884;0;7;0;0;2;3;1;B02
201500056885;0;1;0;0;2;2;9;B02
201500056885;0;10;0;0;2;3;9;A01
201500056886;1;30;0;0;2;1;2;A01
201500056886;0;1;0;0;0;4;2;B02
201500056887;0;7;0;6;0;2;1;A01
201500056888;0;7;0;0;0;0;1;A01
201500056889;0;7;0;0;1;2;1;A01
201500056890;0;7;0;0;2;2;9;A01
201500056890;0;30;0;0;2;2;5;B02
201500056891;0;7;0;0;1;2;2;A01
201500056892;0;33;0;0;2;1;1;A01
201500056892;0;7;0;0;9;7;15;B02
201500056893;0;7;0;0;1;2;1;A01
201500056894;0;7;0;0;2;1;1;A01
201500056894;0;30;0;0;2;2;1;B02
201500056895;0;10;0;0;2;3;15;A01
201500056895;0;1;0;0;2;3;1;B02
201500056896;0;7;0;0;1;2;1;A01
201500056897;0;7;0;0;2;7;17;A01
201500056897;0;14;0;0;2;3;15;B02
201500056898;0;30;0;0;2;3;1;B02
201500056898;0;7;0;0;2;3;1;A01
201500056899;0;10;0;0;2;3;1;C03
201500056899;0;7;0;0;2;3;1;D04
201500056899;0;31;0;0;2;1;9;A01
201500056899;0;7;0;0;2;3;13;B02
201500056900;0;7;0;0;2;1;1;B02
201500056900;0;7;0;0;2;8;6;A01
201500056901;0;7;0;0;1;1;1;A01
201500056902;0;2;0;0;2;1;19;B02
201500056902;0;7;0;0;2;3;1;A01
201500056903;0;2;0;0;2;2;17;A01
201500056903;0;7;0;0;2;3;0;B02
201500056904;0;7;0;8;0;7;0;A01
201500056905;0;7;0;0;2;3;1;A01
201500056905;0;32;0;0;2;3;1;B02
201500056906;0;7;0;0;1;7;1;A01
201500056907;0;33;0;0;2;1;17;B02
201500056907;0;7;0;0;2;8;15;A01
201500056908;0;33;0;6;0;1;1;A01
201500056909;0;7;0;13;0;2;1;A01
201500056910;0;7;0;0;1;3;0;A01
201500056911;0;7;0;0;1;2;1;A01
201500056912;0;7;0;2;0;1;1;A01
201500056913;0;30;0;0;2;1;1;B02
201500056913;0;7;0;0;2;3;15;A01
201500056914;0;7;0;0;1;1;1;A01
201500056915;0;37;0;0;1;5;9;A01
201500056916;0;33;0;0;1;2;1;A01
201500056917;0;1;0;0;2;8;1;B02
201500056917;0;37;0;0;2;8;1;A01
201500056918;0;30;0;13;0;1;1;A01
201500056919;0;7;0;13;0;1;1;A01
201500056920;0;14;0;13;0;2;1;A01
201500056921;0;7;0;2;0;8;1;A01
201500056922;0;7;0;0;2;1;17;A01
201500056922;0;14;0;0;2;1;1;B02
201500056923;0;31;0;0;2;8;1;B02
201500056923;0;7;0;0;2;2;17;A01
201500056924;0;30;0;0;1;1;1;A01
201500056925;0;7;0;0;2;8;0;B02
201500056925;0;33;0;0;2;7;2;A01
201500056926;0;34;0;0;2;7;0;A01
201500056926;0;7;0;0;2;2;16;B02
201500056927;0;7;0;0;1;1;1;A01
201500056928;0;1;0;0;0;0;0;B02
201500056928;0;7;0;0;9;1;1;A01
201500056929;0;7;0;0;1;1;1;A01
201500056930;0;33;0;0;2;1;1;B02
201500056930;0;7;0;0;2;8;19;A01
201500056931;0;10;0;0;0;7;15;A01
201500056931;0;31;0;0;0;3;1;B02
201500056932;0;7;0;0;2;1;1;C03
201500056932;0;7;0;0;2;4;13;A01
201500056932;0;7;0;0;2;1;1;B02
201500056933;0;7;0;0;0;4;2;C03
201500056933;0;31;0;0;2;1;2;A01
201500056933;0;7;0;0;0;4;2;B02
201500056934;0;7;0;0;1;0;0;A01
201500056935;0;30;0;10;0;1;1;A01
201500056936;0;7;0;0;2;8;19;A01
201500056936;0;7;0;0;2;1;1;B02
201500056937;0;7;0;0;2;1;5;A01
201500056937;0;7;0;0;2;1;1;B02
201500056938;0;30;0;0;0;0;1;A01
201500056939;0;2;0;0;2;1;13;A01
201500056939;0;7;0;0;2;1;1;B02
201500056940;0;33;0;0;2;8;1;B02
201500056940;0;7;0;0;2;2;15;A01
201500056941;0;7;0;0;2;3;10;A01
201500056941;0;10;0;0;2;2;1;B02
201500056942;0;7;0;0;2;1;1;B02
201500056942;0;7;0;0;2;7;13;A01
201500056943;0;7;0;13;0;2;1;A01
201500056944;0;7;0;0;2;1;1;B02
201500056944;0;7;0;0;2;2;13;A01
201500056945;0;7;0;0;2;3;1;B02
201500056945;0;7;0;0;2;3;13;A01
201500056946;0;33;0;0;2;1;1;A01
201500056946;0;7;0;4;2;6;1;B02
201500056947;0;7;0;0;0;3;10;A01
201500056947;0;33;0;0;2;1;1;B02
201500056948;0;10;0;0;1;2;1;A01
201500056949;0;7;0;0;1;6;1;A01
201500056950;0;7;0;0;2;8;0;B02
201500056950;0;33;0;0;2;7;1;A01
201500056951;0;7;0;0;1;1;15;A01
201500056952;0;33;0;0;1;1;2;A01
201500056952;0;10;0;0;2;1;1;B02
201500056953;0;7;0;0;1;3;15;A01
201500056954;0;33;0;0;1;1;0;A01
201500056955;0;10;0;13;0;1;1;A01
201500056956;0;1;0;0;2;1;13;B02
201500056956;0;10;0;0;2;3;1;A01
201500056957;0;7;0;0;2;1;1;B02
201500056957;0;30;0;0;2;1;5;A01
201500056958;0;10;0;0;1;3;1;A01
201500056959;0;7;0;0;9;2;1;A01
201500056959;0;1;0;0;2;1;13;B02
201500056960;0;32;0;0;0;0;17;A01
201500056961;0;38;0;0;2;3;1;B02
201500056961;0;30;0;0;0;3;1;A01
201500056962;0;14;0;0;2;4;1;A01
201500056962;0;30;0;0;2;1;1;B02
201500056963;0;10;0;0;1;2;4;A01
201500056964;0;30;0;6;0;2;14;A01
201500056965;0;33;0;0;1;8;1;A01
201500056966;0;33;0;0;2;3;13;A01
201500056966;0;7;0;0;2;3;1;B02
201500056967;0;33;0;4;0;7;1;A01
201500056968;0;7;0;0;2;3;13;A01
201500056968;0;7;0;0;2;3;1;B02
201500056969;0;33;0;0;0;3;1;A01
201500056970;0;1;0;0;2;1;1;B02
201500056970;0;7;0;0;2;5;15;A01
201500056971;0;32;0;0;0;1;14;A01
201500056972;0;7;0;1;0;9;0;A01
201500056972;0;10;0;0;2;0;24;B02
201500056973;0;7;0;0;2;3;1;A01
201500056973;0;7;0;0;2;1;1;B02
201500056974;0;10;0;8;0;3;1;A01
201500056975;0;7;0;16;0;0;2;A01
201500056976;0;2;0;0;0;0;1;A01
201500056977;0;7;0;0;2;1;1;B02
201500056977;0;34;0;0;2;1;15;A01
201500056978;0;7;0;0;2;1;5;B02
201500056978;0;7;0;0;2;1;0;A01
201500056979;0;1;0;12;0;1;1;A01
201500056980;0;7;0;13;0;9;13;A01
201500056981;0;10;0;0;2;3;1;B02
201500056981;0;31;0;0;2;1;1;A01
201500056982;0;7;0;0;2;8;15;B02
201500056982;0;32;0;0;2;1;17;A01
201500056983;0;1;0;0;2;4;1;B02
201500056983;0;10;0;0;2;3;15;A01
201500056984;0;7;0;0;1;1;1;A01
201500056985;0;30;0;0;2;1;1;A01
201500056985;0;7;0;0;2;1;1;B02
201500056986;0;7;0;0;2;2;1;B02
201500056986;0;30;0;0;2;1;13;A01
201500056987;0;31;0;0;2;3;17;A01
201500056987;0;7;0;0;2;3;17;B02
201500056988;0;7;0;0;1;1;1;A01
201500056989;0;7;0;0;1;1;1;A01
201500056990;1;7;0;0;1;0;0;B02
201500056991;0;7;0;0;1;2;1;A01
201500056992;0;33;0;0;1;1;1;A01
201500056993;0;10;0;6;1;3;13;A01
201500056994;0;7;0;6;0;1;19;A01
201500056995;0;1;0;12;0;1;1;A01
201500056996;0;30;0;0;0;7;0;A01
201500056997;0;7;0;0;2;3;1;A01
201500056997;0;30;0;0;2;1;13;B02
201500056998;0;21;0;0;1;5;21;A01
201500056999;0;7;0;0;2;1;1;B02
201500056999;0;7;0;0;2;1;1;A01
201500057000;0;7;0;0;2;7;13;A01
201500057000;0;7;0;0;2;1;1;B02
201500057001;0;7;0;0;1;1;1;A01
201500057002;0;7;0;0;2;3;1;B02
201500057002;0;33;0;0;2;1;1;A01
201500057003;0;31;0;0;2;1;1;B02
201500057003;0;7;0;0;2;2;15;A01
201500057004;0;33;0;13;0;1;1;A01
201500057005;0;7;0;0;2;1;1;A01
201500057005;0;7;0;0;2;5;15;B02
201500057006;0;30;0;0;0;1;5;B02
201500057006;0;7;0;0;2;2;1;A01
201500057007;0;7;0;0;2;3;15;B02
201500057007;0;33;0;0;2;3;1;A01
201500057008;0;7;0;13;0;1;1;A01
201500057009;0;30;0;0;2;8;1;A01
201500057009;0;7;0;0;2;3;5;B02
201500057010;0;30;0;0;1;1;1;A01
201500057011;0;7;0;0;1;2;1;A01
201500057012;0;30;0;0;2;1;17;A01
201500057012;0;10;0;0;2;3;15;B02
201500057013;0;30;0;0;2;8;1;A01
201500057013;0;7;0;0;2;1;1;B02
201500057014;0;10;0;0;2;3;1;A01
201500057014;0;10;0;0;2;3;13;B02
201500057015;0;30;0;0;2;1;15;A01
201500057015;0;7;0;0;2;3;1;B02
201500057016;0;7;0;0;2;2;17;A01
201500057016;0;7;0;0;2;6;1;B02
201500057017;0;10;0;0;2;1;1;A01
201500057017;0;31;0;0;2;1;13;B02
201500057018;0;33;0;0;2;1;13;A01
201500057018;0;7;0;0;2;2;1;B02
201500057019;0;7;0;0;2;2;11;A01
201500057019;0;2;0;0;2;1;1;B02
201500057020;0;7;0;13;0;9;1;A01
201500057021;0;31;0;0;2;1;1;B02
201500057021;0;7;0;0;0;5;15;A01
201500057022;0;2;0;0;1;1;1;A01
201500057023;0;7;0;0;2;1;17;A01
201500057023;0;7;0;0;2;1;1;B02
201500057024;0;7;0;0;1;6;21;A01
201500057025;0;7;0;0;2;2;15;A01
201500057025;0;31;0;0;2;1;1;B02
201500057026;0;7;0;0;1;3;1;A01
201500057027;0;36;0;0;0;3;1;A01
201500057028;0;10;0;1;0;3;0;A01
201500057029;0;30;0;0;1;1;1;A01
201500057030;0;7;0;0;1;2;17;A01
201500057031;0;30;0;2;0;8;1;A01
201500057031;0;10;0;2;0;3;0;B02
201500057032;0;10;0;0;1;3;1;A01
201500057033;0;14;0;0;0;1;1;A01
201500057034;0;7;0;0;0;3;1;A01
201500057035;0;30;0;3;2;7;2;B02
201500057035;0;7;0;3;2;8;2;A01
201500057036;0;7;0;0;0;6;15;A01
201500057036;0;2;0;0;2;1;17;B02
201500057037;0;32;0;0;2;1;1;A01
201500057037;0;7;0;0;2;3;15;B02
201500057038;0;7;0;0;2;4;23;B02
201500057038;0;34;0;0;2;1;1;A01
201500057039;0;7;0;0;2;2;15;A01
201500057039;0;30;0;0;2;1;1;B02
201500057040;0;7;0;0;2;2;15;B02
201500057040;0;32;0;0;2;1;1;A01
201500057041;0;7;0;0;2;1;1;B02
201500057041;0;7;0;0;2;7;5;A01
201500057042;0;7;0;0;2;3;2;A01
201500057042;0;1;0;0;0;4;1;B02
201500057043;0;33;0;0;2;1;1;B02
201500057043;0;7;0;0;2;7;15;A01
201500057044;0;7;0;0;1;1;21;A01
201500057045;0;14;0;0;0;3;0;A01
201500057045;0;33;0;0;2;2;0;B02
201500057046;2;7;0;1;0;1;2;B02
201500057046;0;7;0;0;0;4;23;A01
201500057047;0;7;0;0;1;2;1;A01
201500057048;0;10;0;0;1;1;1;A01
201500057049;0;33;0;0;2;2;0;A01
201500057049;0;10;0;0;2;3;0;B02
201500057050;0;10;0;0;1;1;0;A01
201500057051;0;7;0;0;2;8;17;A01
201500057051;0;7;0;0;2;8;1;B02
201500057051;0;7;0;0;2;3;1;C03
201500057051;0;7;0;0;2;1;1;D04
201500057052;0;7;0;0;1;3;1;A01
201500057053;0;7;0;2;0;2;14;A01
201500057054;0;7;0;5;0;1;13;A01
201500057055;0;30;0;0;0;3;1;B02
201500057055;0;7;0;0;0;3;13;A01
201500057056;0;33;0;0;2;3;1;B02
201500057056;0;7;0;0;2;3;13;A01
201500057057;0;7;0;0;2;3;1;A01
201500057057;2;7;0;0;2;2;17;B02
201500057058;0;30;0;0;2;6;23;A01
201500057058;0;7;0;0;2;8;13;B02
201500057059;0;14;0;0;1;1;1;A01
201500057060;0;32;0;0;0;1;21;A01
201500057061;0;14;0;0;1;1;1;A01
201500057062;0;7;0;0;1;5;1;A01
201500057063;0;10;0;0;2;1;13;A01
201500057063;0;3;0;0;0;1;0;B02
201500057064;0;32;0;0;2;1;1;A01
201500057064;0;7;0;0;2;3;20;B02
201500057065;0;7;0;0;1;1;1;A01
201500057066;2;10;0;15;1;3;5;A01
201500057067;1;7;0;0;1;2;1;A01
201500057068;0;33;0;2;0;1;1;A01
201500057069;0;7;0;0;2;1;1;A01
201500057069;0;7;0;0;2;1;13;B02
201500057070;0;7;0;0;0;3;21;A01
201500057070;0;2;0;0;0;0;5;B02
201500057071;0;10;0;0;0;5;15;A01
201500057071;0;2;0;0;2;1;1;B02
201500057072;1;7;0;0;2;2;0;C03
201500057072;0;7;0;0;2;6;2;A01
201500057072;0;7;0;0;2;8;0;B02
201500057073;0;7;0;0;2;7;15;A01
201500057073;0;30;0;0;2;1;1;B02
201500057074;0;33;0;0;0;7;1;A01
201500057074;0;7;0;0;0;2;15;B02
201500057075;0;7;0;0;1;1;1;A01
201500057076;0;30;0;0;0;4;18;A01
201500057076;0;7;0;0;0;3;15;B02
201500057077;0;7;0;0;2;7;15;A01
201500057077;0;1;0;0;2;3;1;B02
201500057078;0;2;0;0;2;1;1;B02
201500057078;0;7;0;0;2;5;5;A01
201500057079;0;1;0;0;0;1;5;B02
201500057079;0;7;0;0;9;2;1;A01
201500057080;0;7;0;0;0;2;15;A01
201500057080;0;31;0;0;2;1;1;B02
201500057081;0;7;0;0;2;3;1;B02
201500057081;0;30;0;0;2;1;13;A01
201500057082;0;30;0;0;1;1;1;A01
201500057083;0;7;0;0;0;9;1;A01
201500057084;0;10;0;0;1;2;1;A01
201500057085;0;10;0;0;1;2;1;A01
201500057086;0;7;0;0;2;2;1;B02
201500057086;0;7;0;0;0;6;11;A01
201500057087;0;10;0;13;0;3;1;A01
201500057088;0;7;0;0;2;6;1;B02
201500057088;0;30;0;0;2;1;1;A01
201500057089;0;10;0;0;1;0;23;A01
201500057089;0;10;0;14;2;1;1;B02
201500057090;0;30;0;0;2;1;1;B02
201500057090;0;7;0;0;2;1;9;A01
201500057091;0;30;0;0;2;3;9;A01
201500057091;0;7;0;0;2;3;1;B02
201500057092;0;7;0;1;0;9;1;A01
201500057093;0;7;0;0;2;2;10;A01
201500057093;0;7;0;0;2;1;1;B02
201500057094;0;7;0;0;2;3;17;A01
201500057094;0;2;0;0;2;1;1;B02
201500057095;0;30;0;0;2;1;1;A01
201500057095;0;7;0;0;2;8;1;B02
201500057096;0;32;0;0;2;1;1;B02
201500057096;0;10;0;0;2;8;15;A01
201500057097;0;32;0;0;2;1;1;A01
201500057097;0;7;0;0;2;3;17;B02
201500057098;0;10;0;0;2;7;15;A01
201500057098;0;33;0;0;2;1;1;B02
201500057099;0;7;0;0;2;3;13;A01
201500057099;0;10;0;0;2;3;1;B02
201500057100;0;1;0;13;0;1;1;B02
201500057100;0;1;0;13;0;1;1;A01
201500057101;0;2;0;0;2;1;1;B02
201500057101;0;7;0;0;2;8;10;A01
201500057102;0;30;0;0;2;1;21;B02
201500057102;0;7;0;0;2;1;21;A01
201500057103;0;30;0;0;2;1;13;A01
201500057104;0;7;0;0;2;2;10;A01
201500057104;0;34;0;0;2;1;1;B02
201500057105;0;7;0;1;2;3;1;B02
201500057105;1;30;0;0;2;1;1;A01
201500057106;0;30;0;0;2;1;17;A01
201500057106;0;30;0;0;2;1;1;B02
201500057107;0;34;0;0;2;0;1;A01
201500057108;0;7;0;0;1;5;1;A01
201500057109;0;7;0;0;2;8;15;A01
201500057109;0;7;0;0;2;1;1;B02
201500057110;0;30;0;0;2;3;13;A01
201500057110;0;10;0;0;2;3;15;B02
201500057111;0;7;0;0;2;4;1;B02
201500057111;0;30;0;0;2;1;1;A01
201500057112;0;38;0;0;1;7;1;A01
201500057113;0;38;0;0;2;3;15;B02
201500057113;0;30;0;0;2;1;13;A01
201500057114;0;33;0;0;2;6;2;B02
201500057114;0;33;0;0;2;1;2;A01
201500057115;0;7;0;0;1;5;1;A01
201500057116;0;10;0;0;2;6;15;A01
201500057116;0;2;0;0;2;1;17;B02
201500057117;0;7;0;0;2;5;17;A01
201500057117;0;33;0;0;2;1;1;B02
201500057118;0;7;0;4;0;1;1;A01
201500057119;0;7;0;0;2;1;1;B02
201500057119;0;30;0;0;2;1;5;A01
201500057120;0;7;0;1;0;8;1;A01
201500057121;0;7;0;0;1;3;0;A01
201500057122;0;7;0;0;2;1;13;A01
201500057122;0;7;0;0;2;1;1;B02
201500057123;0;33;0;10;0;1;1;A01
201500057124;0;7;0;0;0;1;17;A01
201500057124;0;30;0;0;0;1;1;B02
201500057125;0;2;0;0;2;8;1;A01
201500057125;0;7;0;0;2;1;1;C03
201500057125;0;7;0;0;2;3;1;B02
201500057126;0;10;0;6;0;1;9;A01
201500057127;0;7;0;0;1;3;1;A01
201500057128;0;2;0;0;2;8;13;B02
201500057128;0;7;0;0;2;3;13;A01
201500057129;0;1;0;0;0;2;1;A01
201500057130;0;7;0;0;1;1;1;A01
201500057131;0;7;0;13;2;1;1;A01
201500057131;0;7;0;0;2;3;13;B02
201500057132;0;1;0;0;2;0;0;B02
201500057132;0;7;0;0;2;2;1;A01
201500057133;0;1;0;0;2;2;17;A01
201500057133;0;7;0;0;9;3;15;B02
201500057134;0;30;0;0;2;1;1;A01
201500057134;0;31;0;0;2;1;5;B02
201500057135;0;7;0;0;2;3;1;A01
201500057135;0;30;0;0;2;1;13;B02
201500057136;0;7;0;0;0;0;1;C03
201500057136;0;7;0;0;2;3;1;B02
201500057136;0;7;0;0;2;3;13;A01
201500057137;0;7;0;1;0;1;15;A01
201500057138;0;30;0;0;1;1;1;A01
201500057139;0;33;0;0;2;5;2;B02
201500057139;0;7;0;0;2;1;2;A01
201500057140;0;7;0;4;0;9;14;A01
201500057141;0;7;0;0;1;3;13;A01
201500057142;0;7;0;0;0;5;0;B02
201500057142;0;30;0;1;0;1;1;A01
201500057143;0;30;0;0;1;1;17;A01
201500057144;0;7;0;0;2;3;1;B02
201500057144;0;33;0;0;2;1;13;A01
201500057145;0;7;0;0;0;9;1;A01
201500057146;0;31;0;0;2;8;1;B02
201500057146;0;7;0;0;2;3;15;A01
201500057147;0;7;0;0;1;4;24;A01
201500057147;0;7;0;0;2;1;2;C03
201500057147;0;7;0;1;0;1;2;B02
201500057148;0;7;0;0;2;3;9;A01
201500057148;0;2;0;0;2;1;1;B02
201500057149;0;7;0;0;0;1;15;A01
201500057149;0;1;0;0;0;1;1;B02
201500057150;0;33;0;0;2;1;1;B02
201500057150;0;7;0;0;0;3;15;A01
201500057151;0;34;0;0;2;2;1;A01
201500057151;0;7;0;0;9;6;11;B02
201500057152;0;7;0;1;1;1;1;A01
201500057152;0;13;0;0;0;6;24;B02
201500057153;0;7;0;0;2;6;1;A01
201500057153;0;33;0;0;2;8;12;B02
201500057154;0;7;0;0;2;3;1;A01
201500057154;0;7;0;0;2;8;1;B02
201500057155;0;33;0;6;0;1;1;A01
201500057156;0;7;0;0;2;1;1;B02
201500057156;0;7;0;0;2;0;1;C03
201500057156;0;7;0;0;2;1;17;A01
201500057157;0;3;0;0;0;9;1;A01
201500057158;0;33;0;0;2;1;1;D04
201500057158;0;7;0;0;2;3;1;C03
201500057158;0;33;0;0;2;1;13;A01
201500057158;0;7;0;0;2;3;1;B02
201500057159;0;2;0;0;0;1;1;A01
201500057160;0;7;0;0;0;1;1;A01
201500057161;0;33;0;0;1;4;1;A01
201500057162;0;7;0;0;2;2;2;A01
201500057162;0;2;0;0;0;0;0;B02
201500057163;0;7;0;0;2;3;10;A01
201500057163;0;33;0;0;2;1;17;B02
201500057164;0;10;0;0;2;3;13;A01
201500057164;0;7;0;0;2;1;21;C03
201500057164;0;10;0;0;2;3;1;B02
201500057165;0;7;0;0;2;3;5;A01