num_acc;senc;catv;occutc;obs;obsm;choc;manv;num_veh
201500057165;0;7;0;0;2;3;1;B02
201500057166;0;7;0;2;0;5;1;A01
201500057167;0;33;0;0;2;1;2;B02
201500057167;0;7;0;0;2;4;2;A01
201500057168;0;7;0;0;2;1;1;A01
201500057168;0;34;0;0;2;1;5;B02
201500057169;0;10;0;0;2;1;5;A01
201500057169;0;7;0;0;2;1;1;B02
201500057169;0;38;1;0;2;1;1;C03
201500057170;0;7;0;0;2;2;1;A01
201500057170;0;1;0;0;2;8;10;B02
201500057171;0;33;0;0;2;1;13;C03
201500057171;0;31;0;0;2;4;1;B02
201500057171;0;10;0;0;2;1;1;A01
201500057172;0;7;0;3;0;2;1;A01
201500057173;0;7;0;0;1;3;1;A01
201500057174;0;7;0;0;2;1;17;A01
201500057174;0;30;0;0;2;1;1;B02
201500057175;0;33;0;0;2;1;5;A01
201500057175;0;10;0;0;2;1;1;B02
201500057176;0;7;0;9;0;1;1;A01
201500057177;0;7;0;0;2;3;1;A01
201500057177;0;7;0;0;2;2;13;B02
201500057178;0;7;0;0;0;5;23;B02
201500057178;0;33;0;0;2;1;2;A01
201500057179;0;7;0;2;0;2;14;A01
201500057180;0;14;0;0;2;1;1;A01
201500057180;0;1;0;0;2;1;16;B02
201500057181;0;7;0;2;0;1;1;A01
201500057182;0;10;0;0;2;0;1;A01
201500057182;0;7;0;0;2;1;17;B02
201500057183;0;7;0;0;0;0;0;B02
201500057183;0;33;0;0;0;0;0;A01
201500057183;0;7;0;0;0;0;0;C03
201500057184;0;2;0;6;0;2;1;A01
201500057185;0;10;0;0;2;1;13;A01
201500057185;0;33;0;0;2;1;1;B02
201500057186;0;7;0;0;1;2;1;A01
201500057187;0;7;0;0;2;2;1;B02
201500057187;0;14;0;0;2;1;13;A01
201500057188;0;7;0;2;0;7;14;A01
201500057189;0;33;0;0;0;9;1;A01
201500057190;0;7;0;0;2;1;1;B02
201500057190;0;7;0;0;2;1;17;A01
201500057191;0;7;0;16;0;8;1;A01
201500057192;0;7;0;0;2;3;1;B02
201500057192;0;33;0;0;2;8;13;A01
201500057193;0;7;0;0;0;3;13;A01
201500057193;0;7;0;0;0;3;1;B02
201500057194;0;31;0;0;1;1;1;A01
201500057195;0;7;0;0;1;6;4;A01
201500057196;0;7;0;0;2;3;1;A01
201500057196;0;34;0;0;2;1;1;B02
201500057197;0;7;0;0;2;1;1;A01
201500057197;0;30;0;0;2;1;17;B02
201500057198;0;1;0;0;2;1;5;A01
201500057198;0;30;0;0;2;1;1;B02
201500057199;0;10;0;0;1;1;14;A01
201500057200;0;14;0;0;1;1;1;A01
201500057201;0;33;0;6;0;3;0;A01
201500057202;0;1;0;0;2;8;5;A01
201500057202;0;7;0;0;2;1;1;B02
201500057203;0;1;0;0;0;0;23;B02
201500057203;0;7;0;0;2;1;1;A01
201500057204;0;7;0;3;0;2;1;A01
201500057205;0;7;0;0;1;1;0;A01
201500057206;0;7;0;0;1;1;0;A01
201500057207;2;30;0;0;1;1;1;Z01
201500057208;0;7;0;0;1;4;4;A01
201500057209;0;7;0;0;2;8;1;A01
201500057209;0;7;0;0;0;0;0;B01
201500057210;0;7;0;0;2;2;9;A01
201500057210;0;33;0;0;2;1;2;B01
201500057211;0;7;0;0;1;1;16;A01
201500057212;0;10;0;0;1;7;9;A01
201500057213;0;7;0;1;1;1;13;A01
201500057214;0;7;0;0;1;2;1;A01
201500057215;0;33;0;1;0;3;13;A01
201500057216;0;7;0;15;0;8;18;A01
201500057217;0;7;0;16;0;4;1;A01
201500057218;0;7;0;0;2;1;1;A01
201500057218;0;32;0;0;2;1;17;B01
201500057219;0;99;0;0;0;3;11;B01
201500057219;0;99;0;0;2;8;2;A01
201500057220;0;2;0;0;2;7;1;B01
201500057221;0;34;0;0;2;1;1;B01
201500057221;0;99;0;0;2;2;15;A01
201500057222;0;30;0;16;0;4;9;A01
201500057222;0;7;0;16;0;4;2;B01
201500057223;0;7;0;6;0;1;13;A01
201500057224;0;34;0;0;9;1;2;A01
201500057225;0;99;0;6;0;0;0;A01
201500057226;0;7;0;0;9;3;1;A01
201500057226;0;1;0;0;2;4;15;B01
201500057227;0;7;0;0;2;1;15;A01
201500057227;0;2;0;12;0;8;1;B01
201500057228;0;32;0;0;2;1;1;A01
201500057228;0;7;0;0;2;8;1;B01
201500057229;0;30;0;11;0;1;13;A01
201500057230;0;7;0;0;2;1;21;A01
201500057230;0;7;0;0;2;8;15;B01
201500057231;0;10;0;0;1;8;2;A01
201500057232;0;3;0;15;2;3;21;A01
201500057232;0;2;0;0;2;1;21;B01
201500057233;0;7;0;1;0;2;14;A01
201500057234;1;30;0;0;1;1;1;A01
201500057235;0;2;0;0;2;1;3;B01
201500057235;0;7;0;0;2;3;15;A01
201500057236;0;33;0;0;2;9;1;B01
201500057236;0;7;0;0;2;1;12;A01
201500057237;0;7;0;0;1;3;9;A01
201500057238;1;2;0;0;0;0;13;Z01
201500057238;0;7;0;0;9;0;1;A01
201500057239;0;7;0;0;2;8;15;B01
201500057239;0;7;0;0;2;1;17;A01
201500057240;0;7;0;0;2;5;1;B01
201500057240;0;7;0;0;2;2;15;A01
201500057241;0;7;0;0;2;8;15;A01
201500057241;0;31;0;0;2;1;17;B01
201500057242;1;1;0;0;1;0;0;Z01
201500057243;1;30;0;1;0;0;0;A01
201500057244;0;7;0;4;0;1;0;A01
201500057245;0;7;0;0;2;1;0;B01
201500057245;0;7;0;0;2;7;15;A01
201500057246;0;7;0;0;1;0;0;A01
201500057247;1;2;0;0;2;0;0;B01
201500057247;0;7;0;0;2;1;0;A01
201500057248;0;7;0;0;1;2;21;A01
201500057249;0;7;0;5;1;2;0;A01
201500057249;0;7;0;0;2;6;0;B01
201500057250;0;32;0;0;2;1;0;B01
201500057250;0;7;0;0;2;8;0;A01
201500057251;0;7;0;3;2;6;1;C01
201500057251;0;7;0;0;2;4;2;B01
201500057251;0;7;0;0;2;6;2;D01
201500057251;0;7;0;0;2;1;0;A01
201500057252;0;7;0;0;1;1;0;A01
201500057253;0;7;0;0;2;6;1;B01
201500057253;0;30;0;0;2;1;1;A01
201500057254;1;32;0;0;1;0;0;Z01
201500057255;0;7;0;0;2;1;13;A01
201500057255;0;7;0;0;2;1;1;B01
201500057256;0;7;0;0;2;8;2;A01
201500057256;0;7;0;0;2;3;2;B01
201500057257;0;2;0;0;1;1;0;A01
201500057258;0;7;0;0;1;1;0;A01
201500057259;0;7;0;0;1;0;0;A01
201500057260;1;30;0;0;2;0;1;A01
201500057260;0;7;0;0;2;2;1;B01
201500057261;0;30;0;0;2;1;3;A01
201500057261;0;7;0;0;2;8;15;B01
201500057262;0;7;0;0;1;3;0;A01
201500057263;0;38;1;0;1;5;1;A01
201500057264;0;37;0;0;1;0;20;A01
201500057265;0;7;0;0;2;4;1;B01
201500057265;0;33;0;0;2;1;2;A01
201500057266;0;7;0;0;1;3;15;A01
201500057267;0;7;0;0;1;1;1;A01
201500057268;0;7;0;0;1;0;1;A01
201500057269;0;7;0;0;2;0;15;A01
201500057269;0;1;0;0;2;1;1;B01
201500057270;0;7;0;0;2;3;2;E01
201500057270;0;7;0;0;2;4;4;B01
201500057270;0;7;0;0;2;4;2;C01
201500057270;0;7;0;0;2;4;2;D01
201500057270;0;7;0;0;2;1;2;A01
201500057271;0;7;0;6;0;1;13;A01
201500057272;0;1;0;0;2;8;11;A01
201500057272;0;7;0;0;2;2;2;B01
201500057273;0;7;0;0;2;2;15;B01
201500057273;0;32;0;0;2;1;18;A01
201500057274;0;7;0;0;2;8;1;B01
201500057274;0;7;0;0;2;4;1;C01
201500057274;1;30;0;0;2;0;0;A01
201500057275;0;7;0;0;2;3;1;A01
201500057275;0;7;0;0;2;1;1;B01
201500057275;0;1;0;0;2;0;0;C01
201500057276;0;10;0;0;1;7;1;A01
201500057277;0;1;0;0;0;0;0;B01
201500057277;0;13;0;0;0;8;15;A01
201500057278;0;1;0;0;2;0;0;A01
201500057278;0;7;0;0;2;2;16;B01
201500057279;0;7;0;0;1;1;0;A01
201500057280;0;7;0;15;1;1;2;A01
201500057281;0;7;0;0;0;0;0;B01
201500057281;0;31;0;0;0;0;0;A01
201500057282;0;7;0;0;1;3;0;A01
201500057283;0;7;0;0;0;0;0;A01
201500057283;0;1;0;0;0;0;0;B01
201500057284;0;31;0;0;2;1;17;A01
201500057284;0;7;0;0;2;2;15;B01
201500057285;0;7;0;0;2;0;0;A01
201500057285;0;7;0;0;2;0;0;B01
201500057286;0;32;0;0;0;0;1;A01
201500057287;0;38;0;0;2;8;1;C01
201500057287;0;7;0;0;2;7;17;A01
201500057287;0;7;0;0;2;1;1;B01
201500057288;0;7;0;0;1;2;2;A01
201500057289;0;7;0;0;2;1;15;A01
201500057289;0;7;0;0;2;1;1;B01
201500057290;0;33;0;15;0;1;0;A01
201500057291;0;7;0;13;0;1;2;A01
201500057292;0;7;0;6;0;3;0;A01
201500057293;0;7;0;0;2;3;9;A01
201500057293;0;7;0;0;2;4;1;B01
201500057294;0;30;0;0;2;3;14;A01
201500057294;0;7;0;0;2;8;9;B01
201500057295;0;33;0;0;1;0;0;A01
201500057296;0;7;0;0;2;8;15;B01
201500057296;0;30;0;0;2;1;17;A01
201500057297;0;7;0;0;0;0;0;A01
201500057298;0;7;0;0;0;0;0;B01
201500057298;0;7;0;0;0;0;0;A01
201500057299;0;7;0;0;0;0;0;A01
201500057299;0;7;0;0;2;1;2;B01
201500057300;0;34;0;0;0;0;0;C01
201500057300;0;7;0;0;0;0;0;B01
201500057300;0;33;0;0;0;0;0;A01
201500057301;0;7;0;0;0;3;15;B01
201500057301;0;31;0;0;0;7;2;A01
201500057302;0;7;0;0;0;0;0;A01
201500057303;0;33;0;0;2;1;1;B01
201500057303;0;7;0;0;2;8;15;A01
201500057304;0;30;0;0;2;1;19;A01
201500057304;0;7;0;0;2;2;0;B01
201500057305;0;33;0;0;2;0;0;A01
201500057305;0;7;0;0;2;5;19;B01
201500057306;0;7;0;0;2;9;1;A01
201500057307;0;7;0;0;0;1;17;A01
201500057307;0;7;0;0;0;0;0;B01
201500057307;0;7;0;0;0;0;0;C01
201500057308;0;2;0;4;0;1;0;A01
201500057309;0;30;0;0;0;1;18;B01
201500057309;0;7;0;0;0;7;15;A01
201500057310;0;7;0;0;0;0;0;A01
201500057310;0;32;0;0;0;0;0;B01
201500057311;1;30;0;0;0;0;0;A01
201500057311;0;7;0;0;0;0;0;B01
201500057312;0;7;0;0;0;0;0;A01
201500057313;0;7;0;0;2;3;1;A01
201500057313;0;1;0;0;2;1;13;B01
201500057314;0;7;0;0;0;0;0;B01
201500057314;0;1;0;0;0;0;0;A01
201500057315;0;7;0;0;1;1;1;A01
201500057316;0;7;0;0;2;2;0;A01
201500057316;0;7;0;0;2;7;1;B01
201500057317;0;7;0;0;2;1;1;B01
201500057317;0;7;0;0;2;1;17;A01
201500057318;0;7;0;4;2;3;1;B01
201500057318;0;7;0;4;0;5;0;A01
201500057319;0;7;0;0;0;0;0;A01
201500057319;0;33;0;0;2;4;2;B01
201500057320;0;33;0;0;2;1;17;A01
201500057320;0;7;0;0;2;3;16;B01
201500057321;0;7;0;0;0;0;0;A01
201500057321;0;33;0;0;2;1;17;B01
201500057322;0;7;0;0;2;0;1;B01
201500057322;0;7;0;0;0;6;2;C01
201500057322;0;7;0;0;2;1;13;A01
201500057323;0;13;0;0;2;8;1;B01
201500057323;0;7;0;0;2;3;13;A01
201500057324;0;7;0;6;1;1;0;A01
201500057325;0;7;0;0;2;1;0;B01
201500057325;0;7;0;0;2;0;0;A01
201500057326;0;7;0;0;1;0;0;A01
201500057327;0;7;0;0;2;2;1;A01
201500057327;0;1;0;0;2;1;15;B01
201500057328;0;7;0;0;2;8;1;A01
201500057328;0;1;0;0;2;1;1;B01
201500057329;1;7;0;0;1;2;1;A01
201500057330;0;7;0;0;0;0;0;B01
201500057330;0;7;0;0;0;3;0;A01
201500057331;0;31;0;13;2;9;2;A01
201500057331;0;2;0;3;2;8;2;B01
201500057332;0;7;0;0;2;7;16;B01
201500057332;0;1;0;0;2;0;19;A01
201500057333;0;7;0;0;1;4;4;A01
201500057334;0;7;0;0;2;5;15;A01
201500057334;0;31;0;0;2;0;1;B01
201500057335;0;2;0;0;0;0;0;B01
201500057335;0;13;0;0;2;5;15;A01
201500057336;1;7;0;0;1;0;0;Z01
201500057337;0;7;0;0;0;0;0;A01
201500057338;0;7;0;0;1;2;1;A01
201500057339;0;7;0;0;0;0;0;A01
201500057339;0;7;0;0;0;0;0;B01
201500057340;0;7;0;0;0;0;0;B01
201500057340;0;34;0;0;0;0;0;A01
201500057341;0;1;0;0;0;0;0;A01
201500057342;1;7;0;0;2;0;5;B01
201500057342;0;7;0;0;2;7;15;A01
201500057343;0;2;0;0;1;0;0;A01
201500057344;0;7;0;0;1;0;0;A01
201500057345;0;7;0;0;0;2;15;A01
201500057345;0;34;0;0;0;1;18;B01
201500057346;0;7;0;0;1;0;0;A01
201500057347;0;7;0;0;0;3;15;A01
201500057347;0;32;0;0;2;1;5;B01
201500057348;0;32;0;0;0;0;0;A01
201500057349;0;7;0;0;1;2;0;A01
201500057350;0;7;0;0;2;1;1;A01
201500057350;0;1;0;0;2;7;10;B01
201500057351;0;7;0;8;0;8;13;A01
201500057352;0;7;0;13;0;0;0;A01
201500057353;0;1;0;0;2;1;18;A01
201500057353;0;7;0;0;2;2;15;B01
201500057354;0;7;0;3;2;4;24;B01
201500057354;1;30;0;0;2;1;14;A01
201500057355;0;7;0;0;0;2;0;B01
201500057355;0;1;0;0;0;0;0;A01
201500057356;0;7;0;0;2;8;11;A01
201500057356;0;7;0;0;2;2;17;B01
201500057357;0;7;0;0;2;1;1;B01
201500057357;0;33;0;0;2;1;17;A01
201500057358;0;7;0;0;2;7;15;A01
201500057358;0;7;0;0;2;1;1;B01
201500057359;0;1;0;3;0;2;14;Z01
201500057360;0;32;0;0;2;8;0;B01
201500057360;0;7;0;0;2;2;13;A01
201500057361;0;7;0;0;1;1;1;A01
201500057362;0;7;0;0;2;1;2;A01
201500057362;0;7;0;0;0;0;0;B01
201500057363;0;32;0;0;2;1;13;A01
201500057363;0;7;0;0;2;1;1;B01
201500057364;2;2;0;12;0;3;13;Z01
201500057365;0;33;0;4;0;8;13;A01
201500057366;0;31;0;0;2;1;17;A01
201500057366;0;7;0;0;2;3;1;B01
201500057367;0;7;0;0;2;8;1;B01
201500057367;0;33;0;0;2;3;13;Z01
201500057368;0;30;0;0;2;1;13;A01
201500057368;0;7;0;0;2;1;1;B01
201500057369;0;7;0;0;0;0;0;B01
201500057369;0;30;0;0;2;2;14;A01
201500057370;0;30;0;0;1;1;17;A01
201500057371;0;7;0;0;1;1;1;A01
201500057372;0;7;0;0;2;6;1;C01
201500057372;0;33;0;0;2;1;17;A01
201500057372;0;7;0;0;2;3;1;B01
201500057373;0;31;0;0;2;1;1;A01
201500057373;0;7;0;0;2;3;1;B01
201500057374;0;33;0;0;0;0;0;B01
201500057374;0;7;0;0;2;2;15;A01
201500057375;0;30;0;0;2;1;13;A01
201500057375;0;31;0;0;2;1;1;B01
201500057376;0;7;0;4;0;3;13;A01
201500057377;0;33;0;0;2;1;0;A01
201500057377;0;7;0;0;2;8;16;B01
201500057378;0;7;0;0;1;1;1;A01
201500057379;0;7;0;0;1;2;1;A01
201500057380;0;7;0;0;1;8;1;A01
201500057381;0;30;0;0;2;1;1;B01
201500057381;1;7;0;0;2;1;13;Z01
201500057382;0;31;0;2;0;1;1;A01
201500057383;0;37;5;6;0;5;20;A01
201500057384;0;7;0;0;1;3;1;A01
201500057385;2;30;0;16;0;7;14;Z01
201500057386;1;30;0;0;1;1;1;A01
201500057387;0;7;0;1;1;2;17;A01
201500057388;0;33;0;16;0;7;14;A01
201500057389;0;33;0;16;0;7;14;A01
201500057389;1;33;0;0;2;1;13;B01
201500057390;0;33;0;0;2;1;13;A01
201500057390;0;33;0;0;2;1;1;B01
201500057391;0;7;0;0;2;1;1;B01
201500057391;0;31;0;0;2;9;9;A01
201500057392;0;7;0;0;1;7;1;A01
201500057393;0;7;0;0;2;3;15;A01
201500057393;0;31;0;0;2;1;1;B01
201500057394;0;7;0;0;2;8;1;B01
201500057394;1;7;0;0;2;7;14;Z01
201500057395;0;7;0;0;2;1;2;A01
201500057395;0;1;0;0;2;4;1;B01
201500057396;0;7;0;9;1;2;14;A01
201500057397;0;7;0;0;1;4;4;A01
201500057398;0;7;0;0;1;1;16;A01
201500057399;1;37;1;0;1;7;0;Z01
201500057400;0;30;0;16;0;0;13;A01
201500057401;0;7;0;0;2;2;9;A01
201500057401;0;33;0;0;2;6;1;B01
201500057402;0;7;0;0;1;1;1;A01
201500057403;0;7;0;0;1;1;1;A01
201500057404;1;33;0;0;1;1;1;Z01
201500057405;0;33;0;0;2;3;7;B01
201500057405;0;7;0;0;2;2;16;A01
201500057406;0;7;0;0;1;1;1;A01
201500057407;0;7;0;0;1;1;16;A01
201500057408;0;7;0;6;0;2;14;A01
201500057409;0;30;0;0;2;7;17;A01
201500057409;0;7;0;0;2;8;15;B01
201500057410;0;7;0;0;2;1;15;A01
201500057410;0;7;0;0;2;1;1;B01
201500057411;0;7;0;0;2;2;1;B01
201500057411;0;30;0;0;2;1;16;A01
201500057412;1;7;0;0;1;4;4;Z01
201500057413;0;7;0;0;2;2;14;A01
201500057413;0;33;0;0;2;8;1;B01
201500057414;0;30;0;0;2;1;17;A01
201500057414;0;31;0;0;2;1;1;B01
201500057415;0;7;0;0;2;3;13;A01
201500057415;0;7;0;0;2;3;1;B01
201500057416;0;31;0;0;2;4;2;B01
201500057416;0;7;0;0;2;5;2;C01
201500057416;0;7;0;0;2;1;1;A01
201500057417;0;7;0;0;0;0;13;A01
201500057417;0;33;0;0;0;9;1;B01
201500057418;0;7;0;0;2;1;2;A01
201500057418;0;7;0;0;2;4;1;B01
201500057419;0;31;0;0;2;1;1;A01
201500057419;0;7;0;0;2;1;15;B01
201500057420;0;7;0;0;1;8;1;A01
201500057421;0;7;0;0;2;1;17;A01
201500057421;0;31;0;0;2;1;1;B01
201500057422;0;7;0;1;1;8;1;A01
201500057423;0;33;0;1;0;1;13;A01
201500057424;0;7;0;4;0;2;14;A01
201500057425;0;7;0;0;2;8;1;C01
201500057425;0;7;0;0;2;3;0;A01
201500057425;0;7;0;0;2;7;1;B01
201500057426;0;1;0;0;2;7;1;B01
201500057426;0;7;0;0;2;1;9;A01
201500057427;0;7;0;0;0;1;9;A01
201500057427;0;2;0;0;2;1;1;Z01
201500057428;0;14;0;0;2;1;12;A01
201500057428;0;7;0;0;2;4;12;B01
201500057429;0;33;0;13;0;8;13;A01
201500057430;0;30;0;0;2;9;1;B01
201500057430;0;7;0;0;2;0;9;A01
201500057431;0;7;0;0;1;1;1;A01
201500057432;1;7;0;0;2;2;1;A01
201500057432;0;7;0;0;2;3;1;B01
201500057433;0;31;0;0;2;7;17;A01
201500057433;0;14;0;0;2;6;1;B01
201500057434;0;33;0;1;2;1;13;A01
201500057435;0;7;0;0;2;1;1;B01
201500057435;2;30;0;0;2;1;10;A01
201500057436;0;7;0;0;2;2;13;A01
201500057436;0;30;0;0;2;1;1;B01
201500057437;0;7;0;0;2;6;23;B01
201500057437;0;7;0;0;2;2;2;A01
201500057438;0;1;0;0;2;1;1;B01
201500057438;0;7;0;0;2;7;0;A01
201500057439;0;7;0;0;2;7;14;A01
201500057439;0;7;0;0;2;8;1;B01
201500057440;0;33;0;16;0;1;14;A01
201500057441;0;7;0;0;2;5;15;A01
201500057441;0;1;0;0;2;1;1;B01
201500057442;0;1;0;0;2;1;1;B01
201500057442;0;7;0;0;2;1;12;A01
201500057443;0;7;0;0;2;6;24;B01
201500057443;0;7;0;1;0;4;4;A01
201500057444;0;33;0;0;2;1;1;B01
201500057444;0;7;0;0;2;7;15;A01
201500057445;0;7;0;16;0;7;14;A01
201500057446;0;7;0;0;1;4;4;A01
201500057447;0;2;0;0;1;1;1;A01
201500057448;0;1;0;0;2;1;2;A01
201500057448;0;7;0;0;2;4;1;B01
201500057449;0;7;0;0;1;1;15;A01
201500057450;0;7;0;0;1;8;1;A01
201500057451;0;7;0;0;2;3;13;A01
201500057451;0;7;0;0;2;3;1;B01
201500057452;0;2;0;0;2;2;1;B01
201500057452;0;7;0;0;2;3;15;A01
201500057453;0;30;0;0;2;1;13;A01
201500057453;0;7;0;0;2;3;1;B01
201500057454;0;32;0;0;2;2;17;A01
201500057454;0;7;0;0;2;3;1;B01
201500057455;0;7;0;0;1;1;14;A01
201500057456;0;31;0;0;2;7;17;B01
201500057456;0;7;0;0;2;3;13;A01
201500057457;0;7;0;0;2;3;23;B01
201500057457;0;33;0;0;2;1;1;A01
201500057458;0;31;0;0;2;1;1;B01
201500057458;0;7;0;0;2;3;15;A01
201500057459;0;33;0;0;2;1;1;B01
201500057459;0;7;0;0;2;1;12;A01
201500057460;0;7;0;0;1;2;15;A01
201500057461;0;31;0;0;2;7;19;A01
201500057461;0;7;0;0;2;3;1;B01
201500057462;0;7;0;0;0;0;0;B01
201500057462;0;33;0;0;2;1;2;A01
201500057463;1;7;0;0;1;1;1;Z01
201500057464;0;7;0;0;2;1;17;A01
201500057464;0;31;0;0;2;1;1;B01
201500057465;0;7;0;0;2;7;1;B01
201500057465;0;7;0;0;2;8;11;A01
201500057466;0;7;0;0;2;1;15;B01
201500057466;0;33;0;0;2;1;17;A01
201500057467;0;7;0;0;2;1;15;A01
201500057467;0;37;5;0;2;1;1;B01
201500057467;0;7;0;0;2;3;23;C01
201500057468;0;7;0;0;2;8;24;B01
201500057468;0;7;0;1;0;1;19;A01
201500057469;0;33;0;0;2;8;7;B01
201500057469;0;7;0;0;2;7;14;A01
201500057470;0;31;0;0;2;1;13;A01
201500057470;0;7;0;0;2;3;1;B01
201500057471;0;7;0;0;2;4;2;B01
201500057471;0;7;0;0;2;1;17;A01
201500057472;0;7;0;0;2;1;17;A01
201500057472;0;32;0;0;2;8;1;B01
201500057473;0;7;0;0;2;4;2;B01
201500057473;0;7;0;0;2;1;0;A01
201500057474;0;7;0;0;2;9;17;A01
201500057474;0;38;2;0;2;1;1;B01
201500057474;0;7;0;0;2;3;1;C01
201500057475;0;7;0;0;2;3;13;A01
201500057475;0;7;0;0;2;3;15;B01
201500057476;0;7;0;5;0;1;1;A01
201500057477;0;7;0;0;2;3;13;A01
201500057477;0;7;0;0;2;8;2;B01
201500057478;0;7;0;4;0;9;0;A01
201500057479;0;7;0;0;2;1;2;A01
201500057479;0;7;0;0;2;4;2;C01
201500057479;0;7;0;0;0;4;2;B01
201500057480;0;7;0;0;2;1;5;A01
201500057480;0;7;0;0;2;1;1;B01
201500057481;0;7;0;0;1;1;1;A01
201500057482;0;7;0;0;1;2;1;A01
201500057483;0;7;0;0;2;1;1;C01
201500057483;0;7;0;0;2;1;13;A01
201500057483;0;7;0;0;2;1;1;B01
201500057484;0;31;0;0;0;7;1;B01
201500057484;0;7;0;0;2;1;1;A01
201500057485;1;1;0;0;1;0;0;Z01
201500057486;0;7;0;0;2;1;2;A01
201500057486;0;7;0;0;2;4;23;C01
201500057486;0;7;0;0;2;4;23;B01
201500057487;0;7;0;0;2;4;1;B01
201500057487;0;7;0;0;2;5;1;C01
201500057487;0;33;0;1;2;1;3;A01
201500057488;0;1;0;0;9;4;1;B01
201500057488;0;13;0;0;9;5;1;A01
201500057489;0;7;0;0;2;1;1;B01
201500057489;0;7;0;0;2;1;13;A01
201500057490;0;7;0;0;2;7;1;A01
201500057490;0;7;0;0;2;3;1;B01
201500057491;0;7;0;0;0;1;1;A01
201500057491;0;7;0;0;0;4;2;B01
201500057492;0;7;0;0;2;1;2;A01
201500057492;0;7;0;0;2;4;2;B01
201500057493;0;33;0;0;2;1;0;A01
201500057493;0;7;0;0;0;0;0;B01
201500057494;0;7;0;0;2;1;1;A01
201500057494;0;2;0;0;2;1;5;B01
201500057495;0;30;0;0;2;0;0;Z01
201500057495;0;7;0;0;2;2;16;A01
201500057496;0;7;0;0;2;1;1;A01
201500057496;0;7;0;0;2;8;15;B01
201500057497;0;7;0;0;9;1;0;A01
201500057498;0;33;0;0;2;1;2;A01
201500057498;0;32;0;0;2;1;2;B01
201500057498;0;32;0;0;2;4;2;C01
201500057499;0;7;0;0;2;3;13;A01
201500057499;0;7;0;0;2;3;1;B01
201500057500;0;7;0;0;2;6;0;B01
201500057500;0;33;0;0;2;1;2;A01
201500057501;0;7;0;0;2;8;0;A01
201500057501;0;7;0;0;2;1;0;B01
201500057502;0;7;0;0;2;1;1;A01
201500057502;0;7;0;0;2;6;11;B01
201500057503;0;7;0;4;0;1;0;A01
201500057504;0;7;0;0;2;1;13;A01
201500057504;0;32;0;0;2;1;1;B01
201500057505;0;37;1;0;2;3;6;B01
201500057505;0;7;0;0;2;2;1;A01
201500057506;0;7;0;0;2;1;11;A01
201500057506;0;7;0;0;2;2;1;B01
201500057507;0;7;0;5;0;9;0;A01
201500057508;0;30;0;0;2;1;17;B01
201500057508;0;7;0;0;2;3;1;A01
201500057509;0;7;0;0;2;3;0;A01
201500057509;0;33;0;0;2;1;1;B01
201500057510;0;7;0;0;2;6;0;A01
201500057510;0;7;0;0;2;5;1;B01
201500057511;0;7;0;0;2;3;10;A01
201500057511;0;33;0;0;2;1;1;B01
201500057512;0;30;0;0;2;1;1;A01
201500057512;0;7;0;0;2;7;1;B01
201500057513;0;7;0;0;1;1;1;A01
201500057514;0;7;0;0;2;4;2;A01
201500057514;0;7;0;0;2;1;2;B01
201500057515;0;31;0;0;2;1;1;A01
201500057515;0;7;0;0;2;3;1;B01
201500057516;0;7;0;0;1;0;1;A01
201500057517;0;7;0;0;2;1;1;A01
201500057517;0;33;0;0;2;7;0;B01
201500057518;0;7;0;0;2;3;1;B01
201500057518;0;7;0;0;2;3;13;A01
201500057519;0;7;0;0;1;0;0;A01
201500057520;0;7;0;0;2;1;2;A01
201500057520;0;7;0;0;2;4;1;B01
201500057521;0;7;0;0;1;1;1;A01
201500057522;0;7;0;0;2;1;2;A01
201500057522;0;7;0;0;2;4;2;B01
201500057523;0;33;0;10;0;1;1;A01
201500057524;0;7;0;4;0;0;1;A01
201500057525;0;7;0;0;1;1;1;A01
201500057526;0;7;0;0;1;2;1;A01
201500057527;0;7;0;0;2;1;2;A01
201500057527;0;7;0;0;2;4;2;B01
201500057528;0;7;0;0;2;8;1;B01
201500057528;0;33;0;0;2;0;17;A01
201500057529;0;7;0;1;2;2;1;B01
201500057529;0;7;0;0;2;3;15;A01
201500057530;0;7;0;0;2;0;1;A01
201500057530;0;7;0;0;2;4;1;B01
201500057531;0;7;0;0;2;9;1;C01
201500057531;0;7;0;0;2;8;17;A01
201500057531;0;7;0;0;2;4;1;B01
201500057532;0;7;0;0;2;4;1;B01
201500057532;0;7;0;0;2;1;2;A01
201500057533;1;99;0;0;2;0;0;Z01
201500057533;0;1;0;0;0;0;19;B01
201500057534;0;7;0;0;2;4;1;B01
201500057534;0;7;0;1;2;1;2;A01
201500057535;0;7;0;0;2;4;1;B01
201500057535;0;31;0;0;2;1;2;A01
201500057536;0;7;0;0;2;1;1;B01
201500057536;0;7;0;0;2;1;13;A01
201500057537;1;1;0;0;0;0;0;Z01
201500057537;0;33;0;0;2;4;2;B01
201500057538;0;7;0;0;1;1;1;A01
201500057539;0;7;0;0;1;1;1;A01
201500057540;0;7;0;0;2;7;22;A01
201500057540;0;30;0;0;2;8;18;B01
201500057541;0;7;0;0;2;3;1;B01
201500057541;0;7;0;0;2;3;1;A01
201500057542;0;7;0;0;2;4;2;B01
201500057542;0;7;0;0;2;1;2;A01