num_acc;senc;catv;occutc;obs;obsm;choc;manv;num_veh
201500057543;0;33;0;0;2;7;12;B01
201500057543;0;7;0;0;2;8;1;A01
201500057544;0;33;0;0;2;7;17;A01
201500057544;0;7;0;0;2;3;20;B01
201500057545;0;7;0;0;2;4;1;A01
201500057545;0;7;0;0;2;4;2;B01
201500057546;0;7;0;0;2;8;10;A01
201500057546;0;30;0;0;2;7;3;B01
201500057547;0;7;0;13;0;9;1;A01
201500057548;0;7;0;0;1;1;1;A01
201500057549;0;7;0;0;2;2;15;A01
201500057549;0;30;0;0;2;1;1;B01
201500057550;0;32;0;0;2;1;1;B01
201500057550;0;7;0;0;2;3;15;A01
201500057551;0;7;0;0;2;6;13;A01
201500057551;0;7;0;0;2;3;1;B01
201500057552;0;1;0;0;2;0;1;B01
201500057552;0;7;0;0;9;1;13;A01
201500057553;0;7;0;0;2;1;2;A01
201500057553;0;7;0;0;2;4;1;B01
201500057554;0;7;0;0;1;2;1;A01
201500057555;0;7;0;0;2;3;13;A01
201500057555;0;7;0;0;2;3;1;B01
201500057556;0;2;0;12;0;1;1;A01
201500057557;0;2;0;0;2;1;3;A01
201500057557;0;7;0;0;2;3;0;B01
201500057557;0;7;0;0;2;3;0;C01
201500057558;0;7;0;0;2;8;15;A01
201500057558;0;34;0;0;2;1;17;B01
201500057559;0;34;0;0;2;5;12;B01
201500057559;0;7;0;0;2;3;11;A01
201500057560;0;7;0;4;0;1;9;A01
201500057561;0;7;0;4;0;9;1;A01
201500057562;0;31;0;12;0;8;0;A01
201500057563;0;7;0;0;2;8;1;B01
201500057563;0;34;0;0;2;1;1;A01
201500057564;0;7;0;0;2;1;2;A01
201500057564;0;7;0;0;2;4;2;B01
201500057564;0;7;0;0;2;4;2;C01
201500057564;0;7;0;0;2;4;2;D01
201500057565;0;7;0;0;2;4;4;A01
201500057565;0;33;0;0;2;3;1;B01
201500057566;0;7;0;0;2;1;2;A01
201500057566;0;33;0;0;2;4;2;B01
201500057567;0;7;0;0;2;3;1;A01
201500057567;0;7;0;0;2;3;1;B01
201500057568;0;1;0;0;1;1;13;A01
201500057569;0;7;0;0;2;5;1;B01
201500057569;0;2;0;0;2;1;16;A01
201500057570;0;7;0;0;2;4;2;C01
201500057570;0;7;0;0;2;4;2;B01
201500057570;0;7;0;0;2;1;2;A01
201500057571;0;7;0;0;2;1;2;A01
201500057571;0;7;0;0;2;4;2;B01
201500057571;0;7;0;0;2;4;2;C01
201500057571;0;7;0;0;2;4;2;D01
201500057572;0;7;0;0;2;3;13;B01
201500057572;0;31;0;0;2;7;17;A01
201500057573;0;7;0;12;0;9;1;A01
201500057574;0;33;0;0;2;1;1;A01
201500057574;0;7;0;0;0;0;0;B01
201500057575;0;33;0;15;0;9;1;A01
201500057576;0;7;0;0;2;7;17;A01
201500057576;0;2;0;0;2;8;1;B01
201500057577;0;7;0;0;1;1;1;A01
201500057578;0;7;0;0;2;1;2;A01
201500057578;0;7;0;0;2;4;2;B01
201500057579;0;30;0;0;2;2;1;B01
201500057579;0;7;0;0;2;3;13;A01
201500057580;0;30;0;16;0;0;0;A01
201500057580;0;7;0;16;0;0;0;F01
201500057581;0;7;0;1;2;5;13;A01
201500057581;0;2;0;0;2;1;0;B01
201500057582;0;7;0;0;9;5;0;B01
201500057582;0;33;0;0;2;1;0;A01
201500057583;0;10;0;0;2;8;15;A01
201500057583;0;33;0;0;2;1;1;B01
201500057584;0;2;0;0;2;1;1;A01
201500057584;0;7;0;0;9;6;1;B01
201500057585;0;7;0;0;1;1;1;A01
201500057586;0;7;0;0;2;2;16;A01
201500057586;0;7;0;0;2;1;18;B01
201500057587;1;7;0;0;2;7;15;A01
201500057587;0;2;0;0;2;1;5;B01
201500057588;0;2;0;0;2;1;0;B01
201500057588;0;7;0;0;9;8;10;A01
201500057589;0;7;0;0;2;1;2;A01
201500057589;0;37;0;1;0;6;23;B01
201500057590;0;7;0;0;1;3;1;A01
201500057591;0;7;0;0;0;0;0;A01
201500057591;0;7;0;0;2;4;2;B01
201500057592;0;7;0;0;9;3;1;A01
201500057592;0;1;0;0;0;0;0;B01
201500057593;0;7;0;0;1;1;15;A01
201500057594;0;2;0;0;2;1;1;B01
201500057594;0;7;0;0;2;5;16;A01
201500057595;0;2;0;0;2;2;14;A01
201500057595;0;7;0;0;2;8;2;B01
201500057596;0;7;0;0;2;3;15;A01
201500057596;0;1;0;1;0;1;1;B01
201500057597;0;7;0;0;0;1;0;A01
201500057598;0;7;0;0;2;4;2;B01
201500057598;0;7;0;0;2;1;2;A01
201500057599;0;7;0;0;2;1;2;A01
201500057599;0;7;0;0;2;4;2;B01
201500057600;0;1;0;0;2;1;1;B01
201500057600;0;7;0;0;2;3;16;A01
201500057601;1;2;0;0;1;0;0;A01
201500057602;0;10;0;0;2;1;1;B01
201500057602;0;7;0;0;2;7;1;A01
201500057603;0;7;0;0;2;1;1;A01
201500057603;0;7;0;0;2;4;1;B01
201500057604;0;7;0;0;9;2;1;B01
201500057604;0;2;0;0;2;8;0;A01
201500057605;0;2;0;0;2;1;1;A01
201500057605;0;7;0;0;9;6;16;B01
201500057606;0;7;0;0;0;0;0;A01
201500057606;0;30;0;0;0;0;0;B01
201500057607;0;7;0;0;2;6;0;B01
201500057607;0;2;0;0;0;0;0;A01
201500057608;0;7;0;0;2;2;0;A01
201500057608;0;2;0;0;9;1;1;B01
201500057609;0;7;0;0;1;3;1;A01
201500057610;1;2;0;0;2;0;1;B01
201500057610;0;7;0;0;2;1;15;A01
201500057611;0;2;0;0;2;8;1;B01
201500057611;0;7;0;0;2;7;1;A01
201500057612;1;30;0;0;1;1;1;A01
201500057613;0;1;0;0;2;1;1;B01
201500057613;0;7;0;0;9;3;1;A01
201500057614;0;7;0;0;9;2;9;B01
201500057614;0;1;0;0;2;8;5;A01
201500057615;0;7;0;0;9;3;0;A01
201500057615;0;30;0;0;2;1;0;B01
201500057616;0;7;0;0;9;5;2;B01
201500057616;0;30;0;0;0;0;0;A01
201500057617;0;32;0;0;2;1;17;A01
201500057617;0;7;0;0;2;6;15;B01
201500057618;0;7;0;0;2;3;13;A01
201500057618;0;7;0;0;2;6;1;C01
201500057618;0;7;0;0;2;6;1;B01
201500057619;0;2;0;0;2;8;0;A01
201500057619;0;7;0;0;9;7;16;B01
201500057620;0;7;0;0;2;0;1;A01
201500057620;0;2;0;0;0;0;0;B01
201500057621;0;2;0;0;2;2;1;B01
201500057621;0;7;0;0;2;1;1;A01
201500057622;0;7;0;3;0;9;0;A01
201500057623;0;1;0;0;0;4;0;B01
201500057623;0;30;0;16;0;1;0;A01
201500057624;0;7;0;0;2;2;1;A01
201500057624;0;30;0;0;2;1;0;B01
201500057625;0;10;0;0;2;3;1;A01
201500057625;0;2;0;0;2;7;0;B01
201500057626;0;7;0;0;2;7;15;A01
201500057626;1;2;0;0;2;0;1;B01
201500057627;0;10;0;0;2;6;9;A01
201500057627;0;2;0;0;2;1;1;B01
201500057628;0;1;0;0;2;1;0;B01
201500057628;0;7;0;0;9;7;0;A01
201500057629;0;7;0;0;2;2;2;B01
201500057629;0;7;0;0;2;4;2;A01
201500057630;0;7;0;0;1;1;1;A01
201500057631;0;7;0;0;2;6;16;A01
201500057631;0;2;0;0;2;1;1;B01
201500057632;0;30;0;0;2;2;13;A01
201500057632;0;7;0;0;2;3;16;B01
201500057633;1;10;0;0;2;2;15;A01
201500057633;0;2;0;0;2;1;0;B01
201500057634;0;7;0;0;2;3;19;A01
201500057634;0;33;0;0;2;1;1;B01
201500057635;0;2;0;0;2;1;14;A01
201500057635;0;7;0;0;2;3;2;B01
201500057636;0;30;0;0;0;1;1;A01
201500057637;1;7;0;0;2;8;0;B01
201500057638;1;2;0;0;2;0;0;B01
201500057638;0;7;0;0;2;1;1;A01
201500057639;0;2;0;0;1;1;0;A01
201500057640;0;2;0;0;2;1;0;A01
201500057640;0;7;0;0;0;2;0;B01
201500057641;0;33;0;0;2;3;1;A01
201500057641;0;7;0;0;2;2;0;B01
201500057642;0;7;0;0;1;4;4;A01
201500057643;0;7;0;0;2;1;1;B01
201500057643;0;7;0;0;2;3;15;A01
201500057644;0;7;0;0;2;3;0;A01
201500057644;0;2;0;0;2;1;0;B01
201500057645;0;7;0;0;2;1;15;A01
201500057645;0;1;0;0;2;8;19;B01
201500057646;0;7;0;0;0;0;0;B01
201500057646;0;7;0;0;2;3;0;A01
201500057647;0;2;0;0;2;1;2;A01
201500057647;0;7;0;0;0;4;23;B01
201500057648;0;7;0;0;2;8;0;A01
201500057648;0;2;0;0;2;1;0;B01
201500057649;0;7;0;0;2;1;0;A01
201500057649;0;7;0;0;2;8;0;B01
201500057650;0;2;0;0;9;1;1;A01
201500057650;0;2;0;0;0;8;15;B01
201500057651;0;7;0;0;2;1;19;A01
201500057651;0;7;0;0;2;7;1;B01
201500057652;0;2;0;0;2;1;1;A01
201500057652;0;7;0;0;9;8;0;B01
201500057653;0;7;0;0;0;3;15;A01
201500057653;0;2;0;0;0;1;3;B01
201500057654;0;7;0;0;2;1;1;A01
201500057654;0;7;0;0;2;4;1;B01
201500057654;0;10;0;0;2;4;1;C01
201500057655;0;7;0;0;9;7;1;B01
201500057655;0;2;0;0;2;1;1;A01
201500057656;0;7;0;0;9;3;15;A01
201500057656;0;2;0;0;0;0;0;B01
201500057657;0;7;0;0;9;8;0;A01
201500057657;0;2;0;0;0;0;0;B01
201500057658;0;2;0;0;2;8;10;A01
201500057658;0;7;0;0;2;7;1;B01
201500057659;0;7;0;0;0;4;15;C01
201500057659;0;7;0;0;2;0;2;A01
201500057659;0;7;0;0;2;4;2;B01
201500057660;0;7;0;0;2;1;0;B01
201500057660;0;7;0;0;2;3;15;A01
201500057660;0;7;0;0;2;3;1;C01
201500057661;0;2;0;0;2;8;1;A01
201500057661;0;7;0;0;2;7;1;B01
201500057662;0;7;0;0;2;7;1;A01
201500057662;0;1;0;0;2;0;1;B01
201500057663;0;7;0;0;0;0;0;E01
201500057663;0;7;0;0;0;0;0;B01
201500057663;0;7;0;1;1;1;0;A01
201500057663;0;7;0;0;0;0;0;C01
201500057663;0;7;0;0;0;0;0;D01
201500057664;0;30;0;0;2;3;15;B01
201500057664;0;30;0;0;2;1;2;A01
201500057665;0;7;0;0;2;1;1;A01
201500057665;0;1;0;0;2;8;9;B01
201500057666;0;7;0;0;2;5;20;A01
201500057666;0;30;0;0;2;7;1;B01
201500057667;0;33;0;0;2;6;1;A01
201500057667;0;7;0;0;2;6;15;B01
201500057668;0;31;0;0;0;0;1;A01
201500057669;0;7;0;0;2;1;15;A01
201500057669;0;2;0;0;2;7;0;B01
201500057670;0;2;0;0;2;1;1;B01
201500057670;0;7;0;0;2;3;15;A01
201500057671;0;2;0;0;0;0;1;A01
201500057672;0;7;0;6;2;9;2;A01
201500057672;0;7;0;0;2;2;2;B01
201500057673;0;30;0;0;2;8;1;B01
201500057673;0;7;0;0;2;1;1;A01
201500057674;0;7;0;0;2;1;15;A01
201500057674;0;30;0;0;2;1;1;B01
201500057675;0;7;0;0;0;0;0;B01
201500057675;0;7;0;0;2;1;0;A01
201500057676;0;7;0;0;9;7;16;A01
201500057676;0;2;0;0;2;3;0;B01
201500057677;0;10;0;0;2;7;15;A01
201500057677;0;7;0;0;2;1;1;B01
201500057678;0;1;0;0;2;8;16;B01
201500057678;0;10;0;0;2;7;16;A01
201500057679;0;7;0;0;2;7;16;A01
201500057679;0;7;0;13;0;1;1;B01
201500057680;0;2;0;1;0;1;1;A01
201500057680;0;7;0;0;2;3;22;B01
201500057681;0;30;0;0;2;1;1;B01
201500057681;0;7;0;0;2;5;19;A01
201500057682;0;7;0;0;2;3;1;A01
201500057682;0;1;0;0;0;0;0;B01
201500057683;0;7;0;0;2;3;15;A01
201500057683;0;31;0;0;2;1;2;B01
201500057684;0;7;0;0;2;2;21;B01
201500057684;1;7;0;0;1;0;0;A01
201500057685;0;7;0;0;9;7;16;A01
201500057685;0;2;0;0;2;1;1;B01
201500057686;0;7;0;0;9;7;14;A01
201500057686;0;2;0;0;2;2;0;B01
201500057687;0;7;0;0;1;0;19;A01
201500057688;0;7;0;0;1;1;1;A01
201500057689;0;7;0;0;2;2;16;A01
201500057689;0;34;0;0;2;8;0;B01
201500057690;0;30;0;0;2;8;1;A01
201500057690;0;7;0;0;2;1;21;B01
201500057691;0;30;0;0;2;1;1;B01
201500057691;0;13;0;0;9;1;15;A01
201500057692;0;33;0;0;2;1;17;A01
201500057692;0;7;0;0;2;8;15;B01
201500057693;0;7;0;0;2;2;1;B01
201500057693;0;7;0;0;2;1;1;A01
201500057694;0;32;0;0;2;1;1;A01
201500057694;0;30;0;0;2;4;1;B01
201500057695;0;2;0;1;0;1;1;A01
201500057696;0;7;0;0;2;8;0;A01
201500057696;0;2;0;0;2;1;2;B01
201500057697;0;2;0;0;2;1;0;B01
201500057697;0;7;0;0;0;6;2;A01
201500057698;1;2;0;0;1;1;1;Z01
201500057699;0;7;0;0;1;4;4;A01
201500057700;0;33;0;0;2;1;2;V01
201500057700;0;7;0;0;2;4;15;B01
201500057701;2;7;0;0;2;8;15;B01
201500057701;0;2;0;0;2;8;0;A01
201500057702;0;2;0;0;2;7;0;P01
201500057702;0;7;0;0;2;7;0;A01
201500057703;0;7;0;0;2;5;19;A01
201500057703;0;32;0;0;2;1;2;B01
201500057704;0;2;0;0;0;0;0;B01
201500057704;0;7;0;0;0;0;0;A01
201500057705;0;7;0;0;2;1;2;A01
201500057705;0;7;0;0;0;6;2;B01
201500057706;0;7;0;0;2;1;15;A01
201500057706;0;7;0;0;2;1;1;B01
201500057707;0;30;0;0;1;1;18;A01
201500057708;0;2;0;0;2;1;1;A01
201500057708;0;7;0;0;2;6;19;B01
201500057709;0;10;0;0;2;1;15;A01
201500057709;1;1;0;0;2;0;0;B01
201500057710;0;2;0;0;2;2;0;A01
201500057710;0;2;0;0;2;3;0;B01
201500057711;0;31;0;0;2;1;1;B01
201500057711;0;7;0;0;9;6;0;A01
201500057712;0;7;0;0;9;7;15;A01
201500057712;0;31;0;0;2;1;1;B01
201500057713;0;7;0;0;2;4;2;B01
201500057713;0;7;0;0;2;1;2;A01
201500057714;0;7;0;0;9;1;0;A01
201500057714;0;1;0;0;2;4;0;B01
201500057715;0;7;0;13;2;1;2;A01
201500057715;0;7;0;0;2;1;2;B01
201500057716;0;2;0;0;2;1;2;A01
201500057716;0;1;0;0;0;0;0;B01
201500057717;0;7;0;6;0;1;17;A01
201500057718;1;1;0;0;0;7;15;Z01
201500057718;0;2;0;0;2;1;1;A01
201500057719;0;30;0;14;0;1;2;A01
201500057720;0;7;0;0;2;8;16;B01
201500057720;0;7;0;0;2;1;1;A01
201500057721;0;7;0;0;1;7;1;A01
201500057722;0;7;0;0;1;8;0;B01
201500057723;0;1;0;0;0;0;0;A01
201500057723;0;7;0;0;2;1;15;B01
201500057724;0;7;0;0;2;8;0;C01
201500057724;0;10;0;0;2;0;0;A01
201500057724;0;7;0;0;2;6;0;B01
201500057725;0;33;0;3;0;8;0;A01
201500057726;0;33;0;14;0;1;17;A01
201500057727;0;2;0;0;2;3;1;B01
201500057727;0;10;0;0;2;2;0;A01
201500057728;0;1;0;0;1;1;0;A01
201500057729;0;7;0;0;9;6;20;B01
201500057729;0;2;0;0;2;1;2;A01
201500057730;0;14;0;0;1;2;1;B01
201500057731;0;10;0;0;2;8;15;A01
201500057731;0;7;0;0;2;1;1;B01
201500057732;0;2;0;0;2;4;18;A01
201500057732;0;13;0;0;9;2;1;B01
201500057733;0;2;0;0;0;1;2;A01
201500057734;1;2;0;0;2;0;16;B01
201500057734;0;2;0;0;2;1;1;A01
201500057735;0;31;0;0;2;1;15;B01
201500057735;0;7;0;0;2;1;1;A01
201500057736;0;10;0;0;9;1;1;A01
201500057736;0;2;0;0;2;8;1;B01
201500057737;0;33;0;0;2;1;1;B01
201500057737;0;7;0;0;0;8;15;A01
201500057738;0;7;0;0;1;1;1;A01
201500057739;0;30;0;0;0;0;5;A01
201500057740;0;7;0;0;1;1;1;A01
201500057741;0;2;0;0;2;7;5;A01
201500057741;0;7;0;0;2;8;1;B01
201500057742;0;32;0;0;1;1;1;A01
201500057743;0;2;0;0;9;1;1;B01
201500057743;0;2;0;0;9;7;15;A01
201500057744;0;2;0;1;0;1;5;A01
201500057745;0;2;0;1;0;1;0;A01
201500057746;0;10;0;0;2;1;1;A01
201500057746;0;10;0;0;2;1;15;B01
201500057747;0;7;0;0;2;1;2;A01
201500057747;0;2;0;0;2;0;2;B01
201500057748;0;2;0;0;2;1;1;A01
201500057748;0;99;0;0;9;4;15;B01
201500057749;0;2;0;0;2;1;1;B01
201500057749;0;7;0;0;2;2;15;A01
201500057750;1;7;0;0;1;0;1;A01
201500057751;0;7;0;0;2;1;1;A01
201500057751;1;7;0;0;0;0;0;C01
201500057751;0;7;0;0;2;1;17;B01
201500057752;0;7;0;0;9;8;0;A01
201500057752;0;33;0;0;2;1;0;B01
201500057753;0;7;0;0;2;1;15;A01
201500057753;0;7;0;0;2;8;2;B01
201500057754;0;7;0;0;2;1;2;A01
201500057754;0;7;0;0;2;4;2;B01
201500057754;0;7;0;0;2;4;2;D01
201500057754;0;7;0;0;2;4;2;C01
201500057755;0;7;0;0;2;3;1;B01
201500057755;0;2;0;0;2;1;1;A01
201500057756;0;7;0;0;2;8;15;A01
201500057756;0;33;0;0;2;8;17;B01
201500057757;0;7;0;0;1;7;1;A01
201500057758;0;31;0;0;2;1;1;A01
201500057758;0;7;0;0;2;1;15;B01
201500057759;0;1;0;0;2;8;19;B01
201500057759;0;2;0;0;9;1;1;A01
201500057760;0;2;0;0;2;1;1;A01
201500057760;0;7;0;0;9;2;16;B01
201500057761;0;7;0;0;2;8;9;A01
201500057761;0;7;0;0;2;1;1;B01
201500057762;0;7;0;0;2;1;2;A01
201500057762;0;7;0;0;2;4;17;B01
201500057763;0;2;0;0;2;1;17;B01
201500057763;0;7;0;0;9;3;15;A01
201500057764;0;7;0;0;2;4;1;A01
201500057764;0;2;0;0;2;1;1;B01
201500057765;0;7;0;0;0;0;0;A01
201500057765;0;1;0;0;2;1;1;B01
201500057766;0;7;0;0;2;3;16;A01
201500057766;0;2;0;0;2;3;2;B01
201500057767;0;7;0;0;0;0;0;A01
201500057767;0;30;0;0;2;1;1;B01
201500057768;0;32;0;0;2;1;2;A01
201500057768;0;7;0;0;2;5;2;B01
201500057769;0;2;0;0;2;1;1;B01
201500057769;0;7;0;0;2;3;15;A01
201500057770;0;7;0;0;2;2;15;A01
201500057770;0;2;0;0;2;1;1;B01
201500057771;0;7;0;0;0;3;0;B01
201500057771;0;2;0;0;2;1;1;A01
201500057772;1;7;0;0;1;0;0;A01
201500057773;0;30;0;0;2;2;5;A01
201500057773;0;7;0;0;2;3;15;B01
201500057774;0;30;0;0;1;1;1;A01
201500057775;1;7;0;0;1;1;15;Z01
201500057776;0;7;0;0;2;2;1;A01
201500057776;0;2;0;0;2;6;1;B01
201500057777;0;2;0;0;1;1;1;A01
201500057778;0;7;0;0;9;7;0;A01
201500057778;0;2;0;0;2;1;1;B01
201500057779;0;2;0;0;2;7;15;A01
201500057779;0;7;0;0;2;1;1;B01
201500057780;0;7;0;0;2;4;2;A01
201500057780;0;2;0;0;2;1;2;B01
201500057781;0;7;0;0;0;0;0;A01
201500057781;0;1;0;0;0;0;0;B01
201500057782;1;7;0;0;2;1;2;A01
201500057782;0;2;0;0;2;6;2;B01
201500057783;0;7;0;1;0;1;2;A01
201500057783;0;7;0;1;0;4;2;B01
201500057784;0;7;0;0;2;6;2;A01
201500057784;0;7;0;0;2;2;0;B01
201500057785;0;2;0;0;2;1;1;B01
201500057785;0;7;0;0;2;2;15;A01
201500057786;0;7;0;0;2;3;2;A01
201500057786;0;1;0;0;2;8;2;B01
201500057787;0;7;0;0;2;1;0;A01
201500057787;0;2;0;0;2;1;0;B01
201500057788;0;7;0;0;2;8;15;B01
201500057788;0;30;0;0;0;0;0;A01
201500057789;0;30;0;0;2;8;19;A01
201500057789;0;7;0;0;2;1;1;B01
201500057790;0;2;0;0;2;3;9;A01
201500057790;0;2;0;0;0;0;0;B01
201500057791;0;7;0;0;2;2;2;A01
201500057791;0;1;0;0;2;6;0;B01
201500057792;0;7;0;0;1;1;1;A01
201500057793;0;7;0;0;9;2;0;A01
201500057793;0;2;0;0;2;1;0;B01
201500057794;0;7;0;0;9;4;16;B01
201500057794;0;2;0;0;2;1;1;A01
201500057795;0;7;0;0;2;5;16;B01
201500057795;0;2;0;0;2;0;9;A01
201500057796;1;7;0;0;2;1;1;A01
201500057796;0;3;0;0;2;3;1;B01
201500057797;0;7;0;0;2;3;1;A01
201500057797;0;30;0;0;2;1;1;B01
201500057798;0;2;0;0;2;1;13;A01
201500057798;0;7;0;0;2;3;16;B01
201500057799;0;1;0;14;0;1;0;A01
201500057800;0;30;0;0;2;1;2;A01
201500057800;0;7;0;0;2;4;0;B01
201500057801;0;30;0;0;2;7;0;A01
201500057801;0;7;0;0;2;8;15;B01
201500057802;0;7;0;0;2;8;15;A01
201500057802;0;2;0;0;2;7;17;B01
201500057803;0;33;0;0;2;7;17;B01
201500057803;0;7;0;0;2;8;2;A01
201500057804;0;2;0;0;2;1;1;B01
201500057804;0;7;0;0;2;7;16;A01
201500057805;0;7;0;0;2;2;0;B01
201500057805;0;31;0;0;2;0;0;A01
201500057806;0;30;0;0;2;4;0;A01
201500057806;0;7;0;0;2;3;0;B01
201500057807;0;2;0;0;0;1;2;R01
201500057808;0;7;0;0;2;2;15;A01
201500057808;0;2;0;0;2;1;1;B01
201500057809;0;7;0;0;2;2;15;A01
201500057809;0;2;0;0;2;1;1;B01
201500057810;0;7;0;0;2;8;19;A01
201500057810;0;30;0;0;2;1;1;B01
201500057811;1;7;0;0;2;0;14;A01
201500057811;0;30;0;0;2;8;2;B01
201500057812;0;1;0;0;2;8;19;B01
201500057812;0;2;0;0;2;7;1;A01
201500057813;0;7;0;0;2;4;0;B01
201500057813;0;7;0;0;2;1;0;A01
201500057814;0;7;0;0;2;7;1;A01
201500057814;0;30;0;0;2;1;1;B01
201500057815;0;7;0;0;2;5;1;B01
201500057815;0;7;0;0;2;3;2;A01
201500057816;0;7;0;0;9;1;17;A01
201500057816;0;2;0;0;2;8;1;B01
201500057817;0;7;0;0;2;8;15;B01
201500057817;0;2;0;0;2;1;17;A01
201500057818;0;7;0;0;0;0;0;B01
201500057818;0;2;0;0;2;1;1;A01
201500057819;0;7;0;0;2;1;15;A01
201500057819;0;30;0;0;2;1;1;B01
201500057820;0;30;0;0;2;7;0;B01
201500057820;0;7;0;0;2;6;0;A01
201500057821;0;7;0;0;2;1;9;B01
201500057821;0;7;0;0;2;7;9;A01
201500057822;0;30;0;0;2;1;2;A01
201500057822;0;7;0;0;2;6;2;B01
201500057823;0;2;0;0;2;8;1;B01
201500057823;0;7;0;0;2;7;1;A01
201500057824;0;7;0;0;2;1;15;A01
201500057824;0;2;0;0;2;1;1;B01
201500057825;0;7;0;0;2;7;15;A01
201500057825;0;2;0;0;2;1;1;B01
201500057826;0;7;0;0;2;6;0;B01
201500057826;0;7;0;0;0;0;0;A01
201500057827;0;30;0;0;2;1;2;A01
201500057827;0;7;0;0;0;5;1;B01
201500057828;0;30;0;0;0;1;1;B01
201500057828;0;7;0;0;0;0;15;A01
201500057829;0;7;0;0;2;8;0;A01
201500057829;0;7;0;0;2;1;1;B01
201500057830;1;7;0;0;0;0;0;Z01
201500057830;0;2;0;0;2;4;0;B01
201500057831;0;2;0;0;2;7;0;B01
201500057831;0;7;0;0;9;1;17;A01
201500057832;0;7;0;0;2;6;23;B01
201500057832;0;7;0;0;0;2;17;A01
201500057833;0;2;0;0;0;0;0;A01
201500057833;0;7;0;0;2;2;21;B01
201500057833;0;7;0;0;2;2;15;C01
201500057834;0;30;0;1;2;8;2;A01
201500057834;0;7;0;0;2;3;2;B01
201500057835;2;7;0;0;1;1;1;Z01
201500057836;0;31;0;0;2;1;17;A01
201500057836;0;7;0;0;9;8;15;B01
201500057837;0;7;0;0;2;1;2;B01
201500057837;0;7;0;0;2;4;2;A01
201500057838;0;7;0;0;1;0;13;A01
201500057839;0;7;0;0;1;4;4;A01
201500057840;0;30;0;0;2;2;2;B01
201500057840;0;7;0;0;2;3;15;A01
201500057841;0;33;0;0;9;1;0;A01
201500057841;0;7;0;0;0;0;15;B01
201500057842;0;7;0;0;2;3;9;A01
201500057842;0;2;0;0;2;1;17;B01
201500057843;1;7;0;0;2;0;0;A01
201500057843;0;30;0;0;2;1;0;B01
201500057844;0;30;0;0;2;2;17;A01
201500057844;0;7;0;0;2;3;15;B01
201500057845;0;7;0;0;2;4;2;B01
201500057845;0;7;0;0;2;1;2;D01
201500057845;0;7;0;0;0;5;2;C01
201500057845;0;7;0;0;2;1;2;A01
201500057846;0;7;0;0;9;7;0;B01
201500057846;0;1;0;0;2;1;19;A01
201500057847;0;2;0;0;2;1;1;B01
201500057847;0;7;0;0;9;6;15;A01
201500057848;0;7;0;0;2;1;2;A01
201500057848;0;7;0;0;2;4;2;B01
201500057849;0;7;0;0;0;0;0;B01
201500057849;0;2;0;0;2;6;1;A01
201500057850;0;7;0;0;1;1;1;A01
201500057851;0;30;0;0;9;1;1;A01
201500057852;0;15;0;0;2;7;21;B01
201500057852;0;7;0;0;2;7;21;C01
201500057852;0;7;0;0;2;9;15;A01
201500057853;0;30;0;0;1;0;1;A01
201500057854;0;7;0;0;2;8;1;A01
201500057854;0;13;0;0;2;8;1;B01
201500057855;0;1;0;0;2;1;1;A01
201500057855;0;7;0;0;0;4;24;B01
201500057856;0;7;0;0;9;7;15;A01
201500057856;0;2;0;0;2;1;1;B01
201500057857;1;2;0;0;1;1;1;Z01
201500057858;0;1;0;0;2;7;0;B01
201500057858;0;7;0;0;9;1;0;A01
201500057859;0;2;0;0;2;8;0;A01
201500057859;0;7;0;0;9;8;0;B01
201500057860;0;1;0;0;0;0;0;A01
201500057860;0;32;0;0;0;0;0;B01
201500057861;0;7;0;0;1;1;1;A01
201500057862;0;2;0;0;9;0;0;Z01
201500057862;0;1;0;0;9;7;15;A01
201500057863;0;2;0;0;2;7;1;A01
201500057863;0;7;0;0;2;1;1;B01
201500057864;0;7;0;0;2;4;2;C01
201500057864;0;7;0;0;2;1;1;A01
201500057864;0;7;0;0;2;4;2;B01
201500057865;0;7;0;0;2;4;2;C01
201500057865;0;7;0;0;2;4;2;D01
201500057865;0;7;0;0;2;1;2;A01
201500057865;0;7;0;0;2;0;2;B01
201500057865;0;7;0;0;0;4;2;E01
201500057866;0;7;0;0;9;8;0;B01
201500057866;0;2;0;0;2;0;17;A01
201500057867;1;33;0;12;0;0;0;A01
201500057867;0;1;0;0;0;1;19;B01
201500057868;0;7;0;0;0;0;0;A01
201500057868;0;30;0;0;0;0;0;B01
201500057869;1;7;0;0;0;0;0;A01
201500057869;0;1;0;0;0;0;0;B01
201500057870;0;2;0;0;9;1;5;A01
201500057870;0;1;0;0;9;1;5;B01
201500057871;0;2;0;0;0;1;14;A01
201500057872;0;7;0;0;2;5;11;A01
201500057872;0;2;0;0;2;6;2;B01
201500057873;0;7;0;0;2;8;2;A01
201500057873;0;30;0;0;2;7;2;B01
201500057874;0;2;0;0;2;2;2;A01
201500057874;0;7;0;0;2;3;2;B01
201500057875;0;7;0;0;2;1;2;A01
201500057875;0;7;0;0;2;4;2;B01
201500057876;0;7;0;0;0;9;2;A01
201500057877;0;30;0;0;0;8;2;B01
201500057877;0;7;0;0;0;7;2;A01
201500057878;0;7;0;0;9;1;15;A01
201500057878;0;31;0;0;2;9;1;B01
201500057879;0;7;0;0;0;5;15;B01
201500057879;0;2;0;0;0;5;1;A01
201500057880;0;30;0;0;2;4;0;A01
201500057880;0;7;0;0;2;3;2;B01