num_acc;senc;catv;occutc;obs;obsm;choc;manv;num_veh
201500057881;0;3;0;0;1;8;0;A01
201500057882;0;2;0;0;2;1;1;B01
201500057882;0;7;0;0;2;7;15;A01
201500057883;0;33;0;0;2;1;1;B01
201500057883;0;7;0;0;9;7;10;A01
201500057884;0;2;0;0;2;1;1;B01
201500057884;0;2;0;0;2;1;1;A01
201500057885;2;32;0;0;0;0;0;A01
201500057886;0;7;0;0;0;8;15;A01
201500057886;0;32;0;0;2;1;1;B01
201500057887;0;7;0;0;9;1;15;A01
201500057887;0;1;0;0;9;8;1;B01
201500057888;0;2;0;0;2;7;0;A01
201500057888;0;7;0;0;2;3;18;B01
201500057889;0;30;0;1;0;1;22;B01
201500057889;0;7;0;0;2;5;22;A01
201500057890;0;33;0;0;1;1;0;A01
201500057891;0;7;0;0;0;5;0;B01
201500057891;0;7;0;1;0;5;0;C01
201500057891;0;7;0;0;2;3;1;A01
201500057892;2;7;0;0;9;7;17;Z01
201500057892;0;2;0;0;0;0;2;B01
201500057893;0;30;0;1;2;1;2;C01
201500057893;0;7;0;0;2;5;0;B01
201500057893;0;30;0;0;2;1;2;A01
201500057894;0;7;0;0;9;8;15;A01
201500057894;0;1;0;0;2;1;1;B01
201500057895;0;10;0;0;2;8;15;A01
201500057895;0;2;0;0;2;1;17;B01
201500057896;0;7;0;0;0;1;16;A01
201500057896;0;30;0;0;0;0;2;B01
201500057897;0;7;0;0;0;4;0;B01
201500057897;0;7;0;0;0;1;0;A01
201500057898;0;7;0;0;2;1;0;C01
201500057898;0;7;0;0;2;8;1;A01
201500057898;0;2;0;0;2;7;18;B01
201500057899;0;7;0;0;1;2;2;A01
201500057900;0;7;0;0;2;3;1;B01
201500057900;0;7;0;0;2;3;15;A01
201500057901;0;7;0;0;2;3;11;A01
201500057901;0;2;0;0;2;1;11;B01
201500057902;1;7;0;0;9;0;0;Z01
201500057902;0;2;0;0;2;8;1;A01
201500057903;0;34;0;0;2;1;0;A01
201500057903;0;7;0;0;0;0;0;B01
201500057904;0;7;0;0;2;2;15;B01
201500057904;0;2;0;0;2;1;1;A01
201500057905;0;7;0;0;2;8;2;B01
201500057905;0;2;0;0;2;1;2;A01
201500057906;0;2;0;0;2;1;0;B01
201500057906;0;7;0;0;2;4;0;A01
201500057907;0;7;0;0;5;1;0;A01
201500057908;0;7;0;0;2;6;10;A01
201500057908;0;31;0;0;2;1;1;B01
201500057909;0;30;0;0;2;1;18;B01
201500057909;0;7;0;0;2;3;9;A01
201500057910;0;7;0;0;2;0;1;B01
201500057910;0;7;0;0;2;1;2;A01
201500057910;1;7;0;0;2;4;2;C01
201500057911;0;7;0;3;0;7;0;A01
201500057912;0;7;0;0;2;1;2;A01
201500057912;0;7;0;0;2;4;23;B01
201500057913;0;30;0;0;2;1;1;A01
201500057913;0;1;0;0;2;8;0;B01
201500057914;0;33;0;0;0;0;2;A01
201500057915;0;2;0;1;0;1;13;A01
201500057916;0;2;0;0;2;8;2;B01
201500057916;0;7;0;0;9;7;2;A01
201500057917;0;7;0;0;9;3;0;A01
201500057917;0;2;0;0;2;1;0;B01
201500057918;0;7;0;0;1;2;1;A01
201500057919;0;7;0;0;2;1;15;A01
201500057919;0;2;0;0;2;7;1;B01
201500057920;0;7;0;15;0;1;16;A01
201500057921;0;30;0;0;1;0;21;A01
201500057922;1;2;0;0;1;0;0;A01
201500057923;0;2;0;0;0;0;0;A01
201500057924;1;7;0;2;0;0;0;A01
201500057924;0;1;0;0;0;0;0;B01
201500057925;0;7;0;0;2;1;1;B01
201500057925;0;2;0;0;2;1;0;A01
201500057926;0;7;0;0;2;1;2;A01
201500057926;0;7;0;0;0;4;2;B01
201500057927;0;7;0;0;0;1;0;B01
201500057927;0;1;0;0;2;1;5;A01
201500057928;0;7;0;0;0;1;0;B01
201500057928;0;1;0;0;2;0;0;A01
201500057929;0;7;0;8;0;1;0;A01
201500057930;0;7;0;0;2;4;2;B01
201500057930;0;7;0;0;2;1;2;A01
201500057930;0;7;0;0;2;4;2;C01
201500057931;0;7;0;0;2;7;0;B01
201500057931;0;7;0;0;2;1;0;A01
201500057932;0;7;0;0;1;1;1;A01
201500057933;0;7;0;0;2;5;2;B01
201500057933;0;2;0;0;2;8;2;A01
201500057934;0;7;0;0;2;3;0;B01
201500057934;0;7;0;0;2;8;15;A01
201500057935;0;7;0;0;9;8;10;A01
201500057935;0;34;0;0;2;2;2;B01
201500057936;0;32;0;0;2;1;2;A01
201500057936;0;7;0;0;9;4;2;B01
201500057937;0;7;0;0;2;2;16;A01
201500057937;0;30;0;0;2;2;0;B01
201500057938;1;7;0;0;2;3;15;A01
201500057938;0;2;0;0;2;7;1;B01
201500057939;0;7;0;0;9;7;16;A01
201500057939;0;34;0;0;2;8;9;B01
201500057940;0;7;0;0;2;8;1;B01
201500057940;0;7;0;0;2;1;1;A01
201500057941;0;7;0;0;9;2;15;A01
201500057941;0;2;0;0;2;1;13;B01
201500057942;0;7;0;0;1;1;0;A01
201500057943;0;2;0;0;9;8;1;B01
201500057943;0;7;0;0;9;7;16;A01
201500057944;0;2;0;0;2;0;1;A01
201500057944;0;7;0;0;9;7;9;B01
201500057945;0;30;0;0;2;1;21;B01
201500057945;0;7;0;0;0;2;17;A01
201500057946;0;30;0;0;0;1;0;B01
201500057946;1;30;0;0;0;0;0;A01
201500057947;0;2;0;0;0;1;0;B01
201500057947;0;7;0;0;0;1;0;A01
201500057948;0;33;0;0;2;1;17;B01
201500057948;0;7;0;0;2;3;9;A01
201500057949;0;1;0;0;1;1;1;A01
201500057950;0;2;0;0;2;1;1;B01
201500057950;0;7;0;0;2;6;15;A01
201500057951;0;7;0;0;9;1;0;B01
201500057951;0;1;0;0;2;1;0;A01
201500057952;0;10;0;0;0;3;0;B01
201500057952;0;10;0;0;0;2;0;A01
201500057953;0;2;0;0;1;1;13;A01
201500057954;0;10;0;0;2;5;16;A01
201500057954;0;30;0;0;2;1;1;B01
201500057955;0;1;0;0;2;1;1;A01
201500057955;0;7;0;0;2;5;16;B01
201500057956;0;7;0;0;2;1;1;A01
201500057956;0;7;0;0;0;1;19;B01
201500057957;0;30;0;0;2;1;17;B01
201500057957;0;7;0;0;2;3;15;A01
201500057958;0;2;0;0;1;1;16;A01
201500057959;0;31;0;0;2;0;1;B01
201500057959;1;7;0;0;0;0;0;Z01
201500057960;1;7;0;0;2;0;17;A01
201500057960;0;1;0;0;2;7;1;Z01
201500057961;0;7;0;0;2;1;1;B01
201500057961;0;7;0;1;2;1;1;A01
201500057962;0;7;0;0;0;0;0;A01
201500057962;0;7;0;0;0;5;0;B01
201500057963;0;31;0;0;2;1;1;B01
201500057963;0;7;0;0;9;6;15;A01
201500057964;0;1;0;0;0;0;2;A01
201500057964;0;7;0;0;0;2;2;B01
201500057965;0;7;0;0;1;1;0;A01
201500057966;0;7;0;0;2;1;2;A01
201500057966;0;10;0;0;2;4;2;B01
201500057967;0;33;0;0;2;1;1;B01
201500057967;0;7;0;0;0;1;19;A01
201500057968;0;2;0;0;2;1;1;B01
201500057968;0;7;0;0;2;2;15;A01
201500057969;0;7;0;0;2;1;15;A01
201500057969;0;2;0;0;2;8;1;B01
201500057970;0;7;0;0;1;2;0;A01
201500057971;0;1;0;0;2;1;16;A01
201500057971;0;3;0;0;9;6;0;B01
201500057972;0;2;0;0;2;4;1;B01
201500057972;0;7;0;0;0;4;0;A01
201500057973;0;10;0;0;2;3;0;A01
201500057973;0;33;0;0;2;8;1;B01
201500057974;0;7;0;0;9;4;24;B01
201500057974;0;2;0;0;2;1;0;A01
201500057975;0;30;0;0;1;1;1;A01
201500057976;0;7;0;0;2;2;2;A01
201500057976;1;2;0;0;2;1;1;B01
201500057977;0;7;0;0;2;1;0;B01
201500057977;0;7;0;0;2;8;0;C01
201500057977;0;7;0;1;2;0;0;A01
201500057978;0;7;0;0;2;1;1;A01
201500057978;0;7;0;0;2;4;1;B01
201500057979;0;7;0;0;2;2;1;B01
201500057979;0;7;0;0;2;1;1;A01
201500057980;0;2;0;14;0;1;1;A01
201500057981;0;2;0;0;0;1;1;A01
201500057982;0;31;0;0;2;3;2;A01
201500057982;0;7;0;0;2;3;1;B01
201500057983;0;31;0;0;2;0;1;B01
201500057983;0;1;0;0;0;0;0;A01
201500057984;0;7;0;0;2;3;15;A01
201500057984;0;7;0;14;2;8;1;B01
201500057985;0;7;0;0;2;2;1;B01
201500057985;0;7;0;0;2;3;13;A01
201500057985;0;7;0;0;2;4;1;C01
201500057986;0;2;0;0;9;1;1;A01
201500057986;0;2;0;0;9;1;1;B01
201500057987;0;2;0;0;9;1;0;A01
201500057987;0;2;0;0;9;1;0;B01
201500057988;0;7;0;8;0;1;1;A01
201500057989;0;7;0;0;9;7;1;B01
201500057989;0;1;0;0;2;1;1;A01
201500057990;0;7;0;0;2;8;1;B01
201500057990;0;7;0;0;2;1;9;A01
201500057991;0;33;0;0;2;1;9;A01
201500057991;0;7;0;0;9;4;1;B01
201500057992;0;7;0;0;1;8;1;A01
201500057993;0;7;0;0;2;1;9;A01
201500057993;0;7;0;0;2;7;1;B01
201500057993;0;7;0;1;0;1;2;C01
201500057994;0;7;0;0;1;4;4;A01
201500057995;0;1;0;0;2;8;1;A01
201500057995;0;7;0;0;9;1;1;B01
201500057996;0;99;0;0;0;0;0;Z01
201500057997;0;7;0;0;2;2;1;B01
201500057997;0;7;0;0;2;3;9;A01
201500057998;0;33;0;0;2;8;16;A01
201500057998;0;7;0;0;2;7;1;B01
201500057999;0;33;0;0;2;1;1;B01
201500057999;0;7;0;0;2;8;10;A01
201500058000;0;7;0;0;2;7;1;B01
201500058000;0;33;0;0;2;1;18;A01
201500058001;0;1;0;0;2;4;0;B01
201500058001;1;7;0;0;2;1;1;Z01
201500058002;0;7;0;0;0;0;0;A01
201500058003;1;33;0;0;2;4;1;Z01
201500058003;1;7;0;0;2;1;1;B01
201500058004;0;7;0;0;1;2;15;A01
201500058005;1;33;0;0;1;1;1;Z01
201500058006;0;33;0;0;2;8;1;B01
201500058006;0;7;0;0;2;7;15;A01
201500058007;0;7;0;0;0;1;1;A01
201500058008;0;7;0;0;0;0;0;A01
201500058009;1;99;0;1;0;1;1;Z01
201500058010;0;7;0;0;9;8;1;A01
201500058010;0;1;0;0;2;7;1;B01
201500058011;0;7;0;0;1;1;1;A01
201500058012;0;7;0;0;2;4;2;B01
201500058012;0;7;0;0;2;1;2;A01
201500058012;0;7;0;0;2;4;2;C01
201500058013;0;1;0;0;2;8;1;A01
201500058013;1;7;0;0;9;0;0;Z01
201500058014;0;33;0;0;2;2;1;B01
201500058014;0;7;0;0;2;1;9;A01
201500058015;0;33;0;0;2;1;9;A01
201500058015;0;7;0;0;2;4;1;B01
201500058016;0;7;0;5;2;1;2;A01
201500058016;0;7;0;0;2;4;2;B01
201500058017;0;33;0;0;9;1;1;B01
201500058017;0;14;0;0;9;1;13;A01
201500058018;1;32;0;0;1;1;1;Z01
201500058019;0;32;0;0;2;2;2;A01
201500058019;0;7;0;0;2;3;2;B01
201500058020;0;7;0;0;2;8;1;A01
201500058020;0;31;0;0;0;0;0;B01
201500058021;0;7;0;0;0;0;0;B01
201500058021;0;7;0;0;0;0;1;A01
201500058022;0;1;0;0;2;7;9;B01
201500058022;0;7;0;0;9;1;0;A01
201500058023;0;7;0;0;2;4;2;B01
201500058023;0;7;0;0;2;1;2;A01
201500058024;0;7;0;0;0;4;2;B01
201500058024;0;7;0;0;2;1;2;A01
201500058025;0;7;0;8;0;2;0;A01
201500058026;0;7;0;0;1;0;1;A01
201500058027;0;7;0;0;2;2;15;A01
201500058027;0;33;0;0;2;1;1;B01
201500058028;0;7;0;0;2;5;1;B01
201500058028;0;7;0;0;2;1;9;A01
201500058029;0;33;0;0;2;6;1;B01
201500058029;1;7;0;0;9;1;16;A01
201500058030;0;7;0;0;1;1;1;A01
201500058031;0;30;0;1;0;2;2;B01
201500058031;0;7;0;0;2;3;24;A01
201500058032;0;1;0;0;2;7;1;B01
201500058032;0;7;0;0;2;3;9;A01
201500058033;0;7;0;0;1;1;2;A01
201500058034;0;7;0;0;9;1;5;B01
201500058034;0;1;0;0;0;7;9;A01
201500058035;0;7;0;3;0;2;13;A01
201500058036;0;7;0;0;1;1;0;A01
201500058037;0;2;0;0;2;8;0;A01
201500058037;0;7;0;0;2;1;0;B01
201500058038;0;1;0;0;2;1;2;B01
201500058038;0;33;0;0;9;1;0;A01
201500058039;0;7;0;0;2;1;9;A01
201500058039;0;33;0;0;2;7;1;B01
201500058040;0;7;0;6;0;1;14;A01
201500058041;0;7;0;0;2;7;10;A01
201500058041;0;7;0;0;2;1;1;B01
201500058042;0;33;0;0;2;4;2;B01
201500058042;0;7;0;0;2;1;2;A01
201500058043;0;7;0;0;2;1;1;B01
201500058043;0;33;0;0;2;7;19;A01
201500058044;0;7;0;0;2;1;19;A01
201500058044;0;30;0;0;2;8;1;B01
201500058045;0;7;0;2;0;1;1;A01
201500058046;0;7;0;3;0;0;1;A01
201500058047;0;99;0;0;1;1;1;A01
201500058048;0;33;0;12;0;0;0;A01
201500058049;0;7;0;13;0;1;1;A01
201500058050;0;7;0;0;2;1;1;A01
201500058050;0;33;0;0;0;0;0;B01
201500058051;0;7;0;0;2;1;1;A01
201500058051;0;7;0;0;2;4;1;B01
201500058052;0;14;0;0;2;0;0;B01
201500058052;0;7;0;0;2;0;0;A01
201500058053;0;7;0;0;2;0;2;A01
201500058053;0;7;0;0;2;0;2;B01
201500058054;0;33;0;0;9;4;1;B01
201500058054;0;7;0;0;2;1;2;A01
201500058055;1;32;0;0;1;1;1;Z01
201500058056;0;7;0;0;1;1;1;A01
201500058057;0;7;0;0;2;1;1;A01
201500058057;0;7;0;0;2;2;1;B01
201500058058;0;7;0;5;0;2;1;A01
201500058059;0;7;0;0;2;1;1;B01
201500058059;0;1;0;0;2;1;1;A01
201500058060;0;1;0;0;2;2;6;A01
201500058060;0;7;0;0;2;3;1;B01
201500058061;0;7;0;0;0;9;0;A01
201500058062;0;1;0;0;0;0;0;B01
201500058062;0;7;0;0;0;0;0;A01
201500058063;0;7;0;0;0;0;0;A01
201500058064;0;33;0;6;0;1;0;A01
201500058065;0;7;0;8;0;1;1;A01
201500058066;0;7;0;4;0;9;14;A01
201500058067;0;7;0;0;1;5;1;A01
201500058068;0;7;0;0;2;3;23;B01
201500058068;1;2;0;1;1;1;17;Z01
201500058069;0;7;0;0;1;1;1;A01
201500058070;0;33;0;0;0;1;16;A01
201500058071;0;7;0;0;1;3;1;A01
201500058072;0;7;0;0;2;4;2;B01
201500058072;0;7;0;0;2;1;2;A01
201500058073;1;7;0;0;2;6;15;Z01
201500058073;0;30;0;0;2;2;17;A01
201500058074;0;7;0;0;2;3;15;A01
201500058074;0;7;0;0;2;2;17;B01
201500058075;0;7;0;0;0;0;0;B01
201500058075;0;7;0;0;0;0;0;A01
201500058076;0;2;0;1;0;1;2;A01
201500058077;0;7;0;0;0;0;0;B01
201500058077;0;1;0;0;2;1;5;A01
201500058078;0;7;0;3;0;1;13;A01
201500058079;0;7;0;0;0;9;2;A01
201500058080;0;7;0;0;2;7;1;B01
201500058080;0;7;0;0;2;1;15;A01
201500058081;0;30;0;0;0;1;0;A01
201500058082;0;1;0;0;2;3;1;B01
201500058082;0;10;0;0;2;3;15;A01
201500058083;0;7;0;6;0;1;1;A01
201500058084;0;7;0;0;0;0;1;A01
201500058085;0;7;0;0;1;1;16;A01
201500058086;0;7;0;0;2;1;2;A01
201500058086;0;10;0;0;0;4;23;B01
201500058087;0;7;0;0;1;1;1;A01
201500058088;1;30;0;0;0;0;0;A01
201500058089;1;7;0;0;1;0;0;A01
201500058090;0;7;0;0;0;7;0;A01
201500058091;0;7;0;0;2;7;15;A01
201500058091;0;7;0;0;2;1;1;B01
201500058092;0;7;0;0;0;0;0;A01
201500058093;0;2;0;0;2;7;1;B01
201500058093;1;7;0;0;0;0;0;A01
201500058094;0;31;0;0;2;1;1;B01
201500058094;0;7;0;0;2;8;15;A01
201500058095;1;7;0;0;0;0;0;A01
201500058095;0;2;0;0;0;1;1;B01
201500058096;0;7;0;0;2;1;15;A01
201500058096;0;33;0;0;2;7;17;B01
201500058097;0;16;0;0;2;1;1;A01
201500058097;0;7;0;0;2;0;0;B01
201500058098;0;2;0;0;2;1;13;A01
201500058098;0;2;0;0;2;1;1;B01
201500058099;0;7;0;0;2;2;1;B01
201500058099;0;30;0;0;2;1;5;A01
201500058100;0;33;0;0;0;1;2;A01
201500058101;0;14;0;0;0;0;1;B01
201500058101;0;1;0;0;2;0;19;A01
201500058102;0;7;0;0;0;4;1;B01
201500058102;0;7;0;0;2;1;2;A01
201500058103;0;7;0;0;2;2;17;B01
201500058103;0;7;0;0;2;8;17;A01
201500058104;0;30;0;0;0;1;1;A01
201500058105;0;7;0;0;1;7;0;A01
201500058106;0;7;0;0;1;1;1;A01
201500058107;0;7;0;0;0;0;0;A01
201500058108;0;7;0;0;0;1;1;A01
201500058109;0;7;0;0;1;7;21;A01
201500058110;0;7;0;0;0;1;1;A01
201500058111;0;7;0;0;2;2;0;B01
201500058111;0;7;0;0;2;3;9;A01
201500058112;0;7;0;0;0;1;1;A01
201500058113;0;7;0;0;0;0;0;B01
201500058113;0;30;0;0;0;0;0;A01
201500058114;0;7;0;0;2;2;15;A01
201500058114;0;30;0;0;2;1;1;B01
201500058115;0;1;0;0;2;1;1;B01
201500058115;0;7;0;0;2;7;15;A01
201500058116;1;7;0;0;1;1;5;A01
201500058117;0;33;0;0;0;1;1;A01
201500058118;0;1;0;0;2;1;19;A01
201500058118;0;7;0;0;2;2;2;B01
201500058119;0;7;0;0;2;4;1;B01
201500058119;0;7;0;0;2;4;1;A01
201500058120;0;30;0;0;2;3;5;A01
201500058120;0;7;0;0;2;3;1;B01
201500058121;0;7;0;0;0;7;0;A01
201500058122;0;7;0;0;2;3;1;B01
201500058122;0;33;0;0;2;1;5;A01
201500058123;0;7;0;0;1;8;1;A01
201500058124;0;7;0;0;0;1;1;A01
201500058125;0;13;0;0;2;4;1;B01
201500058125;0;7;0;0;2;1;2;A01
201500058126;0;2;0;0;2;1;1;B01
201500058126;0;7;0;0;2;3;15;A01
201500058127;0;7;0;0;0;1;0;A01
201500058128;0;7;0;0;2;7;1;B01
201500058128;0;2;0;0;2;7;0;A01
201500058129;0;7;0;0;1;8;0;A01
201500058130;0;7;0;0;2;2;2;A01
201500058130;0;7;0;0;2;6;2;B01
201500058131;0;7;0;0;1;5;1;A01
201500058132;0;2;0;12;0;7;14;A01
201500058133;0;2;0;0;0;0;0;A01
201500058134;0;33;0;1;;2;1;A01
201500058135;0;7;0;0;2;3;10;A01
201500058135;1;2;0;0;2;2;0;B01
201500058136;0;33;0;11;0;1;6;A01
201500058137;0;7;0;0;2;3;1;C01
201500058137;0;7;0;0;2;1;5;A01
201500058137;0;7;0;0;2;1;1;B01
201500058138;0;33;0;0;2;1;21;A01
201500058138;0;7;0;0;2;3;19;B01
201500058139;0;7;0;0;2;7;1;A01
201500058139;0;7;0;0;2;1;19;B01
201500058140;0;30;0;12;0;0;0;A01
201500058141;0;7;0;0;2;0;0;A01
201500058141;0;33;0;0;2;0;0;B01
201500058142;0;7;0;0;1;2;15;A01
201500058143;0;7;0;4;0;2;1;A01
201500058144;0;7;0;6;0;1;15;A01
201500058145;0;7;0;0;0;4;23;B01
201500058145;0;7;0;1;0;2;14;A01
201500058145;1;1;0;0;0;0;0;C01
201500058146;1;7;0;0;2;3;1;Z01
201500058146;0;1;0;0;2;2;1;B01
201500058147;0;7;0;0;2;1;0;B01
201500058147;0;7;0;8;2;8;19;A01
201500058148;0;31;0;0;2;4;2;A01
201500058148;0;7;0;0;2;2;2;B01
201500058148;0;7;0;0;2;1;23;C01
201500058149;0;7;0;0;2;8;11;A01
201500058149;0;31;0;0;2;2;2;B01
201500058150;0;2;0;0;2;1;2;A01
201500058150;0;7;0;0;2;4;2;B01
201500058151;0;30;0;0;0;0;0;A01
201500058152;0;7;0;0;2;2;0;A01
201500058152;0;33;0;0;2;4;0;B01
201500058153;0;7;0;0;1;1;1;A01
201500058154;0;7;0;0;0;1;0;A01
201500058155;0;7;0;0;1;2;19;A01
201500058156;0;7;0;0;2;1;1;B01
201500058156;0;2;0;0;2;2;13;A01
201500058157;0;34;0;0;2;5;0;A01
201500058157;0;7;0;0;0;0;0;B01
201500058158;0;7;0;0;1;3;1;A01
201500058159;0;7;0;0;2;8;1;B01
201500058159;0;7;0;0;2;1;1;A01
201500058160;0;7;0;0;2;1;15;C01
201500058160;0;33;0;0;2;0;0;B01
201500058161;0;7;0;0;2;1;1;B01
201500058161;0;2;0;0;2;1;0;A01
201500058162;0;32;0;0;2;1;0;B01
201500058162;0;3;0;0;2;8;0;A01
201500058163;0;7;0;13;0;0;1;A01
201500058164;1;99;0;0;1;1;1;A01
201500058165;0;7;0;0;1;0;1;A01
201500058166;0;2;0;1;0;1;2;A01
201500058167;0;7;0;0;1;1;1;A01
201500058168;0;30;0;13;0;0;2;A01
201500058169;0;30;0;0;2;1;8;A01
201500058169;0;2;0;0;2;1;8;B01
201500058170;0;7;0;0;1;7;1;A01
201500058171;0;2;0;0;1;0;0;A01
201500058172;0;2;0;0;2;9;8;A01
201500058172;0;7;0;0;2;3;1;B01
201500058173;0;1;0;0;2;1;19;B01
201500058173;0;7;0;0;9;3;9;A01
201500058174;0;7;0;0;2;3;11;A01
201500058174;0;33;0;0;2;7;0;B01
201500058175;0;7;0;0;2;3;1;B01
201500058175;0;7;0;0;2;2;13;A01
201500058176;0;7;0;0;2;4;2;A01
201500058176;0;7;0;0;2;1;2;B01
201500058177;0;7;0;0;2;2;0;A01
201500058177;0;33;0;0;2;3;0;B01
201500058178;0;7;0;0;2;5;2;B01
201500058178;0;33;0;0;2;0;0;A01
201500058179;0;7;0;0;2;3;15;A01
201500058179;0;33;0;0;2;1;17;B01
201500058180;0;7;0;14;2;0;2;B01
201500058180;0;7;0;16;0;4;15;C01
201500058180;0;7;0;14;9;1;2;A01
201500058181;0;7;0;0;1;3;2;A01
201500058182;0;7;0;0;2;1;15;A01
201500058182;0;33;0;0;2;1;1;B01
201500058183;0;33;0;0;2;1;2;A01
201500058183;0;7;0;0;2;6;2;B01
201500058184;0;7;0;0;2;3;13;A01
201500058185;0;10;0;0;1;2;0;A01
201500058186;0;7;0;0;1;1;1;A01
201500058187;0;7;0;0;1;2;6;A01
201500058188;0;10;0;0;1;2;19;A01
201500058189;0;7;0;0;2;3;16;A01
201500058189;0;1;0;0;2;1;1;B01
201500058190;0;10;0;0;1;1;0;A01
201500058191;0;7;0;0;1;6;15;A01
201500058192;0;7;0;0;1;1;15;A01
201500058193;0;34;0;0;2;0;2;A01
201500058193;0;7;0;0;2;3;15;B01
201500058194;0;7;0;0;1;3;19;A01
201500058195;0;7;0;4;2;3;17;A01
201500058195;0;7;0;0;2;4;1;B01
201500058196;0;7;0;0;1;2;1;A01
201500058197;0;10;0;0;2;6;23;B01
201500058197;0;13;0;0;2;4;23;C01
201500058197;0;7;0;1;0;1;1;A01
201500058198;0;33;0;0;2;2;17;A01
201500058198;0;7;0;0;2;8;15;B01
201500058199;0;7;0;0;2;2;1;B01
201500058199;0;30;0;0;2;1;1;A01
201500058200;0;30;0;0;2;1;19;A01
201500058200;0;7;0;0;2;2;1;B01
201500058201;0;7;0;0;2;3;13;B01
201500058201;0;33;0;0;2;1;1;A01
201500058202;0;33;0;0;1;1;1;A01
201500058203;0;34;0;0;2;7;17;B01
201500058203;0;7;0;0;2;8;15;A01
201500058204;0;7;0;0;2;4;1;B01
201500058204;0;7;0;0;2;4;2;A01
201500058205;0;2;0;0;2;4;23;B01
201500058205;0;7;0;0;2;1;21;A01
201500058206;0;7;0;0;1;0;1;A01
201500058207;0;30;0;0;2;1;0;B01
201500058207;0;7;0;0;2;1;17;A01
201500058208;0;33;0;0;2;1;1;B01
201500058208;0;7;0;0;2;3;1;A01
201500058209;0;33;0;0;2;1;0;A01
201500058209;0;7;0;0;2;6;15;B01
201500058210;0;7;0;0;2;7;15;A01
201500058210;0;33;0;0;2;1;2;B01
201500058211;0;2;0;16;0;0;14;A01
201500058212;0;1;0;0;2;1;1;B01
201500058212;0;7;0;0;9;3;15;A01
201500058213;0;7;0;15;1;4;2;A01
201500058214;0;7;0;0;5;9;21;A01
201500058215;0;2;0;0;1;0;1;A01
201500058216;0;7;0;0;2;4;2;B01
201500058216;0;7;0;0;2;4;2;C01
201500058216;0;7;0;0;2;1;2;A01
201500058217;0;33;0;0;2;7;2;B01
201500058217;0;7;0;0;2;3;15;A01
201500058218;0;7;0;0;1;1;1;A01
201500058219;0;7;0;0;2;4;2;B01
201500058219;0;7;0;0;2;1;2;A01
201500058220;0;7;0;3;0;2;14;A01
201500058221;0;7;0;0;2;1;9;B01
201500058221;0;7;0;0;2;1;1;A01
201500058222;0;2;0;12;0;7;14;A01
201500058223;0;10;0;6;0;1;13;A01
201500058224;0;1;0;0;2;4;2;A01
201500058224;0;7;0;0;2;1;2;B01
201500058225;0;1;0;0;2;1;13;B01
201500058225;0;7;0;0;2;3;1;A01
201500058226;0;7;0;0;1;0;1;A01
201500058227;0;1;0;0;2;1;15;A01
201500058227;0;7;0;0;2;8;15;B01
201500058228;0;33;0;0;2;1;1;A01
201500058228;0;7;0;0;2;3;1;B01
201500058229;0;7;0;0;2;8;15;B01
201500058229;0;33;0;0;2;7;17;A01
201500058230;0;7;0;0;2;3;0;A01
201500058230;0;32;0;0;2;1;1;B01
201500058231;0;7;0;0;2;8;13;B01
201500058231;0;2;0;0;2;8;1;A01
201500058232;1;99;0;0;2;2;1;B01
201500058232;0;1;0;0;0;1;18;A01
201500058233;0;7;0;0;1;1;1;A01
201500058234;0;7;0;0;2;3;13;A01
201500058234;0;2;0;0;2;1;21;B01
201500058235;0;7;0;0;1;1;1;A01
201500058236;0;7;0;0;2;8;1;A01
201500058236;0;7;0;0;2;2;1;B01
201500058237;0;7;0;0;2;1;2;B01
201500058237;0;1;0;0;2;4;2;A01
201500058238;0;31;0;12;0;7;14;A01
201500058239;0;7;0;0;2;3;1;B01
201500058239;0;30;0;0;2;1;1;A01
201500058240;0;7;0;0;2;3;15;B01
201500058240;0;31;0;0;2;2;15;A01
201500058241;0;10;0;0;2;4;1;A01
201500058241;0;7;0;0;2;1;17;B01
201500058242;0;33;0;0;2;8;3;A01
201500058242;0;7;0;0;2;8;1;B01
201500058243;0;33;0;0;0;8;0;A01
201500058244;0;30;0;0;2;1;2;B01
201500058244;0;3;0;0;2;4;2;A01
201500058245;0;2;0;8;0;1;14;A01
201500058246;0;7;0;0;1;1;2;A01
201500058247;0;10;0;0;0;2;14;A01
201500058248;0;7;0;2;0;1;14;A01
201500058249;0;7;0;0;2;1;1;A01
201500058249;0;7;0;0;2;1;5;B01
201500058250;0;7;0;0;2;4;2;B01
201500058250;0;10;0;0;2;1;2;A01
201500058251;0;7;0;0;2;7;14;B01
201500058251;0;30;0;0;2;8;0;A01
201500058252;0;7;0;0;2;1;1;B01
201500058252;0;1;0;0;2;1;19;A01
201500058253;0;30;0;0;2;2;1;A01
201500058253;0;7;0;0;2;3;9;B01
201500058254;0;7;0;0;1;1;14;A01
201500058255;0;7;0;0;0;7;14;A01
201500058256;0;30;0;0;2;3;9;A01
201500058256;0;7;0;0;2;0;9;B01
201500058257;0;2;0;12;0;1;1;A01
201500058258;0;7;0;0;1;1;1;A01
201500058259;0;33;0;0;2;3;1;A01
201500058259;0;7;0;0;2;3;15;B01
201500058260;0;7;0;0;1;4;20;A01
201500058261;0;2;0;3;0;3;13;A01
201500058262;0;7;0;0;2;4;2;A01
201500058262;0;7;0;0;2;1;2;B01
201500058263;0;7;0;0;2;1;1;A01