num_acc;senc;catv;occutc;obs;obsm;choc;manv;num_veh
201500058263;0;7;0;0;2;1;5;B01
201500058264;0;33;0;1;2;9;21;A01
201500058265;0;7;0;0;2;4;2;A01
201500058265;0;7;0;0;2;1;2;B01
201500058266;0;7;0;0;1;3;1;A01
201500058267;0;2;0;0;1;1;1;A01
201500058268;0;7;0;0;2;1;2;C01
201500058268;0;7;0;0;2;4;2;B01
201500058268;0;7;0;0;2;4;2;A01
201500058269;0;33;0;0;2;6;17;A01
201500058269;0;7;0;0;2;4;1;B01
201500058270;0;7;0;0;2;4;1;B01
201500058270;0;1;0;0;2;1;1;A01
201500058271;0;7;0;0;2;4;2;A01
201500058271;0;7;0;0;2;9;2;D01
201500058271;0;7;0;0;2;9;2;C01
201500058271;0;7;0;0;2;1;2;E01
201500058271;0;7;0;0;2;9;2;B01
201500058272;0;7;0;0;2;8;15;B01
201500058272;0;2;0;0;2;1;1;A01
201500058273;0;7;0;0;2;1;2;B01
201500058273;0;2;0;0;2;4;2;A01
201500058274;0;2;0;0;2;1;17;A01
201500058274;0;7;0;0;2;8;16;B01
201500058275;0;7;0;0;2;1;1;A01
201500058275;0;7;0;0;2;7;9;B01
201500058276;1;7;0;0;1;1;0;A01
201500058277;0;7;0;0;0;7;14;A01
201500058278;0;7;0;0;2;4;2;A01
201500058278;0;7;0;0;2;1;2;B01
201500058279;0;7;0;0;1;3;1;A01
201500058280;0;2;0;0;2;0;2;A01
201500058280;0;7;0;0;2;4;2;B01
201500058281;0;7;0;0;0;9;1;A01
201500058282;0;7;0;0;2;1;1;B01
201500058282;0;7;0;0;2;7;1;A01
201500058283;0;30;0;0;0;1;14;A01
201500058284;0;2;0;0;1;1;1;A01
201500058285;0;33;0;4;0;1;13;A01
201500058286;0;13;0;0;2;4;2;A01
201500058286;0;2;0;0;2;1;2;B01
201500058287;0;10;0;0;2;0;1;B01
201500058287;0;1;0;0;2;1;1;A01
201500058288;0;7;0;0;2;2;19;B01
201500058288;0;33;0;0;2;1;1;A01
201500058289;0;2;0;3;0;1;1;A01
201500058290;0;7;0;0;2;1;2;A01
201500058290;0;7;0;0;2;4;2;B01
201500058291;0;7;0;0;2;1;5;B01
201500058291;0;7;0;0;2;1;1;A01
201500058292;0;7;0;0;1;1;1;A01
201500058293;0;2;0;0;0;0;13;A01
201500058294;0;30;0;0;2;1;17;B01
201500058294;0;7;0;0;2;3;1;A01
201500058295;0;7;0;0;2;1;2;A01
201500058295;0;7;0;0;2;6;2;B01
201500058296;0;33;0;0;1;1;1;A01
201500058297;0;7;0;0;2;3;15;A01
201500058297;0;32;0;0;2;1;21;B01
201500058298;0;30;0;0;2;1;1;A01
201500058298;0;7;0;0;2;8;15;B01
201500058299;0;7;0;0;2;8;10;A01
201500058299;0;33;0;0;2;1;17;B01
201500058300;0;33;0;0;2;7;1;A01
201500058300;0;7;0;0;2;1;9;B01
201500058301;0;2;0;0;2;1;1;B01
201500058301;0;7;0;0;2;2;19;A01
201500058302;0;7;0;0;1;1;16;A01
201500058303;0;7;0;0;2;1;2;C01
201500058303;0;7;0;0;2;1;2;A01
201500058303;0;7;0;0;2;1;2;D01
201500058303;0;7;0;0;2;4;2;B01
201500058303;0;10;0;0;2;1;2;E01
201500058304;0;7;0;0;2;1;15;A01
201500058304;0;30;0;0;2;1;1;B01
201500058305;0;32;0;0;2;1;13;A01
201500058305;0;7;0;0;2;3;1;B01
201500058306;0;7;0;0;1;1;1;C01
201500058306;0;7;0;0;2;1;5;B01
201500058306;0;7;0;0;2;9;1;A01
201500058307;0;7;0;0;1;2;21;A01
201500058308;0;7;0;0;2;8;1;A01
201500058308;0;1;0;0;2;1;15;B01
201500058309;0;7;0;0;2;3;11;A01
201500058309;0;2;0;0;2;2;1;B01
201500058310;0;7;0;0;2;9;14;B01
201500058310;0;7;0;0;2;9;1;A01
201500058311;0;1;0;0;2;1;9;B01
201500058311;0;7;0;0;2;1;1;A01
201500058312;0;2;0;0;0;0;14;A01
201500058313;0;7;0;0;1;1;1;A01
201500058314;0;33;0;0;0;0;17;A01
201500058315;0;7;0;0;2;1;2;B01
201500058315;0;7;0;0;2;4;1;A01
201500058316;0;33;0;0;2;0;17;A01
201500058316;0;10;0;6;2;3;21;B01
201500058316;0;10;0;0;2;8;21;C01
201500058317;0;7;0;0;2;4;23;A01
201500058317;0;7;0;0;2;1;14;B01
201500058318;0;1;0;0;0;0;14;A01
201500058319;0;7;0;0;0;0;0;A01
201500058320;0;10;0;0;2;3;15;A01
201500058320;0;2;0;0;2;1;1;B01
201500058321;0;7;0;2;0;1;0;A01
201500058322;0;7;0;6;0;9;1;A01
201500058323;0;7;0;0;1;3;1;A01
201500058324;0;10;0;0;2;3;21;B01
201500058324;0;14;0;0;2;3;21;A01
201500058325;0;7;0;0;2;4;2;E01
201500058325;0;7;0;0;2;4;2;F02
201500058325;0;7;0;0;2;4;2;A01
201500058325;0;7;0;0;2;4;2;C01
201500058325;0;7;0;0;2;1;2;B01
201500058325;0;7;0;0;2;4;2;D01
201500058326;0;10;0;0;1;1;1;A01
201500058327;0;37;1;0;1;2;1;A01
201500058328;1;7;0;1;0;1;14;A01
201500058329;0;7;0;0;1;1;1;A01
201500058330;0;7;0;6;0;1;13;A01
201500058331;0;2;0;0;2;1;1;B01
201500058331;0;7;0;0;2;6;15;A01
201500058332;0;13;0;11;0;4;21;A01
201500058333;0;7;0;0;1;7;1;A01
201500058334;0;7;0;5;0;1;1;A01
201500058335;0;7;0;0;2;4;2;B01
201500058335;0;7;0;0;2;4;2;C01
201500058335;1;10;0;0;2;1;2;A01
201500058336;0;7;0;0;2;4;2;B01
201500058336;0;33;0;0;2;1;2;A01
201500058337;0;7;0;4;0;9;1;A01
201500058338;0;7;0;0;0;9;14;A01
201500058339;0;7;0;0;2;1;1;A01
201500058339;0;7;0;0;2;1;9;B01
201500058340;0;1;0;0;2;1;19;A01
201500058340;0;7;0;0;2;3;1;B01
201500058341;0;7;0;0;1;1;1;A01
201500058342;0;1;0;0;2;1;5;B01
201500058342;0;7;0;0;2;1;1;A01
201500058343;0;7;0;6;0;1;14;A01
201500058344;0;30;0;0;2;1;5;B01
201500058344;0;7;0;0;2;1;1;A01
201500058345;0;13;0;0;2;7;16;B01
201500058345;0;1;0;0;2;3;18;A01
201500058346;0;7;0;0;2;1;2;B01
201500058346;0;17;0;0;2;4;1;A01
201500058347;0;7;0;3;2;1;21;A01
201500058347;0;7;0;0;2;4;2;B01
201500058348;0;1;0;0;2;1;13;B01
201500058348;0;7;0;0;2;1;1;A01
201500058349;0;20;0;0;2;2;16;A01
201500058349;0;7;0;0;2;6;18;B01
201500058350;1;7;0;0;2;4;1;A01
201500058351;0;7;0;4;0;9;1;A01
201500058352;0;7;0;0;1;1;1;A01
201500058353;0;1;0;0;0;1;1;A01
201500058354;0;7;0;0;2;7;16;A01
201500058354;0;30;0;0;2;8;16;B01
201500058355;0;7;0;0;2;6;1;A01
201500058355;0;7;0;0;2;1;14;B01
201500058356;0;7;0;0;1;1;1;A01
201500058357;0;7;0;0;1;1;1;A01
201500058358;0;7;0;4;0;9;17;A01
201500058359;0;30;0;0;9;1;1;A01
201500058360;0;7;0;0;2;1;2;B01
201500058360;0;7;0;0;2;4;1;A01
201500058361;0;2;0;0;2;2;1;A01
201500058361;0;7;0;0;2;3;10;B01
201500058362;2;7;0;0;2;4;2;B01
201500058362;0;2;0;0;2;1;1;A01
201500058363;0;7;0;0;1;2;16;A01
201500058364;0;30;0;0;2;1;1;A01
201500058364;0;7;0;0;2;3;15;B01
201500058365;0;33;0;0;0;7;21;A01
201500058366;0;7;0;0;2;4;1;A01
201500058366;0;7;0;0;2;1;2;B01
201500058367;0;7;0;6;0;1;21;A01
201500058368;0;7;0;14;0;1;1;A01
201500058369;0;33;0;0;0;7;1;A01
201500058370;0;7;0;0;2;1;1;A01
201500058370;0;7;0;0;2;1;13;B01
201500058371;0;7;0;4;0;1;1;A01
201500058372;0;7;0;0;2;4;1;A01
201500058372;0;33;0;0;2;1;17;B01
201500058373;0;7;0;0;2;4;2;A01
201500058373;0;7;0;0;2;1;2;B01
201500058374;0;7;0;0;2;1;2;C01
201500058374;0;7;0;0;2;4;2;B01
201500058374;0;7;0;0;2;4;2;A01
201500058375;0;2;0;0;2;1;18;B01
201500058375;0;7;0;0;2;2;16;A01
201500058376;0;7;0;0;2;3;15;A01
201500058376;0;33;0;0;2;8;17;B01
201500058377;0;7;0;0;2;4;2;A01
201500058377;0;33;0;0;2;1;2;B01
201500058378;0;7;0;0;2;1;2;B01
201500058378;0;7;0;0;2;4;1;A01
201500058379;0;7;0;0;2;1;14;B01
201500058379;0;30;0;0;2;1;1;A01
201500058380;0;7;0;0;2;2;13;D01
201500058380;0;7;0;0;2;7;0;C01
201500058380;0;7;0;0;2;2;1;A01
201500058380;0;7;0;0;2;7;1;B01
201500058381;0;7;0;0;1;1;1;A01
201500058382;0;7;0;0;2;4;2;C01
201500058382;0;7;0;0;2;4;2;B01
201500058382;0;7;0;0;2;4;2;A01
201500058382;0;7;0;0;2;1;2;D01
201500058383;0;7;0;0;1;1;1;A01
201500058384;0;30;0;0;1;1;21;A01
201500058385;0;7;0;0;1;1;20;A01
201500058386;0;7;0;0;2;1;1;A01
201500058386;0;7;0;0;2;8;9;B01
201500058387;0;7;0;0;2;5;15;A01
201500058387;0;33;0;0;2;1;17;B01
201500058388;0;7;0;0;1;1;1;A01
201500058389;0;7;0;0;2;4;17;B01
201500058389;0;7;0;0;2;1;17;A01
201500058389;0;7;0;0;2;4;13;C01
201500058390;0;7;0;0;1;1;1;A01
201500058391;0;7;0;0;1;3;1;A01
201500058391;0;7;0;0;2;1;2;B01
201500058392;0;7;0;0;9;9;12;A01
201500058393;0;7;0;0;2;1;15;B01
201500058393;0;30;0;0;2;1;1;A01
201500058394;0;2;0;0;1;1;1;A01
201500058395;0;7;0;0;2;4;1;A01
201500058395;0;7;0;0;2;1;2;B01
201500058396;0;7;0;0;2;8;15;A01
201500058396;0;33;0;0;2;7;17;B01
201500058397;0;7;0;7;0;9;17;A01
201500058398;0;33;0;12;0;1;1;A01
201500058399;0;30;0;0;1;1;17;A01
201500058400;0;7;0;0;1;1;1;A01
201500058401;0;7;0;0;1;1;1;A01
201500058402;0;32;0;12;0;1;1;A01
201500058403;0;30;0;0;1;1;13;A01
201500058404;0;7;0;0;2;7;1;A01
201500058404;0;33;0;0;2;1;9;B01
201500058405;0;7;0;0;2;5;1;A01
201500058405;0;33;0;0;2;3;21;B01
201500058406;0;30;0;0;2;7;1;A01
201500058406;0;7;0;0;2;8;15;B01
201500058407;0;7;0;0;2;1;21;B01
201500058407;0;7;0;0;2;1;21;C01
201500058407;0;7;0;0;2;4;1;A01
201500058408;0;30;0;0;2;1;17;B01
201500058408;0;7;0;0;2;8;24;A01
201500058408;0;7;0;0;2;8;10;C01
201500058409;0;7;0;0;2;1;1;A01
201500058409;0;33;0;0;2;1;17;B01
201500058410;0;7;0;0;2;1;13;B01
201500058410;0;2;0;0;2;1;1;A01
201500058411;0;7;0;0;1;2;1;A01
201500058412;0;7;0;0;2;3;5;A01
201500058412;0;7;0;0;2;3;1;B01
201500058413;0;7;0;0;0;0;0;C01
201500058413;0;7;0;0;2;1;13;A01
201500058413;0;7;0;0;2;3;24;B01
201500058414;0;7;0;0;2;1;9;B01
201500058414;0;1;0;0;2;4;1;A01
201500058415;0;7;0;0;2;4;1;A01
201500058415;0;7;0;0;2;1;21;B01
201500058416;1;2;0;0;2;1;2;B01
201500058416;0;1;0;0;2;4;1;A01
201500058417;0;2;0;0;2;8;18;B01
201500058417;0;7;0;0;2;7;20;A01
201500058418;0;7;0;0;2;4;1;A01
201500058418;0;7;0;0;2;1;21;B01
201500058419;0;2;0;0;2;1;1;A01
201500058419;0;10;0;0;2;4;9;B01
201500058420;0;7;0;0;2;4;1;A01
201500058420;0;33;0;0;2;1;21;B01
201500058421;0;7;0;0;1;1;1;A01
201500058422;0;7;0;0;2;1;1;A01
201500058422;0;7;0;0;2;1;13;B01
201500058423;0;30;0;0;2;1;1;B01
201500058423;0;7;0;0;2;5;15;A01
201500058424;0;7;0;0;1;1;11;A01
201500058425;0;7;0;0;2;4;20;B01
201500058425;0;7;0;0;2;1;1;A01
201500058426;0;7;0;0;1;1;1;A01
201500058427;0;7;0;0;1;1;1;A01
201500058428;0;7;0;0;2;1;2;B01
201500058428;0;7;0;0;2;4;1;A01
201500058429;0;30;0;0;0;1;0;A01
201500058430;0;30;0;0;9;1;21;A01
201500058431;0;7;0;0;2;8;15;A01
201500058431;0;33;0;0;2;1;17;B01
201500058432;0;30;0;13;0;1;21;A01
201500058433;0;7;0;16;0;0;21;A01
201500058434;0;7;0;0;2;4;1;A01
201500058434;0;7;0;0;2;1;2;B01
201500058435;0;7;0;0;2;1;13;C01
201500058435;0;7;0;0;2;1;1;B01
201500058435;0;7;0;0;2;1;1;A01
201500058436;0;1;0;13;0;1;21;A01
201500058437;0;7;0;0;2;4;1;A01
201500058437;0;7;0;0;2;4;1;C01
201500058437;0;7;0;0;2;1;1;B01
201500058438;0;30;0;14;0;1;0;A01
201500058439;0;33;0;13;0;1;1;A01
201500058440;0;32;0;0;9;2;2;A01
201500058440;0;36;0;0;9;6;0;B01
201500058441;0;7;0;0;2;1;15;B01
201500058441;0;2;0;0;2;8;15;A01
201500058442;0;7;0;0;0;1;13;A01
201500058443;0;7;0;0;1;4;4;A01
201500058444;0;7;0;0;1;8;1;A01
201500058445;0;33;0;0;2;1;1;A01
201500058445;0;7;0;0;2;6;15;B01
201500058446;0;7;0;0;2;1;2;C01
201500058446;0;7;0;0;2;7;0;B01
201500058446;0;1;0;16;0;6;1;A01
201500058447;0;7;0;0;2;4;2;A01
201500058447;0;7;0;0;2;1;2;D01
201500058447;0;7;0;0;2;4;2;C01
201500058447;0;7;0;0;2;4;2;B01
201500058448;0;33;0;0;2;1;2;B01
201500058448;0;7;0;0;2;4;2;A01
201500058449;0;2;0;13;0;1;17;A01
201500058450;0;31;0;0;0;0;14;A01
201500058451;1;30;0;16;0;8;1;A01
201500058452;0;30;0;0;2;0;3;B01
201500058452;0;30;0;0;2;4;2;A01
201500058453;0;7;0;0;1;2;1;A01
201500058454;0;34;0;0;2;1;0;B01
201500058454;0;7;0;14;2;3;9;A01
201500058455;0;7;0;0;2;4;2;A01
201500058455;0;1;0;0;2;4;2;B01
201500058456;0;30;0;11;0;1;0;A01
201500058457;2;2;0;0;2;1;12;A01
201500058457;0;7;0;0;2;8;1;B01
201500058458;1;30;0;0;0;0;0;A01
201500058459;0;7;0;0;1;1;1;A01
201500058460;0;30;0;0;9;7;16;A01
201500058461;0;7;0;0;1;2;2;A01
201500058462;0;30;0;11;0;1;0;A01
201500058463;0;33;0;16;0;0;0;A01
201500058464;0;7;0;0;1;2;19;A01
201500058465;1;30;0;11;0;0;15;A01
201500058466;1;1;0;0;2;7;21;A01
201500058467;0;30;0;0;5;0;0;A01
201500058468;1;30;0;0;2;8;18;A01
201500058469;0;34;0;16;0;0;0;A01
201500058470;0;30;0;0;1;9;21;A01
201500058471;0;30;0;0;1;1;0;A01
201500058472;0;32;0;0;1;7;1;A01
201500058473;0;30;0;0;2;1;2;A01
201500058473;0;7;0;0;2;4;2;B01
201500058474;0;30;0;0;2;1;17;B01
201500058474;0;7;0;0;2;3;1;C01
201500058474;0;30;0;0;2;1;17;A01
201500058475;0;7;0;0;1;1;0;A01
201500058476;0;30;0;11;0;0;0;A01
201500058477;0;7;0;0;1;1;0;A01
201500058478;0;30;0;0;2;1;17;A01
201500058478;0;2;0;0;2;1;0;B01
201500058479;0;7;0;0;1;1;0;A01
201500058480;0;34;0;0;2;2;0;A01
201500058480;0;7;0;0;2;3;15;B01
201500058481;0;30;0;0;1;1;1;A01
201500058482;0;34;0;11;0;0;13;A01
201500058483;0;30;0;0;2;7;1;B01
201500058483;0;7;0;0;2;3;17;A01
201500058484;1;30;0;0;1;0;0;A01
201500058485;0;30;0;1;2;1;14;A01
201500058485;0;7;0;0;2;4;0;B01
201500058486;0;32;0;0;2;0;17;A01
201500058487;0;32;0;0;2;1;13;A01
201500058487;0;7;0;0;2;1;0;B01
201500058488;0;30;0;0;2;4;1;B01
201500058488;0;30;0;0;2;1;1;A01
201500058489;0;30;0;11;0;0;0;A01
201500058490;0;7;0;0;2;3;0;A01
201500058490;0;30;0;0;2;3;17;B01
201500058491;0;7;0;0;1;1;0;A01
201500058492;0;30;0;0;1;1;0;A01
201500058493;0;7;0;0;2;3;9;A01
201500058493;0;30;0;0;2;1;0;B01
201500058494;0;7;0;0;1;1;0;A01
201500058495;1;30;0;0;2;1;13;A01
201500058495;0;30;0;0;2;1;0;B01
201500058496;0;7;0;0;1;2;0;A01
201500058497;0;32;0;0;2;1;2;A01
201500058497;0;7;0;0;2;3;10;B01
201500058498;0;7;0;0;2;7;15;A01
201500058498;0;30;0;0;2;1;0;B01
201500058499;0;7;0;0;2;4;2;A01
201500058499;0;30;0;0;2;0;2;B01
201500058500;0;33;0;0;1;1;0;A01
201500058501;0;7;0;0;2;3;15;A01
201500058501;0;30;0;0;2;1;1;B01
201500058502;0;7;0;0;2;1;2;A01
201500058502;0;30;0;0;0;4;2;B01
201500058503;0;7;0;1;2;4;0;A01
201500058503;0;30;0;1;0;4;0;B01
201500058504;0;7;0;16;0;1;15;A01
201500058505;0;30;0;0;2;1;1;B01
201500058505;1;7;0;0;2;3;15;A01
201500058506;0;7;0;0;2;1;13;A01
201500058506;0;7;0;0;2;1;13;B01
201500058507;0;7;0;11;0;0;0;A01
201500058508;0;30;0;0;2;1;13;A01
201500058508;0;7;0;0;2;3;0;B01
201500058509;0;30;0;0;1;1;14;A01
201500058510;0;7;0;0;1;1;14;A01
201500058511;0;30;0;0;1;1;13;A01
201500058511;0;7;0;0;2;3;1;B01
201500058512;0;30;0;0;2;1;13;A01
201500058512;0;7;0;0;2;1;0;B01
201500058513;0;30;0;0;0;0;14;A01
201500058514;0;7;0;0;2;3;17;A01
201500058514;0;30;0;0;2;1;0;B01
201500058515;1;30;0;0;0;1;0;A01
201500058516;0;7;0;0;1;6;4;A01
201500058517;0;7;0;0;1;3;0;A01
201500058518;0;30;0;0;2;4;2;A01
201500058518;0;7;0;0;2;1;2;B01
201500058519;0;7;0;0;1;1;0;A01
201500058520;1;2;0;0;2;1;2;A01
201500058520;0;30;0;0;2;8;10;B01
201500058521;1;7;0;0;2;4;2;A01
201500058521;0;30;0;0;2;1;2;B01
201500058522;0;7;0;0;2;5;17;A01
201500058522;0;2;0;0;2;1;2;B01
201500058523;0;7;0;0;1;3;1;A01
201500058524;0;30;0;0;9;1;19;A01
201500058524;0;1;0;0;2;7;19;B01
201500058525;0;32;0;0;0;1;1;A01
201500058526;0;7;0;0;2;3;1;A01
201500058526;0;7;0;0;2;1;13;B01
201500058527;0;7;0;0;2;3;17;A01
201500058527;0;7;0;0;2;4;1;B01
201500058527;0;30;0;0;2;1;1;C01
201500058528;0;15;0;0;2;0;1;A01
201500058528;0;30;0;11;0;1;1;B01
201500058529;0;7;0;0;2;2;2;A01
201500058529;1;30;0;0;2;1;9;B01
201500058530;0;7;0;0;2;3;13;A01
201500058530;0;7;0;0;2;1;1;B01
201500058531;1;7;0;0;2;3;17;A01
201500058531;0;34;0;0;2;1;15;B01
201500058532;0;30;0;0;1;1;1;A01
201500058533;0;7;0;0;1;1;1;A01
201500058534;0;7;0;0;1;1;1;A01
201500058535;0;2;0;0;2;1;17;A01
201500058535;0;7;0;0;2;3;2;B01
201500058536;0;7;0;0;1;1;15;A01
201500058537;0;7;0;0;0;0;15;A01
201500058538;0;31;0;0;2;1;1;A01
201500058538;0;30;0;0;2;8;19;B01
201500058539;0;7;0;0;1;1;1;A01
201500058540;0;10;0;0;2;7;14;A01
201500058540;0;30;0;0;2;7;1;B01
201500058541;0;7;0;0;0;1;14;A01
201500058542;0;32;0;0;2;3;1;A01
201500058542;0;7;0;0;2;2;15;B01
201500058543;0;30;0;0;2;1;13;B01
201500058543;0;7;0;0;2;3;1;A01
201500058544;0;7;0;0;0;9;14;A01
201500058545;0;30;0;15;0;8;13;A01
201500058546;0;7;0;0;1;1;1;A01
201500058547;0;31;0;0;2;1;1;A01
201500058547;0;7;0;0;2;4;1;B01
201500058548;0;7;0;7;0;9;1;A01
201500058549;0;7;0;0;2;1;13;A01
201500058549;0;7;0;0;2;1;1;B01
201500058550;0;33;0;0;6;1;17;A01
201500058551;0;7;0;0;2;1;1;A01
201500058552;1;7;0;0;2;2;10;B01
201500058552;0;30;0;0;2;1;1;A01
201500058553;0;7;0;0;1;8;1;A01
201500058554;0;7;0;0;1;8;0;A01
201500058555;0;30;0;0;1;1;1;A01
201500058556;0;30;0;0;1;1;1;A01
201500058557;0;2;0;0;2;1;13;A01
201500058557;0;7;0;0;2;1;1;B01
201500058558;0;32;0;0;2;8;15;B01
201500058558;0;7;0;0;2;8;15;A01
201500058559;0;7;0;0;2;3;15;A01
201500058559;0;30;0;0;2;1;1;B01
201500058560;0;30;0;0;2;4;17;A01
201500058560;0;30;0;0;2;1;1;B01
201500058561;0;7;0;0;2;3;15;A01
201500058561;0;32;0;0;2;1;17;B01
201500058562;0;7;0;0;1;1;1;A01
201500058563;0;7;0;0;1;1;1;A01
201500058564;0;30;0;0;1;1;13;A01
201500058565;0;7;0;0;1;2;1;A01
201500058566;0;30;0;0;2;1;17;A01
201500058566;0;7;0;0;2;3;15;B01
201500058567;0;31;0;7;1;2;14;A01
201500058568;0;7;0;0;0;1;13;A01
201500058569;0;7;0;0;1;1;16;A01
201500058570;1;7;0;0;2;2;10;A01
201500058570;0;30;0;0;2;1;1;B01
201500058571;0;7;0;0;2;1;1;A01
201500058571;0;30;0;0;2;4;23;B01
201500058572;0;30;0;0;2;1;17;A01
201500058572;0;30;0;0;2;8;0;B01
201500058573;0;30;0;0;2;1;13;A01
201500058573;0;13;0;0;2;1;1;B01
201500058574;0;7;0;0;1;2;14;A01
201500058575;0;30;0;0;0;0;1;A01
201500058576;0;10;0;0;1;2;1;A01
201500058577;1;30;0;0;2;1;13;B01
201500058577;0;30;0;0;2;1;1;A01
201500058578;0;30;0;0;1;1;1;A01
201500058579;0;30;0;0;5;1;1;A01
201500058580;0;30;0;0;2;1;9;A01
201500058580;0;32;0;0;2;3;1;B01
201500058581;0;30;0;0;2;1;1;A01
201500058581;0;7;0;0;2;3;15;B01
201500058582;1;30;0;14;0;0;0;A01
201500058583;0;7;0;0;1;1;1;A01
201500058584;0;1;0;0;9;1;2;A01
201500058584;0;1;0;0;9;4;1;B01
201500058585;0;31;0;0;2;1;2;A01
201500058585;0;7;0;0;2;6;2;B01
201500058586;0;30;0;0;1;1;1;A01
201500058587;0;7;0;0;2;2;14;A01
201500058587;0;2;0;0;2;3;1;B01
201500058588;0;7;0;0;1;2;1;A01
201500058589;0;30;0;14;0;0;13;A01
201500058590;0;7;0;0;2;3;15;A01
201500058590;0;30;0;0;2;1;17;B01
201500058591;0;30;0;0;2;3;17;A01
201500058591;0;7;0;0;2;3;1;B01
201500058592;0;7;0;0;2;7;13;A01
201500058592;0;7;0;0;2;1;1;B01
201500058593;0;32;0;16;0;7;1;A01
201500058594;0;7;0;0;2;6;15;A01
201500058594;0;30;0;0;2;1;1;B01
201500058595;0;7;0;0;2;3;15;A01
201500058595;0;30;0;0;2;1;1;B01
201500058596;0;32;0;16;0;8;14;A01
201500058597;0;7;0;0;1;2;1;A01
201500058598;1;7;0;0;2;0;0;A01
201500058598;0;32;0;0;2;8;0;B01
201500058599;0;7;0;0;2;1;17;A01
201500058599;0;31;0;0;2;1;1;B01
201500058600;1;7;0;0;2;3;13;A01
201500058600;0;30;0;0;2;1;1;B01
201500058601;0;7;0;0;1;2;1;A01
201500058602;0;30;0;0;1;1;1;A01
201500058603;0;7;0;0;1;2;1;A01
201500058604;0;30;0;11;0;1;13;A01
201500058605;0;30;0;16;0;0;0;A01
201500058606;1;30;0;0;2;4;1;A01
201500058606;0;7;0;0;2;1;1;B01
201500058607;1;7;0;0;1;1;1;A01
201500058608;0;7;0;0;1;3;1;A01
201500058609;0;30;0;0;2;8;10;A01
201500058609;0;2;0;0;2;1;17;B01
201500058610;0;30;0;0;2;8;1;B01
201500058610;0;7;0;0;2;1;9;A01
201500058611;0;7;0;16;0;3;0;A01
201500058611;0;1;0;14;2;1;17;B01
201500058612;0;33;0;16;2;1;1;A01
201500058612;0;7;0;16;2;4;1;B01
201500058613;0;7;0;16;2;2;15;A01
201500058613;0;30;0;16;2;1;1;B01
201500058614;0;7;0;0;2;3;1;A01
201500058614;0;30;0;0;2;1;13;B01
201500058615;0;30;0;14;0;8;1;A01
201500058616;0;15;0;0;9;2;14;A01
201500058616;0;1;0;0;2;1;1;B01
201500058617;0;33;0;0;2;1;17;A01
201500058617;0;32;0;0;2;1;1;B01
201500058618;0;30;0;0;2;7;17;A01
201500058618;0;7;0;0;2;3;1;B01
201500058619;0;30;0;0;9;1;17;A01
201500058619;0;7;0;0;2;3;1;B01
201500058620;0;30;0;0;2;1;1;A01
201500058620;0;7;0;0;2;4;1;B01
201500058621;0;7;0;0;1;3;13;A01
201500058622;0;7;0;0;2;3;10;A01
201500058622;0;30;0;0;2;1;1;B01
201500058623;0;30;0;0;2;1;13;A01
201500058623;0;7;0;0;2;2;9;B01
201500058624;0;32;0;0;2;1;13;A01
201500058624;0;7;0;0;2;1;1;B01
201500058625;0;30;0;0;1;1;1;A01
201500058626;0;1;0;0;1;1;0;A01
201500058627;0;30;0;0;2;1;1;A01
201500058627;0;7;0;0;2;4;4;B01
201500058628;0;7;0;0;2;5;1;A01
201500058628;0;30;0;0;2;1;1;B01
201500058629;0;1;0;1;0;1;15;A01
201500058629;0;7;0;0;2;6;0;B01
201500058630;0;30;0;0;2;1;17;A01
201500058630;0;7;0;0;2;3;15;B01
201500058631;0;7;0;0;1;3;1;A01
201500058632;0;7;0;0;1;3;1;A01
201500058633;0;32;0;0;2;1;2;A01
201500058633;0;7;0;0;2;4;2;B01
201500058634;0;32;0;0;2;1;17;A01
201500058634;0;30;0;0;2;1;1;B01
201500058635;0;30;0;16;0;7;0;A01
201500058636;0;32;0;0;2;8;13;A01
201500058637;0;30;0;0;2;7;0;A01
201500058637;0;7;0;0;2;2;15;B01
201500058638;0;7;0;0;1;3;1;A01
201500058639;0;32;0;0;2;1;17;A01
201500058639;0;7;0;0;2;3;15;B01
201500058640;0;7;0;0;1;3;1;A01
201500058641;0;7;0;0;1;3;1;A01
201500058642;0;7;0;0;2;6;10;A01
201500058642;0;31;0;0;2;1;1;B01
201500058643;0;2;0;0;2;1;1;A01
201500058643;0;30;0;0;2;4;0;B01
201500058643;0;30;0;0;2;1;1;C01
201500058644;0;7;0;0;2;3;13;A01
201500058644;0;30;0;0;2;1;1;B01
201500058645;0;32;0;0;1;1;1;A01
201500058646;0;2;0;0;1;1;1;A01
201500058647;0;7;0;0;2;1;13;A01
201500058647;0;7;0;0;2;1;1;B01
201500058648;0;15;0;0;2;7;15;A01
201500058648;0;1;0;0;2;8;15;B01
201500058649;0;30;0;16;0;7;1;A01
201500058650;0;30;0;11;0;7;14;A01
201500058651;0;7;0;0;1;1;1;A01
201500058652;1;7;0;0;2;1;17;A01
201500058652;1;30;0;0;2;1;1;B01
201500058653;0;7;0;0;1;2;1;A01
201500058654;0;30;0;0;2;1;1;A01
201500058654;0;10;0;0;9;4;1;B01